X,Y,OBJECTID,DESCRIP15,BUSINESS15,USECLASS15,CVR15_POST,EASTING,NORTHING,ADDRESS
327218,674307,1,stoves,BONK & CO LTD,Class 1,EH8 8HH,327218,674307,2/2 ABBEY LANE
326794,673934,2,restaurant,Caf‚ at the Palace,Class 3, ,326794,673934, 
326799,673898,3,souvenirs,Queen's Gallery Shop,Class 1,EH8 8DU,326799,673898,9(GF) ABBEY STRAND
326818,674116,4,vacant,vacant,Vacant,EH8 8EA,326818,674116,55 ABBEYHILL
328373,674066,5,cloth printing,Click Printwear,Class 2,EH8 7DE,328373,674066,4 ABERCORN ROAD
325555,674409,6,restaurant,Karens Unicorn,Class 3,EH3 6LB,325555,674409,8B ABERCROMBY PLACE
327066,675876,7,vacant,vacant,Vacant,EH6 7EF,327066,675876,4 ACADEMY STREET
325684,673670,8,restaurant / public house,The Devil's Advocate,Class 3,EH1 1PS,325684,673670,"9 ADVOCATES CLOSE, ( 357 HIGH STREET )"
325605,674391,9,public house,The Magnum,SUI GENERIS,EH1 3PY,325605,674391,1 ALBANY STREET
325662,674407,10,medals and engravers,Alex Kirkwood and Sons,Class 1,EH1 3PY,325662,674407,13(GF) ALBANY STREET
325597,674420,11,hairdresser,Charles Kivlin Hair Studio,Class 1,EH1 3QB,325597,674420,2 ALBANY STREET
325600,674422,12,Designer clothing,Serap Couture,Class 1,EH1 3QB,325600,674422,4 ALBANY STREET
326504,675015,13,Restaurant,Golden Ambal,Class 3,EH7 5HN,326504,675015,1 ALBERT PLACE
326499,675009,14,hairdresser,Helen Dean,Class 1,EH7 5HN,326499,675009,3 ALBERT PLACE
326497,675005,15,restaurant & hot food take-away,Eastern Masala,Class 3,EH7 5HN,326497,675005,4 ALBERT PLACE
326488,674992,16,Financial services,Albert Business Centre,Class 4,EH7 5HN,326488,674992,5 ALBERT PLACE
326493,674999,17,grocer,Star Premier,Class 1,EH7 5HN,326493,674999,7-8 ALBERT PLACE
326485,674988,18,sandwich bar,Sandwich Express,Class 1,EH7 5HN,326485,674988,9 ALBERT PLACE
326483,674985,19,Gifts,Bharsa Boutique,Class 1,EH7 5HN,326483,674985,10 ALBERT PLACE
326480,674981,20,hot food take-away,Silver Bowl,SUI GENERIS,EH7 5HN,326480,674981,12 ALBERT PLACE
326477,674977,21,travel agent,Airlink Travel (Scotland) Ltd.,Class 1,EH7 5HN,326477,674977,13 ALBERT PLACE
326473,674972,22,restaurant,The Tail End,Class 3,EH7 5HN,326473,674972,14-15 ALBERT PLACE
326467,674963,23,public house,Black Fox,SUI GENERIS,EH7 5HN,326467,674963,17 ALBERT PLACE
326470,674951,24,sauna,Sauna,Class 11,EH7 5HN,326470,674951,18 ALBERT PLACE
326460,674956,25,e-cigarettes,Haze Vapours,Class 1,EH7 5HN,326460,674956,20 ALBERT PLACE
326458,674953,26,mobile phones,Urban Tech,Class 1,EH7 5HN,326458,674953,21-22 ALBERT PLACE
326456,674950,27,clothing alterations,Tailor,Class 1,EH7 5HN,326456,674950,25 ALBERT PLACE
326453,674947,28,Financial Services,Smart Buzz,Class 4,EH7 5HN,326453,674947,26 ALBERT PLACE
326451,674943,29,nail salon,Glam,Class 1,EH7 5HN,326451,674943,27 ALBERT PLACE
326448,674940,30,hairdresser,The Cutting Room,Class 1,EH7 5HN,326448,674940,28 ALBERT PLACE
326442,674932,31,caf‚,Fair Trade Coffe Shop,Class 3,EH7 5HN,326442,674932,30-31 ALBERT PLACE
326517,675014,32,caf‚,Word of Mouth,Class 3,EH7 5HL,326517,675014,3A ALBERT STREET
326636,675006,33,chartered surveys,Randall Associates,Class 4,EH7 5LH,326636,675006,21 ALBERT STREET
326656,675005,34,grocer,Rajjah's Supermarket,Class 1,EH7 5LH,326656,675005,33 ALBERT STREET
326680,675004,35,estate agents,W.W. & J. Borland,Class 2,EH7 5LN,326680,675004,45 ALBERT STREET
326978,674989,36,vacant,vacant,Vacant,EH7 5LY,326978,674989,101 ALBERT STREET
326544,675038,37,vacant,vacant,Vacant, ,326544,675038, 
326547,675038,38,vacant,vacant,Vacant,EH7 5LG,326547,675038,10 ALBERT STREET
326554,675038,39,baker,Sicilian Pastry Shop,Class 1,EH7 5LG,326554,675038,14-16 ALBERT STREET
326563,675037,40,grocer,Ben Stores,Class 1,EH7 5LG,326563,675037,18-20 ALBERT STREET
326569,675037,41,hot food take-away,Khyber Kebabs,SUI GENERIS,EH7 5LG,326569,675037,24 ALBERT STREET
326572,675037,42,butcher,Graham Cherrie,Class 1,EH7 5LG,326572,675037,26 ALBERT STREET
326581,675042,43,architect,Icosis,Class 4,EH7 5LG,326581,675042,28 ALBERT STREET
326581,675042,44,hot food take-away,Juding,SUI GENERIS,EH7 5LG,326581,675042,30 ALBERT STREET
326581,675042,45,vacant,vacant,Vacant,EH7 5LG,326581,675042,34 ALBERT STREET
326861,675020,46,stonemason,Stone Restore,Class 4,EH7 5LT,326861,675020,144 ALBERT STREET
326870,675019,47,vacant,vacant,Vacant, ,326870,675019, 
326883,675019,48,vacant,vacant,Vacant, ,326883,675019, 
326913,675017,49,n/t/c,S & J Albert Stores,Class 1,EH7 5NA,326913,675017,160 ALBERT STREET
326919,675017,50,computer networks,Red Triangle Solutions,Class 4,EH7 5NA,326919,675017,162 ALBERT STREET
326969,675014,51,building insulation (storage only),Holt Insulation Ltd.,Class 4,EH7 5NA,326969,675014,176 ALBERT STREET
326979,675014,52,public house,The Office,SUI GENERIS,EH7 5NA,326979,675014,180 ALBERT STREET
327012,674930,53,football shop,The Football Programme Shop,Class 1,EH7 5QJ,327012,674930,5 ALBION ROAD
327028,674935,54,take away food,Smokey Jim's,Class 1,EH7 5QJ,327028,674935,11 ALBION ROAD
327033,674936,55,second hand shop,Good Old Days Vintage,Class 1,EH7 5QJ,327033,674936,13 ALBION ROAD
327199,674945,56,grocer (lic.),Day-Today Express,Class 1,EH7 5QP,327199,674945,49 ALBION ROAD
327179,674924,57,car sales,Albion Road Garage,SUI GENERIS,EH7 5QU,327179,674924,36-36A ALBION ROAD
327183,674919,58,car sales,Albion Road Garage,SUI GENERIS,EH7 5QU,327183,674919,38 ALBION ROAD
327185,674913,59,massage parlour,Scorpio Leisure,Class 11,EH7 5QU,327185,674913,42-44 ALBION ROAD
327227,674852,60,grocer,Lifestyle Stop & Shop,Class 1,EH7 5QZ,327227,674852,52 ALBION ROAD
327234,674848,61,vacant,vacant,Vacant,EH7 5QZ,327234,674848,56 ALBION ROAD
327238,674846,62,vacant,vacant,Vacant,EH7 5QZ,327238,674846,58 ALBION ROAD
322562,672191,63,Cafe and craft shop,Greenshoots,SUI GENERIS,EH11 2RH,322562,672191,8 ALEXANDER DRIVE
322308,670980,64,surveyors & estate agents,Davidson & Robertson,Class 4,EH14 1LD,322308,670980,1 ALLAN PARK ROAD
324555,673727,65,restaurant,Edinburgh Larder,Class 3,EH2 4PH,324555,673727,1A ALVA STREET
324528,673698,66,vacant,vacant,Vacant, ,324528,673698, 
324467,673639,67,beauty salon,Claire's Beauty and Health,Class 1,EH2 4PS,324467,673639,33 ALVA STREET
324453,673658,68,ladies clothing,Bri Boutique,Class 1,EH2 4PY,324453,673658,34-34B ALVA STREET
324943,672296,69,bicycles,Edinburgh Bicycle Co-operative,Class 1,EH9 1DU,324943,672296,5-11 ALVANLEY TERRACE
325990,676930,70,public house,Prom Bar,SUI GENERIS,EH6 4JG,325990,676930,2-3 ANCHORFIELD
325986,676931,71,vacant,vacant,Vacant,EH6 4JG,325986,676931,5 ANCHORFIELD
325981,676932,72,hot food take-away,Newhaven Express,SUI GENERIS,EH6 4JG,325981,676932,6 ANCHORFIELD
325976,676933,73,vacant,vacant,Vacant,EH6 4JG,325976,676933,7 ANCHORFIELD
325971,676934,74,caf‚,The Haven,Class 3,EH6 4JG,325971,676934,9 ANCHORFIELD
323653,672446,75,public house,The Diggers,SUI GENERIS,EH11 2JX,323653,672446,1-3 ANGLE PARK TERRACE
323650,672442,76,electrician & plumber,AEIS,Class 4,EH11 2JX,323650,672442,5 ANGLE PARK TERRACE
323646,672437,77,office,n/a,Class 4,EH11 2JX,323646,672437,7 ANGLE PARK TERRACE
323639,672429,78,furniture,Sofa and Stuff,Class 1,EH11 2JX,323639,672429,(8) ANGLE PARK TERRACE
323524,672303,79,public house,Caledonian Sample Room,SUI GENERIS,EH11 2JR,323524,672303,58 ANGLE PARK TERRACE
323504,672289,80,n/t/c / grocer,Angle Park Convienence store,Class 1,EH11 2JR,323504,672289,60 ANGLE PARK TERRACE
323501,672286,81,workwear,Red Lemon,Class 1,EH11 2JR,323501,672286,62 ANGLE PARK TERRACE
323498,672284,82,vacant,vacant,Vacant,EH11 2JR,323498,672284,64 ANGLE PARK TERRACE
323533,672287,83,upholsterer,Irvine Upholsterers,Class 4,EH11 2JP,323533,672287,76 ANGLE PARK TERRACE
323555,672302,84,funeral directors,Scotmid Funeral Directors,Class 1,EH11 2JP,323555,672302,(78) ANGLE PARK TERRACE
326198,674751,85,car hire,Entreprise,SUI GENERIS,EH7 4AN,326198,674751,12 ANNANDALE STREET
325926,676939,86,hot food take-away (Indian),Open Spice,SUI GENERIS,EH6 4JF,325926,676939,3 ANNFIELD
325886,676945,87,public house,The Annfield,SUI GENERIS,EH6 4JF,325886,676945,10 ANNFIELD
326088,674489,88,restaurant,Pomegranate,Class 3,EH1 3NH,326088,674489,1 ANTIGUA STREET
326091,674494,89,hot food take-away,Deep Sea Fish & Chips,SUI GENERIS,EH1 3NH,326091,674494,2 ANTIGUA STREET
326096,674503,90,restaurant,Mama Roma,Class 3,EH1 3NH,326096,674503,4-7 ANTIGUA STREET
326107,674521,91,pictures & picture framing,L. Freedman,Class 1,EH1 3NH,326107,674521,8 ANTIGUA STREET
326108,674523,92,restaurant (Asian) opening soon,Ada,Class 3,EH1 3NH,326108,674523,9A ANTIGUA STREET
326112,674531,93,restaurant (indian),Kushis,Class 3,EH1 3NH,326112,674531,10-11 ANTIGUA STREET
326119,674544,94,restaurant,Caf‚ Marlayne,Class 3,EH1 3NH,326119,674544,13 ANTIGUA STREET
326122,674549,95,fitness equipment,Powerhouse,Class 1,EH1 3NH,326122,674549,14 ANTIGUA STREET
323509,672457,96,bank,Bank of Scotland / HBOS,Class 2,EH11 2JN,323509,672457,1(GF) ARDMILLAN TERRACE
323508,672448,97,hairdresser,Natisse Hairdressing,Class 1,EH11 2JN,323508,672448,2 ARDMILLAN TERRACE
323507,672438,98,chemist,Springwell Pharmacy,Class 1,EH11 2JN,323507,672438,3 ARDMILLAN TERRACE
323492,672283,99,chimney sweep,Auld Reekie,Class 4,EH11 2JW,323492,672283,24 ARDMILLAN TERRACE
323492,672279,100,"trophies, engraving",Activity Awards,Class 1,EH11 2JW,323492,672279,25 ARDMILLAN TERRACE
325660,672360,101,public house,Argyle Bar/The Hide,SUI GENERIS,EH9 1JJ,325660,672360,15-17 ARGYLE PLACE
325661,672340,102,greengrocer,Nadia's Fruit Market,Class 1,EH9 1JJ,325661,672340,18 ARGYLE PLACE
325660,672347,103,hairdresser,Cheryl Irvine,Class 1,EH9 1JJ,325660,672347,20 ARGYLE PLACE
325661,672353,104,vacant,vacant,Vacant,EH9 1JJ,325661,672353,21 ARGYLE PLACE
325660,672364,105,physiotherapy,Bodywell,Class 1,EH9 1JJ,325660,672364,22 ARGYLE PLACE
325660,672368,106,wholefoods,The New Leaf,Class 1,EH9 1JJ,325660,672368,23 ARGYLE PLACE
325660,672379,107,vacant,vacant,Vacant,EH9 1JJ,325660,672379,25-28 ARGYLE PLACE
325660,672390,108,bicycle repairs & accessories,Bicycle Works,Class 1,EH9 1JJ,325660,672390,30 ARGYLE PLACE
325659,672417,109,professional services,Helen Lucas / The Roberts Partnership/ David Narro etc.,Class 4,EH9 1JT,325659,672417,31 ARGYLE PLACE
325659,672442,110,architects,Burgess Adams,Class 4,EH9 1JT,325659,672442,38 ARGYLE PLACE
325659,672447,111,cafe,Meadowlark Cafe,Class 3,EH9 1JT,325659,672447,39 ARGYLE PLACE
325659,672456,112,health food,Meadowlark,Class 1,EH9 1JT,325659,672456,40 ARGYLE PLACE
325659,672462,113,chartered accountant,Tang & Co,Class 2,EH9 1JT,325659,672462,41 ARGYLE PLACE
325658,672469,114,yoga studio,Meadowlark,Class 1, ,325658,672469, 
323351,671720,115,office,n/a,Class 4, ,323351,671720, 
323343,671729,116,hairdresser,Dian Ward Hairdressing,Class 1,EH11 1RF,323343,671729,1E ASHLEY TERRACE
323340,671732,117,photographer,Klaklack Design & Photography,Class 2,EH11 1RF,323340,671732,1F ASHLEY TERRACE
323260,671820,118,n/t/c & grocer,M.A's Newsagents,Class 1,EH11 1RE,323260,671820,29-30 ASHLEY TERRACE
323256,671823,119,soft furnishings,James Aird,Class 1,EH11 1RE,323256,671823,32 ASHLEY TERRACE
323253,671826,120,architects,SHS Burbridge Architects,Class 4,EH11 1RE,323253,671826,33 ASHLEY TERRACE
323250,671831,121,gallery,n/a,Class 1,EH11 1RE,323250,671831,34 ASHLEY TERRACE
323247,671834,122,letting agent,Craigflower Lettings,Class 2,EH11 1RE,323247,671834,36 ASHLEY TERRACE
323259,671855,123,hairdresser,Colbalt Hair,Class 1,EH11 1RY,323259,671855,37 ASHLEY TERRACE
323262,671852,124,beauty salon,Revive Beauty,Class 1,EH11 1RY,323262,671852,39 ASHLEY TERRACE
323264,671849,125,recruitment agency,Fintec,Class 2,EH11 1RY,323264,671849,40 ASHLEY TERRACE
323269,671845,126,chartered accountants,Owen and Co,Class 2,EH11 1RY,323269,671845,41 ASHLEY TERRACE
323271,671841,127,florist,Pollination,Class 1,EH11 1RY,323271,671841,42 ASHLEY TERRACE
323274,671838,128,hairdresser,Kharma Hair,Class 1,EH11 1RY,323274,671838,44 ASHLEY TERRACE
323277,671835,129,sandwich bar,Blueberry Hill,Class 1,EH11 1RY,323277,671835,45 ASHLEY TERRACE
323283,671828,130,grocer,Margiotta,Class 1,EH11 1RY,323283,671828,46-50 ASHLEY TERRACE
327340,676406,131,restaurant (Mongolian),Khublai Khan's Barbecue,Class 3,EH6 7BQ,327340,676406,43 ASSEMBLY STREET
324313,673395,132,restaurant (Chinese),China Town,Class 3,EH3 8HP,324313,673395,3 ATHOLL PLACE
324284,673373,133,engineers,Blackwood Partnership,Class 4, ,324284,673373, 
324263,673358,134,tattoo artist,The Devil's Scribe,Class 1, ,324263,673358, 
324259,673349,135,solicitors (family and criminal law),Hughes Walker Solicitors,Class 4,EH3 8HP,324259,673349,13 ATHOLL PLACE
330161,673983,136,computer centre,Standard Life,Class 4,EH15 1ET,330161,673983,11 BAILEYFIELD CRESCENT
330130,673616,137,leisure centre,Party Planet,Class 11,EH15 1NA,330130,673616,39 BAILEYFIELD ROAD
313965,670821,138,doctors surgery,Ratho Surgery,Class 2, ,313965,670821, 
313929,670873,139,public house,Bridge Inn,SUI GENERIS,EH28 8RU,313929,670873,27 BAIRD ROAD
324685,674512,140,cheesemonger,Ian J. Mellis,Class 1,EH3 6SY,324685,674512,6 BAKER'S PLACE
324683,674513,141,caf‚,Stockbridge Kitchen,Class 3,EH3 6SY,324683,674513,7 BAKER'S PLACE
324681,674515,142,coffee shop,Starbucks,Class 3,EH3 6SY,324681,674515,8-10 BAKER'S PLACE
324347,670946,143,education,Counselling Office,Class 2,EH10 5JB,324347,670946,8 BALCARRES STREET
326665,675370,144,personal trainer,Griffen fitness,Class 11,EH6 5BY,326665,675370,3 BALFOUR STREET
326594,675469,145,grocer & n/t/c,A M Licensed Grocer,Class 1,EH6 5DQ,326594,675469,29 BALFOUR STREET
326629,675471,146,dental laboratory,Dental Lab,Class 2, ,326629,675471, 
322254,671986,147,computer repair,Renewit,Class 2,EH11 2RZ,322254,671986,191 BALGREEN ROAD
322255,671983,148,hot food take-away (Chinese),B.M.,SUI GENERIS,EH11 2RZ,322255,671983,193 BALGREEN ROAD
322257,671979,149,sandwich bar,Kimmy's Caf‚,Class 1,EH11 2RZ,322257,671979,195 BALGREEN ROAD
322258,671975,150,hairdresser,Beauteous,Class 1,EH11 2RZ,322258,671975,197 BALGREEN ROAD
322262,671968,151,Community Centre,Turkish Community Centre,Class 1,EH11 2RZ,322262,671968,199 BALGREEN ROAD
322264,671964,152,hot food take-away,Balgreen Fryer Fish Bar,SUI GENERIS,EH11 2RZ,322264,671964,203 BALGREEN ROAD
322274,671945,153,performing arts centre,MGA Academy of Performance Arts,Class 4, ,322274,671945, 
322286,671918,154,vacant,vacant,Vacant,EH11 2RZ,322286,671918,213 BALGREEN ROAD
322289,671914,155,Landscape Architect,John Richards Landscape Architect,Class 4,EH11 2RZ,322289,671914,215 BALGREEN ROAD
322291,671910,156,fire and security,I Fire,Class 2,EH11 2RZ,322291,671910,219 BALGREEN ROAD
322299,671906,157,betting shop,William Hill,Class 2,EH11 2RZ,322299,671906,221-223 BALGREEN ROAD
322308,671907,158,vacant,vacant,Vacant,EH11 2RZ,322308,671907,229 BALGREEN ROAD
322023,672317,159,hot food take-away (Chinese),Lucky Star,SUI GENERIS,EH11 3AU,322023,672317,154 BALGREEN ROAD
322028,672311,160,charity office,Downs Syndrome Scotland,Class 2,EH11 3AU,322028,672311,158-160 BALGREEN ROAD
322034,672304,161,hairdresser,Senga's,Class 1,EH11 3AU,322034,672304,164 BALGREEN ROAD
322040,672297,162,grocer / post office,U Save / post office,Class 1,EH11 3AU,322040,672297,166 BALGREEN ROAD
322046,672290,163,n/t/c,Pasha's,Class 1,EH11 3AU,322046,672290,170 BALGREEN ROAD
327438,676431,164,lighting design,Kevin Shaw Lighting Design,Class 4,EH6 7BW,327438,676431,4 BALTIC STREET
326638,676248,165,sports masseuse,Jonathon Martin,Class 11,EH6 5JY,326638,676248,3 BANGOR ROAD
326466,676068,166,knitwear,James Pringle Shopping Warehouse (Edinburgh Woollen Mill),Class 1,EH6 5JU,326466,676068,70-74 BANGOR ROAD
325584,673632,167,"home entertainment, tapes, cds",Coda Music,Class 1,EH1 2LN,325584,673632,12 BANK STREET
325591,673632,168,caf‚ (specialist tea),Chatime,Class 3,EH1 2LN,325591,673632,14 BANK STREET
325593,673625,169,caf‚,Itailian on Mound,SUI GENERIS,EH1 2LN,325593,673625,15 BANK STREET
325594,673618,170,caf‚,Zebra Coffee Co.,Class 3,EH1 2LN,325594,673618,16 BANK STREET
325596,673611,171,souvenirs,I Love Scotland,Class 1,EH1 2LN,325596,673611,17-20 BANK STREET
325557,673630,172,restaurant,The Markar's Rest,Class 3,EH1 2LP,325557,673630,9 BANK STREET NORTH
319420,670788,173,bank,Bank of Scotland,Class 2,EH11 4HD,319420,670788,10 BANKHEAD AVENUE
319400,670798,174,bank,Clydesdale Bank,Class 2,EH11 4HD,319400,670798,12 BANKHEAD AVENUE
319435,671292,175,wholesale cash and carry warehouse,Makro,Class 1,EH11 4EA,319435,671292,50 BANKHEAD AVENUE
318809,671019,176,hot food takeaway,Food to Go,SUI GENERIS,EH11 4XX,318809,671019,(99A) BANKHEAD CROSSWAY NORTH
319184,671168,177,gas appliances,Calor Shop,Class 1,EH11 4BP,319184,671168,6K BANKHEAD CROSSWAY NORTH
318829,670904,178,hot food takeaway,Maggie's Snack Bar,SUI GENERIS,EH11 4EP,318829,670904,56(A) BANKHEAD CROSSWAY SOUTH
319011,670596,179,floor & wall tile warehouse,Topps Tiles,Class 1,EH11 4HH,319011,670596,2/1 BANKHEAD DRIVE
319003,670630,180,flooring warehouse,Direct Flooring,Class 1,EH11 4HH,319003,670630,2/3 BANKHEAD DRIVE
318998,670645,181,vacant,vacant,Vacant,EH11 4HH,318998,670645,2/4 BANKHEAD DRIVE
318989,670676,182,hairdressing retail warehouse,Capital Hair & Beauty,Class 1,EH11 4HH,318989,670676,2/6 BANKHEAD DRIVE
318682,671249,183,car showroom,Arnold Clark,SUI GENERIS,EH11 4DJ,318682,671249,16-18 BANKHEAD DRIVE
319253,671093,184,furniture,Shapes,Class 1,EH11 4BY,319253,671093,1-3 BANKHEAD MEDWAY
324912,672580,185,public house,Henrick's,SUI GENERIS,EH10 4HW,324912,672580,1-3 BARCLAY PLACE
324905,672567,186,restaurant,The Apartment,Class 3,EH10 4HW,324905,672567,7-13 BARCLAY PLACE
324903,672562,187,health clinic,Bruntsfield Physiotherapy,Class 1, ,324903,672562, 
324882,672523,188,petrol filling station and shop,Jet / MRH Retail,Class 1,EH10 4HW,324882,672523,21(02)-23 BARCLAY PLACE
324880,672520,189,bike reparis,Pedals,Class 1,EH10 4HW,324880,672520,39 BARCLAY PLACE
324878,672518,190,solicitors & estate agents,Thomas H.G. Stewart,Class 2,EH10 4HW,324878,672518,41 BARCLAY PLACE
324875,672511,191,clothing (ladies),Totty Rocks,Class 1,EH10 4HW,324875,672511,45-47 BARCLAY PLACE
324871,672505,192,electrical goods / electricians,William Watt,Class 1,EH10 4HW,324871,672505,49 BARCLAY PLACE
324872,672501,193,hairdresser (gents),Sirs Barber,Class 1,EH10 4HP,324872,672501,2 BARCLAY TERRACE
324875,672499,194,clothing (vintage),Fantouche Vintage,Class 1,EH10 4HP,324875,672499,3 BARCLAY TERRACE
324878,672497,195,architects,Matson Henderson Architects,Class 4,EH10 4HP,324878,672497,5 BARCLAY TERRACE
324882,672496,196,musical instruments,Gordon Stevenson Violins,Class 1,EH10 4HP,324882,672496,6 BARCLAY TERRACE
324884,672494,197,cafe,Black Medicine Coffee Co.,Class 3,EH10 4HP,324884,672494,7-8 BARCLAY TERRACE
324892,672491,198,vacant,vacant,Vacant,EH10 4HP,324892,672491,10 BARCLAY TERRACE
324894,672490,199,child care services,Skool Is Out,Class 10,EH10 4HP,324894,672490,11 BARCLAY TERRACE
324897,672488,200,restaurant,Katie's Diner,Class 3,EH10 4HP,324897,672488,12 BARCLAY TERRACE
325804,674545,201,caf‚ / bar,Port of Siam,SUI GENERIS, ,325804,674545, 
325801,674544,202,adult shop,Q Store,Class 1,EH3 6PD,325801,674544,5 BARONY STREET
325797,674543,203,cafe/delicatessen,Broughton Deli & Cafe,Class 3,EH3 6PD,325797,674543,7 BARONY STREET
327658,676348,204,public house,The Pond,SUI GENERIS,EH6 7JT,327658,676348,2 BATH ROAD
330753,674081,205,cafe,The Beach House,Class 3,EH15 1HE,330753,674081,55/2 BATH STREET
330528,673900,206,confectionery,Hamiltons,Class 1,EH15 1EY,330528,673900,4 BATH STREET
330522,673947,207,supermarket,Scotmid,Class 1,EH15 1EY,330522,673947,6 BATH STREET
330551,673920,208,citizens advice,citizens advice,Class 2,EH15 1EY,330551,673920,8A-8B BATH STREET
330554,673922,209,residential letting agency,Stephen McIntyre & Co Ltd.,Class 2,EH15 1EY,330554,673922,8D BATH STREET
330561,673929,210,hairdresser,Halo,Class 1,EH15 1EY,330561,673929,8E-10A BATH STREET
330567,673933,211,hairdresser,Flicks,Class 1,EH15 1EY,330567,673933,10B BATH STREET
330556,673924,212,restaurant,Butternut Squash,Class 3,EH15 1EY,330556,673924,10D-10E BATH STREET
330713,674058,213,vacant,vacant,Vacant,EH15 1HF,330713,674058,46 BATH STREET
330721,674065,214,vacant,vacant,Vacant,EH15 1HF,330721,674065,50 BATH STREET
330737,674089,215,public house,The Esplanade,SUI GENERIS,EH15 1HF,330737,674089,62-66 BATH STREET
316345,666294,216,grocer / convenience store,Scotmid,Class 1,EH14 7AA,316345,666294,49-53 BAVELAW ROAD
316350,666315,217,hot food take-away (fish & chips),The Ballerno Fry,SUI GENERIS,EH14 7AA,316350,666315,57 BAVELAW ROAD
316325,666313,218,hairdresser & beauty salon,Tony Harper,Class 1,EH14 7AE,316325,666313,46A/1 BAVELAW ROAD
326137,674474,219,public house,Planet Out,SUI GENERIS,EH1 3AF,326137,674474,6 BAXTER'S PLACE
326144,674482,220,hot food take-away,Taste of Italy,SUI GENERIS,EH1 3AF,326144,674482,9 BAXTER'S PLACE
325548,671975,221,chemist,Right Medicine,Class 1,EH9 1AG,325548,671975,2 BEAUFORT ROAD
325543,671973,222,courier,City Couriers,Class 4,EH9 1AG,325543,671973,3 BEAUFORT ROAD
325538,671972,223,beauty salon,Blossom Beauty,Class 1,EH9 1AG,325538,671972,5 BEAUFORT ROAD
325533,671970,224,security systems,IMMS,Class 1,EH9 1AG,325533,671970,6 BEAUFORT ROAD
325515,671964,225,vacant,vacant,Vacant,EH9 1AG,325515,671964,10 BEAUFORT ROAD
325502,675308,226,sports equipment,PSL TEAMSPORTS LTD.,Class 1,EH7 4FB,325502,675308,18 BEAVERBANK PLACE
325685,675269,227,children's nursery,The Edinburgh Nursery,Class 10, ,325685,675269, 
325707,675287,228,hair & beauty,City Brides,Class 1,EH7 4JQ,325707,675287,2 BEAVERHALL ROAD
325707,675287,229,children's nursery,The Edinburgh Nursery,Class 10,EH7 4JQ,325707,675287,(4A) BEAVERHALL ROAD
323963,673808,230,"caf‚, take away food",Caf‚ Morfal,Class 3,EH4 3BR,323963,673808,54 BELFORD ROAD
324466,670911,231,public house,The Waiting Room,SUI GENERIS,EH10 5HZ,324466,670911,7-8 BELHAVEN TERRACE
325889,675032,232,grocer & n/t/c,Bellevue Express,Class 1,EH7 4DB,325889,675032,42 BELLEVUE ROAD
325765,674917,233,letting agent,HMO Scotland,Class 2,EH7 4BY,325765,674917,2 BELLEVUE STREET
325765,674926,234,fabrics,Edinburgh Patchworks,Class 1,EH7 4BY,325765,674926,4 BELLEVUE STREET
327268,676419,235,hot food take-away,No.1 Takeaway,SUI GENERIS,EH6 6PW,327268,676419,1 BERNARD STREET
327263,676422,236,betting shop,William Hill,Class 2,EH6 6PW,327263,676422,5 BERNARD STREET
327260,676427,237,public house,Bernard's Bar,SUI GENERIS,EH6 6PW,327260,676427,7 BERNARD STREET
327256,676430,238,hairdresser,Moda,Class 1,EH6 6PW,327256,676430,9 BERNARD STREET
327252,676433,239,hot food take-away,Pierino's,SUI GENERIS,EH6 6PW,327252,676433,11 BERNARD STREET
327246,676438,240,beautician,LG Beauty Clinic,Class 1, ,327246,676438, 
327241,676443,241,printers,Leith Print and Copy,Class 4,EH6 6PW,327241,676443,19 BERNARD STREET
327236,676449,242,cafe,Cafe Marmalade,SUI GENERIS,EH6 6PW,327236,676449,23 BERNARD STREET
327203,676476,243,restaurant,China Palace,Class 3,EH6 6SH,327203,676476,27 BERNARD STREET
327153,676498,244,supermarket,Sainsbury's Local,Class 1,EH6 6SL,327153,676498,45 BERNARD STREET
327147,676502,245,wine merchant,Beets,Class 1,EH6 6SL,327147,676502,49 BERNARD STREET
327140,676507,246,chartered accountants,Frosts,Class 2,EH6 6SL,327140,676507,51 BERNARD STREET
327135,676511,247,gift shop,Flux,Class 1,EH6 6SL,327135,676511,55 BERNARD STREET
327128,676515,248,florist,Petals by the Shore,Class 1,EH6 6SL,327128,676515,57 BERNARD STREET
327289,676460,249,bank,Royal Bank of Scotland,Class 2,EH6 6PU,327289,676460,2 BERNARD STREET
327278,676465,250,bank,Clydesdale Bank,Class 2,EH6 6PU,327278,676465,4(GF90) BERNARD STREET
327216,676515,251,restaurant,Mint Leaf,Class 3,EH6 6QD,327216,676515,28 BERNARD STREET
327189,676524,252,hairdresser,Boom Barbers,Class 1,EH6 6PR,327189,676524,36 BERNARD STREET
327182,676519,253,vacant,vacant,Vacant,EH6 6PR,327182,676519,38 BERNARD STREET
327175,676519,254,public house,The Carriers Quarters,SUI GENERIS,EH6 6PR,327175,676519,42 BERNARD STREET
327139,676537,255,hairdressers,SESH HAIRDRESSING LIMITED,Class 1,EH6 6PR,327139,676537,50-52 BERNARD STREET
327127,676540,256,sandwich bar,Loaded,Class 1,EH6 6PR,327127,676540,58 BERNARD STREET
324768,668236,257,bank,Royal Bank of Scotland,Class 2,EH10 7BQ,324768,668236,2 BIGGAR ROAD
324766,668245,258,accountants,Taxassist Accountants,Class 2,EH10 7BQ,324766,668245,2A BIGGAR ROAD
324772,668216,259,grocer / convenience store (lic),Zaid's Mini Market,Class 1,EH10 7BQ,324772,668216,6(01) BIGGAR ROAD
324765,668140,260,dog grooming,Collars and Cuts,Class 1,EH10 7BQ,324765,668140,14(A) BIGGAR ROAD
324797,667782,261,mountain sports equipment and caf‚,Craigdon Mountain Sports / Apres caf‚,Class 1, ,324797,667782, 
324973,667028,262,restaurant & public house,The Steading,Class 3,EH10 7DU,324973,667028,118 BIGGAR ROAD
330140,672476,263,grocer (lic.),SAFDAR SARDAR,Class 1,EH15 3HX,330140,672476,84-86 BINGHAM AVENUE
325916,671126,264,n/t/c & post office,Blackford Avenue Post Office,Class 1,EH9 2PP,325916,671126,31 BLACKFORD AVENUE
325890,671124,265,grocer,The Avenue Store,Class 1,EH9 2PP,325890,671124,36 BLACKFORD AVENUE
325896,671114,266,veterinary surgery & pet supplies,The Veterinary Cat Clinic,Class 2, ,325896,671114, 
325997,670992,267,charity office,Dog Aid Society of Scotland,Class 2,EH9 3ER,325997,670992,60 BLACKFORD AVENUE
326120,670948,268,dental laboratory,Pentland Crown & Bridge,Class 2,EH9 3ES,326120,670948,100-102 BLACKFORD AVENUE
326128,670946,269,paints,The Paint Shed,Class 1,EH9 3ES,326128,670946,106 BLACKFORD AVENUE
326149,670940,270,plumbers & electricians,The 'A' Team (Adlec Electrical / James Adama Plumbers),Class 4,EH9 3HH,326149,670940,108 BLACKFORD AVENUE
326155,670938,271,hairdresser,Belle Cheveux,Class 1,EH9 3HH,326155,670938,112 BLACKFORD AVENUE
326033,673650,272,vacant,vacant,Vacant,EH1 1NB,326033,673650,7-9 BLACKFRIARS STREET
326036,673642,273,caf‚,Joanna's Place,Class 3,EH1 1NB,326036,673642,11 BLACKFRIARS STREET
326038,673636,274,caf‚,Edinburgh Lader,Class 3,EH1 1NB,326038,673636,15 BLACKFRIARS STREET
326045,673614,275,Thai massage,Thia Therapy Centre / Hoeyyn Arts Gallery,Class 2,EH1 1NB,326045,673614,25 BLACKFRIARS STREET
326047,673609,276,bicycle hire,Rent-a-Bike (Cycle Scotland),Class 1,EH1 1NB,326047,673609,29 BLACKFRIARS STREET
326056,673579,277,tattoo artist,Old Town Tattoos,Class 2,EH1 1NB,326056,673579,49 BLACKFRIARS STREET
326063,673553,278,public house & restaurant,Black Bo's,SUI GENERIS,EH1 1NB,326063,673553,57-61 BLACKFRIARS STREET
326049,673535,279,photographers,tete-a-tete,Class 2,EH1 1NE,326049,673535,52 BLACKFRIARS STREET
326050,673529,280,vacant,vacant,Vacant,EH1 1NE,326050,673529,54 BLACKFRIARS STREET
326052,673525,281,vacant,"vacant (formerly Zara, hot food take away)",Vacant, ,326052,673525, 
325915,673564,282,charity,Transition (Turning Point Scotland),Class 4,EH1 1QR,325915,673564,15 BLAIR STREET
325921,673541,283,public house,The City Caf‚,SUI GENERIS,EH1 1QR,325921,673541,19 BLAIR STREET
325945,673540,284,gift shop and booking office,Mercat Tours,Class 1,EH1 1QR,325945,673540,(28) BLAIR STREET
325949,673530,285,sauna,Blair Street Sauna,Class 11,EH1 1QR,325949,673530,30 BLAIR STREET
325951,673525,286,Solicitors,Patterson Bell,Class 2,EH1 1QR,325951,673525,34A BLAIR STREET
325952,673516,287,public house,Cabaret Voltaire Bar,SUI GENERIS,EH1 1QR,325952,673516,36-38 BLAIR STREET
326157,674485,288,bank,Royal Bank of Scotland,Class 2,EH7 5JH,326157,674485,2-3A BLENHEIM PLACE
326168,674484,289,pets & pet supplies,Dofos Pet Centre,Class 1,EH7 5JH,326168,674484,4 BLENHEIM PLACE
321359,668267,290,grocer,The Bonaly Corner Shop,Class 1,EH13 0ET,321359,668267,2 BONALY AVENUE
325571,676201,291,designer radiators,The Radiator Store,Class 1, ,325571,676201, 
326253,675773,292,bathrooms,BUYRITE BATHROOMS,Class 1,EH6 5BQ,326253,675773,161 BONNINGTON ROAD
326246,675720,293,winter sports,Freeze Pro Shop,Class 1,EH6 5BQ,326246,675720,165 BONNINGTON ROAD
326205,675736,294,fabrics,The Cloth Shop,Class 1,EH6 5BQ,326205,675736,169 BONNINGTON ROAD
326710,676148,295,vacant,vacant,Vacant,EH6 5JD,326710,676148,8 BONNINGTON ROAD
326708,676141,296,caf‚,Fat Yankee's,Class 3,EH6 5JD,326708,676141,10-12 BONNINGTON ROAD
326189,675775,297,grocer,Best One,Class 1,EH6 5BE,326189,675775,264 BONNINGTON ROAD
326181,675769,298,hairdresser,Amor,Class 1,EH6 5BE,326181,675769,268 BONNINGTON ROAD
326170,675762,299,vacant,vacant,Vacant,EH6 5BE,326170,675762,278 BONNINGTON ROAD
326164,675759,300,hot food take-away,Bonnington Brunch,SUI GENERIS,EH6 5BE,326164,675759,280 BONNINGTON ROAD
326160,675756,301,public house,The Bonnington,SUI GENERIS,EH6 5BE,326160,675756,284 BONNINGTON ROAD
326313,675878,302,children's nursery,Molly's Nursery,Class 10, ,326313,675878, 
324001,676457,303,n/t/c & post office,Boswall Drive Post Office,Class 1,EH5 2BE,324001,676457,55A BOSWALL DRIVE
323999,676464,304,vacant,vacant,Vacant,EH5 2BE,323999,676464,57A BOSWALL DRIVE
323810,676587,305,hairdresser,Hairizon Hairdressing,Class 1,EH5 2BR,323810,676587,33 BOSWALL PARKWAY
323797,676585,306,grocer / convenience store,Scotmid,Class 1,EH5 2BR,323797,676585,35-41 BOSWALL PARKWAY
323786,676584,307,n/t/c,Boswall Newsagent,Class 1,EH5 2BR,323786,676584,45 BOSWALL PARKWAY
323782,676583,308,butcher,Allan Campbell,Class 1,EH5 2BR,323782,676583,47 BOSWALL PARKWAY
323770,676581,309,grocer / convenience store,Day Today,Class 1,EH5 2BR,323770,676581,51-53 BOSWALL PARKWAY
322829,676491,310,baker,Greggs,Class 1,EH5 2LY,322829,676491,141-143 BOSWALL PARKWAY
322822,676492,311,funeral directors,Scotmid  Funeral Directors,Class 2,EH5 2LY,322822,676492,145 BOSWALL PARKWAY
322839,676454,312,bank,Lloyds TSB Scotland,Class 2,EH5 2LX,322839,676454,210 BOSWALL PARKWAY
322832,676453,313,n/t/c,MM News,Class 1,EH5 2LX,322832,676453,212 BOSWALL PARKWAY
322828,676453,314,hot food takeaway,Darins,SUI GENERIS,EH5 2LX,322828,676453,214 BOSWALL PARKWAY
322823,676452,315,hairdresser,Angela Rae,Class 1,EH5 2LX,322823,676452,218 BOSWALL PARKWAY
325430,673510,316,restaurant,The Witchery,Class 3,EH1 2NF,325430,673510,"1(GF) BOSWELL'S COURT, ( 352 CASTLEHILL )"
327033,674762,317,vacant,vacant,Vacant,EH7 5PY,327033,674762,1 BOTHWELL STREET
324690,676003,318,bank,Lloyds TSB Scotland,Class 2,EH3 5QY,324690,676003,3A BOWHILL TERRACE
324730,676000,319,betting shop,Coral,Class 2,EH3 5QY,324730,676000,7-8 BOWHILL TERRACE
324738,676001,320,public house,Spiers Bar,SUI GENERIS,EH3 5QY,324738,676001,10 BOWHILL TERRACE
327122,670249,321,haridresser,Elan Hairdressing,Class 1,EH16 6AA,327122,670249,3 BRAEFOOT TERRACE
327121,670260,322,vacant,vacant,Vacant,EH16 6AA,327121,670260,6-7 BRAEFOOT TERRACE
324576,669871,323,vacant,vacant,Vacant,EH10 6JY,324576,669871,3A BRAID HILLS APPROACH
324843,669890,324,golf equipment,Golf Shop,Class 1,EH10 6JZ,324843,669890,23 BRAID HILLS APPROACH
324518,670830,325,funeral directors & monumental masons,William Purves,Class 1,EH10 6AD,324518,670830,6 BRAID ROAD
324515,670765,326,imaging technology,NC Tech,Class 2, ,324515,670765, 
324514,670753,327,events agency,Lux Events,Class 4,EH10 6AD,324514,670753,26 BRAID ROAD
324514,670744,328,imaging technology,NC Tech,Class 4,EH10 6AD,324514,670744,30 BRAID ROAD
324512,670722,329,electrical contractors,Craig Booth,Class 4,EH10 6AD,324512,670722,36 BRAID ROAD
324511,670717,330,electrician,Craig Booth Electrical Contractors,Class 4,EH10 6AD,324511,670717,38 BRAID ROAD
324510,670713,331,joiners,Alasdair N. Morrison,Class 4,EH10 6AD,324510,670713,42 BRAID ROAD
325152,675007,332,vacant,vacant,Vacant,EH3 5EA,325152,675007,(PB) BRANDON TERRACE
325206,675026,333,cafe,Di Gorgio,Class 1,EH3 5EA,325206,675026,1 BRANDON TERRACE
325202,675023,334,post office,Warriston Post Office,Class 1,EH3 5EA,325202,675023,2 BRANDON TERRACE
325194,675016,335,bridal wear,Kavelle,Class 1,EH3 5EA,325194,675016,4-5 BRANDON TERRACE
325188,675012,336,upholsterer,Gayfield Design,Class 4,EH3 5EA,325188,675012,6 BRANDON TERRACE
325182,675006,337,carpets,Forth Flooring,Class 1,EH3 5EA,325182,675006,7 BRANDON TERRACE
325179,675003,338,cafe,Blue Bear,Class 3,EH3 5EA,325179,675003,9 BRANDON TERRACE
325170,674997,339,locks & security,Edina Lock & Key Co.,Class 1,EH3 5EA,325170,674997,10-12 BRANDON TERRACE
325165,674993,340,hairdresser,Phase,Class 1,EH3 5EA,325165,674993,14-15 BRANDON TERRACE
325159,674988,341,hairdresser (gents),John Hall,Class 1,EH3 5DZ,325159,674988,16 BRANDON TERRACE
325156,674985,342,antiques,Martinez Antiques,Class 1,EH3 5DZ,325156,674985,17 BRANDON TERRACE
325152,674983,343,beauty salon,Beauty at Brandon Terrace,Class 1,EH3 5DZ,325152,674983,19 BRANDON TERRACE
325149,674980,344,hairdresser,Sandy Jones,Class 1,EH3 5DZ,325149,674980,20 BRANDON TERRACE
325143,674975,345,art classes & gallery,The Art Club,Class 1,EH3 5DZ,325143,674975,21-22 BRANDON TERRACE
325138,674971,346,coffee shop,Coffee Angel,Class 3,EH3 5DZ,325138,674971,24-27 BRANDON TERRACE
324842,673201,347,hot food take-away,Pasha,SUI GENERIS,EH3 9AL,324842,673201,9 BREAD STREET
324850,673201,348,hairdresser (gents),Barber Shop,Class 1,EH3 9AL,324850,673201,9A BREAD STREET
324856,673201,349,restaurant,City Grill Steakhouse,Class 3,EH3 9AL,324856,673201,13 BREAD STREET
324861,673201,350,take-away food (japanise),Bento Ya,Class 3,EH3 9AL,324861,673201,15 BREAD STREET
324865,673201,351,tattoos,Jazz Tattoos,Class 2,EH3 9AL,324865,673201,19 BREAD STREET
324874,673201,352,amusement arcade,Amusements,Class 11,EH3 9AL,324874,673201,23 BREAD STREET
324881,673201,353,caf‚,Home Taste,SUI GENERIS,EH3 9AL,324881,673201,25(GF2)-27 BREAD STREET
324891,673200,354,locks & security,Duncan McLaren,Class 1,EH3 9AL,324891,673200,29 BREAD STREET
324897,673200,355,caf‚,Caf‚ Plus,Class 3,EH3 9AL,324897,673200,33 BREAD STREET
324903,673200,356,therapies,The Heathly Life Centre,Class 11,EH3 9AL,324903,673200,35-37 BREAD STREET
324954,673199,357,public house,Blue Blazer,SUI GENERIS,EH3 9AL,324954,673199,39 BREAD STREET
324967,673197,358,vacant,vacant,Vacant,EH3 9AH,324967,673197,43 BREAD STREET
324974,673197,359,vacant,vacant,Vacant,EH3 9AH,324974,673197,47 BREAD STREET
324978,673197,360,vacant,vacant,Vacant,EH3 9AH,324978,673197,49 BREAD STREET
324981,673197,361,ladies clothing,Smooch,Class 1,EH3 9AH,324981,673197,51 BREAD STREET
324985,673197,362,vacant,vacant,Vacant,EH3 9AH,324985,673197,55 BREAD STREET
324989,673197,363,architects,Buro Happold,Class 4,EH3 9AH,324989,673197,57-59 BREAD STREET
324995,673197,364,digital imaging & web design studio,Digital Design Scotland,Class 4,EH3 9AH,324995,673197,61 BREAD STREET
325001,673197,365,hairdresser,"Mission Hair
Mission Hair",Class 1,EH3 9AH,325001,673197,65 BREAD STREET
325006,673197,366,caf‚,Stand Up caf‚,Class 3,EH3 9AH,325006,673197,67 BREAD STREET
325015,673196,367,"restaurant & hot food take-away (fish & chips, pizzas, kebabs, baked potatoes)",Kingfisher,Class 3,EH3 9AH,325015,673196,69-71 BREAD STREET
325023,673196,368,second hand book shop,Main Point Book,Class 1,EH3 9AH,325023,673196,75 BREAD STREET
325027,673196,369,tattoo artist,Tattoo Studio Edinburgh,Class 2,EH3 9AH,325027,673196,77 BREAD STREET
324846,673172,370,hair extension boutique / training acadamy,Crown Ciouture,Class 1,EH3 9AF,324846,673172,6-8 BREAD STREET
324858,673173,371,veterinary surgery,West End Veterinary Partnership,Class 2, ,324858,673173, 
324874,673173,372,restaurant,Babelious,Class 3,EH3 9AF,324874,673173,22 BREAD STREET
324883,673173,373,hairdresser,Medusa,Class 1,EH3 9AF,324883,673173,26 BREAD STREET
324919,673171,374,public house,The Chanter,SUI GENERIS,EH3 9AF,324919,673171,30 BREAD STREET
321518,668940,375,funeral directors,Porteous,Class 2,EH13 0LH,321518,668940,7 BRIDGE ROAD
321603,668997,376,restaurant,MacKenzies,Class 3,EH13 0LF,321603,668997,2 BRIDGE ROAD
321593,668991,377,hot food take-away,Pizza Connection,SUI GENERIS,EH13 0LF,321593,668991,4 BRIDGE ROAD
321591,668990,378,hairdresser,Colinton Hair Design,Class 1,EH13 0LF,321591,668990,4A BRIDGE ROAD
321580,668983,379,"delicatessen (lic.), coffee shop, greeting cards",Fanelli's Delicatessen & Coffee Shop,Class 1,EH13 0LF,321580,668983,8(BF-GF) BRIDGE ROAD
321568,668973,380,public house,Colinton Inn,SUI GENERIS,EH13 0LQ,321568,668973,12 BRIDGE ROAD
321560,668970,381,dog grooming,Citidogs,Class 1,EH13 0LQ,321560,668970,16 BRIDGE ROAD
321557,668969,382,coffee shop,Java Moment,Class 3,EH13 0LQ,321557,668969,18 BRIDGE ROAD
321557,668974,383,pet grooming,Canine Cuts,Class 2,EH13 0LQ,321557,668974,20 BRIDGE ROAD
321550,668969,384,electrical contractor,D. Sykes,Class 4,EH13 0LQ,321550,668969,24 BRIDGE ROAD
321547,668968,385,Interior design + soft furnishings,Interior Solutions,Class 1,EH13 0LQ,321547,668968,26 BRIDGE ROAD
321539,668966,386,grocer (lic.),Mathur's Colinton Convenience Store,Class 1,EH13 0LQ,321539,668966,30-32 BRIDGE ROAD
321532,668965,387,Independent financial advisors,Brown Associates,Class 2,EH13 0LQ,321532,668965,34 BRIDGE ROAD
321527,668964,388,greengrocer,T.H. Downes,Class 1,EH13 0LQ,321527,668964,38 BRIDGE ROAD
321522,668963,389,hairdresser,Moodz,Class 1,EH13 0LQ,321522,668963,40 BRIDGE ROAD
321482,668965,390,Post office/cards + confectionery,Colinton Post Office,Class 1,EH13 0LQ,321482,668965,46 BRIDGE ROAD
321476,668966,391,chemist,Colinton Village Pharmacy,Class 1,EH13 0LQ,321476,668966,46A BRIDGE ROAD
321451,668967,392,restaurant (Italian),Dantes Tratoria,Class 3,EH13 0LQ,321451,668967,48-50 BRIDGE ROAD
321443,668967,393,gifts,Colinton Arts,Class 1,EH13 0LQ,321443,668967,52 BRIDGE ROAD
321437,668968,394,beauty salon,Peaches of Colinton Beauty Salon,Class 1,EH13 0LQ,321437,668968,54 BRIDGE ROAD
321433,668968,395,optician,Colinton Opticians,Class 1,EH13 0LQ,321433,668968,56 BRIDGE ROAD
321428,668968,396,vacant,vacant,Vacant,EH13 0LQ,321428,668968,58 BRIDGE ROAD
321419,668969,397,bank,Royal Bank of Scotland,Class 2,EH13 0LQ,321419,668969,64 BRIDGE ROAD
312180,672669,398,vacant,vacant,Vacant,EH28 8SH,312180,672669,40 BRIDGE STREET
312138,672707,399,public house,Newbridge Inn,SUI GENERIS,EH28 8SR,312138,672707,31 BRIDGE STREET
312130,672678,400,domestic appliances repairs and sales,Budget Appliances,Class 1,EH28 8SH,312130,672678,36 BRIDGE STREET
312306,672676,401,vacant,vacant,Vacant,EH28 8SH,312306,672676,64 BRIDGE STREET
312295,672658,402,vacant,vacant,Vacant,EH28 8SH,312295,672658,64(A) BRIDGE STREET
312304,672657,403,car showroom,Autoland Car Sales,SUI GENERIS,EH28 8SH,312304,672657,64(B) BRIDGE STREET
330508,673850,404,vacant,vacant,Vacant,EH15 1LH,330508,673850,3 BRIGHTON PLACE
330506,673847,405,hot food takeaway (pizza),La Favorita,SUI GENERIS,EH15 1LH,330506,673847,7 BRIGHTON PLACE
330504,673845,406,second hand goods,Martha's Attic,Class 1,EH15 1LH,330504,673845,9 BRIGHTON PLACE
330500,673841,407,hairdresser,Chiko's,Class 1,EH15 1LH,330500,673841,11 BRIGHTON PLACE
330493,673834,408,restaurant,Bonoful,Class 3,EH15 1LH,330493,673834,13-17 BRIGHTON PLACE
330487,673827,409,optician,Brian F. Forde,Class 1,EH15 1LH,330487,673827,19 BRIGHTON PLACE
330484,673824,410,hairdresser,Shapes,Class 1,EH15 1LH,330484,673824,21 BRIGHTON PLACE
325781,673219,411,caf‚,Assembly Checkpoint,Class 3,EH1 1EY,325781,673219,2(GF) BRISTO PLACE
325754,673242,412,china,John Donald & Co.,Class 1,EH1 1EY,325754,673242,8-10 BRISTO PLACE
325786,673185,413,restaurant (turkish),El Falafel,Class 3,EH1 1EZ,325786,673185,15 BRISTO PLACE
325792,673178,414,"clinic, health centre (natural / herbal medicine)",Napiers Dispensary,Class 2, ,325792,673178, 
325798,673173,415,herbal remedies & therapies,Napiers Dispensary,Class 1,EH1 1EZ,325798,673173,18 BRISTO PLACE
325860,673071,416,bank,Nat West,Class 2, ,325860,673071, 
325880,673204,417,bank,Bank of Scotland,Class 2,EH8 9AL,325880,673204,4 BRISTO SQUARE
325874,673201,418,takeaway food,Potter Shop,Class 1,EH8 9AL,325874,673201,2-3 BRISTO SQUARE
325889,673162,419,Cafe,Baristo,Class 2,EH8 9AL,325889,673162,5 BRISTO SQUARE
325894,673165,420,Bank,Santander,Class 2,EH8 9AL,325894,673165,6 BRISTO SQUARE
325589,673553,421,cashmere clothing,Ballentine Cashmere,Class 1,EH1 2PS,325589,673553,"1 BRODIE'S CLOSE, ( 304 LAWNMARKET )"
325581,673551,422,cahmere clothing,Elgin Cashmere,Class 1,EH1 2PS,325581,673551,"4 BRODIE'S CLOSE, ( 304 LAWNMARKET )"
325590,673548,423,caf‚,The Deacon's House,Class 3,EH1 2PS,325590,673548,"3 BRODIE'S CLOSE, ( 304 LAWNMARKET )"
319403,672426,424,grocer / convenience store & post office,CC Express,Class 1,EH12 7QL,319403,672426,37-41 BROOMHALL DRIVE
319410,672422,425,hairdresser,Kissa,Class 1,EH12 7QL,319410,672422,43 BROOMHALL DRIVE
319415,672419,426,solarium,Top Tan,Class 1,EH12 7QL,319415,672419,45 BROOMHALL DRIVE
319818,672194,427,vacant,vacant,Vacant,EH12 7PB,319818,672194,14 BROOMHALL ROAD
319821,672188,428,grocer & n/t/c,HMR Convenience Store,Class 1,EH12 7PB,319821,672188,16-18 BROOMHALL ROAD
319825,672182,429,hairdresser (ladies & gents),Bell Hair,Class 1,EH12 7PB,319825,672182,20 BROOMHALL ROAD
320173,671351,430,community information,Community One Stop Shop,Class 2,EH11 3UU,320173,671351,1-3 BROOMHOUSE MARKET
320176,671341,431,baker,Crow bakers,Class 1,EH11 3UU,320176,671341,5 BROOMHOUSE MARKET
320179,671335,432,post office,Post Office,Class 1,EH11 3UU,320179,671335,7 BROOMHOUSE MARKET
320180,671331,433,vacant,vacant,Vacant,EH11 3UU,320180,671331,9 BROOMHOUSE MARKET
320181,671327,434,grocer,Broomhouse Minimarket,Class 1,EH11 3UU,320181,671327,11 BROOMHOUSE MARKET
320186,671313,435,vacant,vacant,Vacant,EH11 3UU,320186,671313,13 BROOMHOUSE MARKET
320031,670898,436,grocer & n/t/c,Premier Stores,Class 1,EH11 3TA,320031,670898,367 BROOMHOUSE ROAD
325064,672856,437,bikes,Soul Cycles,Class 1,EH3 9HW,325064,672856,1 BROUGHAM PLACE
325068,672850,438,tattoo parlour,Red Hot & Blue,Class 2,EH3 9HW,325068,672850,1A BROUGHAM PLACE
325071,672846,439,caf‚,machine expresson,Class 3,EH3 9HW,325071,672846,2 BROUGHAM PLACE
325085,672823,440,restaurant (Indian),Bombay Bicycle Club,Class 3,EH3 9HW,325085,672823,6-6A BROUGHAM PLACE
325070,672794,441,public house,International Bar,SUI GENERIS,EH3 9JX,325070,672794,15 BROUGHAM PLACE
325057,672813,442,grocer,786 Wholesale & Retailers,Class 1,EH3 9JX,325057,672813,15A-17 BROUGHAM PLACE
325044,672833,443,vacant,vacant,Vacant,EH3 9JU,325044,672833,20 BROUGHAM PLACE
325046,672830,444,vacant,vacant,Vacant,EH3 9JU,325046,672830,20A BROUGHAM PLACE
325039,672840,445,restaurant (Korean),Ong Gie,Class 3,EH3 9JU,325039,672840,22 BROUGHAM PLACE
325035,672845,446,restaurant (Thai),Passorn,Class 3,EH3 9JU,325035,672845,23-23A BROUGHAM PLACE
325033,672847,447,unspecified office,no name on fascia,Class 4,EH3 9JU,325033,672847,25 BROUGHAM PLACE
325029,672853,448,chemist,Co-operative Pharmacy,Class 1,EH3 9JU,325029,672853,26 BROUGHAM PLACE
324955,672919,449,vacant,vacant,Vacant,EH3 9JS,324955,672919,5 BROUGHAM STREET
324983,672899,450,chiropodist,Brougham Foot Clinic,Class 2, ,324983,672899, 
324961,672916,451,restaurant (Tapas),El Quijote,Class 3,EH3 9JS,324961,672916,13A BROUGHAM STREET
324987,672896,452,"second-hand cds, tapes, records",Backtracks,Class 1,EH3 9JS,324987,672896,17 BROUGHAM STREET
324991,672893,453,hot food take-away (kebabs),Turkish Doner Inn,SUI GENERIS,EH3 9JS,324991,672893,17A BROUGHAM STREET
325001,672883,454,printers,Cowan Print,Class 4,EH3 9JS,325001,672883,23 BROUGHAM STREET
325031,672850,455,vacant,vacant,Vacant,EH3 9JT,325031,672850,25-27 BROUGHAM STREET
325024,672860,456,beauty salon,Glamourize,Class 1,EH3 9JT,325024,672860,31 BROUGHAM STREET
325021,672864,457,sandwiches,The Yellow Deli,Class 1,EH3 9JT,325021,672864,33 BROUGHAM STREET
324967,672949,458,public house,The Ventoux,SUI GENERIS,EH3 9JH,324967,672949,2-4 BROUGHAM STREET
324974,672945,459,restaurant (Greek),My Big Fat Greek Restaurant,Class 3,EH3 9JH,324974,672945,6 BROUGHAM STREET
324982,672939,460,health foods,Real Foods,Class 1,EH3 9JH,324982,672939,8 BROUGHAM STREET
324990,672933,461,estate agents,My-Apartments,Class 2,EH3 9JH,324990,672933,12 BROUGHAM STREET
324997,672928,462,restaurant (Indian),Mezbaan,Class 3,EH3 9JH,324997,672928,14-14A BROUGHAM STREET
325000,672925,463,hot food take-away,Redbox 2 Go,SUI GENERIS,EH3 9JH,325000,672925,18 BROUGHAM STREET
325005,672921,464,grocer (lic.),Nina's Mini Market,Class 1,EH3 9JH,325005,672921,18A BROUGHAM STREET
325023,672906,465,restaurant (Chinese),Fortune Cookie,Class 3,EH3 9JH,325023,672906,24 BROUGHAM STREET
325029,672901,466,public house,Cloisters Bar,SUI GENERIS,EH3 9JH,325029,672901,26 BROUGHAM STREET
325822,674591,467,restaurant,The Olive Branch,Class 3,EH1 3RX,325822,674591,2 BROUGHTON PLACE
325826,674592,468,hairdresser and beauty salon,Broughton Place Hair and Beauty,Class 1,EH1 3RX,325826,674592,2A BROUGHTON PLACE
325422,675094,469,supermarket - large,Tesco,Class 1,EH7 4EW,325422,675094,7 BROUGHTON ROAD
325498,675149,470,hairdresser,Angela Carr,Class 1,EH7 4EP,325498,675149,41 BROUGHTON ROAD
325545,675186,471,language school,Edinburgh School of Lanague,Class 4,EH7 4EX,325545,675186,55 BROUGHTON ROAD
325619,675229,472,public house,Powderhall Arms,SUI GENERIS,EH7 4EG,325619,675229,97-99 BROUGHTON ROAD
325682,675257,473,hot food take-away (pizza),L'Antica,SUI GENERIS,EH7 4EQ,325682,675257,113 BROUGHTON ROAD
325688,675262,474,children's nursery,Edinburgh Nursery,Class 10, ,325688,675262, 
325717,675287,475,n/t/c,Broughton Convenience Store,Class 1,EH7 4JH,325717,675287,121-123 BROUGHTON ROAD
325709,675282,476,children's nursery,The Edinburgh Nursery,Class 10, ,325709,675282, 
325802,675352,477,pet grooming,Doggie Style,Class 2,EH7 4JJ,325802,675352,153 BROUGHTON ROAD
325797,675347,478,design studio,Moriarti,Class 4,EH7 4JJ,325797,675347,157 BROUGHTON ROAD
325415,675038,479,public house,The Other Place,SUI GENERIS,EH7 4EB,325415,675038,2-4 BROUGHTON ROAD
325935,674407,480,caf‚,Caf‚ Piccante,Class 3,EH1 3JU,325935,674407,19 BROUGHTON STREET
325932,674414,481,hairdresser,Egg,Class 1,EH1 3JU,325932,674414,23 BROUGHTON STREET
325929,674420,482,public house,Mathers,SUI GENERIS,EH1 3JU,325929,674420,25 BROUGHTON STREET
325925,674427,483,bakers,Greggs,Class 1,EH1 3JU,325925,674427,27 BROUGHTON STREET
325923,674432,484,betting shop,Ladbrokes,Class 2,EH1 3JU,325923,674432,29 BROUGHTON STREET
325915,674448,485,health foods,Real Foods,Class 1,EH1 3JU,325915,674448,37 BROUGHTON STREET
325911,674454,486,public house,Treacle,SUI GENERIS,EH1 3JU,325911,674454,39-41 BROUGHTON STREET
325906,674466,487,caf‚,Firth of Froth,Class 3,EH1 3JU,325906,674466,43 BROUGHTON STREET
325910,674471,488,vacant,vacant,Vacant,EH1 3JU,325910,674471,43(GF) BROUGHTON STREET
325903,674473,489,art gallery,Union Gallery,Class 1,EH1 3JU,325903,674473,45 BROUGHTON STREET
325884,674499,490,tatttoo parlour,Den of Iniquity,Class 1,EH1 3RJ,325884,674499,47-47A BROUGHTON STREET
325746,674643,491,therapy,Essential Therapy,Class 2,EH1 3RJ,325746,674643,49 BROUGHTON STREET
325882,674502,492,wine merchant,Villeneuve Wines,Class 1,EH1 3RJ,325882,674502,49A BROUGHTON STREET
325877,674508,493,restaurant,Smokestack,Class 3,EH1 3RJ,325877,674508,53-55 BROUGHTON STREET
325873,674514,494,caf‚,Artisan Roast,Class 3,EH1 3RJ,325873,674514,57 BROUGHTON STREET
325867,674521,495,residential letting & property management,Broughton Property Management,Class 2,EH1 3RJ,325867,674521,61-63 BROUGHTON STREET
325860,674529,496,hairdresser,Allan Hair,Class 1,EH1 3RJ,325860,674529,65-67 BROUGHTON STREET
325856,674534,497,cholcolate shop,Coco on Broughton,Class 1, ,325856,674534, 
325854,674537,498,children's nursery,The Edinburgh Nursery,Class 10,EH1 3RJ,325854,674537,71(1) BROUGHTON STREET
325851,674540,499,restaurant,Asti,Class 3,EH1 3RJ,325851,674540,73 BROUGHTON STREET
325846,674546,500,hot food take-away,Rapido,SUI GENERIS,EH1 3RJ,325846,674546,77-79 BROUGHTON STREET
325841,674552,501,community organisation,Council of British Pakistanis (Scotland),Class 2,EH1 3RJ,325841,674552,79A BROUGHTON STREET
325836,674558,502,public house,Barony Bar,SUI GENERIS,EH1 3RJ,325836,674558,81-85 BROUGHTON STREET
325831,674564,503,florist,Narcissus,Class 1,EH1 3RJ,325831,674564,87 BROUGHTON STREET
325817,674589,504,"cards, gifts, framing",Curiouser Curiouser,Class 1,EH1 3RZ,325817,674589,93 BROUGHTON STREET
325812,674600,505,butcher,Crombies of Edinburgh,Class 1,EH1 3RZ,325812,674600,97-101 BROUGHTON STREET
325795,674626,506,chemist,Apple Pharmacy,Class 1,EH1 3RZ,325795,674626,105 BROUGHTON STREET
325792,674631,507,bridal wear,Lamesley bridal,Class 1,EH1 3RZ,325792,674631,109 BROUGHTON STREET
325788,674637,508,hairdresser,Arthaus,Class 1,EH1 3RZ,325788,674637,111 BROUGHTON STREET
325786,674641,509,"clothing, gifts",The Dragonfly,Class 1,EH1 3RZ,325786,674641,111A BROUGHTON STREET
325781,674652,510,public house,Cask & Barrel,SUI GENERIS,EH1 3RZ,325781,674652,115 BROUGHTON STREET
325931,674320,511,caf‚,n/a,Class 3,EH1 3JR,325931,674320,4 BROUGHTON STREET
325900,674414,512,public house,The Basement,SUI GENERIS,EH1 3RH,325900,674414,10A-12A BROUGHTON STREET
325894,674426,513,restaurant,Bonsai,Class 3,EH1 3RH,325894,674426,14 BROUGHTON STREET
325892,674430,514,fishmonger,Something Fishy,Class 1,EH1 3RH,325892,674430,16A BROUGHTON STREET
325889,674434,515,take-away food,Chequers,Class 1,EH1 3RH,325889,674434,16B BROUGHTON STREET
325887,674438,516,grocer,Lifestyle Express,Class 1,EH1 3RH,325887,674438,20 BROUGHTON STREET
325837,674514,517,n/t/c,Broughton Newsagency,Class 1,EH1 3SB,325837,674514,28 BROUGHTON STREET
325833,674518,518,wine merchant,Vino,Class 1,EH1 3SB,325833,674518,30 BROUGHTON STREET
325829,674523,519,restaurant,Khushi,Class 3,EH1 3SB,325829,674523,32B BROUGHTON STREET
325825,674527,520,vacant,vacant,Vacant,EH1 3SB,325825,674527,32C BROUGHTON STREET
325817,674537,521,hairdresser,boombarbers,Class 1,EH1 3SB,325817,674537,34 BROUGHTON STREET
325814,674540,522,vacant,vacant,Vacant, ,325814,674540, 
325812,674542,523,restaurant,The Bangkok Bar,Class 3,EH1 3SB,325812,674542,36 BROUGHTON STREET
325809,674546,524,hairdresser,Paige Conner,Class 1,EH1 3SB,325809,674546,40 BROUGHTON STREET
325798,674569,525,delicatessen,New Town Deli,Class 1,EH1 3SA,325798,674569,42 BROUGHTON STREET
325796,674572,526,vacant,vacant,Vacant,EH1 3SA,325796,674572,44 BROUGHTON STREET
325794,674576,527,public house,Phoenix,SUI GENERIS,EH1 3SA,325794,674576,46-48A BROUGHTON STREET
325787,674583,528,greengrocer,Shamoon,Class 1,EH1 3SA,325787,674583,50 BROUGHTON STREET
325785,674586,529,home accessories,Concrete Wardrobe,Class 1,EH1 3SA,325785,674586,50A BROUGHTON STREET
325782,674590,530,clothing,Joey D,Class 1,EH1 3SA,325782,674590,54 BROUGHTON STREET
325781,674593,531,Bags,Joey D,Class 1,EH1 3SA,325781,674593,54A BROUGHTON STREET
325778,674598,532,restaurant,L'Escargot Bleu,Class 3,EH1 3SA,325778,674598,56 BROUGHTON STREET
325775,674596,533,Licensed caf‚,PICKLES OF BROUGHTON STREET,Class 3,EH1 3SA,325775,674596,56A BROUGHTON STREET
325772,674607,534,bar/caf‚,Nom de Plume,SUI GENERIS,EH1 3SA,325772,674607,60 BROUGHTON STREET
325770,674610,535,solicitors,Colin Blaikie & Co.,Class 2,EH1 3SA,325770,674610,62 BROUGHTON STREET
325768,674613,536,wool shop,Kathy's Knots,Class 1,EH1 3SA,325768,674613,64(BF) BROUGHTON STREET
325753,674633,537,e-cigarettes,The Vapour Lounge,Class 1,EH1 3SA,325753,674633,74 BROUGHTON STREET
325985,674451,538,public house,Outhouse,SUI GENERIS,EH1 3LY,325985,674451,12A BROUGHTON STREET LANE
331745,672963,539,n/t/c,Ali & Son Newsagent,Class 1,EH15 2NR,331745,672963,2 BRUNSTANE BANK
331746,672958,540,bedroom & kitchen furniture,Brunstane Bedroom & Kitchen Studio,Class 1,EH15 2NR,331746,672958,4 BRUNSTANE BANK
331747,672954,541,hairdressers,Primary Colours,Class 1,EH15 2NR,331747,672954,6 BRUNSTANE BANK
331748,672951,542,bedroom & kitchen furniture,Brunstane Bedroom & Kitchen Studio,Class 1,EH15 2NR,331748,672951,8 BRUNSTANE BANK
326388,674862,543,hot food take-away,Eat alias,SUI GENERIS,EH7 5HP,326388,674862,1 BRUNSWICK PLACE
326408,674888,544,grocer / convenience store,Tesco Metro,Class 1,EH7 5HW,326408,674888,4-6 BRUNSWICK PLACE
326413,674895,545,shoes & footwear,Leith Army Stores,Class 1,EH7 5HW,326413,674895,7 BRUNSWICK PLACE
326420,674903,546,clothing and outdoor equipment,Leith Army Stores,Class 1,EH7 5HW,326420,674903,9-10 BRUNSWICK PLACE
326431,674914,547,furniture,Magnet,Class 1,EH7 5HW,326431,674914,10B BRUNSWICK PLACE
326954,674804,548,pc repairs,City PC Repairs,Class 1,EH7 5PF,326954,674804,50 BRUNSWICK ROAD
326393,674825,549,n/t/c,Ben's Newsagent,Class 1,EH7 5HR,326393,674825,97 BRUNSWICK STREET
326392,674829,550,hot food take-away,LB's Takeaway,SUI GENERIS,EH7 5HR,326392,674829,99 BRUNSWICK STREET
326392,674832,551,hot food take-away,The Village,SUI GENERIS,EH7 5HR,326392,674832,103 BRUNSWICK STREET
326391,674836,552,Restaurant,The Village,Class 3,EH7 5HR,326391,674836,105 BRUNSWICK STREET
326389,674842,553,massage parlour,Massage Therapy Clinic,Class 11,EH7 5HR,326389,674842,107 BRUNSWICK STREET
326388,674846,554,Printers,Printosponge limited,Class 2,EH7 5HR,326388,674846,109 BRUNSWICK STREET
326387,674854,555,restaurant,Vittoria,Class 3,EH7 5HR,326387,674854,113-115 BRUNSWICK STREET
326366,674812,556,vacant,vacant,Vacant, ,326366,674812, 
326364,674817,557,Cafe,Twelve triangles,Class 3,EH7 5HU,326364,674817,90 BRUNSWICK STREET
326363,674823,558,wine merchant,Oddbins,Class 1,EH7 5HU,326363,674823,94-96 BRUNSWICK STREET
324574,672140,559,hairdresser (ladies & gents),Cheynes,Class 1,EH10 4EP,324574,672140,2 BRUNTSFIELD AVENUE
324517,672222,560,vacant,vacant,Vacant,EH10 4EW,324517,672222,26 BRUNTSFIELD AVENUE
324700,672204,561,solictors and estate agents,Mary McQueen,Class 2,EH10 4EQ,324700,672204,103-105 BRUNTSFIELD PLACE
324696,672199,562,hairdresser (ladies),Indigo,Class 1,EH10 4EQ,324696,672199,107 BRUNTSFIELD PLACE
324690,672192,563,Beauty treatment,Soprano Ice,Class 1,EH10 4EQ,324690,672192,109-111 BRUNTSFIELD PLACE
324686,672188,564,newsagent,Bruntsfield News,Class 1,EH10 4EQ,324686,672188,115 BRUNTSFIELD PLACE
324681,672183,565,shoes (ladies),ooh! ruby shoes,Class 1,EH10 4EQ,324681,672183,117 BRUNTSFIELD PLACE
324678,672180,566,community green grocer,Dig In,Class 1,EH10 4EQ,324678,672180,119 BRUNTSFIELD PLACE
324675,672177,567,specialist chocolate confectionery & cafe,The Chocolate Tree,Class 1,EH10 4EQ,324675,672177,123 BRUNTSFIELD PLACE
324671,672172,568,solictors and estate agents,Anderson Bain & Co,Class 2,EH10 4EQ,324671,672172,125 BRUNTSFIELD PLACE
324667,672167,569,chemist,Lloyds Pharmacy,Class 1,EH10 4EQ,324667,672167,129 BRUNTSFIELD PLACE
324650,672152,570,fitted kitchens and design,Murray & Murray,Class 1,EH10 4EB,324650,672152,131 BRUNTSFIELD PLACE
324647,672148,571,hairdresser,Bryony Quate,Class 1,EH10 4EB,324647,672148,133 BRUNTSFIELD PLACE
324643,672145,572,hair (men's),Links Barber,Class 1,EH10 4EB,324643,672145,137 BRUNTSFIELD PLACE
324640,672142,573,hot food take-away (Indian),The Currie Leaf,SUI GENERIS,EH10 4EB,324640,672142,139 BRUNTSFIELD PLACE
324637,672139,574,"gifts, soft furnishings & fancy goods",Clementine,Class 1,EH10 4EB,324637,672139,141 BRUNTSFIELD PLACE
324571,672091,575,convenience store,Sainsbury's Local,Class 1,EH10 4DG,324571,672091,155-159 BRUNTSFIELD PLACE
324559,672085,576,restaurant (brasserie & bar),Montpeliers,Class 3,EH10 4DG,324559,672085,159A-163A BRUNTSFIELD PLACE
324552,672081,577,jeweller,McDonald-Greene,Class 1,EH10 4DG,324552,672081,165 BRUNTSFIELD PLACE
324548,672078,578,sandwich shop,Subway,Class 1,EH10 4DG,324548,672078,165A BRUNTSFIELD PLACE
324543,672076,579,toys (for young children),Gulliver's Toys and Gifts,Class 1,EH10 4DG,324543,672076,165B BRUNTSFIELD PLACE
324537,672072,580,vacant,vacant,Vacant,EH10 4DG,324537,672072,167 BRUNTSFIELD PLACE
324534,672069,581,"hot food take-away (fish & chips, pizzas)",Globetrotter,SUI GENERIS,EH10 4DG,324534,672069,169 BRUNTSFIELD PLACE
324533,672065,582,restaurant & hot food take-away,Himalaya Tandoori Restaurant,Class 3,EH10 4DG,324533,672065,171 BRUNTSFIELD PLACE
324531,672061,583,residential letting agency,ACE Property management Ltd.,Class 2,EH10 4DG,324531,672061,175 BRUNTSFIELD PLACE
324529,672057,584,chemist,Paton & Finlay,Class 1,EH10 4DG,324529,672057,177 BRUNTSFIELD PLACE
324528,672053,585,hot food take-away (Chinese),You Rice,SUI GENERIS,EH10 4DG,324528,672053,179 BRUNTSFIELD PLACE
324526,672047,586,delicatessen,Delicatessen,Class 1,EH10 4DG,324526,672047,181 BRUNTSFIELD PLACE
324525,672043,587,restaurant (Italian),Inca,Class 3,EH10 4DG,324525,672043,183 BRUNTSFIELD PLACE
324524,672038,588,"baker, confectioner & caf‚ (specialist)",Falko Konditormeister,Class 1,EH10 4DG,324524,672038,185 BRUNTSFIELD PLACE
324518,671989,589,fishmonger,George Hughes & Son,Class 1,EH10 4DQ,324518,671989,197 BRUNTSFIELD PLACE
324518,671981,590,"gifts, soft furnsihings",Acanthus,Class 1,EH10 4DH,324518,671981,201-203 BRUNTSFIELD PLACE
324518,671974,591,shoes (childrens),Maddie and marks,Class 1,EH10 4DH,324518,671974,205 BRUNTSFIELD PLACE
324518,671966,592,residential property agency,Trinity Factoring Services Ltd.,Class 2,EH10 4DH,324518,671966,209-211 BRUNTSFIELD PLACE
324517,671957,593,"greeting cards, calendars, stationery, gifts",Everyone's Designs,Class 1,EH10 4DH,324517,671957,213 BRUNTSFIELD PLACE
324518,671952,594,ladies clothing & accessories,Vivaldi,Class 1,EH10 4DH,324518,671952,217 BRUNTSFIELD PLACE
324518,671948,595,books,The Edinburgh Bookshop,Class 1,EH10 4DH,324518,671948,219 BRUNTSFIELD PLACE
324714,672260,596,Vacant, ,Vacant,EH10 4HG,324714,672260,88 BRUNTSFIELD PLACE
324698,672246,597,financial services - insurance,Swinton Insurance,Class 2,EH10 4ES,324698,672246,90-92 BRUNTSFIELD PLACE
324694,672242,598,"coffe shop, cafe",Meadowberry,Class 3,EH10 4ES,324694,672242,96 BRUNTSFIELD PLACE
324689,672237,599,ATM only,Bank of Scotland,Class 2,EH10 4ES,324689,672237,98 BRUNTSFIELD PLACE
324687,672235,600,cheescake bakery,Artisan Cheesecake,Class 1,EH10 4ES,324687,672235,100 BRUNTSFIELD PLACE
324684,672232,601,vacant, ,Vacant,EH10 4ES,324684,672232,104 BRUNTSFIELD PLACE
324681,672230,602,"omeware, gifts, fancy goods,  greeting cards",Curiouser and Curiouser,under refurb,EH10 4ES,324681,672230,106 BRUNTSFIELD PLACE
324677,672226,603,"homeware, gifts, fancy goods",Halibut & Herring,Class 1,EH10 4ES,324677,672226,108 BRUNTSFIELD PLACE
324674,672222,604,greeting cards & gift wrap,The Bay Tree Company,Class 1,EH10 4ES,324674,672222,110 BRUNTSFIELD PLACE
324670,672219,605,optician,R.C. Cunning,Class 1,EH10 4ES,324670,672219,114 BRUNTSFIELD PLACE
324665,672214,606,baker,Cuckoo Bakery,Class 1,EH10 4ES,324665,672214,116 BRUNTSFIELD PLACE
324662,672211,607,beauty salon,All About Eve,Class 1,EH10 4ES,324662,672211,118-120 BRUNTSFIELD PLACE
324653,672202,608,coffee shop,Costa,Class 3,EH10 4ES,324653,672202,124-130 BRUNTSFIELD PLACE
324634,672182,609,grocer / convenience store,Costcutter,Class 1,EH10 4ER,324634,672182,132-134 BRUNTSFIELD PLACE
324630,672178,610,barbers,Boombarber's,Class 1,EH10 4ER,324630,672178,136 BRUNTSFIELD PLACE
324625,672174,611,coffee shop,Aristian Roast,Class 3,EH10 4ER,324625,672174,138 BRUNTSFIELD PLACE
324622,672172,612,"Gigfts, curios",Moss Green of Edinburgh,Class 1,EH10 4ER,324622,672172,140 BRUNTSFIELD PLACE
324619,672169,613,antiques,Tippi,Class 1,EH10 4ER,324619,672169,144 BRUNTSFIELD PLACE
324617,672167,614,florist,Snapdragon,Class 1,EH10 4ER,324617,672167,146 BRUNTSFIELD PLACE
324613,672163,615,jewellery,Rosie Brown,Class 1,EH10 4ER,324613,672163,148 BRUNTSFIELD PLACE
324609,672161,616,shoe repairs / key cutting,S.O.S.,Class 1,EH10 4ER,324609,672161,150 BRUNTSFIELD PLACE
324605,672157,617,"gifts, china, gifts",Caroline Temple,Class 1,EH10 4ER,324605,672157,154 BRUNTSFIELD PLACE
324600,672154,618,"home-made food (preserves etc.), outside caterers",A la Carte,Class 1,EH10 4ER,324600,672154,156 BRUNTSFIELD PLACE
324598,672152,619,restaurant (Italian),Papilio,Class 3,EH10 4ER,324598,672152,158 BRUNTSFIELD PLACE
324592,672148,620,residential lettings,Edinburgh Letting Centre,Class 2,EH10 4ER,324592,672148,164 BRUNTSFIELD PLACE
324588,672145,621,hearing aids,Belquin Hearing Ltd,Class 1,EH10 4ER,324588,672145,166 BRUNTSFIELD PLACE
324583,672142,622,residential letting agency,Albany Lettings,Class 2,EH10 4ER,324583,672142,168 BRUNTSFIELD PLACE
324580,672140,623,Vacant, ,Vacant,EH10 4ER,324580,672140,170 BRUNTSFIELD PLACE
324576,672137,624,chocolate confectionery,Coco of Bruntsfield,Class 1,EH10 4ER,324576,672137,174 BRUNTSFIELD PLACE
324553,672123,625,wine merchant,Oddbins,Class 1,EH10 4DF,324553,672123,176 BRUNTSFIELD PLACE
324549,672120,626,ladies clothing,C'est si Bon,Class 1,EH10 4DF,324549,672120,178 BRUNTSFIELD PLACE
324544,672117,627,restaurant/cafe,Caf‚ Grande,Class 3,EH10 4DF,324544,672117,182-184 BRUNTSFIELD PLACE
324537,672112,628,butcher,William Christie,Class 1,EH10 4DF,324537,672112,186 BRUNTSFIELD PLACE
324534,672110,629,ladies clothing & accessories,Chi (incorporating miam-miam),Class 1,EH10 4DF,324534,672110,188 BRUNTSFIELD PLACE
324530,672107,630,coffee shop,Project Coffee,Class 3,EH10 4DF,324530,672107,192-194 BRUNTSFIELD PLACE
324525,672105,631,n/t/c,News Plus,Class 1,EH10 4DF,324525,672105,196 BRUNTSFIELD PLACE
324520,672101,632,baker,Greggs,Class 1,EH10 4DF,324520,672101,198 BRUNTSFIELD PLACE
324516,672099,633,hairdresser,Craig Davidson,Class 1,EH10 4DF,324516,672099,200 BRUNTSFIELD PLACE
324512,672096,634,baker,La Barahtime,Class 1,EH10 4DF,324512,672096,202 BRUNTSFIELD PLACE
324507,672093,635,bank,Royal Bank of Scotland,Class 2,EH10 4DF,324507,672093,206 BRUNTSFIELD PLACE
324491,672051,636,restaurant (Italian),Osteria Del Tempo Perso,Class 3,EH10 4DE,324491,672051,208 BRUNTSFIELD PLACE
324880,672582,637,hairdresser,JFK,Class 1,EH10 4HN,324880,672582,1 BRUNTSFIELD PLACE
324878,672577,638,locksmiths,Burgh Locks,Class 2,EH10 4HN,324878,672577,2 BRUNTSFIELD PLACE
324875,672572,639,restaurant (Chinese),Lee-On,Class 3,EH10 4HN,324875,672572,4-5 BRUNTSFIELD PLACE
324872,672565,640,charity shop,Thrift Shop (Birthlink),Class 1,EH10 4HN,324872,672565,6 BRUNTSFIELD PLACE
324908,672574,641,vacant,vacant,Vacant,EH10 4HN,324908,672574,7 BRUNTSFIELD PLACE
324906,672570,642,beauty salon,Zen Lifestyle,Class 1,EH10 4HN,324906,672570,9 BRUNTSFIELD PLACE
324870,672560,643,hairdresser,Riva Hair Design,Class 1,EH10 4HN,324870,672560,10 BRUNTSFIELD PLACE
324864,672548,644,off license,Drinkmonger,Class 1,EH10 4HN,324864,672548,11 BRUNTSFIELD PLACE
324861,672543,645,antiques,Young Antiques,Class 1,EH10 4HN,324861,672543,12 BRUNTSFIELD PLACE
324858,672538,646,sports equipment & clothing,Footworks,Class 1,EH10 4HN,324858,672538,14-17 BRUNTSFIELD PLACE
324853,672526,647,ladies clothes,Miss Dixiebelle,Class 1,EH10 4HN,324853,672526,19 BRUNTSFIELD PLACE
324850,672521,648,outdoors clothing,Nordic Outdoor,Class 1,EH10 4HN,324850,672521,20 BRUNTSFIELD PLACE
324846,672512,649,vacant,vacant,Vacant,EH10 4HN,324846,672512,22 BRUNTSFIELD PLACE
324845,672508,650,hairdresser,Kilmour Thomson,Class 1,EH10 4HN,324845,672508,23 BRUNTSFIELD PLACE
324844,672503,651,bicycles,Velo Ecosse,Class 1,EH10 4HJ,324844,672503,25-27 BRUNTSFIELD PLACE
324842,672497,652,white goods,Walker Plumbing & Heating,Class 1,EH10 4HJ,324842,672497,28 BRUNTSFIELD PLACE
324841,672492,653,antiques,Harlequin Antiques,Class 1,EH10 4HJ,324841,672492,30 BRUNTSFIELD PLACE
324838,672485,654,mens clothing & kilt hire,Davison Kilt Hire & Sales,Class 1,EH10 4HJ,324838,672485,31-33 BRUNTSFIELD PLACE
324835,672474,655,pets & pet supplies,Hill Lord & Co.,Class 1,EH10 4HJ,324835,672474,35 BRUNTSFIELD PLACE
324834,672468,656,residential letting agency,Accomodate Edinburgh,Class 2,EH10 4HJ,324834,672468,36 BRUNTSFIELD PLACE
324832,672461,657,charity shop,Salvation Army,Class 1,EH10 4HJ,324832,672461,37 BRUNTSFIELD PLACE
324831,672456,658,fabrics,The Dress Fabric Company,Class 1,EH10 4HJ,324831,672456,38 BRUNTSFIELD PLACE
324829,672450,659,restaurant (Thai),Thai Lemongrass Restaurant,Class 3,EH10 4HJ,324829,672450,40-41 BRUNTSFIELD PLACE
324877,672516,660,chiropractor,Bruntsfield Chiropractic Clinic,Class 2,EH10 4HJ,324877,672516,43 BRUNTSFIELD PLACE
324742,672286,661,"computers, computer accessories & repairs",Ideal Computing,Class 1,EH10 4HG,324742,672286,78 BRUNTSFIELD PLACE
324737,672281,662,hot food take-away (Indian),Aroma,SUI GENERIS,EH10 4HG,324737,672281,80 BRUNTSFIELD PLACE
324732,672277,663,"greeting cards, prints, posters, picture framing",Framers,Class 1,EH10 4HG,324732,672277,81 BRUNTSFIELD PLACE
324729,672274,664,beauty salon,Frenchy's,Class 1,EH10 4HG,324729,672274,83 BRUNTSFIELD PLACE
324726,672271,665,hot food take-away (Italian),Italian Connection,SUI GENERIS,EH10 4HG,324726,672271,84 BRUNTSFIELD PLACE
324720,672265,666,"clothing alterations and repairs, dressmaking, tailoring",Stitches,Class 1,EH10 4HG,324720,672265,85-86 BRUNTSFIELD PLACE
324728,672245,667,take away coffee and food,Bollywood,Class 3,EH10 4ES,324728,672245,(99A) BRUNTSFIELD PLACE
324662,672219,668,beauty treatments,ALL ABOUT EVE,Class 1,EH10 4ES,324662,672219,118-120 BRUNTSFIELD PLACE
318320,668196,669,driving test centre,Driving Test Centre,Class 4,EH14 5LT,318320,668196,13-15 BRYCE ROAD
318330,668195,670,hairdresser,Hair Tech,Class 1,EH14 5LT,318330,668195,17 BRYCE ROAD
318540,667927,671,hot food take-away (Chinese),Sun Luk,SUI GENERIS,EH14 5LD,318540,667927,56 BRYCE ROAD
318542,667923,672,optitions,Clear Vue,Class 1,EH14 5LD,318542,667923,60 BRYCE ROAD
323884,672451,673,grocer,Shop'n'Save,Class 1,EH11 1ED,323884,672451,1-3 BRYSON ROAD
323777,672415,674,hot food take away,Pan Asia,SUI GENERIS,EH11 1DX,323777,672415,26 BRYSON ROAD
326104,672930,675,caf‚ / take-away food,Kim's Mini Meals,Class 3,EH8 9JN,326104,672930,5 BUCCLEUCH STREET
326117,672874,676,"clothing alterations, tailoring, dressmaking",Pan Pan,Class 1,EH8 9LT,326117,672874,29-31 BUCCLEUCH STREET
326119,672867,677,Vacant,Vacant,Vacant,EH8 9LT,326119,672867,35 BUCCLEUCH STREET
326121,672861,678,hair & beauty,Hair Joy,Class 1,EH8 9LT,326121,672861,37 BUCCLEUCH STREET
326138,672794,679,Charity,Roots,Class 2,EH8 9LS,326138,672794,73 BUCCLEUCH STREET
326141,672781,680,restaurant (Thai),In Siam,Class 3,EH8 9LS,326141,672781,79 BUCCLEUCH STREET
326150,672757,681,public house,Dagda,SUI GENERIS,EH8 9NG,326150,672757,93-95 BUCCLEUCH STREET
326159,672729,682,restaurant (Japanese and Korean),Cafe Andamino,Class 3,EH8 9NG,326159,672729,111-113 BUCCLEUCH STREET
326163,672722,683,caf‚,Brazillian Sensation,Class 3,EH8 9NG,326163,672722,117-119 BUCCLEUCH STREET
326189,672690,684,advice office,Multicultural Advice & Information Service,Class 2,EH8 9NE,326189,672690,137 BUCCLEUCH STREET
326198,672677,685,ethnic community office,Pakistan Society of Edinburgh,Class 2,EH8 9NE,326198,672677,145 BUCCLEUCH STREET
326102,672847,686,cafe,Press Coffee,Class 3,EH8 9LP,326102,672847,30 BUCCLEUCH STREET
326104,672841,687,takeaway food,Deli Di Rollo,Class 1,EH8 9LP,326104,672841,34 BUCCLEUCH STREET
326105,672834,688,hot food take-away (Chinese),Tasty Noodle,SUI GENERIS,EH8 9LP,326105,672834,36 BUCCLEUCH STREET
326106,672830,689,office (interior design),Rough Design Partnership,Class 4,EH8 9LP,326106,672830,38 BUCCLEUCH STREET
326107,672827,690,public house,Moo Bar,SUI GENERIS,EH8 9LP,326107,672827,42-44 BUCCLEUCH STREET
326136,672735,691,vacant, ,Vacant,EH8 9NH,326136,672735,78 BUCCLEUCH STREET
326146,672712,692,role playing games,Black Lion Games,Class 11,EH8 9NH,326146,672712,90 BUCCLEUCH STREET
326149,672705,693,Restaurant (Korean),Sodaeng,Class 3,EH8 9NH,326149,672705,94 BUCCLEUCH STREET
326151,672700,694,hairdresser,Ebony & Ivory,Class 1,EH8 9NH,326151,672700,98 BUCCLEUCH STREET
326154,672693,695,cafe,Espresso,Class 3,EH8 9NQ,326154,672693,104 BUCCLEUCH STREET
326166,672674,696,cafe,Snax Cafe,Class 3,EH8 9NQ,326166,672674,118 BUCCLEUCH STREET
326172,672666,697,Media and signs,Adcentiv,Class 2,EH8 9NQ,326172,672666,124 BUCCLEUCH STREET
326581,675042,698,electrical contractors,John Redpath,Class 4,EH6 8SJ,326581,675042,1 BUCHANAN STREET
326646,675133,699,community development office,Pilmeny Development Project,Class 2,EH6 8SQ,326646,675133,19/21 BUCHANAN STREET
326715,675162,700,public house,The Tourmalet,SUI GENERIS,EH6 8SQ,326715,675162,25 BUCHANAN STREET
326699,675170,701,vacant,vacant,Vacant,EH6 8RE,326699,675170,28 BUCHANAN STREET
324652,668601,702,restaurant,Charwood,Class 3,EH10 6QR,324652,668601,47 BUCKSTONE TERRACE
324477,669055,703,bank,Bank of Scotland (HBOS),Class 2,EH10 6PZ,324477,669055,2 BUCKSTONE TERRACE
324481,669048,704,n/t/c,Buckstone Newsagent,Class 1,EH10 6PZ,324481,669048,4 BUCKSTONE TERRACE
324483,669044,705,solicitors,Allingham & Co. Solicitors,Class 2,EH10 6PZ,324483,669044,4A BUCKSTONE TERRACE
324485,669039,706,post office,Buckstone Terrace Post Office,Class 1,EH10 6PZ,324485,669039,8 BUCKSTONE TERRACE
324486,669035,707,hairdresser,Headturner,Class 1,EH10 6PZ,324486,669035,8A BUCKSTONE TERRACE
324489,669030,708,baker,Breadstix,Class 1,EH10 6PZ,324489,669030,10 BUCKSTONE TERRACE
324492,669024,709,chemist,Boots,Class 1,EH10 6PZ,324492,669024,10A BUCKSTONE TERRACE
324494,669019,710,hardware / bureau de change,The Home Hub / Currency King,Class 1,EH10 6PZ,324494,669019,14 BUCKSTONE TERRACE
324496,669013,711,caf‚,The Buckstone Caf‚,Class 3,EH10 6PZ,324496,669013,16 BUCKSTONE TERRACE
324506,668911,712,wine merchant,Majestic Wine Warehouse,Class 1,EH10 6QB,324506,668911,26-34 BUCKSTONE TERRACE
318647,673983,713,hot food takeaway (Turkish),Sultan,SUI GENERIS, ,318647,673983, 
318640,673981,714,hot food takeaway (fish and chip),Atlantis,SUI GENERIS, ,318640,673981, 
318633,673979,715,chemist,Lloyds,Class 1, ,318633,673979, 
318626,673978,716,grocer / convenience store,The Co-operative Food,Class 1, ,318626,673978, 
312231,677685,717,petrol filling station & shop,BP Connect,Class 1,EH30 9YJ,312231,677685,(1) BUILYEON ROAD
312323,677673,718,restaurant & hot food take-away,McDonalds,Class 3,EH30 9YJ,312323,677673,6 BUILYEON ROAD
327524,667908,719,"hot food take-away (Cantonese, Peking, Thai)",Mr. Hong's,SUI GENERIS,EH17 8AQ,327524,667908,10 BURDIEHOUSE TERRACE
327115,674414,720,bicycles,Eastside Bikes,Class 1,EH7 5SN,327115,674414,1 CADZOW PLACE
327120,674414,721,photography studio,Scott Parker Studio,Class 2,EH7 5SN,327120,674414,3 CADZOW PLACE
327120,674412,722,t.v. & video repairs,Armchair Theatre Video,Class 1,EH7 5SN,327120,674412,4 CADZOW PLACE
327134,674415,723,vacant,vacant,Vacant,EH7 5SN,327134,674415,5 CADZOW PLACE
327140,674415,724,restaurant,Gung Ho,Class 3,EH7 5SN,327140,674415,7-8 CADZOW PLACE
327148,674414,725,second-hand furniture,Abbey Saleroom,Class 1,EH7 5SN,327148,674414,9 CADZOW PLACE
327153,674414,726,pilates studio,KBC Pilates,Class 11,EH7 5SN,327153,674414,11 CADZOW PLACE
327158,674413,727,hot food takeaway,CKH,SUI GENERIS,EH7 5SN,327158,674413,12 CADZOW PLACE
327169,674412,728,n/t/c,KB Stores,Class 1,EH7 5SN,327169,674412,14-15 CADZOW PLACE
327174,674412,729,tattoo parlour,Asylum Tattoo Parlour,Class 1,EH7 5SN,327174,674412,17 CADZOW PLACE
327180,674411,730,hairdresser,Gents Haircut,Class 1,EH7 5SN,327180,674411,18 CADZOW PLACE
327185,674410,731,solicitor and estate agent,Aikman Bell,Class 2,EH7 5SN,327185,674410,19 CADZOW PLACE
327190,674410,732,public house,Safari Lounge,SUI GENERIS,EH7 5SN,327190,674410,21 CADZOW PLACE
319117,670383,733,grocer / convenience store,Calder Park Supermarket,Class 1,EH11 4JN,319117,670383,2-6 CALDER PARK
319143,670383,734,hot food take-away,Mario's Takeaway,SUI GENERIS,EH11 4JN,319143,670383,8 CALDER PARK
319150,670382,735,post office,Calder Crossway Sub Post Office,Class 1,EH11 4JN,319150,670382,10-12 CALDER PARK
319161,670382,736,hot food take-away,Taste of China,SUI GENERIS,EH11 4JN,319161,670382,14 CALDER PARK
319166,670382,737,ot food take-away,The Wee Roll Shop,SUI GENERIS,EH11 4JN,319166,670382,16 CALDER PARK
319170,670382,738,chemist,Calder Pharmacy (Vantage),Class 1,EH11 4JN,319170,670382,18 CALDER PARK
320343,670909,739,grocer / convenience store / post office,Scotmid,Class 1,EH11 4RH,320343,670909,283-289 CALDER ROAD
320331,670904,740,chemist,D. & A. Mackinnon Pharmacy,Class 1,EH11 4RH,320331,670904,291 CALDER ROAD
320288,670888,741,caf‚,OZ Caf‚,Class 3,EH11 4AH,320288,670888,329 CALDER ROAD
320283,670887,742,vacant,vacant,Vacant,EH11 4AH,320283,670887,331 CALDER ROAD
320279,670885,743,tanning studio,Tan Stand,Class 11,EH11 4AH,320279,670885,333 CALDER ROAD
320272,670882,744,betting shop,William Hill,Class 2,EH11 4AH,320272,670882,335-337 CALDER ROAD
320266,670879,745,vacant,vacant,Vacant,EH11 4AH,320266,670879,339 CALDER ROAD
320260,670877,746,grocer (lic.),Calder Road Food Store (Premier),Class 1,EH11 4AH,320260,670877,341-343 CALDER ROAD
320253,670873,747,hairdresser,Halo's Hair design,Class 1,EH11 4AH,320253,670873,345 CALDER ROAD
319700,670712,748,grocer / convenience store,Costcutter,Class 1,EH11 4AW,319700,670712,483 CALDER ROAD
319701,670706,749,chemist,Lloyds Pharmacy,Class 1,EH11 4AW,319701,670706,483A CALDER ROAD
319704,670695,750,public house,Artful Dodger,SUI GENERIS,EH11 4AW,319704,670695,485 CALDER ROAD
319715,670690,751,hot food take-away,Royal China,SUI GENERIS,EH11 4AW,319715,670690,487 CALDER ROAD
319716,670682,752,hot food take-away,Aldos Takeaway,SUI GENERIS,EH11 4AW,319716,670682,487A CALDER ROAD
319708,670677,753,hot food take-away (Chinese),Golden Shell,SUI GENERIS,EH11 4AW,319708,670677,489 CALDER ROAD
319703,670677,754,solicitors,Angus Mclennan & Co. Solicitors,Class 2,EH11 4AW,319703,670677,489A CALDER ROAD
319695,670675,755,betting shop,Ladbrokes,Class 2,EH11 4AW,319695,670675,491-491A CALDER ROAD
319688,670674,756,baker,A. & J. Kelly,Class 1,EH11 4AW,319688,670674,493 CALDER ROAD
319682,670673,757,grocer,Sighthill General Store,Class 1,EH11 4AW,319682,670673,493A CALDER ROAD
319683,670693,758,bank,TSB,Class 2,EH11 4AW,319683,670693,495 CALDER ROAD
319682,670700,759,n/t/c,R.S. McColl,Class 1,EH11 4AW,319682,670700,497 CALDER ROAD
319681,670705,760,butcher,P Campbell Quality Meats,Class 1,EH11 4AW,319681,670705,499 CALDER ROAD
319672,670709,761,car hire,Enterprise Rent-a-car,SUI GENERIS,EH11 4AW,319672,670709,501 CALDER ROAD
319734,670791,762,chemist,S.H.C. Pharmacy,Class 1,EH11 4AU,319734,670791,380(A) CALDER ROAD
319650,670773,763,car sales,Flyn Motor Company,Class 1,EH11 4AS,319650,670773,382 CALDER ROAD
324057,672872,764,grocer & n/t/c,News R Us,Class 1,EH11 2AJ,324057,672872,14-16 CALEDONIAN CRESCENT
323964,672955,765,architects,CiAO (City Architects Office),Class 4,EH11 2AS,323964,672955,4 CALEDONIAN PLACE
323967,672952,766,vacant,vacant,Vacant,EH11 2AS,323967,672952,6 CALEDONIAN PLACE
326199,674182,767,gallery,The Collective Gallery,Class 1,EH7 5AA,326199,674182,38(A1) CALTON HILL
325956,674096,768,public house,Pivo,SUI GENERIS,EH8 8DL,325956,674096,2-6 CALTON ROAD
324866,673402,769,caf‚,TBC Coffee Shop,Class 3,EH1 2ED,324866,673402,(10GF) CAMBRIDGE STREET
324866,673394,770,public house,Traverse Theatre Caf‚ Bar,SUI GENERIS,EH1 2ED,324866,673394,10(1F) CAMBRIDGE STREET
324885,673380,771,vacant,vacant,Vacant,EH1 2ED,324885,673380,(10A) CAMBRIDGE STREET
327537,674354,772,photography studio,The White Light Company,Class 2,EH7 5TZ,327537,674354,1 CAMBUSNETHAN STREET
327560,674346,773,hairdresser,SuSu Barbers,Class 1,EH7 5UA,327560,674346,4 CAMBUSNETHAN STREET
327552,674402,774,upholsterer,John White,Class 4,EH7 5UA,327552,674402,18 CAMBUSNETHAN STREET
324552,671181,775,alternative therapies,Calm Blue,Class 2,EH10 4SZ,324552,671181,1 CANAAN LANE
325681,673324,776,Fanboy merchendise,Fanboy,Class 1,EH1 2QG,325681,673324,19 CANDLEMAKER ROW
325679,673327,777,caf‚,Bobby's Caf‚,Class 3,EH1 2QG,325679,673327,21 CANDLEMAKER ROW
325681,673322,778,gallery,Little Ox Gallery,Class 1,EH1 2QE,325681,673322,23 CANDLEMAKER ROW
325675,673334,779,vacant,vacant,Vacant,EH1 2QG,325675,673334,25 CANDLEMAKER ROW
325674,673337,780,comics,Deadhead Comics,Class 1,EH1 2QG,325674,673337,27 CANDLEMAKER ROW
325653,673361,781,public house,Oz Bar,SUI GENERIS,EH1 2QG,325653,673361,31-33 CANDLEMAKER ROW
325617,673378,782,antiques,Joys,Class 1,EH1 2QB,325617,673378,39 CANDLEMAKER ROW
325622,673376,783,jewellers,Hannah Zakari,Class 1, ,325622,673376, 
325687,673279,784,tour guide shop,Creepy Wee Shop in the Graveyard,Class 1,EH1 2QE,325687,673279,26B CANDLEMAKER ROW
325686,673285,785,public house,Greyfriars Bobby,SUI GENERIS,EH1 2QE,325686,673285,30-34 CANDLEMAKER ROW
325673,673307,786,knitwear,Joyce Forsyth,Class 1,EH1 2QE,325673,673307,42 CANDLEMAKER ROW
325670,673312,787,restaurant (Japanese),Tang's,Class 3,EH1 2QE,325670,673312,44 CANDLEMAKER ROW
325666,673320,788,book shop,Transreal Fiction,Class 1,EH1 2QE,325666,673320,46 CANDLEMAKER ROW
325662,673327,789,tattoo studio,Venus Flytrap Tattoo,Class 2,EH1 2QE,325662,673327,50 CANDLEMAKER ROW
325659,673332,790,antiques,Still Life,Class 1,EH1 2QE,325659,673332,54 CANDLEMAKER ROW
325655,673336,791,books,Avizandum,Class 1,EH1 2QE,325655,673336,56A CANDLEMAKER ROW
325652,673338,792,books,Avizandum,Class 1,EH1 2QE,325652,673338,58 CANDLEMAKER ROW
325646,673343,793,arts and picture framimg,Maple Arts,Class 1,EH1 2QE,325646,673343,62-64 CANDLEMAKER ROW
324451,673376,794,caf‚,D'Espresso Bistro,Class 3,EH3 8EG,324451,673376,22 CANNING STREET
325249,675010,795,hot food take-away (Chinese),Jade Garden,SUI GENERIS,EH3 5HE,325249,675010,12 CANON STREET
326724,673920,796,gifts / souvenirs,Gifts of Scotland,Class 1,EH8 8BX,326724,673920,3 CANONGATE
326710,673910,797,professional sound & lighting sysytems,Pegasus Sound & Light,Class 4,EH8 8BX,326710,673910,23-25 CANONGATE
326696,673903,798,vacant,vacant,Vacant,EH8 8BS,326696,673903,29 CANONGATE
326598,673865,799,public house,Kilderkin,SUI GENERIS,EH8 8BS,326598,673865,67 CANONGATE
326584,673859,800,caf‚ & tea room,Clarinda's Tea Room,Class 3,EH8 8BS,326584,673859,69 CANONGATE
326553,673845,801,gifts & souvenirs,The Genuine Article,Class 1,EH8 8BP,326553,673845,97 CANONGATE
326535,673838,802,grocer,Canongate Stores,Class 1,EH8 8BP,326535,673838,101 CANONGATE
326515,673825,803,gifts & souvenirs,I Love Edinburgh,Class 1,EH8 8BP,326515,673825,125 CANONGATE
326503,673820,804,gifts & souvenirs,Neanie Scott,Class 1,EH8 8BP,326503,673820,131 CANONGATE
326498,673818,805,scottish cothing,The Royal Mile Factory Outlet,Class 1,EH8 8BP,326498,673818,133-135 CANONGATE
326483,673814,806,Christmas decorations,Ye Olde Christmas Shoppe,Class 1,EH8 8BN,326483,673814,143-145 CANONGATE
326405,673785,807,public house,Tolbooth Tavern,SUI GENERIS,EH8 8BN,326405,673785,167 CANONGATE
326395,673784,808,"jewellery, gifts",Hamilton and Young,Class 1,EH8 8BN,326395,673784,173 CANONGATE
326387,673781,809,"jewellery, gifts",Hamilton and Young,Class 1,EH8 8BN,326387,673781,175 CANONGATE
326374,673775,810,vacant,vacant,Vacant,EH8 8BN,326374,673775,181-183 CANONGATE
326361,673766,811,souveniers,Prestige Scotland,Class 1,EH8 8BN,326361,673766,187 CANONGATE
326351,673763,812,kilts,Nicolson Highlandwear,Class 1,EH8 8BN,326351,673763,189 CANONGATE
326342,673760,813,vacant,vacant,Vacant,EH8 8BN,326342,673760,193 CANONGATE
326333,673758,814,"coffee shop, confectionery",Fudge House of Edinburgh,Class 3,EH8 8BN,326333,673758,197 CANONGATE
326243,673733,815,caf‚ (turkish),Caf‚ Truva,Class 3,EH8 8BQ,326243,673733,251-253 CANONGATE
326217,673725,816,coffee shop,Has Beans Coffee House,Class 3,EH8 8BQ,326217,673725,261 CANONGATE
326208,673723,817,scottish foods / gifts,Cranachan & Crowdie,Class 1,EH8 8BQ,326208,673723,263 CANONGATE
326201,673722,818,restaurant,Wedgewood,Class 3,EH8 8BQ,326201,673722,267 CANONGATE
326163,673716,819,gifts,Wonders of Nature,Class 1,EH8 8BD,326163,673716,297 CANONGATE
326157,673714,820,grocer,The Scottish Grocer,Class 1,EH8 8BD,326157,673714,299 CANONGATE
326607,673846,821,hot food take away (pulled pork),Pink,SUI GENERIS,EH8 8BZ,326607,673846,82 CANONGATE
326537,673813,822,cashmere clothing,Holyrood Cashmere,Class 1,EH8 8DD,326537,673813,98 CANONGATE
326520,673806,823,record store,Unknown Pleasures,Class 1,EH8 8DD,326520,673806,110 CANONGATE
326513,673804,824,gifts,The Best Fae Scotland,Class 1,EH8 8DD,326513,673804,112 CANONGATE
326499,673799,825,caf‚,Starbucks,Class 3,EH8 8DD,326499,673799,116-118 CANONGATE
326463,673784,826,caf‚,Cafe Vivo,Class 3,EH8 8DD,326463,673784,136 CANONGATE
326419,673766,827,"gifts, curios, jewellery",The Wyrd Shop,Class 1,EH8 8DD,326419,673766,154 CANONGATE
326419,673766,828,jewellery,Celtic Design,Class 1,EH8 8DD,326419,673766,156 CANONGATE
326419,673766,829,caf‚,Sugarhouse Sandwich,Class 3,EH8 8DD,326419,673766,158 CANONGATE
326409,673763,830,hot food take-away,Bene's Fish & Chips,SUI GENERIS,EH8 8DD,326409,673763,162 CANONGATE
326409,673763,831,souvenirs,Cannongate Jerseys and Crafts,Class 1,EH8 8DD,326409,673763,164 CANONGATE
326409,673763,832,souvenirs,Cannongate Jerseys and Crafts,Class 1,EH8 8DD,326409,673763,166 CANONGATE
326396,673754,833,"gifts, souvenirs",Simply Scottish,Class 1,EH8 8DF,326396,673754,168 CANONGATE
326396,673754,834,specialist whiskies,Cadenhead's Whisky Shop,Class 1,EH8 8DF,326396,673754,172 CANONGATE
326282,673721,835,scottish gifts,Mama Said,Class 3,EH8 8DQ,326282,673721,204 CANONGATE
326273,673718,836,tweeds / woollens,Macraes of Edinburgh,Class 1,EH8 8DQ,326273,673718,208 CANONGATE
326261,673715,837,public house,The Canon's Gait,SUI GENERIS,EH8 8DQ,326261,673715,232 CANONGATE
326236,673707,838,restaurant,Pancho Villa's,Class 3,EH8 8AB,326236,673707,240 CANONGATE
326212,673703,839,caf‚,Table Top Caf‚,Class 3,EH8 8AB,326212,673703,244 CANONGATE
326209,673703,840,"tattoo studio, body piercing",Tribal Body Jewellery,Class 2,EH8 8AA,326209,673703,248 CANONGATE
326204,673702,841,caf‚,Mini Bakehouse,Class 3,EH8 8AA,326204,673702,250 CANONGATE
326196,673701,842,whisky and cigar specialist,Teasurer 1874,Class 1,EH8 8AA,326196,673701,254 CANONGATE
326188,673700,843,public house,White Horse,SUI GENERIS,EH8 8AA,326188,673700,266 CANONGATE
326182,673699,844,"clothing, footwear",focus,Class 1,EH8 8AA,326182,673699,270 CANONGATE
326179,673698,845,fine art,Royal Mile Gallery,Class 1,EH8 8AA,326179,673698,272 CANONGATE
326174,673697,846,caf‚,Le Caf‚ Royal,Class 3,EH8 8AA,326174,673697,274 CANONGATE
326169,673696,847,mens clothing,Solo Menswear,Class 1,EH8 8AA,326169,673696,276 CANONGATE
326165,673694,848,clothing,Ragamuffin,Class 1,EH8 8AA,326165,673694,278 CANONGATE
325354,675021,849,public house,Cross & Corner,SUI GENERIS,EH3 5HA,325354,675021,1 CANONMILLS
325333,675028,850,cafe,Bluebird Cafe,Class 3,EH3 5HA,325333,675028,5 CANONMILLS
325296,675018,851,petrol filling station & shop,BP,Class 1,EH3 5HA,325296,675018,23 CANONMILLS
325242,675051,852,interiors,Napier,Class 1,EH3 5LH,325242,675051,30 CANONMILLS
325203,675077,853,restaurant & shop,EARTHY FOODS & GOODS LTD,Class 3,EH3 5LF,325203,675077,1-6 CANONMILLS BRIDGE
327813,668262,854,beauty salon,Beautiful U,Class 1,EH17 8HN,327813,668262,62 CAPTAIN'S ROAD
324999,673799,855,coffee shop,Castello Coffee Company,Class 3,EH2 3AH,324999,673799,5 CASTLE STREET
324995,673810,856,bank,Virgin Money,Class 2,EH2 3AH,324995,673810,9 CASTLE STREET
324994,673813,857,day spa,Castle Thai Spa,Class 1,EH2 3AH,324994,673813,9A CASTLE STREET
324991,673824,858,coffee shop,Costa Coffee,Class 3,EH2 3AH,324991,673824,13A CASTLE STREET
324989,673829,859,restaurant (Italian),Strada,Class 3,EH2 3AH,324989,673829,15 CASTLE STREET
324988,673832,860,vacant,vacant,Vacant, ,324988,673832, 
324985,673840,861,bank,TSB,Class 2,EH2 3AH,324985,673840,19 CASTLE STREET
324983,673856,862,grocer,Day Today,Class 1,EH2 3DN,324983,673856,21(GF10) CASTLE STREET
324982,673860,863,restaurant (Chinese),Golden Dragon,Class 3,EH2 3DN,324982,673860,21(GF20) CASTLE STREET
324980,673866,864,"leather goods, shoe repairs, key cutting",H. Robertson,Class 1,EH2 3DN,324980,673866,21A CASTLE STREET
324903,673839,865,public house,The Amber Rose,SUI GENERIS,EH2 3HT,324903,673839,22A CASTLE STREET
324978,673873,866,"charity shop (hand-knitted clothing, craft goods)",The Treasure Trove (Royal Edinburgh Repository & Self Aid Society),Class 1,EH2 3DN,324978,673873,23(GF) CASTLE STREET
324976,673880,867,caf‚ & take-away food,Pret a Manger,Class 3,EH2 3DN,324976,673880,25 CASTLE STREET
324974,673885,868,"wall & floor tiles, interior d‚cor",Fired Earth,Class 1,EH2 3DN,324974,673885,29 CASTLE STREET
324971,673895,869,kitchen showroom,Harvey Jones Kitchens,Class 1,EH2 3DN,324971,673895,31 CASTLE STREET
324969,673900,870,restaurant (Thai),Chaophraya,Class 3,EH2 3DN,324969,673900,33(3F1) CASTLE STREET
324967,673789,871,mens clothing,High & Mighty,Class 1,EH2 3AT,324967,673789,4 CASTLE STREET
324964,673797,872,footwear,Ted & Muffy,Class 1,EH2 3AT,324964,673797,8 CASTLE STREET
324960,673815,873,adventure travel agents,Trailfinders,Class 1,EH2 3AT,324960,673815,14 CASTLE STREET
324946,673859,874,restaurant,T.G.I. Fridays,Class 3,EH2 3HT,324946,673859,26 CASTLE STREET
324938,673890,875,mens clothing,Pink,Class 1,EH2 3HT,324938,673890,32A CASTLE STREET
324940,673885,876,mens clothing,Pink,Class 1, ,324940,673885, 
324768,673506,877,restaurant,Wagamama,Class 3,EH1 2DP,324768,673506,1 CASTLE TERRACE
324993,673310,878,restaurant,Castle Terrace,Class 3,EH1 2EL,324993,673310,33 CASTLE TERRACE
324983,673292,879,restaurant (Italian),Il Castello Ristorante & Pizzeria,Class 3,EH1 2EL,324983,673292,36 CASTLE TERRACE
325457,673533,880,gifts,Castle Gift Shop,Class 1,EH1 2ND,325457,673533,539 CASTLEHILL
325455,673532,881,ice cream parlour,Mackie's of Scotland,Class 3,EH1 2ND,325455,673532,539A CASTLEHILL
325450,673531,882,ice cream parlour,Mackie's of Scotland,Class 3,EH1 2ND,325450,673531,541 CASTLEHILL
325408,673503,883,restaurant,Contini Royal Mile Caf‚,Class 3,EH1 2NE,325408,673503,356 CASTLEHILL
325123,673438,884,restaurant,Sodexho,Class 3,EH1 2NG,325123,673438,(364) CASTLEHILL
323630,672890,885,vacant,vacant,Vacant,EH11 2HE,323630,672890,26 CATHCART PLACE
328359,672700,886,public house,Sheep's Heid,SUI GENERIS,EH15 3QA,328359,672700,43 THE CAUSEWAY
326289,672391,887,n/t/c,Meadow News,Class 1,EH9 1QF,326289,672391,17 CAUSEWAYSIDE
326290,672386,888,restaurant,Hewat's,Class 3,EH9 1QF,326290,672386,19 CAUSEWAYSIDE
326295,672371,889,public house,Victoria Bar,SUI GENERIS,EH9 1QF,326295,672371,25-27 CAUSEWAYSIDE
326298,672362,890,chiropodist,Feet First,Class 2, ,326298,672362, 
326312,672348,891,wine merchant,Majestic Wines,Class 1,EH9 1QF,326312,672348,39 CAUSEWAYSIDE
326308,672335,892,florist,Lorraine Graham Flowers,Class 1,EH9 1QF,326308,672335,45 CAUSEWAYSIDE
326311,672328,893,restaurant,Celadon Thai Restaurant,Class 3,EH9 1QF,326311,672328,49-51 CAUSEWAYSIDE
326313,672320,894,beauty salon,True Thai,Class 1,EH9 1QF,326313,672320,55 CAUSEWAYSIDE
326319,672306,895,Antiques,Bygones,Class 1,EH9 1QF,326319,672306,63 CAUSEWAYSIDE
326320,672303,896,antiques,Allan K.L Jackson,Class 1,EH9 1QF,326320,672303,67 CAUSEWAYSIDE
326344,672260,897,vacant,vacant,Vacant,EH9 1QG,326344,672260,89 CAUSEWAYSIDE
326344,672260,898,vacant,vacant,Vacant,EH9 1QG,326344,672260,93 CAUSEWAYSIDE
326348,672242,899,restaurant,Sambuca,Class 3,EH9 1QG,326348,672242,99 CAUSEWAYSIDE
326349,672237,900,restaurant,Sambuca,Class 3,EH9 1QG,326349,672237,101-103 CAUSEWAYSIDE
326408,672037,901,antique & reproduction furniture,Vintage & Reclaimed,Class 1,EH9 1PH,326408,672037,179-181 CAUSEWAYSIDE
326411,672034,902,vacant,VACANT,Vacant,EH9 1PH,326411,672034,187 CAUSEWAYSIDE
326408,672034,903,hairdresser,Hair by Colours,Class 1, ,326408,672034, 
326410,672032,904,furniture restorer,Chairwoman,Class 2,EH9 1PH,326410,672032,189 CAUSEWAYSIDE
326411,672029,905,roofing contractors,KM Contracts,Class 4,EH9 1PH,326411,672029,191 CAUSEWAYSIDE
326432,671971,906,hot food take-away,Bella Roma Takeaway,SUI GENERIS,EH9 1PH,326432,671971,223 CAUSEWAYSIDE
326442,671948,907,public house,Old Bell Inn,SUI GENERIS,EH9 1PH,326442,671948,233 CAUSEWAYSIDE
326440,671953,908,restaurant,New Bell Restaurant,Class 3,EH9 1PH,326440,671953,233/1 CAUSEWAYSIDE
326288,672319,909,Second hand furniture,The Bright Green Initiative,Class 1,EH9 1PY,326288,672319,56 CAUSEWAYSIDE
326290,672288,910,Supermarket,J SAINSBURY PLC,Class 1,EH9 1PY,326290,672288,72-78 CAUSEWAYSIDE
326306,672278,911,vacant,vacant,Vacant,EH9 1PY,326306,672278,84 CAUSEWAYSIDE
326322,672238,912,hair and beauty,"Lipstick, Lashes and Locks",Class 1,EH9 1PU,326322,672238,100 CAUSEWAYSIDE
326322,672238,913,Professional children party organisers,wonderful world of parties,Class 2,EH9 1PU,326322,672238,102 CAUSEWAYSIDE
326322,672238,914,antique furniture,Patrick Buckley Antiques,Class 1,EH9 1PU,326322,672238,106-108 CAUSEWAYSIDE
326328,672224,915,sporran maker,Wm. E Scott,Class 4,EH9 1PU,326328,672224,110-112 CAUSEWAYSIDE
326331,672214,916,public house,Scotch Hop,SUI GENERIS,EH9 1PU,326331,672214,114 CAUSEWAYSIDE
326326,672185,917,lighting & furniture,Cotterell Light Centres,Class 1,EH9 1PU,326326,672185,122 CAUSEWAYSIDE
326347,672151,918,public house,No.1 Grange Road,SUI GENERIS,EH9 1PR,326347,672151,130-132 CAUSEWAYSIDE
326361,672092,919,bathroom showroom,Broscolo Bathrooms,Class 1,EH9 1PR,326361,672092,156 CAUSEWAYSIDE
326367,672072,920,supermarket,Tesco Express,Class 1,EH9 1PR,326367,672072,158 CAUSEWAYSIDE
326382,672039,921,furnishing foam,The Foam Centre,Class 1,EH9 1PN,326382,672039,176 CAUSEWAYSIDE
326384,672031,922,vacant,vacant,Vacant,EH9 1PN,326384,672031,180 CAUSEWAYSIDE
326385,672028,923,hairdresser (gents),Baxters The Barber,Class 1,EH9 1PN,326385,672028,182 CAUSEWAYSIDE
326387,672025,924,take-away food,Grange Take-Away,Class 1,EH9 1PN,326387,672025,186 CAUSEWAYSIDE
326386,672019,925,Restaurant (Indian),Pataka Indian and Bengali,Class 3,EH9 1PN,326386,672019,188-190 CAUSEWAYSIDE
326391,672015,926,restaurant (indian & Bangladeshi),Pataka,Class 3, ,326391,672015, 
326386,671925,927,bike recycling,The Bike Station,Class 1,EH9 1UU,326386,671925,250 CAUSEWAYSIDE
326392,671912,928,spherical projection,Pufferfish,Class 2,EH9 1UU,326392,671912,252 CAUSEWAYSIDE
326050,673737,929,caf‚,Forsyth's Tea Room,Class 3,EH1 1SS,326050,673737,"1 CHALMERS CLOSE, ( 81 HIGH STREET )"
325974,673424,930,public house,The Jazz Bar,SUI GENERIS,EH1 1HR,325974,673424,1A CHAMBERS STREET
325965,673421,931,hi-fi equipment,Richer Sounds,Class 1,EH1 1HR,325965,673421,1B CHAMBERS STREET
325732,673343,932,restaurant & public house,Revolution,Class 3,EH1 1HU,325732,673343,30A CHAMBERS STREET
325706,673339,933,restaurant,Nando's,Class 3,EH1 1HU,325706,673339,32 CHAMBERS STREET
325722,673339,934,restaurant,The Tower,Class 3,EH1 1JF,325722,673339,(44A) CHAMBERS STREET
325564,676204,935,designer radiators,The Radiator Store,Class 1,EH6 4SS,325564,676204,17-18 CHANCELOT TERRACE
326028,673037,936,sandwich shop,The Wrap Place,Class 3,EH8 9AY,326028,673037,4 CHAPEL STREET
326028,673037,937,caf‚ & sandwich bar,Nile Valley Caf‚,Class 3,EH8 9AY,326028,673037,6 CHAPEL STREET
326028,673037,938,caf‚ (African Caribbean),Jollof Hub,Class 3,EH8 9AY,326028,673037,10 CHAPEL STREET
326028,673026,939,restaurant,Buffalo Grill,Class 3,EH8 9AY,326028,673026,12-14 CHAPEL STREET
324557,673778,940,restaurant & public house,Indigo Yard,Class 3,EH2 4QZ,324557,673778,7 CHARLOTTE LANE
324567,673790,941,public house,SYGN,SUI GENERIS,EH2 4QZ,324567,673790,15 CHARLOTTE LANE
321867,671602,942,bank,Royal Bank of Scotland,Class 2,EH14 1TB,321867,671602,1 CHESSER AVENUE
324523,671681,943,"gifts, cards,fancy goods",The Ugly Duckling,Class 1,EH10 4BE,324523,671681,3 CHURCH HILL PLACE
324527,671682,944,beauty salon,Holly Blue Nails & Beauty,Class 1,EH10 4BE,324527,671682,5 CHURCH HILL PLACE
324534,671682,945,"homeware, fancy goods",Time and Tide,Class 1,EH10 4BE,324534,671682,7-9 CHURCH HILL PLACE
324543,671683,946,vacant,vacant,Vacant,EH10 4BE,324543,671683,13-15 CHURCH HILL PLACE
324554,671685,947,funeral directors,Barclays,Class 1,EH10 4BE,324554,671685,17 CHURCH HILL PLACE
324561,671685,948,beauty treatments,Dermal Clinic,Class 1, ,324561,671685, 
324534,671657,949,furniture & floor coverings,James Erskine,Class 1,EH10 4BD,324534,671657,6-10 CHURCH HILL PLACE
324538,671657,950,hair productes,Intelligent Hair Growth,Class 1,EH10 4BD,324538,671657,14-16 CHURCH HILL PLACE
326203,672830,951,hairdresser (gents),Barbers 3-2-1,Class 1,EH8 9JH,326203,672830,3 CLERK STREET
326205,672826,952,letting office,Letslet,Class 2,EH8 9JH,326205,672826,5 CLERK STREET
326216,672804,953,bank,TSB,Class 2,EH8 9JH,326216,672804,11 CLERK STREET
326218,672800,954,Post Office,Post Office,Class 1,EH8 9JH,326218,672800,13 CLERK STREET
326223,672792,955,antiques / fine teas,Anteaques,Class 1,EH8 9JH,326223,672792,17 CLERK STREET
326226,672786,956,optician,Browns Optician,Class 1,EH8 9JH,326226,672786,19 CLERK STREET
326230,672779,957,Grocer (Polish),Polish Shop,Class 1,EH8 9JH,326230,672779,21 CLERK STREET
326234,672771,958,Grocer (chinese),Starlight Chinese Supermarket,Class 1,EH8 9JH,326234,672771,25-29 CLERK STREET
326238,672765,959,hot food take-away,Marmaris Restaurant,SUI GENERIS,EH8 9JH,326238,672765,33-35 CLERK STREET
326239,672761,960,hot food take-away,Marmaris Restaurant,SUI GENERIS, ,326239,672761, 
326247,672748,961,"clothing alterations, sewing, tailoring",Stitch Master,Class 1,EH8 9JQ,326247,672748,37 CLERK STREET
326249,672744,962,hairdresser (gents),Bailey's Barber,Class 1,EH8 9JQ,326249,672744,39 CLERK STREET
326251,672741,963,Newsagents,best-one,Class 1,EH8 9JQ,326251,672741,43 CLERK STREET
326253,672737,964,charity shop,Barnardo's,Class 1,EH8 9JQ,326253,672737,45 CLERK STREET
326256,672732,965,curios,Apothecary,Class 1,EH8 9JQ,326256,672732,47 CLERK STREET
326258,672728,966,greeting cards & gifts,The Paper Gallery,Class 1,EH8 9JQ,326258,672728,49 CLERK STREET
326260,672724,967,restaurant (Indian),Tikka Mahal,Class 3,EH8 9JQ,326260,672724,53 CLERK STREET
326262,672720,968,vacant,vacant,Vacant,EH8 9JQ,326262,672720,55 CLERK STREET
326265,672715,969,hot food take-away (chinese),Fusion,SUI GENERIS,EH8 9JQ,326265,672715,57 CLERK STREET
326267,672711,970,videotape hire,Vogue Video,Class 1,EH8 9JQ,326267,672711,59 CLERK STREET
326269,672707,971,restaurant,Desi Cuisine,Class 3,EH8 9JQ,326269,672707,63 CLERK STREET
326271,672704,972,hairdresser,Gordon Black,Class 1,EH8 9JQ,326271,672704,65 CLERK STREET
326274,672699,973,caf‚,The Wee Boulangerie,Class 3,EH8 9JG,326274,672699,67 CLERK STREET
326276,672695,974,Record Shak,Record Shak,Class 1,EH8 9JG,326276,672695,69 CLERK STREET
326278,672692,975,e-Cigarettes,Puff and Stuff,Class 1,EH8 9JG,326278,672692,73 CLERK STREET
326280,672689,976,delicatessen,Bonningtons Delicatessen,Class 1,EH8 9JG,326280,672689,75 CLERK STREET
326284,672683,977,public house,The Grapes,SUI GENERIS,EH8 9JG,326284,672683,77 CLERK STREET
326286,672678,978,Mobile Phone and Computer Repair Centre,Mobile Phone and Computer Repair Centre,Class 1,EH8 9JG,326286,672678,83 CLERK STREET
326223,672851,979,hairdresser & beauty salon,Ruby Rouge,Class 1,EH8 9HX,326223,672851,2 CLERK STREET
326228,672842,980,Restaurant (Indian),Tanjore,Class 3,EH8 9HX,326228,672842,6-8 CLERK STREET
326232,672834,981,nail salon,USA Nails,Class 1,EH8 9HX,326232,672834,10 CLERK STREET
326234,672830,982,fishmonger,Welch's Quality Fish,Class 1,EH8 9HX,326234,672830,12 CLERK STREET
326236,672825,983,Chinese medicine and acupunture,Acuremedy,Class 2,EH8 9HX,326236,672825,16 CLERK STREET
326239,672819,984,public house,McSorleys,SUI GENERIS,EH8 9HX,326239,672819,18-24 CLERK STREET
326242,672815,985,n/t/c,Capital Newsagents,Class 1,EH8 9HX,326242,672815,26 CLERK STREET
326244,672810,986,restaurant (Malaysia),Kampong Ah Lee,Class 3,EH8 9HX,326244,672810,28 CLERK STREET
326247,672805,987,betting shop,William Hill,Class 2,EH8 9HX,326247,672805,30-32 CLERK STREET
326249,672800,988,butcher,First Class Butchers,Class 1,EH8 9HX,326249,672800,36 CLERK STREET
326252,672795,989,Coffee shop,Filament Coffee,Class 3,EH8 9HX,326252,672795,38 CLERK STREET
326256,672789,990,Hairdressers,Evas Hair and Salon,Class 1,EH8 9HX,326256,672789,40 CLERK STREET
326259,672784,991,Letting Agents,Easylet,Class 2,EH8 9HX,326259,672784,42-44 CLERK STREET
326276,672753,992,chemist,Newington Pharmacy,Class 1,EH8 9JB,326276,672753,46-50 CLERK STREET
326280,672746,993,Juggling supplies,Cascade Juggling,Class 1,EH8 9JB,326280,672746,52 CLERK STREET
326283,672740,994,Hot food take-away,Flip,SUI GENERIS,EH8 9JB,326283,672740,54 CLERK STREET
326356,672522,995,hot food take-away,Taksim,SUI GENERIS,EH8 9JB,326356,672522,54A CLERK STREET
326287,672733,996,musical,Drum Central,Class 1,EH8 9JB,326287,672733,58 CLERK STREET
326292,672725,997,Specialist off license,Bottle Baron,Class 1,EH8 9JB,326292,672725,60 CLERK STREET
326294,672720,998,Clothing alterations,Lu's Tailor,Class 1,EH8 9JB,326294,672720,62 CLERK STREET
326297,672715,999,retro & second-hand clothing,W. Armstrong & Son,Class 1,EH8 9JB,326297,672715,64-66 CLERK STREET
320011,674653,1000,vacant,vacant,Vacant, ,320011,674653, 
320101,672947,1001,building contractors,Apex Building Services,Class 4, ,320101,672947, 
320101,672951,1002,hairdresser,Sher,Class 1, ,320101,672951, 
324008,673237,1003,Public House,Platform 5,SUI GENERIS,EH12 5DR,324008,673237,(8) CLIFTON TERRACE
323993,673224,1004,Bus Information & Sevices,Lothian Buses Travel Shop,Class 1,EH12 5DR,323993,673224,9 CLIFTON TERRACE
323975,673225,1005,"hot food take-away (fish & chips, pizzas, kebabs)",The Station Takeaway,SUI GENERIS,EH12 5DR,323975,673225,10 CLIFTON TERRACE
323986,673224,1006,Photography,Nicola Bald Photography,Class 2,EH12 5DR,323986,673224,11 CLIFTON TERRACE
323980,673224,1007,restaurant,La Bruschetta,Class 3,EH12 5DR,323980,673224,13 CLIFTON TERRACE
323968,673225,1008,Vacant,Vacant,Vacant,EH12 5DR,323968,673225,14 CLIFTON TERRACE
312461,672507,1009,petrol filling station & shop,BP / Spar / Subway,Class 1,EH28 8LQ,312461,672507,1 CLIFTONHALL ROAD
312497,672516,1010,restaurant & hot food take-away,McDonalds,Class 3,EH28 8PW,312497,672516,2 CLIFTONHALL ROAD
312485,672292,1011,bakery / takeaway food,Greggs,Class 1,EH28 8PJ,312485,672292,(10D) NEWBRIDGE INDUSTRIAL ESTATE
320302,669485,1012,grocer,Best-One,Class 1,EH14 3BG,320302,669485,3 CLOVENSTONE PARK
324299,673428,1013,restaurant,Indian Caverlry Club,Class 3,EH3 7AF,324299,673428,22 COATES CRESCENT
326759,676543,1014,sports equipment & clothing,Sports Warehouse,Class 1,EH6 5HB,326759,676543,24/26 COBURG STREET
326630,676511,1015,restaurant,The Water of Leith Bistro,Class 3,EH6 6HJ,326630,676511,52 COBURG STREET
326554,676476,1016,insurance broker,Bruce Stevenson,Class 4,EH6 6HJ,326554,676476,78-80 COBURG STREET
325837,674750,1017,solicitor,Andrew Houston,Class 2, ,325837,674750, 
325725,673719,1018,gifts,Cutie House,Class 1,EH1 1BP,325725,673719,5 COCKBURN STREET
325729,673716,1019,coffee shop (opening soon),The Milkman,Class 3,EH1 1BP,325729,673716,7 COCKBURN STREET
325735,673714,1020,records,Underground Solu'shn,Class 1,EH1 1BP,325735,673714,9 COCKBURN STREET
325745,673712,1021,public house,Malt Shovel,SUI GENERIS,EH1 1BP,325745,673712,11-15 COCKBURN STREET
325757,673712,1022,public house,Ecco Vino,SUI GENERIS,EH1 1BP,325757,673712,19 COCKBURN STREET
325763,673712,1023,vacant,vacant,Vacant,EH1 1BP,325763,673712,21 COCKBURN STREET
325770,673713,1024,art gallery,Stills Gallery,Class 1, ,325770,673713, 
325780,673714,1025,restaurant,Gurka Caf‚,Class 3,EH1 1BP,325780,673714,25 COCKBURN STREET
325784,673714,1026,clothing (urban sports),Route 1,Class 1,EH1 1BP,325784,673714,29 COCKBURN STREET
325777,673713,1027,ladies clothing,Cookie,Class 1, ,325777,673713, 
325796,673715,1028,"toys, gifts",Lava,Class 1,EH1 1BP,325796,673715,29A-33 COCKBURN STREET
325804,673716,1029,"homeware, interior d‚cor",Eden,Class 1,EH1 1BP,325804,673716,37-39 COCKBURN STREET
325814,673716,1030,restaurant (Mexican),Viva Mexico,Class 3,EH1 1BS,325814,673716,41 COCKBURN STREET
325820,673715,1031,ladies clothing,The Frayed Hen,Class 1,EH1 1BS,325820,673715,45 COCKBURN STREET
325828,673715,1032,ladies clothing,Pie in the Sky,Class 1,EH1 1BS,325828,673715,47 COCKBURN STREET
325833,673714,1033,"antiques - jewellery, coins, medals etc.",D.L. Cavanagh,Class 1,EH1 1BS,325833,673714,49 COCKBURN STREET
325840,673713,1034,"leather & rubber clothing, novelty goods",Whiplash Trash,Class 1,EH1 1BS,325840,673713,53 COCKBURN STREET
325846,673712,1035,"gifts, souvenirs",Forever Scotland,Class 1,EH1 1BS,325846,673712,55 COCKBURN STREET
325853,673711,1036,"jewellery, ornaments",Enchantment,Class 1,EH1 1BS,325853,673711,57 COCKBURN STREET
325856,673710,1037,italian bistro,La Lacanda,Class 3,EH1 1BS,325856,673710,61 COCKBURN STREET
325863,673708,1038,mediterean bistro,Lailas,Class 3,EH1 1BS,325863,673708,63 COCKBURN STREET
325873,673707,1039,caf‚,Southern Cross Caf‚,Class 3,EH1 1BU,325873,673707,65(GF) COCKBURN STREET
325882,673702,1040,n/t/c,Paper Rack,Class 1,EH1 1BU,325882,673702,65A COCKBURN STREET
325902,673674,1041,public house,Scotsmans Lounge,SUI GENERIS,EH1 1BU,325902,673674,73 COCKBURN STREET
325803,673692,1042,art gallery,Collective Gallery,Class 1, ,325803,673692, 
325819,673691,1043,information office (drugs etc.),Crew,Class 2,EH1 1PB,325819,673691,32 COCKBURN STREET
325826,673691,1044,"clothes, shoes, curios",Do You Do Voodoo,Class 1,EH1 1PB,325826,673691,34 COCKBURN STREET
325832,673690,1045,whisky specialist,Whisky World,Class 1,EH1 1PB,325832,673690,36 COCKBURN STREET
325839,673689,1046,grocer,Mama Said Food,Class 1,EH1 1PB,325839,673689,40 COCKBURN STREET
325848,673688,1047,household goods,Old Town Context,Class 1,EH1 1PB,325848,673688,42-44 COCKBURN STREET
325858,673685,1048,public house,Arcade Bar,SUI GENERIS,EH1 1PB,325858,673685,48 COCKBURN STREET
325867,673682,1049,printed T-shirts,Swish,Class 1,EH1 1PB,325867,673682,50 COCKBURN STREET
325877,673678,1050,baker,Miss Katie Cupcakes,Class 1,EH1 1PB,325877,673678,52 COCKBURN STREET
325879,673672,1051,hot food take-away,The Baked Potato Shop,SUI GENERIS,EH1 1PB,325879,673672,56 COCKBURN STREET
322668,669402,1052,supermarket - large,Tesco,Class 1,EH13 9AH,322668,669402,10 COLINTON MAINS DRIVE
322999,669176,1053,take-away food,Sugar & Spice,Class 3,EH13 9BJ,322999,669176,76 COLINTON MAINS DRIVE
323004,669174,1054,vacant,vacant,Vacant, ,323004,669174, 
323008,669171,1055,hairdresser,Harlequin Hair Studio,Class 1,EH13 9BJ,323008,669171,80 COLINTON MAINS DRIVE
323012,669169,1056,post office,Colinton Mains Sub Post Office,Class 1,EH13 9BJ,323012,669169,82 COLINTON MAINS DRIVE
323017,669166,1057,chemist,Colinton Mains Pharmacy,Class 1,EH13 9BJ,323017,669166,84-86 COLINTON MAINS DRIVE
323023,669163,1058,tanning studio,The Tan Stand,Class 11,EH13 9BJ,323023,669163,88 COLINTON MAINS DRIVE
323028,669160,1059,grocer (lic.),U Save,Class 1,EH13 9BJ,323028,669160,90 COLINTON MAINS DRIVE
324468,671864,1060,chiropractor,Chiropractic Health,Class 2,EH10 5DP,324468,671864,5 COLINTON ROAD
324464,671861,1061,"joiners, plasterers & roofers",George Hardie & Son,Class 4,EH10 5DP,324464,671861,9 COLINTON ROAD
324460,671859,1062,homeware (Scandinavian design),Spektakular,Class 1,EH10 5DP,324460,671859,11 COLINTON ROAD
324455,671855,1063,spanish products and deli,La Quintia,Class 1,EH10 5DP,324455,671855,13 COLINTON ROAD
324452,671852,1064,home care service for elderly,Senior Service,Class 1,EH10 5DP,324452,671852,15 COLINTON ROAD
324447,671850,1065,restaurant (French),bia bistrot,Class 3,EH10 5DP,324447,671850,19 COLINTON ROAD
323271,671237,1066,hairdresser,Jason Hall Hairdressing,Class 1,EH14 1AL,323271,671237,101 COLINTON ROAD
323267,671233,1067,beauty salon,The Zone,Class 1,EH14 1AL,323267,671233,101A(/1) COLINTON ROAD
323258,671222,1068,public house,The Kilted Pig,SUI GENERIS,EH14 1AL,323258,671222,101B-103 COLINTON ROAD
323253,671216,1069,hairdresser,just Giles Too,Class 1,EH14 1AL,323253,671216,103A COLINTON ROAD
324458,671899,1070,supermarket,Tesco Metro,Class 1,EH10 5DN,324458,671899,2(A) COLINTON ROAD
324446,671892,1071,hairdresser,Charlie Miller hairdressing,Class 1,EH10 5DN,324446,671892,2B COLINTON ROAD
324439,671887,1072,coffee shop,Starbucks,Class 1,EH10 5DN,324439,671887,2C COLINTON ROAD
323304,671295,1073,carpets,Craiglockhart Carpet Centre,Class 1,EH14 1AH,323304,671295,60A COLINTON ROAD
323075,671103,1074,supermarket,Tesco Express,Class 1,EH14 1AT,323075,671103,62B(1) COLINTON ROAD
323065,671093,1075,funeral directors,W. T. Dunbar & Sons,Class 1,EH14 1AT,323065,671093,62B(2) COLINTON ROAD
322842,670819,1076,car showroom,Western Autos-SEAT/Suzuki,SUI GENERIS,EH14 1BY,322842,670819,116 COLINTON ROAD
322837,670807,1077,hair and beauty,Ten,Class 1,EH14 1BY,322837,670807,118 COLINTON ROAD
322834,670802,1078,vacant,vacant,Vacant,EH14 1BY,322834,670802,120-122 COLINTON ROAD
322830,670793,1079,public house,The Sitting Room,SUI GENERIS,EH14 1BY,322830,670793,124 COLINTON ROAD
322825,670784,1080,hot food take-away (Chinese),Good World,SUI GENERIS,EH14 1BY,322825,670784,130 COLINTON ROAD
322821,670776,1081,dentist,The Craiglockhart NHS Plus Dental Clinic,Class 2, ,322821,670776, 
322816,670766,1082,"repair, alteration-civilian and miltary clothing",GB Tailoring,Class 1,EH14 1BY,322816,670766,136 COLINTON ROAD
322813,670762,1083,n/t/c & post office,Craiglockhart Post Office,Class 1,EH14 1BY,322813,670762,140-142 COLINTON ROAD
322931,673269,1084,architects,Iain Gaul Architects,Class 4,EH12 6AH,322931,673269,4 COLTBRIDGE AVENUE
322931,673274,1085,public relations and events,KD Media,Class 4,EH12 6AH,322931,673274,6 COLTBRIDGE AVENUE
322933,673279,1086,beauty salon + podiatry service,Murrayfield Beauty Therapy & Podiatry,Class 1,EH12 6AH,322933,673279,8 COLTBRIDGE AVENUE
322940,673291,1087,artist / printmaker,Atelier 16,Class 4,EH12 6AH,322940,673291,16 COLTBRIDGE AVENUE
323558,674650,1088,bank,Bank of Scotland,Class 2,EH4 1AF,323558,674650,43 COMELY BANK
323671,674683,1089,supermarket - large,Waitrose,Class 1,EH4 1AF,323671,674683,38 COMELY BANK
324006,674711,1090,vacant,vacant,Vacant,EH4 1EL,324006,674711,4 COMELY BANK AVENUE
324007,674707,1091,n/t/c,G Alonzi,Class 1,EH4 1EL,324007,674707,6 COMELY BANK AVENUE
324009,674703,1092,glaziers,CBG Glazing,Class 4,EH4 1EL,324009,674703,8 COMELY BANK AVENUE
324011,674698,1093,physiotherapy clinic,Taylor Physiotherapy,Class 2,EH4 1EL,324011,674698,10-12 COMELY BANK AVENUE
324013,674692,1094,financial services,Independent Financial Advisor,Class 2,EH4 1EL,324013,674692,16 COMELY BANK AVENUE
324014,674688,1095,hairdresser,Ruth Ball,Class 1,EH4 1EL,324014,674688,18 COMELY BANK AVENUE
324092,674576,1096,hairdresser,Murrayhead Organics,Class 1,EH4 1ER,324092,674576,49 COMELY BANK PLACE
324264,674681,1097,"hot food take-away (fish & chips, pizzas, burgers)",Franco's,SUI GENERIS,EH4 1DR,324264,674681,5-7 COMELY BANK ROAD
324253,674683,1098,charity shop,St. Columba's Wardrobe,Class 1,EH4 1DR,324253,674683,9 COMELY BANK ROAD
324248,674684,1099,residential property letting,Northwood,Class 2,EH4 1DR,324248,674684,13 COMELY BANK ROAD
324223,674686,1100,property management,Crombie Property Management,Class 2,EH4 1DS,324223,674686,15 COMELY BANK ROAD
324218,674687,1101,hairdresser,Dream Hairdressing,Class 1,EH4 1DS,324218,674687,17 COMELY BANK ROAD
324208,674689,1102,wine merchant & florist,Raeburn Fine Wines,Class 1,EH4 1DS,324208,674689,21-23 COMELY BANK ROAD
324002,674719,1103,wine merchant,Appelation Wines,Class 1,EH4 1AW,324002,674719,63 COMELY BANK ROAD
323997,674718,1104,shoes,Vincent,Class 1,EH4 1AW,323997,674718,67 COMELY BANK ROAD
323991,674717,1105,hairdresser (gents),Bobs,Class 1,EH4 1AW,323991,674717,69 COMELY BANK ROAD
323827,674674,1106,accountants,Anderson Evans,Class 2,EH4 1BH,323827,674674,129-131 COMELY BANK ROAD
323767,674662,1107,chemist,Boots,Class 1,EH4 1BH,323767,674662,149-151 COMELY BANK ROAD
323738,674655,1108,"caf‚, cards, gifts",Connect,Class 3,EH4 1BQ,323738,674655,153-155 COMELY BANK ROAD
327315,674361,1109,tropical fish,Nemo's World,Class 1,EH7 5SY,327315,674361,13-17 COMELY GREEN PLACE
324326,670410,1110,vacant,vacant,Vacant,EH10 5QP,324326,670410,6-8 COMISTON DRIVE
324482,670721,1111,residential letting & property management,D.R.M. Residential,Class 2,EH10 6AF,324482,670721,1A-3 COMISTON PLACE
324514,670843,1112,public house,The Hermitage,SUI GENERIS,EH10 6AA,324514,670843,1-5 COMISTON ROAD
324511,670834,1113,hairdresser (gents),The Gentleman's Barber,Class 1,EH10 6AA,324511,670834,9 COMISTON ROAD
324508,670826,1114,hairdresser,Raymond,Class 1,EH10 6AA,324508,670826,11 COMISTON ROAD
324505,670817,1115,bank,Royal Bank of Scotland,Class 2,EH10 6AA,324505,670817,13-17 COMISTON ROAD
324483,670744,1116,flooring,Floored Ltd,Class 1,EH10 6AB,324483,670744,37 COMISTON ROAD
324482,670740,1117,upholsterer,Brian Kelly,Class 4,EH10 6AB,324482,670740,41 COMISTON ROAD
324481,670737,1118,joinery woodcraft,Wild Wood,Class 2,EH10 6AB,324481,670737,43 COMISTON ROAD
324480,670733,1119,charity shop,Cash for Clothes,Class 1,EH10 6AB,324480,670733,45 COMISTON ROAD
324479,670729,1120,interior design,Joelle Ried Interiors,Class 4,EH10 6AB,324479,670729,47 COMISTON ROAD
324478,670724,1121,letting agent,DRM Property Lettings,Class 2,EH10 6AB,324478,670724,49 COMISTON ROAD
324433,670590,1122,hot food take-away (Indian & Bangladeshi),The Hill Station,SUI GENERIS,EH10 6AG,324433,670590,99 COMISTON ROAD
324431,670587,1123,hot food take-away (Chinese),New Xi'an,SUI GENERIS,EH10 6AG,324431,670587,101 COMISTON ROAD
324430,670583,1124,chinese medicine,Harmonious & Healthy Chinese Clinic,Class 2,EH10 6AG,324430,670583,105 COMISTON ROAD
324429,670579,1125,financial services - mortgages,Mortgage Specialist,Class 2,EH10 6AG,324429,670579,107 COMISTON ROAD
324419,670556,1126,wine merchant,Henderson Wines,Class 1,EH10 6AQ,324419,670556,109 COMISTON ROAD
324417,670550,1127,greengrocer & florist,Wright of Comiston,Class 1,EH10 6AQ,324417,670550,111 COMISTON ROAD
324415,670544,1128,employment agency,JB Nursing and Staff Employment,Class 4,EH10 6AQ,324415,670544,115 COMISTON ROAD
324414,670539,1129,hairdresser,2's Company,Class 1,EH10 6AQ,324414,670539,117 COMISTON ROAD
324413,670536,1130,training room,JB Agency,Class 2,EH10 6AQ,324413,670536,119 COMISTON ROAD
324412,670533,1131,massage parlour,Thai Healing Massage,Class 4,EH10 6AQ,324412,670533,123 COMISTON ROAD
324410,670529,1132,caf‚,Marie Delices,Class 4,EH10 6AQ,324410,670529,125 COMISTON ROAD
324407,670520,1133,"n/t/c, stationery, wines",Edinburgh News,Class 1,EH10 6AQ,324407,670520,127-129 COMISTON ROAD
324405,670512,1134,hair and beauty,LA Hair,Class 4,EH10 6AQ,324405,670512,133 COMISTON ROAD
324403,670508,1135,vacant,vacant,Vacant,EH10 6AQ,324403,670508,135 COMISTON ROAD
324402,670503,1136,dry cleaner & launderette,Braidburn Drycleaners,Class 1,EH10 6AQ,324402,670503,137 COMISTON ROAD
324339,670415,1137,financial services - business funding,Abacus Asset Finance,Class 2,EH10 5QN,324339,670415,139 COMISTON ROAD
324299,670108,1138,petrol filling station & shop,Shell + Select Shop,Class 1,EH10 5QN,324299,670108,161 COMISTON ROAD
324493,670868,1139,solicitors & estate agents,Pagan Osborne,Class 2,EH10 5QE,324493,670868,2-4 COMISTON ROAD
324491,670861,1140,hairdresser,Danielle Carr Hairdressing,Class 1,EH10 5EQ,324491,670861,10 COMISTON ROAD
324489,670857,1141,coffee shop,Leaf and Bean,Class 3,EH10 5EQ,324489,670857,12-14 COMISTON ROAD
324487,670850,1142,chemist,Lindsay & Gilmour,Class 1,EH10 5EQ,324487,670850,18-20 COMISTON ROAD
324484,670843,1143,hot food take-away (Indian & Bangladeshi),Abdul's,SUI GENERIS,EH10 5EQ,324484,670843,22 COMISTON ROAD
324482,670835,1144,window blinds,Homestyle,Class 1,EH10 5EQ,324482,670835,24 COMISTON ROAD
324480,670831,1145,beauty salon,Moi,Class 1,EH10 5QE,324480,670831,28 COMISTON ROAD
324479,670826,1146,"dressmaking, tailoring, clothing alterations",Dressmaking Studio 2,Class 1,EH10 5EQ,324479,670826,30 COMISTON ROAD
324476,670818,1147,wine merchant,Vino Wines,Class 1,EH10 5QE,324476,670818,32-34 COMISTON ROAD
324467,670785,1148,hot food take-away (fish & chips),Comiston Fry,SUI GENERIS,EH10 5QQ,324467,670785,36 COMISTON ROAD
324466,670782,1149,hairdresser,Julie's,Class 1,EH10 5QQ,324466,670782,38 COMISTON ROAD
324465,670779,1150,"crafts, gifts, pictures",Blackbird Studios,Class 1,EH10 5QQ,324465,670779,40 COMISTON ROAD
324464,670776,1151,beauty studio,Caroline Cleland,Class 1,EH10 5QQ,324464,670776,42 COMISTON ROAD
324410,670619,1152,office,n/a,Class 2,EH10 5QJ,324410,670619,86 COMISTON ROAD
324408,670615,1153,antique clocks & barometers,Craiglea Clocks,Class 1,EH10 5QJ,324408,670615,88 COMISTON ROAD
324407,670610,1154,grocer,Comiston Store,Class 1,EH10 5QJ,324407,670610,90 COMISTON ROAD
324398,670584,1155,hairdresser,LA Hair Solutions,Class 1,EH10 5QL,324398,670584,92 COMISTON ROAD
324396,670580,1156,"bric-a-brac, furniture, curios",no name on fascia,Class 1,EH10 5QL,324396,670580,94 COMISTON ROAD
324395,670576,1157,hairdresser,Strandz,Class 2,EH10 5QL,324395,670576,96 COMISTON ROAD
324394,670572,1158,hairdresser,Eos Beauty,Class 1,EH10 5QL,324394,670572,98 COMISTON ROAD
324347,670438,1159,veterinary surgery,Animac Veterinary Group,Class 2, ,324347,670438, 
324346,670434,1160,building services engineers,Taylor Associates,Class 4,EH10 5QN,324346,670434,130 COMISTON ROAD
324344,670430,1161,chartered accountant,Greenbank,Class 4,EH10 5QN,324344,670430,134 COMISTON ROAD
324343,670425,1162,computer learning centre,One 36 computing,Class 4,EH10 5QN,324343,670425,136 COMISTON ROAD
324340,670419,1163,music school,Morningside School of Music,Class 4,EH10 5QN,324340,670419,138 COMISTON ROAD
324338,670411,1164,"drycleaning, dressmaking",Diana Alterations,Class 1,EH10 5QN,324338,670411,140 COMISTON ROAD
324336,670405,1165,hairdresser,LA Hair Solutions,Class 1,EH10 5QN,324336,670405,142-143 COMISTON ROAD
327041,676549,1166,restaurant,Giuliano's,Class 3,EH6 6JA,327041,676549,1 COMMERCIAL STREET
327026,676555,1167,hairdresser,Ladylux,Class 1,EH6 6JA,327026,676555,5 COMMERCIAL STREET
327022,676556,1168,restaurant,Diner 7,Class 3,EH6 6JA,327022,676556,7 COMMERCIAL STREET
327016,676558,1169,restaurant,Istanbul Palace,Class 3,EH6 6JA,327016,676558,9-10 COMMERCIAL STREET
326993,676565,1170,public house,Cameo Bar and Grill,SUI GENERIS,EH6 6JA,326993,676565,23 COMMERCIAL STREET
326791,676633,1171,travel agent,Cashel Travel,Class 1, ,326791,676633, 
326730,676621,1172,sports equipment & clothing,Graham Tiso,Class 1,EH6 6JE,326730,676621,41 COMMERCIAL STREET
327031,676553,1173,wine merchant,Relish,Class 1,EH6 6JA,327031,676553,6 COMMERCIAL STREET
326776,676637,1174,charity office,LGBT Youth Scotland,Class 4,EH6 6JD,326776,676637,40(GF) COMMERCIAL STREET
326944,676612,1175,restaurant,Cafe Tartine,Class 3,EH6 6LX,326944,676612,72 COMMERCIAL STREET
326935,676617,1176,restaurant,THE KITCHIN RESTAURANT LTD,Class 3,EH6 6LX,326935,676617,76-78 COMMERCIAL STREET
326900,676627,1177,restaurant,I.S. Edinburgh,Class 3,EH6 6LX,326900,676627,82 COMMERCIAL STREET
326892,676630,1178,restaurant & bar,Wolf & Water,Class 3,EH6 6NF,326892,676630,84 COMMERCIAL STREET
326875,676635,1179,restaurant & bar,Bistro Provence,Class 3,EH6 6LX,326875,676635,88 COMMERCIAL STREET
326853,676642,1180,restaurant (Thai / Indian),Mya,Class 3,EH6 6LX,326853,676642,92 COMMERCIAL STREET
326842,676646,1181,furniture and fittings,OKA,Class 1,EH6 6NF,326842,676646,94 COMMERCIAL STREET
326829,676651,1182,vacant,vacant,Vacant,EH6 6NF,326829,676651,98 COMMERCIAL STREET
326458,676770,1183,restaurant,Britannia Spice,Class 3,EH6 6LB,326458,676770,150 COMMERCIAL STREET
324646,673376,1184,caf‚,Street Bar,Class 3,EH3 8RA,324646,673376,5-6 CONFERENCE SQUARE
327257,676321,1185,vacant,vacant,Vacant,EH6 7AF,327257,676321,57(BF) CONSTITUTION STREET
327156,676110,1186,restaurant (Indian),Suruchi Too,Class 3,EH6 7AE,327156,676110,121 CONSTITUTION STREET
327077,675993,1187,vacant,vacant,Vacant, ,327077,675993, 
327052,675967,1188,public house,Allan Breck Lounge,SUI GENERIS,EH6 7AD,327052,675967,159 CONSTITUTION STREET
327020,675933,1189,accountant,Tax Plan,Class 4,EH6 7AA,327020,675933,173 CONSTITUTION STREET
327015,675928,1190,tattoo studio,The Boneyard,Class 2,EH6 7AA,327015,675928,177 CONSTITUTION STREET
327011,675922,1191,florist,Carolyn designer florist,Class 1,EH6 7AA,327011,675922,179 CONSTITUTION STREET
327006,675917,1192,clothing (ladies),Afreen fashion,Class 1,EH6 7AA,327006,675917,181 CONSTITUTION STREET
327333,676571,1193,n/a,Hillhead Management Services,Class 4,EH6 7BT,327333,676571,2 CONSTITUTION STREET
327321,676536,1194,grocer & post office,Post Office,Class 1,EH6 7BT,327321,676536,6B CONSTITUTION STREET
327269,676414,1195,n/t/c,Bishop Newsagents,Class 1,EH6 6RS,327269,676414,30 CONSTITUTION STREET
327267,676410,1196,hot food take-away,Fazeli's,SUI GENERIS,EH6 6RS,327267,676410,32 CONSTITUTION STREET
327265,676406,1197,beauty salon,Beauty@Beba,Class 1,EH6 6RS,327265,676406,34 CONSTITUTION STREET
327257,676390,1198,cafe,Printworks Coffee Company,Class 3,EH6 6RS,327257,676390,42 CONSTITUTION STREET
327252,676384,1199,public house,Nobles Bar,SUI GENERIS,EH6 6RS,327252,676384,44A CONSTITUTION STREET
327248,676376,1200,cafe,Rocksalt,Class 3,EH6 6RS,327248,676376,46(GF) CONSTITUTION STREET
327240,676368,1201,public house,The Constitution,SUI GENERIS,EH6 6RS,327240,676368,48-52 CONSTITUTION STREET
327239,676357,1202,hair & beauty,Cascal,Class 1,EH6 6RS,327239,676357,54 CONSTITUTION STREET
327237,676350,1203,public house,Port o' Leith,SUI GENERIS,EH6 6RS,327237,676350,58 CONSTITUTION STREET
327207,676268,1204,painters & decorators,Hugh Muirhead & Son Ltd,Class 4,EH6 6RP,327207,676268,88-90 CONSTITUTION STREET
327183,676211,1205,vacant,vacant,Vacant,EH6 6AW,327183,676211,100A CONSTITUTION STREET
326982,675928,1206,vacant,vacant,Vacant, ,326982,675928, 
320908,675356,1207,family caf‚ with childrens play facility,Jens Den,Class 10, ,320908,675356, 
320853,675403,1208,"greetings cards, post office",Davidsons Mains Post Office,Class 1,EH4 5AT,320853,675403,49 CORBIEHILL ROAD
320842,675411,1209,hot food take-away (Chinese),Delicious,SUI GENERIS,EH4 5AT,320842,675411,51 CORBIEHILL ROAD
320838,675407,1210,electrical & hardwarre,Mains Electrical,Class 1,EH4 5AT,320838,675407,53 CORBIEHILL ROAD
318341,668206,1211,public house,The Weaver's,SUI GENERIS,EH14 5LS,318341,668206,2-7 CORSLET PLACE
318348,668224,1212,grocer / convenience store,The Co-operative Food,Class 1,EH14 5LS,318348,668224,9-11 CORSLET PLACE
319938,672688,1213,public house,Corstorphine Inn,SUI GENERIS,EH12 7SU,319938,672688,17-19 CORSTORPHINE HIGH STREET
319915,672683,1214,n/t/c & grocer,D&S McLean Newsagents,Class 1,EH12 7SU,319915,672683,27 CORSTORPHINE HIGH STREET
319907,672699,1215,Commercial property cleaning,KRD Property Maintenance,Class 4,EH12 7ST,319907,672699,24(A) CORSTORPHINE HIGH STREET
319903,672698,1216,chiropodists,Corstorphine Footcare,Class 2,EH12 7SY,319903,672698,26 CORSTORPHINE HIGH STREET
319841,672686,1217,Hairdresser,Barocco,Class 1,EH12 7SY,319841,672686,60 CORSTORPHINE HIGH STREET
322010,673119,1218,butcher,John Brash,Class 1,EH12 5PZ,322010,673119,113 CORSTORPHINE ROAD
322005,673118,1219,chemist,Lloyds Pharmacy,Class 1,EH12 5PZ,322005,673118,115-115A CORSTORPHINE ROAD
322001,673118,1220,hairdresser,Corey's,Class 1,EH12 5PZ,322001,673118,117 CORSTORPHINE ROAD
321996,673117,1221,vacant,vacant,Vacant,EH12 5PZ,321996,673117,119 CORSTORPHINE ROAD
321992,673116,1222,hot food take-away (Indian),Asha,SUI GENERIS,EH12 5PZ,321992,673116,123 CORSTORPHINE ROAD
321987,673115,1223,hot food take-away (Chinese),Hui,SUI GENERIS,EH12 5PZ,321987,673115,123A CORSTORPHINE ROAD
321982,673114,1224,hairdresser,Emma Wallace,Class 1,EH12 5PZ,321982,673114,125 CORSTORPHINE ROAD
321943,673105,1225,grocer (lic.),Prego Superstore,Class 1,EH12 5SG,321943,673105,129 CORSTORPHINE ROAD
320987,672837,1226,mobile phones,Carphone Warehouse,Class 1,EH12 7AY,320987,672837,227 CORSTORPHINE ROAD
321944,673144,1227,beauty salon,Rocco Beauty,Class 1,EH12 6JQ,321944,673144,50 CORSTORPHINE ROAD
321941,673141,1228,surveyors and valuers,Kean Kennedy & Partners,Class 4,EH12 6JQ,321941,673141,54 CORSTORPHINE ROAD
321937,673137,1229,caf‚,Cocobean Caf‚,Class 3,EH12 6JQ,321937,673137,58 CORSTORPHINE ROAD
321927,673136,1230,hairdresser,Salon La Greca,Class 1,EH12 6JQ,321927,673136,60 CORSTORPHINE ROAD
321918,673134,1231,Intellectual Property,Snovolution,Class 4,EH12 6JQ,321918,673134,64 CORSTORPHINE ROAD
323356,671712,1232,n/t/c & grocer,Best-One,Class 1,EH11 1RQ,323356,671712,2-4 COWAN ROAD
325678,673437,1233,night club,Movement,SUI GENERIS,EH1 1JW,325678,673437,69 COWGATE
325687,673439,1234,public house,Opium,SUI GENERIS,EH1 1JW,325687,673439,71 COWGATE
325690,673439,1235,public house,Sneaky Pete's,SUI GENERIS,EH1 1JW,325690,673439,73 COWGATE
325831,673460,1236,public house,Brew Dog,SUI GENERIS,EH1 1JW,325831,673460,143 COWGATE
326132,673515,1237,reprographics,Crescent Print Ltd,Class 1,EH1 1NA,326132,673515,301-303 COWGATE
326139,673518,1238,hairdresser,Boosh,Class 1,EH1 1NA,326139,673518,307-309 COWGATE
326149,673520,1239,contemporary arts,Arika,Class 4,EH1 1NA,326149,673520,311 COWGATE
326155,673521,1240,grocer,Cowgate Newsagents,Class 1,EH1 1NA,326155,673521,313 COWGATE
326160,673523,1241,pedecurs beauty treatment,Ksi,Class 1,EH1 1NA,326160,673523,317 COWGATE
326168,673525,1242,graffiti shop,Specrum,Class 1,EH1 1NA,326168,673525,319 COWGATE
325895,673489,1243,public house,OX 184,SUI GENERIS,EH1 1JJ,325895,673489,184-186 COWGATE
326044,673533,1244,hot food take away,Zara,SUI GENERIS,EH1 1NQ,326044,673533,236 COWGATE
325997,673489,1245,public house,Pilgrim Bar,SUI GENERIS,EH1 1LY,325997,673489,"3 ROBERTSON'S CLOSE, ( 263 COWGATE )"
325529,673389,1246,public house,Bar Salsa,SUI GENERIS,EH1 1JY,325529,673389,3 COWGATEHEAD
325537,673388,1247,fossils & minerals,Mr. Wood's Fossils,Class 1,EH1 1JY,325537,673388,5 COWGATEHEAD
325543,673387,1248,vacant,vacant,Vacant,EH1 1JY,325543,673387,7 COWGATEHEAD
325549,673387,1249,grocer,Central Superstore,Class 1,EH1 1JY,325549,673387,11 COWGATEHEAD
325555,673386,1250,hats & headgear (milliner),Fabhatrix,Class 1,EH1 1JY,325555,673386,13 COWGATEHEAD
322051,674536,1251,children's shoes,Maddie & Mark's Shoes,Class 1,EH4 3NG,322051,674536,1 CRAIGCROOK PLACE
321516,674352,1252,take-away food,Abinger's Sandwich Bar,Class 1,EH4 3PH,321516,674352,53 CRAIGCROOK ROAD
321513,674355,1253,hairdresser,Preston Hair,Class 1,EH4 3PH,321513,674355,55 CRAIGCROOK ROAD
321509,674358,1254,hairdresser,Mel Mackey,Class 1,EH4 3PH,321509,674358,57 CRAIGCROOK ROAD
321505,674360,1255,n/t/c,Corner Shop,Class 1,EH4 3PH,321505,674360,59 CRAIGCROOK ROAD
322044,674540,1256,dry cleaner,Press-tige Delux Dry Cleaners,Class 1,EH4 3QN,322044,674540,1 CRAIGCROOK TERRACE
329036,674285,1257,n/t/c & post office,McColl's,Class 1,EH7 6PX,329036,674285,2C CRAIGENTINNY AVENUE
329032,674299,1258,hairdresser,EH7 Hair,Class 1,EH7 6PX,329032,674299,2F CRAIGENTINNY AVENUE
329031,674303,1259,"butcher, deli, bakers",I & L Fraser,Class 1,EH7 6PX,329031,674303,2G CRAIGENTINNY AVENUE
329040,674272,1260,bank,Royal Bank of Scotland,Class 2,EH7 6PX,329040,674272,2-2A CRAIGENTINNY AVENUE
328814,675610,1261,car accessories,HALFORDS LTD,Class 1,EH6 7LH,328814,675610,"60A CRAIGENTINNY AVENUE, NORTH"
328828,675609,1262,car accessories,HALFORDS LTD,Class 1,EH6 7LH,328828,675609,"60B CRAIGENTINNY AVENUE, NORTH"
328847,675608,1263,furniture,BENSONS BED CENTRES,Class 1,EH6 7LH,328847,675608,"61A CRAIGENTINNY AVENUE, NORTH"
328860,675607,1264,furniture,ARCHERS SLEEPCENTRE,Class 1,EH6 7LH,328860,675607,"61B CRAIGENTINNY AVENUE, NORTH"
328861,675655,1265,charity shop,Sue Ryder,Class 1,EH6 6RD,328861,675655,"62 CRAIGENTINNY AVENUE, NORTH"
328793,675665,1266,restaurant & hot food take-away,McDonalds,Class 3,EH6 7LH,328793,675665,"63 CRAIGENTINNY AVENUE, NORTH"
328752,674770,1267,vacant,vacant,Vacant,EH7 6LT,328752,674770,26 CRAIGENTINNY ROAD
328756,674767,1268,grocer (lic.),A.Q.Q.A Stores,Class 1,EH7 6LT,328756,674767,30 CRAIGENTINNY ROAD
328763,674759,1269,hot food take-away (Chinese),Maysym,SUI GENERIS,EH7 6LT,328763,674759,32 CRAIGENTINNY ROAD
328768,674753,1270,hot food take-away,Dino's,SUI GENERIS,EH7 6LT,328768,674753,36 CRAIGENTINNY ROAD
328773,674748,1271,hairdresser,CYHD,Class 1,EH7 6LT,328773,674748,38 CRAIGENTINNY ROAD
328778,674742,1272,n/t/c,Umar Newsagents,Class 1,EH7 6LT,328778,674742,42 CRAIGENTINNY ROAD
329007,674693,1273,grocer (lic.),Day-Today Express,Class 1,EH7 6RN,329007,674693,94 CRAIGENTINNY ROAD
329014,674690,1274,taxi office,Portobello Private Hire,Class 4,EH7 6RN,329014,674690,96 CRAIGENTINNY ROAD
329019,674688,1275,chemist,Co-operative Pharmacy,Class 1,EH7 6RN,329019,674688,98 CRAIGENTINNY ROAD
329026,674685,1276,chemist,Co-operative Pharmacy,Class 1,EH7 6RN,329026,674685,100 CRAIGENTINNY ROAD
325407,676625,1277,vacant,vacant,Vacant,EH6 4RS,325407,676625,83(1) CRAIGHALL ROAD
325370,676714,1278,architects,2H Architects,Class 4,EH6 4SA,325370,676714,14 CRAIGHALL ROAD
325371,676711,1279,n/t/c,News Express,Class 1,EH6 4SA,325371,676711,16 CRAIGHALL ROAD
325371,676707,1280,beauty parlour,Sobo,Class 1,EH6 4SA,325371,676707,18 CRAIGHALL ROAD
325374,676684,1281,physiotherapist,Physis,Class 2,EH6 4SA,325374,676684,24-26 CRAIGHALL ROAD
325375,676679,1282,cleaning contractors,MDC Flexiclean,Class 2,EH6 4SA,325375,676679,30 CRAIGHALL ROAD
325376,676675,1283,medical services company head office,NaturaLaser,Class 4,EH6 4SA,325376,676675,32 CRAIGHALL ROAD
325377,676669,1284,exhibition consultants and organisers,AFAR Exhibition Services Ltd.,Class 4, ,325377,676669, 
325377,676664,1285,consulting engineers,Morris Engineering Design Services,Class 4, ,325377,676664, 
325381,676639,1286,beauty parlour,Yuu Beauty,Class 1,EH6 4RU,325381,676639,38 CRAIGHALL ROAD
325381,676633,1287,vacant,vacant,Vacant,EH6 4RU,325381,676633,42 CRAIGHALL ROAD
325378,676659,1288,medical services office,NaturaWhite,Class 4,EH6 4RU,325378,676659,44 CRAIGHALL ROAD
325383,676627,1289,accounts/book-keeping,Facts & Figures,Class 2,EH6 4RU,325383,676627,46 CRAIGHALL ROAD
325384,676620,1290,medical services head office,Pentland Medical,Class 4,EH6 4RU,325384,676620,48 CRAIGHALL ROAD
324387,670583,1291,exercise studio,Callanetics Studio,Class 11,EH10 5PB,324387,670583,5-9 CRAIGLEA DRIVE
324380,670582,1292,hairdresser,JD Salon,Class 1,EH10 5PB,324380,670582,11 CRAIGLEA DRIVE
322804,674441,1293,petrol filling station & shop,BP + Costcutter + Costa Coffee,Class 1,EH4 2EH,322804,674441,139 CRAIGLEITH ROAD
322595,674521,1294,supermarket - large,Sainsbury,Class 1,EH4 2EB,322595,674521,185 CRAIGLEITH ROAD
323510,674592,1295,n/t/c,James Borthwick,Class 1,EH4 2DP,323510,674592,6 CRAIGLEITH ROAD
323503,674593,1296,restaurant (Indian),Ronaq,Class 3,EH4 2DP,323503,674593,10-12 CRAIGLEITH ROAD
322409,670497,1297,construction,MacKenzie Malcolm Construction,Class 4,EH14 1HZ,322409,670497,"2 CRAIGLOCKHART DRIVE, SOUTH"
322405,670493,1298,office,n/a,Class 4,EH14 1HZ,322405,670493,"2A CRAIGLOCKHART DRIVE, SOUTH"
322401,670490,1299,heating engineer,Scotia Property Heating,Class 4,EH14 1HZ,322401,670490,"2B CRAIGLOCKHART DRIVE, SOUTH"
322808,670759,1300,chemist,Craiglockhart Pharmacy,Class 1,EH14 1BU,322808,670759,"2 CRAIGLOCKHART ROAD, NORTH"
322802,670761,1301,hairdresser,Kim O'Donell Hairdressing,Class 1,EH14 1BU,322802,670761,"4 CRAIGLOCKHART ROAD, NORTH"
328840,671617,1302,vacant,vacant,Vacant,EH16 4BY,328840,671617,3 CRAIGMILLAR CASTLE ROAD
328842,671610,1303,grocer (lic.),Day-Today,Class 1,EH16 4BY,328842,671610,5-7 CRAIGMILLAR CASTLE ROAD
328844,671603,1304,solicitors,Belmonte & Co,Class 2,EH16 4BY,328844,671603,9 CRAIGMILLAR CASTLE ROAD
318719,673993,1305,public house,Mid Yoken,SUI GENERIS,EH12 8XF,318719,673993,75 CRAIGMOUNT BRAE
319235,673475,1306,restaurant (Indian),Spice Lounge Kitchen,Class 3,EH12 8HG,319235,673475,1 CRAIGMOUNT VIEW
319190,672929,1307,plumbers,J. & C. Cowe (Plumbers) Ltd.,Class 4,EH12 8HR,319190,672929,1A CRAIGS AVENUE
325781,673725,1308,restaurant (Thai),Ruan Mai,Class 3,EH1 1BA,325781,673725,1 CRAIG'S CLOSE
317867,675472,1309,restaurant,Millar & Carter Steakhouse,Class 3,EH4 6DU,317867,675472,(6) CRAMOND BRIDGE
318971,677063,1310,public house,Cramond Inn,SUI GENERIS,EH4 6NX,318971,677063,30(1) CRAMOND GLEBE ROAD
320563,675528,1311,supermarket,Tesco Metro,Class 1,EH4 6AA,320563,675528,"36 CRAMOND ROAD, SOUTH"
320548,675468,1312,bank,Royal Bank of Scotland,Class 2,EH4 6AA,320548,675468,"38 CRAMOND ROAD, SOUTH"
318950,677055,1313,"caf‚, gifts",Cramond Gallery Bistro,Class 3,EH4 6NU,318950,677055,8 CRAMOND VILLAGE
318934,677061,1314,coffee shop,n/a,Class 3,EH4 6NU,318934,677061,18(05) CRAMOND VILLAGE
326163,673721,1315,escape challenge,The Escape Hour,Class 10,EH8 8BE,326163,673721,3-5 CRANSTON STREET
322820,676430,1316,chemist / post office,Lindsay & Gilmour + Post Office,Class 1,EH5 2NS,322820,676430,"222 CREWE ROAD, NORTH"
322820,676434,1317,beauty salon,Glow Beauty,Class 1,EH5 2NS,322820,676434,"224 CREWE ROAD, NORTH"
322819,676445,1318,coffee shop,Caramelove,Class 1,EH5 2NS,322819,676445,"228-230 CREWE ROAD, NORTH"
322815,676493,1319,supermarket,Scotmid Late Shop,Class 1,EH5 1LW,322815,676493,"236-240 CREWE ROAD, NORTH"
322812,676514,1320,vacant,vacant,Vacant,EH5 1LW,322812,676514,"242A CREWE ROAD, NORTH"
322934,675683,1321,petrol filling station & shop,Shell + Select Shop,Class 1,EH4 2NT,322934,675683,"143-147 CREWE ROAD, SOUTH"
326535,675039,1322,sandwich bar,Bramble,Class 1,EH7 4NZ,326535,675039,2 CRIGHTON PLACE
326527,675039,1323,mortgage brokers,The Advice Centre For Mortgages,Class 2,EH7 4NZ,326527,675039,4-5 CRIGHTON PLACE
326527,675046,1324,chemist,Lloyds Pharmacy,Class 1,EH7 4NZ,326527,675046,6-7 CRIGHTON PLACE
326534,675058,1325,solicitors & estate agents,The Lints Partnership,Class 2,EH7 4NZ,326534,675058,8-11 CRIGHTON PLACE
326538,675065,1326,hot food take-away,Ocean,SUI GENERIS,EH7 4NY,326538,675065,12 CRIGHTON PLACE
326541,675068,1327,hairdresser,DNA,Class 1,EH7 4NY,326541,675068,13 CRIGHTON PLACE
326543,675072,1328,window blinds,Apollo Blinds,Class 1,EH7 4NY,326543,675072,14 CRIGHTON PLACE
326547,675077,1329,betting shop,Ladbrokes,Class 2,EH7 4NY,326547,675077,16-18 CRIGHTON PLACE
326554,675090,1330,health food,Freak Body,Class 1,EH7 4NY,326554,675090,20 CRIGHTON PLACE
326557,675094,1331,betting shop,William Hill,Class 2,EH7 4NY,326557,675094,21-22 CRIGHTON PLACE
326563,675104,1332,mortgage brokers,Edinburgh Mortgage Centre,Class 2,EH7 4NY,326563,675104,23-24 CRIGHTON PLACE
326565,675108,1333,charity shop,Barnardo's,Class 1,EH7 4NY,326565,675108,26 CRIGHTON PLACE
326567,675111,1334,computer repairs,PC Repair man,Class 1,EH7 4NY,326567,675111,27 CRIGHTON PLACE
326570,675116,1335,internet caf‚,Coffee Home,Class 3,EH7 4NY,326570,675116,28 CRIGHTON PLACE
326572,675120,1336,hot food take-away,Leith Walk Kebab and Pizza House,SUI GENERIS,EH7 4NY,326572,675120,29 CRIGHTON PLACE
326574,675123,1337,restaurant,Yellow Bench,Class 3,EH7 4NY,326574,675123,31 CRIGHTON PLACE
326576,675126,1338,delicatessen,Gaia Deli,Class 1,EH7 4NY,326576,675126,32 CRIGHTON PLACE
326380,674912,1339,bank,Clydesdale Bank,Class 2,EH7 4LT,326380,674912,1 CROALL PLACE
326388,674922,1340,mp office,MPs Office,Class 2,EH7 4LT,326388,674922,5 CROALL PLACE
326392,674927,1341,Beautician,Nail & Spa,Class 1,EH7 4LT,326392,674927,6 CROALL PLACE
326395,674930,1342,"sports goods (darts), t.v. & hi-fi",Borlands,Class 1,EH7 4LT,326395,674930,7 CROALL PLACE
326397,674934,1343,caf‚,caf‚ no. 9,Class 3,EH7 4LT,326397,674934,9 CROALL PLACE
326400,674937,1344,mortgage brokers,Edinburgh Independent Mortgage Advice,Class 2,EH7 4LT,326400,674937,10 CROALL PLACE
318624,670491,1345,car showroom,Peoples Ford,SUI GENERIS,EH11 4DG,318624,670491,1 CULTINS ROAD
318352,670913,1346,d.i.y. store,B & Q Warehouse,Class 1,EH11 4DG,318352,670913,19 CULTINS ROAD
318501,670948,1347,supermarket - large,Tesco,Class 1,EH11 4DG,318501,670948,21-25 CULTINS ROAD
318482,671025,1348,sports clothing / equipment,Decathlon,Class 1,EH11 4DG,318482,671025,27 CULTINS ROAD
318472,671062,1349,vacant,vacant,Vacant,EH11 4DG,318472,671062,29 CULTINS ROAD
318466,671088,1350,children's clothing / toys,Mothercare / Early Learning Centre,Class 1,EH11 4DG,318466,671088,31 CULTINS ROAD
318462,671103,1351,office supplies,Staples,Class 1,EH11 4DG,318462,671103,33 CULTINS ROAD
318452,671133,1352,carpets,Carpetright,Class 1,EH11 4DG,318452,671133,35 CULTINS ROAD
318449,671150,1353,household goods,Poundworld,Class 1,EH11 4DG,318449,671150,37 CULTINS ROAD
318444,671169,1354,motor accessories,Halfords,Class 1,EH11 4DG,318444,671169,39 CULTINS ROAD
318435,671199,1355,general clothing,TK Maxx,Class 1,EH11 4DG,318435,671199,41 CULTINS ROAD
318774,670618,1356,car showroom,Evans Halshaw (Vauxhall),SUI GENERIS,EH11 4DG,318774,670618,2 CULTINS ROAD
318725,670699,1357,car showroom,West End Garage (Skoda),SUI GENERIS,EH11 4DG,318725,670699,4 CULTINS ROAD
318705,670754,1358,car showroom,Western Nissan,SUI GENERIS,EH11 4DG,318705,670754,6A CULTINS ROAD
325362,674644,1359,public house,Cumberland Bar,SUI GENERIS,EH3 6RT,325362,674644,1(GF)-3 CUMBERLAND STREET
325328,674636,1360,Financial services,Murray John,Class 2,EH3 6RT,325328,674636,7 CUMBERLAND STREET
325322,674631,1361,Musical instruments sale & repair,THE WIND SECTION LIMITED,Class 1,EH3 6RT,325322,674631,11-13 CUMBERLAND STREET
325120,674577,1362,Architects,Staran Architects,Class 4,EH3 6RA,325120,674577,49 CUMBERLAND STREET
325113,674575,1363,beauty salon,Susanne,Class 1,EH3 6RA,325113,674575,51 CUMBERLAND STREET
325014,674549,1364,Dressmaker,Freja Designer Dressmaking,Class 1,EH3 6RD,325014,674549,75-79 CUMBERLAND STREET
325005,674569,1365,dog grooming,Grooming Marvelous,Class 1,EH3 6RE,325005,674569,64 CUMBERLAND STREET
325009,674570,1366,printers,Zed Printing,Class 2,EH3 6RE,325009,674570,64A CUMBERLAND STREET
325015,674572,1367,chirpodist,New Town Foot Care,Class 2,EH3 6RE,325015,674572,66 CUMBERLAND STREET
327555,674437,1368,occupational health,Occupational Health & Safety Services,Class 4,EH7 5UF,327555,674437,3 DALGETY AVENUE
326581,672583,1369,wine merchant,Great Grog,Class 1,EH16 5BP,326581,672583,2 DALKEITH ROAD
326747,672352,1370,sandwich bar,The Sandwich Shop,Class 1,EH16 5BS,326747,672352,38 DALKEITH ROAD
326751,672349,1371,n/t/c,M.S Newsagents,Class 1,EH16 5BS,326751,672349,40 DALKEITH ROAD
326755,672346,1372,hot food take-away (Chinese),New Garden Grove,SUI GENERIS,EH16 5BS,326755,672346,44 DALKEITH ROAD
326764,672307,1373,public house,The Crags,SUI GENERIS,EH16 5AD,326764,672307,58 DALKEITH ROAD
327090,671930,1374,restaurant (Thai),Thaisan,Class 3,EH16 5HG,327090,671930,142-144 DALKEITH ROAD
327094,671925,1375,vacant,vacant,Vacant,EH16 5HG,327094,671925,146 DALKEITH ROAD
327177,671817,1376,hairdresser & beauty salon,Fairington,Class 1,EH16 5DX,327177,671817,152 DALKEITH ROAD
327182,671810,1377,vacant,vacant,Vacant,EH16 5DX,327182,671810,158 DALKEITH ROAD
327185,671806,1378,canine beautician,The Scruffy Dog Company,Class 2,EH16 5DX,327185,671806,160 DALKEITH ROAD
327188,671802,1379,sandwich bar,On A Roll,Class 1,EH16 5DX,327188,671802,162 DALKEITH ROAD
327190,671800,1380,hairdresser,Beauty by Shannon,Class 1,EH16 5DX,327190,671800,166 DALKEITH ROAD
327193,671795,1381,hairdresser (gents),Cyrus Barbers,Class 1,EH16 5DX,327193,671795,168 DALKEITH ROAD
327196,671792,1382,unknown,unknown,Class 2,EH16 5DX,327196,671792,170 DALKEITH ROAD
327198,671788,1383,vacant,vacant,Vacant,EH16 5DX,327198,671788,174 DALKEITH ROAD
327201,671784,1384,plumbers & gasfitters,Vulcan Gas Services,Class 4,EH16 5DU,327201,671784,176-178 DALKEITH ROAD
327205,671779,1385,bathroom furniture & fittings,Flamingo Bathrooms,Class 1,EH16 5DU,327205,671779,182-186 DALKEITH ROAD
327212,671770,1386,n/t/c & post office,Amir & Sons,Class 1,EH16 5DU,327212,671770,190 DALKEITH ROAD
327215,671766,1387,vacant,vacant,Vacant,EH16 5DU,327215,671766,192 DALKEITH ROAD
327219,671761,1388,hot food take-awy (Indian & Bangladeshi),Shanaz,SUI GENERIS,EH16 5DU,327219,671761,194 DALKEITH ROAD
327222,671757,1389,chiropodist,Dalkeith Road Footcare,Class 2,EH16 5DU,327222,671757,196A DALKEITH ROAD
327228,671750,1390,betting shop,William Hill,Class 2,EH16 5DT,327228,671750,198A DALKEITH ROAD
327231,671745,1391,public house,Grey Horse,SUI GENERIS,EH16 5DT,327231,671745,200 DALKEITH ROAD
327237,671738,1392,hot food take-away (Turkish),Bodrum Express,SUI GENERIS,EH16 5DT,327237,671738,202 DALKEITH ROAD
327243,671729,1393,independent financial advisor,SBC Financial,Class 2,EH16 5DT,327243,671729,208 DALKEITH ROAD
327246,671725,1394,books (second hand),The Bookworm,Class 1,EH16 5DT,327246,671725,210 DALKEITH ROAD
327248,671721,1395,hot food take-away (Chinese),Jade Palace,SUI GENERIS,EH16 5DT,327248,671721,212 DALKEITH ROAD
327251,671717,1396,vacant,vacant,Vacant,EH16 5DT,327251,671717,216 DALKEITH ROAD
327255,671713,1397,vacant,vacant,Vacant,EH16 5DT,327255,671713,218 DALKEITH ROAD
314550,669289,1398,restaurant,"Madistons, Ratho Park",Class 3,EH27 8EB,314550,669289,(1A) DALMAHOY
326693,675316,1399,Vacant,Vacant,Vacant,EH6 8PF,326693,675316,5 DALMENY STREET
326760,675296,1400,vacant,vacant,Vacant,EH6 8PG,326760,675296,23-23A DALMENY STREET
326684,675291,1401,property maintenance,Ace Property Care,Class 4,EH6 8RA,326684,675291,6A DALMENY STREET
326830,675244,1402,restaurant (Chinese),Stack,Class 3,EH6 8RG,326830,675244,42-44 DALMENY STREET
326838,675242,1403,printers,Paragon Print Co.,Class 4,EH6 8RG,326838,675242,48 DALMENY STREET
324083,673153,1404,restaurant (Japanese),Hay Sushi,Class 3,EH11 2BQ,324083,673153,15 DALRY ROAD
324081,673150,1405,restaurant (Indian),Verandah,Class 3,EH11 2BQ,324081,673150,17 DALRY ROAD
324079,673143,1406,restaurant (Japanese),Sushiya,Class 3,EH11 2BQ,324079,673143,19 DALRY ROAD
324076,673136,1407,Grocer,Premier,Class 1, ,324076,673136, 
324072,673127,1408,hot food takeaway,Chilli Hut,SUI GENERIS,EH11 2BQ,324072,673127,25 DALRY ROAD
324070,673122,1409,charity shop,Shelter,Class 1,EH11 2BQ,324070,673122,27 DALRY ROAD
324068,673118,1410,massage and beauty therapy,Mint  Beauty Therapy,Class 1,EH11 2BQ,324068,673118,29 DALRY ROAD
324062,673104,1411,hairdresser (gents),Jim's Barbers,Class 1,EH11 2BU,324062,673104,31 DALRY ROAD
324061,673102,1412,Electronic ciggerettes,Aqua Vapour,Class 1,EH11 2BU,324061,673102,33 DALRY ROAD
324060,673099,1413,hairdresser,Dudes and Divas,Class 1,EH11 2BU,324060,673099,35 DALRY ROAD
324058,673097,1414,hairdressers,ADE Blessing Salon,Class 1,EH11 2BU,324058,673097,35A DALRY ROAD
324054,673088,1415,baker,Greggs,Class 1,EH11 2BU,324054,673088,37 DALRY ROAD
324057,673092,1416,grocer,Thai@Haymarket,Class 1,EH11 2BU,324057,673092,37A-39 DALRY ROAD
324052,673083,1417,financial services - loans etc.,The Cheque Shop,Class 2,EH11 2BU,324052,673083,39A DALRY ROAD
324051,673080,1418,Beauty Salon,Zuri,Class 1,EH11 2BU,324051,673080,41 DALRY ROAD
324049,673076,1419,wine merchant,Appellation Wines,Class 1,EH11 2BU,324049,673076,43 DALRY ROAD
324047,673071,1420,charity shop,Save the Children,Class 1,EH11 2BU,324047,673071,45 DALRY ROAD
324046,673067,1421,Tailors,Stitch Express,Class 1,EH11 2BU,324046,673067,47 DALRY ROAD
324038,673047,1422,kitchen furniture & fittings,Development Direct,Class 1,EH11 2BX,324038,673047,51-57 DALRY ROAD
324031,673031,1423,sandwiches,Delish,Class 1,EH11 2BZ,324031,673031,59 DALRY ROAD
324029,673026,1424,restaurant (Chinese),Xingbala Hotspot,Class 3,EH11 2BZ,324029,673026,63 DALRY ROAD
324026,673019,1425,chemist,Apple Pharmacy,Class 1,EH11 2BZ,324026,673019,65 DALRY ROAD
324025,673015,1426,n/t/c,Caledonian Newsagent,Class 1,EH11 2BZ,324025,673015,67A DALRY ROAD
324006,672992,1427,Graphic Designers,Edinburgh Print and Sign Centre,Class 4,EH11 2AA,324006,672992,69-71 DALRY ROAD
323998,672985,1428,residential property management,Edinburgh Pearl Lettings,Class 2,EH11 2AA,323998,672985,73 DALRY ROAD
323994,672982,1429,hairdresser,Dalry Hairstylists,Class 1,EH11 2AA,323994,672982,77 DALRY ROAD
323989,672977,1430,caf‚ / restaurant,Little Vietnam,Class 3,EH11 2AA,323989,672977,79 DALRY ROAD
323984,672974,1431,hairdresser,Simpsons,Class 1,EH11 2AA,323984,672974,81 DALRY ROAD
323980,672972,1432,Restaurant/ takeaway (Chinese),Feast,Class 3,EH11 2AA,323980,672972,85 DALRY ROAD
323955,672957,1433,"domestic electrical appliances, spare parts",Wallaces,Class 1,EH11 2AB,323955,672957,87/93 DALRY ROAD
323952,672955,1434,post office,Post Office,Class 1,EH11 2AB,323952,672955,91 DALRY ROAD
323942,672947,1435,restaurant,First Coast,Class 3,EH11 2AB,323942,672947,97-101 DALRY ROAD
323931,672939,1436,restaurant (south african),Shebeen,Class 3,EH11 2AB,323931,672939,103-105 DALRY ROAD
323903,672922,1437,internet caf‚,Cleopatra Internet Caf‚,Class 1,EH11 2DR,323903,672922,107-109 DALRY ROAD
323897,672917,1438,financial services - loans,Creditas,Class 2,EH11 2DR,323897,672917,111 DALRY ROAD
323891,672912,1439,charity shop,Salvation Army,Class 1,EH11 2DR,323891,672912,113-115 DALRY ROAD
323887,672908,1440,physiotherapy,Space Clinics,Class 2,EH11 2DR,323887,672908,119-121 DALRY ROAD
323880,672902,1441,n/t/c,Scotts,Class 1,EH11 2DR,323880,672902,123 DALRY ROAD
323875,672899,1442,cafe,Clock Cafe,Class 3,EH11 2DR,323875,672899,125 DALRY ROAD
323859,672884,1443,hot food take away,Dominos,SUI GENERIS,EH11 2EA,323859,672884,131 DALRY ROAD
323857,672881,1444,Jewelery Repairs and Shop,All in One,Class 1,EH11 2EA,323857,672881,133 DALRY ROAD
323854,672878,1445,Vacant,Vacant,Vacant,EH11 2EA,323854,672878,135 DALRY ROAD
323852,672876,1446,caf‚ & take-away food,CJ's Cafe,Class 3,EH11 2EA,323852,672876,137-139 DALRY ROAD
323844,672866,1447,residential property management,MGM Lettings,Class 2,EH11 2EA,323844,672866,141 DALRY ROAD
323838,672860,1448,brick-a-brack store,Shoppers Spot,Class 1,EH11 2EA,323838,672860,145-147 DALRY ROAD
323834,672855,1449,tailor,Tailor Express,Class 1,EH11 2EA,323834,672855,149 DALRY ROAD
323831,672853,1450,office furniture & equipment,BMG Office Equipment,Class 4,EH11 2EA,323831,672853,151 DALRY ROAD
323829,672850,1451,financial services - mortgage brokers,First Class Mortgage Advice,Class 2,EH11 2EA,323829,672850,155 DALRY ROAD
323827,672848,1452,beauty parlour,Paradise,Class 1,EH11 2EA,323827,672848,157 DALRY ROAD
323824,672845,1453,Vacant,Vacant,Vacant,EH11 2EB,323824,672845,159 DALRY ROAD
323821,672841,1454,African foods & products,De Africa,Class 1,EH11 2EB,323821,672841,163 DALRY ROAD
323811,672832,1455,Polish Deli,Bazyliszek,Class 1,EH11 2EB,323811,672832,165-167 DALRY ROAD
323807,672827,1456,Grocer (Chinese) & Stationary,Jubilant Mart,Class 1, ,323807,672827, 
323803,672823,1457,Hair and Beauty Salon,Floxzee,Class 1, ,323803,672823, 
323799,672819,1458,caf‚,Mam Kanguis Delicacy,Class 3,EH11 2EB,323799,672819,175 DALRY ROAD
323796,672815,1459,mobile phones,Radio Link,Class 1,EH11 2EB,323796,672815,177 DALRY ROAD
323792,672812,1460,vacant,vacant,Vacant,EH11 2EB,323792,672812,181 DALRY ROAD
323790,672808,1461,recording studio / training / office,Media Education,Class 4,EH11 2EB,323790,672808,183 DALRY ROAD
323786,672805,1462,mobile phones,ELS Service,Class 1,EH11 2EB,323786,672805,185 DALRY ROAD
323786,672805,1463,hairdresser,Orchid,Class 1,EH11 2EB,323786,672805,189 DALRY ROAD
323786,672805,1464,hot food take-away (tandoori),Lazeez Halal Tandoori,SUI GENERIS,EH11 2EB,323786,672805,191 DALRY ROAD
323800,672712,1465,supermarket,Lidl,Class 1,EH11 2EF,323800,672712,201-207 DALRY ROAD
324073,673191,1466,hot food take-away (Chinese),Eastern Cuisine,SUI GENERIS,EH11 2BG,324073,673191,2-6 DALRY ROAD
324050,673138,1467,Cafe/Bistro,Troy,Class 3,EH11 2BA,324050,673138,18-20 DALRY ROAD
324047,673132,1468,hot food take-away (kebabs),Ali Baba Kebabs,SUI GENERIS,EH11 2BA,324047,673132,24 DALRY ROAD
324046,673129,1469,Gift Shop,Mind Wishes,Class 1,EH11 2BA,324046,673129,26 DALRY ROAD
324044,673125,1470,hairdresser,Haymarket Barbers,Class 1,EH11 2BA,324044,673125,28 DALRY ROAD
324043,673122,1471,hairdresser,Vallance,Class 1,EH11 2BA,324043,673122,30 DALRY ROAD
324041,673118,1472,dry cleaning,City Laundry,Class 1,EH11 2BA,324041,673118,32 DALRY ROAD
324040,673115,1473,phone/laptop repairs,Mobi Care Point,Class 1,EH11 2BA,324040,673115,34 DALRY ROAD
324039,673112,1474,tanning studio,Sunset Beach,Class 11,EH11 2BA,324039,673112,38 DALRY ROAD
324037,673109,1475,"Hardware, keycutting, kitchen, tools.",Homeware,Class 1,EH11 2BA,324037,673109,40 DALRY ROAD
324034,673100,1476,dry cleaner,Executive Dry Cleaners,Class 1,EH11 2BA,324034,673100,42 DALRY ROAD
324030,673092,1477,jeweller,Marshalls,Class 1,EH11 2BA,324030,673092,46 DALRY ROAD
324029,673089,1478,Jewelery/art,The No.1 Bead Shop,Class 1,EH11 2BA,324029,673089,48 DALRY ROAD
324027,673085,1479,Vacant,vacant,Vacant,EH11 2BA,324027,673085,50 DALRY ROAD
324025,673080,1480,Vacant,Vacant,Vacant,EH11 2BA,324025,673080,54 DALRY ROAD
324024,673076,1481,tattoo parlour,Inkdependent,Class 2,EH11 2BA,324024,673076,56 DALRY ROAD
324016,673071,1482,charity shop,British Heart Foundation Furniture Store,Class 1,EH11 2BA,324016,673071,56A DALRY ROAD
324012,673061,1483,Vacant,Vacant,Vacant,EH11 2BA,324012,673061,56B DALRY ROAD
324009,673052,1484,sports equipment & clothing,Edinburgh Golf Centre,Class 1,EH11 2AY,324009,673052,58 DALRY ROAD
324007,673047,1485,cafe,Cafe Avalon,Class 3,EH11 2AY,324007,673047,60 DALRY ROAD
324005,673042,1486,Electronic Ciggerettes,Dr Vapour,Class 1,EH11 2AY,324005,673042,64 DALRY ROAD
324003,673038,1487,Vacant,Vacant,Vacant,EH11 2AY,324003,673038,66 DALRY ROAD
324002,673034,1488,employment agency,Travail Employment Group / Merlin Recruitment,Class 4,EH11 2AY,324002,673034,68(1F) DALRY ROAD
324000,673031,1489,Grocer (asian),Passion Hut,Class 1,EH11 2AY,324000,673031,68(GF) DALRY ROAD
323999,673029,1490,hairdresser & beauty salon,Myles Hairdressing & Beauty Therapy,Class 1,EH11 2AY,323999,673029,70 DALRY ROAD
323996,673027,1491,hot food take-away (kebabs),Derya Kebab House,SUI GENERIS,EH11 2AY,323996,673027,72 DALRY ROAD
323994,673023,1492,Vacant,Vacant,Vacant,EH11 2AY,323994,673023,74 DALRY ROAD
323990,673018,1493,Spirit Merchants,High Spirit Co.,Class 1,EH11 2AX,323990,673018,76 DALRY ROAD
323987,673014,1494,barber,Edinburgh Barbers,Class 1,EH11 2AX,323987,673014,78 DALRY ROAD
323985,673011,1495,Restaurant,Riverlife,Class 3,EH11 2AX,323985,673011,84 DALRY ROAD
323966,672995,1496,kitchens,Andrew Stout,Class 1,EH11 2AX,323966,672995,86 DALRY ROAD
323958,672988,1497,public house,Dickens,SUI GENERIS,EH11 2AX,323958,672988,88 DALRY ROAD
323951,672985,1498,tattoo studio,Victorian Heart Tattoo Studio,Class 2,EH11 2AX,323951,672985,90 DALRY ROAD
323945,672981,1499,betting shop,Scotbet,Class 2,EH11 2AX,323945,672981,92 DALRY ROAD
323935,672975,1500,restaurant (Italian),Mia,Class 3,EH11 2AX,323935,672975,94A-96 DALRY ROAD
323916,672963,1501,restaurant,Locanda De Gusti,Class 3,EH11 2DW,323916,672963,100-102 DALRY ROAD
323900,672956,1502,charity shop,British Heart Foundation,Class 1,EH11 2DW,323900,672956,106A DALRY ROAD
323893,672952,1503,"homeware, toiletries",Pound Plus,Class 1,EH11 2DW,323893,672952,106B DALRY ROAD
323887,672948,1504,second-hand goods,Cash Generator (Buy and Sell Store),Class 1,EH11 2DW,323887,672948,108A DALRY ROAD
323879,672944,1505,disability and medical aids,Glenmore Healthcare,Class 2,EH11 2DW,323879,672944,108B DALRY ROAD
323871,672939,1506,pawnbroker,Ramsdens,Class 2,EH11 2DW,323871,672939,110A DALRY ROAD
323865,672934,1507,Vacant,Vacant,Vacant,EH11 2DW,323865,672934,110B DALRY ROAD
323817,672909,1508,supermarket,The Co-operative Food,Class 1,EH11 2EZ,323817,672909,114 DALRY ROAD
323792,672861,1509,electrical goods & accessories,Maplin Electronics,Class 1,EH11 2EZ,323792,672861,118-126 DALRY ROAD
323782,672851,1510,restaurant (Indian),Kebabish,Class 3,EH11 2EZ,323782,672851,128 DALRY ROAD
323697,672741,1511,hair & beauty,Prestige,Class 1,EH11 2EG,323697,672741,162 DALRY ROAD
323694,672736,1512,hairdresser (gents),Paddy's,Class 1,EH11 2EG,323694,672736,164 DALRY ROAD
323690,672731,1513,"hot food take-away (chicken, pizza, kebabs, burgers)",Dersim Fried Chicken & Kebab House,SUI GENERIS,EH11 2EG,323690,672731,166 DALRY ROAD
323687,672728,1514,betting shop,Ladbrokes,Class 2,EH11 2EG,323687,672728,168-170 DALRY ROAD
323684,672725,1515,n/t/c,Dalry Newsagent,Class 1,EH11 2EG,323684,672725,174 DALRY ROAD
323682,672722,1516,Vacant,Vacant,Vacant,EH11 2EG,323682,672722,176 DALRY ROAD
323674,672716,1517,public house,Benson's Bar,SUI GENERIS,EH11 2EG,323674,672716,178-182 DALRY ROAD
323658,672694,1518,vacant,vacant,Vacant,EH11 2EP,323658,672694,184 DALRY ROAD
323649,672681,1519,hot food take-away (fish & chips),Super Golden Fry,SUI GENERIS,EH11 2EP,323649,672681,192 DALRY ROAD
323616,672641,1520,vacant,vacant,Vacant,EH11 2ES,323616,672641,200 DALRY ROAD
323613,672639,1521,Estate Agents,Stewart Watt & Co,Class 2,EH11 2ES,323613,672639,202 DALRY ROAD
323603,672625,1522,hot food take-away & restaurant (Chinese),B & D's Kitchen,SUI GENERIS,EH11 2ES,323603,672625,214 DALRY ROAD
323583,672602,1523,windows,Georgian Windows,Class 4,EH11 2ES,323583,672602,230 DALRY ROAD
323583,672602,1524,Pet supplies,Simply Dogs,Class 1, ,323583,672602, 
323785,672805,1525,vacant,VACANT,Vacant,EH11 2EB,323785,672805,173 DALRY ROAD
323532,672539,1526,photographic studio,Steven Parry Donald,Class 2,EH11 2JG,323532,672539,246 DALRY ROAD
323527,672533,1527,Grocer (asian),Vidhi,Class 1,EH11 2JQ,323527,672533,249 DALRY ROAD
323504,672506,1528,travel agent,Wang Ping Travel,Class 1,EH11 2JQ,323504,672506,258-259 DALRY ROAD
323497,672498,1529,hot food take-away (Chinese),Delicious China,SUI GENERIS,EH11 2JQ,323497,672498,261 DALRY ROAD
327538,674349,1530,financial services,Orchard,Class 2,EH7 5TR,327538,674349,12 DALZIEL PLACE
327560,674339,1531,restaurant (Chinese),Xanadu,Class 3,EH7 5TP,327560,674339,13-14 DALZIEL PLACE
327608,674322,1532,cafe,Cafe Dalziel,Class 3,EH7 5TP,327608,674322,21 DALZIEL PLACE
327613,674320,1533,hairdresser & beauty salon,Blaze Hair & Beauty,Class 1,EH7 5TP,327613,674320,23 DALZIEL PLACE
327619,674318,1534,mobile phones,Carphone Warehouse,Class 1,EH7 5TP,327619,674318,24 DALZIEL PLACE
324667,674608,1535,restaurant (Indian),Lancers,Class 3,EH3 5BS,324667,674608,1 DEAN BANK LANE
324247,674671,1536,vacant,vacant,Vacant, ,324247,674671, 
324247,674671,1537,financial services,Futurity,Class 4, ,324247,674671, 
324248,674662,1538,coffe roaster,Mr Eion,Class 1,EH4 1JN,324248,674662,9 DEAN PARK STREET
324225,674650,1539,bicycles and accessories,Gamma,Class 1,EH4 1JW,324225,674650,6 DEAN PARK STREET
324527,674615,1540,public house (bar & grill),The Bon Viviant,SUI GENERIS,EH4 1LW,324527,674615,4-6 DEAN STREET
324375,674534,1541,public house,Raeburn,SUI GENERIS,EH4 1LQ,324375,674534,50 DEAN STREET
324619,674564,1542,restaurant,Pizza Express,Class 3,EH4 1LU,324619,674564,1 DEANHAUGH STREET
324613,674571,1543,caf‚,Peter's Yard,Class 3,EH4 1LU,324613,674571,3 DEANHAUGH STREET
324610,674576,1544,charity shop,Hospices of Hope,Class 1,EH4 1LU,324610,674576,5 DEANHAUGH STREET
324605,674583,1545,chemist,Lloyds Pharmacy,Class 1,EH4 1LU,324605,674583,9 DEANHAUGH STREET
324602,674586,1546,"grocer (fresh fruit & veg, delicatessen)",Tariq's,Class 1,EH4 1LU,324602,674586,11 DEANHAUGH STREET
324599,674591,1547,bank,Bank of Scotland,Class 2,EH4 1LU,324599,674591,13 DEANHAUGH STREET
324596,674595,1548,charity shop,debra,Class 1,EH4 1LU,324596,674595,15 DEANHAUGH STREET
324585,674607,1549,charity shop,Barnardo's,Class 1,EH4 1LR,324585,674607,29-31 DEANHAUGH STREET
324580,674613,1550,caf‚,No. 33,Class 3,EH4 1LR,324580,674613,33 DEANHAUGH STREET
324577,674617,1551,grocer / convenience store,Sainsbury Local,Class 1,EH4 1LR,324577,674617,35-37 DEANHAUGH STREET
324575,674623,1552,charity shop,Capability Scotland,Class 1,EH4 1LR,324575,674623,39-41 DEANHAUGH STREET
324572,674627,1553,hearing aid consultancy,ABC Hearing,Class 2,EH4 1LR,324572,674627,45 DEANHAUGH STREET
324569,674634,1554,public house & restaurant,Hector's,SUI GENERIS,EH4 1LR,324569,674634,47-49 DEANHAUGH STREET
324598,674550,1555,restaurant,Rafael's,Class 3,EH4 1LY,324598,674550,2 DEANHAUGH STREET
324596,674552,1556,hairdresser,Gordon Fraser,Class 1,EH4 1LY,324596,674552,4 DEANHAUGH STREET
324594,674554,1557,art gallery,Saorsa Art Gallery,Class 1,EH4 1LY,324594,674554,8 DEANHAUGH STREET
324593,674556,1558,architect's office,David Blaikie Architect,Class 4,EH4 1LY,324593,674556,10 DEANHAUGH STREET
324591,674558,1559,safety consultancy & products,Getmie Safe / Tolmie Ltd.,Class 4,EH4 1LY,324591,674558,12 DEANHAUGH STREET
324590,674560,1560,Just Dogs,Just Dogs,Class 1,EH4 1LY,324590,674560,14 DEANHAUGH STREET
324587,674563,1561,clothing shop,Stockbridge Boutique,Class 1,EH4 1LY,324587,674563,20 DEANHAUGH STREET
324585,674565,1562,vacant,vacant,Vacant,EH4 1LY,324585,674565,22 DEANHAUGH STREET
324584,674567,1563,restaurant,Veritas,Class 3,EH4 1LY,324584,674567,18-24 DEANHAUGH STREET
324581,674571,1564,restaurant (Chinese),Ping On,Class 3,EH4 1LY,324581,674571,28 DEANHAUGH STREET
324577,674575,1565,hairdresser (ladies & gents),boombarbers,Class 1,EH4 1LY,324577,674575,34 DEANHAUGH STREET
324575,674578,1566,restaurant (Latin American),Sabor Criollo,Class 3,EH4 1LY,324575,674578,36 DEANHAUGH STREET
327000,676678,1567,restaurant,A Room in Leith,Class 3,EH6 6LU,327000,676678,1A DOCK PLACE
327008,676677,1568,public house & restaurant,Techters Landing,SUI GENERIS,EH6 6LU,327008,676677,1C DOCK PLACE
326970,676653,1569,vacant,vacant,Vacant,EH6 6LU,326970,676653,3-10 DOCK PLACE
326834,676614,1570,Highland dress outfitter,Kinloch Anderson,Class 1,EH6 6EY,326834,676614,4 DOCK STREET
317662,667657,1571,hairdresser,Daz-l,Class 1,EH14 5RL,317662,667657,10 DOLPHIN AVENUE
317661,667662,1572,n/t/c,Kats,Class 1,EH14 5RL,317661,667662,12 DOLPHIN AVENUE
317661,667667,1573,vacant,vacant,Vacant,EH14 5RL,317661,667667,14 DOLPHIN AVENUE
323001,668198,1574,vacant,vacant,Vacant,EH13 9AA,323001,668198,46 DREGHORN LINK
323044,668142,1575,petrol filling station & shop,Shell + Select Shop,Class 1,EH13 9QR,323044,668142,50 DREGHORN LINK
319183,673888,1576,grocer / convenience store,Scotmid,Class 1,EH12 8TE,319183,673888,1 DRUM BRAE AVENUE
319204,673896,1577,dental practice,Drumbrae Dental Practice,Class 2, ,319204,673896, 
319214,673898,1578,P C advice,Drum Brae Solutions Ltd,Class 4,EH12 8TE,319214,673898,5-7 DRUM BRAE AVENUE
319223,673900,1579,hairdresser,Heads Together,Class 1,EH12 8TE,319223,673900,9 DRUM BRAE AVENUE
319228,673901,1580,veterinary surgery,Drumbrae Veterinary Centre,Class 2,EH12 8TE,319228,673901,11 DRUM BRAE AVENUE
318908,674838,1581,hairdresser,Hair & Brow Stuart Gale,Class 1,EH4 8AR,318908,674838,3 DRUM BRAE NORTH
319253,673549,1582,electrical repairs,J.K. McCrone,Class 1,EH12 8SU,319253,673549,30 DRUM BRAE SOUTH
329257,668751,1583,supermarket,Lidl,Class 1,EH17 8QQ,329257,668751,5 DRUM STREET
329225,668732,1584,frozen food,Iceland,Class 1,EH17 8QQ,329225,668732,7 DRUM STREET
329239,668708,1585,hairdresser,Instyle,Class 1,EH17 8QQ,329239,668708,9 DRUM STREET
329243,668701,1586,"grocer, confectionery",Drum Street Supermarket (Premier),Class 1,EH17 8QQ,329243,668701,13 DRUM STREET
329293,668632,1587,hot food take away (pizza),Dominos Pizza,SUI GENERIS,EH17 8RQ,329293,668632,33 DRUM STREET
329300,668626,1588,optician,Spex Optician,Class 1,EH17 8RQ,329300,668626,37 DRUM STREET
329302,668619,1589,hot food take away,Javits,SUI GENERIS,EH17 8RQ,329302,668619,39 DRUM STREET
329307,668615,1590,hot food take-away (Indian),Ruby Murray,SUI GENERIS,EH17 8RQ,329307,668615,41 DRUM STREET
329313,668610,1591,hairdresser,Monica Barber Shop,Class 1,EH17 8RQ,329313,668610,45 DRUM STREET
329328,668603,1592,bank,Royal Bank of Scotland,Class 2,EH17 8RQ,329328,668603,49-51 DRUM STREET
329227,668656,1593,hot food take-away,Supperbowl Fish & Chips,SUI GENERIS,EH17 8QH,329227,668656,6 DRUM STREET
329235,668644,1594,funeral directors,H. & W. Harkess,Class 1,EH17 8QH,329235,668644,12 DRUM STREET
329239,668640,1595,n/t/c,Gilmerton Newsagent,Class 1,EH17 8QH,329239,668640,14A DRUM STREET
329255,668637,1596,betting shop,Ladbrokes,Class 2,EH17 8QH,329255,668637,16 DRUM STREET
329261,668630,1597,veterinary surgery,Abercorn Veterinary Clinic,Class 2, ,329261,668630, 
329305,668589,1598,public house,Mechanics Arms,SUI GENERIS,EH17 8QH,329305,668589,36(1) DRUM STREET
329420,668522,1599,vacant,vacant,Vacant,EH17 8RN,329420,668522,62 DRUM STREET
329433,668502,1600,garage & car wash,National (Gilmerton Service Station),SUI GENERIS,EH17 8RN,329433,668502,64 DRUM STREET
325016,672862,1601,vacant,vacant,Vacant,EH3 9JZ,325016,672862,1 DRUMDRYAN STREET
325409,674574,1602,vacant,vacant,Vacant,EH3 6PL,325409,674574,(PB) DRUMMOND PLACE
326049,673344,1603,restaurant (Italian),The Hispaniola,Class 3, ,326049,673344, 
326055,673321,1604,vacant,vacant,Vacant,EH8 9TT,326055,673321,8 DRUMMOND STREET
326061,673323,1605,restaurant (Indian),Red Fort,Class 3,EH8 9TU,326061,673323,10-11 DRUMMOND STREET
326071,673328,1606,hairdresser (gents),Woods Barber Shop,Class 1,EH8 9TU,326071,673328,12 DRUMMOND STREET
326075,673329,1607,public house,The Brass Monkey,SUI GENERIS,EH8 9TU,326075,673329,14 DRUMMOND STREET
326083,673334,1608,restaurant,b'est,Class 3,EH8 9TX,326083,673334,16 DRUMMOND STREET
324369,673808,1609,coffee kiosk,999 Coffee Box,Class 3,EH3 7QG,324369,673808,(15A) DRUMSHEUGH GARDENS
324435,673816,1610,"take-away food, outside catering",Flavour Sandwich Solutions,Class 1,EH3 7PT,324435,673816,2 DRUMSHEUGH PLACE
324430,673818,1611,hairdresser,Cheynes,Class 1,EH3 7PT,324430,673818,3 DRUMSHEUGH PLACE
324426,673820,1612,charity shop,St. Columba's Hospice,Class 1,EH3 7PT,324426,673820,4 DRUMSHEUGH PLACE
324422,673822,1613,dry cleaner,Johnsons,Class 1,EH3 7PT,324422,673822,5 DRUMSHEUGH PLACE
324413,673824,1614,mens clothing,Mr. James,Class 1,EH3 7PT,324413,673824,7 DRUMSHEUGH PLACE
324408,673825,1615,AGA shop,AGA Edinburgh,Class 1,EH3 7PT,324408,673825,8-9 DRUMSHEUGH PLACE
324399,673825,1616,"restaurant & hot food take-away (fish & chips, pizza etc.)",La Campagnola,Class 3,EH3 7PT,324399,673825,11 DRUMSHEUGH PLACE
324391,673824,1617,printers,Digital Print Centre,Class 4,EH3 7PT,324391,673824,12-13 DRUMSHEUGH PLACE
319167,674138,1618,hot food take-away,Roberto's,SUI GENERIS,EH4 7JP,319167,674138,24 DUART CRESCENT
319161,674135,1619,"n/t/c, post office, grocer",Caledonian News,Class 1,EH4 7JP,319161,674135,26 DUART CRESCENT
319157,674134,1620,hot food take-away (Chinese),Anna's,SUI GENERIS,EH4 7JP,319157,674134,28 DUART CRESCENT
319151,674136,1621,hot food take-away (Bengali & Indian),Nahar,SUI GENERIS,EH4 7JP,319151,674136,30 DUART CRESCENT
319145,674134,1622,dentist,Dental Surgery,Class 2, ,319145,674134, 
319139,674132,1623,grocer (licensed),Day-Today,Class 1,EH4 7JP,319139,674132,34 DUART CRESCENT
319133,674130,1624,hairdresser,Madison Hair,Class 1,EH4 7JP,319133,674130,36 DUART CRESCENT
319127,674128,1625,chemist,Omnicare Pharmacy,Class 1,EH4 7JP,319127,674128,38 DUART CRESCENT
319121,674125,1626,hot food takeaway,Marmaris,SUI GENERIS,EH4 7JP,319121,674125,40 DUART CRESCENT
319115,674123,1627,betting shop,Ladbrokes,Class 2,EH4 7JP,319115,674123,42 DUART CRESCENT
325624,674314,1628,public house,Lord Bodo's,SUI GENERIS,EH1 3PG,325624,674314,3(GF1) DUBLIN STREET
325623,674319,1629,hot food take-away,The Square,SUI GENERIS,EH1 3PG,325623,674319,7 DUBLIN STREET
325622,674323,1630,hairdresser,Mosko,Class 1,EH1 3PG,325622,674323,9 DUBLIN STREET
325593,674419,1631,ladies clothing,Linzi Crawford,Class 1,EH3 6NL,325593,674419,27 DUBLIN STREET
325591,674431,1632,restaurant (Scottish),Stac Polly,Class 3,EH3 6NL,325591,674431,29-33 DUBLIN STREET
325573,674531,1633,residential letting & property management,Factotum,Class 2,EH3 6NS,325573,674531,63 DUBLIN STREET
325570,674542,1634,interior design service,Ampersand,Class 4,EH3 6NS,325570,674542,73 DUBLIN STREET
325556,674426,1635,vacant,vacant,Vacant,EH3 6NN,325556,674426,26 DUBLIN STREET
325558,674417,1636,public house,Spitfire Bar,SUI GENERIS,EH3 6NN,325558,674417,26B DUBLIN STREET
325538,674487,1637,hairdresser,Steven Boles,Class 1,EH3 6NP,325538,674487,52 DUBLIN STREET
325537,674492,1638,physiotherapist,Pro Active,Class 2,EH3 6NP,325537,674492,54 DUBLIN STREET
325530,674516,1639,office,No sign,UNKNOWN USE,EH3 6NP,325530,674516,76 DUBLIN STREET
330310,672880,1640,hot food take-away (Indian),Mister India,SUI GENERIS,EH15 1JZ,330310,672880,94 DUDDINGSTON PARK
330312,672875,1641,hot food take-away (Chinese),Canton Cuisine,SUI GENERIS,EH15 1JZ,330312,672875,96 DUDDINGSTON PARK
330466,672020,1642,betting shop,William Hill,Class 2,EH15 3EG,330466,672020,179 DUDDINGSTON PARK SOUTH
330494,671915,1643,supermarket,Farmfoods,Class 1,EH15 3EJ,330494,671915,189 DUDDINGSTON PARK SOUTH
330493,671880,1644,convenience store,Scotmid,Class 1,EH15 3EJ,330493,671880,191-193 DUDDINGSTON PARK SOUTH
330495,671866,1645,hot food take-away,Duddingston Fry,SUI GENERIS,EH15 3EJ,330495,671866,195 DUDDINGSTON PARK SOUTH
330433,672359,1646,coffee stall,Coffee Drive,SUI GENERIS,EH15 3LJ,330433,672359,56(A) DUDDINGSTON PARK SOUTH
329506,673266,1647,hairdresser,Jays,Class 1,EH15 1SG,329506,673266,60 DUDDINGSTON ROAD
329514,673267,1648,n/t/c,Duddingston General Store & Newsagent,Class 1,EH15 1SG,329514,673267,62-64 DUDDINGSTON ROAD
328585,672739,1649,take-away food,The Bizzy Lizzy,Class 1,EH15 3PU,328585,672739,"98(B) DUDDINGSTON ROAD, WEST"
326967,675941,1650,Financial Services,RAMSDENS FINANCIAL LTD,Class 4,EH6 6AE,326967,675941,1 DUKE STREET
326973,675936,1651,chemist,Lloyds Pharmacy,Class 1,EH6 6AE,326973,675936,3-5 DUKE STREET
326979,675929,1652,Charity Shop,BRITISH HEART FOUNDATION,Class 1,EH6 6AE,326979,675929,5A DUKE STREET
326999,675908,1653,public house,The Foot Of The Walk,SUI GENERIS,EH6 8HG,326999,675908,7A DUKE STREET
327003,675903,1654,mobile phones,Fones 2 You,Class 1,EH6 8HG,327003,675903,7B DUKE STREET
327008,675899,1655,employment agency,Biurapi,Class 2,EH6 8HG,327008,675899,9A DUKE STREET
327012,675896,1656,Barber,Duke Barbers,Class 1,EH6 8HG,327012,675896,11 DUKE STREET
327018,675893,1657,public house,Marksman Bar,SUI GENERIS,EH6 8HG,327018,675893,13 DUKE STREET
327024,675890,1658,vacant,vacant,Vacant,EH6 8HG,327024,675890,15 DUKE STREET
327038,675880,1659,charity shop,The Bethany Shop,Class 1,EH6 8HG,327038,675880,17 DUKE STREET
327061,675866,1660,public house,The Lioness of Leith,SUI GENERIS,EH6 8HH,327061,675866,21-25 DUKE STREET
327061,675867,1661,restoration,The Conservation Studio,Class 2,EH6 8HH,327061,675867,27 DUKE STREET
327072,675859,1662,public house,Duke's Head,SUI GENERIS,EH6 8HH,327072,675859,31 DUKE STREET
327082,675853,1663,hot food take-away,Lucky Budha,SUI GENERIS,EH6 8HH,327082,675853,33 DUKE STREET
327086,675850,1664,vacant,vacant,Vacant,EH6 8HH,327086,675850,37 DUKE STREET
327090,675847,1665,accountant,Turnbull & Co.,Class 2,EH6 8HH,327090,675847,39-43 DUKE STREET
327099,675842,1666,hot food take-away,Frying Nemo,SUI GENERIS,EH6 8HH,327099,675842,47-49 DUKE STREET
327124,675825,1667,vacant,vacant,Vacant,EH6 8HN,327124,675825,63 DUKE STREET
327128,675821,1668,computers,AIM,Class 1,EH6 8HN,327128,675821,65 DUKE STREET
327000,675873,1669,vacant,vacant,Vacant,EH6 8HQ,327000,675873,12-16 DUKE STREET
327010,675869,1670,vacant,vacant,Vacant,EH6 8HQ,327010,675869,20 DUKE STREET
327019,675864,1671,vacant,vacant,Vacant,EH6 8HQ,327019,675864,22 DUKE STREET
327135,675787,1672,residential letting & property management,Watt Property Manager,Class 2,EH6 8HL,327135,675787,106 DUKE STREET
327154,675767,1673,embroidery,Max Yarns,Class 1,EH6 8HR,327154,675767,110 DUKE STREET
327164,675757,1674,office (garage),S & J Motors,Class 4,EH6 8HR,327164,675757,120 DUKE STREET
327166,675754,1675,vacant,vacant,Vacant,EH6 8HR,327166,675754,124 DUKE STREET
327171,675748,1676,take away food,Armaan's Tasty Bites,Class 3,EH6 8HR,327171,675748,126 DUKE STREET
327173,675745,1677,vacant,vacant,Vacant,EH6 8HR,327173,675745,130 DUKE STREET
327182,675736,1678,hairdresser,Ju-Pa,Class 1,EH6 8HR,327182,675736,134 DUKE STREET
327186,675732,1679,restaurant,Bombay Spice,Class 3,EH6 8HR,327186,675732,138-140 DUKE STREET
327191,675726,1680,public house,The Parlour,SUI GENERIS,EH6 8HR,327191,675726,142 DUKE STREET
327197,675718,1681,vacant,vacant,Vacant,EH6 8HR,327197,675718,146 DUKE STREET
327200,675715,1682,caf‚,Bangers,Class 3,EH6 8HR,327200,675715,148 DUKE STREET
327204,675711,1683,"trophies, engraving",Links Engraving Co.,Class 1,EH6 8HR,327204,675711,150 DUKE STREET
327208,675705,1684,funeral parlour,Scotmid funeral parlour,Class 1,EH6 8HR,327208,675705,152 DUKE STREET
326548,673488,1685,vacant,vacant,Vacant,EH8 9UT,326548,673488,65 DUMBIEDYKES ROAD
326547,673474,1686,community centre,Community Centre,Class 10,EH8 9UT,326547,673474,67 DUMBIEDYKES ROAD
320660,670156,1687,vacant,vacant,Vacant,EH14 2AF,320660,670156,15 DUMBRYDEN ROAD
325270,674343,1688,clothing (bridal),Rachael Scott,Class 1,EH3 6QG,325270,674343,3 DUNDAS STREET
325269,674347,1689,restaurant (indian),Spice Pavillion,Class 3,EH3 6QG,325269,674347,3A DUNDAS STREET
325267,674350,1690,restaurant (indian),Spice Pavillion,Class 3,EH3 6QG,325267,674350,3A1 DUNDAS STREET
325265,674355,1691,financial services,Sturrock Armstrong & Thomson,Class 2,EH3 6QG,325265,674355,7 DUNDAS STREET
325263,674361,1692,hairdresser,Ritz Hair & Beauty,Class 1,EH3 6QG,325263,674361,9 DUNDAS STREET
325261,674373,1693,Art Gallery,Arusha Gallery,Class 1,EH3 6QG,325261,674373,13A DUNDAS STREET
325262,674370,1694,vacant,vacant,Vacant,EH3 6QG,325262,674370,13B DUNDAS STREET
325269,674369,1695,Antiques and fine art,McPherson Day Gallery,Class 1,EH3 6QG,325269,674369,13C DUNDAS STREET
325258,674389,1696,residential letting & property management,Dickins,Class 2,EH3 6QG,325258,674389,17(GF) DUNDAS STREET
325255,674398,1697,restaurant (Chinese),Kweilin Cantonese Restaurant,Class 3,EH3 6QG,325255,674398,19(GF) DUNDAS STREET
325246,674429,1698,Art Gallery,The Photography Gallery,Class 1,EH3 6QQ,325246,674429,23A DUNDAS STREET
325245,674432,1699,Architect,JA Leask Architects,Class 4,EH3 6QQ,325245,674432,23(C) DUNDAS STREET
325243,674436,1700,vacant,vacant,Vacant,EH3 6QQ,325243,674436,23(D) DUNDAS STREET
325241,674444,1701,caf‚,Spark,Class 3,EH3 6QQ,325241,674444,25(A) DUNDAS STREET
325235,674464,1702,clock repairs,James Ritchie & Son,Class 1,EH3 6QQ,325235,674464,29B DUNDAS STREET
325235,674470,1703,Interior design,Bulthaup,Class 1,EH3 6QQ,325235,674470,31(BF) DUNDAS STREET
325234,674477,1704,SHOP,CAMERON INTERIORS,Class 1,EH3 6QQ,325234,674477,31(GF) DUNDAS STREET
325232,674481,1705,clothing,Epitome,Class 1,EH3 6QQ,325232,674481,35 DUNDAS STREET
325231,674485,1706,Interior design,Bryce McKenzie,Class 4,EH3 6QQ,325231,674485,35A DUNDAS STREET
325230,674489,1707,unknown office / community use,unknown (non-English lettering on fascia),UNKNOWN USE,EH3 6QQ,325230,674489,37 DUNDAS STREET
325228,674495,1708,cafe,Archipelago Bakery,Class 3,EH3 6QQ,325228,674495,39 DUNDAS STREET
325227,674499,1709,fine art,Colours Gallery,Class 1,EH3 6QQ,325227,674499,41 DUNDAS STREET
325226,674503,1710,antiques,James Scott Antiques,Class 1,EH3 6QQ,325226,674503,43 DUNDAS STREET
325213,674540,1711,grocer & n/t/c,Keen Kost Newsagent,Class 1,EH3 6RS,325213,674540,45 DUNDAS STREET
325212,674544,1712,Antiques,Quadrant Antiques,Class 1,EH3 6RS,325212,674544,47 DUNDAS STREET
325211,674548,1713,antiques,Quadrant Antiques,Class 1,EH3 6RS,325211,674548,49 DUNDAS STREET
325204,674570,1714,antiques,Unicorn Antiques,Class 1,EH3 6RS,325204,674570,65 DUNDAS STREET
325196,674599,1715,Building repair services,Robb Reinstatement Ltd,Class 4,EH3 6RS,325196,674599,77 DUNDAS STREET
325179,674667,1716,veterinary surgery,Dundas Veterinary Group,Class 2,EH3 6SD,325179,674667,99 DUNDAS STREET
325178,674670,1717,jeweler,Christopher Ness,Class 1,EH3 6SD,325178,674670,101 DUNDAS STREET
325176,674674,1718,Vacant,Vacant,Vacant,EH3 6SD,325176,674674,103 DUNDAS STREET
325145,674811,1719,kitchens,KITCHENS INTERNATIONAL LTD,Class 1,EH3 5EF,325145,674811,117 DUNDAS STREET
325237,674329,1720,delicatessen,Glass & Thompson,Class 1,EH3 6HZ,325237,674329,2 DUNDAS STREET
325227,674362,1721,fine art,Anthony Woodd,Class 1,EH3 6HZ,325227,674362,4 DUNDAS STREET
325233,674345,1722,antiques & fine art,The Dundas Street Gallery,Class 1,EH3 6HZ,325233,674345,6 DUNDAS STREET
325222,674378,1723,fine art,The Scottish Gallery,Class 1,EH3 6HZ,325222,674378,16 DUNDAS STREET
325221,674384,1724,fine art,The Sutton Gallery,Class 1,EH3 6HZ,325221,674384,18A DUNDAS STREET
325220,674388,1725,artists supplies,Greyfriars Art Shop,Class 1,EH3 6HZ,325220,674388,20 DUNDAS STREET
325218,674393,1726,fine art,Edinburgh Gallery,Class 1,EH3 6HZ,325218,674393,20A DUNDAS STREET
325212,674419,1727,beauty salon,New Town Beauty & Nails,Class 1,EH3 6JN,325212,674419,22A DUNDAS STREET
325202,674451,1728,Letting Agency,Belvoir,Class 2,EH3 6JN,325202,674451,28A DUNDAS STREET
325200,674459,1729,Vacant,Vacant,Vacant,EH3 6JN,325200,674459,30-30A DUNDAS STREET
325194,674477,1730,"fine art, picture framing",The Torrance Gallery,Class 1,EH3 6JN,325194,674477,36 DUNDAS STREET
325193,674481,1731,solicitors,Marwicks,Class 2,EH3 6JN,325193,674481,38-40 DUNDAS STREET
325192,674484,1732,Bridal wear,Rachel Scott Accessories,Class 1,EH3 6JN,325192,674484,42 DUNDAS STREET
325191,674488,1733,take-away food,Ravenous,Class 1,EH3 6JN,325191,674488,44 DUNDAS STREET
325190,674491,1734,jeweler,The Ringmaker,Class 1,EH3 6JN,325190,674491,46 DUNDAS STREET
325189,674495,1735,travel agent,Ian Dickson Travel Service,Class 1,EH3 6JN,325189,674495,50 DUNDAS STREET
325177,674536,1736,residential letting agency,Braemore,Class 2,EH3 6QZ,325177,674536,52-54 DUNDAS STREET
325144,674660,1737,Hairdressors/hair loss,Lucinda Ellery,Class 1,EH3 6RQ,325144,674660,106 DUNDAS STREET
325120,674750,1738,grocer / convenience store,Margiotta,Class 1,EH3 5DQ,325120,674750,122-124 DUNDAS STREET
325119,674755,1739,hairdresser,Edinburgh Blue,Class 1,EH3 5DQ,325119,674755,126 DUNDAS STREET
325117,674760,1740,take away food,Finnegan's Sandwich Bar,Class 1,EH3 5DQ,325117,674760,130 DUNDAS STREET
325116,674765,1741,take away food,Club Sandwich,Class 1,EH3 5DQ,325116,674765,132 DUNDAS STREET
325116,674765,1742,The e-cigarette shop,e-cigarettes,Class 1, ,325116,674765, 
325114,674771,1743,wine merchant,Bacco,Class 1,EH3 5DQ,325114,674771,136 DUNDAS STREET
325113,674776,1744,hot food take-away,Zen Kitchen,SUI GENERIS,EH3 5DQ,325113,674776,138 DUNDAS STREET
325112,674780,1745,public house,Clark's Bar,SUI GENERIS,EH3 5DQ,325112,674780,142 DUNDAS STREET
325110,674787,1746,vacant,vacant,Vacant,EH3 5DQ,325110,674787,144 DUNDAS STREET
325108,674791,1747,vacant,vacant,Vacant,EH3 5DQ,325108,674791,146 DUNDAS STREET
325107,674795,1748,tea room,Cuckoos Bakery,Class 3,EH3 5DQ,325107,674795,150 DUNDAS STREET
325106,674799,1749,hairdresser,Trigg,Class 1,EH3 5DQ,325106,674799,152 DUNDAS STREET
325105,674804,1750,caf‚,Caffeine,Class 3,EH3 5DQ,325105,674804,154 DUNDAS STREET
325103,674808,1751,n/t/c,Dundas News & Dundas Deli,Class 1,EH3 5DQ,325103,674808,156-158 DUNDAS STREET
325102,674814,1752,caf‚,Lezzetli,Class 3,EH3 5DQ,325102,674814,160 DUNDAS STREET
325091,674844,1753,vacant,vacant,Vacant,EH3 5DT,325091,674844,168 DUNDAS STREET
324083,672623,1754,small supermarket,Sainsbury's Local,Class 1,EH11 1AW,324083,672623,111 DUNDEE STREET
324053,672605,1755,hot food take-away,Fountainpark Fry,SUI GENERIS,EH11 1AX,324053,672605,117 DUNDEE STREET
324048,672602,1756,hot food take-away,Spicy Bite,SUI GENERIS,EH11 1AX,324048,672602,119 DUNDEE STREET
324020,672587,1757,public house,The Fountain,SUI GENERIS,EH11 1AX,324020,672587,131 DUNDEE STREET
323974,672567,1758,betting shop,Scotbet,Class 2,EH11 1BP,323974,672567,139 DUNDEE STREET
323971,672565,1759,sandwich bar,Lime,Class 1,EH11 1BP,323971,672565,143 DUNDEE STREET
323967,672564,1760,hairdresser (gents),N&N Barbers,Class 1,EH11 1BP,323967,672564,145 DUNDEE STREET
323960,672560,1761,restaurant (chinese),Wingsing Inn,Class 3,EH11 1BP,323960,672560,147-149 DUNDEE STREET
323952,672557,1762,general second-hand goods,Myriad,Class 1,EH11 1BP,323952,672557,151 DUNDEE STREET
323948,672555,1763,tattooist,Haven Ink Tattoo,Class 1,EH11 1BP,323948,672555,153 DUNDEE STREET
323926,672545,1764,n/t/c & grocer,Food & News,Class 1,EH11 1BP,323926,672545,155 DUNDEE STREET
323926,672545,1765,grocer,Fountain News,Class 1,EH11 1BY,323926,672545,157 DUNDEE STREET
323920,672542,1766,hot food take-away,Maria's Pizza,SUI GENERIS,EH11 1BY,323920,672542,159 DUNDEE STREET
323917,672540,1767,restaurant (Portuguese),Tugas Amor,Class 3,EH11 1BY,323917,672540,161 DUNDEE STREET
323913,672538,1768,IT repair,WeFix,Class 1,EH11 1BY,323913,672538,165 DUNDEE STREET
323908,672536,1769,restaurant (Chinese),Tin Tin Seafood Harbour,Class 3,EH11 1BY,323908,672536,167-171 DUNDEE STREET
323897,672531,1770,hairdresser,Hair Workshop,Class 1,EH11 1BY,323897,672531,175 DUNDEE STREET
323891,672528,1771,sandwich bar,The Sandwich Hub,Class 1,EH11 1BY,323891,672528,177 DUNDEE STREET
323886,672526,1772,chemist,Fountainbridge Pharmacy,Class 1,EH11 1BY,323886,672526,179 DUNDEE STREET
323882,672524,1773,post office,Dundee Street Sub Post Office,Class 1,EH11 1BY,323882,672524,181 DUNDEE STREET
323816,672525,1774,tile shop,Stile,Class 1,EH11 1BY,323816,672525,185 DUNDEE STREET
323785,672524,1775,doors,The Door Depot,Class 1,EH11 1BY,323785,672524,187-189 DUNDEE STREET
324083,672623,1776,hot food take-away,Papa John's,SUI GENERIS,EH11 1AB,324083,672623,114/9 DUNDEE STREET
324171,672758,1777,restaurant,Nando's,Class 3,EH11 1AF,324171,672758,126 DUNDEE STREET
324059,672760,1778,gym,Virgin Active,Class 11,EH11 1AF,324059,672760,130/2A DUNDEE STREET
324033,672726,1779,vacant,vacant,Vacant,EH11 1AF,324033,672726,130/2 DUNDEE STREET
324064,672755,1780,vacant,vacant,Vacant,EH11 1AF,324064,672755,130/4 DUNDEE STREET
324075,672766,1781,restaurant,Mr Basrai's World Cuisine,Class 3,EH11 1AF,324075,672766,130/7 DUNDEE STREET
324018,672661,1782,restaurant,Pizza Hut,Class 3,EH11 1AF,324018,672661,132 DUNDEE STREET
324014,672636,1783,public house,McCowans Bar,SUI GENERIS,EH11 1AF,324014,672636,134 DUNDEE STREET
323855,672549,1784,bathroom furniture & fittings,Victor Paris,Class 1, ,323855,672549, 
323837,672550,1785,bathroom furniture & fittings,Victor Paris,Class 1,EH11 1DQ,323837,672550,176-180 DUNDEE STREET
323863,672516,1786,glaziers,Munro Glazing,Class 4,EH11 1DL,323863,672516,1 DUNDEE TERRACE
323859,672514,1787,hot food take-away (Chinese),So Good,SUI GENERIS,EH11 1DL,323859,672514,5 DUNDEE TERRACE
323854,672512,1788,restaurant (Italian),Piatto Verde,Class 3,EH11 1DL,323854,672512,7 DUNDEE TERRACE
323847,672510,1789,restaurant,Guru Balti Restaurant,Class 3,EH11 1DL,323847,672510,9 DUNDEE TERRACE
323798,672515,1790,sports cars,David Philips Autos,SUI GENERIS,EH11 1DL,323798,672515,4 DUNDEE TERRACE
325358,674636,1791,Interior design,ROBERTSON LINDSAY LTD,Class 4,EH3 6RX,325358,674636,7 DUNDONALD STREET
324904,673017,1792,bank,Bank of Scotland / HBOS,Class 2,EH3 9BN,324904,673017,3 EARL GREY STREET
324890,673036,1793,supermarket,Co-Op,Class 1,EH3 9BN,324890,673036,5-7 EARL GREY STREET
324878,673052,1794,clinic,City Health Clinic,Class 2, ,324878,673052, 
324886,672972,1795,caf‚,Kaffe Kantante,Class 3,EH3 9BN,324886,672972,4 EARL GREY STREET
324882,672978,1796,supermarket,Sainsburys Local,Class 1,EH3 9BN,324882,672978,6-10 EARL GREY STREET
324869,672996,1797,art gallery / event space,Project Space at Bargain Spot,Class 1,EH3 9BN,324869,672996,12-14 EARL GREY STREET
324865,673002,1798,chemist,Boots,Class 1,EH3 9BN,324865,673002,16-20 EARL GREY STREET
324858,673011,1799,hairdresser (gents),Hot Shave Barbers,Class 1,EH3 9BN,324858,673011,(22) EARL GREY STREET
324853,673019,1800,employment services,Remploy,Class 2,EH3 9BN,324853,673019,22-24 EARL GREY STREET
324844,673031,1801,grocer / convenience store,Tesco Express,Class 1,EH3 9BN,324844,673031,32 EARL GREY STREET
324841,673036,1802,charity shop,Salvation Army,Class 1,EH3 9BN,324841,673036,36 EARL GREY STREET
324837,673041,1803,dental surgery,Genix Healthcare Ltd,Class 2, ,324837,673041, 
324833,673047,1804,sandwiches,Thyme,Class 1,EH3 9BN,324833,673047,44 EARL GREY STREET
324826,673055,1805,coffee shop,Costa Coffee,Class 3,EH3 9BN,324826,673055,48 EARL GREY STREET
327177,674439,1806,grocer (lic.),Earlston Convenience Store,Class 1,EH7 5SU,327177,674439,3 EARLSTON PLACE
327186,674437,1807,grocer (polish),White Eagle,Class 1,EH7 5SU,327186,674437,5 EARLSTON PLACE
327195,674435,1808,solarium,Megasun,Class 11,EH7 5SU,327195,674435,6 EARLSTON PLACE
327201,674435,1809,hot food take-away,Sea Breeze,SUI GENERIS,EH7 5SU,327201,674435,8 EARLSTON PLACE
327231,674428,1810,bridal salon,Pretty Woman,Class 1,EH7 5SU,327231,674428,12 EARLSTON PLACE
327266,674422,1811,charity shop,Barnardo's,Class 1,EH7 5SU,327266,674422,16 EARLSTON PLACE
327283,674418,1812,photographic studio,Venture Portraits,Class 2,EH7 5SU,327283,674418,17 EARLSTON PLACE
325808,675318,1813,fabrics,Fabric Focus,Class 1,EH7 4JA,325808,675318,131 EAST CLAREMONT STREET
325813,675328,1814,restaurant (Greek),Spitaki,Class 3,EH7 4JA,325813,675328,133-135 EAST CLAREMONT STREET
325692,674965,1815,grocer (lic.),M & A Store,Class 1,EH7 4JR,325692,674965,34 EAST CLAREMONT STREET
325693,674970,1816,lettting agency,A Flat in Town,Class 2,EH7 4JR,325693,674970,36 EAST CLAREMONT STREET
325695,674975,1817,plumbers,P & W Plumbing,Class 4,EH7 4JR,325695,674975,38 EAST CLAREMONT STREET
326222,672933,1818,records,Backbeat Records,Class 1,EH8 9HE,326222,672933,31 EAST CROSSCAUSEWAY
326277,672938,1819,vacant,vacant,Vacant,EH8 9HG,326277,672938,49 EAST CROSSCAUSEWAY
326280,672938,1820,vacant,vacant,Vacant,EH8 9HG,326280,672938,53 EAST CROSSCAUSEWAY
326220,672955,1821,solicitors,Scottish Child Law Centre,Class 2,EH8 9HD,326220,672955,54-56 EAST CROSSCAUSEWAY
326270,672957,1822,public house,Alba Flamenco,SUI GENERIS,EH8 9HQ,326270,672957,74 EAST CROSSCAUSEWAY
326277,672957,1823,vacant,vacant,Vacant, ,326277,672957, 
326288,672958,1824,property maintenance,Southside Glazing & Joinery,Class 2,EH8 9HQ,326288,672958,84 EAST CROSSCAUSEWAY
324999,673164,1825,hairdresser (gents),The 3 Stooges Barber Shop,Class 1,EH3 9BH,324999,673164,1 EAST FOUNTAINBRIDGE
325006,673169,1826,take-away food & coffee,Coffee Mavi,Class 1,EH3 9BH,325006,673169,3 EAST FOUNTAINBRIDGE
325003,673167,1827,caf‚,Scoff,Class 3,EH3 9BH,325003,673167,5 EAST FOUNTAINBRIDGE
325010,673171,1828,tattoo artist supplies,Tattoo Supplies (UK)Ltd,Class 1,EH3 9BH,325010,673171,9 EAST FOUNTAINBRIDGE
324995,673162,1829,tattoo artist supplies,Tattoo Supplies (UK)Ltd,Class 1,EH3 9BH,324995,673162,11 EAST FOUNTAINBRIDGE
324861,673104,1830,hairdresser,Jardinework,Class 1,EH3 9BH,324861,673104,48 EAST FOUNTAINBRIDGE
324856,673100,1831,restaurant & hot food take-away (Indian & Bangladeshi),Guchhi India,Class 3,EH3 9BH,324856,673100,50 EAST FOUNTAINBRIDGE
325782,674666,1832,restaurant,The Riparian Rooms,Class 3,EH7 4BN,325782,674666,"7-11 LONDON STREET, EAST"
325792,674670,1833,children's nursery,The Edinburgh Nursery,Class 10, ,325792,674670, 
325800,674672,1834,tax accountants,Bond Chartered Accountants,Class 2,EH7 4BN,325800,674672,"17-19 LONDON STREET, EAST"
325844,674725,1835,solicitors,McSporran - Criminal Defence Lawyers,Class 2,EH7 4BH,325844,674725,"2 LONDON STREET, EAST"
326080,674793,1836,carpets,Edinburgh Carpet Warehouse,Class 1,EH7 4BQ,326080,674793,"34 LONDON STREET, EAST"
315625,672379,1837,n/a,n/a,UNKNOWN USE,EH28 8NJ,315625,672379,1 EAST MAINS OF INGLISTON
327078,671926,1838,accountants,Helen Lowe & Co.,Class 2, ,327078,671926, 
327084,671928,1839,accountants,Helen Lowe & Co.,Class 2,EH9 1SE,327084,671928,19-21 EAST MAYFIELD
327027,674433,1840,Hairdresser,Precision Hairdressing,Class 1,EH7 5DR,327027,674433,"3 NORTON PLACE, EAST"
327014,674436,1841,hot food take-away,Caf‚ Piccante,SUI GENERIS,EH7 5DR,327014,674436,"7 NORTON PLACE, EAST"
327010,674437,1842,tailoring/repairs,Look Smart,Class 1,EH7 5DR,327010,674437,"8 NORTON PLACE, EAST"
327007,674437,1843,lighting,Abbeyhill Electrical Services,Class 1,EH7 5DR,327007,674437,"9 NORTON PLACE, EAST"
327000,674439,1844,vacant,vacant,Vacant,EH7 5DR,327000,674439,"11 NORTON PLACE, EAST"
326994,674440,1845,Tattoo parlour,Rock n Roll,Class 2,EH7 5DR,326994,674440,"13 NORTON PLACE, EAST"
326987,674442,1846,vacant,vacant,Vacant,EH7 5DR,326987,674442,"14-15 NORTON PLACE, EAST"
326982,674443,1847,barber,The Best Little Hair House,Class 1,EH7 5DR,326982,674443,"17 NORTON PLACE, EAST"
326970,674445,1848,dry cleaner,Edinburgh Dry Cleaners,Class 1,EH7 5DR,326970,674445,"19-21 NORTON PLACE, EAST"
326958,674447,1849,hairdresser,Changes,Class 1,EH7 5DR,326958,674447,"23 NORTON PLACE, EAST"
326954,674447,1850,hairdresser,Feel Beauty,Class 1,EH7 5DR,326954,674447,"25 NORTON PLACE, EAST"
326944,674448,1851,charity office,The Maple Project,Class 2, ,326944,674448, 
326930,674450,1852,photographer,Sports Portraits,Class 2,EH7 5DR,326930,674450,"28 NORTON PLACE, EAST"
326452,672407,1853,caf‚,Forn,Class 3,EH8 9QQ,326452,672407,1 EAST PRESTON STREET
326496,672417,1854,furniture & gallery,diedododa [sic],Class 1,EH8 9QQ,326496,672417,5A EAST PRESTON STREET
313176,678280,1855,barbers,Cut Above,Class 1,EH30 9HS,313176,678280,8 EAST TERRACE
325360,676713,1856,window cleaners,Grove Office & Window Cleaning,Class 4,EH5 3DZ,325360,676713,3A EAST TRINITY ROAD
325355,676712,1857,hair & beauty,Toccata,Class 1,EH5 3DZ,325355,676712,3B EAST TRINITY ROAD
325301,676722,1858,architects,Margaret Lynn & Associates,Class 4,EH5 3DY,325301,676722,10-14 EAST TRINITY ROAD
325291,676717,1859,grocer (lic.) and general store,W.D. Johnstone,Class 1,EH5 3DY,325291,676717,16-20 EAST TRINITY ROAD
325213,676664,1860,plumbers,M.P. Braidwood,Class 4,EH5 3DJ,325213,676664,44(01) EAST TRINITY ROAD
325211,676663,1861,trades office,Trinity Joiners and Builders,Class 2,EH5 3DJ,325211,676663,44A EAST TRINITY ROAD
322484,675438,1862,launderette,Premier Launderette & Linen,Class 1,EH4 2QN,322484,675438,18 EASTER DRYLAW BANK
322480,675450,1863,vacant,vacant,Vacant,EH4 2QN,322480,675450,24 EASTER DRYLAW BANK
322478,675456,1864,vacant,vacant,Vacant,EH4 2QN,322478,675456,26 EASTER DRYLAW BANK
322443,675586,1865,grocer / convenience store,Key Store,Class 1,EH4 2QF,322443,675586,20 EASTER DRYLAW PLACE
322440,675595,1866,vacant,vacant,Vacant, ,322440,675595, 
322437,675604,1867,butcher,Drylaw Butchers,Class 1,EH4 2QF,322437,675604,22 EASTER DRYLAW PLACE
322441,675615,1868,joiners,Max-bud,Class 4,EH4 2QF,322441,675615,26 EASTER DRYLAW PLACE
322441,675615,1869,glaziers / joiners,J.W.Glazing & Joinery,Class 4,EH4 2QF,322441,675615,24-24A EASTER DRYLAW PLACE
322418,675598,1870,vacant,vacant,Vacant,EH4 2QF,322418,675598,34 EASTER DRYLAW PLACE
326921,674532,1871,videotape hire,Movie Xpress,Class 1,EH7 5PH,326921,674532,1B EASTER ROAD
326922,674539,1872,optician,20/20 Opticians,Class 1,EH7 5PH,326922,674539,1C-3 EASTER ROAD
326923,674553,1873,art gallery/gifts,Free Space,Class 1,EH7 5PH,326923,674553,7 EASTER ROAD
326927,674587,1874,solicitors & estate agents,MacKay Sinclair WS,Class 2,EH7 5PJ,326927,674587,11-15 EASTER ROAD
326930,674599,1875,hairdresser,Hairsute,Class 1,EH7 5PJ,326930,674599,17 EASTER ROAD
326930,674603,1876,vacant,vacant,Vacant,EH7 5PJ,326930,674603,19 EASTER ROAD
326931,674607,1877,charity shop,Lothian Cat Rescue,Class 1,EH7 5PJ,326931,674607,23 EASTER ROAD
326931,674611,1878,computer repairs,Scot Comp,Class 1,EH7 5PJ,326931,674611,25 EASTER ROAD
326932,674617,1879,vacant,vacant,Vacant,EH7 5PJ,326932,674617,27-29 EASTER ROAD
326933,674621,1880,locksmith,XS Locksmith,Class 1,EH7 5PJ,326933,674621,33 EASTER ROAD
326933,674626,1881,mens clothing & suit hire,Bowdens,Class 1,EH7 5PJ,326933,674626,35(1)-37 EASTER ROAD
326934,674636,1882,Tattoo parlour,The Alchemist's Cave,Class 2,EH7 5PL,326934,674636,39 EASTER ROAD
326935,674642,1883,solicitors & estate agents,Valente McCombie & Hunter,Class 2,EH7 5PL,326935,674642,43-45 EASTER ROAD
326936,674651,1884,podiatrist,Easter Road Podiatry,Class 2, ,326936,674651, 
326936,674655,1885,hairdresser,Trimmers,Class 1,EH7 5PL,326936,674655,49 EASTER ROAD
326937,674659,1886,tattoo parlour,Mr Grey Tattoo,Class 1,EH7 5PL,326937,674659,53 EASTER ROAD
326937,674663,1887,hearing aids,Better Hearing Centre,Class 2,EH7 5PL,326937,674663,55 EASTER ROAD
326939,674670,1888,Hairdresser,Kool Kutz,Class 1,EH7 5PL,326939,674670,57 EASTER ROAD
326940,674675,1889,grocer,M & S Foodstore,Class 1,EH7 5PL,326940,674675,59 EASTER ROAD
326940,674683,1890,betting shop,Ladbrokes,Class 2,EH7 5PL,326940,674683,63-65 EASTER ROAD
326944,674704,1891,public house,Middletons,SUI GENERIS,EH7 5PW,326944,674704,69 EASTER ROAD
326945,674708,1892,vacant,vacant,Vacant,EH7 5PW,326945,674708,73 EASTER ROAD
326945,674713,1893,hairdresser,Hard to Find Hair Studio,Class 1,EH7 5PW,326945,674713,75 EASTER ROAD
326946,674717,1894,charity shop,People First Scotland,Class 1,EH7 5PW,326946,674717,77-79 EASTER ROAD
326947,674723,1895,hairdresser,Glam Hair Studio,Class 1,EH7 5PW,326947,674723,81 EASTER ROAD
326948,674728,1896,second hand furniture,unknown,Class 1,EH7 5PW,326948,674728,85 EASTER ROAD
326948,674734,1897,hot food take-away,Shapla,SUI GENERIS,EH7 5PW,326948,674734,87 EASTER ROAD
326949,674741,1898,hairdresser,Marilyn Hair & Beauty,Class 1,EH7 5PW,326949,674741,89 EASTER ROAD
326950,674745,1899,vacant,vacant,Vacant,EH7 5PW,326950,674745,91 EASTER ROAD
326950,674749,1900,vacant,vacant,Vacant,EH7 5PW,326950,674749,95 EASTER ROAD
326951,674753,1901,vacant,vacant,Vacant,EH7 5PW,326951,674753,97 EASTER ROAD
326952,674758,1902,hairdresser,Smart Cut,Class 1,EH7 5PP,326952,674758,99 EASTER ROAD
326953,674763,1903,photography,Imagina Studio,Class 2,EH7 5PP,326953,674763,101 EASTER ROAD
326953,674768,1904,accountant,Tax Assist Accountant,Class 2,EH7 5PP,326953,674768,105-107 EASTER ROAD
326959,674803,1905,hot food take-away (Chinese),Skyway,SUI GENERIS,EH7 5PP,326959,674803,127 EASTER ROAD
326968,674871,1906,restaurant (Italian),Al Dente,Class 3,EH7 5QA,326968,674871,139 EASTER ROAD
326977,674981,1907,grocer,Ali's Convenience Store,Class 1,EH7 5QB,326977,674981,169 EASTER ROAD
326995,675088,1908,public house,Iona Bar,SUI GENERIS,EH6 8LF,326995,675088,203 EASTER ROAD
327035,675326,1909,hot food take-away,Rena's Kitchen,SUI GENERIS,EH6 8LQ,327035,675326,275 EASTER ROAD
327036,675331,1910,vacant,vacant,Vacant,EH6 8LQ,327036,675331,281 EASTER ROAD
327038,675341,1911,grocer (lic.),Londis,Class 1,EH6 8LQ,327038,675341,283-285 EASTER ROAD
327039,675347,1912,plastic sheeting & signs,Easter Road Signs,Class 1,EH6 8LQ,327039,675347,289 EASTER ROAD
327041,675371,1913,vacant,vacant,Vacant,EH6 8LH,327041,675371,291-293 EASTER ROAD
327042,675377,1914,vacant,vacant,Vacant,EH6 8LH,327042,675377,297 EASTER ROAD
327049,675411,1915,grocer,S.N. Nabi,Class 1,EH6 8LH,327049,675411,307 EASTER ROAD
327089,675522,1916,signmakers,Perfect Signs,Class 2,EH6 8JG,327089,675522,343 EASTER ROAD
327025,675810,1917,supermarket - large,Tesco,Class 1,EH6 8HU,327025,675810,379 EASTER ROAD
327204,675702,1918,shoe repairs / key cutting,shoe repairs & key cutting,Class 1,EH6 8HU,327204,675702,387 EASTER ROAD
326935,674483,1919,tailor,Golden Stitch,Class 1,EH7 5RG,326935,674483,4 EASTER ROAD
326938,674496,1920,frozen food,Iceland,Class 1,EH7 5RG,326938,674496,8-10 EASTER ROAD
326940,674506,1921,charity shop,"Chest, Heart & Stroke Association Scotland",Class 1,EH7 5RG,326940,674506,12 EASTER ROAD
326940,674511,1922,e-cigs,Vape Shop,Class 1,EH7 5RG,326940,674511,14 EASTER ROAD
326941,674517,1923,wine merchant,Cornelius,Class 1,EH7 5RG,326941,674517,18-20 EASTER ROAD
326942,674524,1924,baker,The Manna House,Class 1,EH7 5RG,326942,674524,22-24 EASTER ROAD
326943,674529,1925,hot food take-away (Chinese),Rice Box,SUI GENERIS,EH7 5RG,326943,674529,28 EASTER ROAD
326943,674533,1926,hairdresser,Time Out,Class 1,EH7 5RG,326943,674533,30 EASTER ROAD
326944,674540,1927,e-cigs,iTaste Vapour,Class 1,EH7 5RG,326944,674540,32 EASTER ROAD
326945,674543,1928,hairdresser,Barber Me,Class 1,EH7 5RG,326945,674543,34 EASTER ROAD
326945,674546,1929,caf‚,Ryjos Caf‚,Class 3,EH7 5RG,326945,674546,38 EASTER ROAD
326946,674550,1930,florist,Cloud 9,Class 1,EH7 5RG,326946,674550,40 EASTER ROAD
326946,674556,1931,hairdresser,Trade Cut Studio,Class 1,EH7 5RG,326946,674556,42 EASTER ROAD
326947,674559,1932,coffee shop,A Tasca,Class 3,EH7 5RG,326947,674559,46 EASTER ROAD
326947,674563,1933,hairdresser,Hair by Linda,Class 1,EH7 5RG,326947,674563,48 EASTER ROAD
326948,674568,1934,sandwich bar,Filling Place,Class 1,EH7 5RQ,326948,674568,50 EASTER ROAD
326948,674571,1935,grocer,A & A Foodstore,Class 1,EH7 5RQ,326948,674571,52 EASTER ROAD
326948,674575,1936,fancy goods,A & A Traders,Class 1,EH7 5RQ,326948,674575,56 EASTER ROAD
326949,674586,1937,ATM,Bank of Scotland / HBOS,Class 2,EH7 5RQ,326949,674586,88 EASTER ROAD
326951,674599,1938,pharmacy,Dear Pharmacy,Class 1,EH7 5RQ,326951,674599,92-96 EASTER ROAD
326955,674622,1939,dental practice,Easter Road Dental Practice,Class 2, ,326955,674622, 
326956,674629,1940,vacant,vacant,Vacant,EH7 5RH,326956,674629,104 EASTER ROAD
326956,674634,1941,baker,Greggs,Class 1,EH7 5RH,326956,674634,106 EASTER ROAD
326957,674640,1942,baker,Baynes,Class 1,EH7 5RH,326957,674640,110-112 EASTER ROAD
326959,674653,1943,supermarket,Scotmid,Class 1,EH7 5RH,326959,674653,114-118 EASTER ROAD
326965,674685,1944,hot food take-away,Giovanni,SUI GENERIS,EH7 5RJ,326965,674685,122-124 EASTER ROAD
326966,674693,1945,restaurant (Indian),Rivage,Class 3,EH7 5RJ,326966,674693,126-130 EASTER ROAD
326967,674699,1946,pets & pet supplies,Capital Pets,Class 1,EH7 5RJ,326967,674699,134 EASTER ROAD
326967,674703,1947,greengrocer,Tropical Food Centre,Class 1,EH7 5RJ,326967,674703,136 EASTER ROAD
326968,674708,1948,betting shop,William Hill,Class 2,EH7 5RJ,326968,674708,138-140(GF) EASTER ROAD
326969,674719,1949,HOT FOOD TAKE AWAY,MR KURU,SUI GENERIS,EH7 5RJ,326969,674719,144-146 EASTER ROAD
326970,674725,1950,second hand furniture,unknown,Class 1,EH7 5RL,326970,674725,148 EASTER ROAD
326970,674729,1951,furniture,Bra Bohag,Class 1,EH7 5RL,326970,674729,150 EASTER ROAD
326972,674740,1952,public house,The Mash Tun,SUI GENERIS,EH7 5RL,326972,674740,154 EASTER ROAD
326973,674746,1953,vacant,vacant,Vacant,EH7 5RL,326973,674746,162 EASTER ROAD
326992,674856,1954,vacant,vacant,Vacant,EH7 5QQ,326992,674856,178 EASTER ROAD
326993,674860,1955,vacant,vacant,Vacant,EH7 5QQ,326993,674860,178A EASTER ROAD
326993,674864,1956,vacant,vacant,Vacant,EH7 5QQ,326993,674864,180 EASTER ROAD
326994,674869,1957,grocer (polish),Super One,Class 1,EH7 5QQ,326994,674869,184 EASTER ROAD
327002,674928,1958,n/t/c,Albion Convienence Store,Class 1,EH7 5QH,327002,674928,190 EASTER ROAD
327004,674941,1959,vacant,vacant,Vacant,EH7 5QH,327004,674941,196 EASTER ROAD
327010,674980,1960,roofing,Edgar Roofing,Class 2,EH7 5QH,327010,674980,212 EASTER ROAD
327010,674985,1961,public house,Four In Hand,SUI GENERIS,EH7 5QH,327010,674985,216-218 EASTER ROAD
327014,675012,1962,security services,Chattan Security,Class 4,EH6 8LE,327014,675012,220 EASTER ROAD
327015,675019,1963,vacant,vacant,Vacant,EH6 8LE,327015,675019,222 EASTER ROAD
327019,675053,1964,vacant,vacant,Vacant,EH6 8LE,327019,675053,234-246 EASTER ROAD
327047,675231,1965,public house,Tamson's Bar,SUI GENERIS,EH6 8JU,327047,675231,280 EASTER ROAD
327065,675335,1966,sauna & massage parlour,Carol's,Class 11,EH6 8JT,327065,675335,320-322 EASTER ROAD
327066,675343,1967,launderette,Eco Dry Cleaning & Laundry,Class 1,EH6 8JT,327066,675343,326 EASTER ROAD
327198,675640,1968,public house,Persevere,SUI GENERIS,EH6 8HT,327198,675640,390-394 EASTER ROAD
332631,673159,1969,vacant,vacant,Vacant,EH15 2PN,332631,673159,49 EASTFIELD
332720,673168,1970,wholesale goods,BOOKER BELMONT WHOLESALE LTD,Class 1,EH15 2PJ,332720,673168,55 EASTFIELD
332628,673162,1971,mortgage broker,Mortgage Management,Class 4,EH15 2PN,332628,673162,48 EASTFIELD
326994,674654,1972,vacant,vacant,Vacant,EH7 5RP,326994,674654,12 EDINA PLACE
326892,674712,1973,vacant,vacant,Vacant,EH7 5PN,326892,674712,10 EDINA STREET
314933,673684,1974,take-away food,Campsie Snacks,Class 1, ,314933,673684, 
312185,672868,1975,car showroom,Lexus Edinburgh,SUI GENERIS,EH28 8SP,312185,672868,11 EDINBURGH ROAD
313254,678306,1976,restaurant,La Barca,Class 3,EH30 9HR,313254,678306,23 EDINBURGH ROAD
313228,678300,1977,public house,Anchor Inn,SUI GENERIS,EH30 9HR,313228,678300,10 EDINBURGH ROAD
313236,678299,1978,hot food take-away,Maurizio's,SUI GENERIS,EH30 9HR,313236,678299,12-14 EDINBURGH ROAD
327483,676388,1979,vacant,vacant,Vacant,EH6 7HP,327483,676388,59 ELBE STREET
325751,674277,1980,optician,Jack Brown Eyecare,Class 1,EH1 3DX,325751,674277,30(GF) ELDER STREET
325749,674282,1981,caf‚,The Basement Caf‚,Class 3,EH1 3DX,325749,674282,34 ELDER STREET
326890,674689,1982,shoe repairs,Hutton's,Class 1,EH7 5NN,326890,674689,11 ELGIN TERRACE
326892,674716,1983,vacant,vacant,Vacant,EH7 5NW,326892,674716,14 ELGIN TERRACE
326181,674529,1984,grocer,S. Singh & Sons,Class 1,EH7 4AA,326181,674529,1 ELM ROW
326182,674537,1985,caf‚,Elm Row Caf‚ and Diner,Class 3,EH7 4AA,326182,674537,3 ELM ROW
326184,674541,1986,Hairdresser,Dean Jones,Class 1,EH7 4AA,326184,674541,3A ELM ROW
326188,674547,1987,betting shop,Ladbrokes,Class 2,EH7 4AA,326188,674547,4 ELM ROW
326192,674554,1988,"records, tapes, cds",Vinyl Villains,Class 1,EH7 4AA,326192,674554,5 ELM ROW
326196,674561,1989,public house,Jeremiah's Tap Room,SUI GENERIS,EH7 4AA,326196,674561,7-8 ELM ROW
326202,674570,1990,restaurant,Jolly,Class 3,EH7 4AA,326202,674570,9 ELM ROW
326205,674576,1991,chemist,Lindsay & Gilmour,Class 1,EH7 4AA,326205,674576,11 ELM ROW
326209,674584,1992,dry cleaner,Johnsons,Class 1,EH7 4AA,326209,674584,12 ELM ROW
326212,674590,1993,musical instruments,Key Player,Class 1,EH7 4AA,326212,674590,14 ELM ROW
326214,674593,1994,bridal wear,Simply Exquisite,Class 1,EH7 4AA,326214,674593,15 ELM ROW
326217,674598,1995,hot food take-away,Olimpos,SUI GENERIS,EH7 4AA,326217,674598,16 ELM ROW
326219,674602,1996,beting shop,william Hill,Class 2,EH7 4AA,326219,674602,18 ELM ROW
326224,674612,1997,delicatessen,Valvona & Crolla,Class 1,EH7 4AA,326224,674612,19 ELM ROW
326229,674621,1998,n/t/c & post office,Post Office,Class 1,EH7 4AA,326229,674621,20 ELM ROW
326231,674625,1999,baker,Greggs,Class 1,EH7 4AA,326231,674625,21 ELM ROW
326236,674632,2000,public house,Joseph Pearce,SUI GENERIS,EH7 4AA,326236,674632,23 ELM ROW
326245,674670,2001,grocer,Elm Row Grocer and Off License,Class 1,EH7 4AH,326245,674670,25-26 ELM ROW
326248,674673,2002,printing,Digital Image Centre,Class 2,EH7 4AH,326248,674673,27 ELM ROW
326251,674678,2003,hairdresser,Neil Barton,Class 1,EH7 4AH,326251,674678,28 ELM ROW
326254,674682,2004,florist,Garlands,Class 1,EH7 4AH,326254,674682,29 ELM ROW
326258,674687,2005,hot food take-away,Curry Cafe,SUI GENERIS,EH7 4AH,326258,674687,30 ELM ROW
326261,674691,2006,computer printer ink,Capital Cartridges,Class 1,EH7 4AH,326261,674691,31 ELM ROW
326263,674694,2007,hot food take-away,Bites Takeaway,SUI GENERIS,EH7 4AH,326263,674694,33 ELM ROW
326266,674698,2008,clothing,Workwear direct,Class 1,EH7 4AH,326266,674698,34 ELM ROW
326270,674703,2009,greengrocer,Tattie Shaws,Class 1,EH7 4AH,326270,674703,35 ELM ROW
326273,674706,2010,fancy goods,The Cats Miaou,Class 1,EH7 4AH,326273,674706,36 ELM ROW
326276,674711,2011,vacant,Vacant,Vacant,EH7 4AH,326276,674711,38-39 ELM ROW
326293,674732,2012,public house,Windsor Buffet,SUI GENERIS,EH7 4AH,326293,674732,45 ELM ROW
326297,674738,2013,mobile phones,786 phone shop,Class 1,EH7 4AH,326297,674738,47 ELM ROW
326300,674742,2014,clothing / fabrics,Laiba Boutique,Class 1,EH7 4AH,326300,674742,48 ELM ROW
326305,674749,2015,ladies clothing,Taj Collections,Class 1,EH7 4AH,326305,674749,50 ELM ROW
326309,674755,2016,travel agent,Travel 4U,Class 1,EH7 4AH,326309,674755,51 ELM ROW
326312,674758,2017,courier,Pack Send,Class 4,EH7 4AH,326312,674758,53 ELM ROW
326315,674762,2018,computer repairs,Repair Centre,Class 1,EH7 4AQ,326315,674762,54 ELM ROW
326317,674764,2019,hairdresser,Ross McCulloch,Class 1,EH7 4AQ,326317,674764,55 ELM ROW
326320,674768,2020,cafe,Pera,Class 3,EH7 4AQ,326320,674768,57 ELM ROW
326322,674771,2021,grocer,Nasaf Store,Class 1,EH7 4AQ,326322,674771,58 ELM ROW
326325,674775,2022,barber,Vegis,Class 1,EH7 4AQ,326325,674775,59 ELM ROW
326328,674779,2023,sex shop,Private Lines,Class 1,EH7 4AQ,326328,674779,60 ELM ROW
326330,674782,2024,caf‚,Bodega,Class 3,EH7 4AQ,326330,674782,62 ELM ROW
326332,674784,2025,printers,Minute man press,Class 4,EH7 4AQ,326332,674784,63 ELM ROW
326335,674788,2026,hairdresser,Venus,Class 1,EH7 4AQ,326335,674788,64 ELM ROW
326339,674792,2027,Beauty therapist,Rooh,Class 1,EH7 4AQ,326339,674792,65 ELM ROW
326342,674796,2028,toys,Harburn Hobbies,Class 1,EH7 4AQ,326342,674796,67 ELM ROW
326345,674800,2029,grocer,Punjab Store,Class 1,EH7 4AQ,326345,674800,68 ELM ROW
326348,674805,2030,betting shop,Macbet,Class 2,EH7 4AQ,326348,674805,69 ELM ROW
326351,674809,2031,public house,Brunswick Lounge,SUI GENERIS,EH7 4AQ,326351,674809,71 ELM ROW
326354,674813,2032,household goods,Adeel,Class 1,EH7 4AQ,326354,674813,72 ELM ROW
326356,674817,2033,tattoo studio,Bill's Tattoo Studio,Class 2,EH7 4AQ,326356,674817,73 ELM ROW
326359,674820,2034,mobile phones,leomax,Class 1,EH7 4AQ,326359,674820,75 ELM ROW
331680,673419,2035,hot food take-away (Chinese),China Express,SUI GENERIS,EH15 2ES,331680,673419,37-38 ESPLANADE TERRACE
326148,670935,2036,letting agent,Carlsson Properties Ltd.,Class 2,EH9 3ET,326148,670935,1 EVA PLACE
325268,674905,2037,interior design,Project,Class 4,EH3 5EX,325268,674905,21 EYRE PLACE
325323,674982,2038,public house,Smithies,SUI GENERIS,EH3 5EY,325323,674982,49-51 EYRE PLACE
325161,674821,2039,pharmacy,APPLE PHARMACY,Class 1,EH3 5EP,325161,674821,6 EYRE PLACE
325205,674843,2040,restaurant,The Roamin' Nose,Class 3,EH3 5EP,325205,674843,14 EYRE PLACE
325211,674847,2041,restaurant,Pierre Victoire,Class 3,EH3 5EP,325211,674847,18 EYRE PLACE
325334,674960,2042,vacant,vacant,Vacant,EH3 5EJ,325334,674960,68 EYRE PLACE
324601,671308,2043,children's clothing - schoolwear & sportswear,Aitken & Niven,Class 1,EH10 4AB,324601,671308,"4A FALCON ROAD, WEST"
319647,672955,2044,hot food take-away (Indian),The Curry House,SUI GENERIS,EH12 7TG,319647,672955,5 FEATHERHALL AVENUE
319648,672949,2045,chemist,Rowlands Pharmacy,Class 1,EH12 7TG,319648,672949,5A FEATHERHALL AVENUE
329191,668791,2046,chemist,Lloyds Pharmacy,Class 1,EH17 7AB,329191,668791,2 FERNIEHILL ROAD
329468,669274,2047,betting shop,Fernieside Racing,Class 2,EH17 7HR,329468,669274,66A FERNIESIDE CRESCENT
326509,676434,2048,building contractor,Traditional Roofing & Building Ltd,Class 4,EH6 4AD,326509,676434,5 FERRY ROAD
326505,676434,2049,picture framer (office),C.M. Marr,Class 4,EH6 4AD,326505,676434,7 FERRY ROAD
326501,676433,2050,vacant,vacant,Vacant,EH6 4AD,326501,676433,9 FERRY ROAD
326493,676431,2051,carpets,Bonar Carpets & Blinds,Class 1,EH6 4AD,326493,676431,13-15 FERRY ROAD
326481,676428,2052,vacant,vacant,Vacant,EH6 4AD,326481,676428,17 FERRY ROAD
326474,676426,2053,clothing alterations,Tailor (J.D. Ross),Class 1,EH6 4AD,326474,676426,21 FERRY ROAD
326467,676424,2054,dental surgery,Richard Barron & Associates,Class 2, ,326467,676424, 
326456,676421,2055,dog grooming,Braw Dogs,Class 1,EH6 4AD,326456,676421,29 FERRY ROAD
326450,676420,2056,hairdresser,Sections,Class 1,EH6 4AD,326450,676420,33 FERRY ROAD
326438,676416,2057,upholsterer,Be Seated,Class 4,EH6 4AD,326438,676416,35A-37 FERRY ROAD
326422,676412,2058,haidresser,Muse,Class 1,EH6 4AF,326422,676412,45 FERRY ROAD
326416,676411,2059,hot food take-away,Indian Flavour,SUI GENERIS,EH6 4AF,326416,676411,47 FERRY ROAD
326411,676409,2060,chiropodist,Ferry Road Foot Clinic,Class 2,EH6 4AF,326411,676409,49 FERRY ROAD
326406,676408,2061,n/t/c & grocer,Ferry Road Newsagents,Class 1,EH6 4AF,326406,676408,53 FERRY ROAD
326285,676364,2062,petrol filling station & shop,B.P. Express Shopping,Class 1,EH6 4AQ,326285,676364,77 FERRY ROAD
326226,676359,2063,solicitors,Edinburgh + Leith Property (SLC solicitors),Class 2,EH6 4ET,326226,676359,99 FERRY ROAD
326192,676351,2064,launderette,Executive Launderette,Class 1,EH6 4ET,326192,676351,109 FERRY ROAD
326187,676350,2065,"trophies, engraving",Alpha Trophies Scotland,Class 1,EH6 4ET,326187,676350,111 FERRY ROAD
326180,676348,2066,grocer / convenience store,Scotmid,Class 1,EH6 4ET,326180,676348,113 FERRY ROAD
326174,676347,2067,cafe and shop,Joy Tots,Class 3,EH6 4ET,326174,676347,117 FERRY ROAD
326166,676346,2068,"post office, cards, gifts",Ferry Road Post Office,Class 1,EH6 4ET,326166,676346,119-121 FERRY ROAD
326156,676343,2069,chemist,Boots,Class 1,EH6 4ET,326156,676343,123 FERRY ROAD
326123,676334,2070,hot food take-away,Gold Sea Fish Bar,SUI GENERIS,EH6 4ET,326123,676334,137-141 FERRY ROAD
326105,676329,2071,public house,Sports and Music Bar,SUI GENERIS,EH6 4ET,326105,676329,145 FERRY ROAD
326078,676323,2072,betting shop,Scotbet,Class 2,EH6 4NJ,326078,676323,147 FERRY ROAD
322425,675633,2073,chemist,Dears Pharmacy,Class 1,EH4 2TX,322425,675633,645 FERRY ROAD
322434,675634,2074,moneylenders,Money Stattion,Class 2,EH4 2TX,322434,675634,645A FERRY ROAD
322405,675626,2075,frozen food,Farmfoods,Class 1,EH4 2TX,322405,675626,647 FERRY ROAD
322395,675623,2076,funeral directors,McKenzie & Millar,Class 1,EH4 2TX,322395,675623,649 FERRY ROAD
322389,675622,2077,hot food takeaway and cafe,Samsuns,SUI GENERIS, ,322389,675622, 
322380,675621,2078,opticians,iSee,Class 1,EH4 2TX,322380,675621,655 FERRY ROAD
322372,675620,2079,grocer,Fair Price,Class 1,EH4 2TX,322372,675620,657-659 FERRY ROAD
322364,675618,2080,advice bureau,Citizen's Advice Bureau,Class 2,EH4 2TX,322364,675618,661 FERRY ROAD
322357,675617,2081,n/t/c & post office,R.S. McColl,Class 1,EH4 2TX,322357,675617,663-667 FERRY ROAD
322344,675615,2082,baker,Bayne's,Class 1,EH4 2TX,322344,675615,669 FERRY ROAD
322339,675614,2083,hot food take-away,Papps's,SUI GENERIS,EH4 2TX,322339,675614,671 FERRY ROAD
322333,675613,2084,wine merchant,Top Cellar,Class 1,EH4 2TX,322333,675613,673 FERRY ROAD
322328,675613,2085,hot food take-away (Chinese),Mister Lee's,SUI GENERIS,EH4 2TX,322328,675613,675 FERRY ROAD
322321,675612,2086,hot food take-away (pizza),Dominos Pizza,SUI GENERIS,EH4 2TX,322321,675612,677-679 FERRY ROAD
322313,675610,2087,solarium,Hot Spot Tanning,Class 2,EH4 2TX,322313,675610,681 FERRY ROAD
322299,675608,2088,public house,Ferry Boat Bar,SUI GENERIS,EH4 2TX,322299,675608,683(01) FERRY ROAD
322298,675606,2089,bookmakers,WILLIAM HILL ORGANISATION LTD.,Class 1,EH4 2TX,322298,675606,683(02) FERRY ROAD
321999,675556,2090,public house,The Doo'Cot,SUI GENERIS,EH4,321999,675556,729 FERRY ROAD
326426,676436,2091,funeral director,William Purves,Class 1, ,326426,676436, 
326420,676435,2092,fiuneral director,William Purves,Class 1,EH6 4AE,326420,676435,32-34 FERRY ROAD
326414,676433,2093,takeaway,Belly Buster,Class 1,EH6 4AE,326414,676433,36 FERRY ROAD
326407,676432,2094,bicyle repairs,Bike Craft,Class 1,EH6 4AE,326407,676432,40 FERRY ROAD
326396,676435,2095,art gallery,Art room 32,Class 1,EH6 4AE,326396,676435,44 FERRY ROAD
326250,676398,2096,car sales,Howard Johnstone,SUI GENERIS,EH6 4AH,326250,676398,92 FERRY ROAD
326243,676397,2097,car sales,Howard Johnstone,SUI GENERIS,EH6 4AH,326243,676397,94 FERRY ROAD
326206,676389,2098,solicitors/estate agents,Edinburhg & Leith Property,Class 2,EH6 4PG,326206,676389,98 FERRY ROAD
326200,676379,2099,photography,Ian Millar Photography,Class 2,EH6 4PG,326200,676379,102 FERRY ROAD
326155,676368,2100,car sales,Howard Johnstone,SUI GENERIS,EH6 4PG,326155,676368,120 FERRY ROAD
326149,676367,2101,hot food take away (Chinese),Hung Fung,SUI GENERIS,EH6 4PG,326149,676367,124 FERRY ROAD
326143,676366,2102,craft shop,Mad and Crafty,Class 1,EH6 4PG,326143,676366,124B FERRY ROAD
326137,676365,2103,grocer (lic.),Premier Express,Class 1,EH6 4PG,326137,676365,124A FERRY ROAD
326130,676364,2104,PC repair & maintenance,Gadget Workshop,Class 1,EH6 4PG,326130,676364,130 FERRY ROAD
326124,676363,2105,haidresser,Lynda Miller,Class 1,EH6 4PG,326124,676363,132 FERRY ROAD
326104,676357,2106,hot food take-away (Chinese),Ginger Express,SUI GENERIS,EH6 4PQ,326104,676357,134 FERRY ROAD
326100,676355,2107,vacant,vacant,Vacant,EH6 4PQ,326100,676355,136 FERRY ROAD
326096,676354,2108,vacant,vacant,Vacant,EH6 4PQ,326096,676354,140 FERRY ROAD
326091,676353,2109,grocer,Ferry Road Mini Market,Class 1,EH6 4PQ,326091,676353,142 FERRY ROAD
326087,676352,2110,builders,builders,Class 2,EH6 4NX,326087,676352,142A FERRY ROAD
326066,676348,2111,financial services,Rowanbank,Class 4,EH6 4NX,326066,676348,144 FERRY ROAD
326060,676346,2112,property letting,Smart Prpoerty Sales,Class 2,EH6 4NX,326060,676346,144A FERRY ROAD
326012,676336,2113,barber,One Barbers,Class 1,EH6 4NX,326012,676336,152 FERRY ROAD
326005,676335,2114,massage parlour,Natural Touch,Class 11,EH6 4NX,326005,676335,154 FERRY ROAD
325998,676333,2115,beautician,Bonita Beauty,Class 1,EH6 4NX,325998,676333,158-160 FERRY ROAD
325990,676332,2116,cafe,Coffee and Cream,Class 3,EH6 4NX,325990,676332,162 FERRY ROAD
325857,676301,2117,infant swimming lessons,Waterbabies,Class 2,EH6 4NW,325857,676301,182A FERRY ROAD
324750,676029,2118,undertakers,William Purves  Funeral Directors Ltd.,Class 1,EH5 3NP,324750,676029,318 FERRY ROAD
324738,676029,2119,vacant,vacant,Vacant,EH5 3NP,324738,676029,322-324 FERRY ROAD
322558,675993,2120,charity,Fresh Start,Class 2,EH4 4BR,322558,675993,22-24 FERRY ROAD DRIVE
322566,676001,2121,community office & shop,Community Centre / Community Thrift Shop / Pilton Central Association,Class 4,EH4 4BR,322566,676001,28-30 FERRY ROAD DRIVE
322573,676010,2122,vacant,vacant,Vacant,EH4 4BR,322573,676010,34 FERRY ROAD DRIVE
322579,676014,2123,hairdresser,Sill Hairdresser,Class 1,EH4 4BR,322579,676014,36 FERRY ROAD DRIVE
322567,676052,2124,hot food take-away (Chinese),Peking Garden,SUI GENERIS,EH4 4DD,322567,676052,42 FERRY ROAD DRIVE
322559,676058,2125,vacant,vacant,Vacant,EH4 4DD,322559,676058,44 FERRY ROAD DRIVE
322552,676063,2126,grocer,Day-Today,Class 1,EH4 4DD,322552,676063,48 FERRY ROAD DRIVE
313079,677849,2127,chemist,Lloyds Pharmacy,Class 1,EH30 9QS,313079,677849,3 FERRYBURN
312872,677578,2128,restaurant & hot food take away,Burger King,Class 3,EH30 9QZ,312872,677578,1 FERRYMUIR
312676,677607,2129,supermarket - large,Tesco,Class 1,EH30 9QZ,312676,677607,5 FERRYMUIR
312814,677534,2130,restaurant,Frankie & Benny's,Class 3,EH30 9QZ,312814,677534,7 FERRYMUIR
323661,669378,2131,grocer (lic),Day-Today Express,Class 1,EH13 9FF,323661,669378,4 FIRRHILL NEUK
325526,677036,2132,wholesale fish merchant,W.G. Muirhead,Class 2,EH6 4LW,325526,677036,3 FISHMARKET SQUARE
325529,677060,2133,public house,The Harbour Inn,SUI GENERIS,EH6 4LW,325529,677060,4-6 FISHMARKET SQUARE
330204,674141,2134,car repairs,Baileyfield Garage,Class 1,EH15 1DF,330204,674141,5A FISHWIVES CAUSEWAY
325862,673715,2135,take-away food,Yum Yum,Class 1,EH1 1BX,325862,673715,14 FLESHMARKET CLOSE
325860,673727,2136,hairdresser (gents),Hair by Alfie,Class 1,EH1 1BX,325860,673727,18B FLESHMARKET CLOSE
325859,673735,2137,public house,Jinglin Geordie,SUI GENERIS,EH1 1BX,325859,673735,21 FLESHMARKET CLOSE
325857,673744,2138,public house,Halfway House,SUI GENERIS,EH1 1BX,325857,673744,24 FLESHMARKET CLOSE
324671,672160,2139,clothing & shoes (ladies & gents),Andiamo,Class 1,EH10 4EG,324671,672160,27 FORBES ROAD
324654,672147,2140,architects,Roxburgh McEwan,Class 4,EH10 4ED,324654,672147,42 FORBES ROAD
325701,673253,2141,PC repairs,Simply Fix It,Class 1, ,325701,673253, 
325704,673238,2142,Barber,The Golden Scissors Barber,Class 1,EH1 2QH,325704,673238,3 FORREST ROAD
325703,673233,2143,gifts & souvenirs,Greyfriars,Class 1,EH1 2QH,325703,673233,7 FORREST ROAD
325702,673228,2144,sandwich shop,Subway,Class 1,EH1 2QH,325702,673228,11 FORREST ROAD
325700,673214,2145,Frozen yogurt,Frisky,Class 1,EH1 2QH,325700,673214,13 FORREST ROAD
325701,673222,2146,restaurant (Nepalese),Kathmandu,Class 3,EH1 2QH,325701,673222,17-19 FORREST ROAD
325698,673207,2147,hot food take-away,Che,SUI GENERIS,EH1 2QH,325698,673207,21 FORREST ROAD
325698,673202,2148,public house,Sandy Bells,SUI GENERIS,EH1 2QH,325698,673202,25 FORREST ROAD
325695,673188,2149,travel agent,STA Travel Ltd.,Class 1,EH1 2QS,325695,673188,27 FORREST ROAD
325695,673180,2150,post office,Post Office,Class 1,EH1 2QP,325695,673180,33 FORREST ROAD
325693,673171,2151,optician,Thomas J. Walls,Class 1,EH1 2QP,325693,673171,35 FORREST ROAD
325692,673166,2152,charity shop,Shelter,Class 1,EH1 2QP,325692,673166,39 FORREST ROAD
325692,673158,2153,baker,Greggs,Class 1,EH1 2QP,325692,673158,43 FORREST ROAD
325691,673154,2154,chemist,Mackenzie & Co.,Class 1,EH1 2QP,325691,673154,45 FORREST ROAD
325691,673148,2155,hot food take-away,Scott Fried Chicken,SUI GENERIS,EH1 2QP,325691,673148,49 FORREST ROAD
325690,673142,2156,travel agent,Flight Centre,Class 1,EH1 2QP,325690,673142,51-53 FORREST ROAD
325689,673135,2157,coffee shop,Starbucks,Class 3,EH1 2QP,325689,673135,55 FORREST ROAD
325674,673125,2158,bank,Royal Bank of Scotland,Class 2,EH1 2QP,325674,673125,61 FORREST ROAD
325725,673196,2159,restaurant,Mums Great Comfort Food,Class 3,EH1 2QN,325725,673196,4-4A FORREST ROAD
325724,673189,2160,cafe,Union of Genius,Class 3,EH1 2QN,325724,673189,8 FORREST ROAD
325723,673186,2161,hot food take-away,Cappadocia,SUI GENERIS,EH1 2QN,325723,673186,10 FORREST ROAD
325723,673180,2162,public house,Malones,SUI GENERIS,EH1 2QN,325723,673180,14 FORREST ROAD
325721,673168,2163,restaurant (Japanese),Koyama,Class 3,EH1 2QN,325721,673168,18-20 FORREST ROAD
325720,673160,2164,grocer & n/t/c,Premier,Class 1,EH1 2QN,325720,673160,24 FORREST ROAD
325719,673153,2165,charity shop,Salvation Army,Class 1,EH1 2QN,325719,673153,26 FORREST ROAD
325719,673147,2166,delicatessen,Rudi,Class 1,EH1 2QN,325719,673147,30 FORREST ROAD
325720,673140,2167,public house,Doctors,SUI GENERIS,EH1 2QN,325720,673140,32 FORREST ROAD
319749,671707,2168,funeral directors,Scotmid Funeral Services,Class 1,EH12 9AY,319749,671707,1 FORRESTER PARK DRIVE
312609,677734,2169,petrol filling station & shop,Shell + Select Shop,Class 1,EH30 9SF,312609,677734,(B) FORTH ROAD BRIDGE
312518,678064,2170,takeaway food,Three Bridges Takeaway,SUI GENERIS,EH30 9SF,312518,678064,(T) FORTH ROAD BRIDGE
325917,674478,2171,cafe,BMB,Class 3,EH1 3JX,325917,674478,1 FORTH STREET
325924,674480,2172,vacant,vacant,Vacant,EH1 3JX,325924,674480,5 FORTH STREET
325917,674473,2173,yoga studio,The Edinburgh Yoga Room,Class 11,EH1 3JX,325917,674473,5(GF) FORTH STREET
325896,674495,2174,hairdresser,John Malcolm,Class 1,EH1 3LD,325896,674495,2(GF90) FORTH STREET
325903,674497,2175,engineering consultant,Philip Thomson & Partners,Class 4,EH1 3LD,325903,674497,4(GF) FORTH STREET
324817,673051,2176,"restaurant & hot food take-away (kebabs, pizzas)",Samsun's,Class 3,EH3 9PU,324817,673051,73 FOUNTAINBRIDGE
324799,673037,2177,sandwiches,Rapid Rolls,Class 1,EH3 9PU,324799,673037,77 FOUNTAINBRIDGE
324794,673034,2178,restaurant (Indian),Mughal Indian,Class 3,EH3 9PU,324794,673034,81 FOUNTAINBRIDGE
324787,673029,2179,hairdresser,Rocco,Class 1,EH3 9PU,324787,673029,83 FOUNTAINBRIDGE
324782,673025,2180,public house,Lock 25,SUI GENERIS,EH3 9PU,324782,673025,85-87 FOUNTAINBRIDGE
324768,673011,2181,charity office,Rowan Alba,Class 2,EH3 9PU,324768,673011,89-95 FOUNTAINBRIDGE
324745,672990,2182,restaurant (Malay),Kampung Ali,Class 3,EH3 9QG,324745,672990,97-101 FOUNTAINBRIDGE
324736,672983,2183,sandwiches,Armstrong's Deli,Class 1,EH3 9QG,324736,672983,103 FOUNTAINBRIDGE
324731,672978,2184,vacant,vacant,Vacant,EH3 9QG,324731,672978,105 FOUNTAINBRIDGE
324725,672974,2185,"hot food take-away (kebabs, burgers, pizzas)",Topkapi Kebab House,SUI GENERIS,EH3 9QG,324725,672974,107-109 FOUNTAINBRIDGE
324720,672970,2186,n/t/c & grocer,Newstime,Class 1,EH3 9QG,324720,672970,113 FOUNTAINBRIDGE
324718,672968,2187,sandwich bar,Sandwich Bar,Class 1,EH3 9QG,324718,672968,115 FOUNTAINBRIDGE
324626,672891,2188,public house,Akva,SUI GENERIS,EH3 9QG,324626,672891,129 FOUNTAINBRIDGE
324562,672884,2189,supermarket,Tesco Express,Class 1,EH3 9QG,324562,672884,135-137 FOUNTAINBRIDGE
324358,672803,2190,vacant,vacant,Vacant,EH3 9RU,324358,672803,209 FOUNTAINBRIDGE
324796,673071,2191,frozen food,Farmfoods,Class 1,EH3 9PT,324796,673071,54(GF) FOUNTAINBRIDGE
324744,673042,2192,vacant,vacant,Vacant,EH3 9PT,324744,673042,54A(3F) FOUNTAINBRIDGE
324736,673037,2193,vacant,vacant,Vacant,EH3 9PT,324736,673037,54A(4F) FOUNTAINBRIDGE
324689,672972,2194,funeral directors,Scottish Midland Co-op Society,Class 1,EH3 9QA,324689,672972,88 FOUNTAINBRIDGE
324641,672948,2195,restaurant,Burger,Class 3,EH3 9QA,324641,672948,96(GF1) FOUNTAINBRIDGE
324635,672945,2196,caf‚,Loudons,Class 3,EH3 9QA,324635,672945,96(GF2) FOUNTAINBRIDGE
324451,672868,2197,vacuum repairs,Vacuum Appliances,Class 1,EH3 9RX,324451,672868,158 FOUNTAINBRIDGE
324447,672867,2198,n/a,n/a,UNKNOWN USE,EH3 9RX,324447,672867,160 FOUNTAINBRIDGE
324442,672865,2199,sandwiches,Hank's Sandwich Bar,UNKNOWN USE,EH3 9RX,324442,672865,162 FOUNTAINBRIDGE
324437,672863,2200,caf‚,Fabi's Kitchen,Class 1,EH3 9RX,324437,672863,164 FOUNTAINBRIDGE
324605,672873,2201,vacant,vacant,Vacant,EH3 9QB,324605,672873,1 FOUNTAINBRIDGE SQUARE
324610,672860,2202,public house,Badabing,SUI GENERIS,EH3 9QB,324610,672860,2 FOUNTAINBRIDGE SQUARE
326497,671754,2203,chemist,Omnicare Pharmacy,Class 1,EH9 2NN,326497,671754,2 FOUNTAINHALL ROAD
323880,672477,2204,accountants,Diamond Financial,Class 2,EH11 1DD,323880,672477,17 FOWLER TERRACE
323891,672453,2205,letting agents,DJK Lettings Ltd,Class 2,EH11 1DB,323891,672453,21 FOWLER TERRACE
323909,672413,2206,Design Consultants,Base Station,Class 4,EH11 1DB,323909,672413,31 FOWLER TERRACE
325202,673848,2207,handbags,Radley,Class 1,EH2 2EY,325202,673848,3(GF) FREDERICK STREET
325200,673855,2208,shoes,Size,Class 1,EH2 2EY,325200,673855,5-7 FREDERICK STREET
325198,673861,2209,chocolate,Hotel Chocolat,Class 1,EH2 2EY,325198,673861,7A FREDERICK STREET
325194,673877,2210,vacant,vacant,Vacant,EH2 2EY,325194,673877,9-11 FREDERICK STREET
325196,673868,2211,vacant,vacant,Vacant,EH2 2EY,325196,673868,13(PF) FREDERICK STREET
325195,673880,2212,vacant,VACANT,Vacant,EH2 2EY,325195,673880,15 FREDERICK STREET
325191,673884,2213,public house & restaurant,The Boozy Cow,SUI GENERIS,EH2 2EY,325191,673884,17 FREDERICK STREET
325187,673898,2214,building society,Skipton Building Society,Class 2,EH2 2EY,325187,673898,17A-19 FREDERICK STREET
325181,673914,2215,outdoor clothing,Barbour,Class 1,EH2 2NE,325181,673914,21 FREDERICK STREET
325179,673921,2216,watches / jeweller,Laing Boutique,Class 1,EH2 2ND,325179,673921,23 FREDERICK STREET
325176,673930,2217,general clothing,Trespass,Class 1,EH2 2ND,325176,673930,27 FREDERICK STREET
325173,673938,2218,jeweller,Laing,Class 1,EH2 2ND,325173,673938,29A FREDERICK STREET
325171,673946,2219,restaurant (mexican),Chiquito,Class 3,EH2 2ND,325171,673946,31 FREDERICK STREET
325145,674029,2220,caf‚,Eteaket,Class 3,EH2 1EP,325145,674029,37(BF1)-39 FREDERICK STREET
325149,674019,2221,hairdresser,CM Charlie Miller,Class 1,EH2 1EP,325149,674019,37(GF)-39 FREDERICK STREET
325147,674024,2222,sandwich shop,Le Sandwich,Class 1,EH2 1EP,325147,674024,41A FREDERICK STREET
325142,674039,2223,restaurant,Caf‚ Rouge,Class 3,EH2 1EP,325142,674039,43 FREDERICK STREET
325137,674052,2224,hairdresser,Dickson Reid,Class 1,EH2 1EP,325137,674052,47 FREDERICK STREET
325135,674058,2225,public house,Queen's Arms,SUI GENERIS,EH2 1EP,325135,674058,49 FREDERICK STREET
325130,674074,2226,vacant,vacant,Vacant,EH2 1LH,325130,674074,51 FREDERICK STREET
325128,674082,2227,hairdresser,Angus Gordon,Class 1,EH2 1LH,325128,674082,53(1F) FREDERICK STREET
325125,674090,2228,"restaurant, bar & hotel",Rick's,Class 3,EH2 1LH,325125,674090,55A FREDERICK STREET
325123,674097,2229,dental surgery,Frederick Street Dental Care,Class 2, ,325123,674097, 
325122,674100,2230,restaurant (Chinese),Wok & Wine,Class 3,EH2 1LH,325122,674100,57A FREDERICK STREET
325120,674106,2231,restaurant (French),Fleur de Sel,Class 3,EH2 1LH,325120,674106,61 FREDERICK STREET
325119,674110,2232,public house,Fingers Piano Bar,SUI GENERIS,EH2 1LH,325119,674110,61A FREDERICK STREET
325166,673850,2233,shoes & footwear,Schuh,Class 1,EH2 2HB,325166,673850,6-8A FREDERICK STREET
325160,673868,2234,footwear,Dune,Class 1,EH2 2HB,325160,673868,10 FREDERICK STREET
325159,673873,2235,clothing,xile,Class 1,EH2 2HB,325159,673873,12 FREDERICK STREET
325157,673878,2236,outdoor clothing,North Face,Vacant,EH2 2HB,325157,673878,14(GF)-16 FREDERICK STREET
325156,673883,2237,jeweller,Argento,Class 1,EH2 2HB,325156,673883,18A FREDERICK STREET
325154,673890,2238,beauty products,L'Occitane,Class 1,EH2 2HB,325154,673890,18B FREDERICK STREET
325148,673904,2239,optician,Black & Lizars,Class 1,EH2 2JR,325148,673904,20 FREDERICK STREET
325147,673910,2240,n/t/c,McColls,Class 1,EH2 2JR,325147,673910,22 FREDERICK STREET
325145,673916,2241,optician,Vision Express,Class 1,EH2 2JR,325145,673916,24 FREDERICK STREET
325144,673921,2242,coffee house,Frederick's,Class 3,EH2 2JR,325144,673921,24A FREDERICK STREET
325141,673930,2243,vacant,vacant,Vacant,EH2 2JR,325141,673930,26(2F1) FREDERICK STREET
325138,673939,2244,supermarket,Co-operative Food,Class 1,EH2 2JR,325138,673939,28 FREDERICK STREET
325136,673947,2245,vacant,vacant,Vacant,EH2 2JR,325136,673947,34 FREDERICK STREET
325110,674017,2246,post office,Frederick Street Post Office,Class 1,EH2 1EX,325110,674017,38-40 FREDERICK STREET
325107,674029,2247,"mens clothing, robemakers",Ede & Ravenscroft,Class 1,EH2 1EX,325107,674029,46 FREDERICK STREET
325105,674036,2248,ladies clothing,Brora,Class 1,EH2 1EX,325105,674036,48 FREDERICK STREET
325104,674039,2249,bridal wear,Berketex,Class 1,EH2 1EX,325104,674039,48A FREDERICK STREET
325097,674064,2250,haidresser,Toni & Guy,Class 1,EH2 1LN,325097,674064,52 FREDERICK STREET
325614,673517,2251,restaurant,Cucina,Class 3,EH1 1EE,325614,673517,2 GEORGE IV BRIDGE
325650,673421,2252,vacant,vacant,Vacant,EH1 1EE,325650,673421,10-11 GEORGE IV BRIDGE
325652,673414,2253,take-away food,The Deli Global,Class 1,EH1 1EE,325652,673414,13 GEORGE IV BRIDGE
325656,673406,2254,restaurant,The Outsider,Class 3,EH1 1EE,325656,673406,15-16 GEORGE IV BRIDGE
325660,673390,2255,restaurant,Vittoria,Class 3,EH1 1EE,325660,673390,19 GEORGE IV BRIDGE
325672,673361,2256,caf‚,The Elephant House,Class 3,EH1 1EN,325672,673361,21 GEORGE IV BRIDGE
325673,673359,2257,caf‚,PATISSERIE VALERIE,Class 3,EH1 1EN,325673,673359,25 GEORGE IV BRIDGE
325675,673349,2258,public house,Frankenstein's,SUI GENERIS,EH1 1EN,325675,673349,26 GEORGE IV BRIDGE
325678,673342,2259,caf‚,Angus Fling,Class 3,EH1 1EN,325678,673342,27 GEORGE IV BRIDGE
325679,673337,2260,religious books,B. McCall Barbour,Class 1,EH1 1EN,325679,673337,28 GEORGE IV BRIDGE
325681,673331,2261,n/t/c,Bridge Express,Class 1,EH1 1EN,325681,673331,29-30 GEORGE IV BRIDGE
325686,673319,2262,hot food take-away,Pizza Paradise,SUI GENERIS,EH1 1EN,325686,673319,32-34 GEORGE IV BRIDGE
325699,673359,2263,caf‚,Caff‚ Lucano,Class 3,EH1 1EL,325699,673359,37-39 GEORGE IV BRIDGE
325688,673394,2264,restaurant,The Cellar Door,Class 3,EH1 1EJ,325688,673394,44-46 GEORGE IV BRIDGE
325687,673396,2265,n/t/c,Paper Rack,Class 1,EH1 1EJ,325687,673396,45 GEORGE IV BRIDGE
325684,673404,2266,hot food take-away,Yum Yum,SUI GENERIS,EH1 1EJ,325684,673404,48 GEORGE IV BRIDGE
325682,673412,2267,public house,The Villager,SUI GENERIS,EH1 1EJ,325682,673412,49-50 GEORGE IV BRIDGE
325685,673415,2268,caf‚ (fish & chips),Uncles,Class 3,EH1 1EJ,325685,673415,51-52 GEORGE IV BRIDGE
325676,673433,2269,restaurant & bar,Sligh House,Class 3,EH1 1EJ,325676,673433,54-55 GEORGE IV BRIDGE
325888,673018,2270,coffee kiosk,POLICE BOX COFFEE BARS,Class 1,EH8 9JZ,325888,673018,(1A) GEORGE SQUARE
325754,672862,2271,coffee kiosk,POLICE BOX COFFEE BARS,Class 1,EH8 9LD,325754,672862,(28A) GEORGE SQUARE
325364,674065,2272,clothing,Joules,Class 1,EH2 2PA,325364,674065,27(GF) GEORGE STREET
325352,674063,2273,public house,All Bar One,SUI GENERIS,EH2 2PA,325352,674063,29-31 GEORGE STREET
325316,674053,2274,toiletries & cosmetics,Penhaligons,Class 1,EH2 2HN,325316,674053,33 GEORGE STREET
325312,674052,2275,coffee shop,Wellington Coffee,Class 3,EH2 2HN,325312,674052,33A GEORGE STREET
325308,674051,2276,travel agent,STA Travel,Class 1,EH2 2HN,325308,674051,33B GEORGE STREET
325305,674050,2277,ladies clothing,East,Class 1,EH2 2HN,325305,674050,35 GEORGE STREET
325300,674048,2278,perfumes & fragrances,Molton Brown,Class 1,EH2 2HN,325300,674048,35A GEORGE STREET
325296,674047,2279,hairdresser,Brian Drumm,Class 1,EH2 2HN,325296,674047,37A GEORGE STREET
325288,674045,2280,ladies clothing,The Kooples,Class 1,EH2 2HN,325288,674045,37B GEORGE STREET
325275,674042,2281,ladies clothing,Anthropology,Class 1,EH2 2HN,325275,674042,41 GEORGE STREET
325265,674039,2282,mens clothing,Moss,Class 1,EH2 2HT,325265,674039,43(GF) GEORGE STREET
325255,674036,2283,ladies shoes,L.K. Bennett,Class 1,EH2 2HT,325255,674036,45-45A(1F) GEORGE STREET
325248,674034,2284,ladies clothing,Hobbs,Class 1,EH2 2HT,325248,674034,47 GEORGE STREET
325244,674033,2285,ladies clothing,Phase Eight,Class 1,EH2 2HT,325244,674033,47B GEORGE STREET
325236,674030,2286,ladies clothing,Jigsaw,Class 1,EH2 2HT,325236,674030,49(GF) GEORGE STREET
325231,674028,2287,soft furnishings & homeware,Laura Ashley,Class 1,EH2 2HT,325231,674028,51 GEORGE STREET
325227,674027,2288,public house & nightclub,Opal Lounge,SUI GENERIS,EH2 2HT,325227,674027,51A GEORGE STREET
325221,674026,2289,ladies clothing,Karen Millen,Class 1,EH2 2HT,325221,674026,53(GF) GEORGE STREET
325216,674024,2290,bank,Co-operative Bank,Class 2,EH2 2HT,325216,674024,55 GEORGE STREET
325208,674022,2291,sports clothing,lululemon,Class 1,EH2 2JQ,325208,674022,57 GEORGE STREET
325198,674019,2292,designer luggage,Church's,Class 1,EH2 2JG,325198,674019,59A GEORGE STREET
325192,674018,2293,ladies clothing,Coast,Class 1,EH2 2JG,325192,674018,61 GEORGE STREET
325184,674015,2294,perfumes,Arran Aromatics,Class 1,EH2 2JG,325184,674015,63 GEORGE STREET
325175,674012,2295,clothing,Jack Wills,Class 1,EH2 2JG,325175,674012,65 GEORGE STREET
325168,674010,2296,ladies clothing,Sweet Betty,Class 1,EH2 2JG,325168,674010,67(GF) GEORGE STREET
325153,674005,2297,clothing,Fat Face,Class 1,EH2 2JG,325153,674005,69 GEORGE STREET
325115,673994,2298,building society,Nationwide,Class 2,EH2 3EE,325115,673994,71(GF90) GEORGE STREET
325097,673989,2299,bank,Bank of Scotland,Class 2,EH2 3EE,325097,673989,73-75 GEORGE STREET
325090,673987,2300,greetings cards,PAPERCHASE,Class 1,EH2 3EE,325090,673987,77A GEORGE STREET
325080,673985,2301,restaurant,Caf‚ Andaluz,Class 3,EH2 3EE,325080,673985,77B GEORGE STREET
325063,673980,2302,books,Waterstones,Class 1,EH2 3ES,325063,673980,83 GEORGE STREET
325053,673977,2303,vacant,vacant,Vacant,EH2 3ES,325053,673977,85 GEORGE STREET
325044,673975,2304,jeweller,Hamilton & Inches,Class 1,EH2 3ES,325044,673975,87-87A GEORGE STREET
325035,673972,2305,clothing,White Stuff,Class 1,EH2 3ES,325035,673972,89-89A GEORGE STREET
325025,673970,2306,ladies clothing,Jo Malone,Class 1,EH2 3ES,325025,673970,93A GEORGE STREET
325005,673965,2307,vacant,vacant,Vacant,EH2 3ES,325005,673965,95(GF) GEORGE STREET
324997,673963,2308,ladies clothing,Whistles,Class 1,EH2 3ES,324997,673963,97 GEORGE STREET
324986,673959,2309,restaurant,Contini,Class 3,EH2 3ES,324986,673959,103 GEORGE STREET
324969,673953,2310,toiletries & cosmetics,Space N.K.,Class 1,EH2 3ES,324969,673953,105 GEORGE STREET
324960,673951,2311,Estate Agent,ESPC,Class 2,EH2 3ES,324960,673951,107 GEORGE STREET
324920,673941,2312,bank,Royal Bank of Scotland,Class 2,EH2 4JN,324920,673941,109-109A GEORGE STREET
324909,673937,2313,public house,Slug & Lettuce,SUI GENERIS,EH2 4JN,324909,673937,111A-115(GF) GEORGE STREET
324901,673935,2314,restaurant,Slug & Lettuce,Class 3,EH2 4JN,324901,673935,113(BF)-115 GEORGE STREET
324892,673932,2315,public house,Candy Bar,SUI GENERIS,EH2 4JN,324892,673932,113(BF)-115 GEORGE STREET
324877,673933,2316,church publications,ANTA,Class 1,EH2 4JN,324877,673933,117-119 GEORGE STREET
324874,673927,2317,church publications,ANTA,Class 1, ,324874,673927, 
324806,673907,2318,restaurant,Browns,Class 3,EH2 4JS,324806,673907,131-133 GEORGE STREET
324792,673903,2319,restaurant,Gusto,Class 3,EH2 4JS,324792,673903,135 GEORGE STREET
324783,673900,2320,restaurant,Gourmet Burger Kitchen,Class 3,EH2 4JY,324783,673900,137 GEORGE STREET
324772,673901,2321,restaurant / bar,Las Iguanas,Class 3,EH2 4JY,324772,673901,141-143 GEORGE STREET
325496,674059,2322,bank,Nat West,Class 2,EH2 2PF,325496,674059,6A-8 GEORGE STREET
325443,674039,2323,public house,The Dome,SUI GENERIS,EH2 2PF,325443,674039,14(BF) GEORGE STREET
325410,674036,2324,hotel / restaurant,Le Monde,Class 3,EH2 2PF,325410,674036,16 GEORGE STREET
325398,674033,2325,restaurant,Hard Rock Caf‚,Class 3,EH2 2PF,325398,674033,18(GF)-20 GEORGE STREET
325326,674015,2326,coffee shop,Starbucks,Class 3,EH2 2LE,325326,674015,30 GEORGE STREET
325317,674012,2327,shoes & footwear,Jones,Class 1,EH2 2LE,325317,674012,32 GEORGE STREET
325311,674010,2328,ladies clothing,Mint Velvet,Class 1,EH2 2LE,325311,674010,34 GEORGE STREET
325305,674007,2329,caf‚,Caffe Centro,Class 3,EH2 2LE,325305,674007,38(01) GEORGE STREET
325301,674006,2330,public house & restaurant,Madogs,SUI GENERIS,EH2 2LE,325301,674006,38A GEORGE STREET
325293,674001,2331,beauty salon,Peaches n Cream Boutique,Class 1,EH2 2LE,325293,674001,40-42(BF) GEORGE STREET
325291,674005,2332,optician,Trotters,Class 1,EH2 2LE,325291,674005,44-44A GEORGE STREET
325282,674000,2333,hairdresser,Cheynes,Class 1,EH2 2LE,325282,674000,46 GEORGE STREET
325280,674000,2334,menswear,Kestin Hares,Class 1,EH2 2LE,325280,674000,46A GEORGE STREET
325274,673998,2335,shirtmarkers,TM Lewin,Class 1,EH2 2LE,325274,673998,48 GEORGE STREET
325268,673996,2336,desighner suits,Charles Tyrwhitt,Class 1,EH2 2LE,325268,673996,52 GEORGE STREET
325248,673975,2337,jewellery,Rox,Class 1,EH2 2LR,325248,673975,54B GEORGE STREET
325248,673975,2338,cosmetics,L'Oreal,Class 1,EH2 2LR,325248,673975,54C GEORGE STREET
325245,673984,2339,restaurant,Jamie's  Italian,Class 3,EH2 2LR,325245,673984,54D GEORGE STREET
325216,673981,2340,homeware,Cath Kidston,Class 1,EH2 2LR,325216,673981,58 GEORGE STREET
325222,673983,2341,private karaoke,Supercube,SUI GENERIS,EH2 2LR,325222,673983,58A GEORGE STREET
325210,673979,2342,mens luxury suits,Hawes & Curtis,Class 1,EH2 2LR,325210,673979,60 GEORGE STREET
325191,673974,2343,public house,The Standing Order,SUI GENERIS,EH2 2LR,325191,673974,62(GF)-(BF)-66 GEORGE STREET
325164,673967,2344,ladies & mens clothing,French Connection,Class 1,EH2 2LR,325164,673967,68-70 GEORGE STREET
325132,673959,2345,vacant,vacant,Vacant,EH2 3BU,325132,673959,72 GEORGE STREET
325100,673950,2346,vacant,vacant,Vacant,EH2 3BU,325100,673950,80A GEORGE STREET
325086,673946,2347,"general clothing, jeans","Ho;;ister",Class 1,EH2 3BU,325086,673946,80B GEORGE STREET
325056,673937,2348,outdoor & travel clothing,Rohan,Class 1,EH2 3BU,325056,673937,86 GEORGE STREET
325050,673935,2349,designer mens clothing,Hackett,Class 1,EH2 3BU,325050,673935,86B GEORGE STREET
325041,673933,2350,clothing,The White Company,Class 1,EH2 3DF,325041,673933,88 GEORGE STREET
325034,673930,2351,mens clothing,Gant,Class 1,EH2 3DF,325034,673930,90 GEORGE STREET
325026,673928,2352,vacant,vacant,Vacant,EH2 3DF,325026,673928,92 GEORGE STREET
325018,673926,2353,mens clothing,Cruise,Class 1,EH2 3DF,325018,673926,94 GEORGE STREET
324988,673918,2354,"mens formal clothing, suits",Slater Menswear,Class 1,EH2 3DF,324988,673918,100 GEORGE STREET
324981,673916,2355,ladies clothing,Jaeger,Class 1,EH2 3DF,324981,673916,102 GEORGE STREET
324973,673914,2356,general clothing,Austin Reed Group Clearance Store,Class 1,EH2 3DF,324973,673914,104 GEORGE STREET
324966,673912,2357,ladies clothing,Viyella,Class 1, ,324966,673912, 
324935,673900,2358,coffee shop,Starbucks,Class 3,EH2 4LJ,324935,673900,106-106B GEORGE STREET
324828,673926,2359,charity shop (relief of poverty for Palestinian people),Palcrafts,Class 1,EH2 4JN,324828,673926,123(GF) GEORGE STREET
324833,673872,2360,public house,The Alexander Graham Bell (Wetherspoon),SUI GENERIS,EH2 4JZ,324833,673872,126-128 GEORGE STREET
326914,676248,2361,restaurant,Anfora Wine Bar,Class 3,EH6 6BZ,326914,676248,87(A) GILES STREET
324888,672609,2362,florists,Rose & Ammi,Class 1,EH10 4HT,324888,672609,2 GILLESPIE CRESCENT
324909,672645,2363,hairdresser,Ribbon,Class 1,EH10 4HS,324909,672645,1 GILLESPIE PLACE
324908,672640,2364,dentists,Scottish Denture Clinic,Class 2,EH10 4HS,324908,672640,2 GILLESPIE PLACE
324906,672636,2365,n/t/c,Gillespie Convenience Store,Class 1,EH10 4HS,324906,672636,4 GILLESPIE PLACE
324903,672629,2366,greengrocer,Global Fruit,Class 1,EH10 4HS,324903,672629,5 GILLESPIE PLACE
324901,672625,2367,caf‚ (East African),Khartoum Caf‚,Class 3,EH10 4HS,324901,672625,6 GILLESPIE PLACE
324899,672621,2368,restaurant (American),Frontier,Class 3,EH10 4HS,324899,672621,8 GILLESPIE PLACE
324896,672615,2369,beauty salon,Valerie Hair & Beauty / AW Beautician,Class 1,EH10 4HS,324896,672615,9 GILLESPIE PLACE
324893,672610,2370,restaurant (Japanese),Harajuku Kitchen,Class 1,EH10 4HS,324893,672610,10 GILLESPIE PLACE
328356,668474,2371,hot food take away (Chinese),Star Garden,SUI GENERIS,EH17 8JX,328356,668474,10 GILMERTON DYKES STREET
328361,668476,2372,hairdresser,Elle Hair & Beauty,Class 1,EH17 8JX,328361,668476,14 GILMERTON DYKES STREET
328367,668478,2373,baker,The Bridge,Class 1,EH17 8JX,328367,668478,16 GILMERTON DYKES STREET
328374,668481,2374,grocer,Gilmerton Grocer,Class 1,EH17 8JX,328374,668481,20-22 GILMERTON DYKES STREET
328383,668484,2375,n/t/c,S & D Wright,Class 1,EH17 8JX,328383,668484,26 GILMERTON DYKES STREET
328702,668433,2376,grocer/convenience store,Day-Today,Class 1,EH17 8LQ,328702,668433,(60) GILMERTON DYKES STREET
328355,670116,2377,Beauty Salon,BALANCED LIFESTYLE,Class 2,EH16 5UJ,328355,670116,297(B) GILMERTON ROAD
328266,669706,2378,public house,Robin's Nest Inn,SUI GENERIS,EH17 7PX,328266,669706,391 GILMERTON ROAD
328389,669507,2379,supermarket - large,Aldi,Class 1,EH17 7QS,328389,669507,376 GILMERTON ROAD
328673,669036,2380,supermarket - large,Morrisons,Class 1,EH17 7JQ,328673,669036,432 GILMERTON ROAD
324887,672733,2381,dental surgery,Gilmore Dental Practice,Class 2, ,324887,672733, 
324534,672610,2382,holiday dialysis service for diabetics,Scottish Holiday Dialysis,Class 2,EH3 9NU,324534,672610,93 GILMORE PLACE
324534,672610,2383,internet/web services,readyforfood.com,Class 4,EH3 9NU,324534,672610,95 GILMORE PLACE
324430,672528,2384,tattooist,Black Orbit Ink,Class 1,EH3 9PP,324430,672528,119 GILMORE PLACE
324430,672528,2385,vacant,vacant,Vacant,EH3 9PP,324430,672528,123 GILMORE PLACE
324430,672528,2386,hairdresser & beauty salon,Glamour,Class 1,EH3 9PP,324430,672528,125 GILMORE PLACE
324418,672518,2387,bakers (artisan),Dough Re Mi,Class 1,EH3 9PP,324418,672518,127 GILMORE PLACE
324418,672518,2388,decorative goods & craft ware,Thread & Heather,Class 1,EH3 9PP,324418,672518,131 GILMORE PLACE
324418,672518,2389,glaziers,Viewforth Glazing,Class 2,EH3 9PP,324418,672518,133-135 GILMORE PLACE
324408,672511,2390,glaziers,Viewforth Glazing,Class 4,EH3 9PP,324408,672511,137 GILMORE PLACE
324408,672511,2391,glaziers,Viewforth Glazing,Class 4,EH3 9PP,324408,672511,139 GILMORE PLACE
324386,672497,2392,letting agent,Pure Property Management,Class 2,EH3 9PW,324386,672497,141 GILMORE PLACE
324383,672494,2393,vacant,vacant,Vacant,EH3 9PW,324383,672494,143 GILMORE PLACE
324379,672491,2394,vacant,vacant,Vacant,EH3 9PW,324379,672491,145 GILMORE PLACE
324352,672469,2395,taxi office,Central Radio Taxis,Class 4,EH3 9PW,324352,672469,163-165 GILMORE PLACE
324348,672466,2396,restaurant (African),Jambo,Class 3,EH3 9PW,324348,672466,169-173 GILMORE PLACE
324345,672463,2397,hot food take-away (Chinese),Taste of China,SUI GENERIS,EH3 9PW,324345,672463,175-177 GILMORE PLACE
324333,672453,2398,accountants,B.G. Connor & Co.,Class 2,EH3 9PW,324333,672453,185 GILMORE PLACE
324328,672449,2399,vacant,vacant,Vacant,EH3 9PW,324328,672449,187 GILMORE PLACE
324315,672440,2400,vacant,vacant,Vacant, ,324315,672440, 
324307,672433,2401,mortgage advisors,Edinburgh Mortgage Advice,Class 2,EH3 9PW,324307,672433,197 GILMORE PLACE
324605,672694,2402,vacant,vacant,Vacant,EH3 9NX,324605,672694,50C GILMORE PLACE
324546,672669,2403,petrol filling station & shop,Forall's Garage & Showroom,SUI GENERIS,EH3 9NX,324546,672669,66 GILMORE PLACE
324559,672669,2404,children's nursery,Rainbow Kindergarten,Class 10, ,324559,672669, 
324672,674523,2405,grocer & n/t/c,Stockbridge Store,Class 1,EH3 6SZ,324672,674523,1 GLANVILLE PLACE
324667,674527,2406,hairdresser,Sharon Robertson Hair,Class 1,EH3 6SZ,324667,674527,3 GLANVILLE PLACE
324659,674535,2407,coffee shop,Caff‚ Nero,Class 3,EH3 6SZ,324659,674535,4-6 GLANVILLE PLACE
319270,672865,2408,computers & computer accessories,PC World (Dixons),Class 1,EH12 8HH,319270,672865,1-17 GLASGOW ROAD
319193,672876,2409,petrol filling station & shop,Shell + Select Shop,Class 1,EH12 8HW,319193,672876,21 GLASGOW ROAD
319183,672870,2410,restaurant (Italian),Fabio's,Class 3,EH12 8HW,319183,672870,23 GLASGOW ROAD
318673,672532,2411,hairdresser & beauty salon,Saks Hair & Beauty,Class 1,EH12 8LJ,318673,672532,89B(2) GLASGOW ROAD
318676,672508,2412,sports goods,First Fitness Factory,Class 1,EH12 8LJ,318676,672508,89B(3) GLASGOW ROAD
318023,672655,2413,household goods,B&M,Class 1,EH12 8LU,318023,672655,113 GLASGOW ROAD
319284,672952,2414,restaurant (Chinese),Chinese Manor House,Class 3,EH12 8HL,319284,672952,2 GLASGOW ROAD
319218,672929,2415,Hair & Beauty Salon,Novella Beauty Clinic,Class 1,EH12 8HL,319218,672929,14 GLASGOW ROAD
319214,672928,2416,storage for chippie,Bar B Que,SUI GENERIS,EH12 8HL,319214,672928,18-22 GLASGOW ROAD
319209,672926,2417,hot food take-away (fish & chips),Bar B Que,SUI GENERIS, ,319209,672926, 
319203,672925,2418,hot food takeaway (Indian),The Curry House,SUI GENERIS,EH12 8HL,319203,672925,24 GLASGOW ROAD
319196,672924,2419,hot food take-away (Chinese),Lucky Chen,SUI GENERIS,EH12 8HL,319196,672924,28 GLASGOW ROAD
319191,672923,2420,Computer specialist and repairs,Simply Fix It,Class 2,EH12 8HL,319191,672923,30 GLASGOW ROAD
318378,672788,2421,fire extinguishers and servicing,R S Fire,Class 2,EH12 8LR,318378,672788,136(4) GLASGOW ROAD
318310,672783,2422,beauty salon,AMS,Class 1,EH12 8LS,318310,672783,144A GLASGOW ROAD
318106,672771,2423,petrol filling station & shop,Shell + Select Shop,Class 1,EH12 8LS,318106,672771,166 GLASGOW ROAD
327780,669993,2424,launderette,The Wash House,Class 1,EH16 6AS,327780,669993,33 GLENVARLOCH CRESCENT
327761,669988,2425,grocer,Inch Superstore,Class 1,EH16 6AS,327761,669988,39-45 GLENVARLOCH CRESCENT
327725,669981,2426,vacant,vacant,Vacant,EH16 6AS,327725,669981,59 GLENVARLOCH CRESCENT
324688,674453,2427,restaurant (Thai),Songkran,Class 3,EH3 6EG,324688,674453,8 GLOUCESTER STREET
324738,675863,2428,optician / optometrist,Rodger & Smalridge,Class 1,EH3 5QP,324738,675863,1 GOLDENACRE TERRACE
322674,672171,2429,restaurant & hot food take-away,McDonalds,Class 3,EH14 1NG,322674,672171,99 GORGIE PARK ROAD
323332,672409,2430,public house,Robertson's Bar,SUI GENERIS,EH11 2LA,323332,672409,73 GORGIE ROAD
323218,672361,2431,launderette,Gorgie Laundrette,Class 1,EH11 1TE,323218,672361,123 GORGIE ROAD
323214,672358,2432,vacant,vacant,Vacant,EH11 1TE,323214,672358,125 GORGIE ROAD
323210,672356,2433,hairdresser,Beut Hairdressing,Class 1,EH11 1TE,323210,672356,127 GORGIE ROAD
323192,672343,2434,mobile phones,One Teck,Class 1,EH11 1TH,323192,672343,129 GORGIE ROAD
323186,672340,2435,Hairdresser,A Touch of Silk,Class 1,EH11 1TH,323186,672340,131 GORGIE ROAD
323180,672337,2436,pictures & picture framing,McRae of Gorgie,Class 1,EH11 1TH,323180,672337,133 GORGIE ROAD
323177,672334,2437,Vacant,Vacant,Vacant,EH11 1TH,323177,672334,135 GORGIE ROAD
323172,672333,2438,optician,20/20 Opticians,Class 1,EH11 1TH,323172,672333,139 GORGIE ROAD
323102,672310,2439,Vacant,Vacant,Vacant,EH11 1TJ,323102,672310,165 GORGIE ROAD
323097,672308,2440,Beauty Salon,Siam Thai Massage Therapy,Class 1,EH11 1TJ,323097,672308,169 GORGIE ROAD
323091,672306,2441,estate agent,SFR Properties,Class 2,EH11 1TJ,323091,672306,171 GORGIE ROAD
323087,672304,2442,Vacant,Vacant,Vacant,EH11 1TJ,323087,672304,173 GORGIE ROAD
323082,672303,2443,beauty parlour,Aroma Sanctuary,Class 1,EH11 1TJ,323082,672303,177 GORGIE ROAD
323060,672294,2444,Wig Parlour,Hair Base,Class 1,EH11 1TT,323060,672294,179 GORGIE ROAD
323055,672292,2445,unknown,unknown,UNKNOWN USE,EH11 1TT,323055,672292,183-185 GORGIE ROAD
323048,672289,2446,nail studio,Angel,Class 1,EH11 1TT,323048,672289,187 GORGIE ROAD
323044,672287,2447,hairdresser (gents),Fabulous hot Shave,Class 1,EH11 1TT,323044,672287,189 GORGIE ROAD
323040,672286,2448,African food & products,African Crest,Class 1,EH11 1TT,323040,672286,193 GORGIE ROAD
323036,672284,2449,"hot food take-away (fish & chips, pizzas)",Cafe Caledonia,SUI GENERIS,EH11 1TT,323036,672284,195 GORGIE ROAD
323031,672282,2450,nail & beauty salon,Beauty 2000,Class 1,EH11 1TT,323031,672282,199 GORGIE ROAD
323024,672278,2451,Vacant,Vacant,Vacant,EH11 1TT,323024,672278,201 GORGIE ROAD
323021,672277,2452,tattoo studio,MK Tattooo Art,Class 2,EH11 1TT,323021,672277,203 GORGIE ROAD
323017,672276,2453,betting shop,Ladbrokes,Class 2,EH11 1TT,323017,672276,205-207 GORGIE ROAD
322996,672267,2454,estate agents,Your Move,Class 2,EH11 1TU,322996,672267,213 GORGIE ROAD
322991,672266,2455,Mobile phones and computers,Edinburgh Mobile Zone,Class 1,EH11 1TU,322991,672266,217 GORGIE ROAD
322986,672265,2456,Vacant,Vacant,Vacant,EH11 1TU,322986,672265,219 GORGIE ROAD
322955,672252,2457,public house,Stratfords,SUI GENERIS,EH11 1TU,322955,672252,227-229 GORGIE ROAD
322928,672240,2458,supermarket,Morrisons Local,Class 1,EH11 1TU,322928,672240,233(1) GORGIE ROAD
322916,672236,2459,Vacant,Vacant,Vacant,EH11 1TU,322916,672236,233(2) GORGIE ROAD
322904,672233,2460,betting shop,William Hill,Class 2,EH11 1TU,322904,672233,237-239 GORGIE ROAD
322892,672228,2461,mixed durable goods,Poundstretcher,Class 1,EH11 1TU,322892,672228,243-245 GORGIE ROAD
322877,672225,2462,grocer,Rahman Halal Meat & Continental Food Store,Class 1,EH11 1TX,322877,672225,251-253 GORGIE ROAD
322871,672224,2463,hot food take-away,Imans,SUI GENERIS,EH11 1TX,322871,672224,257 GORGIE ROAD
322867,672222,2464,beauty salon,Fresh Look,Class 1,EH11 1TX,322867,672222,259 GORGIE ROAD
322859,672220,2465,n/t/c,Gorgie Newsagent,Class 1,EH11 1TX,322859,672220,261-263 GORGIE ROAD
322852,672218,2466,grocer,Amma Spices,Class 1,EH11 1TX,322852,672218,267 GORGIE ROAD
322848,672217,2467,grocer,Krishna's Foods,Class 1,EH11 1TX,322848,672217,269 GORGIE ROAD
322731,672181,2468,supermarket,Aldi,Class 1,EH11 2QX,322731,672181,345 GORGIE ROAD
322317,671866,2469,public house,The Horseshoe Inn,SUI GENERIS,EH11 2RT,322317,671866,437 GORGIE ROAD
322041,671700,2470,public house,Laich Bar,SUI GENERIS,EH11 3AD,322041,671700,(477A) GORGIE ROAD
321937,671646,2471,hairdresser (ladies & gents),McMahon - Boyle,Class 1,EH11 3AJ,321937,671646,503B GORGIE ROAD
321768,671550,2472,tool & machine hire,HSS Hire Service,Class 1,EH11 3AR,321768,671550,545-551 GORGIE ROAD
323451,672474,2473,pets & pet supplies,Eden Aquatics & Reptiles,Class 1,EH11 2LZ,323451,672474,14-16 GORGIE ROAD
323430,672468,2474,charity shop,Barnardo's,Class 1,EH11 2LZ,323430,672468,18-24 GORGIE ROAD
323412,672463,2475,community centre,Edinburgh Turkish-Islamic Association Community Centre,Class 2,EH11 2LZ,323412,672463,28 GORGIE ROAD
323349,672447,2476,chemist,Deans Pharmacy,Class 1,EH11 2NB,323349,672447,62-64 GORGIE ROAD
323342,672445,2477,n/t/c,Ramzan & Sons,Class 1,EH11 2NB,323342,672445,66 GORGIE ROAD
323339,672444,2478,Electronic Ciggerettes,Emporium Vapour,Class 1,EH11 2NB,323339,672444,66A GORGIE ROAD
323329,672442,2479,vacant,vacant,Vacant,EH11 2NB,323329,672442,76 GORGIE ROAD
323325,672440,2480,vacant,vacant,Vacant,EH11 2NB,323325,672440,78 GORGIE ROAD
323321,672439,2481,vacant,vacant,Vacant,EH11 2NB,323321,672439,82 GORGIE ROAD
323251,672411,2482,public house,Tynecastle Arms,SUI GENERIS,EH11 2NP,323251,672411,92-94 GORGIE ROAD
323247,672409,2483,vacant,vacant,Vacant,EH11 2NP,323247,672409,98 GORGIE ROAD
323243,672407,2484,take-away food & catering,hot Not Rolls,Class 3,EH11 2NP,323243,672407,100 GORGIE ROAD
323238,672405,2485,fishmonger & poulterer,D. McPherson,Class 1,EH11 2NP,323238,672405,102 GORGIE ROAD
323235,672403,2486,Brick-a-brack,Gorgie Bargain Buys,Class 1,EH11 2NP,323235,672403,104 GORGIE ROAD
323232,672402,2487,advice centre,Polskie Biuro,Class 2,EH11 2NP,323232,672402,104A GORGIE ROAD
323230,672400,2488,tattoo parlour,City Ink Tattoo,Class 1,EH11 2NP,323230,672400,108 GORGIE ROAD
323227,672399,2489,charity,Homestart Edinburgh South Central,Class 2,EH11 2NP,323227,672399,108A-110A GORGIE ROAD
323220,672394,2490,Art,The Haymarket Gallery,Class 1,EH11 2NP,323220,672394,110B GORGIE ROAD
323211,672388,2491,Beauty and Nails,Arelle,Class 1,EH11 2NR,323211,672388,112 GORGIE ROAD
323207,672386,2492,hot food take-away,Dim Sum,SUI GENERIS,EH11 2NR,323207,672386,112A GORGIE ROAD
323204,672384,2493,amusement arcade,Johnny's Entertainments,Class 11,EH11 2NR,323204,672384,114 GORGIE ROAD
323201,672382,2494,Vacant,Vacant,Vacant,EH11 2NR,323201,672382,118 GORGIE ROAD
323197,672381,2495,Vacant,Vacant,Vacant,EH11 2NR,323197,672381,120 GORGIE ROAD
323193,672377,2496,apple computer repairs,i Repair,Class 1,EH11 2NR,323193,672377,122 GORGIE ROAD
323188,672375,2497,n/t/c & grocer (lic.),Newton Sweets & Newsagent,Class 1,EH11 2NR,323188,672375,126-128 GORGIE ROAD
323183,672371,2498,tattoo studio,Ace Tattoo Studio,Class 2,EH11 2NS,323183,672371,130 GORGIE ROAD
323180,672369,2499,grocer (lic.),Utility Store,Class 1,EH11 2NS,323180,672369,132 GORGIE ROAD
323175,672366,2500,hot food take-away (fish & chips),The Gorgie Fish Bar,SUI GENERIS,EH11 2NS,323175,672366,136-138 GORGIE ROAD
323168,672362,2501,mantra centre,Gouranga,Class 2,EH11 2NS,323168,672362,140 GORGIE ROAD
323164,672361,2502,hairdresser,New Visage,Class 1,EH11 2NS,323164,672361,142 GORGIE ROAD
323160,672359,2503,charity shop,Lifeline,Class 1,EH11 2NS,323160,672359,146-148 GORGIE ROAD
323153,672355,2504,solicitors,MBS Solicitors,Class 2,EH11 2NT,323153,672355,150-152 GORGIE ROAD
323147,672353,2505,second hand baby clothes,Little Bundles,Class 1,EH11 2NT,323147,672353,156 GORGIE ROAD
323140,672351,2506,ladies clothing store,Pati,Class 1,EH11 2NT,323140,672351,158 GORGIE ROAD
323137,672350,2507,Vacant,Vacant,Vacant,EH11 2NT,323137,672350,160 GORGIE ROAD
323134,672349,2508,hot food take-away,Wendy's Takeaway,SUI GENERIS,EH11 2NT,323134,672349,162 GORGIE ROAD
323131,672348,2509,hairdresser,Beverly Paul Hairdressing,Class 1,EH11 2NT,323131,672348,166 GORGIE ROAD
323128,672348,2510,hair & beauty,Trade Cut,Class 1,EH11 2NT,323128,672348,168 GORGIE ROAD
323123,672345,2511,chinese medicine,Chinese Medical Clinic,Class 2,EH11 2NT,323123,672345,170 GORGIE ROAD
323118,672343,2512,bank,Lloyds TSB Scotland,Class 2,EH11 2NT,323118,672343,174-176 GORGIE ROAD
323067,672326,2513,launderette & dry cleaner,Sundial,Class 1,EH11 2NX,323067,672326,194-196 GORGIE ROAD
323060,672324,2514,residential property management,Professional Property Letting,Class 2,EH11 2NX,323060,672324,200 GORGIE ROAD
323057,672322,2515,jeweller,Gorgie Jeweller,Class 1,EH11 2NX,323057,672322,202 GORGIE ROAD
323052,672321,2516,hairdresser,Sams,Class 1,EH11 2NX,323052,672321,204 GORGIE ROAD
323048,672319,2517,gift shop,Gift Island,Class 1,EH11 2NX,323048,672319,206 GORGIE ROAD
323044,672318,2518,grocer,Awan Mini-Mart,Class 1,EH11 2NX,323044,672318,208 GORGIE ROAD
323024,672309,2519,vacant,vacant,Vacant,EH11 2PN,323024,672309,212 GORGIE ROAD
323019,672307,2520,grocer,Gruni Food and Wine,Class 1,EH11 2PN,323019,672307,214 GORGIE ROAD
323012,672305,2521,barbers,Brandons Barbers,Class 1,EH11 2PN,323012,672305,216 GORGIE ROAD
323008,672303,2522,hairdresser,Mad Cut,Class 1,EH11 2PN,323008,672303,218 GORGIE ROAD
323004,672302,2523,sandwich shop,Baguette Express,Class 1,EH11 2PN,323004,672302,222 GORGIE ROAD
322999,672299,2524,baker,Greggs,Class 1,EH11 2PN,322999,672299,224 GORGIE ROAD
322995,672297,2525,tailoring & alterations,The Tailor,Class 1,EH11 2PN,322995,672297,226 GORGIE ROAD
322987,672294,2526,chemist,Boots,Class 1,EH11 2PN,322987,672294,230-232 GORGIE ROAD
322974,672290,2527,supermarket & post office,Scotmid,Class 1,EH11 2PL,322974,672290,234-236 GORGIE ROAD
322962,672285,2528,vacant,vacant,Vacant,EH11 2PL,322962,672285,242 GORGIE ROAD
322960,672284,2529,shoe repairs,Gorgie Cobblers,Class 1,EH11 2PL,322960,672284,244 GORGIE ROAD
322954,672282,2530,butcher,R&J Oliver,Class 1,EH11 2PL,322954,672282,248-250 GORGIE ROAD
322948,672280,2531,hot food take-away,Kebab Express,SUI GENERIS,EH11 2PL,322948,672280,252 GORGIE ROAD
322940,672277,2532,charity shop,Salvation Army,Class 1,EH11 2PL,322940,672277,254-256 GORGIE ROAD
322914,672268,2533,charity shop,Hospices of Hope,Class 1,EH11 2PP,322914,672268,260 GORGIE ROAD
322909,672267,2534,grocer,Tradycyjne Polskie Wyroby,Class 1,EH11 2PP,322909,672267,264 GORGIE ROAD
322904,672265,2535,fire specialists,Fireplaces and Stoves,Class 1,EH11 2PP,322904,672265,266 GORGIE ROAD
322892,672261,2536,Grocer,Chinese Mini-Market,Class 2,EH11 2PP,322892,672261,268-270 GORGIE ROAD
322880,672258,2537,fire specialists,Fireside,Class 1,EH11 2PP,322880,672258,274-284 GORGIE ROAD
322875,672256,2538,beauty salon,Nylla's,Class 1,EH11 2PP,322875,672256,288 GORGIE ROAD
322869,672254,2539,beauty salon,LS Hair,Class 1,EH11 2PP,322869,672254,290 GORGIE ROAD
322864,672253,2540,hairdresser (ladies & gents),Bitz and Bobz,Class 1,EH11 2PP,322864,672253,292 GORGIE ROAD
322860,672252,2541,Dental Practice,Gorgie Road Dental Practice,Class 2,EH11 2PP,322860,672252,294 GORGIE ROAD
322856,672250,2542,coffee shop,The Koffee Pot,Class 3,EH11 2PP,322856,672250,298 GORGIE ROAD
322846,672248,2543,Wedding dresses,Designer Bridal Outlet,Class 1,EH11 2PP,322846,672248,302-306 GORGIE ROAD
322781,672233,2544,public house,Station Tavern,SUI GENERIS,EH11 2QZ,322781,672233,316-320 GORGIE ROAD
322698,672216,2545,Deli and cafe,Kleofas,Class 3, ,322698,672216, 
322688,672214,2546,hot food take-away,Pizza Palace,SUI GENERIS,EH11 2QU,322688,672214,346 GORGIE ROAD
322661,672207,2547,optician,20/20 Opticians,Class 1,EH11 2RQ,322661,672207,348-350 GORGIE ROAD
322656,672206,2548,outdoor catering and cafe,Blueberry Cafe,Class 3,EH11 2RQ,322656,672206,352 GORGIE ROAD
322652,672205,2549,betting shop,Ladbrokes,Class 2,EH11 2RQ,322652,672205,356-358 GORGIE ROAD
322643,672203,2550,Vacant,Vacant,Vacant,EH11 2RQ,322643,672203,360-362 GORGIE ROAD
322629,672199,2551,grocer,Polish Shop,Class 1,EH11 2RQ,322629,672199,368-370 GORGIE ROAD
322615,672195,2552,Vacant,Vacant,Vacant,EH11 2RQ,322615,672195,372 GORGIE ROAD
322609,672193,2553,Beauty salon,Your choice,Class 1,EH11 2RQ,322609,672193,376 GORGIE ROAD
322602,672191,2554,Advice service,Neuss CIC,Class 2,EH11 2RQ,322602,672191,378 GORGIE ROAD
322590,672185,2555,carpets,Capital Carpets,Class 1,EH11 2RQ,322590,672185,380 GORGIE ROAD
322585,672182,2556,hot food take-away (curries),Saiyem's,SUI GENERIS,EH11 2RQ,322585,672182,386 GORGIE ROAD
322577,672178,2557,Vacant,Vacant,Vacant,EH11 2RQ,322577,672178,388 GORGIE ROAD
322572,672175,2558,"party goods, novelties, stationery",Balloons Are Taking Off,Class 1,EH11 2RQ,322572,672175,390 GORGIE ROAD
322543,672156,2559,furniture,Bensons for Beds,Class 1,EH11 2RN,322543,672156,392 GORGIE ROAD
322417,672033,2560,vacant,vacant,Vacant,EH11 2RN,322417,672033,454 GORGIE ROAD
322322,671921,2561,n/t/c,Newsplus,Class 1,EH11 2RY,322322,671921,472 GORGIE ROAD
322319,671917,2562,electrical spares and repairs,Gorgie Appliances,Class 1,EH11 2RY,322319,671917,474 GORGIE ROAD
322316,671913,2563,pet grooming,"Christine, dog stylist",Class 2,EH11 2RY,322316,671913,478 GORGIE ROAD
321894,671655,2564,vacant,vacant,Vacant,EH11 3AL,321894,671655,536 GORGIE ROAD
321889,671653,2565,hot food take-away,Chesser Fast Food,SUI GENERIS,EH11 3AL,321889,671653,538 GORGIE ROAD
321881,671648,2566,grocer,First News,Class 1,EH11 3AL,321881,671648,542 GORGIE ROAD
321877,671646,2567,betting shop,William Hill,Class 2,EH11 3AL,321877,671646,544 GORGIE ROAD
321873,671643,2568,Take away food,The Rite Bite,Class 1,EH11 3AL,321873,671643,546 GORGIE ROAD
321869,671640,2569,sandwich bar,Lunch Break,Class 1,EH11 3AL,321869,671640,548 GORGIE ROAD
321865,671638,2570,hot food take-away (Chinese),So Rice,SUI GENERIS,EH11 3AL,321865,671638,550 GORGIE ROAD
321860,671636,2571,hairdresser (gents),Larry's Barbers,Class 1,EH11 3AL,321860,671636,552 GORGIE ROAD
321856,671633,2572,hairdresser,'N' Style,Class 1,EH11 3AL,321856,671633,554 GORGIE ROAD
321851,671631,2573,florist,Flowers by McDowell,Class 1,EH11 3AL,321851,671631,556 GORGIE ROAD
321839,671625,2574,vacant,vacant,Vacant,EH11 3AL,321839,671625,560 GORGIE ROAD
321713,671659,2575,"ceramic tiles, bathroom suites",Buyrite Bathrooms,Class 1,EH11 3XN,321713,671659,566-568 GORGIE ROAD
312954,678417,2576,architects,WT Architecture,Class 4,EH30 9PS,312954,678417,4-6 GOTE LANE
327826,668268,2577,chemist,Gordons Pharmacy,Class 1,EH16 6RR,327826,668268,1 GRACEMOUNT DRIVE
327823,668275,2578,hairdresser (gents),Class Barbers,Class 1,EH16 6RR,327823,668275,3 GRACEMOUNT DRIVE
327821,668281,2579,hairdresser,FA Hairdressing,Class 1,EH16 6RR,327821,668281,5 GRACEMOUNT DRIVE
327818,668286,2580,hot food take away (Indian),Tartan Tandoori,SUI GENERIS,EH16 6RR,327818,668286,7 GRACEMOUNT DRIVE
327816,668292,2581,baker / take away food,The Bakers Bunch,Class 1,EH16 6RR,327816,668292,9 GRACEMOUNT DRIVE
327814,668299,2582,sign maker,Sign Station,Class 1,EH16 6RR,327814,668299,11 GRACEMOUNT DRIVE
327812,668304,2583,criminal defense lawyers,Steven Donald and co,Class 4,EH16 6RR,327812,668304,13 GRACEMOUNT DRIVE
327817,668314,2584,hot food take-away (Chinese),Wok Inn,SUI GENERIS,EH16 6RR,327817,668314,15 GRACEMOUNT DRIVE
327822,668316,2585,solarium,Tanz,Class 1,EH16 6RR,327822,668316,17 GRACEMOUNT DRIVE
327831,668320,2586,hot food take-away,Fryers Delight,SUI GENERIS,EH16 6RR,327831,668320,19 GRACEMOUNT DRIVE
327809,668354,2587,grocer / convenience store,Scotmid,Class 1,EH16 6RP,327809,668354,21 GRACEMOUNT DRIVE
327889,668308,2588,supermarket,Tesco,Class 1,EH16 6RS,327889,668308,2 GRACEMOUNT DRIVE
327813,668783,2589,grocer,Night & Day,Class 1,EH16 6QZ,327813,668783,94 GRACEMOUNT DRIVE
327813,668783,2590,vacant,vacant,Vacant,EH16 6QZ,327813,668783,96 GRACEMOUNT DRIVE
326473,671831,2591,wine merchant,Vino Wines,Class 1,EH9 2NP,326473,671831,1 GRANGE LOAN
326437,671835,2592,plumbers & heating engineers,G.Gilhooley,Class 4,EH9 2NR,326437,671835,22 GRANGE LOAN
326433,671832,2593,dry cleaner,The Chinsese Laundry Co.Ltd.,Class 1,EH9 2NR,326433,671832,24 GRANGE LOAN
326428,671828,2594,dry cleaner,Grange Drycleaners,Class 1,EH9 2NR,326428,671828,26 GRANGE LOAN
326424,671826,2595,Professional joiners,Aden Joiners,Class 2,EH9 2NR,326424,671826,28 GRANGE LOAN
326421,671823,2596,cultural / dance admin office,Scottish Offical Board of Highland Dancing,Class 4,EH9 2NR,326421,671823,32 GRANGE LOAN
326334,672158,2597,political office,scottish Liberal Democrats,Class 2,EH9 1UH,326334,672158,4 GRANGE ROAD
326330,672156,2598,computer systems developers,Microsys Solutions / ARCAS Computing,Class 4,EH9 1UH,326330,672156,5 GRANGE ROAD
326323,672154,2599,antiques,Clyde Antiques,Class 1,EH9 1UH,326323,672154,5A GRANGE ROAD
326315,672152,2600,electrical contractors,Nicholson Bros.,Class 4,EH9 1UH,326315,672152,6A GRANGE ROAD
326306,672150,2601,bathroom fixtures,Bathing Mobility Advisory Service,Class 1,EH9 1UH,326306,672150,7A GRANGE ROAD
322357,676624,2602,grocer & post office,Sandy's West Granton Community Store,Class 1,EH4 4GA,322357,676624,1/4 GRANTON MAINS AVENUE
324269,676549,2603,bicycle sales and equipment,The Edinburgh Cycle Company,Class 1,EH5 3NJ,324269,676549,133-135 GRANTON ROAD
324234,676622,2604,grocer / convenience store,Scotmid,Class 1,EH5 3NJ,324234,676622,137 GRANTON ROAD
324228,676664,2605,hot food take-away (Chinese),New Happy Palace,SUI GENERIS,EH5 3NL,324228,676664,145 GRANTON ROAD
324225,676686,2606,vacant,vacant,Vacant,EH5 3NL,324225,676686,157 GRANTON ROAD
324274,676161,2607,"confectionery, tobacconist",Marcantonio,Class 1,EH5 3QS,324274,676161,28 GRANTON ROAD
324273,676168,2608,veterinary surgery,Dundas Veterinary Group,Class 2, ,324273,676168, 
324272,676172,2609,hairdresser,Bonnie & Clyde,Class 1,EH5 3QS,324272,676172,36 GRANTON ROAD
324271,676178,2610,pets & per supplies,Noah's Ark,Class 1,EH5 3QS,324271,676178,38-40 GRANTON ROAD
324270,676189,2611,vacant,vacant,Vacant,EH5 3QS,324270,676189,46 GRANTON ROAD
324267,676212,2612,plumber / heating engineer,Affordable Plumbing & Heating,Class 2,EH5 3QU,324267,676212,48 GRANTON ROAD
324266,676216,2613,hot food take-away (fish & chips),Chip King,SUI GENERIS,EH5 3QU,324266,676216,50 GRANTON ROAD
324261,676248,2614,grocer / convenience store,Granton Mini Market,Class 1,EH5 3QU,324261,676248,56 GRANTON ROAD
324259,676255,2615,fitness studio,Believe Fitness,Class 10,EH5 3QU,324259,676255,62 GRANTON ROAD
324259,676260,2616,hairdresser,Hair by Angela Jane,Class 1,EH5 3QU,324259,676260,64 GRANTON ROAD
324234,676423,2617,kitchen & bathroom fitters,City Fair Trades,Class 2,EH5 3RE,324234,676423,110 GRANTON ROAD
324230,676427,2618,photographic studio,Trudi Scumptious,Class 2,EH5 3RE,324230,676427,112 GRANTON ROAD
324227,676429,2619,chemist,Well Pharmacy,Class 1,EH5 3RE,324227,676429,114-116 GRANTON ROAD
324220,676459,2620,tanning studio,Tanz,Class 11,EH5 3RF,324220,676459,122-126 GRANTON ROAD
324227,676472,2621,hairdresser,Luigi's,Class 1,EH5 3RF,324227,676472,128 GRANTON ROAD
323666,677111,2622,vacant,vacant,Vacant,EH5 1HE,323666,677111,2 GRANTON SQUARE
323736,677071,2623,hot food take-away,Waterfront Takeaway,SUI GENERIS,EH5 1HA,323736,677071,6 GRANTON SQUARE
325272,673327,2624,musical instruments,Red Dog Music,Class 1,EH1 2HY,325272,673327,1 GRASSMARKET
325278,673317,2625,kilts,Edinburgh Kilt Maker,Class 1,EH1 2HY,325278,673317,5 GRASSMARKET
325281,673312,2626,bespoke dermographics,Semper,Class 2,EH1 2HY,325281,673312,7 GRASSMARKET
325284,673300,2627,public house,Fiddlers Arms,SUI GENERIS,EH1 2HY,325284,673300,9-11 GRASSMARKET
325311,673292,2628,jewellery,Purple Glamour,Class 1,EH1 2HS,325311,673292,15 GRASSMARKET
325316,673294,2629,caf‚,Marys Milk Bar,Class 3,EH1 2HS,325316,673294,19 GRASSMARKET
325321,673297,2630,caf‚,Zara's,Class 3,EH1 2HS,325321,673297,21 GRASSMARKET
325324,673298,2631,antiques,Iconic,Class 1,EH1 2HS,325324,673298,23 GRASSMARKET
325331,673301,2632,n/t/c,News Express,Class 1,EH1 2HS,325331,673301,27 GRASSMARKET
325335,673303,2633,caf‚,Caf‚ Piccolo,Class 3,EH1 2HS,325335,673303,29 GRASSMARKET
325395,673333,2634,confectionery,Bains,Class 1,EH1 2HS,325395,673333,37 GRASSMARKET
325461,673360,2635,hairdresser,Medusa,Class 1,EH1 2HJ,325461,673360,63 GRASSMARKET
325473,673366,2636,health foods,Graze,Class 1,EH1 2HJ,325473,673366,67 GRASSMARKET
325484,673373,2637,clothing (cashmere knitwear),Hawico Cashmere,Class 1,EH1 2HJ,325484,673373,71-73 GRASSMARKET
325500,673380,2638,clothing (cashmere knitwear),Hawico Cashmere,Class 3,EH1 2HJ,325500,673380,81 GRASSMARKET
325505,673382,2639,retro & second-hand clothing,W. Armstrong & Son,Class 1,EH1 2HJ,325505,673382,83 GRASSMARKET
325517,673387,2640,hot food take-away,Castle Rock Take Away,SUI GENERIS,EH1 2HJ,325517,673387,87 GRASSMARKET
325295,673349,2641,restaurant,The Lot,Class 3,EH1 2JU,325295,673349,4 GRASSMARKET
325306,673347,2642,caf‚,Caf‚ Jacques,Class 3,EH1 2JU,325306,673347,10 GRASSMARKET
325313,673350,2643,public house,Black Bull,SUI GENERIS,EH1 2JU,325313,673350,12 GRASSMARKET
325319,673352,2644,vacant,vacant,Vacant,EH1 2JU,325319,673352,16 GRASSMARKET
325333,673358,2645,public house,Beehive Inn,SUI GENERIS,EH1 2JU,325333,673358,18-20 GRASSMARKET
325347,673363,2646,restaurant (Italian),Mamma's,Class 3,EH1 2JU,325347,673363,28-30 GRASSMARKET
325358,673367,2647,public house,White Hart Inn,SUI GENERIS,EH1 2JU,325358,673367,34 GRASSMARKET
325368,673372,2648,restaurant,Petit Paris,Class 3,EH1 2JU,325368,673372,38-40 GRASSMARKET
325377,673376,2649,take-away food (pizzas etc.),Made in Italy,Class 1,EH1 2JU,325377,673376,42 GRASSMARKET
325417,673390,2650,restaurant (mexican strret food),El Toro Loco,Class 3,EH1 2JR,325417,673390,60-64 GRASSMARKET
325422,673393,2651,restaurant,Gennaro,Class 3, ,325422,673393, 
325428,673396,2652,knitwear,Bill Baber,Class 1,EH1 2JR,325428,673396,66 GRASSMARKET
325437,673399,2653,grocer / convenience store,Festival Stores,Class 1,EH1 2JR,325437,673399,70-72 GRASSMARKET
325446,673404,2654,public house,The Last Drop,SUI GENERIS,EH1 2JR,325446,673404,74-78 GRASSMARKET
325454,673408,2655,clothing,no name on fascia,Class 1,EH1 2JR,325454,673408,86 GRASSMARKET
325458,673409,2656,"fancy dress costumes, party goods",Costume HA HA,Class 1,EH1 2JR,325458,673409,88 GRASSMARKET
325462,673412,2657,public house,Maggie Dickson's,SUI GENERIS,EH1 2JR,325462,673412,92 GRASSMARKET
325472,673416,2658,public house,Biddy Mulligans,SUI GENERIS,EH1 2JR,325472,673416,94-96 GRASSMARKET
326937,675904,2659,hairdresser,Leith Barbers,Class 1,EH6 5HX,326937,675904,1 GREAT JUNCTION STREET
326934,675907,2660,hot food take-away,Sunny @ Leith,SUI GENERIS,EH6 5HX,326934,675907,3 GREAT JUNCTION STREET
326931,675910,2661,betting shop,William Hill,Class 2,EH6 5HX,326931,675910,5 GREAT JUNCTION STREET
326927,675915,2662,ladies clothes,Essense,Class 1,EH6 5HX,326927,675915,7 GREAT JUNCTION STREET
326924,675919,2663,charity shop,Cancer Research,Class 1,EH6 5HX,326924,675919,11 GREAT JUNCTION STREET
326920,675923,2664,E-cigerettes,Puff and Stuff,Class 1,EH6 5HX,326920,675923,13 GREAT JUNCTION STREET
326917,675927,2665,vacant,vacant,Vacant,EH6 5HX,326917,675927,15 GREAT JUNCTION STREET
326906,675940,2666,hot food take away,Junction 21,SUI GENERIS, ,326906,675940, 
326903,675943,2667,charity shop,Bristish Heart Foundation,Class 1,EH6 5HX,326903,675943,23-29 GREAT JUNCTION STREET
326898,675948,2668,vacant,vacant,Vacant,EH6 5HX,326898,675948,33 GREAT JUNCTION STREET
326894,675953,2669,hairdresser,Scissors Technique,Class 1,EH6 5HX,326894,675953,35 GREAT JUNCTION STREET
326890,675957,2670,public house,Tam O'Shanter,SUI GENERIS,EH6 5HX,326890,675957,39 GREAT JUNCTION STREET
326885,675963,2671,betting shop,Ladbrokes,Class 2,EH6 5HX,326885,675963,41-43 GREAT JUNCTION STREET
326881,675968,2672,vacant,vacant,Vacant,EH6 5HX,326881,675968,47 GREAT JUNCTION STREET
326877,675972,2673,chemist,Great Junction Street Pharmacy,Class 1,EH6 5HX,326877,675972,49 GREAT JUNCTION STREET
326864,675978,2674,Butcher,James Anderson,Class 1,EH6 5HX,326864,675978,51-53 GREAT JUNCTION STREET
326866,675984,2675,shoes & footwear,Timpson,Class 1,EH6 5HX,326866,675984,57 GREAT JUNCTION STREET
326863,675988,2676,take away food,Popeye's Sandwich Bar,Class 1,EH6 5HX,326863,675988,59 GREAT JUNCTION STREET
326860,675992,2677,take away food,Piemaker,Class 3,EH6 5HX,326860,675992,61 GREAT JUNCTION STREET
326857,675996,2678,beautician,Amoura,Class 1,EH6 5HX,326857,675996,63 GREAT JUNCTION STREET
326854,675999,2679,vacant,vacant,Vacant,EH6 5HX,326854,675999,67 GREAT JUNCTION STREET
326841,676015,2680,second-hand goods,Cash Generator,Class 1,EH6 5HZ,326841,676015,69-73 GREAT JUNCTION STREET
326836,676021,2681,clothing repairs,just sew,Class 1,EH6 5HZ,326836,676021,75 GREAT JUNCTION STREET
326832,676027,2682,clothing,In Style,Class 1,EH6 5HZ,326832,676027,79 GREAT JUNCTION STREET
326819,676040,2683,undertakers,McKenzie & Millar,Class 1,EH6 5HZ,326819,676040,83-89 GREAT JUNCTION STREET
326755,676112,2684,recording studio,Music Base,Class 4, ,326755,676112, 
326751,676116,2685,caf‚,Up The Junction,Class 3,EH6 5JB,326751,676116,127 GREAT JUNCTION STREET
326748,676121,2686,hair and beauty,Culture Lounge,Class 1,EH6 5JB,326748,676121,131 GREAT JUNCTION STREET
326744,676125,2687,hairdresser,Clash,Class 1,EH6 5JB,326744,676125,133 GREAT JUNCTION STREET
326740,676129,2688,post office,Post Office,Class 1,EH6 5JB,326740,676129,135 GREAT JUNCTION STREET
326737,676133,2689,hairdresser,Estate Hair Salon,Class 1,EH6 5JB,326737,676133,137 GREAT JUNCTION STREET
326733,676138,2690,bridal wear,Crystal Bows,Class 1, ,326733,676138, 
326716,676160,2691,vacant,vacant,Vacant,EH6 5LG,326716,676160,145 GREAT JUNCTION STREET
326710,676167,2692,funeral director,Barclays Funeral Director,Class 1,EH6 5LG,326710,676167,147-153 GREAT JUNCTION STREET
326701,676176,2693,hot food take-away,The Samuel,SUI GENERIS,EH6 5LG,326701,676176,155 GREAT JUNCTION STREET
326691,676189,2694,driving school,Driving Training Centre,Class 4,EH6 5LG,326691,676189,159 GREAT JUNCTION STREET
326687,676193,2695,dental surgery,G J Dental Practice,Class 2, ,326687,676193, 
326683,676197,2696,pets & pet supplies,A1 Pets,Class 1,EH6 5LG,326683,676197,165 GREAT JUNCTION STREET
326680,676202,2697,pets & pet supplies,A1 Pets,Class 1,EH6 5LG,326680,676202,167 GREAT JUNCTION STREET
326676,676207,2698,pet shop,Home Pets,Class 1, ,326676,676207, 
326670,676214,2699,vacant,vacant,Vacant,EH6 5LQ,326670,676214,177 GREAT JUNCTION STREET
326666,676219,2700,vacant,vacant,Vacant,EH6 5LQ,326666,676219,177B GREAT JUNCTION STREET
326663,676222,2701,e-cigarettes,Emporium Vapour,Class 1,EH6 5LQ,326663,676222,179-181 GREAT JUNCTION STREET
326660,676226,2702,hairdresser,Super 5,Class 1,EH6 5LQ,326660,676226,185 GREAT JUNCTION STREET
326658,676229,2703,hot food take away,African Flavour Lounge,SUI GENERIS,EH6 5LQ,326658,676229,187 GREAT JUNCTION STREET
326653,676235,2704,vacant,vacant,Vacant,EH6 5LQ,326653,676235,189 GREAT JUNCTION STREET
326649,676240,2705,hot food take-away,Sanar Gao,SUI GENERIS,EH6 5LQ,326649,676240,191 GREAT JUNCTION STREET
326646,676244,2706,hairdresser,The best little hair house,Class 1,EH6 5LQ,326646,676244,193 GREAT JUNCTION STREET
326644,676247,2707,barber,Daisy,Class 1,EH6 5LQ,326644,676247,197 GREAT JUNCTION STREET
326641,676251,2708,caf‚ / deli,La Cerise,Class 3,EH6 5LQ,326641,676251,199-201 GREAT JUNCTION STREET
326513,676433,2709,hairdresser,Austen Thomson Hair,Class 1,EH6 5LP,326513,676433,269 GREAT JUNCTION STREET
326945,675932,2710,vacant,vacant,Vacant,EH6 5LA,326945,675932,2 GREAT JUNCTION STREET
326937,675941,2711,Baker,Baynes,Class 1,EH6 5LA,326937,675941,6 GREAT JUNCTION STREET
326934,675945,2712,telephones / computers,Mac's Audio,Class 1,EH6 5LA,326934,675945,10 GREAT JUNCTION STREET
326930,675950,2713,travel agent,Frutin Travel,Class 1,EH6 5LA,326930,675950,12 GREAT JUNCTION STREET
326926,675954,2714,charity shop,Capability Scotland,Class 1,EH6 5LA,326926,675954,16 GREAT JUNCTION STREET
326921,675960,2715,clothing,Concept Clothing,Class 1,EH6 5LA,326921,675960,18 GREAT JUNCTION STREET
326918,675964,2716,optician,JP Optometrist,Class 1,EH6 5LA,326918,675964,20 GREAT JUNCTION STREET
326914,675968,2717,betting shop,Coral,Class 2,EH6 5LA,326914,675968,24-26 GREAT JUNCTION STREET
326909,675974,2718,pawn broker,Alternative Bond,Class 2,EH6 5LA,326909,675974,28 GREAT JUNCTION STREET
326906,675977,2719,household textiles,Textile Wise,Class 1,EH6 5LA,326906,675977,30 GREAT JUNCTION STREET
326904,675980,2720,fishmonger,Welsh Fishmonger,Class 1,EH6 5LA,326904,675980,34 GREAT JUNCTION STREET
326901,675983,2721,moneylender,Cheque Centre,Class 2,EH6 5LA,326901,675983,36 GREAT JUNCTION STREET
326894,675990,2722,vacant,vacant,Vacant,EH6 5LA,326894,675990,40 GREAT JUNCTION STREET
326891,675993,2723,butcher,George Bowman,Class 1,EH6 5LB,326891,675993,44 GREAT JUNCTION STREET
326888,675997,2724,jeweler,Mena Jewelry,Class 1,EH6 5LB,326888,675997,46 GREAT JUNCTION STREET
326884,676002,2725,hairdresser,Animus,Class 1,EH6 5LB,326884,676002,48 GREAT JUNCTION STREET
326882,676005,2726,jeweller,jeneil,Class 1,EH6 5LB,326882,676005,48A GREAT JUNCTION STREET
326861,676029,2727,laundry,Express Laundrie Service,Class 1,EH6 5LD,326861,676029,60 GREAT JUNCTION STREET
326858,676033,2728,clothing,Lookin' Trendy,Class 1,EH6 5LD,326858,676033,62 GREAT JUNCTION STREET
326852,676040,2729,caf‚,La Dolce Vita,Class 3,EH6 5LD,326852,676040,64-66 GREAT JUNCTION STREET
326848,676045,2730,barbers,barbers,Class 1,EH6 5LD,326848,676045,70 GREAT JUNCTION STREET
326726,676194,2731,supermarket,Tesco Express,Class 1,EH6 5LJ,326726,676194,110 GREAT JUNCTION STREET
326684,676240,2732,grocer,European East Store,Class 1,EH6 5LJ,326684,676240,162 GREAT JUNCTION STREET
326678,676246,2733,vacant,vacant,Vacant,EH6 5LJ,326678,676246,166 GREAT JUNCTION STREET
326673,676252,2734,vacant,vacant,Vacant,EH6 5LJ,326673,676252,168 GREAT JUNCTION STREET
326668,676259,2735,clothes shop,Mcdonald Sporans Limited,Class 1,EH6 5LJ,326668,676259,170B(GF) GREAT JUNCTION STREET
326657,676271,2736,bedroom furniture,Leith Bed Centre,Class 1,EH6 5LJ,326657,676271,174 GREAT JUNCTION STREET
326574,676377,2737,grocer (polish),Sklep Mini Kubus,Class 1,EH6 5LW,326574,676377,204 GREAT JUNCTION STREET
326572,676381,2738,hair extensions,Flicious,Class 1,EH6 5LW,326572,676381,206 GREAT JUNCTION STREET
326570,676385,2739,taxi office,Accolade City Cars,Class 4,EH6 5LW,326570,676385,208-210 GREAT JUNCTION STREET
326079,674378,2740,public house,Mood Entertainment Bar,SUI GENERIS,EH1 3AA,326079,674378,1 GREENSIDE PLACE
326090,674400,2741,public house,Caf‚ Habana,SUI GENERIS,EH1 3AA,326090,674400,22 GREENSIDE PLACE
326101,674419,2742,public house,C.C. Blooms Bar & Diner,SUI GENERIS,EH1 3AA,326101,674419,23-24 GREENSIDE PLACE
326108,674429,2743,public house,Theatre Royal Bar,SUI GENERIS,EH1 3AA,326108,674429,24A-27 GREENSIDE PLACE
325694,673271,2744,artists supplies,Greyfriars Art Shop,Class 1,EH1 2QQ,325694,673271,1 GREYFRIARS PLACE
325696,673266,2745,"jewellery, gifts",Joe,Class 1,EH1 2QQ,325696,673266,3 GREYFRIARS PLACE
325700,673260,2746,sandwich bar,Bobby's Sandwich Bar,Class 1,EH1 2QQ,325700,673260,4 GREYFRIARS PLACE
324966,673269,2747,compact discs and music books,McAlister Matheson Music,Class 1,EH3 9AT,324966,673269,1 GRINDLAY STREET
324960,673271,2748,vacant,vacant,Vacant,EH3 9AT,324960,673271,5 GRINDLAY STREET
324884,673324,2749,caf‚,ROYAL LYCEUM THEATRE COMPANY LTD,Class 3,EH3 9AX,324884,673324,(17A) GRINDLAY STREET
324930,673254,2750,restaurant (sushi),Kanpai,Class 3,EH3 9AS,324930,673254,8-10 GRINDLAY STREET
324877,673278,2751,patisserie,Mademoiselle Macaroon,Class 1,EH3 9AP,324877,673278,22 GRINDLAY STREET
324873,673280,2752,travel agent,Sto,Class 1,EH3 9AP,324873,673280,24 GRINDLAY STREET
324868,673282,2753,vacant,vacant,Vacant,EH3 9AP,324868,673282,28 GRINDLAY STREET
324863,673284,2754,restaurant (chinese),Jimmy Chung's Chinese Buffet,Class 3,EH3 9AP,324863,673284,30 GRINDLAY STREET
324856,673287,2755,restaurant (Chinese),Jasmine Chinese Restaurant,Class 3,EH3 9AP,324856,673287,32-34 GRINDLAY STREET
324845,673293,2756,night club,Citrus Club,SUI GENERIS,EH3 9AP,324845,673293,40-42 GRINDLAY STREET
324835,673298,2757,restaurant (Thai),Spirit of Thai,Class 3,EH3 9AP,324835,673298,44 GRINDLAY STREET
322028,675540,2758,betting shop,William Hill,Class 2,EH4 2SW,322028,675540,"4-4A GROATHILL ROAD, NORTH"
322031,675533,2759,hot food take-away,Groathill Fish Bar,SUI GENERIS,EH4 2SW,322031,675533,"6 GROATHILL ROAD, NORTH"
322032,675528,2760,hairdresser,Jage,Class 1,EH4 2SW,322032,675528,"8 GROATHILL ROAD, NORTH"
322034,675523,2761,hot food take-away (Chinese),New Lucky Home,SUI GENERIS,EH4 2SW,322034,675523,"8A GROATHILL ROAD, NORTH"
322035,675519,2762,baker,Home Bakery,Class 1,EH4 2SW,322035,675519,"10 GROATHILL ROAD, NORTH"
322036,675513,2763,n/t/c & grocer (lic.),Capital News,Class 1,EH4 2SW,322036,675513,"10A-12 GROATHILL ROAD, NORTH"
324119,673288,2764,restaurant,Omar Khayyam Tandoori,Class 3,EH12 5ED,324119,673288,1(GF)-3 GROSVENOR STREET
324111,673303,2765,Kilt Makers,MacPhersons of Edinburgh,Class 1,EH12 5ED,324111,673303,5A GROSVENOR STREET
324088,673266,2766,cafe,Le Petit Repas,Class 3,EH12 5EG,324088,673266,2 GROSVENOR STREET
324361,673202,2767,restaurant,VIETNAM HOUSE,Class 3,EH3 8AF,324361,673202,1-3 GROVE STREET
324357,673203,2768,beauty salon,Escape Skin Care & Body Therapies,Class 1,EH3 8AF,324357,673203,7-9 GROVE STREET
324359,673198,2769,residential letting agency,Fineholm,Class 2, ,324359,673198, 
324361,673191,2770,residential letting agency,Fineholm,Class 2, ,324361,673191, 
324365,673186,2771,new age products,Little Star Gems,Class 1,EH3 8AF,324365,673186,17 GROVE STREET
324387,673120,2772,schoolwear,Clan House,Class 1,EH3 8AF,324387,673120,45 GROVE STREET
324444,672962,2773,caf‚,Fountain Caf‚,Class 3,EH3 8AB,324444,672962,111 GROVE STREET
324449,672940,2774,children's clothing - school outfitters,Clan House of Edinburgh Ltd.,Class 1, ,324449,672940, 
324392,673035,2775,pet grooming,Glamour Pooch,Class 2,EH3 8AZ,324392,673035,36A GROVE STREET
324422,672952,2776,hairdresser (gents),Benny's,Class 1,EH3 8AT,324422,672952,54 GROVE STREET
324424,672947,2777,furniture restorer,Siller & Donaldson,Class 1,EH3 8AT,324424,672947,58 GROVE STREET
324430,672930,2778,vacant,vacant,Vacant,EH3 8AP,324430,672930,64 GROVE STREET
324453,672872,2779,rubber stamps,Stampers Grove,Class 1,EH3 8AP,324453,672872,92 GROVE STREET
325872,673436,2780,swap & re-use shop,Shrub,Class 1,EH1 1JG,325872,673436,13 GUTHRIE STREET
325878,673437,2781,re-cycled computers,Remade,Class 1,EH1 1JG,325878,673437,17 GUTHRIE STREET
325918,673449,2782,charity,Link Net Mentoring / Edinburgh University Settlement,Class 4,EH1 1JG,325918,673449,31 GUTHRIE STREET
325924,673450,2783,business centre,Business Centre,Class 2,EH1 1JG,325924,673450,35 GUTHRIE STREET
317964,672521,2784,chemist,Boots,Class 1,EH12 9JT,317964,672521,37-38 GYLE AVENUE
318003,672471,2785,mobile phones,Vodaphone,Class 1,EH12 9JU,318003,672471,45-46 GYLE AVENUE
318014,672439,2786,restaurant,Frankie & Benny's,Class 3,EH12 9JX,318014,672439,(C) GYLE AVENUE
318042,672505,2787,pictures/ art,All Art Direct,Class 1, ,318042,672505, 
318082,672489,2788,blinds,Shade Blinds,Class 1, ,318082,672489, 
318058,672499,2789,digital TV service,Sky TV,Class 1,EH12 8NG,318058,672499,(STANCE-SKY) GYLE AVENUE
318088,672487,2790,nail bar,Cute Nail Bar,Class 1,EH12 8NG,318088,672487,(STANCE-TEN) GYLE AVENUE
318027,672511,2791,mobile phone / ipod accessories,Fone Active,Class 1,EH12 8NG,318027,672511,(RMU2) GYLE AVENUE
317938,672544,2792,ice cream,Cadonis Ice Cream,Class 1,EH12 8NG,317938,672544,(STANCE-PERSO) GYLE AVENUE
317965,672533,2793,granite worktop,Granite Transformation,Class 1, ,317965,672533, 
317994,672524,2794,sandwiches,Baguette Express,Class 1,EH12 8NG,317994,672524,(LIFT-KIOSK1) GYLE AVENUE
318006,672532,2795,Fruit juice bar,Zumo,Class 1,EH12 8NG,318006,672532,(LIFT-KIOSK2) GYLE AVENUE
318006,672514,2796,coffee & cookies,Millies Cookies,Class 3,EH12 8NG,318006,672514,(LIFT-KIOSK3) GYLE AVENUE
318011,672456,2797,ATM site,TSB,Class 2,EH12 9JR,318011,672456,1 GYLE AVENUE
318006,672467,2798,barber,Gyle Barbers,Class 1,EH12 9JR,318006,672467,2 GYLE AVENUE
318002,672476,2799,vacant,vacant,Vacant,EH12 9JR,318002,672476,3 GYLE AVENUE
318006,672483,2800,coffee shop,Costa Coffee,Class 3,EH12 9JR,318006,672483,4 GYLE AVENUE
318008,672490,2801,jeweller,Robert Anthony,Class 1,EH12 9JR,318008,672490,(4A) GYLE AVENUE
318011,672499,2802,jeweller,Beaverbrooks,Class 1,EH12 9JR,318011,672499,5 GYLE AVENUE
318020,672496,2803,greeting cards,Card Factory,Class 1,EH12 9JR,318020,672496,6 GYLE AVENUE
318030,672493,2804,mobile phones,EE,Class 1,EH12 9JR,318030,672493,7 GYLE AVENUE
318040,672490,2805,ladies clothing,Yankee Candle,Class 1,EH12 9JR,318040,672490,8 GYLE AVENUE
318048,672486,2806,vacant,vacant,Vacant,EH12 9JR,318048,672486,9 GYLE AVENUE
318056,672483,2807,vaqcant,vacant,Vacant,EH12 9JR,318056,672483,10 GYLE AVENUE
318064,672480,2808,ladies clothing,Wallis,Class 1,EH12 9JR,318064,672480,11 GYLE AVENUE
318070,672478,2809,"ladies, mens, children's clothing",Trespass,Class 1,EH12 9JR,318070,672478,12 GYLE AVENUE
318078,672475,2810,greeting cards,Clintons,Class 1,EH12 9JR,318078,672475,13 GYLE AVENUE
318085,672472,2811,vacant,vacant,Vacant,EH12 9JR,318085,672472,14 GYLE AVENUE
318091,672470,2812,vacant,vacant,Vacant,EH12 9JR,318091,672470,15 GYLE AVENUE
318098,672461,2813,travel agent,Barrhead Travel,Class 2,EH12 9JR,318098,672461,17 GYLE AVENUE
318101,672457,2814,vacant,vacant,Vacant,EH12 9JR,318101,672457,18 GYLE AVENUE
318103,672451,2815,broadband services,Virgin Media,Class 4,EH12 9JR,318103,672451,19 GYLE AVENUE
318106,672443,2816,caf‚ / coffee shop,Starbucks,Class 3,EH12 9JR,318106,672443,20 GYLE AVENUE
318167,672470,2817,department store (incl. food hall),Marks & Spencer,Class 1,EH12 9JS,318167,672470,21 GYLE AVENUE
318117,672482,2818,perfumes & fragrances,The Perfume Shop,Class 1,EH12 9JT,318117,672482,22 GYLE AVENUE
318112,672490,2819,children's clothing,Monsoon Children,Class 1,EH12 9JT,318112,672490,23 GYLE AVENUE
318107,672497,2820,mobile phones,Carphone Warehouse,Class 1,EH12 9JT,318107,672497,24 GYLE AVENUE
318098,672502,2821,shoes & footwear,Clarks,Class 1,EH12 9JT,318098,672502,25 GYLE AVENUE
318090,672505,2822,footwear,Schuh,Class 1,EH12 9JT,318090,672505,26 GYLE AVENUE
318080,672508,2823,ladies & mens clothing,River Island,Class 1,EH12 9JT,318080,672508,27 GYLE AVENUE
318069,672511,2824,ladies & mens clothing +,Monsoon  Accessorise,Class 1,EH12 9JT,318069,672511,28 GYLE AVENUE
318058,672515,2825,ladies & mens clothing,Dorothy Perkins / Burton Menswear,Class 1,EH12 9JT,318058,672515,29 GYLE AVENUE
318049,672519,2826,ladies  - accessories,Claires Accessories,Class 1,EH12 9JT,318049,672519,30 GYLE AVENUE
318039,672522,2827,confectionery,Thorntons,Class 1,EH12 9JT,318039,672522,31 GYLE AVENUE
318031,672525,2828,toiletries & cosmetics,The Body Shop,Class 1,EH12 9JT,318031,672525,32 GYLE AVENUE
318022,672529,2829,"stationery, music, newspapers",W.H. Smith,Class 1,EH12 9JT,318022,672529,33 GYLE AVENUE
318019,672538,2830,ladies & mens clothing,Next,Class 1,EH12 9JT,318019,672538,34-35 GYLE AVENUE
318005,672546,2831,chemist,Holland & Barrett,Class 1,EH12 9JT,318005,672546,36 GYLE AVENUE
317996,672542,2832,mixed durable goods,Boots,Class 1, ,317996,672542, 
317974,672545,2833,mobile phones,3 Store,Class 1,EH12 9JT,317974,672545,39 GYLE AVENUE
317964,672548,2834,travel agent,Thomas Cook,Class 1,EH12 9JT,317964,672548,40 GYLE AVENUE
317953,672553,2835,chemist,Superdrug,Class 1,EH12 9JT,317953,672553,41 GYLE AVENUE
317944,672556,2836,ladies & childrens clothing,M & Co,Class 1,EH12 9JT,317944,672556,42A GYLE AVENUE
317938,672558,2837,books,W.H. Smith,Class 1,EH12 9JT,317938,672558,42B GYLE AVENUE
317931,672561,2838,ladies clothing,New Look,Class 1,EH12 9JT,317931,672561,43 GYLE AVENUE
317924,672563,2839,bureaux-de-change,Eurochange,Class 2,EH12 9JT,317924,672563,44 GYLE AVENUE
317919,672566,2840,mobile phones,Vodaphone,Class 1, ,317919,672566, 
317911,672569,2841,mobile phones,Vodafone,Class 1, ,317911,672569, 
317862,672584,2842,supermarket - large,Morrisons,Class 1,EH12 9JU,317862,672584,47 GYLE AVENUE
317866,672583,2843,take-away food,Subway,SUI GENERIS,EH12 9JU,317866,672583,47(A) GYLE AVENUE
317902,672542,2844,ladies & mens clothing,GAP,Class 1,EH12 9JU,317902,672542,53 GYLE AVENUE
317917,672537,2845,novelty goods and toys,The Disney Store,Class 1,EH12 9JU,317917,672537,54-55 GYLE AVENUE
317926,672534,2846,vacant,vacant,Vacant,EH12 9JU,317926,672534,56 GYLE AVENUE
317934,672530,2847,vacant,vacant,Vacant,EH12 9JU,317934,672530,57 GYLE AVENUE
317942,672528,2848,vacant,vacant,Vacant,EH12 9JU,317942,672528,58 GYLE AVENUE
317950,672524,2849,vacant,vacant,Vacant,EH12 9JU,317950,672524,59 GYLE AVENUE
317959,672520,2850,jeweller,Ernest Jones,Class 1,EH12 9JU,317959,672520,60 GYLE AVENUE
317967,672516,2851,vacant,vacant,Vacant,EH12 9JU,317967,672516,61 GYLE AVENUE
317975,672513,2852,travel agent,Thomson,Class 1,EH12 9JU,317975,672513,62 GYLE AVENUE
317982,672510,2853,mobile phones,O2,Class 1,EH12 9JU,317982,672510,63 GYLE AVENUE
317989,672507,2854,jewellers,Chisholm Hunter,Class 1,EH12 9JT,317989,672507,64 GYLE AVENUE
317986,672498,2855,optician,Optical Express,Class 1,EH12 9JT,317986,672498,65 GYLE AVENUE
317983,672490,2856,bank,Bank of Scotland / HBOS,Class 2,EH12 9JT,317983,672490,66 GYLE AVENUE
317971,672482,2857,optician,Specsavers,Class 1,EH12 9JT,317971,672482,68 GYLE AVENUE
317999,672535,2858,take-away food,Metropole,Class 1,EH12 9JX,317999,672535,101 GYLE AVENUE
317997,672529,2859,take-away food,Spud-u-Like,Class 1,EH12 9JX,317997,672529,102 GYLE AVENUE
317992,672519,2860,take-away food (Chinese),McChens,Class 1,EH12 9JX,317992,672519,103 GYLE AVENUE
318009,672519,2861,take-away food (sandwiches),O'Briens,Class 1,EH12 9JX,318009,672519,104 GYLE AVENUE
318011,672524,2862,take-away food (pizzas),Pizza Hut Express,Class 1,EH12 9JX,318011,672524,105 GYLE AVENUE
317988,672518,2863,take-away food,Burger King,Class 3,EH12 9JX,317988,672518,105(A) GYLE AVENUE
318022,672274,2864,petrol filling station & shop,Morrisons,Class 1,EH12 9LR,318022,672274,300 GYLE AVENUE
319302,672881,2865,restaurant & hot food take-away,McDonalds,Class 3,EH12 7UF,319302,672881,2B GYLEMUIR ROAD
319228,672835,2866,pets & pet supplies,Pets at Home,Class 1,EH12 7UF,319228,672835,4 GYLEMUIR ROAD
319235,672811,2867,Charity Shop,Cancer Research,Class 1,EH12 7UF,319235,672811,(4A) GYLEMUIR ROAD
326182,674658,2868,hi-fi equipment,Hi Fi Corner,Class 1,EH7 4AE,326182,674658,1 HADDINGTON PLACE
326185,674663,2869,equalities organisation,Engender,Class 2,EH7 4AE,326185,674663,1A HADDINGTON PLACE
326188,674667,2870,hairdresser,Victoria Barbers,Class 1,EH7 4AE,326188,674667,3 HADDINGTON PLACE
326191,674670,2871,second-hand books,McNaughtons Bookshop,Class 1,EH7 4AE,326191,674670,3A-4A HADDINGTON PLACE
326205,674688,2872,Beauty salon,Zest,Class 1,EH7 4AE,326205,674688,8 HADDINGTON PLACE
326235,674736,2873,vacant,vacant,Vacant,EH7 4AF,326235,674736,17A HADDINGTON PLACE
326254,674753,2874,travel agent,Crystal Air Travel,Class 1,EH7 4AF,326254,674753,18 HADDINGTON PLACE
326259,674759,2875,art shop,Nordic Affair,Class 1,EH7 4AF,326259,674759,19 HADDINGTON PLACE
326260,674761,2876,hairdresser,Emma Hall,Class 1,EH7 4AF,326260,674761,19A HADDINGTON PLACE
326262,674763,2877,beautician,Ivy,Class 1,EH7 4AF,326262,674763,21A HADDINGTON PLACE
326263,674765,2878,Highland wear,McCalls,Class 1,EH7 4AF,326263,674765,21-22A HADDINGTON PLACE
326268,674771,2879,solicitors & estate agents,Doyle & Co.,Class 2,EH7 4AF,326268,674771,24 HADDINGTON PLACE
326272,674775,2880,pregnancy counciling,Lifeline,Class 2,EH7 4AF,326272,674775,24A HADDINGTON PLACE
326275,674779,2881,dental products,All Dental Products,Class 2,EH7 4AF,326275,674779,26A HADDINGTON PLACE
326278,674784,2882,cafe,Meanwhile Cafe,Class 3,EH7 4AF,326278,674784,26-27 HADDINGTON PLACE
326282,674788,2883,furniture,Urbane Furniture,Class 1,EH7 4AF,326282,674788,28 HADDINGTON PLACE
326283,674790,2884,hi-fi equipment,Retro Reproduction,Class 1,EH7 4AF,326283,674790,28A HADDINGTON PLACE
326285,674792,2885,caf‚,Embo,Class 3,EH7 4AG,326285,674792,29 HADDINGTON PLACE
326288,674797,2886,advice / counselling service,North East Edinburgh Counselling Service,Class 2,EH7 4AG,326288,674797,31 HADDINGTON PLACE
326290,674799,2887,dental surgery,Family Dental Practice,Class 2, ,326290,674799, 
326293,674804,2888,charity shop,The Bethany Shop,Class 1,EH7 4AG,326293,674804,32B HADDINGTON PLACE
326307,674816,2889,furniture,Homemax,Class 1,EH7 4AG,326307,674816,33B HADDINGTON PLACE
326313,674824,2890,Charity shop (furniture),Settlement Projects,Class 1,EH7 4AG,326313,674824,34A HADDINGTON PLACE
320257,670241,2891,vacant,vacant,Vacant,EH14 2QH,320257,670241,5A HAILESLAND GROVE
320010,672704,2892,Hair & Beauty Salon,Unique To You,Class 1,EH12 7HF,320010,672704,"1 HALL TERRACE, ( SAUGHTON ROAD, NORTH )"
327041,675559,2893,baker,The White Bird,Class 1,EH6 8QA,327041,675559,11 HALMYRE STREET
327020,675571,2894,grocer (lic.) & n/t/c,R.A. Foodstores (Lifestyle),Class 1,EH6 8PZ,327020,675571,10 HALMYRE STREET
324748,674733,2895,beauty salon,Lisa V,Class 1,EH3 5BA,324748,674733,25 HAMILTON PLACE
324751,674735,2896,hairdresser,Reiss Hair,Class 1,EH3 5BA,324751,674735,27 HAMILTON PLACE
324754,674744,2897,beauty salon,Gorgeous,Class 1,EH3 5BA,324754,674744,29 HAMILTON PLACE
324754,674744,2898,cafe,GORGEOUS THERAPIES LTD,Class 3,EH3 5BA,324754,674744,33-35 HAMILTON PLACE
324660,674546,2899,design and marketing consultancy,Melville & Young,Class 4,EH3 5AU,324660,674546,6 HAMILTON PLACE
324663,674552,2900,childrenswear,Treehouse,Class 1,EH3 5AU,324663,674552,10-12 HAMILTON PLACE
324667,674560,2901,public house & restaurant,Hamilton's Bar and Kitchen,SUI GENERIS,EH3 5AU,324667,674560,16-18 HAMILTON PLACE
324681,674585,2902,vacant,vacant,Vacant,EH3 5AU,324681,674585,26 HAMILTON PLACE
324703,674618,2903,caf‚,Skylark Caf‚,Class 3,EH3 5AX,324703,674618,40 HAMILTON PLACE
324700,674619,2904,disability / frailty aids & special equipment,The Whistling Tortoise,Class 2,EH3 5AX,324700,674619,42A HAMILTON PLACE
324705,674627,2905,charity shop,The Bethany Shop,Class 1,EH3 5AX,324705,674627,46 HAMILTON PLACE
324708,674632,2906,bicycles,Alpine Bikes,Class 1,EH3 5AX,324708,674632,48 HAMILTON PLACE
324712,674640,2907,art gallery & caf‚,Alpha Art,Class 1,EH3 5AX,324712,674640,52 HAMILTON PLACE
324723,674658,2908,supermarket,Scotmid Co-operative,Class 1,EH3 5AZ,324723,674658,56-60 HAMILTON PLACE
324730,674670,2909,financial services,Capital Credit Union,Class 2,EH3 5AZ,324730,674670,62 HAMILTON PLACE
324734,674676,2910,bicycle shop & cafe,Ronde,Class 1,EH3 5AZ,324734,674676,66-68 HAMILTON PLACE
325392,673899,2911,coffee shop,Costa Coffee,Class 3,EH2 2DL,325392,673899,1-3 HANOVER STREET
325390,673910,2912,footwear,Camper,Class 1,EH2 2DL,325390,673910,3-5 HANOVER STREET
325388,673916,2913,restaurant (Italian),Bella Italia,Class 3,EH2 2DL,325388,673916,7-11(BF) HANOVER STREET
325387,673919,2914,restaurant (Italian),Bella Italia,Class 3,EH2 2DL,325387,673919,9-11 HANOVER STREET
325386,673927,2915,ladies clothing,Miss Selfridge,Class 1,EH2 2DL,325386,673927,15(GF90)-19 HANOVER STREET
325383,673937,2916,n/t/c,McColls,Class 1,EH2 2DL,325383,673937,23 HANOVER STREET
325382,673941,2917,travel information & ticket office (local buses),Lothian Buses,Class 1,EH2 2DL,325382,673941,27 HANOVER STREET
325379,673950,2918,bank,Santander,Class 2,EH2 2DL,325379,673950,31-33 HANOVER STREET
325374,673967,2919,public house,Milnes Bar,SUI GENERIS,EH2 2PJ,325374,673967,35 HANOVER STREET
325373,673971,2920,cupcakes,Bibi's,Class 1,EH2 2PJ,325373,673971,37 HANOVER STREET
325370,673982,2921,sandwich shop,Subway,Class 1,EH2 2PJ,325370,673982,43 HANOVER STREET
325369,673985,2922,ladies clothing,Oliver Bonas,Class 1,EH2 2PJ,325369,673985,45A HANOVER STREET
325368,673989,2923,night club,El Barrio,SUI GENERIS,EH2 2PJ,325368,673989,47 HANOVER STREET
325367,673992,2924,clothing,Pretty Green,Class 1,EH2 2PJ,325367,673992,49 HANOVER STREET
325366,673996,2925,caf‚ & take-away food,Pret a Manger,Class 3,EH2 2PJ,325366,673996,51 HANOVER STREET
325360,674021,2926,homeware,Lakeland Limited,Class 1,EH2 2PJ,325360,674021,55 HANOVER STREET
325343,674090,2927,restaurant,Yeni,Class 3,EH2 1EE,325343,674090,73 HANOVER STREET
325341,674098,2928,restaurant (Italian),Bar Napoli,Class 3,EH2 1EE,325341,674098,75-85 HANOVER STREET
325340,674102,2929,caf‚ / bar,Grand Cru,Class 3, ,325340,674102, 
325338,674106,2930,restaurant,La Lanterna,Class 3,EH2 1EE,325338,674106,83 HANOVER STREET
325337,674111,2931,restaurant (Mexican),ChaChaLaca,Class 3,EH2 1EE,325337,674111,87 HANOVER STREET
325336,674115,2932,restaurant (Sushi),Yes Sushi,Class 3,EH2 1EE,325336,674115,89 HANOVER STREET
325327,674139,2933,restaurant (Mexican),Garibaldi's,Class 3,EH2 1DJ,325327,674139,97(BF) HANOVER STREET
325325,674144,2934,vacant,vacant,Vacant,EH2 1DJ,325325,674144,97(GF) HANOVER STREET
325324,674149,2935,public house & bistro,99 Hanover Street,SUI GENERIS,EH2 1DJ,325324,674149,99 HANOVER STREET
325324,674155,2936,sandwich bar,Papii,Class 1,EH2 1DJ,325324,674155,101 HANOVER STREET
325322,674158,2937,caf‚,Tani Modi,Class 3,EH2 1DJ,325322,674158,103 HANOVER STREET
325322,674162,2938,IT support,Samsung Support Centre,Class 2,EH2 1DJ,325322,674162,107 HANOVER STREET
325321,674165,2939,restaurant,Chez Jules,Class 3,EH2 1DJ,325321,674165,109 HANOVER STREET
325318,674172,2940,hairdresser,ishi hair,Class 1,EH2 1DJ,325318,674172,113 HANOVER STREET
325316,674180,2941,restaurant & sandwich shop,Urban Angel,Class 3,EH2 1DJ,325316,674180,121 HANOVER STREET
325315,674184,2942,"clothing alterations, tailoring",City Alterations,Class 1,EH2 1DJ,325315,674184,123 HANOVER STREET
325359,673899,2943,toiletries & cosmetics,Crabtree & Evelyn,Class 1,EH2 2EN,325359,673899,4(GF) HANOVER STREET
325356,673909,2944,sports clothing & equipment,JD Sports,Class 1,EH2 2EN,325356,673909,14 HANOVER STREET
325354,673915,2945,"cable TV, Broadband, mobile phone",Virgin media,Class 1,EH2 2EN,325354,673915,16 HANOVER STREET
325352,673924,2946,bank,Clydesdale Bank,Class 2,EH2 2EN,325352,673924,20 HANOVER STREET
325347,673943,2947,hearing aids,Hidden Hearing,Class 1,EH2 2EN,325347,673943,24 HANOVER STREET
325341,673964,2948,bank,Lloyds TSB Scotland,Class 2,EH2 2DS,325341,673964,28-30 HANOVER STREET
325338,673976,2949,restaurant,Pizza Hut,Class 3,EH2 2DR,325338,673976,34-36 HANOVER STREET
325335,673986,2950,mexican caf‚,Taco Mazema,Class 3,EH2 2DR,325335,673986,38 HANOVER STREET
325334,673988,2951,health foods,Hanover Health Foods,Class 1,EH2 2DR,325334,673988,40 HANOVER STREET
325334,673990,2952,building society,Yorkshire Building Society,Class 2,EH2 2DY,325334,673990,46 HANOVER STREET
325332,673997,2953,travel agent,Thomas Cook,Class 1,EH2 2DX,325332,673997,50-52 HANOVER STREET
325328,674010,2954,greeting cards,Bonkers,Class 1,EH2 2DX,325328,674010,54 HANOVER STREET
325305,674083,2955,bank,HSBC Bank,Class 2,EH2 1EL,325305,674083,76-78 HANOVER STREET
325301,674100,2956,beuty salon,Zen,Class 1,EH2 1EL,325301,674100,88 HANOVER STREET
325300,674105,2957,restaurant,La Rusticana,Class 3,EH2 1EL,325300,674105,90 HANOVER STREET
325296,674120,2958,delicatessen,Hendersons,Class 1,EH2 1DR,325296,674120,92 HANOVER STREET
325295,674123,2959,restaurant & wine bar,Hendersons,Class 3,EH2 1DR,325295,674123,94 HANOVER STREET
325294,674126,2960,vacant,vacant,Vacant,EH2 1DR,325294,674126,96 HANOVER STREET
325293,674132,2961,vacant,vacant,Vacant,EH2 1DR,325293,674132,100 HANOVER STREET
325292,674136,2962,"natural remedies, toiletries & cosmetics",Neal's Yard Remedies,Class 1,EH2 1DR,325292,674136,102 HANOVER STREET
325290,674143,2963,restaurant,Soba,Class 3,EH2 1DR,325290,674143,104 HANOVER STREET
325288,674151,2964,restaurant,The Dogs,SUI GENERIS,EH2 1DR,325288,674151,110 HANOVER STREET
325287,674154,2965,public house,Jekyll & Hyde,SUI GENERIS,EH2 1DR,325287,674154,112 HANOVER STREET
323311,671810,2966,estate agents,Blair Caddell,Class 2,EH11 1SJ,323311,671810,1 HARRISON GARDENS
323317,671818,2967,domestic appliance servicing,J. & G. Hannah,Class 1,EH11 1SJ,323317,671818,5 HARRISON GARDENS
323330,671839,2968,architects,Allan Murray Architects,Class 4,EH11 1SJ,323330,671839,9 HARRISON GARDENS
325923,674591,2969,sauna,New Town Sauna,Class 11,EH1 3RN,325923,674591,17(BF) HART STREET
313675,678379,2970,hot food take-away,no name on fascia,SUI GENERIS,EH30 9TB,313675,678379,(H) HAWES PIER
325959,676897,2971,vacant,vacant,Vacant,EH6 4JQ,325959,676897,11 HAWTHORNVALE
329956,671844,2972,grocer & post office,Convenience Store and Post Office,Class 1,EH16 4AQ,329956,671844,6 HAY AVENUE
324069,673201,2973,public house,Ryries Bar,SUI GENERIS,EH12 5EY,324069,673201,1 HAYMARKET
324052,673190,2974,cafe,Starbucks,Class 3,EH12 5EY,324052,673190,1A HAYMARKET
323962,673121,2975,take-away food,Pumpkin,Class 1,EH12 5EY,323962,673121,(4) HAYMARKET
324036,673180,2976,Coffee Shop,AMT Coffee,Class 3, ,324036,673180, 
323974,673140,2977,grocer,M&S Simply Food,Class 1,EH12 5EY,323974,673140,(3) HAYMARKET
323820,673203,2978,solicitors & estate agents,Purdie & Co.,Class 2,EH12 5HD,323820,673203,69 HAYMARKET TERRACE
323815,673203,2979,beautician,Zest Skin Spa,Class 1,EH12 5HD,323815,673203,71 HAYMARKET TERRACE
323810,673204,2980,dry cleaner,De-Luxe Dry Cleaners,Class 1,EH12 5HD,323810,673204,75 HAYMARKET TERRACE
323802,673204,2981,storage for adjacent shop,Drummonds,Class 4,EH12 5HD,323802,673204,77 HAYMARKET TERRACE
323797,673204,2982,knitting wool,Drummonds,Class 1,EH12 5HD,323797,673204,79-81 HAYMARKET TERRACE
323793,673204,2983,Vacant,Vacant,Vacant,EH12 5HD,323793,673204,85 HAYMARKET TERRACE
323789,673204,2984,take-away food,Lezzetti,Class 1,EH12 5HD,323789,673204,87 HAYMARKET TERRACE
323944,673227,2985,sportswear,Under Armour,Class 1,EH12 5JZ,323944,673227,2 HAYMARKET TERRACE
323939,673227,2986,sports clothing,First XV,Class 1,EH12 5JZ,323939,673227,6-8 HAYMARKET TERRACE
323930,673227,2987,painters & decorators,Milne & Barclay / TWS Painting Contractor,Class 4,EH12 5JZ,323930,673227,10-14 HAYMARKET TERRACE
323921,673227,2988,hot food take-away,Zea,SUI GENERIS,EH12 5JZ,323921,673227,16 HAYMARKET TERRACE
323916,673227,2989,golf equipment & clothing,Golfing Lady,Class 1,EH12 5JZ,323916,673227,18 HAYMARKET TERRACE
323911,673228,2990,bagpipes,Bagpipes Galore,Class 1,EH12 5JZ,323911,673228,20 HAYMARKET TERRACE
323907,673228,2991,sandwich shop,Sandwich Culture,Class 1,EH12 5JZ,323907,673228,24 HAYMARKET TERRACE
323903,673228,2992,hairdresser,Caroline Murray,Class 1,EH12 5JZ,323903,673228,26 HAYMARKET TERRACE
323899,673228,2993,cafe and art gallery,Viet Nam House,Class 3,EH12 5JZ,323899,673228,28 HAYMARKET TERRACE
323894,673228,2994,gift shop,Pippin,Class 1,EH12 5JZ,323894,673228,30 HAYMARKET TERRACE
323885,673228,2995,beautician,Conetta and Co,Class 1,EH12 5JZ,323885,673228,32 HAYMARKET TERRACE
323880,673228,2996,bike hire and sales,The Bike Smith,Class 1,EH12 5JZ,323880,673228,36 HAYMARKET TERRACE
323875,673228,2997,grocer,Scotmid Co-operative,Class 1,EH12 5JZ,323875,673228,38 HAYMARKET TERRACE
323870,673229,2998,employment agency,Premier Connections,Class 4,EH12 5JZ,323870,673229,40 HAYMARKET TERRACE
323866,673229,2999,car rental,Dollar / Thrifty,SUI GENERIS,EH12 5LA,323866,673229,42(02) HAYMARKET TERRACE
323859,673229,3000,restaurant (Chinese),Szechuan Kitchen,Class 3,EH12 5LA,323859,673229,46 HAYMARKET TERRACE
323856,673230,3001,florist,Fleurs De Fleur,Class 1,EH12 5LA,323856,673230,46A HAYMARKET TERRACE
323852,673230,3002,tattoo parlour,Klkwrk Studio,Class 1,EH12 5LA,323852,673230,48 HAYMARKET TERRACE
323848,673229,3003,cake shop,Designer Cake Boutique,Class 1,EH12 5LA,323848,673229,50 HAYMARKET TERRACE
323840,673230,3004,Highland dress sale & hire,The Kilt Hire Company,Class 1,EH12 5LA,323840,673230,54-56 HAYMARKET TERRACE
323829,673231,3005,Chinese teas & herbs,Kung Fu Tea,Class 1,EH12 5LA,323829,673231,58 HAYMARKET TERRACE
323824,673231,3006,cafe and bakers,Jacob,Class 3,EH12 5LA,323824,673231,62 HAYMARKET TERRACE
323792,673233,3007,hairdresser,Caldow Salon,Class 1,EH12 5LA,323792,673233,64 HAYMARKET TERRACE
323788,673233,3008,caf‚,Cucina,Class 3,EH12 5LQ,323788,673233,68 HAYMARKET TERRACE
323783,673234,3009,vacant,vacant,Vacant,EH12 5LQ,323783,673234,70 HAYMARKET TERRACE
323776,673234,3010,sports nutrition,Sports Nutrition,Class 1,EH12 5LQ,323776,673234,72 HAYMARKET TERRACE
323769,673238,3011,Supermarket,Tesco Express,Class 1,EH12 5LQ,323769,673238,76-82 HAYMARKET TERRACE
323748,673236,3012,solicitors & estate agents,Grange,Class 2,EH12 5LQ,323748,673236,86 HAYMARKET TERRACE
323740,673236,3013,vacant,Vacant,Vacant,EH12 5LQ,323740,673236,88 HAYMARKET TERRACE
326879,676265,3014,hot food take-away,Roma Takeaway,SUI GENERIS,EH6 6BX,326879,676265,27-28 HENDERSON GARDENS
325083,674808,3015,fish & chips takeaway,L'ALBA D'ORO LTD,SUI GENERIS,EH3 5DH,325083,674808,5-11 HENDERSON ROW
325080,674808,3016,barber,Knight Barber Shop,Class 1,EH3 5DH,325080,674808,15 HENDERSON ROW
325076,674807,3017,cakes,Licks Cake Design,Class 1,EH3 5DH,325076,674807,17 HENDERSON ROW
325070,674805,3018,hairdresser,Bamboo Boutique,Class 1,EH3 5DH,325070,674805,19 HENDERSON ROW
325065,674804,3019,caf‚,New Town Deli,Class 3,EH3 5DH,325065,674804,23 HENDERSON ROW
324892,674758,3020,interior design,Harmony Ridge Designs,Class 1,EH3 5BE,324892,674758,83 HENDERSON ROW
324820,674741,3021,massage,Ling Ling Massage,Class 1,EH3 5BB,324820,674741,103 HENDERSON ROW
324813,674765,3022,beauty salon,Row 66,Class 1,EH3 5BJ,324813,674765,66 HENDERSON ROW
324805,674763,3023,barbers,Benjamin's Barber Shop,Class 1,EH3 5BJ,324805,674763,68 HENDERSON ROW
324791,674760,3024,pottery,The Adam Pottery,Class 1,EH3 5BJ,324791,674760,76 HENDERSON ROW
326868,676031,3025,public house,Wilkies Lounge,SUI GENERIS,EH6 6BT,326868,676031,1-5 HENDERSON STREET
326885,676104,3026,caf‚,Mitchells,Class 3,EH6 6BT,326885,676104,21-23 HENDERSON STREET
326919,676326,3027,vacant,vacant,Vacant,EH6 6ED,326919,676326,59 HENDERSON STREET
326930,676337,3028,public house,Sofi's,SUI GENERIS,EH6 6ED,326930,676337,63-65 HENDERSON STREET
326942,676355,3029,public house,Vdeep,SUI GENERIS,EH6 6ED,326942,676355,75 HENDERSON STREET
326944,676358,3030,vacant,vacant,Vacant, ,326944,676358, 
326953,676370,3031,art gallery,Ritchie Collins Gallery,Class 1, ,326953,676370, 
326956,676374,3032,n/t/c,Henderson Local Store,Class 1,EH6 6ED,326956,676374,85 HENDERSON STREET
326960,676379,3033,restaurant,Agoon Pani,Class 3,EH6 6ED,326960,676379,87-91A HENDERSON STREET
326882,676014,3034,hot food take away,Greggs,SUI GENERIS,EH6 6BS,326882,676014,2 HENDERSON STREET
326903,676073,3035,cafe,The Flying Dog,Class 3,EH6 6BS,326903,676073,16 HENDERSON STREET
326904,676079,3036,ironing service,Easy Iron,Class 1,EH6 6BS,326904,676079,18 HENDERSON STREET
326894,676176,3037,vacant,vacant,Vacant,EH6 6DE,326894,676176,28 HENDERSON STREET
326893,676183,3038,hairdresser,Short Cut to the Shore,Class 1,EH6 6DE,326893,676183,30 HENDERSON STREET
324833,674774,3039,restaurant,Plumed Horse,Class 3,EH6 6DE,324833,674774,50-54 HENDERSON STREET
326884,676234,3040,storage,storage for Plumed Horse,Class 4,EH6 6DE,326884,676234,56 HENDERSON STREET
326888,676240,3041,n/t/c,Henderson Newsagent,Class 1,EH6 6DE,326888,676240,58A HENDERSON STREET
326892,676246,3042,public house,V Deep,SUI GENERIS,EH6 6DE,326892,676246,60 HENDERSON STREET
327490,675334,3043,vacant,vacant,Vacant,EH6 8HD,327490,675334,1 HERMITAGE PARK
324975,673012,3044,restaurant,Brunos Diner,Class 3,EH3 9RP,324975,673012,103 HIGH RIGGS
325020,673175,3045,public house,Burke & Hare,SUI GENERIS,EH3 9BX,325020,673175,2 HIGH RIGGS
326134,673712,3046,public house,No. 1 The High Street,SUI GENERIS,EH1 1SR,326134,673712,1 HIGH STREET
326130,673708,3047,jeweller,Highland Gems,Class 1,EH1 1SR,326130,673708,5 HIGH STREET
326122,673706,3048,shoes & footwear,Barnets,Class 1,EH1 1SR,326122,673706,7 HIGH STREET
326116,673705,3049,scottish gifts,Gleneagles of Scotland,Class 1,EH1 1SR,326116,673705,11 HIGH STREET
326086,673703,3050,clothing,Cashmere and Kilt Centre,Class 1,EH1 1SR,326086,673703,51 HIGH STREET
326078,673701,3051,ladies & mens clothing (Highland outfits),Geoffrey (Tailor) Kiltmaker,Class 1,EH1 1SR,326078,673701,57-59 HIGH STREET
326075,673704,3052,bar and restaurant,Monteiths Bar and Restaurant,SUI GENERIS,EH1 1SR,326075,673704,(61) HIGH STREET
326068,673701,3053,kilts,John Morrison Kiltmakers,Class 1,EH1 1SR,326068,673701,63 HIGH STREET
326069,673726,3054,caf‚,Carrubers Christian Centre,Class 3,EH1 1SR,326069,673726,65 HIGH STREET
326060,673699,3055,chemist,Royal Mile Pharmacy,Class 1,EH1 1SR,326060,673699,67 HIGH STREET
326051,673697,3056,gifts,The Wee Gift Shop,Class 1,EH1 1SR,326051,673697,83 HIGH STREET
326047,673695,3057,travel agenr,Capital Coaches /  Scotline Tours,Class 1,EH1 1SG,326047,673695,85-87 HIGH STREET
326043,673695,3058,jewellery,Tappit Hen,Class 1,EH1 1SG,326043,673695,89 HIGH STREET
326039,673693,3059,"knitwear, gifts",The Bonnie Blue Gallery,Class 1,EH1 1SG,326039,673693,95 HIGH STREET
326035,673692,3060,wine merchant,Whisky and Wine,Class 1,EH1 1SG,326035,673692,97 HIGH STREET
326033,673691,3061,"kilts, crafts",Celtic Craft Centre,Class 1,EH1 1SG,326033,673691,99 HIGH STREET
326028,673690,3062,caf‚,The Rabbie Burns,Class 3,EH1 1SG,326028,673690,103 HIGH STREET
326026,673689,3063,restaurant,Shamoli,Class 3,EH1 1SG,326026,673689,105 HIGH STREET
326019,673687,3064,scottish gifts,Thistle do nicely,Class 1,EH1 1SG,326019,673687,109 HIGH STREET
326012,673685,3065,scottish gifts,Johnsons Cashmere Scottish Experience,Class 1,EH1 1SG,326012,673685,115 HIGH STREET
326004,673682,3066,public house,Whiski,SUI GENERIS,EH1 1SG,326004,673682,119 HIGH STREET
325996,673681,3067,betting shop,Ladbrokes,Class 2,EH1 1SG,325996,673681,123(GF) HIGH STREET
326001,673682,3068,restaurant,Dubh Prais,Class 3,EH1 1SG,326001,673682,123B HIGH STREET
325988,673679,3069,public house,The Royal Mile,SUI GENERIS,EH1 1SG,325988,673679,127(05) HIGH STREET
325980,673677,3070,public house,The Mitre,SUI GENERIS,EH1 1SG,325980,673677,131-133 HIGH STREET
325964,673674,3071,"Highland wear, tartans",Hector Russell Kiltmaker,Class 1,EH1 1SJ,325964,673674,137-141 HIGH STREET
325919,673664,3072,restaurant (Italian),Bella Italia,Class 3,EH1 1PD,325919,673664,175-177 HIGH STREET
325905,673661,3073,knitwear,The Woollen Mill,Class 1,EH1 1PD,325905,673661,179 HIGH STREET
325881,673654,3074,public house,The Albanach,SUI GENERIS,EH1 1PE,325881,673654,197 HIGH STREET
325875,673653,3075,take-away food,Glenhas Deli & Juice Bar,Class 1,EH1 1PE,325875,673653,205 HIGH STREET
325871,673652,3076,"travel agent, tour office & currency exchange",No. 1 Currency (bureau de change),Class 1,EH1 1PE,325871,673652,207 HIGH STREET
325866,673651,3077,restaurant,Wildest Dreams,Class 3,EH1 1PE,325866,673651,213 HIGH STREET
325863,673651,3078,gifts,The House of Edinburgh,Class 1,EH1 1PE,325863,673651,215 HIGH STREET
325856,673649,3079,"gifts, souvenirs",Crest of Edinburgh,Class 1,EH1 1PE,325856,673649,217 HIGH STREET
325847,673648,3080,wine merchant,The Whisky Trail,Class 1,EH1 1PE,325847,673648,223-225 HIGH STREET
325840,673646,3081,restaurant (Italian),Gordon's Trattoria,Class 3,EH1 1PE,325840,673646,231 HIGH STREET
325832,673644,3082,restaurant,The Filling Station,Class 3,EH1 1PE,325832,673644,235 HIGH STREET
325714,673620,3083,restaurant,Angels with Bagpipes,Class 3,EH1 1PW,325714,673620,343 HIGH STREET
325710,673619,3084,n/t/c (international newspapers & journals),International Newsagents,Class 1,EH1 1PW,325710,673619,351-355 HIGH STREET
325703,673617,3085,specialist tobacconist,The Cigar Box,Class 1,EH1 1PW,325703,673617,361 HIGH STREET
325700,673616,3086,"antiques, curios",Royal Mile Curios,Class 1,EH1 1PW,325700,673616,363 HIGH STREET
325695,673615,3087,clothing,Ness,Class 1,EH1 1PW,325695,673615,367 HIGH STREET
325692,673614,3088,knitwear,James Pringle Weavers,Class 1,EH1 1PW,325692,673614,371 HIGH STREET
325688,673612,3089,clothing,Marchbrae,Class 1,EH1 1PW,325688,673612,375 HIGH STREET
325675,673608,3090,specialist whiskies,Royal Mile Whiskies,Class 1,EH1 1PW,325675,673608,379-381 HIGH STREET
326140,673687,3091,public house,World's End,SUI GENERIS,EH1 1TB,326140,673687,2-8 HIGH STREET
326126,673683,3092,caf‚,Mrs McIntyres,Class 3,EH1 1TB,326126,673683,12 HIGH STREET
326119,673683,3093,gifts,The Real Scot Shop,Class 1,EH1 1TB,326119,673683,16 HIGH STREET
326110,673681,3094,"gifts, souvenirs",Heritage of Scotland,Class 1,EH1 1TB,326110,673681,20 HIGH STREET
326102,673678,3095,jeweller,The Woolen Merchant,Class 1,EH1 1TB,326102,673678,24 HIGH STREET
326095,673676,3096,scottish gifts,Campbells,Class 1,EH1 1TB,326095,673676,28 HIGH STREET
326091,673675,3097,fudge shop,Jim Garrahy's Fudge Kitchen,Class 1,EH1 1TB,326091,673675,30 HIGH STREET
326086,673674,3098,jeweller,Celtic Jewellery,Class 1,EH1 1TB,326086,673674,32 HIGH STREET
326077,673672,3099,caf‚/ bistro,Caf‚ Keno,Class 3,EH1 1TB,326077,673672,36 HIGH STREET
326058,673667,3100,scottish gifts,Royal Mile Factory Outlet,Class 1,EH1 1TB,326058,673667,44 HIGH STREET
326054,673666,3101,clothing,Ballantrae Cashmere,Class 1,EH1 1TB,326054,673666,46 HIGH STREET
326048,673664,3102,clothing,Really Scottish,Class 1,EH1 1TB,326048,673664,50 HIGH STREET
326043,673662,3103,Christmas decorations,The Nutcracker Christmas Shop,Class 1,EH1 1TB,326043,673662,52 HIGH STREET
326039,673661,3104,scarves,Edinburgh Scarf Company,Class 1,EH1 1TB,326039,673661,54 HIGH STREET
326034,673660,3105,jeweller,Palenque,Class 1,EH1 1TB,326034,673660,56 HIGH STREET
326029,673659,3106,"travel agent, tour operator & currency exchange",Haggis Backpackers,Class 1,EH1 1TB,326029,673659,60 HIGH STREET
326012,673654,3107,clothing,Edinburgh Cashmere & Lambswool Boutique,Class 1,EH1 1TH,326012,673654,64 HIGH STREET
325898,673623,3108,coffee shop,Starbucks,Class 3,EH1 1QS,325898,673623,124 HIGH STREET
325884,673615,3109,restaurant,Frankie & Bennys,Class 3,EH1 1QS,325884,673615,130&144 HIGH STREET
325876,673617,3110,games,Warhammer,Class 1,EH1 1QS,325876,673617,136 HIGH STREET
325872,673616,3111,scottish gifts,Scottish Experience,Class 1,EH1 1QS,325872,673616,140 HIGH STREET
325865,673614,3112,restaurant,Coffee House,Class 3, ,325865,673614, 
325859,673613,3113,hot food take-waay (fish & chips),The Clamshell,SUI GENERIS,EH1 1QS,325859,673613,148 HIGH STREET
325856,673612,3114,public house,The Royal McGregor,SUI GENERIS,EH1 1QS,325856,673612,154 HIGH STREET
325848,673611,3115,hot food take-away,Subway,SUI GENERIS,EH1 1QS,325848,673611,160 HIGH STREET
325840,673609,3116,restaurant (italian),Bay of Bengal,Class 3,EH1 1QS,325840,673609,164 HIGH STREET
325833,673608,3117,tours,Highland Experiences,Class 1,EH1 1QS,325833,673608,166(1F1) HIGH STREET
325825,673607,3118,food gifts,Taste of Scotland,Class 1,EH1 1QS,325825,673607,170 HIGH STREET
325821,673606,3119,clothing,Argyle Cashmere,Class 1,EH1 1QS,325821,673606,174 HIGH STREET
325816,673605,3120,festival admin office,Festival Fringe Society,Class 4,EH1 1QS,325816,673605,180 HIGH STREET
325799,673601,3121,restaurant,Burgers & Beers,Class 3,EH1 1RW,325799,673601,192A HIGH STREET
325788,673601,3122,caf‚,CAFFE NERO,Class 3,EH1 1RW,325788,673601,192B HIGH STREET
312927,678407,3123,restaurant (Indian),Queen's Spice,Class 3,EH30 9PP,312927,678407,1 HIGH STREET
312935,678413,3124,vacant,vacant,Vacant, ,312935,678413, 
312933,678397,3125,vacant,vacant,Vacant,EH30 9PP,312933,678397,4 HIGH STREET
312941,678391,3126,caf‚,Scotts South Queensferry,Class 3,EH30 9PP,312941,678391,6-7 HIGH STREET
312998,678351,3127,sports clothing,Forth Gear,Class 1,EH30 9PP,312998,678351,20 HIGH STREET
313003,678348,3128,restaurant,The Boat House,Class 3,EH30 9PP,313003,678348,22 HIGH STREET
313011,678343,3129,childrens wear,Maise's,Class 1,EH30 9PP,313011,678343,23-24(A) HIGH STREET
313028,678333,3130,physiotherapy clinic,J.W.,Class 2,EH30 9PP,313028,678333,27 HIGH STREET
313034,678329,3131,hairdresser (gents),The G:Room,Class 1,EH30 9PP,313034,678329,30 HIGH STREET
313038,678327,3132,charity shop,Deaf Action,Class 1,EH30 9PP,313038,678327,31 HIGH STREET
313041,678325,3133,solicitors & estate agents,Deans Properties,Class 2,EH30 9PP,313041,678325,31A HIGH STREET
313079,678313,3134,betting shop,William Hill,Class 2,EH30 9HN,313079,678313,35 HIGH STREET
313067,678316,3135,bank,Clydesdale Bank,Class 2,EH30 9HN,313067,678316,35(A) HIGH STREET
313063,678300,3136,public house,Ferry Tap,SUI GENERIS,EH30 9HN,313063,678300,36 HIGH STREET
313097,678312,3137,solicitors & estate agents,Neilsons,Class 2,EH30 9HN,313097,678312,37 HIGH STREET
313104,678290,3138,n/t/c,Town Cryer,Class 1,EH30 9HN,313104,678290,43 HIGH STREET
313108,678289,3139,jeweller,Scruples,Class 1,EH30 9HN,313108,678289,44 HIGH STREET
313115,678287,3140,caf‚,Jitter Bean Caf‚,Class 3,EH30 9HN,313115,678287,45-46 HIGH STREET
313122,678286,3141,antiques dealer,Seakist Antiques,Class 1,EH30 9HN,313122,678286,47 HIGH STREET
313126,678285,3142,photographic studio,Words & Pictures,Class 2,EH30 9HN,313126,678285,48 HIGH STREET
313132,678283,3143,clothing (ladies),Joyce Paton,Class 1,EH30 9HN,313132,678283,49-50 HIGH STREET
313136,678282,3144,ice cream bar,The Little Parlour,Class 3,EH30 9HN,313136,678282,52A HIGH STREET
313169,678295,3145,health and beauty salon,Health & Beauty at The Terrace,Class 1,EH30 9HN,313169,678295,55 HIGH STREET
326136,673232,3146,office,Lothian Local Medical Committee,Class 4,EH8 9DP,326136,673232,16-17 HILL PLACE
324977,674012,3147,caf‚,Caf‚ on the corner,Class 3,EH2 3JZ,324977,674012,24(GF) HILL STREET
321698,674838,3148,cafe,The Suburban Pantry,Class 3,EH4 2AG,321698,674838,12 HILLHOUSE ROAD
321690,674843,3149,bank,Bank of Scotland / HBOS,Class 2,EH4 2AG,321690,674843,16 HILLHOUSE ROAD
321685,674847,3150,art supplies,Blackhall Framing Gallery,Class 1,EH4 2AG,321685,674847,18 HILLHOUSE ROAD
321676,674852,3151,chemist,Lindsay & Gilmour,Class 1,EH4 2AG,321676,674852,22 HILLHOUSE ROAD
321669,674855,3152,n/t/c,Blackhall Express Store,Class 1,EH4 2AG,321669,674855,24 HILLHOUSE ROAD
321663,674859,3153,caf‚,Caf‚ Now,Class 3,EH4 2AG,321663,674859,26 HILLHOUSE ROAD
321658,674863,3154,hot food take away (pizza),La Favorita,SUI GENERIS,EH4 2AG,321658,674863,28-30 HILLHOUSE ROAD
321647,674870,3155,hot food take-away (Indian),Bombay Feast,SUI GENERIS,EH4 2AG,321647,674870,32 HILLHOUSE ROAD
321647,674881,3156,motor accessories and repair,Farmers Autocare,Class 1,EH4 2AG,321647,674881,34-40 HILLHOUSE ROAD
326573,674655,3157,vacant,vacant,Vacant,EH7 5HD,326573,674655,1-3 HILLSIDE STREET
326534,674658,3158,vacant,vacant,Vacant,EH7 5HB,326534,674658,2 HILLSIDE STREET
313199,672514,3159,grocer / convenience store,Scotmid,Class 1,EH28 8PU,313199,672514,(1A) HILLWOOD ROAD
326993,672409,3160,convenience store,EUSA Shop,Class 1,EH16 5BG,326993,672409,18(8) HOLYROOD PARK ROAD
326215,673553,3161,sandwich bar,Holyrood Coffee Shop,Class 1,EH8 8AE,326215,673553,1 HOLYROOD ROAD
326222,673554,3162,watch repairs,Lock & Watch Repairs,Class 1,EH8 8AE,326222,673554,3 HOLYROOD ROAD
326227,673554,3163,tours,can you escape,Class 1,EH8 8AE,326227,673554,5 HOLYROOD ROAD
326233,673555,3164,vacant,vacant,Vacant, ,326233,673555, 
326242,673556,3165,public house,Holyrood 9A,SUI GENERIS,EH8 8AE,326242,673556,9A HOLYROOD ROAD
326511,673656,3166,small supermarket,Tesco Express,Class 1,EH8 8AU,326511,673656,59 HOLYROOD ROAD
326525,673664,3167,take-awat food,Let me eat,Class 1,EH8 8AU,326525,673664,63 HOLYROOD ROAD
326553,673681,3168,caf‚,Henderson's,Class 3,EH8 8AU,326553,673681,67 HOLYROOD ROAD
326632,673734,3169,vacant,vacant,Vacant,EH8 8AU,326632,673734,85 HOLYROOD ROAD
326662,673754,3170,vacant,vacant,Vacant,EH8 8AU,326662,673754,91 HOLYROOD ROAD
326580,673704,3171,public house,Hemma,SUI GENERIS,EH8 8AS,326580,673704,111 HOLYROOD ROAD
326684,673765,3172,restaurant,PIZZA EXPRESS (RESTAURANTS) LTD,Class 3,EH8 8AS,326684,673765,111A HOLYROOD ROAD
326277,673540,3173,restaurant,Reekies Smoke House,Class 3,EH8 8AF,326277,673540,20 HOLYROOD ROAD
324944,672927,3174,hi-fi equipment,James Morrow,Class 1,EH3 9JR,324944,672927,1 HOME STREET
324942,672922,3175,beauty salon,McGills Hairdressers,Class 1,EH3 9JR,324942,672922,5 HOME STREET
324939,672915,3176,caf‚,Caf‚ Class,Class 3,EH3 9JR,324939,672915,7 HOME STREET
324937,672911,3177,alternative medicine,Edinburgh Centre for Nutrition & Therapy,Class 2,EH3 9JR,324937,672911,11 HOME STREET
324935,672906,3178,barber,Istanbul Hair Studio,Class 1,EH3 9JR,324935,672906,13 HOME STREET
324934,672899,3179,mobile phones & accessories,Mobile Technicians,Class 2,EH3 9JR,324934,672899,15 HOME STREET
324933,672895,3180,"hot food take-away (burgers, kebabs, pizza, fish & chips, pakoras)",Three Coins,SUI GENERIS,EH3 9JR,324933,672895,19 HOME STREET
324931,672890,3181,travel agent,Omega Travel,Class 1,EH3 9JR,324931,672890,21 HOME STREET
324931,672885,3182,residential letting agency,Edinburgh Central Apartments,Class 2,EH3 9JR,324931,672885,23 HOME STREET
324932,672881,3183,information office,Edinburgh Chinese Elderly Support Association,Class 2,EH3 9JR,324932,672881,25 HOME STREET
324932,672876,3184,small household electrical items & electronic equipment,XL Electrical Appliances,Class 1,EH3 9JR,324932,672876,29 HOME STREET
324933,672872,3185,n/t/c,Sweet Service,Class 1,EH3 9JR,324933,672872,31 HOME STREET
324934,672866,3186,post office,Tollcross Post Office,Class 1,EH3 9JR,324934,672866,33 HOME STREET
324935,672859,3187,restaurant (Japanese),Number 1 Sushi Bar,Class 3,EH3 9JP,324935,672859,37 HOME STREET
324937,672849,3188,off license,Provenance Wines,Class 1,EH3 9JP,324937,672849,39 HOME STREET
324938,672842,3189,charity shop,Shelter,Class 1,EH3 9JP,324938,672842,43 HOME STREET
324939,672834,3190,public house,King's Arms,SUI GENERIS,EH3 9JP,324939,672834,45 HOME STREET
324940,672829,3191,hot food take-away,Concorde Fish Bar,SUI GENERIS,EH3 9JP,324940,672829,49-51 HOME STREET
324941,672819,3192,betting shop,William Hill,Class 2,EH3 9JP,324941,672819,53-53A HOME STREET
324942,672813,3193,beauty salon,Formo Hair & Beauty,Class 1,EH3 9JP,324942,672813,57 HOME STREET
324943,672809,3194,baker,Greggs,Class 1,EH3 9JP,324943,672809,57A HOME STREET
324944,672799,3195,e-cigarettes,The Smoking Fox,Class 1,EH3 9JP,324944,672799,59 HOME STREET
324943,672805,3196,grocer,Tollcross Superstore,Class 1,EH3 9JP,324943,672805,63 HOME STREET
324945,672793,3197,nail bar,Nail Hub,Class 1,EH3 9JP,324945,672793,65 HOME STREET
324946,672788,3198,hot food takeaway,King's Pantry,SUI GENERIS,EH3 9JP,324946,672788,67 HOME STREET
324947,672780,3199,public house,The Cuckoo's Nest,SUI GENERIS,EH3 9JP,324947,672780,69 HOME STREET
324899,672950,3200,pharmacy,Tollcross Pharmacy,Class 1,EH3 9LY,324899,672950,2 HOME STREET
324900,672944,3201,financial services - mortgages,First Mortgage Direct Ltd.,Class 2,EH3 9LY,324900,672944,6 HOME STREET
324900,672935,3202,printers,Printing.com,Class 4,EH3 9LY,324900,672935,8 HOME STREET
324900,672935,3203,commercial property lets,IME,Class 1,EH3 9LY,324900,672935,12 HOME STREET
324900,672924,3204,"mobile phones, accessories & services",Hex,Class 1,EH3 9LY,324900,672924,14 HOME STREET
324901,672919,3205,vacant,vacant,Vacant,EH3 9LY,324901,672919,14A HOME STREET
324901,672914,3206,night club,Liquorice Club,SUI GENERIS,EH3 9LY,324901,672914,16 HOME STREET
324900,672909,3207,hairdresser,Duke's of Tollcross,Class 1,EH3 9LY,324900,672909,16A HOME STREET
324900,672903,3208,hot food take-away,Anatolian,SUI GENERIS,EH3 9LY,324900,672903,18 HOME STREET
324899,672899,3209,vacant,vacant,Vacant,EH3 9LY,324899,672899,22-24 HOME STREET
324899,672872,3210,bank,Royal Bank of Scotland,Class 2,EH3 9LZ,324899,672872,26-28 HOME STREET
324901,672862,3211,sandwich shop & caf‚,Subway,Class 3,EH3 9LZ,324901,672862,30 HOME STREET
324902,672857,3212,caf‚ (Mexican),Taquito,Class 3,EH3 9LZ,324902,672857,32 HOME STREET
324903,672853,3213,hairdresser (gents),Statement Barbers,Class 1,EH3 9LZ,324903,672853,36 HOME STREET
324904,672849,3214,optician,Hyslop Optometrist,Class 1,EH3 9LZ,324904,672849,40 HOME STREET
324905,672842,3215,caf‚ (health food),Nutan's,Class 3,EH3 9LZ,324905,672842,42 HOME STREET
324906,672836,3216,beauty salon,SCM Hairdressing,Class 1,EH3 9LZ,324906,672836,44 HOME STREET
324908,672814,3217,betting shop,Ladbrokes,Class 2,EH3 9NA,324908,672814,46 HOME STREET
324909,672806,3218,clothing (boutique),Hoochie Coochie,Class 1,EH3 9NA,324909,672806,48 HOME STREET
324910,672800,3219,charity shop,Cancer Research Campaign,Class 1,EH3 9NA,324910,672800,50 HOME STREET
324911,672796,3220,restaurant (Indian & Nepalese),The Everest,Class 3,EH3 9NA,324911,672796,52 HOME STREET
324911,672792,3221,physiotherapist,The Buchanan Clinic,Class 2,EH3 9NA,324911,672792,54 HOME STREET
324912,672788,3222,vacant,vacant,Vacant,EH3 9NA,324912,672788,58 HOME STREET
324912,672784,3223,restaurant (Chinese),Sakura Tree,Class 3,EH3 9NA,324912,672784,60(1) HOME STREET
324913,672776,3224,charity shop,Bagpuss Children's Hospice Shop,Class 1,EH3 9NA,324913,672776,62 HOME STREET
324913,672772,3225,baker,Pine Tree Bakery,Class 1,EH3 9NA,324913,672772,64 HOME STREET
326196,672636,3226,vacant,vacant,Vacant,EH8 9NA,326196,672636,(A) HOPE PARK CRESCENT
326216,672653,3227,books,Till's Bookshop,Class 1,EH8 9NA,326216,672653,1 HOPE PARK CRESCENT
326241,672591,3228,residental property letting,Hadden Rankin,Class 2,EH8 9LZ,326241,672591,1 HOPE PARK TERRACE
326318,672591,3229,hot food take-away,Millers,SUI GENERIS,EH8 9LY,326318,672591,18 HOPE PARK TERRACE
324669,673732,3230,public house,Angels Share,SUI GENERIS,EH2 4EN,324669,673732,7-11 HOPE STREET
324663,673754,3231,public house,Whigham's Wine Cellar,SUI GENERIS,EH2 4EL,324663,673754,13 HOPE STREET
324661,673759,3232,outdoor clothing & fishing tackle,Orvis,Class 1,EH2 4ES,324661,673759,19 HOPE STREET
324644,673703,3233,public house,Ryan's Caf‚ Bar,SUI GENERIS,EH2 4DB,324644,673703,2 HOPE STREET
312792,678422,3234,beauty parlour,The Spring,Class 1,EH30 9RB,312792,678422,23 HOPETOUN ROAD
312788,678423,3235,estate agent,Warners,Class 2,EH30 9RB,312788,678423,25 HOPETOUN ROAD
312779,678424,3236,veterinary surgery,Westport Veterinary Clinic,Class 2, ,312779,678424, 
312774,678424,3237,undertakers,Barclays Funeral Services,Class 1,EH30 9RB,312774,678424,29A HOPETOUN ROAD
312771,678422,3238,undertakers,Deery Funeral Services,Class 1,EH30 9RB,312771,678422,35A HOPETOUN ROAD
312765,678417,3239,hairdresser,The Hair Chair,Class 1,EH30 9RB,312765,678417,37-39 HOPETOUN ROAD
312913,678409,3240,hot food take-away,Maurizio's,SUI GENERIS,EH30 9RA,312913,678409,2 HOPETOUN ROAD
312906,678412,3241,decorative goods & craft ware,Allium,Class 1,EH30 9RA,312906,678412,4A HOPETOUN ROAD
312845,678433,3242,restaurant (Chinese),Good Fortune,Class 3,EH30 9RA,312845,678433,10-12 HOPETOUN ROAD
312832,678434,3243,computer repairs,DML Systems,Class 1,EH30 9RA,312832,678434,16 HOPETOUN ROAD
312730,678414,3244,public house,The Inchcolm Inn,SUI GENERIS,EH30 9RE,312730,678414,24-26 HOPETOUN ROAD
325146,675137,3245,public house,The Orchard,SUI GENERIS,EH3 5JZ,325146,675137,1 HOWARD PLACE
325168,675078,3246,restaurant,The Water of Leith Cafe Bistro,Class 3,EH3 5JP,325168,675078,1 HOWARD STREET
325165,675082,3247,n/t/c,Canonmills Newsagent,Class 1,EH3 5JP,325165,675082,3 HOWARD STREET
325162,675085,3248,hairdresser,The Edinburgh Fringe,Class 1,EH3 5JP,325162,675085,4 HOWARD STREET
325158,675088,3249,cafe,The Chocolate Cafe,Class 3,EH3 5JP,325158,675088,5 HOWARD STREET
325155,675092,3250,hot food take-away,Eastern Spices,SUI GENERIS,EH3 5JP,325155,675092,6 HOWARD STREET
325152,675095,3251,consultants,Coffee Nexus,Class 4,EH3 5JP,325152,675095,8 HOWARD STREET
325146,675101,3252,interiors,Interiors Scotland,Class 1,EH3 5JP,325146,675101,9 HOWARD STREET
325143,675104,3253,tiles,Edinburgh Tile Studio,Class 1,EH3 5JP,325143,675104,11 HOWARD STREET
327284,668407,3254,restaurant & bar,Toby Carvery,Class 3,EH16 6PG,327284,668407,41 HOWDEN HALL ROAD
327387,668084,3255,vacant,vacant,Vacant, ,327387,668084, 
327349,668079,3256,hot food take-away (Chinese),Ming Palace,SUI GENERIS,EH16 6PN,327349,668079,82 HOWDEN HALL ROAD
327342,668072,3257,hairdresser,Ruth Ross,Class 1,EH16 6PN,327342,668072,84 HOWDEN HALL ROAD
325056,674328,3258,Gallery/cafe,Bon Papillon,Class 1,EH3 6TE,325056,674328,15 HOWE STREET
325055,674334,3259,printers,Prontaprint,Class 4,EH3 6TE,325055,674334,15A HOWE STREET
325053,674341,3260,clothing (ladies),Mcaree Brothers,Class 1,EH3 6TE,325053,674341,19 HOWE STREET
325051,674346,3261,Letting and Property sales,Simpson and Marwick Solicitors,Class 2,EH3 6TE,325051,674346,19B HOWE STREET
325043,674372,3262,caf‚,Leo's Beanery,Class 3,EH3 6TF,325043,674372,23A HOWE STREET
325040,674379,3263,antique lamps restoration & sales,Lonsdale & Dutch,Class 1,EH3 6TF,325040,674379,23B HOWE STREET
325034,674270,3264,office & clubroom,Edinburgh Ski Club,Class 4,EH3 6TD,325034,674270,2 HOWE STREET
325033,674276,3265,outdoor clothing,Gamefish,Class 1,EH3 6TD,325033,674276,4 HOWE STREET
325031,674280,3266,unknown,unknown,Class 4, ,325031,674280, 
325030,674283,3267,learning consultant,Forum Interactive,Class 4,EH3 6TD,325030,674283,4B HOWE STREET
325028,674291,3268,Interior furnishing,Homer homes & gardens,Class 1,EH3 6TD,325028,674291,8 HOWE STREET
325027,674296,3269,paints,Edina Paint Co.,Class 1,EH3 6TD,325027,674296,8A-10 HOWE STREET
325023,674309,3270,Dentist,Albany Dental Care,Class 2, ,325023,674309, 
325021,674313,3271,hairdresser,Connolly hair,Class 1,EH3 6TD,325021,674313,16 HOWE STREET
325014,674338,3272,Italian Restaurant,Papavero,Class 3,EH3 6TG,325014,674338,18 HOWE STREET
325012,674343,3273,Antiques,Georgie Pirie,Class 1,EH3 6TG,325012,674343,22 HOWE STREET
325010,674350,3274,public house,Mothers,SUI GENERIS,EH3 6TG,325010,674350,24A-24 HOWE STREET
325008,674358,3275,hair & beauty products,Sally Hair & Beauty,Class 1,EH3 6TG,325008,674358,26(GF90) HOWE STREET
325007,674364,3276,Small general store,Sainsbury's Local,Class 1,EH3 6TG,325007,674364,28 HOWE STREET
325006,674367,3277,Letting Agency,Future Property Auctions,Class 2,EH3 6TH,325006,674367,32 HOWE STREET
325005,674372,3278,leather goods,Handbag Heaven,Class 1,EH3 6TH,325005,674372,36 HOWE STREET
325004,674376,3279,Hair and beauty salon,Urban,Class 1,EH3 6TH,325004,674376,38 HOWE STREET
325003,674379,3280,solicitors & property agents,Hadden Rankin,Class 2,EH3 6TH,325003,674379,40 HOWE STREET
325001,674388,3281,Vegetarian cafe,Nova Pizza,Class 3,EH3 6TH,325001,674388,42-44 HOWE STREET
325000,674391,3282,art & interior furniture,Pad Lifestyle,Class 1,EH3 6TH,325000,674391,46 HOWE STREET
324999,674396,3283,restaurant (Thai),Ryan Siam,Class 3,EH3 6TH,324999,674396,48 HOWE STREET
325902,673610,3284,restaurant,Royal Spice,Class 3,EH1 1QW,325902,673610,3 HUNTER SQUARE
325904,673601,3285,restaurant,Civerinos,Class 3,EH1 1QW,325904,673601,5 HUNTER SQUARE
325908,673588,3286,public house,The Advocate,SUI GENERIS,EH1 1QW,325908,673588,7 HUNTER SQUARE
325934,673589,3287,public house,The Tron,SUI GENERIS,EH1 1QW,325934,673589,9 HUNTER SQUARE
325900,673616,3288,knitwear,Dundein Cashmere,Class 1,EH1 1QW,325900,673616,2 HUNTER SQUARE
325219,675031,3289,launderette,Canonmills Launderette,Class 1,EH3 5HB,325219,675031,7-8 HUNTLY STREET
322394,671425,3290,vacant,vacant,Vacant,EH14 1QU,322394,671425,7 HUTCHISON PLACE
322426,671408,3291,dental laboratory,Roslin Dental Laboratory,Class 2,EH14 1QR,322426,671408,9 HUTCHISON PLACE
322399,671364,3292,grocer,Hutchison Newsagents,Class 1,EH14 1QS,322399,671364,10 HUTCHISON PLACE
322405,671366,3293,hairdresser (gents),Sandy's Barber Shop,Class 1,EH14 1QS,322405,671366,14 HUTCHISON PLACE
322342,671126,3294,kitchen & bathroom furniture & fittings,Mister Bathrooms / Kitchen Art,Class 1,EH14 1QB,322342,671126,1 HUTCHISON TERRACE
322335,671135,3295,funeral directors,William Purves,Class 1,EH14 1QB,322335,671135,3 HUTCHISON TERRACE
322331,671140,3296,"sunbeds, spray tan",Tanz,Class 1,EH14 1QB,322331,671140,4 HUTCHISON TERRACE
322325,671147,3297,bridal salon,Susan Gregory,Class 1,EH14 1QB,322325,671147,5 HUTCHISON TERRACE
322321,671151,3298,paint shop,The Paint Shed,Class 1,EH14 1QB,322321,671151,6 HUTCHISON TERRACE
325592,673484,3299,night club,Espionage,SUI GENERIS,EH1 2EX,325592,673484,4 INDIA BUILDINGS
324818,674207,3300,letting agent,Rettie & Co.,Class 2,EH3 6EZ,324818,674207,2 INDIA STREET
326022,673417,3301,public house,Royal Oak,SUI GENERIS,EH1 1LT,326022,673417,1 INFIRMARY STREET
326035,673421,3302,restaurant,Mother India Caf‚,Class 3,EH1 1LT,326035,673421,3-5 INFIRMARY STREET
321628,670903,3303,car showroom,Bumpers Ltd,SUI GENERIS,EH14 2EZ,321628,670903,67 INGLIS GREEN ROAD
321605,670919,3304,constituency office,Gordon Macdonald MSP,Class 2,EH14 2EZ,321605,670919,69 INGLIS GREEN ROAD
321602,670908,3305,african goods,The West African Shop,Class 1,EH14 2EZ,321602,670908,73 INGLIS GREEN ROAD
321603,670909,3306,commercial bakery,Cullineys,Class 1, ,321603,670909, 
321810,670823,3307,vacant,vacant,Vacant,EH14 2EZ,321810,670823,81 INGLIS GREEN ROAD
321577,670887,3308,secondhand furniture,Furniture Shop,Class 1,EH14 2EZ,321577,670887,83 INGLIS GREEN ROAD
321578,670892,3309,vacant,vacant,Vacant,EH14 2EZ,321578,670892,85 INGLIS GREEN ROAD
321581,670908,3310,kitchens,Deco Kitchens,Class 1,EH14 2EZ,321581,670908,93 INGLIS GREEN ROAD
321584,670921,3311,hot food take-away,Mister Lees,SUI GENERIS,EH14 2EZ,321584,670921,95-97 INGLIS GREEN ROAD
321899,670814,3312,supermarket,Sainsbury's,Class 1,EH14 2HY,321899,670814,10 INGLIS GREEN ROAD
321776,670879,3313,wholesale cash and carry,Booker,Class 1,EH14 2ER,321776,670879,(20) INGLIS GREEN ROAD
321749,670901,3314,car showroom,Longston,SUI GENERIS, ,321749,670901, 
321659,670926,3315,public house,Village Inn,SUI GENERIS,EH14 2ER,321659,670926,30 INGLIS GREEN ROAD
321721,670912,3316,restaurant,The Imperial Palace,Class 3,EH14 2ER,321721,670912,36 INGLIS GREEN ROAD
321724,670920,3317,Oriental Foods,Matthews Foods,Class 1,EH14 2ER,321724,670920,38 INGLIS GREEN ROAD
314526,673085,3318,restaurant,Woodside Bistro and Steakhouse,Class 3, ,314526,673085, 
314506,673094,3319,public house,Woodside Bistro,SUI GENERIS, ,314506,673094, 
324629,676004,3320,financial services (accounting etc. for small businesses),Gillespie,Class 2,EH3 5PU,324629,676004,1 INVERLEITH GARDENS
324620,676004,3321,"stamp dealer, auctioneer & valuer (stamps, coins, banknotes, medals & other collectables)",Robert Murray Stamp Shop,Class 1,EH3 5PU,324620,676004,1A INVERLEITH GARDENS
324615,676004,3322,hot food take-away (Chinese),Yangs,SUI GENERIS,EH3 5PU,324615,676004,1B INVERLEITH GARDENS
324588,676001,3323,"stamp dealer, auctioneer & valuer (stamps, coins, banknotes, medals & other collectables)",Robert Murray Stamp Shop,Class 1,EH3 5PU,324588,676001,5 INVERLEITH GARDENS
324578,676001,3324,restaurant (Indian),In Touch,Class 3,EH3 5PU,324578,676001,8 INVERLEITH GARDENS
324651,675961,3325,grocer,Costcutter,Class 1,EH3 5PX,324651,675961,58-59 INVERLEITH ROW
324650,675963,3326,dry cleaner,Inverleith Dry Cleaners,Class 1,EH3 5PX,324650,675963,60A INVERLEITH ROW
324648,675966,3327,hairdresser (gents),Barbers,Class 1,EH3 5PX,324648,675966,60B INVERLEITH ROW
324646,675971,3328,n/t/c & grocer,best-one,Class 1,EH3 5PX,324646,675971,60C-D INVERLEITH ROW
324642,675980,3329,hairdresser,D:ISIS Hair,Class 1,EH3 5PX,324642,675980,61A INVERLEITH ROW
324638,675987,3330,hot food take-away,XXL Pizza,SUI GENERIS,EH3 5PX,324638,675987,62 INVERLEITH ROW
324625,676004,3331,hairdresser & beauty salon,Zuba Hair & Beauty,Class 1,EH3 5PX,324625,676004,63 INVERLEITH ROW
324635,675995,3332,"computer systems, support, parts, repairs, consumables etc.",User 2 Computers,Class 1,EH3 5PX,324635,675995,65 INVERLEITH ROW
324972,675401,3333,sports clothing & footwear,Colin Campbell Sports,Class 1,EH3 5LT,324972,675401,68 INVERLEITH ROW
324970,675406,3334,picture framing,Stuart Martin Framing,Class 1,EH3 5LT,324970,675406,70 INVERLEITH ROW
324967,675411,3335,furniture,Just Chairs,Class 1,EH3 5LT,324967,675411,71 INVERLEITH ROW
325052,675214,3336,solicitors & estate agents,Connor Malcolm,Class 2,EH3 5NS,325052,675214,1 INVERLEITH TERRACE
326665,675169,3337,public house,The Strathie,SUI GENERIS,EH6 8SG,326665,675169,17 IONA STREET
326696,675165,3338,recording studio,Bainbridge music,Class 4,EH6 8SP,326696,675165,17A-19 IONA STREET
326651,675140,3339,hot food take-away,The Harvest,SUI GENERIS,EH6 8SF,326651,675140,16 IONA STREET
326552,673717,3340,caf‚,Serenity Caf‚,Class 3,EH8 8PJ,326552,673717,8-10 JACKSON'S ENTRY
325114,674471,3341,public house,Kays Bar,SUI GENERIS,EH3 6HF,325114,674471,39 JAMAICA STREET
324999,674306,3342,public house,Iglu,SUI GENERIS,EH3 6HH,324999,674306,2B JAMAICA STREET
325521,673578,3343,unknown,City Refund Tax Free,UNKNOWN USE,EH1 2PB,325521,673578,"13(GF) JAMES' COURT, ( 493 LAWNMARKET )"
325537,673586,3344,public house,Jolly Judge,SUI GENERIS,EH1 2PB,325537,673586,"7 JAMES' COURT, ( 493 LAWNMARKET )"
325538,673569,3345,clothing,Royal Mile Factory Outlet,Class 1,EH1 2PB,325538,673569,"11(A) JAMES' COURT, ( 493 LAWNMARKET )"
325549,673588,3346,caf‚,The Thistle Stop,Class 3,EH1 2PB,325549,673588,"2 JAMES' COURT, ( 493 LAWNMARKET )"
326792,675765,3347,archaeologist,HEADLAND ARCHAEOLOGY,Class 4,EH6 5HE,326792,675765,13A JANE STREET
326855,675744,3348,take away food,My Way,Class 1,EH6 5HD,326855,675744,4 JANE STREET
326663,675968,3349,take-away food,The Snack Box,SUI GENERIS,EH6 5HG,326663,675968,96 JANE STREET
326131,673722,3350,tattoo artist,Studio XIII Gallery,Class 2,EH1 1DR,326131,673722,3 JEFFREY STREET
326129,673726,3351,complimentary therapies,harmony,Class 2,EH1 1DR,326129,673726,7 JEFFREY STREET
326128,673731,3352,veterans shop,Scottish Regimental Store,Class 1,EH1 1DR,326128,673731,9 JEFFREY STREET
326125,673735,3353,vacant,vacant,Vacant,EH1 1DR,326125,673735,11 JEFFREY STREET
326122,673743,3354,beauty studio,cyans,Class 2,EH1 1DR,326122,673743,15/19 JEFFREY STREET
326119,673748,3355,restaurant,Michaels Steak & Seafood Bar,Class 3, ,326119,673748, 
326112,673755,3356,ladies clothing,Chic,Class 1,EH1 1DR,326112,673755,23 JEFFREY STREET
326105,673761,3357,art gallery,Urbane Art Gallery,Class 1,EH1 1DH,326105,673761,25-27 JEFFREY STREET
326097,673765,3358,restaurant,La Garrigue,Class 3,EH1 1DH,326097,673765,31 JEFFREY STREET
326083,673768,3359,furniture,Tangram,Class 1,EH1 1DH,326083,673768,33-37 JEFFREY STREET
326155,673721,3360,ladies clothing,Corniche,Class 1,EH1 1DT,326155,673721,2 JEFFREY STREET
326152,673727,3361,"art, jewellery, gifts",Aquila,Class 1,EH1 1DT,326152,673727,4 JEFFREY STREET
326151,673730,3362,confectionery,Lickity Splits,Class 1,EH1 1DT,326151,673730,6 JEFFREY STREET
326150,673734,3363,hairdresser,Hair by Law,Class 1,EH1 1DT,326150,673734,10 JEFFREY STREET
326143,673751,3364,whisky & tobacco,Jeffrey Street Whisky & Tobacco,Class 1,EH1 1DT,326143,673751,12-14 JEFFREY STREET
326145,673747,3365,hot food take-away,Tempting Tattie,SUI GENERIS,EH1 1DT,326145,673747,18 JEFFREY STREET
328276,674167,3366,public house,Limelite,SUI GENERIS,EH8 7AA,328276,674167,15 JOCK'S LODGE
328285,674166,3367,beauty salon,Sin Waxing,Class 1,EH8 7AA,328285,674166,19 JOCK'S LODGE
328292,674165,3368,cafe,Wee Jane's Cafe,Class 3,EH8 7AA,328292,674165,23 JOCK'S LODGE
328252,674170,3369,betting shop,William Hill,Class 2,EH8 7AA,328252,674170,23A JOCK'S LODGE
328302,674164,3370,discount store,Big Bazaar,Class 1,EH8 7AA,328302,674164,27 JOCK'S LODGE
328313,674163,3371,vacant,vacant,Vacant,EH8 7AA,328313,674163,35 JOCK'S LODGE
325506,673495,3372,hot food take-away,the little inn,SUI GENERIS,EH1 2PW,325506,673495,1 JOHNSTON TERRACE
325502,673492,3373,masonic regalia,Victoria Regalia,Class 1,EH1 2PW,325502,673492,2B JOHNSTON TERRACE
325499,673489,3374,restaurant (Kurdish),hanam's,Class 3,EH1 2PW,325499,673489,3 JOHNSTON TERRACE
325491,673483,3375,restaurant (Thai),Thai Orchard,Class 3,EH1 2PW,325491,673483,5 JOHNSTON TERRACE
325488,673480,3376,restaurant,Maxie's Bistro,Class 3,EH1 2PW,325488,673480,5A JOHNSTON TERRACE
325484,673478,3377,public house,Castle Arms,SUI GENERIS,EH1 2PW,325484,673478,6 JOHNSTON TERRACE
325395,673464,3378,scottish gifts,Johnstones Cashmere Company,Class 1,EH1 2PR,325395,673464,16A JOHNSTON TERRACE
331439,673435,3379,hair & beauty,Bo Chic,Class 1,EH15 2HB,331439,673435,31 JOPPA ROAD
331448,673432,3380,architects,HLP Architects,Class 2,EH15 2HB,331448,673432,35 JOPPA ROAD
331378,673490,3381,music shop,The Edinburgh Piano Company,Class 1,EH15 2EU,331378,673490,2 JOPPA ROAD
331403,673471,3382,health & beauty,Harmony,Class 1,EH15 2EU,331403,673471,10 JOPPA ROAD
331405,673470,3383,t.v. aerial contractors,Surrey Aerials,Class 4,EH15 2EU,331405,673470,12 JOPPA ROAD
331408,673469,3384,t.v. aerial contractors,Surrey Aerials,Class 4,EH15 2EU,331408,673469,16 JOPPA ROAD
331416,673466,3385,hairdresser,Headstart,Class 1,EH15 2EU,331416,673466,20A JOPPA ROAD
331420,673465,3386,accountants,Robin T.  Bond,Class 2,EH15 2EU,331420,673465,22 JOPPA ROAD
331422,673465,3387,n/t/c,Joppa Newsagent,Class 1,EH15 2EU,331422,673465,24 JOPPA ROAD
331489,673446,3388,public house,Ormelie Tavern,SUI GENERIS,EH15 2ET,331489,673446,44 JOPPA ROAD
325320,673101,3389,n/t/c,Keir Street News,Class 1,EH3 9EU,325320,673101,36 KEIR STREET
328508,671836,3390,food wholesale,RDM POLISH FOOD LIMITED,Class 1,EH16 5UY,328508,671836,"14 KING'S HAUGH, ( PEFFERMILL ROAD)"
330235,674475,3391,public house,Cropley's Bar,SUI GENERIS,EH15 1DU,330235,674475,3 KING'S PLACE
330018,674427,3392,property & security services,JSL Services,Class 4,EH15 1EA,330018,674427,2 KING'S ROAD
330250,674462,3393,art galley & cafe,The Tide,Class 3, ,330250,674462, 
321311,669951,3394,soft furnishings,Tracy Victoria,Class 1,EH14 2JQ,321311,669951,1 KINGSKNOWE PARK
321299,669955,3395,building management control sysytems,Dannlimited. IDES,Class 4,EH14 2JQ,321299,669955,5-7 KINGSKNOWE PARK
321293,669958,3396,architects,Sinclair Hay Sutherland Partnership,Class 4,EH14 2JQ,321293,669958,9 KINGSKNOWE PARK
321290,669959,3397,hot food take-away,Mr Lin,SUI GENERIS,EH14 2JQ,321290,669959,11 KINGSKNOWE PARK
321286,669961,3398,mortgage adviser,Duckworth Alexander,Class 2,EH14 2JQ,321286,669961,13 KINGSKNOWE PARK
321280,669963,3399,promotional products,Happy Smile Limited,Class 4,EH14 2JQ,321280,669963,15 KINGSKNOWE PARK
321386,670944,3400,hot food take-away (Chinese),Mei Dow,SUI GENERIS,EH14 2BN,321386,670944,1 KINGSKNOWE ROAD NORTH
321384,670939,3401,hairdresser,Cherish Hair and Beauty,Class 1,EH14 2BN,321384,670939,1A KINGSKNOWE ROAD NORTH
321398,670882,3402,grocer / convenience store,Scotmid,Class 1,EH14 2BN,321398,670882,7 KINGSKNOWE ROAD NORTH
321057,670352,3403,public house,Kingsknowe Roadhouse,SUI GENERIS,EH14 2ED,321057,670352,193 KINGSKNOWE ROAD NORTH
321233,670714,3404,medical equipment,Helica Instruments Ltd.,Class 4,EH14 2DG,321233,670714,102 KINGSKNOWE ROAD NORTH
331244,671782,3405,"clothing, house furnishing",T K Maxx / Home Sense,Class 1,EH15 3RD,331244,671782,1 KINNAIRD PARK
331194,671797,3406,vacant,vacant,Vacant,EH15 3RD,331194,671797,1A KINNAIRD PARK
331172,671804,3407,general household goods,Poundstretcher,Class 1,EH15 3RD,331172,671804,2 KINNAIRD PARK
331338,671761,3408,restaurant,TGI Friday's,Class 3,EH15 3RD,331338,671761,4 KINNAIRD PARK
331090,671845,3409,restaurant,Chiquito's,Class 3,EH15 3RD,331090,671845,5 KINNAIRD PARK
331087,671830,3410,restaurant,Five Guys,Class 3,EH15 3RD,331087,671830,6 KINNAIRD PARK
331085,671917,3411,restaurant,Pizza Express,Class 3,EH15 3RD,331085,671917,7 KINNAIRD PARK
331014,671922,3412,restaurant,Nando's,Class 3,EH15 3RD,331014,671922,9 KINNAIRD PARK
331338,671761,3413,restaurant,Frankie & Benny's,Class 3,EH15 3RD,331338,671761,10 KINNAIRD PARK
331150,671970,3414,furniture,Harveys / Benson's for Beds,Class 1,EH15 3RD,331150,671970,47 KINNAIRD PARK
331170,671965,3415,computers & computer accessories,PC World,Class 1,EH15 3RD,331170,671965,47/1 KINNAIRD PARK
331204,671957,3416,mixed durable goods (catalogue store),Argos,Class 1,EH15 3RD,331204,671957,48 KINNAIRD PARK
331228,671950,3417,travel agent,Thomson Holiday Hypermarket,Class 1,EH15 3RD,331228,671950,49 KINNAIRD PARK
331246,671945,3418,furniture & electrical goods,SCS Furniture,Class 1,EH15 3RD,331246,671945,50 KINNAIRD PARK
331274,671924,3419,electrical goods,Currys/PC World,Class 1,EH15 3RD,331274,671924,51 KINNAIRD PARK
331313,671906,3420,clothing,Marks and Spencer,Class 1,EH15 3RD,331313,671906,52 KINNAIRD PARK
331329,671834,3421,clothing,Primark,Class 1,EH15 3RD,331329,671834,53 KINNAIRD PARK
331285,671722,3422,pets & pet supplies,Pets at Home,Class 1,EH15 3RD,331285,671722,54 KINNAIRD PARK
331338,671760,3423,restaurant & hot food take-away,McDonalds,Class 3,EH15 3RD,331338,671760,55 KINNAIRD PARK
331054,671668,3424,sandwich shop,Subway,Class 1,EH15 3RD,331054,671668,55A KINNAIRD PARK
331056,671673,3425,travel agent,Thomas Cook,Class 1,EH15 3RD,331056,671673,55B KINNAIRD PARK
331057,671678,3426,cosmetics,The Body Shop,Class 1,EH15 3RD,331057,671678,55C KINNAIRD PARK
331066,671686,3427,outdoor equipment & clothing,Mountain Warehouse,Class 1,EH15 3RD,331066,671686,55D KINNAIRD PARK
331069,671696,3428,bakers,Patisserie Valerie,Class 1,EH15 3RD,331069,671696,56 KINNAIRD PARK
331071,671703,3429,opticians,Specsavers,Class 1,EH15 3RD,331071,671703,57 KINNAIRD PARK
331073,671709,3430,ladies clothing - accessories,Claire's Accessories,Class 1,EH15 3RD,331073,671709,58 KINNAIRD PARK
331075,671716,3431,caf‚,Costa Coffee,Class 2,EH15 3RD,331075,671716,59 KINNAIRD PARK
331078,671726,3432,sports clothing,JD Sports,Class 1,EH15 3RD,331078,671726,60 KINNAIRD PARK
331107,671745,3433,ladies clothing,New Look,Class 1,EH15 3RD,331107,671745,61-62 KINNAIRD PARK
331112,671761,3434,mobile phones,Vodafone,Class 1,EH15 3RD,331112,671761,63(2) KINNAIRD PARK
331125,671765,3435,bakers,Greggs,Class 1,EH15 3RD,331125,671765,63(1) KINNAIRD PARK
331114,671768,3436,mobile phones,3 Store,Class 1,EH15 3RD,331114,671768,64(1) KINNAIRD PARK
331116,671775,3437,outdoor clothing,Black's,Class 1,EH15 3RD,331116,671775,64(2) KINNAIRD PARK
331121,671789,3438,mobile phones,EE,Class 1,EH15 3RD,331121,671789,65A KINNAIRD PARK
331120,671785,3439,stationers,Card Factory,Class 1,EH15 3RD,331120,671785,65B KINNAIRD PARK
331128,671796,3440,mobile phones,O2,Class 1,EH15 3RD,331128,671796,66 KINNAIRD PARK
331145,671805,3441,restaurant,Pizza Hut,Class 3,EH15 3RD,331145,671805,67 KINNAIRD PARK
331045,671826,3442,opticians,Vision Express,Class 1,EH15 3RD,331045,671826,68 KINNAIRD PARK
331031,671830,3443,cosmetics,The Perfume Shop,Class 1,EH15 3RD,331031,671830,69A KINNAIRD PARK
331024,671831,3444,optician,Vision Express,Class 1,EH15 3RD,331024,671831,69B KINNAIRD PARK
331010,671836,3445,jeweller,Beaverbrooks,Class 1,EH15 3RD,331010,671836,70 KINNAIRD PARK
330996,671840,3446,mobile phones,Carphone Warehouse,Class 1,EH15 3RD,330996,671840,71 KINNAIRD PARK
330980,671833,3447,arts and crafts supplies,Hobbycraft,Class 1,EH15 3RD,330980,671833,72 KINNAIRD PARK
330976,671819,3448,clothing general,USC,Class 1,EH15 3RD,330976,671819,73 KINNAIRD PARK
330973,671808,3449,shoes & footwear,Clarks,Class 1,EH15 3RD,330973,671808,74 KINNAIRD PARK
330968,671789,3450,"Books, CDs, DVDs",Waterstone's / Starbucks,Class 1,EH15 3RD,330968,671789,75 KINNAIRD PARK
330961,671760,3451,ladies clothing,H & M (Hennes & Mauritz),Class 1,EH15 3RD,330961,671760,76 KINNAIRD PARK
330954,671737,3452,Toys,Smyths,Class 1,EH15 3RD,330954,671737,77 KINNAIRD PARK
327579,669525,3453,public house,Liberton Inn,SUI GENERIS,EH16 6JA,327579,669525,88-90 KIRK BRAE
320054,672880,3454,public house,Winston Lounge Bar,SUI GENERIS,EH12 7HD,320054,672880,20 KIRK LOAN
327462,674323,3455,complementary health,Shining Light,Class 2,EH7 5TG,327462,674323,1 KIRKWOOD PLACE
325163,673145,3456,take away food,Mel Boy's,Class 1,EH3 9DL,325163,673145,13A LADY LAWSON STREET
325041,673247,3457,soprts equipement & clothing,Boardwise,Class 1,EH3 9DS,325041,673247,4-8 LADY LAWSON STREET
325047,673237,3458,restaurant,TIMBERYARD EDINBURGH (RESTAURANT) LTD,Class 3,EH3 9DS,325047,673237,10 LADY LAWSON STREET
325048,673241,3459,restaurant & hot food take-away (Chinese),Mandarin House,Class 3,EH3 9DS,325048,673241,14-18 LADY LAWSON STREET
325058,673233,3460,hairdresser,Stag Barber,Class 1,EH3 9DS,325058,673233,22 LADY LAWSON STREET
325061,673229,3461,take-away food,Preachers Patisserie,Class 1,EH3 9DS,325061,673229,24-26 LADY LAWSON STREET
325065,673227,3462,vaccant,vacant,Vacant,EH3 9DS,325065,673227,28 LADY LAWSON STREET
325069,673222,3463,sandwiches,Peppers,Class 1,EH3 9DS,325069,673222,32 LADY LAWSON STREET
325105,673175,3464,restaurant,Caf‚ Truva,Class 3,EH3 9DW,325105,673175,46-52 LADY LAWSON STREET
328809,673144,3465,grocer (lic.),Nairne Convenience Store,Class 1,EH8 7LZ,328809,673144,11-13 LADY NAIRNE PLACE
328820,673149,3466,vacant,vacant,Vacant,EH8 7LZ,328820,673149,15 LADY NAIRNE PLACE
328833,673153,3467,vacant,vacant,Vacant, ,328833,673153, 
327362,670924,3468,ladies clothing,New Look,Class 1,EH16 5PB,327362,670924,6/39 LADY ROAD
327362,670939,3469,"books, stationery, periodicals etc.",W.H. Smith,Class 1,EH16 5PB,327362,670939,6/37 LADY ROAD
327362,670953,3470,shoes & footwear,Clarks,Class 1,EH16 5PB,327362,670953,6/35 LADY ROAD
327362,670966,3471,toiletries & cosmetics,Bodycare,Class 1,EH16 5PB,327362,670966,6/33 LADY ROAD
327363,670988,3472,men's clothing,Blue,Class 1,EH16 5PB,327363,670988,6/29 LADY ROAD
327363,671001,3473,outdoor clothing,Trespass,Class 1,EH16 5PB,327363,671001,6/27 LADY ROAD
327363,671010,3474,jeweller,H. Samuel,Class 1,EH16 5PB,327363,671010,6/25 LADY ROAD
327411,671075,3475,supermarket - large,Sainsbury,Class 1,EH16 5PB,327411,671075,6/19 LADY ROAD
327362,670977,3476,mixed durable goods,British Home Stores (BHS),Class 1,EH16 5PB,327362,670977,6/31 LADY ROAD
327364,671016,3477,mobile phones,Carphone Warehouse,Class 1,EH16 5PB,327364,671016,6/23 LADY ROAD
327364,671023,3478,mobile phones,EE,Class 1,EH16 5PB,327364,671023,6/21 LADY ROAD
327365,671043,3479,confectionery,Thorntons,Class 1,EH16 5PB,327365,671043,6/17 LADY ROAD
327366,671049,3480,travel agent,Thomas Cook,Class 1,EH16 5PB,327366,671049,6/15 LADY ROAD
327366,671055,3481,travel agent,Barrhead Travel,Class 1,EH16 5PB,327366,671055,6/13 LADY ROAD
327366,671062,3482,travel agent,First Choice,Class 1,EH16 5PB,327366,671062,6/11 LADY ROAD
327366,671067,3483,greetings cards,Clinton's,Class 1,EH16 5PB,327366,671067,6/9 LADY ROAD
327367,671073,3484,vacant,vacant,Vacant,EH16 5PB,327367,671073,6/7 LADY ROAD
327367,671079,3485,optician,Boot Opticians,Class 1,EH16 5PB,327367,671079,6/5 LADY ROAD
327368,671084,3486,travel agent,Thomson,Class 1,EH16 5PB,327368,671084,6/3 LADY ROAD
327368,671103,3487,bank,Bank of Scotland / HBOS,Class 2,EH16 5PB,327368,671103,6/1B LADY ROAD
327368,671090,3488,ladies clothing - accessories,Claire's Accessories,Class 1,EH16 5PB,327368,671090,6/1D LADY ROAD
327327,671011,3489,ladies and mens clothing,Peacocks,Class 1, ,327327,671011, 
327330,671095,3490,books,Waterstones,Class 1,EH16 5PB,327330,671095,6/2 LADY ROAD
327330,671100,3491,bakers,Gregg's,Class 1,EH16 5PB,327330,671100,6/2B LADY ROAD
327331,671106,3492,bank,TSB,Class 2,EH16 5PB,327331,671106,6/2C LADY ROAD
327330,671089,3493,shoe repairs / key cutting / watch repairs / nameplates / engraving etc.,Timpson,Class 1,EH16 5PB,327330,671089,6/4A LADY ROAD
327329,671082,3494,barber,Mr. Man,Class 1,EH16 5PB,327329,671082,6/4B LADY ROAD
327329,671076,3495,second hand games etc.,Entertainment Exchange,Class 1,EH16 5PB,327329,671076,6/6 LADY ROAD
327328,671064,3496,coffee shop,Costa Coffee,Class 3,EH16 5PB,327328,671064,6/8 LADY ROAD
327328,671056,3497,greeting cards,Card Factory,Class 1,EH16 5PB,327328,671056,6/10 LADY ROAD
327328,671047,3498,chemist,Boots,Class 1,EH16 5PB,327328,671047,6/12 LADY ROAD
327328,671036,3499,electronic games,Game,Class 1,EH16 5PB,327328,671036,6/14 LADY ROAD
327328,671029,3500,gadget shop,The Entertainer,Class 1,EH16 5PB,327328,671029,6/16 LADY ROAD
327327,671022,3501,ladies clothing,Yours,Class 1,EH16 5PB,327327,671022,6/18 LADY ROAD
327327,671016,3502,mobile phones,O2,Class 1,EH16 5PB,327327,671016,6/20 LADY ROAD
327325,670981,3503,mobile phones,3 Mobile,Class 1,EH16 5PB,327325,670981,6/26 LADY ROAD
327325,670961,3504,health food,Holland & Barrett,Class 1,EH16 5PB,327325,670961,6/32 LADY ROAD
327325,670953,3505,shoes,Shoe Zone,Class 1,EH16 5PB,327325,670953,6/34 LADY ROAD
327324,670946,3506,gift shop,A to Z Gift Shop,Class 1,EH16 5PB,327324,670946,6/36 LADY ROAD
327324,670939,3507,optician,Specsavers,Class 1,EH16 5PB,327324,670939,6/38 LADY ROAD
327324,670931,3508,chemist,Semi-Chem,Class 1,EH16 5PB,327324,670931,6/40 LADY ROAD
327323,670924,3509,optician,Optical Express,Class 1,EH16 5PB,327323,670924,6/42 LADY ROAD
327354,671047,3510,hairdresser,Evolution 10,Class 1,EH16 5PB,327354,671047,6/41 LADY ROAD
327339,671053,3511,hot food take-away,Burger King,SUI GENERIS,EH16 5PB,327339,671053,6/43-49 LADY ROAD
327339,671060,3512,hot food take-away,Potato More,SUI GENERIS, ,327339,671060, 
327347,671031,3513,hot food take-away,Traditional Favourites,SUI GENERIS, ,327347,671031, 
327339,671047,3514,hot food take-away,Cafe Select,SUI GENERIS, ,327339,671047, 
327322,670984,3515,household goods,Poundworld,Class 1,EH16 5PB,327322,670984,6/28-30 LADY ROAD
322221,670792,3516,car showroom,Clark Motorchoice,SUI GENERIS,EH14 1TG,322221,670792,1 LANARK ROAD
322188,670760,3517,car showroom (hard standing),Clark Motorchoice,SUI GENERIS, ,322188,670760, 
322136,670709,3518,public house,The Blue Goose,SUI GENERIS,EH14 1TG,322136,670709,27(1) LANARK ROAD
322030,670652,3519,public house,Cross Keys,SUI GENERIS,EH14 1TL,322030,670652,43 LANARK ROAD
322018,670643,3520,"windows, door, hardware",EHS Architectural Services,Class 4,EH14 1TL,322018,670643,47-49 LANARK ROAD
321997,670627,3521,hairdresser (gents),Charlie's Barber,Class 1,EH14 1TL,321997,670627,51A LANARK ROAD
320411,668958,3522,public house & restaurant,Tanners Lounge Bar,SUI GENERIS,EH14 5BA,320411,668958,459 LANARK ROAD
319776,668560,3523,bike repairs,Just Bike Repairs,Class 1,EH14 5DE,319776,668560,529 LANARK ROAD
319759,668540,3524,apples / apple juice,Eves Appleshack,Class 1,EH14 5DE,319759,668540,533(X) LANARK ROAD
319742,668534,3525,restaurant,Ali Borge,Class 3,EH14 5DE,319742,668534,535 LANARK ROAD
319723,668523,3526,hot food take-away (fish& chips),Pentland Fry,SUI GENERIS,EH14 5DE,319723,668523,539 LANARK ROAD
319620,668455,3527,hot food take-away (Chinese),Swallow,SUI GENERIS,EH14 5DE,319620,668455,555 LANARK ROAD
319601,668445,3528,hairdresser,Mane Attraction,Class 1,EH14 5DE,319601,668445,559 LANARK ROAD
319598,668442,3529,electrical shop,Byre's Electrians,Class 1,EH14 5DE,319598,668442,559B LANARK ROAD
319603,668435,3530,fishmonger,Norman Gallacher,Class 1,EH14 5DE,319603,668435,561A LANARK ROAD
319588,668435,3531,caf‚,Mollys,Class 3,EH14 5DB,319588,668435,563 LANARK ROAD
319566,668421,3532,medical,Edinburgh Sports Injury Clinic (ESIC),Class 2, ,319566,668421, 
319508,668385,3533,hairdresser,Juniper Salon,Class 1,EH14 5DA,319508,668385,583 LANARK ROAD
319497,668379,3534,optician,Margaret Best Optometrist,Class 1,EH14 5DA,319497,668379,587A LANARK ROAD
319477,668368,3535,vacant,vacant,Vacant,EH14 5DA,319477,668368,589 LANARK ROAD
322185,670817,3536,hairdresser,Giles,Class 1,EH14 1TQ,322185,670817,6 LANARK ROAD
319771,668597,3537,chemist,Lindsay Gilmour,Class 1,EH14 5DJ,319771,668597,536 LANARK ROAD
319732,668570,3538,hairdresser,Julie Maxwell Hairdressing,Class 1,EH14 5DJ,319732,668570,540 LANARK ROAD
319767,668585,3539,bank,Royal Bank of Scotland,Class 2,EH14 5EL,319767,668585,540A LANARK ROAD
319726,668556,3540,public house,Juniper Green Inn,SUI GENERIS,EH14 5EL,319726,668556,542 LANARK ROAD
319716,668548,3541,computer repairs,Simplyfix IT,Class 1,EH14 5EL,319716,668548,544 LANARK ROAD
319702,668538,3542,hairdresser,Railway Barbers,Class 1,EH14 5EL,319702,668538,546C LANARK ROAD
319702,668538,3543,betting shop,Scotbet,Class 2,EH14 5EL,319702,668538,546D LANARK ROAD
319608,668479,3544,caf‚ / delli,Woods Deli,Class 3,EH14 5EL,319608,668479,574 LANARK ROAD
319608,668479,3545,office,Recycling & Data Services Ltd,Class 4,EH14 5EL,319608,668479,576 LANARK ROAD
319565,668451,3546,frozen food,Iceland,Class 1,EH14 5EN,319565,668451,594-600 LANARK ROAD
319536,668436,3547,public house,Kinleith Arms,SUI GENERIS,EH14 5EN,319536,668436,604 LANARK ROAD
319474,668395,3548,beauty salon,The Juniper Beauty Salon,Class 1,EH14 5EW,319474,668395,624(A) LANARK ROAD
318977,668120,3549,petrol filling station & shop,The Co-operative Food / Total,Class 1,EH14 5JX,318977,668120,57 LANARK ROAD WEST
318495,667861,3550,public house,Woodhall Arms,SUI GENERIS,EH14 5NZ,318495,667861,137 LANARK ROAD WEST
318547,667910,3551,caf‚,Corner Caf‚,Class 3,EH14 5NY,318547,667910,120 LANARK ROAD WEST
318540,667907,3552,grocer,H & S Stores,Class 1,EH14 5NY,318540,667907,122 LANARK ROAD WEST
318534,667905,3553,butcher,Mark Mcgill,Class 1,EH14 5NY,318534,667905,124 LANARK ROAD WEST
318401,667858,3554,bank,Bank of Scotland,Class 2,EH14 5NY,318401,667858,158A LANARK ROAD WEST
318388,667853,3555,chemist,Lloyds Pharmacy,Class 1,EH14 5NY,318388,667853,162 LANARK ROAD WEST
318379,667850,3556,bathroom showroom,Splash Bathrooms,Class 1,EH14 5NY,318379,667850,164 LANARK ROAD WEST
318260,667829,3557,post office & gifts,n/a,Class 1,EH14 5NX,318260,667829,190 LANARK ROAD WEST
317557,667470,3558,funeral directors,William Purves,Class 1,EH14 5RR,317557,667470,348 LANARK ROAD WEST
327649,669465,3559,stock control systems,Lapsley Ltd.,Class 4,EH16 6JB,327649,669465,19-21 LASSWADE ROAD
327652,669459,3560,grocer (lic.),Day-Today express,Class 1,EH16 6JB,327652,669459,25 LASSWADE ROAD
327663,669437,3561,hairdresser,Kurlz,Class 1,EH16 6TD,327663,669437,27 LASSWADE ROAD
327665,669432,3562,n/t/c,Lasswade News Plus,Class 1,EH16 6TD,327665,669432,31 LASSWADE ROAD
327667,669428,3563,estate agent,Allan McDougall,Class 2,EH16 6TD,327667,669428,33 LASSWADE ROAD
327695,669363,3564,supermarket,Margiotta,Class 1,EH16 6TD,327695,669363,43 LASSWADE ROAD
327699,669347,3565,vacant,vacant,Vacant,EH16 6TD,327699,669347,43A LASSWADE ROAD
320541,676094,3566,restaurant,Toby Carvery,Class 3,EH4 5EX,320541,676094,69 LAURISTON FARM ROAD
325061,673020,3567,car parts & accessories,Car Audio Tyre & Battery Depot,Class 1,EH3 9JB,325061,673020,91 LAURISTON PLACE
325056,673019,3568,hot food take-away,Pizza Mania,SUI GENERIS,EH3 9JB,325056,673019,93 LAURISTON PLACE
325052,673018,3569,e-cigarettes,The Vapour Lounge,Class 1,EH3 9JB,325052,673018,97 LAURISTON PLACE
325048,673017,3570,hairdresser (gents),Bob's Barber Shop,Class 1,EH3 9JB,325048,673017,99 LAURISTON PLACE
325043,673015,3571,caf‚ & gaming centre,Games Hub,Class 3,EH3 9JB,325043,673015,101 LAURISTON PLACE
325027,673009,3572,public house,Brauhaus,SUI GENERIS,EH3 9JG,325027,673009,105-107 LAURISTON PLACE
325023,673007,3573,sandwich bar,"""Nice One!""",Class 1,EH3 9JG,325023,673007,109 LAURISTON PLACE
325010,673002,3574,residential letting agency,Littlejohns,Class 2,EH3 9JG,325010,673002,113-115 LAURISTON PLACE
325003,672995,3575,hairdressers,Sparkle Hair & Beauty,Class 1,EH3 9JN,325003,672995,117 LAURISTON PLACE
324998,672991,3576,residential letting agency,Littlejohns,Class 2,EH3 9JN,324998,672991,121 LAURISTON PLACE
324993,672988,3577,Chinese supermarket incorporating travel agent,Edinburgh Trading Ltd. (ETL),Class 1,EH3 9JN,324993,672988,125 LAURISTON PLACE
324983,672982,3578,art supplies,Edinburgh Art Shop,Class 1,EH3 9JN,324983,672982,129 LAURISTON PLACE
324975,672975,3579,council services,City of Edinburgh Council Local Area Co-Ordination,Class 2,EH3 9JN,324975,672975,133 LAURISTON PLACE
324968,672968,3580,bikes,Electron Wheels,Class 1,EH3 9JN,324968,672968,137 LAURISTON PLACE
324962,672956,3581,caf‚,Forest Caf‚,Class 3,EH3 9JN,324962,672956,141 LAURISTON PLACE
325363,673100,3582,beauty salon,The Beauty Quarter,Class 1,EH3 9EZ,325363,673100,32 LAURISTON PLACE
325117,673064,3583,pawnbrokers & jewellers,Harvey & Thompson,Class 2,EH3 9HX,325117,673064,106 LAURISTON PLACE
325093,673124,3584,company services,Peter Trainer,Class 4,EH3 9DQ,325093,673124,27 LAURISTON STREET
325098,673118,3585,leather goods & repair,Leather Work,Class 1,EH3 9DQ,325098,673118,31 LAURISTON STREET
325030,673159,3586,public house,Hooters Showbar,SUI GENERIS,EH3 9DJ,325030,673159,2 LAURISTON STREET
325036,673154,3587,clinic,Alba Acupuncture,Class 2, ,325036,673154, 
325040,673151,3588,clinic,Alba Health Studio,Class 2,EH3 9DJ,325040,673151,10 LAURISTON STREET
325229,676948,3589,architects,Andrew Stoane Architects,Class 4,EH5 3BP,325229,676948,9 LAVEROCKBANK AVENUE
325084,676977,3590,public house,Starbank Inn,SUI GENERIS,EH5 3BZ,325084,676977,64(02) LAVEROCKBANK ROAD
330979,671526,3591,Restaurant,ED'S EASY DINER,Class 3,EH15 3RH,330979,671526,(H) LAWHOUSE TOLL
330933,671664,3592,mixed durable goods,Boots,Class 1,EH15 3RH,330933,671664,1 LAWHOUSE TOLL
330912,671653,3593,Vacant, ,Vacant,EH15 3RH,330912,671653,2A LAWHOUSE TOLL
330904,671650,3594,jeweller,H Samuel,Class 1,EH15 3RH,330904,671650,2B LAWHOUSE TOLL
330892,671650,3595,"books, stationery, newspapers and confectionery",W.H. Smith / Costa,Class 1,EH15 3RH,330892,671650,3A/1 LAWHOUSE TOLL
330880,671644,3596,Clothing (ladies),Monsoon / Accessorize,Class 1,EH15 3RH,330880,671644,3A/2 LAWHOUSE TOLL
330871,671639,3597,ladies clothing,Jacamo / Simply Be,Class 1,EH15 3RH,330871,671639,3B LAWHOUSE TOLL
330855,671632,3598,Ladies clothing,Outfit,Class 1,EH15 3RH,330855,671632,4 LAWHOUSE TOLL
330839,671623,3599,sports clothing & equipment,Sport Direct.com,Class 1,EH15 3RH,330839,671623,5 LAWHOUSE TOLL
330829,671600,3600,Toys,Toys R Us,Class 1,EH15 3RH,330829,671600,6 LAWHOUSE TOLL
330848,671565,3601,ladies & mens clothing,Next,Class 1,EH15 3RH,330848,671565,7-8 LAWHOUSE TOLL
330856,671545,3602,General clothing,Fat Face,Class 1,EH15 3RH,330856,671545,9 LAWHOUSE TOLL
330860,671535,3603,"Children's clothing, baby equipment",Mamas & Papas,Class 1,EH15 3RH,330860,671535,10 LAWHOUSE TOLL
330874,671530,3604,chemist,Superdrug,Class 1,EH15 3RH,330874,671530,11A LAWHOUSE TOLL
330879,671521,3605,video games,Game,Class 1,EH15 3RH,330879,671521,11B LAWHOUSE TOLL
330883,671512,3606,clothing general,River Island,Class 1,EH15 3RH,330883,671512,12 LAWHOUSE TOLL
330892,671495,3607,clothing & equipment for children & mothers,Mothercare World / Early Learning Centre,Class 1,EH15 3RH,330892,671495,13 LAWHOUSE TOLL
325599,673591,3608,public house,Deacon Brodie's Tavern,SUI GENERIS,EH1 2NT,325599,673591,435 LAWNMARKET
325590,673590,3609,knitwear,Jamie Scott's Mill Shop,Class 1,EH1 2NT,325590,673590,443-449 LAWNMARKET
325578,673586,3610,knitwear,Tartan Weaving Mill,Class 1,EH1 2NT,325578,673586,453-455 LAWNMARKET
325569,673584,3611,"knitwear, tartans",Heritage of Scotland.com,Class 1,EH1 2NT,325569,673584,459-463 LAWNMARKET
325558,673581,3612,knitwear,Hawick Knitwear,Class 1,EH1 2NT,325558,673581,479 LAWNMARKET
325552,673578,3613,knitwear,Cashmere House,Class 1, ,325552,673578, 
325547,673574,3614,knitwear,Harris Tweed Hebrides,Class 1,EH1 2NT,325547,673574,491 LAWNMARKET
325542,673571,3615,cashmere,Highland House,Class 1,EH1 2PE,325542,673571,495-497 LAWNMARKET
325533,673567,3616,n/t/c,J & S Newsagent,Class 1,EH1 2PE,325533,673567,499 LAWNMARKET
325527,673565,3617,Restaurant (fish & chips),Taste of Scotland,Class 3,EH1 2PE,325527,673565,503 LAWNMARKET
325521,673562,3618,"gifts, souvenirs",House of Scotland,Class 1,EH1 2PE,325521,673562,509-513 LAWNMARKET
325514,673558,3619,"gifts, souvenirs",Wee Scotland Shop,Class 1,EH1 2PE,325514,673558,515 LAWNMARKET
325509,673556,3620,"antiques, curios",The Court Curio Shop,Class 1,EH1 2PE,325509,673556,519 LAWNMARKET
325503,673554,3621,public house,Ensign Ewart,SUI GENERIS,EH1 2PE,325503,673554,521-523 LAWNMARKET
325603,673556,3622,ice creams & coffee,No name on fascia,Class 1,EH1 2PH,325603,673556,(300X) LAWNMARKET
325597,673555,3623,bank,Bank of Scotland,Class 2,EH1 2PH,325597,673555,300 LAWNMARKET
325554,673545,3624,"gifts, souvenirs",The Whisky Trail,Class 1,EH1 2PH,325554,673545,324-326 LAWNMARKET
325548,673544,3625,"gifts, clothing",Clans of Scotland,Class 1,EH1 2PH,325548,673544,328 LAWNMARKET
325541,673542,3626,Cashmere,Kiltane,Class 1,EH1 2PH,325541,673542,330 LAWNMARKET
325534,673540,3627,clothing,Edinburgh Factory Outlet,Class 1,EH1 2PH,325534,673540,334 LAWNMARKET
325528,673537,3628,clothing,Ness Scotland Clothing Co.,Class 1,EH1 2PH,325528,673537,336-340 LAWNMARKET
324738,672292,3629,chiropodist,T.G. Kelly / A1 Chiropody,Class 2, ,324738,672292, 
323771,674651,3630,hairdresser,Horizon,Class 1,EH4 1DG,323771,674651,3-5 LEARMONTH AVENUE
323742,674644,3631,butcher & poulterer,Shaw Fine Meats,Class 1,EH4 1DF,323742,674644,4-8 LEARMONTH AVENUE
323864,674660,3632,chiropodist,Comely Bank Chiropody Surgery,Class 2,EH4 1BN,323864,674660,50 LEARMONTH GROVE
323863,674665,3633,physiotherapy,Treatment Room,Class 2, ,323863,674665, 
325904,674056,3634,public house,The Newsroom,SUI GENERIS,EH1 3AT,325904,674056,5-11 LEITH STREET
325923,674072,3635,charity,The Access Point,Class 4,EH1 3AT,325923,674072,17-25 LEITH STREET
325939,674085,3636,n/t/c,Central News,Class 1,EH1 3AT,325939,674085,29 LEITH STREET
325945,674091,3637,bridal salon,Emma Roy of Edinburgh,Class 1,EH1 3AT,325945,674091,31-33 LEITH STREET
325948,674095,3638,caf‚,Caf‚ efe & Bistro,Class 3,EH1 3AT,325948,674095,37 LEITH STREET
325951,674099,3639,mens clothing & formalwear hire,B-Kilted,Class 1,EH1 3AT,325951,674099,39 LEITH STREET
325953,674102,3640,caf‚ / coffee shop,Deli Fresco,Class 3,EH1 3AT,325953,674102,41 LEITH STREET
325957,674106,3641,public house,Black Bull,SUI GENERIS,EH1 3AT,325957,674106,43 LEITH STREET
325986,674131,3642,coffee shop,Starbucks,Class 3,EH1 3AT,325986,674131,45-47(GF) LEITH STREET
326071,674324,3643,restaurant,Cosmo,Class 3,EH1 3AU,326071,674324,61/9 LEITH STREET
326078,674366,3644,public house,Loylds Bar,SUI GENERIS,EH1 3AU,326078,674366,61/1 LEITH STREET
326091,674357,3645,restaurant,Nando's,Class 3,EH1 3AU,326091,674357,61/2 LEITH STREET
326099,674340,3646,restaurant,Frankie & Benny's,Class 3,EH1 3AU,326099,674340,61/3 LEITH STREET
326099,674324,3647,restaurant,Filling Station,Class 3,EH1 3AU,326099,674324,61/4 LEITH STREET
326093,674307,3648,restaurant,Toni Macaroni,Class 3,EH1 3AU,326093,674307,61/5 LEITH STREET
326078,674276,3649,vacant,vacant,Vacant,EH1 3AU,326078,674276,61/6-7 LEITH STREET
326076,674340,3650,public house,The Slug and Lettuce,SUI GENERIS,EH1 3AU,326076,674340,61/8 LEITH STREET
326971,675886,3651,public house,The Central Bar,SUI GENERIS,EH6 8LN,326971,675886,7-9 LEITH WALK
326968,675879,3652,moneylender,The money shop,Class 2,EH6 8LN,326968,675879,11 LEITH WALK
326964,675873,3653,mobile phones,no name,Class 1,EH6 8LN,326964,675873,13 LEITH WALK
326951,675846,3654,building society,Santandar,Class 2,EH6 8LN,326951,675846,15-21 LEITH WALK
326918,675785,3655,pawn broker,We Pay,Class 2,EH6 8LN,326918,675785,23 LEITH WALK
326938,675823,3656,public house,The Spey Lounge,SUI GENERIS,EH6 8LS,326938,675823,39 LEITH WALK
326935,675818,3657,hot food take-away,The Mermaid Fish Bar,SUI GENERIS,EH6 8LS,326935,675818,43-45 LEITH WALK
326933,675813,3658,grocer & n/t/c,Clarke's Foodstore,Class 1,EH6 8LS,326933,675813,47-49 LEITH WALK
326923,675796,3659,bank,Lloyds TSB Scotland,Class 2,EH6 8LS,326923,675796,53-59 LEITH WALK
326921,675790,3660,hot food take away,Desi Pakwan,SUI GENERIS,EH6 8LS,326921,675790,61 LEITH WALK
326909,675770,3661,hot food take away,Pappa Johns Pizza,SUI GENERIS,EH6 8LX,326909,675770,77A-79 LEITH WALK
326906,675762,3662,vacant,vacant,Vacant,EH6 8LX,326906,675762,81 LEITH WALK
326903,675757,3663,dental surgery,P.J. Ferry,Class 2, ,326903,675757, 
326901,675752,3664,charity shop,All together,Class 1,EH6 8LX,326901,675752,87 LEITH WALK
326898,675746,3665,grocer,Euro Foods,Class 1,EH6 8LX,326898,675746,91 LEITH WALK
326888,675727,3666,second-hand furniture,Leith Sale Rooms,Class 1,EH6 8NP,326888,675727,99 LEITH WALK
326885,675723,3667,solicitor,Gilfredder and McInnes,Class 2,EH6 8NP,326885,675723,101 LEITH WALK
326882,675717,3668,hairdresser,Tip Top Tresses,Class 1,EH6 8NP,326882,675717,103 LEITH WALK
326879,675712,3669,baker,Douglas's Bakery,Class 1,EH6 8NP,326879,675712,105 LEITH WALK
326877,675707,3670,charity shop,Salvation Army,Class 1,EH6 8NP,326877,675707,107(02)-109 LEITH WALK
326871,675695,3671,hairdresser,Purusha,Class 1,EH6 8NP,326871,675695,111 LEITH WALK
326868,675690,3672,gift shop,Lovella,Class 1,EH6 8NP,326868,675690,115 LEITH WALK
326863,675678,3673,hot food take-away,Domino's Pizza,SUI GENERIS,EH6 8NP,326863,675678,121 LEITH WALK
326859,675673,3674,property letting,Click-Let,Class 2,EH6 8NP,326859,675673,123 LEITH WALK
326857,675669,3675,bank,Santandar,Class 2,EH6 8NP,326857,675669,125A-127 LEITH WALK
326817,675586,3676,computer accessories,Flying Computers,Class 1,EH6 8NR,326817,675586,167 LEITH WALK
326814,675580,3677,barber,The Men's Room,Class 1,EH6 8NR,326814,675580,169 LEITH WALK
326812,675575,3678,hot food take-away,Qupi,SUI GENERIS,EH6 8NR,326812,675575,171 LEITH WALK
326809,675570,3679,flooring,Millers Linoleum Warehouse,Class 1,EH6 8NR,326809,675570,175-177 LEITH WALK
326797,675544,3680,mortgage brokers,Mortgage Centre Partnership,Class 2,EH6 8NX,326797,675544,185 LEITH WALK
326793,675535,3681,grocer,Best One,Class 1,EH6 8NX,326793,675535,187-189 LEITH WALK
326789,675527,3682,amusement arcade,Slot Casino,Class 11,EH6 8NX,326789,675527,193 LEITH WALK
326787,675521,3683,Chinese supermarket,Pats Chung Ying,Class 1,EH6 8NX,326787,675521,199-201 LEITH WALK
326781,675509,3684,grocer / convenience store,Scotmid,Class 1,EH6 8NX,326781,675509,209 LEITH WALK
326774,675496,3685,betting shop,William Hill,Class 2,EH6 8NX,326774,675496,215-217 LEITH WALK
326771,675488,3686,sandwich shop,Subway,Class 1,EH6 8NX,326771,675488,219 LEITH WALK
326769,675485,3687,Gift shop,Stardust,Class 1,EH6 8NX,326769,675485,221 LEITH WALK
326768,675481,3688,Tattoo parlour,Blue Tiger,Class 2,EH6 8NX,326768,675481,225 LEITH WALK
326766,675478,3689,public house,Alhambra Bar,SUI GENERIS,EH6 8NX,326766,675478,227 LEITH WALK
326755,675459,3690,public house,Boda,SUI GENERIS,EH6 8NY,326755,675459,229 LEITH WALK
326754,675456,3691,Community assistance for Polish,Polak W Szkoji,Class 2,EH6 8NY,326754,675456,231 LEITH WALK
326750,675446,3692,delicatessen and caf‚,Polich Mini Market,Class 1, ,326750,675446, 
326747,675441,3693,cafe,Area C Coffee House,Class 3,EH6 8NY,326747,675441,239-241 LEITH WALK
326745,675437,3694,jeweller,Ubaid,Class 1,EH6 8NY,326745,675437,245 LEITH WALK
326742,675432,3695,charity office,Home Start,Class 4,EH6 8NY,326742,675432,247 LEITH WALK
326737,675421,3696,greengrocer,City Fruit Supply,Class 1,EH6 8NY,326737,675421,249-251 LEITH WALK
326733,675413,3697,Bistro,The Clock,Class 3,EH6 8NY,326733,675413,255-257 LEITH WALK
326729,675407,3698,chemist,Lindsay & Gilmour,Class 1,EH6 8NY,326729,675407,257A LEITH WALK
326726,675401,3699,caf‚,Sea Breeze,Class 3,EH6 8NY,326726,675401,261-261A LEITH WALK
326723,675394,3700,accountant,Ahmad and Abi McMillan,Class 2,EH6 8NY,326723,675394,263A LEITH WALK
326713,675374,3701,public house,Victoria Bar,SUI GENERIS,EH6 8PD,326713,675374,265 LEITH WALK
326711,675369,3702,financial services,Citynet,Class 4,EH6 8PD,326711,675369,267A LEITH WALK
326709,675364,3703,barber,Trade Cut,Class 1,EH6 8PD,326709,675364,267B LEITH WALK
326707,675360,3704,soft funishing,The Home Essentials,Class 1,EH6 8PD,326707,675360,269A LEITH WALK
326703,675353,3705,greengrocer,Leith Walk Fruits,Class 1,EH6 8PD,326703,675353,271-273 LEITH WALK
326701,675349,3706,caf‚,Origano,Class 3,EH6 8PD,326701,675349,277 LEITH WALK
326699,675345,3707,baker,Storries Home Bakery,Class 1,EH6 8PD,326699,675345,279 LEITH WALK
326696,675338,3708,hot food take-away,Los Cardos,SUI GENERIS,EH6 8PD,326696,675338,281 LEITH WALK
326694,675335,3709,tatto parlour,+48 Tattoo,Class 2,EH6 8PD,326694,675335,283 LEITH WALK
326693,675332,3710,computer games,Gamesmaster,Class 1,EH6 8PD,326693,675332,287 LEITH WALK
326691,675329,3711,hairdresser,Alan Scott Hairdressing,Class 1,EH6 8PD,326691,675329,289 LEITH WALK
326688,675323,3712,hairdresser,Braiding World,Class 1,EH6 8PD,326688,675323,291 LEITH WALK
326686,675318,3713,estate agents,Your Move,Class 2,EH6 8PE,326686,675318,293-295 LEITH WALK
326672,675290,3714,public house,Serrano Manchego,SUI GENERIS,EH6 8SA,326672,675290,297-299 LEITH WALK
326667,675281,3715,grocer,Best One,Class 1,EH6 8SA,326667,675281,301 LEITH WALK
326664,675276,3716,vacant,vacant,Vacant,EH6 8SA,326664,675276,305 LEITH WALK
326662,675271,3717,jeweller,Aslam Jewellery,Class 1,EH6 8SA,326662,675271,307 LEITH WALK
326659,675265,3718,financial services,Swinton,Class 2,EH6 8SA,326659,675265,309 LEITH WALK
326657,675260,3719,hot food take-away,Silver Bowl,SUI GENERIS,EH6 8SA,326657,675260,311 LEITH WALK
326654,675255,3720,domestic appliances,Vacuum Exchange,Class 1,EH6 8SA,326654,675255,315-317 LEITH WALK
326651,675249,3721,veterinary surgery,Braid Vets,Class 2, ,326651,675249, 
326648,675238,3722,Restaurant,LA FAVORITA,Class 3,EH6 8SA,326648,675238,321-331 LEITH WALK
326645,675225,3723,Barber,Ivor's Barber,Class 1,EH6 8SD,326645,675225,335 LEITH WALK
326645,675225,3724,vacant,vacant,Vacant,EH6 8SD,326645,675225,337 LEITH WALK
326632,675217,3725,computer hardware,Ideal Digitech,Class 1,EH6 8SD,326632,675217,339 LEITH WALK
326630,675213,3726,hair and beauty,Indigo,Class 1,EH6 8SD,326630,675213,341 LEITH WALK
326628,675210,3727,books and records,Elvis Shakespear,Class 1,EH6 8SD,326628,675210,347 LEITH WALK
326626,675206,3728,pet shop,Dofos,Class 1,EH6 8SD,326626,675206,349 LEITH WALK
326623,675201,3729,vacant,vacant,Vacant,EH6 8SD,326623,675201,351 LEITH WALK
326620,675197,3730,dog grooming,Top Dogz,Class 1,EH6 8SD,326620,675197,353 LEITH WALK
326617,675192,3731,hot food take away,Greggs,SUI GENERIS,EH6 8SD,326617,675192,357-359 LEITH WALK
326613,675186,3732,chinese medicin,Yasmin's Health and Welfare centre,Class 2,EH6 8SD,326613,675186,361 LEITH WALK
326611,675183,3733,shoe repairs,Shoe Repairs,Class 1,EH6 8SD,326611,675183,363 LEITH WALK
326611,675178,3734,grocer,Leith Grocer,Class 1,EH6 8SD,326611,675178,365 LEITH WALK
326591,675152,3735,public house,Robbie's,SUI GENERIS,EH6 8SE,326591,675152,367 LEITH WALK
326589,675147,3736,"clothing alterations, tailoring",Maria's,Class 1,EH6 8SE,326589,675147,371 LEITH WALK
326584,675140,3737,cafe,Cafe Casablanca,Class 3,EH6 8SE,326584,675140,373-375 LEITH WALK
326581,675134,3738,public house,Boundary Bar,SUI GENERIS,EH6 8SE,326581,675134,379-381 LEITH WALK
326936,675900,3739,n/t/c,Barr & Sons,Class 1,EH6 5AE,326936,675900,2 LEITH WALK
326935,675897,3740,Sandwich Shop,Subway,Class 1,EH6 5AE,326935,675897,4 LEITH WALK
326904,675853,3741,bank,Royal Bank of Scotland,Class 2,EH6 5AA,326904,675853,34 LEITH WALK
326882,675787,3742,solicitors,Beverage & Kellas,Class 2,EH6 5HB,326882,675787,68 LEITH WALK
326881,675784,3743,undertakers,Leith Funeral Service,Class 1,EH6 5HB,326881,675784,72 LEITH WALK
326877,675776,3744,wool shop,Kingfisher Blue,Class 1,EH6 5HB,326877,675776,76 LEITH WALK
326873,675767,3745,hot food take-away,The Tattie Creel,SUI GENERIS,EH6 5HB,326873,675767,80 LEITH WALK
326870,675761,3746,groceries,Akdeniz,Class 1,EH6 5HB,326870,675761,84-90 LEITH WALK
326866,675752,3747,"specialist tobacconist, confectioner",The Pipe Shop,Class 1,EH6 5HB,326866,675752,92 LEITH WALK
326864,675747,3748,driving school,Able Driving School,Class 4,EH6 5HB,326864,675747,94 LEITH WALK
326861,675741,3749,public house,Bar Seinne,SUI GENERIS,EH6 5HB,326861,675741,96-98 LEITH WALK
326853,675728,3750,musical instruments,Rikki's Music Shop,Class 1,EH6 5DT,326853,675728,100 LEITH WALK
326851,675724,3751,confectionery,Candersons's,Class 1,EH6 5DT,326851,675724,102 LEITH WALK
326849,675722,3752,carpets,Carpet Bargain Store,Class 1,EH6 5DT,326849,675722,104 LEITH WALK
326845,675712,3753,Cafe,Cassia,Class 3,EH6 5DT,326845,675712,106 LEITH WALK
326837,675696,3754,bedroom furniture,The Bed Shop,Class 1,EH6 5DT,326837,675696,110-120 LEITH WALK
326825,675674,3755,restaurant,Punjabi Junction,Class 3, ,326825,675674, 
326822,675668,3756,vacant,vacant,Vacant,EH6 5DT,326822,675668,126 LEITH WALK
326819,675662,3757,caf‚,Leith Walk Caf‚,Class 3,EH6 5DT,326819,675662,128 LEITH WALK
326817,675658,3758,vacant,vacant,Vacant,EH6 5DT,326817,675658,132 LEITH WALK
326815,675653,3759,vacant,vacant,Vacant,EH6 5DT,326815,675653,134-136 LEITH WALK
326812,675647,3760,public house,Meridian,SUI GENERIS,EH6 5DT,326812,675647,138-140 LEITH WALK
326808,675641,3761,vacant,vacant,Vacant,EH6 5DT,326808,675641,142 LEITH WALK
326803,675630,3762,charity shop,Barnardo's,Class 1,EH6 5DT,326803,675630,144-150 LEITH WALK
326797,675616,3763,hot food take-away,Frangos,SUI GENERIS,EH6 5DT,326797,675616,154 LEITH WALK
326784,675596,3764,carpets,The Carpet Shop,Class 1,EH6 5EA,326784,675596,166 LEITH WALK
326780,675588,3765,hot food take-away,Pizza Hut,SUI GENERIS,EH6 5EA,326780,675588,170A LEITH WALK
326771,675570,3766,solarium,Easy Tan,Class 11,EH6 5EA,326771,675570,174-176 LEITH WALK
326766,675560,3767,public house,Cask and Still,SUI GENERIS,EH6 5EA,326766,675560,180 LEITH WALK
326751,675532,3768,betting shop,Ladbrokes,Class 2,EH6 5EQ,326751,675532,202-204 LEITH WALK
326747,675524,3769,florist,All Season's Flowers,Class 1,EH6 5EQ,326747,675524,208-210 LEITH WALK
326739,675506,3770,Office,Volunteer Centre,Class 4,EH6 5EQ,326739,675506,222 LEITH WALK
326736,675500,3771,Vacant,Vacant,Vacant,EH6 5EQ,326736,675500,224 LEITH WALK
326735,675497,3772,printers,Arkay Imaging,Class 4,EH6 5EQ,326735,675497,228 LEITH WALK
326733,675493,3773,vacant,vacant,Vacant,EH6 5EQ,326733,675493,230 LEITH WALK
326731,675489,3774,Restaurant,Origano,Class 3,EH6 5EQ,326731,675489,232 LEITH WALK
326716,675461,3775,Tattoo Parlour,Twit Twoo,Class 1,EH6 5EL,326716,675461,238 LEITH WALK
326713,675456,3776,Beauty salon,Inner City Sanctum,Class 1,EH6 5EL,326713,675456,240 LEITH WALK
326710,675450,3777,hairdresser (gents),Pelaquero de Hombres,Class 1,EH6 5EL,326710,675450,244 LEITH WALK
326707,675444,3778,nail salon,Sunset Nails,Class 1,EH6 5EL,326707,675444,246 LEITH WALK
326704,675439,3779,second-hand furniture,Crawfords Furniture Salesrooms,Class 1,EH6 5EL,326704,675439,250-252 LEITH WALK
326699,675426,3780,hot food take-away,Best Kebab House,SUI GENERIS,EH6 5EL,326699,675426,256 LEITH WALK
326695,675419,3781,public house,Woodland Creatures,SUI GENERIS,EH6 5EL,326695,675419,260-262 LEITH WALK
326689,675407,3782,hot food take-away,Original Best Turkish Kebab House,SUI GENERIS,EH6 5EL,326689,675407,266 LEITH WALK
326687,675403,3783,pet shop,Dog Gone Purfect,Class 1,EH6 5EL,326687,675403,268 LEITH WALK
326685,675399,3784,Barber,Romeo,Class 1,EH6 5EL,326685,675399,272 LEITH WALK
326683,675395,3785,second hand goods,Junkdelic,Class 1,EH6 5EL,326683,675395,274 LEITH WALK
326668,675365,3786,bicycles,Leith Cycle Co.,Class 1,EH6 5BX,326668,675365,276 LEITH WALK
326666,675360,3787,vacant,vacant,Vacant,EH6 5BX,326666,675360,278 LEITH WALK
326663,675354,3788,hairdresser (gents),Leith Walk Barber's Salon,Class 1,EH6 5BX,326663,675354,280 LEITH WALK
326660,675348,3789,t.v. & hi-fi repair,Sound and Vision,Class 1,EH6 5BX,326660,675348,284 LEITH WALK
326652,675331,3790,restaurant,Casa Amiga,Class 3,EH6 5BX,326652,675331,294 LEITH WALK
326648,675322,3791,public house,The Harp and Castle,SUI GENERIS,EH6 5BU,326648,675322,298-300 LEITH WALK
326635,675297,3792,Chinese supermarket,Hing Sing,Class 1,EH6 5BU,326635,675297,310 LEITH WALK
326615,675257,3793,car parts & accessories,Pilrig Motors,Class 1,EH6 5BU,326615,675257,328A-330 LEITH WALK
326612,675251,3794,advocacy service,Advocard,Class 2,EH6 5BR,326612,675251,332 LEITH WALK
326606,675239,3795,grocer,Polypak continental foods,Class 1,EH6 5BR,326606,675239,336B LEITH WALK
326601,675230,3796,vacant,vacant,Vacant,EH6 5BR,326601,675230,340A LEITH WALK
326598,675225,3797,launderette,Launderette,Class 1,EH6 5BR,326598,675225,342-346 LEITH WALK
326592,675216,3798,financial services - mortgages,First Mortgage Direct Ltd,Class 2,EH6 5BR,326592,675216,348 LEITH WALK
326588,675211,3799,charity shop,St. Columba's Doo'cot,Class 1,EH6 5BR,326588,675211,352 LEITH WALK
326584,675203,3800,vacant,vacant,Vacant,EH6 5BR,326584,675203,354 LEITH WALK
326581,675198,3801,hot food take-away,China Room,SUI GENERIS,EH6 5BR,326581,675198,356 LEITH WALK
326579,675194,3802,grover,Taste of Poland,Class 1,EH6 5BR,326579,675194,360 LEITH WALK
326573,675186,3803,public house,Brass Monkey,SUI GENERIS,EH6 5BR,326573,675186,362 LEITH WALK
326570,675181,3804,Barber,Amor,Class 1,EH6 5BR,326570,675181,366 LEITH WALK
326539,675132,3805,second-hand goods / cheque cashing,Cash Converters,Class 1,EH7 4PE,326539,675132,368 LEITH WALK
326533,675123,3806,supermarket,Scotmid Late Shop,Class 1,EH7 4PE,326533,675123,370 LEITH WALK
326349,674522,3807,restaurant (Thai),Thia Pad,Class 3,EH7 5LB,326349,674522,20A LEOPOLD PLACE
324916,672743,3808,restaurant (Indian),Tuk Tuk,Class 3,EH3 9LH,324916,672743,1-1A LEVEN STREET
324914,672730,3809,laundrette,Elite Drycleaners,Class 1,EH3 9LH,324914,672730,5 LEVEN STREET
324909,672709,3810,supermarket,Scotmid,Class 1,EH3 9LH,324909,672709,5(01)-21 LEVEN STREET
324913,672693,3811,internet caf‚,Here!,Class 1,EH3 9LH,324913,672693,23 LEVEN STREET
324913,672688,3812,residential letting agency,Capital Lettings,Class 2,EH3 9LH,324913,672688,25 LEVEN STREET
324913,672683,3813,hairdresser,King's Barbers,Class 1,EH3 9LH,324913,672683,25B LEVEN STREET
324912,672679,3814,caf‚,Quick & Plenty Caf‚,Class 3,EH3 9LH,324912,672679,27 LEVEN STREET
324912,672676,3815,home wares,Dandelion & Ginger,Class 1,EH3 9LH,324912,672676,29 LEVEN STREET
324912,672671,3816,"jewellery, crafts",Silver Joolz,Class 1,EH3 9LH,324912,672671,31 LEVEN STREET
324911,672666,3817,herbalist/acupuncture,Naturalway,Class 2,EH3 9LH,324911,672666,35 LEVEN STREET
324911,672661,3818,public house,The Blackbird,SUI GENERIS,EH3 9LH,324911,672661,37-39 LEVEN STREET
324909,672650,3819,beauty parlour,Sarah Murray Beauty,Class 1,EH3 9LH,324909,672650,43 LEVEN STREET
324942,672729,3820,public house,Bennets Bar,SUI GENERIS,EH3 9LG,324942,672729,8 LEVEN STREET
324942,672722,3821,caf‚,Purple Pig Caf‚,Class 3,EH3 9LG,324942,672722,12 LEVEN STREET
324939,672701,3822,vacant,vacant,Vacant,EH3 9LJ,324939,672701,14 LEVEN STREET
324939,672697,3823,New Age products,Monkey Temple,Class 1,EH3 9LJ,324939,672697,16 LEVEN STREET
324938,672692,3824,tea & coffee specialist,Pekoetea,Class 1,EH3 9LJ,324938,672692,20 LEVEN STREET
324938,672687,3825,tailors (repairs/alterations),ART Fashion,Class 1,EH3 9LJ,324938,672687,22 LEVEN STREET
324937,672680,3826,delicatessen (Mexican / Spanish),Lupe Pintos,Class 1,EH3 9LJ,324937,672680,24 LEVEN STREET
324937,672676,3827,"clothing alterations, tailoring, dressmaking",Italian Style,Class 1,EH3 9LJ,324937,672676,28 LEVEN STREET
324937,672669,3828,restaurant (Thai),Leven's,Class 3,EH3 9LJ,324937,672669,30-32 LEVEN STREET
324936,672663,3829,vacant,vacant,Vacant,EH3 9LJ,324936,672663,36 LEVEN STREET
324936,672650,3830,butcher,John Saunderson,Class 1,EH3 9LJ,324936,672650,38-40 LEVEN STREET
324935,672643,3831,restaurant & kebab house,Efes,Class 3,EH3 9LJ,324935,672643,42 LEVEN STREET
324935,672639,3832,caf‚ & take-away food,The Tree House,Class 3,EH3 9LJ,324935,672639,44 LEVEN STREET
327259,669711,3833,hot food take-away,New Fortune Cookie Take Away,SUI GENERIS,EH16 6LD,327259,669711,129 LIBERTON BRAE
327261,669709,3834,chemist,Fleming Pharmacy,Class 1,EH16 6LD,327261,669709,131 LIBERTON BRAE
327264,669705,3835,hairdresser,Denis Equi,Class 1,EH16 6LD,327264,669705,135 LIBERTON BRAE
327266,669702,3836,baker,Goodfellow & Steven,Class 1,EH16 6LD,327266,669702,135A LIBERTON BRAE
327269,669697,3837,letting agent,Units 2 Let,Class 2,EH16 6LD,327269,669697,137 LIBERTON BRAE
327270,669694,3838,florist,Floral Ambitions,Class 1,EH16 6LD,327270,669694,139 LIBERTON BRAE
327275,669688,3839,funeral director,Scotmid Co-operative Funeral Directors,Class 1,EH16 6LD,327275,669688,143 LIBERTON BRAE
327279,669682,3840,n/t/c,Paper Rack,Class 1,EH16 6LD,327279,669682,145 LIBERTON BRAE
327281,669679,3841,bridal wear,Gwenne,Class 1,EH16 6LD,327281,669679,147 LIBERTON BRAE
327285,669672,3842,grocer (lic.),U Save,Class 1,EH16 6LD,327285,669672,151 LIBERTON BRAE
327150,670330,3843,cafe,Yes Cafe Edinburgh South,Class 3,EH16 6AJ,327150,670330,1-2 LIBERTON DAMS
327362,669407,3844,bank,Bank of Scotland,Class 2,EH16 6NL,327362,669407,1 LIBERTON DRIVE
326458,669506,3845,golfing equipment,American Golf Discount Centre,Class 1,EH16 6NS,326458,669506,91A LIBERTON DRIVE
327259,668617,3846,petrol filling station & shop,Gulf,Class 1,EH16 6ND,327259,668617,105 LIBERTON GARDENS
327368,669380,3847,n/t/c (lic),Liberton News,Class 1,EH16 6JR,327368,669380,2 LIBERTON GARDENS
327368,669375,3848,dog grooming,Jack's Grooming,Class 1,EH16 6JR,327368,669375,2A LIBERTON GARDENS
327368,669370,3849,post office,Liberton Gardens Post Office,Class 1,EH16 6JR,327368,669370,4A LIBERTON GARDENS
326173,676848,3850,chemists,Clarks Chemists,Class 1,EH6 4EP,326173,676848,1 LINDSAY ROAD
326250,676833,3851,convenience store,Scotmid,Class 1,EH6 4EP,326250,676833,3A LINDSAY ROAD
326200,676852,3852,printers,Image Printers,Class 4,EH6 4DT,326200,676852,5 LINDSAY ROAD
326193,676852,3853,DIY,Bee & Q,Class 1,EH6 4DT,326193,676852,6 LINDSAY ROAD
326081,676855,3854,vacant,vacant,Vacant,EH6 4DR,326081,676855,23 LINDSAY ROAD
326075,676856,3855,vacant,vacant,Vacant,EH6 4DR,326075,676856,24 LINDSAY ROAD
325628,677042,3856,vacant,vacant,Vacant,EH6 4TZ,325628,677042,100 LINDSAY ROAD
326328,676831,3857,domestic appliances,Riddle & Coghill Interiors,Class 1,EH6 6ND,326328,676831,195 LINDSAY ROAD
326422,676798,3858,vacant,VACANT,Vacant,EH6 6ND,326422,676798,200 LINDSAY ROAD
327669,675826,3859,vacant,VACANT,Vacant,EH6 7JH,327669,675826,(X) LINKS GARDENS
327386,676198,3860,n/t/c,Links Convenience Store,Class 1,EH6 7EZ,327386,676198,1 LINKS PLACE
325530,672945,3861,restaurant (Malaysian & Chinese),Nanyang,Class 3,EH3 9GL,325530,672945,7 LISTER SQUARE
325556,672956,3862,restaurant,Hot Flame,Class 3,EH3 9GL,325556,672956,2(GF) LISTER SQUARE
325530,672945,3863,restaurant & bar,No. 8 Lister Square,SUI GENERIS,EH3 9GL,325530,672945,8 LISTER SQUARE
312242,674503,3864,grocer,Liston Local Store,Class 1,EH29 9BU,312242,674503,1 LISTON PLACE
329144,670392,3865,n/t/c,WH Smith,Class 1,EH16 4SA,329144,670392,(51/1) LITTLE FRANCE CRESCENT
329146,670415,3866,bank,Royal Bank of Scotland,Class 2,EH16 4SA,329146,670415,(51/9-11) LITTLE FRANCE CRESCENT
329148,670437,3867,restaurant,Strollers,Class 3,EH16 4SA,329148,670437,(51/2) LITTLE FRANCE CRESCENT
329150,670459,3868,coffee shop,Aroma,Class 3,EH16 4SA,329150,670459,(51/3) LITTLE FRANCE CRESCENT
329151,670480,3869,vacant,vacant,Vacant,EH16 4SA,329151,670480,(51/4) LITTLE FRANCE CRESCENT
329153,670522,3870,ladies' clothing,The Stock Shop,Class 1,EH16 4SA,329153,670522,(51/5) LITTLE FRANCE CRESCENT
329152,670500,3871,hairdresser,J & L Hair Design,Class 1,EH16 4SA,329152,670500,(51/6) LITTLE FRANCE CRESCENT
329143,670368,3872,vacant,vacant,Vacant,EH16 4SA,329143,670368,(51/8) LITTLE FRANCE CRESCENT
329531,670213,3873,takeaway food,Galway Gourmet,Class 3,EH16 4UX,329531,670213,9(GF110) LITTLE FRANCE ROAD
325978,674306,3874,coffee kiosk,California Coffee Company,Class 3,EH1 3JD,325978,674306,(A) LITTLE KING STREET
327733,675011,3875,hot food take-away (Chinese),Yong Hau Gardens,SUI GENERIS,EH7 6DT,327733,675011,1(A) LOCHEND AVENUE
327297,675687,3876,hot food take-away (Chinese),Oriental Delight,SUI GENERIS,EH6 8DT,327297,675687,13 LOCHEND ROAD
327303,675677,3877,grocer & n/t/c,Links Express,Class 1,EH6 8DT,327303,675677,15-19 LOCHEND ROAD
327923,674656,3878,hot food take-away,Angelo's,SUI GENERIS,EH7 6BP,327923,674656,"8 LOCHEND ROAD, SOUTH"
327915,674654,3879,hot food take-away,Lochend Fry/Zai's Balti,SUI GENERIS,EH7 6BP,327915,674654,"10A LOCHEND ROAD, SOUTH"
327907,674654,3880,veterinary surgery,Dundas Veterinary Group,Class 2, ,327907,674654, 
327898,674657,3881,chemist,Well,Class 1,EH7 6BP,327898,674657,"12A LOCHEND ROAD, SOUTH"
327894,674662,3882,n/t/c,Anwar Newsagents,Class 1,EH7 6BP,327894,674662,"14 LOCHEND ROAD, SOUTH"
327784,674889,3883,grocer,Lochend Premier Convenience Store,Class 1,EH7 6DE,327784,674889,"58 LOCHEND ROAD, SOUTH"
327781,674897,3884,n/t/c,Lochend Newsagents,Class 1,EH7 6DE,327781,674897,"62 LOCHEND ROAD, SOUTH"
327783,674900,3885,grocer,Day-Today Express,Class 1,EH7 6DE,327783,674900,"64 LOCHEND ROAD, SOUTH"
327725,675016,3886,vacant,vacant,Vacant,EH7 6DR,327725,675016,"74 LOCHEND ROAD, SOUTH"
324907,672766,3887,restaurant (Indian),The Killer Restaurant,Class 3,EH3 9NB,324907,672766,4-8 LOCHRIN BUILDINGS
324898,672764,3888,furniture & home wares (vintage),Ubermas,Class 1,EH3 9NB,324898,672764,12-14 LOCHRIN BUILDINGS
324891,672762,3889,ladies clothing,Aroosa,Class 1,EH3 9NB,324891,672762,16 LOCHRIN BUILDINGS
324886,672761,3890,n/t/c & grocer,Costcutter,Class 1,EH3 9NB,324886,672761,18 LOCHRIN BUILDINGS
324880,672759,3891,wind instrument repair,Andrew May,Class 1,EH3 9NB,324880,672759,20 LOCHRIN BUILDINGS
324876,672758,3892,clothing (boutique),Mr & Mrs Doom,Class 1,EH3 9NB,324876,672758,24 LOCHRIN BUILDINGS
324871,672757,3893,charity shop,The Thrift Shop 2,Class 1,EH3 9NB,324871,672757,26 LOCHRIN BUILDINGS
324866,672756,3894,knitting & sewing products,Pins & Needles,Class 1,EH3 9NB,324866,672756,28 LOCHRIN BUILDINGS
324861,672755,3895,beauty salon,2 U Beauty,Class 1,EH3 9ND,324861,672755,30-32 LOCHRIN BUILDINGS
324856,672753,3896,solicitors,McGill & Co.,Class 2,EH3 9ND,324856,672753,34 LOCHRIN BUILDINGS
324847,672751,3897,dental surgery,Edinburgh Orthodontics,Class 2, ,324847,672751, 
324835,672748,3898,florists,Flower Fantasy,Class 1,EH3 9ND,324835,672748,48 LOCHRIN BUILDINGS
324830,672746,3899,craft supplies & classes,My Bearpaw,Class 1,EH3 9ND,324830,672746,50 LOCHRIN BUILDINGS
324824,672744,3900,Asian dress fabrics,Crystal Fabrics & Jewellery,Class 1,EH3 9ND,324824,672744,52 LOCHRIN BUILDINGS
324821,672743,3901,beauty salon,Kami Hair,Class 1,EH3 9ND,324821,672743,54 LOCHRIN BUILDINGS
324816,672742,3902,videotape hire (Asian),Video Mahal,Class 1,EH3 9ND,324816,672742,58 LOCHRIN BUILDINGS
324811,672741,3903,grocer,Khyber Stores,Class 1,EH3 9ND,324811,672741,60 LOCHRIN BUILDINGS
324901,672813,3904,minority advocacy charity,Edinburgh Multicultural Research Institute,Class 2,EH3 9QX,324901,672813,3 LOCHRIN PLACE
324894,672812,3905,beauty salon,Tee-Max,Class 1,EH3 9QX,324894,672812,5 LOCHRIN PLACE
324887,672811,3906,"bicycle sales, hire & repairs",Bike Trax,Class 1,EH3 9QX,324887,672811,11-13 LOCHRIN PLACE
324900,672835,3907,public house,Cameo Bar,SUI GENERIS, ,324900,672835, 
324878,672832,3908,beads & crafts,The  Gallery Beadshop,Class 1,EH3 9QY,324878,672832,14 LOCHRIN PLACE
324887,672873,3909,restaurant (Indian),Indaba,Class 3,EH3 9QJ,324887,672873,3 LOCHRIN TERRACE
324871,672871,3910,restaurant (Chinese),Szechuan Chinese Restaurant,Class 3,EH3 9QJ,324871,672871,11 LOCHRIN TERRACE
318199,671090,3911,doughnuts caf‚,Krispy Kreme,Class 3,EH12 9DJ,318199,671090,16 LOCHSIDE AVENUE
318241,671121,3912,restaurant (takeaway),KFC,Class 3, ,318241,671121, 
318036,671859,3913,hairdresser,M M Hairdressing,Class 1,EH12 9DF,318036,671859,3(1) LOCHSIDE PLACE
318036,671859,3914,chiropodist,ABC CHIROPRACTIC,Class 2,EH12 9DF,318036,671859,3(2) LOCHSIDE PLACE
317942,671881,3915,public house,The Ritz,SUI GENERIS,EH12 9DF,317942,671881,(3A) LOCHSIDE PLACE
317965,671819,3916,grocer,Naisha's,Class 1,EH12 9DF,317965,671819,7 LOCHSIDE PLACE
325493,675150,3917,cafe,Crumbs,Class 3,EH7 4EY,325493,675150,1 LOGIE GREEN ROAD
326382,674459,3918,restaurant,The Gardeners Cottage,Class 3,EH7 5DX,326382,674459,1 ROYAL TERRACE GARDENS
326935,674477,3919,grocer,London Road Mini Market,Class 1,EH7 5AP,326935,674477,1 LONDON ROAD
326941,674476,3920,hot food take-away,Ruchi,SUI GENERIS,EH7 5AP,326941,674476,3-4 LONDON ROAD
326947,674476,3921,Computer sales and repairs,Escape,Class 1,EH7 5AP,326947,674476,5 LONDON ROAD
326951,674475,3922,driving school,Alan's School of Motoring,Class 4,EH7 5AP,326951,674475,6 LONDON ROAD
326956,674474,3923,n/t/c,M.Y. Newsagent,Class 1,EH7 5AP,326956,674474,8-9 LONDON ROAD
326961,674473,3924,hairdresser,Ice Hairdressing,Class 1,EH7 5AP,326961,674473,10 LONDON ROAD
326965,674473,3925,knitting/wool,Ginger Twist Studio,Class 1,EH7 5AP,326965,674473,11 LONDON ROAD
326968,674472,3926,ladies clothing,Natalia Messlin,Class 1,EH7 5AP,326968,674472,13 LONDON ROAD
326981,674469,3927,hairdresser,Dune,Class 1,EH7 5AT,326981,674469,15-16 LONDON ROAD
326988,674467,3928,charity,Carr Gomm,Class 2,EH7 5AT,326988,674467,17-18 LONDON ROAD
326997,674466,3929,baker,Thinking Chocolate,Class 1,EH7 5AT,326997,674466,19 LONDON ROAD
327002,674464,3930,hairdresser,Classic Barber,Class 1,EH7 5AT,327002,674464,20 LONDON ROAD
327016,674461,3931,pictures,The Art Mart,Class 1,EH7 5AY,327016,674461,21-22 LONDON ROAD
327025,674459,3932,grocer (lic.),London Road Express,Class 1,EH7 5AY,327025,674459,23-24 LONDON ROAD
327032,674457,3933,hairdresser,Hairon,Class 1,EH7 5AY,327032,674457,25 LONDON ROAD
327035,674456,3934,vacant,vacant,Vacant,EH7 5AY,327035,674456,26 LONDON ROAD
327055,674452,3935,bank,TSB,Class 2,EH7 5BB,327055,674452,29-30 LONDON ROAD
327086,674447,3936,public house,Artisan Bar,SUI GENERIS,EH7 5BQ,327086,674447,35-36 LONDON ROAD
327110,674445,3937,podiatrist,Abbeyhill Footcare,Class 2,EH7 5SW,327110,674445,41 LONDON ROAD
327118,674444,3938,betting shop,Scotbet,Class 2,EH7 5SW,327118,674444,42 LONDON ROAD
327142,674443,3939,caf‚,Cherry's Cafe,Class 3,EH7 5SP,327142,674443,45-46 LONDON ROAD
327149,674442,3940,financial services - cheque cashing,The Cheque Shop,Class 2,EH7 5SP,327149,674442,47 LONDON ROAD
327155,674441,3941,vacant,vacant,Vacant,EH7 5SP,327155,674441,49 LONDON ROAD
327655,674253,3942,motor parts,INDESPENSION LIMITED,Class 1,EH7 6AA,327655,674253,57 LONDON ROAD
327675,674255,3943,restaurant & hot food take-away,McDonalds,Class 3,EH7 6AA,327675,674255,59 LONDON ROAD
327707,674242,3944,opticians,Boots Optician,Class 1,EH7 6AA,327707,674242,61(A) LONDON ROAD
327707,674242,3945,laser eye surgery,ULTRALASE LTD,Class 2,EH7 6AA,327707,674242,61(B) LONDON ROAD
327744,674232,3946,kitchen and bathrooms,Ashley Ann,Class 1,EH7 6AA,327744,674232,63 LONDON ROAD
325713,674638,3947,vacant,vacant,Vacant,EH3 6LX,325713,674638,39 LONDON STREET
325711,674645,3948,sauna & massage parlour,London Street Sauna,Class 11,EH3 6LX,325711,674645,40-41 LONDON STREET
325722,674648,3949,tea room and patisserie,Casa Angelina,Class 3,EH3 6LX,325722,674648,42 LONDON STREET
325728,674649,3950,lighting and furniture,Moleta Munro,Class 1,EH3 6LX,325728,674649,43-46 LONDON STREET
325734,674649,3951,dress and hair boutique,Carolyn Barber,Class 1,EH3 6LX,325734,674649,44 LONDON STREET
325731,674649,3952,grocer,London Street Grocery,Class 1,EH3 6LX,325731,674649,47 LONDON STREET
325741,674646,3953,public house,Mezz,SUI GENERIS,EH3 6LX,325741,674646,49-51 LONDON STREET
325744,674645,3954,tattoo parlour,Tribe 3 Tattoo,Class 2, ,325744,674645, 
325750,674637,3955,"jewellery, gifts, fashion, art",Life Story,Class 1,EH3 6LX,325750,674637,53 LONDON STREET
321357,670950,3956,betting shop,Ladbrokes,Class 2,EH14 2BB,321357,670950,41 LONGSTONE ROAD
321350,670948,3957,hot food take-away,Gino's Fish & Chip Shop,SUI GENERIS,EH14 2BB,321350,670948,43 LONGSTONE ROAD
321337,670943,3958,grocer & n/t/c,Premier,Class 1,EH14 2BB,321337,670943,45-47 LONGSTONE ROAD
321422,670989,3959,public house,Longstone Inn,SUI GENERIS,EH14 2BH,321422,670989,30 LONGSTONE ROAD
321407,670985,3960,hot food take-away,Jaflong,SUI GENERIS,EH14 2BH,321407,670985,38 LONGSTONE ROAD
321387,670980,3961,"doors, windows, conservatories",Invision,Class 1, ,321387,670980, 
321377,670978,3962,hairdresser,Short & Curly's,Class 1,EH14 2BH,321377,670978,48 LONGSTONE ROAD
326245,672413,3963,hairdresser,Urban Angel,Class 1,EH9 1NQ,326245,672413,6 LORD RUSSELL PLACE
326846,675411,3964,window cleaning supplies,window cleaning supplies,Class 1,EH6 8QW,326846,675411,31 LORNE STREET
327030,675349,3965,n/t/c,Lorne Newsagents,Class 1,EH6 8QG,327030,675349,73 LORNE STREET
326777,675471,3966,barber,Mighty Barbers,Class 1,EH6 8QU,326777,675471,4 LORNE STREET
324753,673652,3967,caf‚,Hendersons @ St Johns,Class 3,EH1 2EP,324753,673652,3A(3) LOTHIAN ROAD
324771,673653,3968,community facility,Peace & Justice Resource Centre,Class 2,EH1 2EP,324771,673653,3A(5) LOTHIAN ROAD
324779,673655,3969,crafts / gifts,One World Shop,Class 1,EH1 2EP,324779,673655,3A(6) LOTHIAN ROAD
324787,673658,3970,books,Cornerstone Bookshop,Class 1,EH1 2EP,324787,673658,3B LOTHIAN ROAD
324769,673481,3971,public house,Red Squirrel,SUI GENERIS,EH1 2DJ,324769,673481,21 LOTHIAN ROAD
324770,673472,3972,betting shop,William Hill,Class 2,EH1 2DJ,324770,673472,25 LOTHIAN ROAD
324777,673447,3973,tea bar,frisky,Class 3,EH1 2DJ,324777,673447,37 LOTHIAN ROAD
324778,673441,3974,jewellery,Ocean Jewellery,Class 1,EH1 2DJ,324778,673441,39 LOTHIAN ROAD
324780,673435,3975,coffee shop,Caf‚ Nero,Class 3,EH1 2DJ,324780,673435,43-45 LOTHIAN ROAD
324781,673429,3976,solicitors & estate agents,Aberdein & Considine,Class 2,EH1 2DJ,324781,673429,47 LOTHIAN ROAD
324783,673422,3977,"n/t/c, souvenirs & gifts",Lifestyle Express,Class 1,EH1 2DJ,324783,673422,49 LOTHIAN ROAD
324784,673417,3978,stationery,Paper Tiger,Class 1,EH1 2DJ,324784,673417,53 LOTHIAN ROAD
324785,673411,3979,caf‚,Coletti & Co,Class 3,EH1 2DJ,324785,673411,55 LOTHIAN ROAD
324786,673405,3980,sandwiches,Fresh Cut,Class 1,EH1 2DJ,324786,673405,57 LOTHIAN ROAD
324787,673397,3981,take-away food,Simply Sandwiches,Class 1,EH1 2DJ,324787,673397,59 LOTHIAN ROAD
324789,673390,3982,sandwiches,No. 63,Class 1,EH1 2DJ,324789,673390,63 LOTHIAN ROAD
324790,673382,3983,public house,Shakespeares,SUI GENERIS,EH1 2DJ,324790,673382,65 LOTHIAN ROAD
324804,673303,3984,restaurant,Nando's,Class 3,EH3 9AW,324804,673303,71 LOTHIAN ROAD
324807,673293,3985,sandwiches,Coffee & More,Class 1,EH3 9AW,324807,673293,75 LOTHIAN ROAD
324807,673288,3986,hairdresser,Cheynes,Class 1,EH3 9AW,324807,673288,77 LOTHIAN ROAD
324808,673280,3987,public house,The Beer Kitchen,SUI GENERIS,EH3 9AW,324808,673280,81-83 LOTHIAN ROAD
324810,673270,3988,restaurant & hot food take-away,Milano,Class 3,EH3 9AW,324810,673270,85-87 LOTHIAN ROAD
324812,673259,3989,public house,Velveteen,SUI GENERIS,EH3 9AW,324812,673259,93 LOTHIAN ROAD
324814,673252,3990,restaurant,Frizzante,Class 3,EH3 9AW,324814,673252,95 LOTHIAN ROAD
324819,673241,3991,models,Wonderland,Class 1,EH3 9AN,324819,673241,97-103 LOTHIAN ROAD
324817,673229,3992,restaurant,kamasutra,Class 3,EH3 9AN,324817,673229,105-109 LOTHIAN ROAD
324818,673222,3993,vacant,vacant,Vacant,EH3 9AN,324818,673222,113-117 LOTHIAN ROAD
324820,673213,3994,restaurant,Pinto,Class 3,EH3 9AN,324820,673213,119 LOTHIAN ROAD
324823,673201,3995,coffee shop,Starbucks,Class 3,EH3 9AN,324823,673201,123 LOTHIAN ROAD
324831,673172,3996,grocer / convenience store,Costcutter,Class 1,EH3 9AD,324831,673172,125 LOTHIAN ROAD
324831,673163,3997,hairdresser,Paterson SA,Class 1,EH3 9AD,324831,673163,127(GF)-131 LOTHIAN ROAD
324832,673154,3998,public house,The Hanging Bat,SUI GENERIS,EH3 9AD,324832,673154,133-135 LOTHIAN ROAD
324834,673146,3999,household goods,Ali's Cave,Class 1,EH3 9AD,324834,673146,139-145 LOTHIAN ROAD
324836,673134,4000,shoe repairs / key cutting / watch repairs / nameplates / engraving etc.,Timpson,Class 1,EH3 9AA,324836,673134,149 LOTHIAN ROAD
324838,673123,4001,shoes & footwear,Jones,Class 1,EH3 9AA,324838,673123,151-153 LOTHIAN ROAD
324840,673114,4002,betting shop,William Hill,Class 2,EH3 9AA,324840,673114,157-159 LOTHIAN ROAD
324841,673104,4003,public house,Moriarty's,SUI GENERIS,EH3 9AA,324841,673104,161 LOTHIAN ROAD
324843,673095,4004,bank,TSB,Class 2,EH3 9AB,324843,673095,165 LOTHIAN ROAD
324723,673388,4005,bank,CLYDESDALE BANK PLC,Class 2,EH3 9BT,324723,673388,50(GF)-(1F) LOTHIAN ROAD
324748,673388,4006,bank,Clydesdale Bank,Class 2,EH3 9BT,324748,673388,50 LOTHIAN ROAD
324720,673372,4007,public house,All Bar One,SUI GENERIS,EH3 9BT,324720,673372,50(B) LOTHIAN ROAD
324780,673247,4008,vacant,vacant,Vacant,EH3 9BE,324780,673247,90-92 LOTHIAN ROAD
324782,673239,4009,optician,Black & Lizars,Class 1,EH3 9BE,324782,673239,98 LOTHIAN ROAD
324784,673228,4010,restaurant (Italian),Bar Italia,Class 3,EH3 9BE,324784,673228,100-104 LOTHIAN ROAD
324786,673219,4011,sports equipement & clothing,Run 4 It,Class 1,EH3 9BE,324786,673219,108-110 LOTHIAN ROAD
324787,673210,4012,funeral directors,W.T. Dunbar & Sons,Class 1,EH3 9BE,324787,673210,112 LOTHIAN ROAD
324788,673202,4013,caf‚,Pickle & Custard,Class 3,EH3 9BE,324788,673202,116 LOTHIAN ROAD
324792,673159,4014,sandwiches,Subway,Class 1,EH3 9BG,324792,673159,122 LOTHIAN ROAD
324793,673154,4015,hot food take-away,Greggs,SUI GENERIS,EH3 9BG,324793,673154,126 LOTHIAN ROAD
324795,673148,4016,sporting goods,Football Nation,Class 1,EH3 9BG,324795,673148,128 LOTHIAN ROAD
324797,673136,4017,vacant,vacant,Vacant,EH3 9BG,324797,673136,130 LOTHIAN ROAD
324799,673129,4018,sandwiches,Philpott's,Class 1,EH3 9BG,324799,673129,132 LOTHIAN ROAD
324800,673122,4019,tanning studio,Indigo Sun,Class 11,EH3 9BG,324800,673122,134 LOTHIAN ROAD
324801,673115,4020,grocer / convenience store,Scotmid,Class 1,EH3 9BG,324801,673115,136 LOTHIAN ROAD
324802,673107,4021,beauty salon,Pure Nail & Beauty,Class 1,EH3 9BG,324802,673107,138 LOTHIAN ROAD
324803,673101,4022,furniture,Futon Company,Class 1,EH3 9BG,324803,673101,140 LOTHIAN ROAD
324805,673094,4023,mixed durable goods,Poundstretcher,Class 1,EH3 9BG,324805,673094,142 LOTHIAN ROAD
324806,673087,4024,chemist,Superdrug,Class 1,EH3 9BG,324806,673087,144 LOTHIAN ROAD
325832,673220,4025,Restaurant,Paradise Palms,SUI GENERIS,EH1 1HB,325832,673220,41 LOTHIAN STREET
325826,673213,4026,restaurant & bar,Boteco de Brasil,Class 3,EH1 1HB,325826,673213,47 LOTHIAN STREET
323853,677060,4027,vacant,vacant,Vacant, ,323853,677060, 
323777,677095,4028,vacant,vacant,Vacant,EH5 1EY,323777,677095,160 LOWER GRANTON ROAD
323740,677145,4029,beauty treatments and holistic therapies,Beauty Harbour,Class 1,EH5 1GL,323740,677145,170 LOWER GRANTON ROAD
326404,672535,4030,beauty salon,Myra Crawford,Class 1,EH8 9PD,326404,672535,3A-3B LUTTON PLACE
326410,672537,4031,hairdressers,VIP,Class 1,EH8 9PD,326410,672537,3C LUTTON PLACE
327001,674383,4032,vacant,vacant,Vacant,EH7 5DN,327001,674383,3 LYNE STREET
324368,673847,4033,residential letting agency,Edinburgh Property Management,Class 2,EH3 7PX,324368,673847,1A(GF)-1B LYNEDOCH PLACE
324375,673855,4034,n/t/c,Sweetservice Newsagents,Class 1,EH3 7PX,324375,673855,2B LYNEDOCH PLACE
324370,673857,4035,hairdresser (gents),His Hair (Charlie Mearns),Class 1,EH3 7PX,324370,673857,2A LYNEDOCH PLACE
326294,676562,4036,furniture removal,Meadows International Removals,Class 2, ,326294,676562, 
326288,676571,4037,furniture removal,Meadows International Removals,Class 2,EH6 4AU,326288,676571,56-58 MADEIRA STREET
330449,672622,4038,hot food take-away,Marmaris Fry,SUI GENERIS,EH15 3DA,330449,672622,1/B MAGDALENE DRIVE
330454,672624,4039,hot food take-away (Chinese),Chinese Flavour,SUI GENERIS,EH15 3DA,330454,672624,1/C MAGDALENE DRIVE
330938,672739,4040,SUI GENERIS,U Save,Class 1,EH15 3DT,330938,672739,23A MAGDALENE DRIVE
330947,672740,4041,hairdressers,Amy's Hair & Beauty,Class 1,EH15 3DT,330947,672740,23B MAGDALENE DRIVE
330827,672674,4042,cafe,Alexander's,Class 1,EH15 3DZ,330827,672674,40 MAGDALENE DRIVE
330832,672675,4043,cafe,Alexander's Cafe,Class 3,EH15 3DZ,330832,672675,42 MAGDALENE DRIVE
330842,672677,4044,grocer (lic.),Magdalene Mini Market,Class 1,EH15 3DZ,330842,672677,44 MAGDALENE DRIVE
330859,672672,4045,n/t/c,no name on fascia,Class 1,EH15 3DZ,330859,672672,46 MAGDALENE DRIVE
330863,672665,4046,hot food take-away,Rayaan's Takeaway,SUI GENERIS,EH15 3DZ,330863,672665,48 MAGDALENE DRIVE
330864,672660,4047,hairdresser,Bluntz,Class 1,EH15 3DZ,330864,672660,50 MAGDALENE DRIVE
316367,666449,4048,public house,Malleny  Arms,SUI GENERIS,EH14 7EQ,316367,666449,15 MAIN STREET
316371,666431,4049,hot food take-away (Indian),Capital Tandoori,SUI GENERIS,EH14 7EQ,316371,666431,17 MAIN STREET
316375,666411,4050,hairdresser,Ian Cameron,Class 1,EH14 7EQ,316375,666411,27 MAIN STREET
316279,666500,4051,vacant,vacant,Vacant,EH14 7EH,316279,666500,4 MAIN STREET
316302,666484,4052,grocer / convenience store,Scotmid,Class 1,EH14 7EH,316302,666484,6 MAIN STREET
316336,666464,4053,public house & restaurant,Grey Horse Inn,SUI GENERIS,EH14 7EH,316336,666464,20-22 MAIN STREET
316344,666449,4054,chemist,Balerno Pharmacy,Class 1,EH14 7EH,316344,666449,24 MAIN STREET
316348,666443,4055,hardware,Balerno Hardware,Class 1,EH14 7EH,316348,666443,26 MAIN STREET
316353,666425,4056,dog grooming,Tufty Dog Grooming,Class 1,EH14 7EH,316353,666425,34 MAIN STREET
316354,666416,4057,post office / caf‚,Balerno Post Office / Letterbox Bistro,Class 1,EH14 7EH,316354,666416,36 MAIN STREET
316351,666404,4058,hairdressers,Head Quarters,Class 1,EH14 7EH,316351,666404,42 MAIN STREET
316350,666397,4059,hot food take-away (Chinese),Ying,SUI GENERIS,EH14 7EH,316350,666397,44 MAIN STREET
316349,666391,4060,vacant,vacant,Vacant,EH14 7EH,316349,666391,44B MAIN STREET
314419,677393,4061,joinery workshop,Dalmeny Joinery,Class 4, ,314419,677393, 
320562,675459,4062,optician,Black & Lizars,Class 1, ,320562,675459, 
320575,675459,4063,hot food take away,Mira's,SUI GENERIS,EH4 5BZ,320575,675459,"19 MAIN STREET, DAVIDSON'S MAINS"
320580,675459,4064,baker,Greggs,Class 1,EH4 5BZ,320580,675459,"21 MAIN STREET, DAVIDSON'S MAINS"
320587,675460,4065,public house,Ye Olde Inn,SUI GENERIS,EH4 5BZ,320587,675460,"23 MAIN STREET, DAVIDSON'S MAINS"
320623,675465,4066,bank,Clydesdale Bank,Class 2,EH4 5BZ,320623,675465,"29-33 MAIN STREET, DAVIDSON'S MAINS"
320659,675462,4067,public house,Norhet,SUI GENERIS,EH4 5BZ,320659,675462,"45 MAIN STREET, DAVIDSON'S MAINS"
320670,675462,4068,undertakers,Barcalys Funeral Service,Class 1,EH4 5BZ,320670,675462,"49 MAIN STREET, DAVIDSON'S MAINS"
320748,675465,4069,dental practice,Dental Practice,Class 2, ,320748,675465, 
320754,675465,4070,dental surgery,Dental Practice,Class 2, ,320754,675465, 
320762,675465,4071,hot food take away,Bangla Kitchen,SUI GENERIS,EH4 5AD,320762,675465,"67-69 MAIN STREET, DAVIDSON'S MAINS"
320785,675466,4072,veterinary surgeries,Indigo Sun / Vets for Pets,Class 2,EH4 5AD,320785,675466,"75 MAIN STREET, DAVIDSON'S MAINS"
320794,675466,4073,betting shop,Coral,Class 2,EH4 5AD,320794,675466,"77 MAIN STREET, DAVIDSON'S MAINS"
320827,675471,4074,beauty salon,Mains Beauty,Class 1,EH4 5AD,320827,675471,"83 MAIN STREET, DAVIDSON'S MAINS"
320859,675469,4075,solicitors & estate agents,ELP Arbuthnott McLanachan,Class 4,EH4 5AD,320859,675469,"89 MAIN STREET, DAVIDSON'S MAINS"
320562,675427,4076,charity shop,Chest Heart and Stroke Scotland Boutique,Class 1,EH4 5BY,320562,675427,"8 MAIN STREET, DAVIDSON'S MAINS"
320728,675438,4077,vacant,vacant,Vacant,EH4 5AA,320728,675438,"44 MAIN STREET, DAVIDSON'S MAINS"
320733,675438,4078,dry cleaner,Care Clean,Class 1,EH4 5AA,320733,675438,"46 MAIN STREET, DAVIDSON'S MAINS"
320735,675438,4079,novelty goods,Congradulations,Class 1,EH4 5AA,320735,675438,"48 MAIN STREET, DAVIDSON'S MAINS"
320750,675438,4080,ladies clothing,Change of 'A' Dress,Class 1,EH4 5AA,320750,675438,"50A MAIN STREET, DAVIDSON'S MAINS"
320763,675439,4081,n/t/c,McColls,Class 1,EH4 5AA,320763,675439,"54 MAIN STREET, DAVIDSON'S MAINS"
320777,675440,4082,chemist,Boots,Class 1,EH4 5AA,320777,675440,"58-60 MAIN STREET, DAVIDSON'S MAINS"
320790,675440,4083,charity shop,Cancer Research Campaign,Class 1,EH4 5AA,320790,675440,"64 MAIN STREET, DAVIDSON'S MAINS"
320795,675440,4084,hairdresser,D'Mains Hair,Class 1,EH4 5AA,320795,675440,"68 MAIN STREET, DAVIDSON'S MAINS"
320800,675439,4085,opticians,Ballantine Goldie,Class 1,EH4 5AA,320800,675439,"70 MAIN STREET, DAVIDSON'S MAINS"
320843,675443,4086,hot food take-away,Corbie Takeaway,SUI GENERIS,EH4 5AB,320843,675443,"72 MAIN STREET, DAVIDSON'S MAINS"
320879,675449,4087,public house,McKenzies,SUI GENERIS,EH4 5AB,320879,675449,"80 MAIN STREET, DAVIDSON'S MAINS"
312457,674592,4088,nursery,n/a,Class 2, ,312457,674592, 
312529,674579,4089,vacant,vacant,Vacant,EH29 9AE,312529,674579,27 MAIN STREET
312550,674578,4090,tanning & beauty salon,Bewitched Salon,Class 11,EH29 9AE,312550,674578,33 MAIN STREET
312555,674578,4091,hot food take-away (Chinese),Lucky House,SUI GENERIS,EH29 9AE,312555,674578,35 MAIN STREET
312312,674597,4092,hairdresser,George's,Class 1,EH29 9AA,312312,674597,12 MAIN STREET
312364,674586,4093,post office,Kirkliston Post Office,Class 1,EH29 9AA,312364,674586,22 MAIN STREET
312375,674584,4094,caf‚ / bistro,Carpe Diem,Class 3,EH29 9AA,312375,674584,28 MAIN STREET
312411,674576,4095,chemist,Well Pharmacy,Class 1,EH29 9AA,312411,674576,38 MAIN STREET
312469,674559,4096,Florist,Petals Florist,Class 1,EH29 9AB,312469,674559,66 MAIN STREET
313806,670682,4097,grocer (lic.) & n/t/c,Ratho Newsagent and Grocer,Class 1,EH28 8RT,313806,670682,77 MAIN STREET
326894,675724,4098,domestic appliance sales & service,Leith Domestic Appliances,Class 1,EH6 8LY,326894,675724,4 MANDERSTON STREET
319832,672883,4099,frozen food,Iceland,Class 1,EH12 7SN,319832,672883,10 MANSE ROAD
319880,672747,4100,hot food take-away (Chinese),Magic Kitchen,SUI GENERIS,EH12 7SS,319880,672747,60 MANSE ROAD
325706,674681,4101,charity,Waverley Care,Class 2,EH3 6NB,325706,674681,1-3 MANSFIELD PLACE
325690,674731,4102,financial advisers,Ethical Futures,Class 2,EH3 6NB,325690,674731,9 MANSFIELD PLACE
325460,672470,4103,lettings agent/solicitor,Umega,Class 2,EH9 1HN,325460,672470,1-1A MARCHMONT CRESCENT
325549,672302,4104,beauty salon,Allure,Class 1,EH9 1HQ,325549,672302,25 MARCHMONT CRESCENT
325551,672297,4105,charity shop,DebRA,Class 1,EH9 1HQ,325551,672297,27 MARCHMONT CRESCENT
325552,672293,4106,pottery sales & studio (paint your own),Doodles,Class 1,EH9 1HQ,325552,672293,29 MARCHMONT CRESCENT
325580,672302,4107,public house,Earl of Marchmont,SUI GENERIS,EH9 1HG,325580,672302,22 MARCHMONT CRESCENT
325580,672296,4108,cafe,The Pastures,Class 3,EH9 1HG,325580,672296,24 MARCHMONT CRESCENT
325580,672289,4109,bicycle shop,Laid Back Bikes,Class 1,EH9 1HG,325580,672289,28-30 MARCHMONT CRESCENT
325507,672119,4110,gift shop,Save the Date,Class 1,EH9 1HD,325507,672119,92 MARCHMONT CRESCENT
325504,672114,4111,internet caf‚,Caf‚ Artista,Class 3,EH9 1HD,325504,672114,94-96 MARCHMONT CRESCENT
325503,672110,4112,cafe,Century General Store,Class 3,EH9 1HD,325503,672110,100 MARCHMONT CRESCENT
325503,672107,4113,fishmonger,Shiela's,Class 1,EH9 1HD,325503,672107,102 MARCHMONT CRESCENT
325503,672105,4114,hairdresser and beaty salon,bdbu,Class 1,EH9 1HD,325503,672105,104 MARCHMONT CRESCENT
325461,672465,4115,beauty salon,Serene Beauty Therapy,Class 1,EH9 1HY,325461,672465,3 MARCHMONT ROAD
325461,672461,4116,home maintenance,Let Fix,Class 2,EH9 1HY,325461,672461,5 MARCHMONT ROAD
325462,672455,4117,hairdresser,March Hair,Class 1,EH9 1HY,325462,672455,7 MARCHMONT ROAD
325472,672364,4118,cafe,Garden,Class 3,EH9 1HY,325472,672364,27A MARCHMONT ROAD
325472,672361,4119,optician,Lyndsay Brown Optician,Class 1,EH9 1HY,325472,672361,27B MARCHMONT ROAD
325473,672357,4120,financial services - mortgage advisers,Mortgage Boutique,Class 2,EH9 1HY,325473,672357,27C MARCHMONT ROAD
325477,672317,4121,architects,Helen Lucas Architects,Class 2,EH9 1HU,325477,672317,31-35 MARCHMONT ROAD
325514,671977,4122,hairdresser (gents),Dukes of Marchmont Barbers,Class 1,EH9 1HA,325514,671977,123 MARCHMONT ROAD
325515,671973,4123,school tuition,Kip McGrath,Class 2, ,325515,671973, 
325439,672376,4124,sports eqipment,EZ Sports,Class 1,EH9 1HZ,325439,672376,22 MARCHMONT ROAD
325440,672369,4125,"hot food take-away (curries, pizzas, kebabs)",Kasbah,SUI GENERIS,EH9 1HZ,325440,672369,24 MARCHMONT ROAD
325441,672364,4126,chemist,Marchmont Pharmacy,Class 1,EH9 1HZ,325441,672364,26 MARCHMONT ROAD
325441,672358,4127,ladies clothing,Inspired Fabrics,Class 1,EH9 1HZ,325441,672358,30 MARCHMONT ROAD
325446,672325,4128,ousing advice to landlords (houses in multiple occupation),Complete Solutions,Class 4,EH9 1HX,325446,672325,32/38 MARCHMONT ROAD
325446,672320,4129,decorators and interior designers,Henderson & Paterson,Class 4,EH9 1HX,325446,672320,36 MARCHMONT ROAD
325446,672315,4130,letting agent,Nestival,Class 2,EH9 1HX,325446,672315,32/38 MARCHMONT ROAD
325465,672144,4131,hairdresser,The Edge,Class 1,EH9 1HR,325465,672144,94 MARCHMONT ROAD
325465,672140,4132,hot food take-away (fish & chips),Marchmont Take Away,SUI GENERIS,EH9 1HR,325465,672140,98 MARCHMONT ROAD
325466,672136,4133,cafe,St Cuthbert's,Class 3,EH9 1HR,325466,672136,100 MARCHMONT ROAD
325470,672101,4134,supermarket,J SAINSBURY PLC,Class 1,EH9 1BG,325470,672101,102-110 MARCHMONT ROAD
325480,672005,4135,grcoer / convenience store,Scotmid,Class 1,EH9 1AQ,325480,672005,126-128 MARCHMONT ROAD
325481,671997,4136,chiropodist,Marchmont Chiropody,Class 2, ,325481,671997, 
325481,671993,4137,solicitors & estate agents,Allingham & Co.,Class 2,EH9 1AQ,325481,671993,134 MARCHMONT ROAD
325482,671988,4138,drinks merchant,Cork & Cask,Class 1,EH9 1AQ,325482,671988,136 MARCHMONT ROAD
325482,671984,4139,greengrocer,D. Fraser McLeod,Class 1,EH9 1AQ,325482,671984,138 MARCHMONT ROAD
325482,671980,4140,chemist,W. King & Son,Class 1,EH9 1AQ,325482,671980,142 MARCHMONT ROAD
325483,671974,4141,vacant,vacant,Vacant,EH9 1AQ,325483,671974,144 MARCHMONT ROAD
325486,671962,4142,restaurant & caf‚,Toast,Class 3,EH9 1AQ,325486,671962,146-148 MARCHMONT ROAD
320214,677003,4143,vacant,vacant,Vacant,EH4 5ES,320214,677003,(50) MARINE DRIVE
327530,674429,4144,drug/alcohol testing,Nivha,Class 2,EH7 5TY,327530,674429,15 MARIONVILLE ROAD
327534,674429,4145,hot food take-away (Caribbean),Spoilt for Choice,SUI GENERIS,EH7 5TY,327534,674429,19 MARIONVILLE ROAD
327556,674433,4146,public house,The Hoppy,SUI GENERIS,EH7 5UD,327556,674433,21-23 MARIONVILLE ROAD
327583,674435,4147,n/t/c,Marionville Newsagent,Class 1,EH7 5UD,327583,674435,31 MARIONVILLE ROAD
327594,674437,4148,salt therapy,The Salt Cave,Class 2, ,327594,674437, 
327618,674439,4149,waste disposal office,Dirty Work Clearances,Class 4,EH7 6AG,327618,674439,37 MARIONVILLE ROAD
327799,674550,4150,Tai Chi studio,Taoist Tai Chi,Class 11,EH7 6AH,327799,674550,69 MARIONVILLE ROAD
327606,674413,4151,curtains,Curtain Boutique,Class 1,EH7 5UB,327606,674413,46 MARIONVILLE ROAD
322116,674493,4152,"chiropody, podiatry, osteopathy",Blackhall Podiatry & Chiropody + Osteopathic Clinic,Class 2,EH4 3NE,322116,674493,5 MARISCHAL PLACE
322108,674500,4153,grocer,Mace,Class 1,EH4 3NE,322108,674500,7 MARISCHAL PLACE
322083,674518,4154,post office,Blackhall Post Office,Class 1,EH4 3NF,322083,674518,11 MARISCHAL PLACE
322071,674519,4155,bicycles,Blackhall Cycles,Class 1,EH4 3NF,322071,674519,15 MARISCHAL PLACE
322087,674515,4156,educational,Le Studio,Class 10,EH4 3NF,322087,674515,10 MARISCHAL PLACE
322079,674521,4157,plumbers & electrical contractors,Mains Plumbing,Class 4,EH4 3NF,322079,674521,12 MARISCHAL PLACE
322075,674523,4158,caf‚,Caf‚ Citron,Class 3,EH4 3NF,322075,674523,14 MARISCHAL PLACE
322067,674515,4159,hot food take-away (Indian),Jaipur of India,SUI GENERIS,EH4 3NF,322067,674515,16 MARISCHAL PLACE
327144,676295,4160,vacant,vacant,Vacant,EH6 6SB,327144,676295,2 MARITIME STREET
325849,673759,4161,restaurant,City Art Centre Caf‚,Class 3,EH1 1DE,325849,673759,1 MARKET STREET
320214,677003,4162,public house,Belushis,SUI GENERIS,EH1 1DE,320214,677003,1A MARKET STREET
325759,673738,4163,public house,Doric Bar,SUI GENERIS,EH1 1DE,325759,673738,14-16 MARKET STREET
325743,673734,4164,public house,Hebrides Bar,SUI GENERIS,EH1 1DE,325743,673734,17 MARKET STREET
325977,673169,4165,vacant,vacant,Vacant,EH8 9BJ,325977,673169,27-29 MARSHALL STREET
325991,673174,4166,hairdresser,Graham Anthony Hairdressing,Class 1,EH8 9BJ,325991,673174,31 MARSHALL STREET
326002,673178,4167,butcher,Al Raheem Halal Meat,Class 1,EH8 9BJ,326002,673178,35 MARSHALL STREET
326002,673183,4168,cafe,ELEPHANTS & BAGELS LTD,Class 3,EH8 9BH,326002,673183,37 MARSHALL STREET
325999,673152,4169,hot food take away (Chinese),Li An Pu,SUI GENERIS,EH8 9BU,325999,673152,14 MARSHALL STREET
326005,673154,4170,hot food take-away,Beirut Express,SUI GENERIS,EH8 9BU,326005,673154,20 MARSHALL STREET
324277,674679,4171,restaurant,Scran & Scallie,Class 3,EH4 1JH,324277,674679,9-11 MARY'S PLACE
325994,670986,4172,floor coverings,Floors,Class 1,EH9 3EP,325994,670986,1 MAURICE PLACE
324520,671043,4173,public house,Bennets of Morningside,SUI GENERIS,EH10 5HT,324520,671043,1A MAXWELL STREET
318552,674917,4174,vacant,vacant,Vacant,EH4 8DX,318552,674917,(B) MAYBURY ROAD
326874,671539,4175,security systems,Castle Security Group Ltd.,Class 4,EH9 2BY,326874,671539,34 MAYFIELD GARDENS
326877,671535,4176,"medical equipment suppliers (stethoscopes, diagnostic sets etc.)",Horizon Medical Technologies,Class 2,EH9 2BY,326877,671535,36 MAYFIELD GARDENS
326878,671531,4177,hot food take-away (Indian),Delhi Diner,SUI GENERIS,EH9 2BY,326878,671531,38 MAYFIELD GARDENS
326879,671528,4178,office - cultural activities,Edinburgh People's Theatre,Class 2, ,326879,671528, 
326614,671470,4179,plumbers,Postcode Plumbers,Class 2,EH9 3AA,326614,671470,55 MAYFIELD ROAD
326619,671452,4180,chemist,Well Pharmacy,Class 1,EH9 3AA,326619,671452,55A-57A MAYFIELD ROAD
326616,671464,4181,n/t/c,Mini Market,Class 1,EH9 3AA,326616,671464,59 MAYFIELD ROAD
326621,671447,4182,hairdressers (gents),Barbers Inc.,Class 1,EH9 3AA,326621,671447,59A MAYFIELD ROAD
326618,671459,4183,hot food take-away,Pacific Fish & Chips,SUI GENERIS,EH9 3AA,326618,671459,61 MAYFIELD ROAD
326630,671446,4184,vacant,vacant,Vacant,EH9 3AA,326630,671446,61A MAYFIELD ROAD
326623,671443,4185,joiner,David Kent Joinery,Class 4,EH9 3AA,326623,671443,63 MAYFIELD ROAD
326627,671435,4186,cafe,Smith's,Class 3,EH9 3AA,326627,671435,65 MAYFIELD ROAD
326630,671429,4187,hot food take-away (Chinese),Your Kitchen,SUI GENERIS,EH9 3AA,326630,671429,67 MAYFIELD ROAD
326632,671425,4188,hot food take-away (Bangladeshi),Mango Tree,SUI GENERIS,EH9 3AA,326632,671425,69(01) MAYFIELD ROAD
326632,671425,4189,art gallery,SF Gallery & Fine Arts,Class 1,EH9 3AA,326632,671425,69C MAYFIELD ROAD
326638,671346,4190,grocer & n/t/c,A.P Saville Stores,Class 1,EH9 3AF,326638,671346,86-88 MAYFIELD ROAD
326641,671339,4191,hairdresser (ladies & gents),Jaxx,Class 1,EH9 3AF,326641,671339,92 MAYFIELD ROAD
326643,671335,4192,florist,Simply Flowers,Class 1,EH9 3AF,326643,671335,94 MAYFIELD ROAD
327066,670376,4193,public house & restaurant,Braidburn Inn,SUI GENERIS,EH9 3BE,327066,670376,(200) MAYFIELD ROAD
326022,675086,4194,cash & carry,Batley's,Class 1,EH7 4NH,326022,675086,30 MCDONALD PLACE
326288,674965,4195,grocer,Cooperative,Class 1,EH7 4LU,326288,674965,8 MCDONALD ROAD
319346,672914,4196,Restaurant (American),Redwood Bistro,Class 3,EH12 7TZ,319346,672914,1 MEADOW PLACE ROAD
319364,672855,4197,Undertakers,DIGNITY FUNERALS LTD T/A BARCLAYS FUNERAL SERVICE,Class 1,EH12 7TZ,319364,672855,3-3A MEADOW PLACE ROAD
319338,672782,4198,golfing equipment,American Golf Discount Centre,Class 1,EH12 7UQ,319338,672782,16 MEADOW PLACE ROAD
319230,672682,4199,supermarket - large,Tesco Extra,Class 1,EH12 7UQ,319230,672682,30 MEADOW PLACE ROAD
319205,672707,4200,Bank,Tesco Bank,Class 2,EH12 7UQ,319205,672707,30(2) MEADOW PLACE ROAD
327825,674145,4201,vacant,vacant,Vacant,EH8 8JE,327825,674145,1 MEADOWBANK
327964,674170,4202,advertising agency,The Covey Agency,Class 2,EH8 7AP,327964,674170,1 MEADOWBANK AVENUE
327953,674178,4203,Hairdresser,Kute Kutz,Class 1,EH8 7AP,327953,674178,4 MEADOWBANK AVENUE
327984,674184,4204,civil engineers,McColl Associates,Class 2,EH8 7AW,327984,674184,1 MEADOWBANK PLACE
327995,674185,4205,clothing alterations,Tailor Made for Style,Class 1,EH8 7AW,327995,674185,5 MEADOWBANK PLACE
328000,674185,4206,n/t/c,The Paper Rack,Class 1,EH8 7AW,328000,674185,9 MEADOWBANK PLACE
328004,674185,4207,domestic appliance electrical repairs,Willow Brae Service Centre,Class 1,EH8 7AW,328004,674185,4 MEADOWBANK PLACE
328013,674184,4208,hot food take-away,Loonwah,SUI GENERIS,EH8 7AW,328013,674184,8 MEADOWBANK PLACE
327962,674180,4209,Beauty Salon,Frost,Class 1,EH8 7AR,327962,674180,1 MEADOWBANK TERRACE
327957,674179,4210,physiotherapy clinic,Meadowbank Clinic,Class 2,EH8 7AR,327957,674179,2-3 MEADOWBANK TERRACE
327835,674125,4211,solicitors,Hunter Solicitors,Class 2,EH8 7AS,327835,674125,26-28 MEADOWBANK TERRACE
325696,674963,4212,esidential letting & property management,KCLS Property Management,Class 2,EH7 4BU,325696,674963,2 MELGUND TERRACE
325460,672579,4213,takeaway food,The Meadow Box,SUI GENERIS,EH9 1JZ,325460,672579,100 MELVILLE DRIVE
324468,673791,4214,vacant,vacant,Vacant,EH3 7PR,324468,673791,1-2 MELVILLE PLACE
324464,673796,4215,public house,The West Room,SUI GENERIS,EH3 7PR,324464,673796,3 MELVILLE PLACE
324458,673799,4216,letting agency,Direct Lettings,Class 2,EH3 7PR,324458,673799,5-6 MELVILLE PLACE
324451,673804,4217,vacant,vacant,Vacant,EH3 7PR,324451,673804,7-8 MELVILLE PLACE
324445,673807,4218,caf‚ and bakery,The Caffeine Drip,Class 3,EH3 7PR,324445,673807,10 MELVILLE PLACE
324443,673808,4219,hairdresser,Mathew Watt,Class 1,EH3 7PR,324443,673808,12 MELVILLE PLACE
324440,673810,4220,hairdresser (gents),Boombarbers,Class 1,EH3 7PR,324440,673810,13 MELVILLE PLACE
324438,673811,4221,public house,Sainte Mhath,SUI GENERIS,EH3 7PR,324438,673811,13A-14 MELVILLE PLACE
326200,672491,4222,Grocers,Best One,Class 1,EH9 1ND,326200,672491,1-3 MELVILLE TERRACE
326193,672490,4223,"computer repairs, internet, e-mail",Edinburgh Computer Repairs,Class 1,EH9 1ND,326193,672490,5 MELVILLE TERRACE
326186,672488,4224,computer repairs,Edinburgh Computer Repairs,Class 1,EH9 1ND,326186,672488,6 MELVILLE TERRACE
326176,672479,4225,photographic studio,Photo Express,Class 2,EH9 1ND,326176,672479,7 MELVILLE TERRACE
325938,672450,4226,delicatessen,Victor Hugo,Class 1,EH9 1LP,325938,672450,26-27 MELVILLE TERRACE
325931,672450,4227,vacant,vacant,Vacant,EH9 1LP,325931,672450,29 MELVILLE TERRACE
325924,672450,4228,letting agent,Derek Gibb & Partners,Class 2, ,325924,672450, 
325644,673378,4229,restaurant & bar,Under the Stairs,Class 3,EH1 2QD,325644,673378,3A MERCHANT STREET
325699,673400,4230,public house,Drop Kick Murphys,SUI GENERIS,EH1 2QD,325699,673400,7 MERCHANT STREET
325663,673366,4231,restaurant,Merchants,Class 3,EH1 2QD,325663,673366,17 MERCHANT STREET
324136,672263,4232,shoe repairs,no name on fascia,Class 1,EH10 4NZ,324136,672263,30 MERCHISTON AVENUE
324130,672270,4233,dry cleaner,Merchiston Dry Cleaners,Class 1,EH10 4NZ,324130,672270,34-36 MERCHISTON AVENUE
324126,672278,4234,architects,"Matthew, Hamilton, Maclean",Class 4,EH10 4NZ,324126,672278,38 MERCHISTON AVENUE
324124,672281,4235,"postage stamps, model railways",Tom Brown's Stamp Shop,Class 1,EH10 4NZ,324124,672281,40 MERCHISTON AVENUE
324121,672285,4236,vacant,vacant,Vacant,EH10 4NZ,324121,672285,42 MERCHISTON AVENUE
324483,672083,4237,"cafe, icecream palour",Cafe Nardini,Class 3,EH10 4NP,324483,672083,1 MERCHISTON PLACE
324479,672080,4238,plumbers,W.F. Wightman,Class 4,EH10 4NP,324479,672080,3 MERCHISTON PLACE
323944,672300,4239,hairdresser,Salon Dorcas,Class 1,EH11 1JX,323944,672300,35 MERTOUN PLACE
313026,678313,4240,caf‚,Picnic Coffee Shop,Class 3,EH30 9LH,313026,678313,5 MID TERRACE
314776,672440,4241,petrol filling station & shop,Ingliston Filling Station (with BP Connect shop),Class 1,EH28 8NH,314776,672440,2 MIDDLE NORTON
326506,675080,4242,Architects,Architects,Class 4,EH7 4PF,326506,675080,6 MIDDLEFIELD
326509,675084,4243,e-cigarettes,Vapourised,Class 1, ,326509,675084, 
326635,676362,4244,carpets,Central Carpets,Class 1,EH6 6TJ,326635,676362,1A MILL LANE
326616,676364,4245,public house,Gladstones,SUI GENERIS,EH6 6TJ,326616,676364,1-2 MILL LANE
324515,671101,4246,dentist,One Dentistry,Class 2,EH10 5HN,324515,671101,1 MILLAR CRESCENT
324510,671101,4247,hairdresser,Solution,Class 1,EH10 5HN,324510,671101,3 MILLAR CRESCENT
324504,671100,4248,holistic healing centre,Henrietta's,Class 2,EH10 5HN,324504,671100,5 MILLAR CRESCENT
324500,671100,4249,hairdresser (ladies & gents),Graham Fraser,Class 1,EH10 5HN,324500,671100,7 MILLAR CRESCENT
331264,672679,4250,"Homeware, garden, d‚cor, DIY - dept store",The Range,Class 1,EH15 3QH,331264,672679,25 MILTON LINK
331310,672407,4251,furniture,D.F.S.,Class 1,EH15 3QH,331310,672407,26A MILTON LINK
331337,672413,4252,carpets,CarpetWise,Class 1,EH15 3QH,331337,672413,26B MILTON LINK
332555,673166,4253,hot food take-away (Chinese),Tiger-In,SUI GENERIS,EH15 2LA,332555,673166,"303 MILTON ROAD, EAST"
330301,672866,4254,MOT/tyres/exhausts,National Tyres & Autocare,Class 1,EH15 1LF,330301,672866,"2 MILTON ROAD, WEST"
330297,672854,4255,grocer & post office,Milton Road Post Office,Class 1,EH15 1LF,330297,672854,"4-4A MILTON ROAD, WEST"
330289,672853,4256,chemist,Lindsay & Gilmour,Class 1,EH15 1LF,330289,672853,"6 MILTON ROAD, WEST"
330283,672852,4257,hot food take-away,The Milton Fry,SUI GENERIS,EH15 1LF,330283,672852,"6A MILTON ROAD, WEST"
330277,672851,4258,chemist,Lindsay & Gilmour (consultation suite),Class 1,EH15 1LF,330277,672851,"8 MILTON ROAD, WEST"
330267,672849,4259,pine furniture,Omni Furnishing,Class 1,EH15 1LF,330267,672849,"8A MILTON ROAD, WEST"
330236,672850,4260,hairdresser,Lindsay Smith,Class 1,EH15 1LE,330236,672850,"10 MILTON ROAD, WEST"
330240,672851,4261,grocer (lic.),Milton Convenience Store (Lifestyle),Class 1,EH15 1LE,330240,672851,"10B MILTON ROAD, WEST"
326715,671828,4262,political office,Ian Murray MP,Class 2,EH9 2BT,326715,671828,31 MINTO STREET
326712,671834,4263,goldsmith workshop,K.Milligan,Class 1,EH9 2BT,326712,671834,31B MINTO STREET
326709,671839,4264,n/t/c,Newstrader,Class 1,EH9 2BT,326709,671839,31C-31D MINTO STREET
326705,671847,4265,vacant,vacant,Vacant,EH9 2BT,326705,671847,31E MINTO STREET
326700,671855,4266,furniture,Omni Pine & Cane Furnishings,Class 1,EH9 2BT,326700,671855,31F-31G MINTO STREET
326502,672195,4267,Dentist,Dentist,Class 2,EH9 2BR,326502,672195,52 MINTO STREET
327419,676264,4268,public house,Bowlers Rest,SUI GENERIS,EH6 7BD,327419,676264,24 MITCHELL STREET
322780,671653,4269,restaurant,Jashans,SUI GENERIS,EH14 1NY,322780,671653,1-2 MOAT PLACE
322759,671623,4270,n/t/c,Moat Newsagent,Class 1,EH14 1NY,322759,671623,7-8 MOAT PLACE
324667,676005,4271,caf‚,Muffins,Class 3,EH3 5QX,324667,676005,1 MONTAGU TERRACE
324662,676002,4272,charity shop,Marie Curie Cancer care,Class 1,EH3 5QX,324662,676002,2 MONTAGU TERRACE
324663,675993,4273,tailoring,Master Sewing,Class 1,EH3 5QX,324663,675993,3 MONTAGU TERRACE
324667,675987,4274,bank,Bank of Scotland,Class 2,EH3 5QX,324667,675987,5-6 MONTAGU TERRACE
324672,675978,4275,chemist,Vantage Goldenacre Pharmacy,Class 1,EH3 5QX,324672,675978,6A MONTAGU TERRACE
324675,675973,4276,hot food take-away (Bangladeshi & Indian),Bengal Spice,SUI GENERIS,EH3 5QX,324675,675973,8 MONTAGU TERRACE
324678,675967,4277,ladies clothing,Catwalk,Class 1,EH3 5QX,324678,675967,8A MONTAGU TERRACE
324692,675940,4278,caf‚,Caf‚ Montagu,Class 3,EH3 5QX,324692,675940,12 MONTAGU TERRACE
324694,675936,4279,caf‚,Yummy Patisserie & Snack Bar,Class 3,EH3 5QX,324694,675936,12A MONTAGU TERRACE
324696,675932,4280,fishing tackle,The Craftye Fisherman,Class 1,EH3 5QX,324696,675932,13 MONTAGU TERRACE
324698,675927,4281,florist,Elliott Clark,Class 1,EH3 5QX,324698,675927,14 MONTAGU TERRACE
324709,675906,4282,charity shop (books),St. Columba's Hospice Bookshop,Class 1,EH3 5QR,324709,675906,15 MONTAGU TERRACE
324712,675901,4283,hairdresser,Craig Davidson Hairdressing,Class 1,EH3 5QR,324712,675901,17 MONTAGU TERRACE
324714,675897,4284,furniture,The Perfect Chair Co.,Class 1,EH3 5QR,324714,675897,18 MONTAGU TERRACE
324717,675892,4285,grocer,Lifestyle Express,Class 1,EH3 5QR,324717,675892,19 MONTAGU TERRACE
324719,675887,4286,ladies accessories,Xchange Handbags & Essentials,Class 1,EH3 5QR,324719,675887,20 MONTAGU TERRACE
324721,675883,4287,furniture (second hand),Inverleith Salesroom,Class 1,EH3 5QR,324721,675883,22 MONTAGU TERRACE
324723,675878,4288,hot food take-away (Chinese),Hing Tai,SUI GENERIS,EH3 5QR,324723,675878,23 MONTAGU TERRACE
324726,675871,4289,hairdresser (gents),Botanic Barbers,Class 1,EH3 5QR,324726,675871,24 MONTAGU TERRACE
324729,675867,4290,vacant,"vacant (formerly Theodore David jewellery, coins, medals etc.)",Vacant,EH3 5QR,324729,675867,25 MONTAGU TERRACE
324731,675862,4291,fishmonger,J. Brown,Class 1,EH3 5QR,324731,675862,26 MONTAGU TERRACE
324734,675858,4292,"alternative therapies (massage, naturotherapy, neuro-linguistic programming etc.)",Robert Stone Therapeutics,Class 1,EH3 5QR,324734,675858,27 MONTAGU TERRACE
326253,674666,4293,vacant,vacant,Vacant,EH7 5JU,326253,674666,1 MONTGOMERY STREET
326261,674667,4294,hot food take-away,Montgomery Fish Bar,SUI GENERIS,EH7 5JU,326261,674667,3-7 MONTGOMERY STREET
326502,674691,4295,caf‚,Ranroc Caf‚,Class 3,EH7 5HZ,326502,674691,89-91 MONTGOMERY STREET
326633,674674,4296,accountants,Norman Gregg & Co.,Class 2,EH7 5EX,326633,674674,119 MONTGOMERY STREET
326244,674634,4297,hairdresser,Larry's,Class 1,EH7 5JS,326244,674634,10 MONTGOMERY STREET
326250,674635,4298,nail salon,Montgomery 12,Class 1,EH7 5JS,326250,674635,12A MONTGOMERY STREET
326256,674635,4299,wedding dresses,Bliss Studio,Class 1,EH7 5JS,326256,674635,12B MONTGOMERY STREET
326920,674364,4300,cafe,Just The Ticket,Class 3,EH7 5DJ,326920,674364,1-7 MONTROSE TERRACE
326991,674414,4301,vacant,vacant,Vacant,EH7 5DJ,326991,674414,37-39 MONTROSE TERRACE
327001,674418,4302,vacant,vacant,Vacant,EH7 5DJ,327001,674418,41 MONTROSE TERRACE
327005,674420,4303,dental surgery,Edinburgh Denture Clinic,Class 2, ,327005,674420, 
327009,674421,4304,plumber,Jackson Hart,Class 4,EH7 5DJ,327009,674421,49-51 MONTROSE TERRACE
327040,674430,4305,antiques,Antiques and Objects D'art,Class 1,EH7 5DJ,327040,674430,61 MONTROSE TERRACE
326921,674322,4306,public house,Regent,SUI GENERIS,EH7 5DL,326921,674322,2-4 MONTROSE TERRACE
326929,674335,4307,upholsterer,Cameron re-upholserer,Class 4,EH7 5DL,326929,674335,6-8 MONTROSE TERRACE
326932,674337,4308,locksmith,ETC locksmith,Class 4,EH7 5DL,326932,674337,10 MONTROSE TERRACE
326934,674340,4309,joiner,joiner,Class 4,EH7 5DL,326934,674340,12 MONTROSE TERRACE
326936,674343,4310,sports equipment,Seconds Out,Class 1,EH7 5DL,326936,674343,14 MONTROSE TERRACE
326939,674346,4311,pottery studio,Mud Station,Class 1,EH7 5DL,326939,674346,16 MONTROSE TERRACE
326941,674349,4312,florist,Charmed Floristree,Class 1,EH7 5DL,326941,674349,18 MONTROSE TERRACE
326943,674351,4313,hairdresser,Escape,Class 1,EH7 5DL,326943,674351,22 MONTROSE TERRACE
326956,674364,4314,manicurist,Top Nails,Class 1,EH7 5DL,326956,674364,30 MONTROSE TERRACE
326959,674366,4315,hairdresser,Salon 328,Class 1,EH7 5DL,326959,674366,32 MONTROSE TERRACE
326965,674371,4316,grocer / convenience store,Janatha food store,Class 1,EH7 5DL,326965,674371,34-36 MONTROSE TERRACE
326973,674377,4317,massage clinic,Knot Stressed,Class 2,EH7 5DL,326973,674377,40-42 MONTROSE TERRACE
326980,674381,4318,builder,John McMenamin,Class 4,EH7 5DL,326980,674381,44-46 MONTROSE TERRACE
326985,674385,4319,vacant,vacant,Vacant,EH7 5DL,326985,674385,50 MONTROSE TERRACE
326997,674390,4320,property services,property repair,Class 4,EH7 5DL,326997,674390,52 MONTROSE TERRACE
327016,674397,4321,Chiropractor,Health for Life,Class 2,EH7 5DP,327016,674397,56 MONTROSE TERRACE
327021,674399,4322,hot food take-away,Miradi's,SUI GENERIS,EH7 5DP,327021,674399,58 MONTROSE TERRACE
327027,674401,4323,upholsterer,Houseproud Upholsterers,Class 4,EH7 5DP,327027,674401,60 MONTROSE TERRACE
327032,674402,4324,camera repairs,J.P. Camera Repair Co.,Class 1,EH7 5DP,327032,674402,64 MONTROSE TERRACE
327036,674403,4325,florist,Flowers by Maxwell,Class 1,EH7 5DP,327036,674403,66 MONTROSE TERRACE
327044,674405,4326,glaziers / joiners,Abbet Contracts,Class 4,EH7 5DP,327044,674405,68 MONTROSE TERRACE
327048,674406,4327,massage,Udon Thai Massage,Class 11,EH7 5DP,327048,674406,70 MONTROSE TERRACE
327053,674407,4328,flooring,Tomson Floors,Class 1,EH7 5DP,327053,674407,74-76 MONTROSE TERRACE
327061,674408,4329,art gallery,Amber Arts,Class 1,EH7 5DP,327061,674408,78 MONTROSE TERRACE
327066,674410,4330,launderette,Abbey Hill Launderette Limited.,Class 1,EH7 5DP,327066,674410,80 MONTROSE TERRACE
327290,674450,4331,mixed durable goods,Poundstretcher,Class 1,EH7 5TS,327290,674450,1 MORAY PARK
327294,674471,4332,household goods,TK Maxx Home,Class 1,EH7 5TS,327294,674471,3-5 MORAY PARK
327311,674542,4333,mixed durable goods,B&M Home Store,Class 1,EH7 5TS,327311,674542,6 MORAY PARK
327345,674566,4334,ladies & mens clothing,Marks & Spencer Outlet,Class 1,EH7 5TS,327345,674566,7 MORAY PARK
327373,674569,4335,mixed durables,Poundland,Class 1,EH7 5TS,327373,674569,8 MORAY PARK
327413,674574,4336,supermarket - large,Sainsbury,Class 1,EH7 5TS,327413,674574,9-10 MORAY PARK
327368,674443,4337,restaurant,Kentucky Fried Chicken (KFC),Class 3,EH7 5TS,327368,674443,11 MORAY PARK
328823,669510,4338,beauty salon,Sunflower Beauty,Class 1,EH17 7ES,328823,669510,33 MOREDUN PARK ROAD
328834,669511,4339,chemist,Lindsay & Gilmour,Class 1,EH17 7ES,328834,669511,37 MOREDUN PARK ROAD
328845,669514,4340,hairdresser,Barrie Jon Hairstyles,Class 1,EH17 7ES,328845,669514,39 MOREDUN PARK ROAD
328864,669517,4341,grocer,Key Store,Class 1,EH17 7ES,328864,669517,43-45 MOREDUN PARK ROAD
328879,669519,4342,baker,Morrison's Home Bakery,Class 1,EH17 7ES,328879,669519,49 MOREDUN PARK ROAD
329210,669540,4343,baker,Ferguson's Home Bakery,Class 1,EH17 7HJ,329210,669540,101 MOREDUN PARK ROAD
329220,669533,4344,grocer,Fazal Convenience Store (Premier),Class 1,EH17 7HJ,329220,669533,105-107 MOREDUN PARK ROAD
329240,669518,4345,vacant,vacant,Vacant,EH17 7HJ,329240,669518,111 MOREDUN PARK ROAD
329248,669512,4346,hot food take away,Kebab Roondo,SUI GENERIS,EH17 7HJ,329248,669512,113 MOREDUN PARK ROAD
329097,669525,4347,vacant,vacant,Vacant, ,329097,669525, 
329114,669525,4348,small supermarket,Scotmid / Post Office,Class 1,EH17 7HG,329114,669525,82-86 MOREDUN PARK ROAD
329129,669527,4349,vacant,vacant,Vacant, ,329129,669527, 
328929,670092,4350,public house,The Royal,SUI GENERIS,EH17 7RZ,328929,670092,50 MOREDUNVALE ROAD
328938,670076,4351,grocer,Afe Minimart,Class 1,EH17 7RZ,328938,670076,50A MOREDUNVALE ROAD
328939,670107,4352,betting shop,Scotbet,Class 2,EH17 7RZ,328939,670107,(50B) MOREDUNVALE ROAD
324462,670786,4353,hairdresser,Muir's Hair Salon,Class 1,EH10 5LZ,324462,670786,3 MORNINGSIDE DRIVE
324456,670786,4354,flooring,The Floor Sanding Company,Class 1,EH10 5LZ,324456,670786,7 MORNINGSIDE DRIVE
324453,670786,4355,hairdresser,Level Up,Class 1,EH10 5LZ,324453,670786,9 MORNINGSIDE DRIVE
324447,670785,4356,consituency office (SP),Jim Eadie-Edinburgh Southern Consistuency Office,Class 2,EH10 5LZ,324447,670785,13-15 MORNINGSIDE DRIVE
324437,670783,4357,educational / tutoring service,Whizzkidz Multimedia Learning Centre for Children,Class 4,EH10 5LZ,324437,670783,19 MORNINGSIDE DRIVE
324432,670781,4358,chocolate makers,Edward & Irwin,Class 1,EH10 5LZ,324432,670781,21 MORNINGSIDE DRIVE
324470,670814,4359,cafe/coffee shop,Morningside Kitchen,Class 3,EH10 5LY,324470,670814,6-8 MORNINGSIDE DRIVE
324463,670814,4360,Interior design,Emily Black Interiors,Class 2,EH10 5LY,324463,670814,10 MORNINGSIDE DRIVE
324459,670814,4361,beauty,MOI,Class 1,EH10 5LY,324459,670814,14-16 MORNINGSIDE DRIVE
324449,670813,4362,nursing & residential care services,Lynedoch Care,Class 2,EH10 5LY,324449,670813,20 MORNINGSIDE DRIVE
324445,670813,4363,nursing & residential care services,Lynedoch Care,Class 4,EH10 5LY,324445,670813,22 MORNINGSIDE DRIVE
324523,671725,4364,vacant,vacant,Vacant, ,324523,671725, 
324513,671702,4365,bedrooms / home office,Sharps,Class 2,EH10 4DR,324513,671702,33A MORNINGSIDE ROAD
324514,671696,4366,lighting,Studio Design Italia (October 1st Ltd.),Class 1, ,324514,671696, 
324514,671688,4367,caf‚,Rocket Caf‚,Class 3,EH10 4DR,324514,671688,41 MORNINGSIDE ROAD
324515,671681,4368,dentist,Church Hill Dental,Class 2,EH10 4DS,324515,671681,43 MORNINGSIDE ROAD
324516,671655,4369,restaurant,Nonna's Kitchen,Class 3,EH10 4BB,324516,671655,45 MORNINGSIDE ROAD
324516,671644,4370,bedroom furniture,Feather & Black,Class 1,EH10 4BA,324516,671644,47-49 MORNINGSIDE ROAD
324517,671636,4371,bathroom furniture & fittings,Bathstore.com,Class 1,EH10 4BA,324517,671636,53-57 MORNINGSIDE ROAD
324517,671623,4372,furniture,Sofa So Good,Class 1,EH10 4AZ,324517,671623,61-63 MORNINGSIDE ROAD
324520,671518,4373,furniture,Studio One Furniture,Class 1,EH10 4AY,324520,671518,71 MORNINGSIDE ROAD
324521,671514,4374,chiropodist,Morningside Podiatry Service,Class 2, ,324521,671514, 
324521,671509,4375,"gifts, crafts, greeting cards",Mulberry Bush,Class 1,EH10 4AY,324521,671509,77 MORNINGSIDE ROAD
324522,671505,4376,"materials, cloths",Remanent Kings,Class 1,EH10 4AY,324522,671505,79 MORNINGSIDE ROAD
324522,671501,4377,hairdessers,Hamptons,Class 1,EH10 4AY,324522,671501,81 MORNINGSIDE ROAD
324523,671495,4378,ladies clothing,Wilkies,Class 1,EH10 4AY,324523,671495,83-85 MORNINGSIDE ROAD
324524,671485,4379,charity shop,Cancer Research UK,Class 1,EH10 4AY,324524,671485,87 MORNINGSIDE ROAD
324525,671475,4380,plumbers & heating engineers,Haggart,Class 4,EH10 4AY,324525,671475,89 MORNINGSIDE ROAD
324526,671464,4381,charity shop,Bethany shop,Class 1,EH10 4AY,324526,671464,93 MORNINGSIDE ROAD
324527,671453,4382,charity shop,British Red Cross,Class 1,EH10 4AY,324527,671453,95 MORNINGSIDE ROAD
324540,671418,4383,supermarket - large,Waitrose,Class 1,EH10 4AX,324540,671418,145 MORNINGSIDE ROAD
324531,671388,4384,charity shop,Age Scotland,Class 1,EH10 4AX,324531,671388,147 MORNINGSIDE ROAD
324531,671384,4385,optician,Vision Eyecare,Class 1,EH10 4AX,324531,671384,151 MORNINGSIDE ROAD
324531,671379,4386,chemist,Lorimer Pharmacy,Class 1,EH10 4AX,324531,671379,153 MORNINGSIDE ROAD
324532,671372,4387,hot food take way,Domino's,SUI GENERIS,EH10 4AX,324532,671372,155 MORNINGSIDE ROAD
324533,671366,4388,betting shop,Ladbrokes,Class 2,EH10 4AX,324533,671366,159-161 MORNINGSIDE ROAD
324534,671357,4389,charity shop,The Edinburgh Cat and Dog Home,Class 1,EH10 4AX,324534,671357,163 MORNINGSIDE ROAD
324534,671352,4390,cafe,Cafe Lattee,Class 3,EH10 4AX,324534,671352,165 MORNINGSIDE ROAD
324535,671341,4391,hardware,Houseproud of Morningside,Class 1,EH10 4AX,324535,671341,169-173 MORNINGSIDE ROAD
324536,671332,4392,coffee shop,Caff‚ Nero,Class 3,EH10 4AX,324536,671332,177 MORNINGSIDE ROAD
324541,671305,4393,charity shop,Capability Scotland,Class 1,EH10 4QP,324541,671305,179 MORNINGSIDE ROAD
324541,671300,4394,hearing aids,Amplifon,Class 1,EH10 4QP,324541,671300,183 MORNINGSIDE ROAD
324542,671294,4395,dry cleaner,Scotcleen,Class 1,EH10 4QP,324542,671294,185 MORNINGSIDE ROAD
324542,671288,4396,grocer,Costcutter,Class 1,EH10 4QP,324542,671288,187 MORNINGSIDE ROAD
324542,671283,4397,hot food take-away (Chinese),Food for U,SUI GENERIS,EH10 4QP,324542,671283,189 MORNINGSIDE ROAD
324543,671278,4398,toys and games,Toys Galore,Class 1,EH10 4QP,324543,671278,193 MORNINGSIDE ROAD
324543,671270,4399,charity shop,St. Columba's Hospice,Class 1,EH10 4QP,324543,671270,195-197 MORNINGSIDE ROAD
324543,671265,4400,hairdressers (gents - Turkish style hot shaves),First Class barbers,Class 1,EH10 4QP,324543,671265,199 MORNINGSIDE ROAD
324543,671260,4401,ladies shoes,Shoe Box,Class 1,EH10 4QP,324543,671260,203 MORNINGSIDE ROAD
324544,671255,4402,estate agents,Jardine Phillips,Class 2,EH10 4QP,324544,671255,205 MORNINGSIDE ROAD
324544,671231,4403,chemist,Boots,Class 1,EH10 4QT,324544,671231,207-209 MORNINGSIDE ROAD
324544,671225,4404,gifts & greeting cards,Out of the Blue,Class 1,EH10 4QT,324544,671225,213 MORNINGSIDE ROAD
324544,671220,4405,hairdresser & beauty salon,Pinkk,Class 1,EH10 4QT,324544,671220,215 MORNINGSIDE ROAD
324545,671213,4406,jeweller,Margaret A. King,Class 1,EH10 4QT,324545,671213,217 MORNINGSIDE ROAD
324546,671208,4407,caf‚,Caf‚ Blush,Class 3,EH10 4QT,324546,671208,219 MORNINGSIDE ROAD
324546,671203,4408,"craft shop, gifts",Pretty Pink,Class 1,EH10 4QT,324546,671203,223 MORNINGSIDE ROAD
324546,671199,4409,home furnishings,Time and Tide,Class 1,EH10 4QT,324546,671199,225 MORNINGSIDE ROAD
324547,671194,4410,shoe repairs / key cutting / watch repairs / nameplates / engraving etc.,Timpson,Class 1,EH10 4QT,324547,671194,227 MORNINGSIDE ROAD
324547,671190,4411,micro brewery,Growler Beers,SUI GENERIS,EH10 4QT,324547,671190,229 MORNINGSIDE ROAD
324547,671185,4412,sport goods,Bruntsfield Sports,Class 1,EH10 4QT,324547,671185,233 MORNINGSIDE ROAD
324547,671181,4413,coffee shop,Blackwood Cafe,Class 3,EH10 4QT,324547,671181,235 MORNINGSIDE ROAD
324550,671163,4414,public house,Canny Man's,SUI GENERIS,EH10 4QU,324550,671163,237 MORNINGSIDE ROAD
324549,671152,4415,"hot food take-away (fish & chips, pizzas, kebabs, burgers)",Stefano's,SUI GENERIS,EH10 4QU,324549,671152,241 MORNINGSIDE ROAD
324549,671148,4416,clothing alterations & repairs,Morningside Tailors,Class 1,EH10 4QU,324549,671148,241A MORNINGSIDE ROAD
324549,671145,4417,stationery,Stationery Express,Class 1,EH10 4QU,324549,671145,243A MORNINGSIDE ROAD
324549,671140,4418,electronic cigarettes,Jac Vapour,Class 1,EH10 4QU,324549,671140,245 MORNINGSIDE ROAD
324550,671132,4419,optician,Rifkind & Brophy,Class 1,EH10 4QU,324550,671132,247-247A MORNINGSIDE ROAD
324550,671126,4420,ladies shoes,Ann Brownlie Shoes,Class 1,EH10 4QU,324550,671126,251 MORNINGSIDE ROAD
324550,671110,4421,hairdresser (gents hot shave),The Brothers Barbers,Class 1,EH10 4RD,324550,671110,253 MORNINGSIDE ROAD
324550,671106,4422,health foods,Good Food,Class 1,EH10 4RD,324550,671106,255 MORNINGSIDE ROAD
324551,671101,4423,picture framer,Edge,Class 1,EH10 4RD,324551,671101,257 MORNINGSIDE ROAD
324551,671097,4424,"jeweller, prints, picture framing",Angles,Class 1,EH10 4RD,324551,671097,259 MORNINGSIDE ROAD
324552,671094,4425,vacant, ,Vacant,EH10 4RD,324552,671094,261 MORNINGSIDE ROAD
324552,671090,4426,veterinary surgery,West End Veterinary Partnership,Class 2, ,324552,671090, 
324561,671082,4427,post office,Post Office,Class 1,EH10 4RD,324561,671082,265 MORNINGSIDE ROAD
324535,670896,4428,contractors,KM Contracts,Class 4,EH10 4RW,324535,670896,271 MORNINGSIDE ROAD
324473,671912,4429,bank,Bank of Scotland,Class 2,EH10 4DD,324473,671912,8 MORNINGSIDE ROAD
324478,671861,4430,"cafe,coffee shop",Costa Coffee,Class 3,EH10 4DB,324478,671861,14 MORNINGSIDE ROAD
324478,671844,4431,"confectionery, ice cream, caf‚",S. Luca,Class 1,EH10 4DB,324478,671844,16 MORNINGSIDE ROAD
324478,671802,4432,bathroom furniture,Bubbles - Luxury Fitted Bathrooms,Class 1,EH10 4DA,324478,671802,20 MORNINGSIDE ROAD
324478,671797,4433,lingerie & swimwear,Bravado Underwear,Class 1,EH10 4DA,324478,671797,22 MORNINGSIDE ROAD
324479,671791,4434,designer cakes,Too Good To Eat,Class 1,EH10 4DA,324479,671791,26 MORNINGSIDE ROAD
324479,671783,4435,school uniforms & sports equipment,Clan House,Class 1,EH10 4DA,324479,671783,28-30 MORNINGSIDE ROAD
324479,671777,4436,oriental rugs & ornaments,Persian Rug Village,Class 1,EH10 4DA,324479,671777,34 MORNINGSIDE ROAD
324479,671770,4437,hairdresser (ladies & gents),Kid's Stop,Class 1,EH10 4DA,324479,671770,36 MORNINGSIDE ROAD
324480,671762,4438,nails,The Nail Yard,Class 1,EH10 4DA,324480,671762,38 MORNINGSIDE ROAD
324480,671758,4439,hairdresser,Panache,Class 1,EH10 4DA,324480,671758,40 MORNINGSIDE ROAD
324480,671753,4440,"office services (mail boxes, packing, shipping, copying, laminating, binding, office supplies etc.)",Mail Boxes Etc.,Class 4,EH10 4BZ,324480,671753,44-46 MORNINGSIDE ROAD
324482,671735,4441,"t.v., hi-fi, computers, digital cameras",Sony Centre,Class 1,EH10 4BZ,324482,671735,48-50 MORNINGSIDE ROAD
324482,671727,4442,"cafe,coffee shop",Salt Cafe,Class 3,EH10 4BZ,324482,671727,54-56 MORNINGSIDE ROAD
324482,671716,4443,"greengrocer, florist, delicatessen, confectioner",The Harvest Garden,Class 1,EH10 4BZ,324482,671716,58-60 MORNINGSIDE ROAD
324483,671711,4444,n/t/c,Morningside News,Class 1,EH10 4BZ,324483,671711,62 MORNINGSIDE ROAD
324483,671706,4445,ladies clothing (bridal & evening wear),Kudos,Class 1,EH10 4BZ,324483,671706,66 MORNINGSIDE ROAD
324482,671699,4446,dressmaker,Helen Rennie,Class 1,EH10 4BZ,324482,671699,68 MORNINGSIDE ROAD
324483,671694,4447,hairdresser,MacGregor,Class 1,EH10 4BZ,324483,671694,70 MORNINGSIDE ROAD
324483,671688,4448,restaurant (Indian),Morningside Spice,Class 3,EH10 4BY,324483,671688,74 MORNINGSIDE ROAD
324483,671681,4449,solicitors & estate agents,Gillespie McAndrew,Class 2,EH10 4BY,324483,671681,76-80 MORNINGSIDE ROAD
324484,671675,4450,hairdresser,Fleming Smith,Class 1,EH10 4BY,324484,671675,84 MORNINGSIDE ROAD
324484,671668,4451,restaurant (Indian),The Clay Oven Restaurant,Class 3,EH10 4BY,324484,671668,86-88 MORNINGSIDE ROAD
324485,671659,4452,residential letting agency,Braemore,Class 2,EH10 4BY,324485,671659,92 MORNINGSIDE ROAD
324485,671651,4453,fine art,Morningside Gallery,Class 1,EH10 4BY,324485,671651,94 MORNINGSIDE ROAD
324486,671646,4454,carpets,Kristoffersen Carpets,Class 1,EH10 4BY,324486,671646,96 MORNINGSIDE ROAD
324486,671642,4455,Jewellery,S H Jewellery,Class 1,EH10 4BY,324486,671642,98 MORNINGSIDE ROAD
324486,671637,4456,hairdresser,Technik,Class 1,EH10 4BY,324486,671637,102 MORNINGSIDE ROAD
324486,671631,4457,charity shop,Shelter,Class 1,EH10 4BY,324486,671631,104 MORNINGSIDE ROAD
324491,671548,4458,photographic goods,Cameratiks,Class 1,EH10 4BX,324491,671548,120-122 MORNINGSIDE ROAD
324491,671541,4459,hot food takeaway,Amani,SUI GENERIS,EH10 4BX,324491,671541,124 MORNINGSIDE ROAD
324491,671537,4460,"oriental therapies (acupuncture, herbal remedies, massage, reflexology)",Chinese Doctor,Class 2,EH10 4BX,324491,671537,126 MORNINGSIDE ROAD
324492,671530,4461,restaurant (Nepalese),The Gurkha,Class 3,EH10 4BX,324492,671530,126A-128 MORNINGSIDE ROAD
324493,671521,4462,vacant, ,Vacant,EH10 4BX,324493,671521,128A MORNINGSIDE ROAD
324494,671514,4463,"fabrics, curtains",Dingwall Fabrics,Class 1,EH10 4BX,324494,671514,130 MORNINGSIDE ROAD
324498,671504,4464,pine furniture,Soren,Class 1,EH10 4BX,324498,671504,132 MORNINGSIDE ROAD
324507,671379,4465,general 2nd hand goods,Curios,Class 1,EH10 4PX,324507,671379,156 MORNINGSIDE ROAD
324507,671375,4466,flooring,Edinburgh Flooring Company,Class 1,EH10 4PX,324507,671375,158 MORNINGSIDE ROAD
324507,671369,4467,beauty salon,Callidora,Class 1,EH10 4PX,324507,671369,162 MORNINGSIDE ROAD
324496,671347,4468,public house & restaurant,The Merlin,SUI GENERIS,EH10 4PU,324496,671347,168(05)-172 MORNINGSIDE ROAD
324510,671334,4469,hot food take-away (Indian),India Today,SUI GENERIS,EH10 4PU,324510,671334,176 MORNINGSIDE ROAD
324510,671326,4470,funeral directors / undertakers,W.T. Dunbar & Sons,Class 1,EH10 4PU,324510,671326,178-182 MORNINGSIDE ROAD
324511,671293,4471,betting shop,William Hill,Class 2,EH10 4PU,324511,671293,190 MORNINGSIDE ROAD
324511,671286,4472,bank,Santander,Class 2,EH10 4PU,324511,671286,194-196 MORNINGSIDE ROAD
324513,671265,4473,bank,Lloyds TSB Scotland,Class 2,EH10 4QQ,324513,671265,200 MORNINGSIDE ROAD
324514,671254,4474,charity shop,Oxfam,Class 1,EH10 4QQ,324514,671254,204-206 MORNINGSIDE ROAD
324514,671247,4475,charity shop (books),Oxfam,Class 1,EH10 4QQ,324514,671247,210 MORNINGSIDE ROAD
324504,671235,4476,chemist,Superdrug,Class 1,EH10 4QQ,324504,671235,212-214 MORNINGSIDE ROAD
324505,671221,4477,supermarket - small,Marks & Spencer - Simply Food,Class 1,EH10 4QQ,324505,671221,216 MORNINGSIDE ROAD
324515,671210,4478,The Counter,unknown - no name,Class 3,EH10 4QQ,324515,671210,216(A) MORNINGSIDE ROAD
324517,671190,4479,optician,Specsavers,Class 1,EH10 4QH,324517,671190,302 MORNINGSIDE ROAD
324517,671187,4480,baker,Goodfellow & Steven,Class 1,EH10 4QH,324517,671187,306 MORNINGSIDE ROAD
324517,671183,4481,"clothing, astrology, tarot, tai-chi etc. (New Age services)",Fool Clothing,Class 1,EH10 4QH,324517,671183,308 MORNINGSIDE ROAD
324517,671180,4482,greeting cards & gifts,Mellstock Quire,Class 1,EH10 4QH,324517,671180,310 MORNINGSIDE ROAD
324518,671174,4483,greengrocers and fruiterers,Fruit A Licious,Class 1,EH10 4QH,324518,671174,312 MORNINGSIDE ROAD
324518,671167,4484,drycleaners,Merchiston Dry Cleaners,Class 1,EH10 4QH,324518,671167,314 MORNINGSIDE ROAD
324518,671161,4485,candles & gifts,Candle-it,Class 1,EH10 4QH,324518,671161,318 MORNINGSIDE ROAD
324518,671154,4486,building society,Nationwide,Class 2,EH10 4QJ,324518,671154,320 MORNINGSIDE ROAD
324519,671150,4487,cafe/coffee shop,Frescco,Class 3,EH10 4QJ,324519,671150,324 MORNINGSIDE ROAD
324519,671145,4488,grocer,U Save,Class 1,EH10 4QJ,324519,671145,326 MORNINGSIDE ROAD
324519,671138,4489,frozen food,Just Cook,Class 1,EH10 4QJ,324519,671138,328 MORNINGSIDE ROAD
324520,671133,4490,cheesemonger,Ian J. Mellis,Class 1,EH10 4QJ,324520,671133,330 MORNINGSIDE ROAD
324520,671128,4491,greeting cards,Hallmark,Class 1,EH10 4QJ,324520,671128,334 MORNINGSIDE ROAD
324521,671123,4492,hot food take-away,Pizza Hut,SUI GENERIS,EH10 4QJ,324521,671123,336 MORNINGSIDE ROAD
324522,671102,4493,charity shop,Marie Curie Cancer Care,Class 1,EH10 4QL,324522,671102,340 MORNINGSIDE ROAD
324510,671098,4494,charity shop,Chest Heart & Stroke,Class 1,EH10 4QL,324510,671098,344-346 MORNINGSIDE ROAD
324524,671088,4495,travel agent,Morningside Travel,Class 1,EH10 4QL,324524,671088,348 MORNINGSIDE ROAD
324524,671084,4496,hot food takaway (italian),La Favorita,SUI GENERIS,EH10 4QL,324524,671084,350 MORNINGSIDE ROAD
324524,671078,4497,baker (artisan baker),Bakery Andante,Class 1,EH10 4QL,324524,671078,352 MORNINGSIDE ROAD
324524,671074,4498,bank,Santander,Class 2,EH10 4QN,324524,671074,356 MORNINGSIDE ROAD
324524,671061,4499,"grocer, convenience store",J SAINSBURY PLC,Class 1,EH10 4QN,324524,671061,358-364 MORNINGSIDE ROAD
324526,671053,4500,coffee shop / hot food take-away (South African),Zulu Lounge,Class 3,EH10 4QN,324526,671053,366 MORNINGSIDE ROAD
324526,671045,4501,restaurant,Caffe Cucina,Class 3,EH10 5HS,324526,671045,370-372 MORNINGSIDE ROAD
324520,670999,4502,delicatessen (importer of French food & wine),Karine,Class 1,EH10 5HX,324520,670999,376 MORNINGSIDE ROAD
324519,670994,4503,barbers,Bus Stop Barbers,Class 1,EH10 5HX,324519,670994,380 MORNINGSIDE ROAD
324519,670989,4504,therapy centre,Therap-Ease,Class 2,EH10 5HX,324519,670989,382 MORNINGSIDE ROAD
324518,670984,4505,photographic supplies,Click,Class 1,EH10 5HX,324518,670984,384 MORNINGSIDE ROAD
324517,670979,4506,housing letting,Marchside Property,Class 2,EH10 5HX,324517,670979,386 MORNINGSIDE ROAD
324516,670975,4507,charity shop,Save The Children,Class 1,EH10 5HX,324516,670975,390 MORNINGSIDE ROAD
324515,670972,4508,cafe,The Clock Cafe & Bistro,Class 3,EH10 5HX,324515,670972,392-394 MORNINGSIDE ROAD
324514,670962,4509,cafe,Yawn,Class 3,EH10 5HX,324514,670962,396 MORNINGSIDE ROAD
324513,670958,4510,baker,Greggs,Class 1,EH10 5HY,324513,670958,400 MORNINGSIDE ROAD
324513,670954,4511,dry cleaner & ironing service,Johnsons,Class 1,EH10 5HY,324513,670954,402 MORNINGSIDE ROAD
324512,670949,4512,hairdresser,404 Hair Design,Class 1,EH10 5HY,324512,670949,404 MORNINGSIDE ROAD
324511,670946,4513,podiatry,Podiatry Plus Scotland,Class 2,EH10 5HY,324511,670946,406 MORNINGSIDE ROAD
324510,670942,4514,"crafts, selling and making",Spaceworks,Class 1,EH10 5HY,324510,670942,410 MORNINGSIDE ROAD
324510,670938,4515,craft selling,Calzeat,Class 1,EH10 5HY,324510,670938,412 MORNINGSIDE ROAD
324509,670935,4516,arts & crafts (Polish),Beautiful Things,Class 1,EH10 5HY,324509,670935,414 MORNINGSIDE ROAD
324508,670931,4517,hairdresser (ladies),Belle & Beau,Class 1,EH10 5HY,324508,670931,416 MORNINGSIDE ROAD
324508,670927,4518,coffee shop & Christian community centre,The Open Door,Class 3,EH10 5HY,324508,670927,420 MORNINGSIDE ROAD
324508,670912,4519,accountants,Ian Brown & Company,Class 4,EH10 5HY,324508,670912,422 MORNINGSIDE ROAD
324509,670910,4520,n/t/c,Newslink of Morningside,Class 1,EH10 5HY,324509,670910,424 MORNINGSIDE ROAD
324486,670904,4521,bank,Bank of Scotland,Class 2,EH10 5HY,324486,670904,426 MORNINGSIDE ROAD
324762,673173,4522,grocer / convenience store,Sainsbury Local,Class 1,EH3 8BH,324762,673173,3 MORRISON STREET
324672,673150,4523,coffee and snack food,Coffee Box,Class 3,EH3 8BU,324672,673150,69(B) MORRISON STREET
324605,673132,4524,vacant,vacant,Vacant,EH3 8BU,324605,673132,(71) MORRISON STREET
324594,673151,4525,vacant,vacant,Vacant,EH3 8BU,324594,673151,(73) MORRISON STREET
324564,673171,4526,artisian ceramics,Welby & Wright,Class 1,EH3 8BU,324564,673171,79 MORRISON STREET
324557,673173,4527,restaurant brasserie / deli,Les Amis,Class 3,EH3 8BU,324557,673173,83 MORRISON STREET
324549,673175,4528,cards and gifts,L'amour,Class 1,EH3 8BU,324549,673175,85 MORRISON STREET
324538,673179,4529,serviced offices,Morrison Business Centre,Class 4,EH3 8BU,324538,673179,89-91 MORRISON STREET
324526,673184,4530,sandwich shop,Sandwich Deli,Class 1,EH3 8BX,324526,673184,95 MORRISON STREET
324522,673185,4531,restaurant (brasilian),Zicos,Class 3,EH3 8BX,324522,673185,97-101 MORRISON STREET
324514,673188,4532,solicitors,Ethnic Minorities Law Centre,Class 4,EH3 8BX,324514,673188,103 MORRISON STREET
324508,673190,4533,caf‚,Wee Coffee Shop,Class 3,EH3 8BX,324508,673190,107-109 MORRISON STREET
324495,673196,4534,hairdresser,Lotus Hair Studio,Class 1,EH3 8BX,324495,673196,113-115 MORRISON STREET
324465,673204,4535,hot food take-away,Rodi,SUI GENERIS,EH3 8AJ,324465,673204,121 MORRISON STREET
324455,673210,4536,grocer,Costcutter,Class 1,EH3 8AJ,324455,673210,123 MORRISON STREET
324451,673211,4537,barber,Moroccan Barber,Class 1,EH3 8AJ,324451,673211,127 MORRISON STREET
324444,673212,4538,sandwich bar,L'Echoppe,Class 1,EH3 8AJ,324444,673212,129 MORRISON STREET
324433,673214,4539,beauty salon,The Secret Beauty Garden,Class 2,EH3 8AJ,324433,673214,133-135 MORRISON STREET
324425,673215,4540,beauty salon,The Secret Beauty Garden,Class 2,EH3 8AJ,324425,673215,139 MORRISON STREET
324388,673217,4541,baker,Morrison's Bakery,Class 1,EH3 8AG,324388,673217,147 MORRISON STREET
324380,673217,4542,restaurant,McKirdy's Steakhouse,Class 3,EH3 8AG,324380,673217,151-155 MORRISON STREET
324371,673218,4543,denture repairs,Dentacare,Class 2,EH3 8AG,324371,673218,157 MORRISON STREET
324367,673218,4544,restaurant,The Atelier,Class 3,EH3 8AG,324367,673218,159/161 MORRISON STREET
324360,673218,4545,dry cleaning,Let Me,Class 1,EH3 8AG,324360,673218,165 MORRISON STREET
324355,673218,4546,caf‚,Bite Me,Class 3,EH3 8AG,324355,673218,167 MORRISON STREET
324328,673220,4547,carpets,Carpet Rite Ltd.,Class 1,EH3 8DZ,324328,673220,181-183 MORRISON STREET
324322,673215,4548,public house,Carter's,SUI GENERIS,EH3 8DZ,324322,673215,185 MORRISON STREET
324778,673202,4549,restaurant (Chinese),Rainbow Arch & Ho Ho Mei Noodle Shack,Class 3,EH3 8BJ,324778,673202,8 MORRISON STREET
324753,673202,4550,public house,Lebowski's,SUI GENERIS,EH3 8BJ,324753,673202,16-20A MORRISON STREET
324746,673202,4551,copy shop,Copy Stop,Class 2,EH3 8BJ,324746,673202,22-22A MORRISON STREET
324734,673202,4552,vacant,vacant,Vacant,EH3 8BJ,324734,673202,26-28 MORRISON STREET
324724,673202,4553,pannini bar,Pronto,Class 3,EH3 8BJ,324724,673202,32 MORRISON STREET
324387,673244,4554,public house,Thomson's Bar,SUI GENERIS,EH3 8EB,324387,673244,182-184 MORRISON STREET
324382,673245,4555,n/t/c & grocer,TR News,Class 1,EH3 8EB,324382,673245,188 MORRISON STREET
324376,673245,4556,second hand goods,Retro,Class 1,EH3 8EB,324376,673245,190 MORRISON STREET
324369,673245,4557,bar/restaurant,Priory,Class 3,EH3 8EB,324369,673245,192-194 MORRISON STREET
324360,673249,4558,letting agency,APM Property Management,Class 2,EH3 8EB,324360,673249,198 MORRISON STREET
324360,673249,4559,letting agency,APM Property Management,Class 2,EH3 8EB,324360,673249,200 MORRISON STREET
324361,673245,4560,grocer,Accha Oriental Food Company,Class 1, ,324361,673245, 
324352,673246,4561,Greek grill and deli,Ola Kala,Class 3,EH3 8EA,324352,673246,202 MORRISON STREET
324347,673246,4562,speciality tea & coffee merchant,The Better Beverage Company,Class 1,EH3 8EA,324347,673246,204 MORRISON STREET
324343,673246,4563,graphic design studio,River Design,Class 4,EH3 8EA,324343,673246,208 MORRISON STREET
324339,673246,4564,extension of dental surgery,Stuart F. Steven & Associates,Class 2, ,324339,673246, 
324330,673247,4565,dental surgery,Stuart F. Steven & Associates,Class 2, ,324330,673247, 
324322,673248,4566,hair studio,McLaren Ross,Class 1,EH3 8EA,324322,673248,218 MORRISON STREET
324317,673248,4567,books,Bobbie's Bookshop,Class 1,EH3 8EA,324317,673248,220 MORRISON STREET
324313,673248,4568,hot food take-away,No. 1 Kebab,SUI GENERIS,EH3 8EA,324313,673248,222 MORRISON STREET
324310,673248,4569,specialist whiskies,Special Scotch Whisky,Class 1,EH3 8EA,324310,673248,224 MORRISON STREET
324307,673248,4570,hairdresser,Dimond Barbers,Class 1,EH3 8EA,324307,673248,226 MORRISON STREET
324301,673248,4571,physiotherapy,Physis,Class 2,EH3 8EA,324301,673248,230 MORRISON STREET
324296,673249,4572,caf‚,Milk,Class 3,EH3 8EA,324296,673249,232 MORRISON STREET
324280,673249,4573,reprographics,Hobbs,Class 2,EH3 8EA,324280,673249,234-240 MORRISON STREET
324253,673252,4574,Thai Spa,Mind and Body,Class 1,EH3 8DT,324253,673252,244 MORRISON STREET
324245,673252,4575,restaurant (south anerican steakhouse) opening soon,Rancho,Class 3,EH3 8DT,324245,673252,244A MORRISON STREET
324235,673253,4576,restaurant (Chinese),Chop Chop,Class 3,EH3 8DT,324235,673253,248 MORRISON STREET
324226,673253,4577,restaurant (Indian),Mumbai Mansion,Class 3,EH3 8DT,324226,673253,250 MORRISON STREET
324200,673255,4578,public house,The Jolly Botanist,SUI GENERIS,EH3 8DT,324200,673255,256-260 MORRISON STREET
324177,673254,4579,bedroom furniture,Grove Bedding,Class 1,EH3 8DT,324177,673254,266 MORRISON STREET
324169,673254,4580,flooring,Peter Young Flooring Ltd.,Class 1,EH3 8DT,324169,673254,270 MORRISON STREET
324160,673255,4581,restaurant,Ignite,Class 3,EH3 8DT,324160,673255,272-274 MORRISON STREET
324152,673255,4582,cheesecake caf‚,Mallow Valley,Class 3,EH3 8DT,324152,673255,278 MORRISON STREET
331439,673423,4583,vacant,vacant,Vacant,EH15 2HN,331439,673423,21 MORTON STREET
331438,673427,4584,architects,a449 ltd.,Class 2,EH15 2HN,331438,673427,23 MORTON STREET
331437,673432,4585,IFA,Integrity,Class 4,EH15 2HN,331437,673432,25 MORTON STREET
326505,668105,4586,garden centre,Klondyke Garden Centre,Class 1,EH16 6TJ,326505,668105,7 MORTONHALL GATE
326230,668508,4587,public house,Stables Bar,SUI GENERIS,EH16 6TJ,326230,668508,50 MORTONHALL GATE
319399,669786,4588,small supermarket,Scotmid,Class 1,EH14 2SH,319399,669786,25 MORVENSIDE CLOSE
329099,673857,4589,hairdressers,SHH Hair,Class 1,EH8 7SA,329099,673857,"3 MOUNTCASTLE DRIVE, NORTH"
329128,673822,4590,n/t/c,Sophie's Newsagents,Class 1,EH8 7SJ,329128,673822,"2A MOUNTCASTLE DRIVE, NORTH"
321260,676172,4591,hot food take-away,Turkish Kebabs,SUI GENERIS,EH4 4TD,321260,676172,49 MUIRHOUSE GARDENS
321260,676179,4592,vacant,vacant,Vacant,EH4 4TD,321260,676179,51 MUIRHOUSE GARDENS
321261,676185,4593,n/t/c & post office,Costless Express/ Muirhouse Post Office,Class 1,EH4 4TD,321261,676185,53-55 MUIRHOUSE GARDENS
321262,676200,4594,grocer,Premier,Class 1,EH4 4TD,321262,676200,57 MUIRHOUSE GARDENS
325659,674210,4595,"handbags, luggage",LVMH Fashion Group (Louis Vuitton),Class 1,EH1 3DQ,325659,674210,1-2 MULTREES WALK
325667,674212,4596,jeweller,Links of London,Class 1,EH1 3DQ,325667,674212,3 MULTREES WALK
325672,674214,4597,ladies clothing,Sandro,Class 1,EH1 3DQ,325672,674214,4 MULTREES WALK
325683,674213,4598,ladies clothing and assossories,Burberry,Class 1,EH1 3DQ,325683,674213,5-6 MULTREES WALK
325693,674220,4599,leather goods,Mulberry,Class 1,EH1 3DQ,325693,674220,7 MULTREES WALK
325704,674222,4600,fashion clothing (denim),G Star,Class 1,EH1 3DQ,325704,674222,8 MULTREES WALK
325716,674226,4601,maternity wear and childrens clothing,JoJo Maman Bebe,Class 1,EH1 3DQ,325716,674226,9 MULTREES WALK
325726,674229,4602,hairdresser,Vidal Sassoon,Class 1,EH1 3DQ,325726,674229,10 MULTREES WALK
325735,674231,4603,restaurant & take-away food,Vin Caff‚ (Valvona & Crolla),Class 3,EH1 3DQ,325735,674231,11 MULTREES WALK
325743,674233,4604,luxury footwear,Kurt Geiger,Class 1,EH1 3DQ,325743,674233,12 MULTREES WALK
325751,674227,4605,designer clothing,Hugo Boss,Class 1,EH1 3DQ,325751,674227,13-14 MULTREES WALK
325766,674224,4606,coffee shop,Caffe Nero,Class 3,EH1 3DQ,325766,674224,15 MULTREES WALK
325769,674210,4607,footwear,Sole,Class 1,EH1 3DQ,325769,674210,16 MULTREES WALK
325763,674209,4608,ladies lingerie,Pepperberry Bravissimo,Class 1,EH1 3DQ,325763,674209,17 MULTREES WALK
325756,674207,4609,jeweller,Pandora,Class 1,EH1 3DQ,325756,674207,18 MULTREES WALK
325749,674205,4610,jeweller,Swarovski,Class 1,EH1 3DQ,325749,674205,19 MULTREES WALK
325744,674204,4611,Art Gallery,Castle Fine Arts,Class 1,EH1 3DQ,325744,674204,20 MULTREES WALK
325738,674202,4612,pens,The Pen Shop,Class 1,EH1 3DQ,325738,674202,21 MULTREES WALK
325733,674200,4613,travel agent,North America Travel,Class 1,EH1 3DQ,325733,674200,22 MULTREES WALK
325722,674206,4614,fashion clothing,Tommy Hillfigner,Class 1,EH1 3DQ,325722,674206,23 MULTREES WALK
325714,674205,4615,general clothing,Reiss,Class 1,EH1 3DQ,325714,674205,24 MULTREES WALK
325707,674203,4616,coffe shop,Nespresso,Class 1,EH1 3DQ,325707,674203,25 MULTREES WALK
325698,674201,4617,luxury accessories,Micheal Kors,Class 1,EH1 3DQ,325698,674201,26 MULTREES WALK
323491,672504,4618,take-away food,Snax Corner,Class 1,EH11 2JH,323491,672504,2 MURIESTON ROAD
320766,670761,4619,building contracter,MKM Building Supplies Ltd,Class 2,EH14 2TF,320766,670761,29(2) MURRAYBURN ROAD
322888,673275,4620,launderette,The Murrayfield Launderette,Class 1,EH12 6AA,322888,673275,1 MURRAYFIELD PLACE
322892,673275,4621,hairdresser,www.idhair.com,Class 1,EH12 6AA,322892,673275,3 MURRAYFIELD PLACE
322899,673277,4622,jeweller & horologist,Brendan Haddock,Class 1,EH12 6AA,322899,673277,4 MURRAYFIELD PLACE
322904,673278,4623,florist,bloemen ecke,Class 1,EH12 6AA,322904,673278,6 MURRAYFIELD PLACE
322909,673279,4624,cafe,Colpamia Cafe,Class 3,EH12 6AA,322909,673279,8 MURRAYFIELD PLACE
322212,671036,4625,supermarket - large,Asda,Class 1,EH14 1RH,322212,671036,3 NEW MARKET ROAD
323672,668297,4626,supermarket - large,Morrisons,Class 1,EH10 7AA,323672,668297,30 NEW SWANSTON
312185,672217,4627,cash and carry, Batley's,Class 1,EH28 8SJ,312185,672217,3 NEWBRIDGE ROAD
331719,671857,4628,Pub,Cuddie Brae,SUI GENERIS,EH21 8RX,331719,671857,91(A) NEWCRAIGHALL ROAD
331774,671836,4629,kitchen showroom,Farrell Kitchens,Class 1,EH21 8RX,331774,671836,93 NEWCRAIGHALL ROAD
332177,671954,4630,Off licence / wine merchant,MAJESTIC WINE WAREHOUSES LTD,Class 1,EH15 3HS,332177,671954,76(A) NEWCRAIGHALL ROAD
331310,671651,4631,Tiles,MULTI -TILE LTD T/A TOPPS TILES,Class 1,EH15 3HS,331310,671651,78 NEWCRAIGHALL ROAD
331484,671683,4632,vacant,vacant,Vacant,EH15 3HS,331484,671683,(80) NEWCRAIGHALL ROAD
331513,671549,4633,d.i.y. and garden centre,B & Q Warehouse,Class 1,EH15 3HS,331513,671549,80B NEWCRAIGHALL ROAD
313699,678353,4634,public house,Hawes Inn,SUI GENERIS,EH30 9TA,313699,678353,7 NEWHALLS ROAD
313538,678288,4635,public house,Three Bridges,SUI GENERIS,EH30 9TA,313538,678288,2 NEWHALLS ROAD
313670,678346,4636,"restaurant, bar & gift shop",The Rail Bridge,Class 3,EH30 9TA,313670,678346,4 NEWHALLS ROAD
313642,678337,4637,caf‚,The Biker's Cove,Class 1,EH30 9TA,313642,678337,6(A1) NEWHALLS ROAD
313642,678335,4638,clothing,Bridge View,Class 1,EH30 9TA,313642,678335,6(A2) NEWHALLS ROAD
313651,678330,4639,kilt hire,Scotia Kilts,Class 1,EH30 9TA,313651,678330,6(B) NEWHALLS ROAD
325630,676999,4640,vacant,vacant,Vacant,EH6 4LJ,325630,676999,7 NEWHAVEN MAIN STREET
325521,677012,4641,vacant,vacant,Vacant,EH6 4NA,325521,677012,21 NEWHAVEN MAIN STREET
325357,677004,4642,caf‚,Porto & Fi,Class 3,EH6 4NQ,325357,677004,47 NEWHAVEN MAIN STREET
325582,677451,4643,hairdresser,Heidi & Pearl,Class 1,EH6 4TX,325582,677451,55(1F) NEWHAVEN PLACE
325569,677464,4644,sports clothing,Sweatshop,Class 1,EH6 4TX,325569,677464,55(GF) NEWHAVEN PLACE
325492,677348,4645,fishmongers,Welch Fishmongers,Class 1,EH6 4TX,325492,677348,(A1) NEWHAVEN PLACE
325961,676128,4646,hot food take-away (Chinese),Oriental Kitchen,SUI GENERIS,EH6 5QJ,325961,676128,87-89 NEWHAVEN ROAD
325866,676306,4647,estate agents,Duncan & Wallace,Class 2,EH6 4NP,325866,676306,131 NEWHAVEN ROAD
325865,676311,4648,fireplaces,Fireplace Design,Class 1,EH6 4NP,325865,676311,133 NEWHAVEN ROAD
326143,675782,4649,n/t/c,Pilrig Newsagent,Class 1,EH6 5PU,326143,675782,8 NEWHAVEN ROAD
326000,676008,4650,audio equipment,Loud & Clear @ The Mill,Class 1,EH6 5QG,326000,676008,70/10 NEWHAVEN ROAD
325995,676085,4651,vacant,vacant,Vacant,EH6 5QG,325995,676085,74-76 NEWHAVEN ROAD
325973,676163,4652,grocer,Newhaven Licensed Grocer,Class 1,EH6 4BS,325973,676163,96-98 NEWHAVEN ROAD
325970,676168,4653,hot food take-away (tandoori),Ahmed Tandoori Takeaway,SUI GENERIS,EH6 4BS,325970,676168,100 NEWHAVEN ROAD
325966,676176,4654,hairdresser,Pout,Class 1,EH6 4BS,325966,676176,102 NEWHAVEN ROAD
325964,676180,4655,hot food take-away,Mulberry Bush,SUI GENERIS,EH6 4BS,325964,676180,104 NEWHAVEN ROAD
325915,676274,4656,veterinary surgery,Batchelor Davidson & Watson,Class 2,EH6 4BR,325915,676274,124 NEWHAVEN ROAD
325913,676278,4657,joiner,Tempus 4,Class 4,EH6 4BR,325913,676278,126 NEWHAVEN ROAD
325911,676283,4658,grocer,The Village Store (Premier),Class 1,EH6 4BR,325911,676283,128 NEWHAVEN ROAD
325643,676773,4659,n/t/c & post office,Newhaven Road Post Office,Class 1,EH6 4QE,325643,676773,210 NEWHAVEN ROAD
325642,676777,4660,hairdresser,Special Effects,Class 1,EH6 4QE,325642,676777,210A NEWHAVEN ROAD
325641,676782,4661,caf‚,Ollie's,Class 3,EH6 4QE,325641,676782,210B NEWHAVEN ROAD
325637,676803,4662,convenience store,Best One,Class 1,EH6 4QE,325637,676803,218 NEWHAVEN ROAD
325637,676824,4663,antiques,J & J Hardie,Class 1,EH6 4JY,325637,676824,222-224 NEWHAVEN ROAD
325666,676987,4664,hot food take-away (Chinese),Wok Inn,SUI GENERIS,EH6 4LH,325666,676987,258-260 NEWHAVEN ROAD
326440,672402,4665,public house,Reverie,SUI GENERIS,EH9 1QR,326440,672402,1-5 NEWINGTON ROAD
326445,672391,4666,Barbers (male),The Barber,Class 1,EH9 1QR,326445,672391,9 NEWINGTON ROAD
326448,672384,4667,restaurant (Chinese),Yak & Yeti,Class 3,EH9 1QR,326448,672384,13 NEWINGTON ROAD
326451,672377,4668,dry cleaner,Euroclean,Class 1,EH9 1QR,326451,672377,17 NEWINGTON ROAD
326455,672371,4669,Turkish restaurant,Verdo,Class 3,EH9 1QR,326455,672371,21 NEWINGTON ROAD
326458,672363,4670,Antiques,Old and Newington,Class 1,EH9 1QR,326458,672363,25 NEWINGTON ROAD
326462,672352,4671,Restaurant,Apiary,Class 3,EH9 1QR,326462,672352,29-33 NEWINGTON ROAD
326474,672329,4672,heath and diet centre,Jan de Vries,Class 2,EH9 1QW,326474,672329,39 NEWINGTON ROAD
326477,672321,4673,ladies clothing,Twice as Nice,Class 1,EH9 1QW,326477,672321,43 NEWINGTON ROAD
326479,672316,4674,Barbers,Barbertella,Class 1,EH9 1QW,326479,672316,47 NEWINGTON ROAD
326486,672301,4675,tattoo artist,Love Hate Tattoo,Class 2,EH9 1QW,326486,672301,59-61 NEWINGTON ROAD
326488,672295,4676,Charity Shop,The Salvation Army,Class 1,EH9 1QW,326488,672295,65 NEWINGTON ROAD
326491,672289,4677,Bridal shop,Simply Bridesmaids,Class 1,EH9 1QW,326491,672289,69 NEWINGTON ROAD
326493,672285,4678,hot food take-away,Pizza Hut,SUI GENERIS,EH9 1QW,326493,672285,73 NEWINGTON ROAD
326496,672280,4679,sandwich bar,Picnics,Class 1,EH9 1QW,326496,672280,75 NEWINGTON ROAD
326498,672276,4680,Arts & picture framing,The Edinburgh Framing Company,Class 1,EH9 1QW,326498,672276,77 NEWINGTON ROAD
326502,672268,4681,hot food take-away (Italian),Positano,SUI GENERIS,EH9 1QW,326502,672268,85-87 NEWINGTON ROAD
326506,672262,4682,wine and whisky merchant,Wood Winters,Class 1,EH9 1QW,326506,672262,91 NEWINGTON ROAD
326509,672257,4683,vacant,vacant,Vacant,EH9 1QW,326509,672257,95 NEWINGTON ROAD
326510,672255,4684,Architects,Kyla Martin,Class 4,EH9 1QW,326510,672255,97 NEWINGTON ROAD
326513,672250,4685,baker,Everything baked from scratch,Class 1,EH9 1QW,326513,672250,101 NEWINGTON ROAD
326516,672244,4686,restaurant (Bengali & Indian),Voujon,Class 3,EH9 1QW,326516,672244,107 NEWINGTON ROAD
326520,672237,4687,Boutique,Head Candy,Class 1,EH9 1QW,326520,672237,111 NEWINGTON ROAD
326524,672230,4688,grocer,Choices,Class 1,EH9 1QW,326524,672230,113-115 NEWINGTON ROAD
326405,672400,4689,betting shop,Ladbrokes,Class 2,EH9 1QS,326405,672400,2-4 NEWINGTON ROAD
326408,672394,4690,hot food take-away,Hot Kung Fu,SUI GENERIS,EH9 1QS,326408,672394,6 NEWINGTON ROAD
326442,672323,4691,vacant,vacant,Vacant,EH9 1QS,326442,672323,22-24 NEWINGTON ROAD
326444,672318,4692,chemist,Boots,Class 1,EH9 1QS,326444,672318,28-30 NEWINGTON ROAD
326459,672291,4693,Vacant (Beauty salon coming soon),Vacant,Vacant,EH9 1QN,326459,672291,56 NEWINGTON ROAD
326464,672283,4694,vacant,vacant,Vacant,EH9 1QN,326464,672283,58 NEWINGTON ROAD
326466,672279,4695,signmakers,Sign a rama,Class 4,EH9 1QN,326466,672279,60 NEWINGTON ROAD
326468,672274,4696,residential letting agency,The Property Letting Centre,Class 2,EH9 1QN,326468,672274,64 NEWINGTON ROAD
326469,672271,4697,image consultant,Danielle Carr,Class 4,EH9 1QN,326469,672271,66 NEWINGTON ROAD
326473,672266,4698,chiropractor,Optimal Health Chiropractor,Class 2, ,326473,672266, 
326476,672259,4699,public house,The Crags,SUI GENERIS,EH9 1QN,326476,672259,72-74 NEWINGTON ROAD
326480,672253,4700,charity shop,"Chest, Heart & Stroke Association Scotland",Class 1,EH9 1QN,326480,672253,76 NEWINGTON ROAD
326482,672249,4701,Letting agency,CPM Edinburgh Letting Agency,Class 2,EH9 1QN,326482,672249,78 NEWINGTON ROAD
326484,672245,4702,Newsagents,Newington Metro,Class 1,EH9 1QN,326484,672245,80 NEWINGTON ROAD
326487,672240,4703,bank,Santander,Class 2,EH9 1QN,326487,672240,82 NEWINGTON ROAD
326490,672236,4704,signmakers,Signage,Class 4,EH9 1QN,326490,672236,84 NEWINGTON ROAD
326493,672231,4705,charity Shop,Visualise (Closed),Class 1,EH9 1QN,326493,672231,86 NEWINGTON ROAD
326496,672222,4706,Estate Agents,Mov8,Class 2,EH9 1QN,326496,672222,88 NEWINGTON ROAD
326968,675945,4707,barbers,Kirkgate Barbers,Class 1,EH6 6AA,326968,675945,2 NEWKIRKGATE
326971,675953,4708,white goods,Bright House,Class 1,EH6 6AA,326971,675953,3-4 NEWKIRKGATE
326972,675958,4709,mixed durable goods,Poundland,Class 1,EH6 6AA,326972,675958,4(A) NEWKIRKGATE
326979,675978,4710,chemist,Superdrug,Class 1,EH6 6AA,326979,675978,4(B) NEWKIRKGATE
326982,675987,4711,vacant,vacant,Vacant, ,326982,675987, 
326985,675994,4712,pawnbroker,H & T,Class 2,EH6 6AD,326985,675994,6 NEWKIRKGATE
326986,675999,4713,optician,Optical Express,Class 1,EH6 6AD,326986,675999,7 NEWKIRKGATE
326988,676006,4714,chemist,Semi-Chem,Class 1,EH6 6AD,326988,676006,8-9 NEWKIRKGATE
326992,676017,4715,clothing,Peacocks,Class 1,EH6 6AD,326992,676017,10-11 NEWKIRKGATE
326990,676059,4716,community centre,Leith Community Education Centre,Class 2,EH6 6AD,326990,676059,12 NEWKIRKGATE
326986,676045,4717,frozen food,Farmfoods,Class 1,EH6 6AD,326986,676045,13 NEWKIRKGATE
326980,676029,4718,bank,Bank of Scotland,Class 2,EH6 6AD,326980,676029,13A NEWKIRKGATE
326968,676024,4719,mixed durable goods,Poundstretcher,Class 1,EH6 6AD,326968,676024,14 NEWKIRKGATE
326965,676016,4720,charity shop,Cancer Research U.K.,Class 1,EH6 6AD,326965,676016,15 NEWKIRKGATE
326964,676011,4721,n/t/c,R.S. McColl,Class 1,EH6 6AD,326964,676011,16 NEWKIRKGATE
326964,675988,4722,supermarket,Lidl,Class 1,EH6 6AA,326964,675988,35 NEWKIRKGATE
326961,675979,4723,shoes & footwear,Show Zone,Class 1,EH6 6AA,326961,675979,36 NEWKIRKGATE
326958,675968,4724,clothing,Store Twenty One,Class 1,EH6 6AA,326958,675968,37-38 NEWKIRKGATE
326955,675960,4725,greeting cards,Card Factory,Class 1,EH6 6AA,326955,675960,39 NEWKIRKGATE
326953,675954,4726,optician,Specsavers,Class 1,EH6 6AA,326953,675954,41 NEWKIRKGATE
326950,675944,4727,chemist,Boots,Class 1,EH6 6AA,326950,675944,42 NEWKIRKGATE
329173,668605,4728,taxi office,Bluebird Taxi's,Class 4,EH17 8RG,329173,668605,15 NEWTOFT STREET
329170,668601,4729,hot food take-away,HUI,SUI GENERIS,EH17 8RG,329170,668601,17 NEWTOFT STREET
329163,668596,4730,betting shop,William Hill,Class 2,EH17 8RG,329163,668596,19 NEWTOFT STREET
329115,668554,4731,hot food take-away (Chinese),Good Cooking,SUI GENERIS,EH17 8RB,329115,668554,39 NEWTOFT STREET
329112,668550,4732,vacant,vacant,Vacant,EH17 8RB,329112,668550,39B NEWTOFT STREET
326044,673213,4733,grocer,Bismillah Foodstore,Class 1,EH8 9BH,326044,673213,3 NICOLSON SQUARE
326039,673210,4734,charity,Victim Support Scotland,Class 2,EH8 9BH,326039,673210,5 NICOLSON SQUARE
326035,673208,4735,e-cigarettes,iTaste Vapour,Class 1,EH8 9BH,326035,673208,6 NICOLSON SQUARE
326029,673205,4736,hot food take-away,Kebab Mahal,SUI GENERIS,EH8 9BH,326029,673205,7 NICOLSON SQUARE
326024,673203,4737,mobile phones,TMT Mobile Communications,Class 1,EH8 9BH,326024,673203,9 NICOLSON SQUARE
326021,673201,4738,grocer,Al Medina,Class 1,EH8 9BH,326021,673201,10 NICOLSON SQUARE
326017,673199,4739,vacant,vacant,Vacant,EH8 9BH,326017,673199,11 NICOLSON SQUARE
326006,673182,4740,caf‚,Elephant Bagels One Ltd.,Class 3, ,326006,673182, 
326063,673159,4741,bank,Clydesdale Bank,Class 2,EH8 9BX,326063,673159,30 NICOLSON SQUARE
326069,673161,4742,restaurant (indian),Mosque Kitchen,Class 3, ,326069,673161, 
326017,673301,4743,art & picture framing,Edinburgh Arts & Picture Framers,Class 1,EH8 9BE,326017,673301,1-3 NICOLSON STREET
326019,673292,4744,stationery,Ryman Stationery,Class 1,EH8 9BE,326019,673292,7 NICOLSON STREET
326044,673239,4745,restaurant,City Restaurant,Class 3,EH8 9BE,326044,673239,35 NICOLSON STREET
326048,673229,4746,"fancy goods, gifts",Pound Savers,Class 1,EH8 9BE,326048,673229,37-41 NICOLSON STREET
326053,673216,4747,betting shop,Ladbrokes,Class 2,EH8 9BE,326053,673216,43-45 NICOLSON STREET
326083,673161,4748,restaurant,IITAF MAQBOOL WELFARE TRUST T/A THE MOSQUE KITCHEN,Class 3,EH8 9BX,326083,673161,49 NICOLSON STREET
326087,673154,4749,clothes alterations,Tailor Shop,Class 1,EH8 9BZ,326087,673154,51 NICOLSON STREET
326089,673150,4750,n/t/c & greeting cards,NewsTime,Class 1,EH8 9BZ,326089,673150,53 NICOLSON STREET
326091,673145,4751,money exchange / photcopy services,Money Gram,Class 2,EH8 9BZ,326091,673145,55 NICOLSON STREET
326093,673141,4752,take-away food,Ba Get Stuffed,Class 1,EH8 9BZ,326093,673141,59 NICOLSON STREET
326096,673134,4753,charity shop,Capability Scotland,Class 1,EH8 9BZ,326096,673134,61-63 NICOLSON STREET
326101,673126,4754,caf‚ (Indian),10 to 10 in Dehli,Class 3,EH8 9BZ,326101,673126,67 NICOLSON STREET
326103,673121,4755,hairdresser,Mode,Class 1,EH8 9BZ,326103,673121,69 NICOLSON STREET
326106,673116,4756,"caf‚, internet access",New Wings Internet Caf‚,Class 3,EH8 9BZ,326106,673116,71 NICOLSON STREET
326108,673112,4757,caf‚ and take-away food,Deli Italia,Class 3,EH8 9BZ,326108,673112,75 NICOLSON STREET
326110,673107,4758,Restaurant,Makkah Kitchen (Closed),Class 3,EH8 9BZ,326110,673107,77 NICOLSON STREET
326116,673095,4759,chemist,Vantage / Southside Pharmacy,Class 1,EH8 9BZ,326116,673095,79-81 NICOLSON STREET
326119,673090,4760,charity shop,PDSA,Class 1,EH8 9BZ,326119,673090,85-87 NICOLSON STREET
326136,673058,4761,grocer / convenience store,Scotmid,Class 1,EH8 9BY,326136,673058,91-93 NICOLSON STREET
326144,673038,4762,computer equipment (apple products),Tec-Repair,Class 1,EH8 9BY,326144,673038,95-97 NICOLSON STREET
326147,673025,4763,caf‚,Coffee angel,Class 3,EH8 9BY,326147,673025,99 NICOLSON STREET
326148,673018,4764,hot food take-away,Domino's Pizza,SUI GENERIS,EH8 9BY,326148,673018,101 NICOLSON STREET
326153,672977,4765,caf‚,Caf‚ Torquaz,Class 3,EH8 9ER,326153,672977,119 NICOLSON STREET
326153,672977,4766,shoe repairs / key cutting / engraving,Shoeperior / A & E Locksmiths,Class 1,EH8 9ER,326153,672977,121 NICOLSON STREET
326160,672965,4767,Beauty,Etie Belle,Class 1,EH8 9ER,326160,672965,125 NICOLSON STREET
326160,672965,4768,Vet,Animac Vets,Class 2, ,326160,672965, 
326041,673315,4769,caf‚ and take-away food,Black Medicine Coffee Co.,Class 3,EH8 9DH,326041,673315,2 NICOLSON STREET
326044,673308,4770,vacant,Vacant,Vacant,EH8 9DH,326044,673308,4-6 NICOLSON STREET
326042,673310,4771,caf‚ / bistro,Spoon Caf‚ Bistro,Class 3,EH8 9DH,326042,673310,6A NICOLSON STREET
326046,673299,4772,health foods,Jordan Valley,Class 1,EH8 9DH,326046,673299,8 NICOLSON STREET
326048,673293,4773,musical instruments,Varsity Music,Class 1,EH8 9DH,326048,673293,10(GF) NICOLSON STREET
326050,673286,4774,sandwich shop & caf‚,Subway,Class 1,EH8 9DH,326050,673286,12 NICOLSON STREET
326054,673277,4775,restaurant (Indian),Suruchi,Class 3,EH8 9DH,326054,673277,14A NICOLSON STREET
326052,673282,4776,restaurant,Thai Basil,Class 3,EH8 9DH,326052,673282,14B NICOLSON STREET
326055,673275,4777,restaurant,Ti'Amo,Class 3,EH8 9DH,326055,673275,16 NICOLSON STREET
326076,673231,4778,cafe,cafe 1505 coming soon,Class 3,EH8 9DH,326076,673231,18(GF) NICOLSON STREET
326078,673226,4779,Letting agents,SouthSide,Class 2,EH8 9DH,326078,673226,20 NICOLSON STREET
326082,673219,4780,restaurant,Palmyra,Class 3,EH8 9DH,326082,673219,22(A) NICOLSON STREET
326085,673214,4781,caf‚,Babelon Caf‚,Class 3,EH8 9DH,326085,673214,26 NICOLSON STREET
326090,673206,4782,bank,Royal Bank of Scotland,Class 2,EH8 9DL,326090,673206,30 NICOLSON STREET
326102,673186,4783,hot food take-away,Kentucky Fried Chicken (KFC),SUI GENERIS,EH8 9DT,326102,673186,36 NICOLSON STREET
326105,673179,4784,n/t/c,R.S. McColl,Class 1,EH8 9DT,326105,673179,38 NICOLSON STREET
326110,673171,4785,greengrocer,Southside Greengrocer,Class 1,EH8 9DT,326110,673171,44A NICOLSON STREET
326113,673166,4786,amusement centre,Cashino,Class 11,EH8 9DT,326113,673166,48 NICOLSON STREET
326120,673152,4787,household goods,Poundland,Class 1,EH8 9DT,326120,673152,52 NICOLSON STREET
326127,673139,4788,supermarket - small,Lidl,Class 1,EH8 9DT,326127,673139,56-58 NICOLSON STREET
326132,673127,4789,chemist,Superdrug,Class 1,EH8 9DT,326132,673127,70 NICOLSON STREET
326135,673121,4790,charity shop,Your Local Hospice Shop,Class 1,EH8 9DT,326135,673121,72 NICOLSON STREET
326138,673115,4791,baker,Greggs,Class 1,EH8 9DT,326138,673115,74 NICOLSON STREET
326143,673108,4792,frozen food,Farmfoods,Class 1,EH8 9DT,326143,673108,76 NICOLSON STREET
326158,673084,4793,shoe repairs / key cutting / watch repairs / nameplates / engraving etc.,Timpson,Class 1,EH8 9EW,326158,673084,78 NICOLSON STREET
326155,673088,4794,jeweller,H&T Pawnbrokers,Class 1,EH8 9EW,326155,673088,78A NICOLSON STREET
326160,673078,4795,Vacant,Vacant,Vacant,EH8 9EW,326160,673078,80 NICOLSON STREET
326164,673072,4796,Betting Shops,William Hill,Class 2,EH8 9EW,326164,673072,84 NICOLSON STREET
326168,673060,4797,Mobile repairs,Cables & Chips,Class 1,EH8 9EW,326168,673060,86 NICOLSON STREET
326167,673065,4798,Barbers,Romeo,Class 1,EH8 9EW,326167,673065,90 NICOLSON STREET
326171,673049,4799,supermarket,Tesco Metro,Class 1,EH8 9EW,326171,673049,94 NICOLSON STREET
326173,673030,4800,charity shop,British Heart Foundation,Class 1,EH8 9EW,326173,673030,102 NICOLSON STREET
326173,673027,4801,caf‚,Kilimangaro Coffee,Class 3,EH8 9EJ,326173,673027,104 NICOLSON STREET
326174,673022,4802,charity shop,Barnardo's,Class 1,EH8 9EJ,326174,673022,106 NICOLSON STREET
326176,673014,4803,Charity Shop,Age Scotland,Class 1,EH8 9EJ,326176,673014,112 NICOLSON STREET
326178,673004,4804,repair centre,Euronics,Class 1,EH8 9EJ,326178,673004,114 NICOLSON STREET
326180,672994,4805,charity shop (books),Oxfam,Class 1,EH8 9EJ,326180,672994,116 NICOLSON STREET
326181,672988,4806,charity shop,Oxfam,Class 1,EH8 9EJ,326181,672988,120-122 NICOLSON STREET
326183,672978,4807,health foods,Holland & Barrett,Class 1,EH8 9EH,326183,672978,124 NICOLSON STREET
326184,672974,4808,vacant,Vacant,Vacant,EH8 9EH,326184,672974,126 NICOLSON STREET
326186,672966,4809,charity shop,Cancer Research U.K.,Class 1,EH8 9EH,326186,672966,130-132 NICOLSON STREET
326187,672960,4810,charity shop,Shelter,Class 1,EH8 9EH,326187,672960,134 NICOLSON STREET
326188,672955,4811,Clothing,The Clothing Bank,Class 1,EH8 9EH,326188,672955,136 NICOLSON STREET
326189,672950,4812,coffee shop,Starbucks,Class 3,EH8 9EH,326189,672950,140 NICOLSON STREET
329980,671373,4813,grocer (lic.),Day-Today Express,Class 1,EH16 4UT,329980,671373,60 NIDDRIE HOUSE PARK
328835,671632,4814,grocers (polish),Polish Delicatessen,Class 1,EH16 4BG,328835,671632,2 NIDDRIE MAINS ROAD
328840,671633,4815,hot food take-away,Niko's Cafe,SUI GENERIS,EH16 4BG,328840,671633,4 NIDDRIE MAINS ROAD
328844,671634,4816,vacant,vacant,Vacant,EH16 4BG,328844,671634,8-10 NIDDRIE MAINS ROAD
328849,671635,4817,clothing,A. Cunningham,Class 1,EH16 4BG,328849,671635,12-14 NIDDRIE MAINS ROAD
328862,671636,4818,vacant,vacant,Vacant,EH16 4BG,328862,671636,18 NIDDRIE MAINS ROAD
328868,671637,4819,hot food take-away,Sunrise,SUI GENERIS,EH16 4BG,328868,671637,20 NIDDRIE MAINS ROAD
328875,671638,4820,baker,Greggs,Class 1,EH16 4BG,328875,671638,22 NIDDRIE MAINS ROAD
328879,671639,4821,hairdresser,Shh Hair & Beauty,Class 1,EH16 4BG,328879,671639,24 NIDDRIE MAINS ROAD
328883,671639,4822,bank,TSB,Class 2,EH16 4BG,328883,671639,28 NIDDRIE MAINS ROAD
328887,671640,4823,grocers,n/a,Class 1,EH16 4BG,328887,671640,30 NIDDRIE MAINS ROAD
328914,671643,4824,vacant,vacant,Vacant,EH16 4BG,328914,671643,44 NIDDRIE MAINS ROAD
328921,671644,4825,hairdresser,Afrin Barbers,Class 1,EH16 4BG,328921,671644,46 NIDDRIE MAINS ROAD
328925,671645,4826,hot food take-away (Indian),Ayan's,SUI GENERIS,EH16 4BG,328925,671645,48 NIDDRIE MAINS ROAD
328929,671646,4827,hot food take-away,Turkish Delight,SUI GENERIS,EH16 4BG,328929,671646,50 NIDDRIE MAINS ROAD
328934,671646,4828,hot food take-away,Tony's Pizza & Kebabs,SUI GENERIS,EH16 4BG,328934,671646,52-54 NIDDRIE MAINS ROAD
328940,671647,4829,hot food take away,Margaret's Takeaway & Cafe 2,SUI GENERIS,EH16 4BG,328940,671647,56 NIDDRIE MAINS ROAD
328945,671649,4830,chemist,Craigmillar Pharmacy,Class 1,EH16 4BG,328945,671649,58-60 NIDDRIE MAINS ROAD
328950,671650,4831,optician,i See,Class 1,EH16 4BG,328950,671650,62 NIDDRIE MAINS ROAD
328955,671651,4832,charity shop,Green House,Class 1,EH16 4BG,328955,671651,64 NIDDRIE MAINS ROAD
328961,671652,4833,grocer,Niddrie Bargain Stores,Class 1,EH16 4BG,328961,671652,66 NIDDRIE MAINS ROAD
329006,671661,4834,cafe & community centre,The White House,Class 3, ,329006,671661, 
329012,671662,4835,grocer (lic.),Londis,Class 1,EH16 4BG,329012,671662,72-74 NIDDRIE MAINS ROAD
329025,671665,4836,betting shop,William Hill,Class 2,EH16 4BG,329025,671665,76 NIDDRIE MAINS ROAD
329032,671667,4837,hot food take away (Chinese),No. 1 Kitchen,SUI GENERIS,EH16 4BG,329032,671667,78 NIDDRIE MAINS ROAD
329150,671543,4838,supermarket,Lidl,Class 1,EH16 4DT,329150,671543,80 NIDDRIE MAINS ROAD
329074,671663,4839,supermarket,Tesco Express,Class 1,EH16 4DT,329074,671663,82 NIDDRIE MAINS ROAD
329091,671663,4840,vacant,vacant,Vacant,EH16 4DT,329091,671663,84 NIDDRIE MAINS ROAD
329120,671657,4841,vacant,vacant,Vacant,EH16 4DT,329120,671657,86-88 NIDDRIE MAINS ROAD
329126,671655,4842,hot food take-away (Chinese),China Cuisine,SUI GENERIS,EH16 4DT,329126,671655,90 NIDDRIE MAINS ROAD
329131,671653,4843,funeral director,William Purves,Class 1,EH16 4DT,329131,671653,92 NIDDRIE MAINS ROAD
329136,671652,4844,community office,Community Ability Network,Class 2,EH16 4DT,329136,671652,94 NIDDRIE MAINS ROAD
329142,671650,4845,chemist,John A. Smith,Class 1,EH16 4DT,329142,671650,96 NIDDRIE MAINS ROAD
329688,671543,4846,grocer (lic.),Jazz Licensed Grocers,Class 1,EH16 4LS,329688,671543,36 NIDDRIE MARISCHAL PLACE
330355,671912,4847,baker,J. Ferguson Bakery & dairy,Class 1,EH15 3EW,330355,671912,40 NIDDRIE MILL DRIVE
330363,671912,4848,grocer (lic.),Day-Today Express,Class 1,EH15 3EW,330363,671912,44-46 NIDDRIE MILL DRIVE
330374,671911,4849,vacant,vacant,Vacant,EH15 3EW,330374,671911,50 NIDDRIE MILL DRIVE
325966,673611,4850,public house,The Globe,SUI GENERIS,EH1 1LG,325966,673611,13 NIDDRY STREET
325967,673605,4851,public house,Banshee Labyrinth,SUI GENERIS,EH1 1LG,325967,673605,29-35 NIDDRY STREET
325988,673528,4852,city tours,Auld Reekie Tours,Class 4,EH1 1LG,325988,673528,45 NIDDRY STREET
325992,673504,4853,public house,Bannerman's Bar,SUI GENERIS,EH1 1LG,325992,673504,53-57 NIDDRY STREET
324596,671051,4854,restaurant,Pizza Express,Class 3,EH10 4RE,324596,671051,1 NILE GROVE
324595,671061,4855,play centre / caf‚,Tigerlilys,Class 10,EH10 4RE,324595,671061,1A NILE GROVE
325569,673631,4856,"clothing, gifts",Best in Scotland,Class 1,EH1 2LP,325569,673631,2-3 BANK STREET NORTH
325568,673630,4857,shop and restauant,Whiski Rooms,Class 3,EH1 2LP,325568,673630,4-7 BANK STREET NORTH
325534,673623,4858,public house,The Wash,SUI GENERIS,EH1 2LP,325534,673623,11 BANK STREET NORTH
325507,673606,4859,caf‚,Cafe Musa,Class 3,EH1 2LP,325507,673606,16(GF) BANK STREET NORTH
325926,673765,4860,Restaurant (Italian),Prezzo,Class 3,EH1 1SB,325926,673765,7-9 NORTH BRIDGE
325930,673749,4861,catalogue showroom,Argos,Class 1,EH1 1SB,325930,673749,11-15 NORTH BRIDGE
325932,673742,4862,"Whisky, wine and cigar specialist",Whisky & Wine,Class 1,EH1 1SB,325932,673742,17 NORTH BRIDGE
325938,673717,4863,restaurant,Pizza Express,Class 3,EH1 1SB,325938,673717,23 NORTH BRIDGE
325941,673708,4864,cafe and takeaway,Patisserie Valerie,Class 3,EH1 1SB,325941,673708,25 NORTH BRIDGE
325944,673697,4865,optitians,Specsavers,Class 1,EH1 1SB,325944,673697,27 NORTH BRIDGE
325948,673680,4866,bank,Royal Bank of Scotland (Closed),Class 2,EH1 1SB,325948,673680,29-31 NORTH BRIDGE
325847,673939,4867,souvenirs,Paper Rack,Class 1,EH1 1TR,325847,673939,18 NORTH BRIDGE
325898,673741,4868,kilts,Victor Scott,Class 1,EH1 1QG,325898,673741,26 NORTH BRIDGE
325899,673735,4869,Cafe,Pret a Manger,Class 3,EH1 1QG,325899,673735,30 NORTH BRIDGE
325903,673722,4870,Delicatessens,Taste of Scotland,Class 1,EH1 1QG,325903,673722,32 NORTH BRIDGE
325905,673715,4871,clothing,House of Cashmere,Class 1,EH1 1QG,325905,673715,36 NORTH BRIDGE
325908,673704,4872,travel agent,The Flight Centre,Class 1,EH1 1QN,325908,673704,40 NORTH BRIDGE
325911,673693,4873,chemist,Boots,Class 1,EH1 1QN,325911,673693,44 NORTH BRIDGE
325914,673683,4874,restaurant,Pizza Hut,Class 3,EH1 1QN,325914,673683,46 NORTH BRIDGE
325915,673677,4875,n/t/c,J & S Newsagents,Class 1,EH1 1QN,325915,673677,52 NORTH BRIDGE
325894,673712,4876,caf‚,Koptian,Class 3,EH1 1QL,325894,673712,7-9 NORTH BRIDGE ARCADE
325889,673710,4877,Cafe,Kopitian,Class 3, ,325889,673710, 
325890,673696,4878,general clothing,Who's Who,Class 1,EH1 1QL,325890,673696,8-10 NORTH BRIDGE ARCADE
324947,673992,4879,restaurant (Thai),Time 4 Thai,Class 3,EH2 3BG,324947,673992,"45 CASTLE STREET, NORTH"
324925,674064,4880,take-away food,WAKA caf‚,Class 1,EH2 3LJ,324925,674064,"67 CASTLE STREET, NORTH"
324917,673952,4881,public house,Tonic,SUI GENERIS,EH2 3BN,324917,673952,"34A CASTLE STREET, NORTH"
324893,674044,4882,restaurant,The Honours,Class 3,EH2 3LU,324893,674044,"58A CASTLE STREET, NORTH"
324883,674063,4883,Nokia service centre,Nokia,Class 2,EH2 3LU,324883,674063,"62 CASTLE STREET, NORTH"
324730,673999,4884,sandwich bar,Corolla's Bar,Class 1,EH2 4HR,324730,673999,"5(GF) CHARLOTTE STREET, NORTH"
326160,676484,4885,baker,Lesley's Bakery,Class 1,EH6 4HB,326160,676484,"19A FORT STREET, NORTH"
326157,676489,4886,grocer,North Fort Market,Class 1,EH6 4HB,326157,676489,"23 FORT STREET, NORTH"
326014,676761,4887,event caterer,Heritage Portfolio,Class 4,EH6 4HJ,326014,676761,"49-49(A) FORT STREET, NORTH"
326035,676853,4888,hairdresser,KMK,Class 1,EH6 4HJ,326035,676853,"61 FORT STREET, NORTH"
326056,676848,4889,vacant,vacant,Vacant,EH6 4HL,326056,676848,"70 FORT STREET, NORTH"
326059,676856,4890,public house,Halfway House,SUI GENERIS,EH6 4HL,326059,676856,"72 FORT STREET, NORTH"
326464,676628,4891,grocer (lic.),S & S Licensed Store,Class 1,EH6 6HR,326464,676628,39-41 NORTH JUNCTION STREET
326460,676653,4892,public house,Vine Bar,SUI GENERIS,EH6 6HS,326460,676653,43-47 NORTH JUNCTION STREET
326530,676464,4893,opticians,Downes Leith Opticians,Class 1,EH6 6HN,326530,676464,2 NORTH JUNCTION STREET
326529,676469,4894,vacant,vacant,Vacant, ,326529,676469, 
326526,676479,4895,hairdresser (gents),Nuthoose,Class 1,EH6 6HN,326526,676479,12 NORTH JUNCTION STREET
326516,676523,4896,vacant,vacant,Vacant, ,326516,676523, 
326508,676558,4897,public house,Swanny's,SUI GENERIS,EH6 6HP,326508,676558,32 NORTH JUNCTION STREET
326506,676565,4898,hot food take-away,Dolphin Fish Bar,SUI GENERIS,EH6 6HP,326506,676565,36-38 NORTH JUNCTION STREET
325638,674261,4899,restaurant (Indian),Zest,Class 3,EH2 1HJ,325638,674261,15 NORTH ST ANDREW STREET
325636,674266,4900,sandwich bar,The Square,Class 1,EH2 1HJ,325636,674266,17 NORTH ST ANDREW STREET
325636,674263,4901,hairdresser,Kenneth Kim,Class 1,EH2 1HJ,325636,674263,16(1F2) NORTH ST ANDREW STREET
313733,670710,4902,grocer & post office,The Village Shop / Post Office,Class 1,EH28 8RR,313733,670710,62 NORTH STREET
313737,670700,4903,chemist,Ratho Pharmacy (Vantage),Class 1,EH28 8RR,313737,670700,64 NORTH STREET
324821,674456,4904,Cafe,The Pantry,Class 1,EH3 6ST,324821,674456,1 NORTH WEST CIRCUS PLACE
324813,674458,4905,Clothing,Dick's,Class 1,EH3 6ST,324813,674458,3 NORTH WEST CIRCUS PLACE
324809,674460,4906,kitchen furniture & fittings,New Town Design,Class 1,EH3 6ST,324809,674460,4 NORTH WEST CIRCUS PLACE
324803,674462,4907,baker & caf‚,Patisserie Florentin,Class 1,EH3 6ST,324803,674462,5 NORTH WEST CIRCUS PLACE
324798,674463,4908,residential letting agency,O'Neill Letting,Class 2,EH3 6ST,324798,674463,6 NORTH WEST CIRCUS PLACE
324786,674467,4909,interior designers,Jeffreys Interiors,Class 4,EH3 6ST,324786,674467,8 NORTH WEST CIRCUS PLACE
324773,674471,4910,bank,Royal Bank of Scotland,Class 2,EH3 6SX,324773,674471,11-12 NORTH WEST CIRCUS PLACE
324760,674476,4911,vacant,vacant,Vacant,EH3 6SX,324760,674476,15 NORTH WEST CIRCUS PLACE
324754,674478,4912,"kitchen, bedroom & bathroom furniture",Boscolo Bathrooms,Class 1,EH3 6SX,324754,674478,17 NORTH WEST CIRCUS PLACE
324749,674480,4913,ladies clothing,Eden,Class 1,EH3 6SX,324749,674480,18 NORTH WEST CIRCUS PLACE
324744,674481,4914,ladies clothing,Farrow and Ball,Class 1,EH3 6SX,324744,674481,20 NORTH WEST CIRCUS PLACE
324740,674482,4915,interior design,Ian Smith Design,Class 4,EH3 6SX,324740,674482,22 NORTH WEST CIRCUS PLACE
324732,674484,4916,hairdresser,Vincent Bell,Class 1,EH3 6SX,324732,674484,23-24 NORTH WEST CIRCUS PLACE
324684,674482,4917,kitchen furniture & fittings,Sculleries of Stockbridge,Class 1,EH3 6TP,324684,674482,25 NORTH WEST CIRCUS PLACE
324694,674476,4918,wine merchant,Vino Wines,Class 1,EH3 6TP,324694,674476,26 NORTH WEST CIRCUS PLACE
324703,674471,4919,stress relief and natural therapy centre,Skindulgence Spa - The Floatarium,Class 1,EH3 6TP,324703,674471,28-29 NORTH WEST CIRCUS PLACE
324709,674468,4920,spanish deli and takeaway,Goye 23,Class 1,EH3 6TP,324709,674468,30 NORTH WEST CIRCUS PLACE
324713,674468,4921,hot food take-away,Take It Away Spud,SUI GENERIS,EH3 6TP,324713,674468,31 NORTH WEST CIRCUS PLACE
324719,674466,4922,property sales and lettings,Coulters,Class 2,EH3 6TP,324719,674466,32 NORTH WEST CIRCUS PLACE
324745,674453,4923,chemist,Pharmacy,Class 1,EH3 6TW,324745,674453,34-36 NORTH WEST CIRCUS PLACE
328892,674155,4924,take-away food,Bizzy Lizzy 2,Class 1,EH8 7RU,328892,674155,88 NORTHFIELD BROADWAY
328890,674161,4925,florist,Wilma's Flower Shop,Class 1,EH8 7RU,328890,674161,90 NORTHFIELD BROADWAY
328888,674167,4926,hot food take-away (Chinese),Hung Wai,SUI GENERIS,EH8 7RU,328888,674167,92 NORTHFIELD BROADWAY
328886,674172,4927,hot food take-away,Giovanni's Fish Bar,SUI GENERIS,EH8 7RU,328886,674172,94 NORTHFIELD BROADWAY
328884,674179,4928,public house,Broadfields Bar,SUI GENERIS,EH8 7RU,328884,674179,96-98 NORTHFIELD BROADWAY
328881,674189,4929,public house,Scotties,SUI GENERIS,EH8 7RU,328881,674189,100 NORTHFIELD BROADWAY
329164,673327,4930,betting shop,Scotbet,Class 2,EH8 7RW,329164,673327,2B NORTHFIELD DRIVE
329161,673324,4931,hot food take away,Baracuda,SUI GENERIS,EH8 7RW,329161,673324,2C NORTHFIELD DRIVE
329326,673599,4932,grocer / convenience store,Spar,Class 1,EH8 7QY,329326,673599,25 NORTHFIELD FARM AVENUE
329126,673815,4933,hairdresser,Annaricci,Class 1,EH8 7QS,329126,673815,1A NORTHFIELD FARM ROAD
325457,674460,4934,public house,Star Bar,SUI GENERIS,EH3 6LQ,325457,674460,1 NORTHUMBERLAND PLACE
325251,674430,4935,Solicitors,Ferguson Law,Class 2,EH3 6LR,325251,674430,35 NORTHUMBERLAND STREET
325049,674373,4936,Fitness centre,Tribe Yoga,Class 11,EH3 6JG,325049,674373,71(GF)-75 NORTHUMBERLAND STREET
325262,674406,4937,public house,Wally Dug,SUI GENERIS,EH3 6LS,325262,674406,32 NORTHUMBERLAND STREET
325257,674404,4938,fine art,The Gallery on the Corner,Class 1, ,325257,674404, 
326698,677161,4939,mixed durable goods,Debenhams,Class 1,EH6 6JJ,326698,677161,98(STA) OCEAN DRIVE
326454,676860,4940,dental surgery,Vitaliteeth,Class 2, ,326454,676860, 
326451,676852,4941,pottery studio,The Ceramic Experience,Class 1, ,326451,676852, 
326445,676835,4942,dental surgery,Ocean Drive Dental Care,Class 2, ,326445,676835, 
326689,677122,4943,jeweller,Chisholm Hunter,Class 1,EH6 6JJ,326689,677122,98(RU1A) OCEAN DRIVE
326713,677141,4944,mens clothing,Superdray,Class 1,EH6 6JJ,326713,677141,98(R4B) OCEAN DRIVE
326616,677112,4945,vacant,vacant,Vacant,EH6 6JJ,326616,677112,98(RU58A) OCEAN DRIVE
326619,677078,4946,take away food,Rio Juice Bar,Class 1,EH6 6JJ,326619,677078,98(K1A) OCEAN DRIVE
326619,677078,4947,mobile phone accessories,FONE-TEK,Class 1,EH6 6JJ,326619,677078,98(K4) OCEAN DRIVE
326619,677078,4948,Reastaurant,WAGAMAMA LIMITED,Class 3,EH6 6JJ,326619,677078,98(LE2B) OCEAN DRIVE
326619,677078,4949,restaurant,HANDMADE BURGER CO. LTD,Class 3,EH6 6JJ,326619,677078,98(LE3A) OCEAN DRIVE
326619,677078,4950,restaurant,PIZZA EXPRESS (RESTAURANTS) LTD,Class 3,EH6 6JJ,326619,677078,98(LE3B) OCEAN DRIVE
326619,677078,4951,vacant,vacant,Vacant,EH6 6JJ,326619,677078,98(R2B) OCEAN DRIVE
326619,677078,4952,restaurant,FRANKIE & BENNY'S,Class 3,EH6 6JJ,326619,677078,98(R7A) OCEAN DRIVE
326619,677078,4953,optician,Vision Express,Class 1,EH6 6JJ,326619,677078,98(RU20B) OCEAN DRIVE
326674,677109,4954,books,Waterstones,Class 1,EH6 6JJ,326674,677109,98(RU2A) OCEAN DRIVE
326666,677101,4955,shoes & footwear,Schuh,Class 1,EH6 6JJ,326666,677101,98(RU3) OCEAN DRIVE
326659,677095,4956,video games,Game,Class 1,EH6 6JJ,326659,677095,98(RU4) OCEAN DRIVE
326654,677091,4957,greeting cards,The Card Factory,Class 1,EH6 6JJ,326654,677091,98(RU5) OCEAN DRIVE
326650,677086,4958,customer services,customer services,Class 4,EH6 6JJ,326650,677086,98(RU6) OCEAN DRIVE
326621,677058,4959,Vacant,vacant,Vacant, ,326621,677058, 
326614,677050,4960,caf‚ / coffee shop,Costa Coffee,Class 3,EH6 6JJ,326614,677050,98(R1) OCEAN DRIVE
326586,677023,4961,hot food take away,Greggs,SUI GENERIS,EH6 6JJ,326586,677023,98(RU10) OCEAN DRIVE
326527,676997,4962,clothing,GAP,Class 1,EH6 6JJ,326527,676997,98(ST2) OCEAN DRIVE
326580,677019,4963,clothing,New Look,Class 1,EH6 6JJ,326580,677019,98(RU11) OCEAN DRIVE
326576,677014,4964,photograph processing,Kodak Express,Class 1,EH6 6JJ,326576,677014,98(RU13) OCEAN DRIVE
326591,677029,4965,clothing,British Home Stores (BHS),Class 1,EH6 6JJ,326591,677029,98(ST1) OCEAN DRIVE
326549,677030,4966,cosmetics,The Body Shop,Class 1,EH6 6JJ,326549,677030,98(RU14) OCEAN DRIVE
326557,677037,4967,perfumes & fragrances,The Perfume Shop,Class 1,EH6 6JJ,326557,677037,98(RU15) OCEAN DRIVE
326563,677042,4968,synthetic hair,Volumize,Class 1,EH6 6JJ,326563,677042,98(RU16) OCEAN DRIVE
326569,677047,4969,mobile phones,Vodaphone,Class 1,EH6 6JJ,326569,677047,98(RU17) OCEAN DRIVE
326574,677051,4970,bank,Bank of Scotland / HBOS,Class 2,EH6 6JJ,326574,677051,98(RU18) OCEAN DRIVE
326583,677060,4971,mobile phones,O2,Class 1,EH6 6JJ,326583,677060,98(RU19) OCEAN DRIVE
326590,677068,4972,travel agent,Thomson,Class 1,EH6 6JJ,326590,677068,98(RU20A) OCEAN DRIVE
326600,677077,4973,chemist,Boots,Class 1,EH6 6JJ,326600,677077,98(RU21A) OCEAN DRIVE
326604,677082,4974,jeweller,Goldsmiths,Class 1,EH6 6JJ,326604,677082,98(RU22) OCEAN DRIVE
326613,677090,4975,greeting cards,Clinton Cards,Class 1,EH6 6JJ,326613,677090,98(RU23A) OCEAN DRIVE
326622,677100,4976,jeweller,Herbert Samuel,Class 1,EH6 6JJ,326622,677100,98(RU24) OCEAN DRIVE
326635,677111,4977,ladies clothing - accessories,Claire's Accessories,Class 1,EH6 6JJ,326635,677111,98(RU25) OCEAN DRIVE
326638,677114,4978,mobile phones,EE,Class 1,EH6 6JJ,326638,677114,98(RU26) OCEAN DRIVE
326645,677121,4979,mobile phones,Carphone Warehouse,Class 1,EH6 6JJ,326645,677121,98(RU27A) OCEAN DRIVE
326649,677124,4980,health food,Holland and Barratt,Class 1,EH6 6JJ,326649,677124,98(RU27B) OCEAN DRIVE
326653,677128,4981,vacant,vacant,Vacant,EH6 6JJ,326653,677128,98(RU28) OCEAN DRIVE
326659,677134,4982,vacant,vacant,Vacant,EH6 6JJ,326659,677134,98(RU29) OCEAN DRIVE
326663,677138,4983,vacant,vacant,Vacant, ,326663,677138, 
326692,677120,4984,community room,community room,Class 2,EH6 6JJ,326692,677120,98(RU31) OCEAN DRIVE
326687,677115,4985,vacant,vacant,Vacant,EH6 6JJ,326687,677115,98(RU32-33) OCEAN DRIVE
326673,677102,4986,ladies clothing,Joy,Class 1,EH6 6JJ,326673,677102,98(RU35) OCEAN DRIVE
326667,677095,4987,vacant,vacant,Vacant,EH6 6JJ,326667,677095,98(RU36) OCEAN DRIVE
326663,677091,4988,mens clothing,Crew clothing,Class 1,EH6 6JJ,326663,677091,98(RU37) OCEAN DRIVE
326654,677082,4989,baby clothes,Baby Stork Company,Class 1,EH6 6JJ,326654,677082,98(RU38) OCEAN DRIVE
326646,677075,4990,ladies clothing,French Connection,Class 1,EH6 6JJ,326646,677075,98(RU40) OCEAN DRIVE
326641,677070,4991,ladies & mens clothing,Fat Face,Class 1,EH6 6JJ,326641,677070,98(RU41) OCEAN DRIVE
326634,677063,4992,vacant,vacant,Vacant,EH6 6JJ,326634,677063,98(RU42) OCEAN DRIVE
326624,677054,4993,toy / decorative bears,Build a Bear Workshop,Class 1,EH6 6JJ,326624,677054,98(RU43) OCEAN DRIVE
326617,677047,4994,Bags,Bags etc.,Class 1,EH6 6JJ,326617,677047,98(RU44) OCEAN DRIVE
326611,677041,4995,clothing,Trespass,Class 1,EH6 6JJ,326611,677041,98(RU45) OCEAN DRIVE
326607,677036,4996,vacant,vacant,Vacant,EH6 6JJ,326607,677036,98(RU46) OCEAN DRIVE
326600,677030,4997,caf‚ / coffee shop,Starbucks,Class 3,EH6 6JJ,326600,677030,98(RU47) OCEAN DRIVE
326595,677025,4998,clothing,Ness Clothing,Class 1,EH6 6JJ,326595,677025,98(RU48) OCEAN DRIVE
326590,677019,4999,confectionery,Waltons,Class 1,EH6 6JJ,326590,677019,98(RU49) OCEAN DRIVE
326584,677015,5000,clothing,Mostyn McKenzie,Class 1,EH6 6JJ,326584,677015,98(RU50) OCEAN DRIVE
326580,677010,5001,clothing,Regatta,Class 1,EH6 6JJ,326580,677010,98(RU51) OCEAN DRIVE
326575,677005,5002,vacant,vacant,Vacant,EH6 6JJ,326575,677005,98(RU52) OCEAN DRIVE
326570,677000,5003,health foods,Herbal Inn,Class 1,EH6 6JJ,326570,677000,98(RU53) OCEAN DRIVE
326547,676997,5004,ladies clothing,H & M,Class 1,EH6 6JJ,326547,676997,98(LSU2) OCEAN DRIVE
326528,677014,5005,supermarket - small,Marks & Spencer - Simply Food,Class 1,EH6 6JJ,326528,677014,98(ST3) OCEAN DRIVE
326546,677033,5006,caf‚,O'Brien's Sandwich Bar,Class 3,EH6 6JJ,326546,677033,98(RU56A) OCEAN DRIVE
326553,677040,5007,vacant,vacant,Vacant,EH6 6JJ,326553,677040,98(RU56B) OCEAN DRIVE
326561,677049,5008,furniture,Sofa Works,Class 1,EH6 6JJ,326561,677049,98(R2A) OCEAN DRIVE
326557,677043,5009,vacant,vacant,Vacant, ,326557,677043, 
326590,677075,5010,Restaurant,Ocean Kitchen Bar and Grill,Class 3, ,326590,677075, 
326574,677060,5011,restaurant,Zizzi,Class 3,EH6 6JJ,326574,677060,98(R3) OCEAN DRIVE
326603,677088,5012,Restaurant,Mr. Nicks,Class 3,EH6 6JJ,326603,677088,98(R4A) OCEAN DRIVE
326603,677088,5013,Restaurant,El Falafel,Class 3, ,326603,677088, 
326603,677088,5014,Restaurant,Taco Manzana,Class 3, ,326603,677088, 
326617,677094,5015,vacant,vacant,Vacant,EH6 6JJ,326617,677094,98(RU57) OCEAN DRIVE
326623,677108,5016,off license,Whisky Shop,Class 1,EH6 6JJ,326623,677108,98(RU58) OCEAN DRIVE
326629,677114,5017,clothing,Xile,Class 1,EH6 6JJ,326629,677114,98(RU59) OCEAN DRIVE
326634,677120,5018,clothing,White Stuff,Class 1,EH6 6JJ,326634,677120,98(RU60A) OCEAN DRIVE
326638,677123,5019,hairdresser,Charlie Miller,Class 1,EH6 6JJ,326638,677123,98(RU60B) OCEAN DRIVE
326648,677133,5020,vacant,vacant,Vacant, ,326648,677133, 
326655,677138,5021,vacant,vacant,Vacant, ,326655,677138, 
326669,677111,5022,vacant,vacant,Vacant, ,326669,677111, 
326657,677105,5023,spa,Pure Spa,Class 11,EH6 6JJ,326657,677105,98(R6A) OCEAN DRIVE
326583,677068,5024,vacant,vacant,Vacant,EH6 6JJ,326583,677068,98(K11) OCEAN DRIVE
326606,677092,5025,Restaurant,Bella Italia,Class 3,EH6 6JJ,326606,677092,98(R8A) OCEAN DRIVE
326664,677148,5026,vacant,vacant,Vacant, ,326664,677148, 
326644,677129,5027,gifts,Britannia Visitor Centre and Shop,Class 1,EH6 6JJ,326644,677129,98(BR1) OCEAN DRIVE
326672,677155,5028,vacant,vacant,Vacant,EH6 6JJ,326672,677155,98(R11) OCEAN DRIVE
326658,677121,5029,Mr. Pretzel,Mr. Pretzel,Class 1,EH6 6JJ,326658,677121,98(K1) OCEAN DRIVE
326658,677121,5030,jewelery,Moonstone,Class 1, ,326658,677121, 
326658,677121,5031,n/t/c,Bishops newsagent,Class 1,EH6 6JJ,326658,677121,98(K3) OCEAN DRIVE
325825,673509,5032,restaurant,Micheal Neave,Class 3,EH1 1RW,325825,673509,"21 OLD FISHMARKET CLOSE, ( 190 HIGH STREET )"
325821,673563,5033,restaurant,Wings,Class 3,EH1 1RW,325821,673563,"7 OLD FISHMARKET CLOSE, ( 190 HIGH STREET )"
312129,672607,5034,bank,Royal Bank of Scotland,Class 2,EH28 8SS,312129,672607,30 OLD LISTON ROAD
319949,672930,5035,hot food take-away,Domino's Pizza,SUI GENERIS,EH12 7SJ,319949,672930,"1 ORMISTON TERRACE, ( ST. JOHN'S ROAD )"
319943,672931,5036,Florists,Nikki's Fleurs,Class 1,EH12 7SJ,319943,672931,"4 ORMISTON TERRACE, ( ST. JOHN'S ROAD )"
319937,672932,5037,optician,Vision Express,Class 1,EH12 7SJ,319937,672932,"5 ORMISTON TERRACE, ( ST. JOHN'S ROAD )"
319933,672933,5038,Electronic Ciggerette Specialist,Pen-Cig,Class 1,EH12 7SJ,319933,672933,"6 ORMISTON TERRACE, ( ST. JOHN'S ROAD )"
319929,672933,5039,alternative medicine,Acupuncture &Herbal Centre,Class 1,EH12 7SJ,319929,672933,"8 ORMISTON TERRACE, ( ST. JOHN'S ROAD )"
319926,672934,5040,charity shop,Cancer Research U.K.,Class 1,EH12 7SJ,319926,672934,"9-10 ORMISTON TERRACE, ( ST. JOHN'S ROAD )"
319917,672935,5041,hairdresser/beauty salon,The Beauty Works,Class 1,EH12 7SJ,319917,672935,"12 ORMISTON TERRACE, ( ST. JOHN'S ROAD )"
323931,672931,5042,hairdresser,Extravaganza Hair,Class 1,EH11 2AD,323931,672931,5 ORWELL PLACE
323605,668702,5043,public house,Good Companions,SUI GENERIS,EH13 9JT,323605,668702,2 OXGANGS BANK
323661,668753,5044,grocer,Day- Today Express,Class 1,EH13 9LQ,323661,668753,2 OXGANGS BROADWAY
323667,668753,5045,hairdresser,Gentleman Jack,Class 1,EH13 9LQ,323667,668753,3 OXGANGS BROADWAY
323672,668754,5046,baker,Take A Break,Class 1,EH13 9LQ,323672,668754,4 OXGANGS BROADWAY
323677,668755,5047,hairdresser (gents),Barber Shop,Class 1,EH13 9LQ,323677,668755,4A OXGANGS BROADWAY
323683,668756,5048,e cigarettes,City Vapour,Class 1,EH13 9LQ,323683,668756,5 OXGANGS BROADWAY
323691,668757,5049,chemist,Taylor Pharmacy,Class 1,EH13 9LQ,323691,668757,6-7 OXGANGS BROADWAY
323698,668758,5050,post office,Oxgangs Post Office,Class 1,EH13 9LQ,323698,668758,8 OXGANGS BROADWAY
323690,668739,5051,grocer,Broadway Convenience Store,Class 1,EH13 9LQ,323690,668739,9-10 OXGANGS BROADWAY
323673,668737,5052,hot food take-away,Merdos,SUI GENERIS,EH13 9LQ,323673,668737,11-12 OXGANGS BROADWAY
323668,668732,5053,vacant,vacant,Vacant,EH13 9LQ,323668,668732,13 OXGANGS BROADWAY
323673,668733,5054,hot food take-away (Chinese),Chinese Delight,SUI GENERIS,EH13 9LQ,323673,668733,14 OXGANGS BROADWAY
323684,668734,5055,betting shop,Coral,Class 2,EH13 9LQ,323684,668734,15-17 OXGANGS BROADWAY
323693,668735,5056,hairdresser,L.S. Hair,Class 1,EH13 9LQ,323693,668735,18 OXGANGS BROADWAY
323764,668358,5057,public house & restaurant,Hunter's Tryst,SUI GENERIS,EH13 9NG,323764,668358,97(05) OXGANGS ROAD
323289,669100,5058,grocer / convenience store,Scotmid Late Shop,Class 1,EH13 9BQ,323289,669100,230 OXGANGS ROAD NORTH
323295,669080,5059,vacant,vacant,Vacant,EH13 9BQ,323295,669080,230A OXGANGS ROAD NORTH
323295,669080,5060,Deli Takeaway,Baguette Stop,Class 1,EH13 9BQ,323295,669080,230B OXGANGS ROAD NORTH
323296,669077,5061,hot food take-away (Chinese),Taste H.K.,SUI GENERIS,EH13 9BQ,323296,669077,232 OXGANGS ROAD NORTH
323299,669065,5062,hot food take-away,Chip Inn,SUI GENERIS,EH13 9BQ,323299,669065,234 OXGANGS ROAD NORTH
323403,668877,5063,dental surgery,Callum Jack Dental Surgery,Class 2, ,323403,668877, 
324212,673362,5064,vacant,vacant,Vacant,EH12 5AF,324212,673362,1 PALMERSTON PLACE
325075,672857,5065,vacant,vacant,Vacant,EH3 9HP,325075,672857,3 PANMURE PLACE
319633,674850,5066,n/t/c & grocer,Max News Xtra,Class 1,EH4 7NT,319633,674850,17 PARKGROVE STREET
319635,674845,5067,hairdresser,Freestyle,Class 1,EH4 7NT,319635,674845,19 PARKGROVE STREET
319638,674828,5068,sandwich bar,Jillls Deli,Class 1,EH4 7NT,319638,674828,27 PARKGROVE STREET
319639,674823,5069,barber,Route 29,Class 1,EH4 7NT,319639,674823,29 PARKGROVE STREET
319641,674813,5070,vacant,vacant,Vacant,EH4 7NT,319641,674813,33 PARKGROVE STREET
320311,670848,5071,public house,Silver Wing,SUI GENERIS,EH11 4AH,320311,670848,(2) PARKHEAD GARDENS
320313,670844,5072,hot food take-away,Bodrum Express,SUI GENERIS,EH11 4SQ,320313,670844,6 PARKHEAD GARDENS
320314,670842,5073,vacant,vacant,Vacant,EH11 4SQ,320314,670842,6A PARKHEAD GARDENS
320315,670838,5074,baker,Parkhead Bakers,Class 1,EH11 4SQ,320315,670838,8 PARKHEAD GARDENS
328039,674177,5075,electricians,Ideal Electrical Solutions,Class 2,EH8 7AN,328039,674177,4/5 PARSONS GREEN TERRACE
328045,674174,5076,grocer,Parsons Green Mini Market,Class 1,EH8 7AN,328045,674174,7 PARSONS GREEN TERRACE
328073,674168,5077,Hairdresser,Lynette Daly,Class 1,EH8 7AG,328073,674168,14 PARSONS GREEN TERRACE
328082,674166,5078,flooring,Style Flooring,Class 1,EH8 7AG,328082,674166,16 PARSONS GREEN TERRACE
328145,674153,5079,hot food take-away (Indian),New Masala Pot,SUI GENERIS,EH8 7AF,328145,674153,25 PARSONS GREEN TERRACE
328153,674152,5080,hot food take-away,Snappy's,SUI GENERIS,EH8 7AF,328153,674152,28 PARSONS GREEN TERRACE
328160,674152,5081,chemist,Boots Pharmacy,Class 1,EH8 7AF,328160,674152,29-31 PARSONS GREEN TERRACE
328165,674151,5082,vacantq,vacant,Vacant,EH8 7AF,328165,674151,33 PARSONS GREEN TERRACE
328170,674150,5083,Barber,McLean,Class 1,EH8 7AF,328170,674150,34 PARSONS GREEN TERRACE
328176,674150,5084,hairdresser,June Carol Hair Design,Class 1,EH8 7AF,328176,674150,35 PARSONS GREEN TERRACE
328180,674149,5085,beauty salon,Beauty's Inn,Class 1,EH8 7AF,328180,674149,37 PARSONS GREEN TERRACE
328183,674149,5086,hairdresser,J.C. Melrose,Class 1,EH8 7AF,328183,674149,38 PARSONS GREEN TERRACE
328908,671896,5087,offices/parking/workshops,CEC Passenger Operations,Class 4,EH16 4BB,328908,671896,2 PEFFER PLACE
328961,671921,5088,vacant,vacant,Vacant, ,328961,671921, 
328763,671872,5089,public house,Oman's,SUI GENERIS,EH16 4BA,328763,671872,1 PEFFER STREET
327827,671483,5090,motorbike showroom,Two Wheels,SUI GENERIS,EH16 5LL,327827,671483,36 PEFFERMILL ROAD
321902,676087,5091,grocer & post office,Post Office,Class 1,EH4 4TZ,321902,676087,1-5 PENNYWELL COURT
321887,676083,5092,african foods,Providence African Stores,Class 1,EH4 4TZ,321887,676083,7 PENNYWELL COURT
321881,676082,5093,vacant,vacant,Vacant,EH4 4TZ,321881,676082,9 PENNYWELL COURT
321865,676079,5094,community organisation,Community Renewal,Class 2,EH4 4TZ,321865,676079,11 PENNYWELL COURT
321890,676104,5095,vacant,vacant,Vacant,EH4 4TZ,321890,676104,2 PENNYWELL COURT
321881,676102,5096,household goods,Baba's Cave,Class 1,EH4 4TZ,321881,676102,4-6 PENNYWELL COURT
321873,676100,5097,advice centre,North Edinburgh Drug Advice Centre,Class 2,EH4 4TZ,321873,676100,(17) PENNYWELL COURT
321867,676099,5098,advice centre,North Edinburgh Drug Advice Centre,Class 2,EH4 4TZ,321867,676099,10 PENNYWELL COURT
321859,676097,5099,vacant,vacant,Vacant,EH4 4TZ,321859,676097,12-14 PENNYWELL COURT
321939,676027,5100,hot food take-away (Chinese),New Suen Moon,SUI GENERIS,EH4 4QR,321939,676027,39 PENNYWELL ROAD
321938,676035,5101,optician,Pennywell Opticians,Class 1,EH4 4QR,321938,676035,41A PENNYWELL ROAD
321929,676057,5102,vacant,vacant,Vacant,EH4 4QR,321929,676057,43-45 PENNYWELL ROAD
321925,676068,5103,baker,Greggs,Class 1,EH4 4QR,321925,676068,45A PENNYWELL ROAD
321921,676086,5104,betting shop,William Hill,Class 2,EH4 4QR,321921,676086,47A PENNYWELL ROAD
321906,676107,5105,charity shop,Salvation Army,Class 1,EH4 4TY,321906,676107,49 PENNYWELL ROAD
321903,676119,5106,betting shop,Ladbrokes,Class 2,EH4 4TY,321903,676119,49A-51 PENNYWELL ROAD
321900,676130,5107,dental surgery,MY Dentist,Class 2,EH4 4TY,321900,676130,53A PENNYWELL ROAD
321896,676139,5108,n/t/c,R.S. McColl,Class 1,EH4 4TY,321896,676139,55 PENNYWELL ROAD
321894,676146,5109,chemist,Lloyds Pharmacy,Class 1,EH4 4TY,321894,676146,55A-57 PENNYWELL ROAD
321893,676153,5110,community shop,Community Shoip,Class 1,EH4 4TY,321893,676153,57A PENNYWELL ROAD
321892,676158,5111,hot food take-away,Gerry's Fish Bar,SUI GENERIS,EH4 4TY,321892,676158,59 PENNYWELL ROAD
321890,676167,5112,caf‚ (fish & chips),Gerry's,Class 3,EH4 4TY,321890,676167,61 PENNYWELL ROAD
321885,676178,5113,public house,The Gunner,SUI GENERIS,EH4 4TY,321885,676178,63 PENNYWELL ROAD
318036,667720,5114,hot food take-away (fish and chips),Sofias,SUI GENERIS,EH14 5NP,318036,667720,1 PENTLAND VIEW COURT
318025,667713,5115,"carpets, beds, blinds",Pentland Carpets,Class 1,EH14 5NP,318025,667713,3 PENTLAND VIEW COURT
318005,667726,5116,grocer / convenience store,Scotmid,Class 1,EH14 5NP,318005,667726,7 PENTLAND VIEW COURT
317995,667744,5117,health and beauty,The Lilac Rooms,Class 1,EH14 5NP,317995,667744,(7A) PENTLAND VIEW COURT
317997,667764,5118,hot food take-away (Chinese),Golden Chopsticks,SUI GENERIS,EH14 5NP,317997,667764,9 PENTLAND VIEW COURT
318031,667717,5119,chemist,Lindsay & Gilmour,Class 1,EH14 5NP,318031,667717,2 PENTLAND VIEW COURT
318015,667708,5120,public house,Merlot & Mocha,SUI GENERIS,EH14 5NP,318015,667708,4-5 PENTLAND VIEW COURT
318011,667714,5121,baker,Baynes Family Baker,Class 1,EH14 5NP,318011,667714,6 PENTLAND VIEW COURT
317991,667761,5122,hot food take away (Indian),The Rannaghor,SUI GENERIS,EH14 5NP,317991,667761,8 PENTLAND VIEW COURT
325939,674398,5123,public house,The Street,SUI GENERIS,EH1 3JT,325939,674398,2 PICARDY PLACE
325948,674401,5124,solicitors & estate agents,Neilsons,Class 2,EH1 3JT,325948,674401,2A PICARDY PLACE
325954,674406,5125,bar/restaurant,Clouds and Soil,Class 3,EH1 3JT,325954,674406,4 PICARDY PLACE
325964,674408,5126,bank,Bank of Scotland / HBOS,Class 2,EH1 3JT,325964,674408,6 PICARDY PLACE
325974,674411,5127,supermarket,Tesco Express,Class 1,EH1 3JT,325974,674411,8(GF) PICARDY PLACE
325508,677060,5128,restaurant (seafood),C-Shack,Class 3,EH6 4LP,325508,677060,3 PIER PLACE
325544,677118,5129,restaurant (Italian),Prezzo,Class 3,EH6 4LP,325544,677118,25 PIER PLACE
325544,677118,5130,restaurant,Loch Fyne,Class 3, ,325544,677118, 
325544,677154,5131,Fishmongers,Welch Fishmongers,Class 1,EH6 4LP,325544,677154,24 PIER PLACE
328681,674179,5132,financial services,Female independent ltd.,Class 2,EH8 7BS,328681,674179,113 PIERSFIELD TERRACE
328687,674179,5133,vacant,vacant,Vacant,EH8 7BS,328687,674179,117 PIERSFIELD TERRACE
328695,674181,5134,n/t/c,M. Afzal & Son,Class 1,EH8 7BS,328695,674181,119 PIERSFIELD TERRACE
328700,674182,5135,computer repairs,Your PC Repair Stop,Class 1,EH8 7BS,328700,674182,123 PIERSFIELD TERRACE
328823,674208,5136,tools,Machine Mart,Class 1,EH8 7BR,328823,674208,171 PIERSFIELD TERRACE
328847,674214,5137,chemist,Nuchem,Class 1,EH8 7BR,328847,674214,173 PIERSFIELD TERRACE
328835,674211,5138,betting shop,Coral Racing,Class 2,EH8 7BR,328835,674211,175 PIERSFIELD TERRACE
328841,674213,5139,funeral director,McKenzie & Millar,Class 1,EH8 7BR,328841,674213,177 PIERSFIELD TERRACE
328770,674081,5140,supermarket - large,Morrisons,Class 1,EH8 7BQ,328770,674081,6 PIERSFIELD TERRACE
328837,674168,5141,frozen food,Iceland,Class 1,EH8 7BJ,328837,674168,40-42 PIERSFIELD TERRACE
328394,674142,5142,hot food take-away,Soul Sushi,SUI GENERIS,EH8 7EH,328394,674142,1 PIERSHILL PLACE
328403,674143,5143,chiropodist,Dunedin Chiropody,Class 2,EH8 7EH,328403,674143,3 PIERSHILL PLACE
328433,674144,5144,vacant,vacant,Vacant,EH8 7EH,328433,674144,5 PIERSHILL PLACE
328446,674144,5145,public house,"Porters, Piershill Tavern",SUI GENERIS,EH8 7EH,328446,674144,7 PIERSHILL PLACE
328462,674144,5146,betting shop,Ladbrokes,Class 2,EH8 7EH,328462,674144,9 PIERSHILL PLACE
328468,674145,5147,hot food take-away,Madras Cottage,SUI GENERIS,EH8 7EH,328468,674145,11 PIERSHILL PLACE
328398,674143,5148,hot food take-away (Chinese),New Taste,SUI GENERIS,EH8 7EH,328398,674143,2 PIERSHILL PLACE
328413,674143,5149,supermarket (Asian),Poly Pack,Class 1,EH8 7EH,328413,674143,4 PIERSHILL PLACE
328456,674144,5150,hot food take-away (Chinese),May flower,SUI GENERIS,EH8 7EH,328456,674144,8A PIERSHILL PLACE
323221,675904,5151,supermarket - large,Morrisons,Class 1,EH5 2HF,323221,675904,102-104 PILTON DRIVE
326850,675997,5152,hairdresser,Beatrice McShee,Class 1,EH6 5HY,326850,675997,3 PIRRIE STREET
325965,676184,5153,vacant,vacant,Vacant,EH6 4BU,325965,676184,2 PITT STREET
326272,673292,5154,wholesale wines,Laurence Smith & Son,Class 2,EH8 9TQ,326272,673292,61 PLEASANCE
326272,673287,5155,cafe,"Breakfast, Brunch & Lunch",Class 3,EH8 9TG,326272,673287,65 PLEASANCE
326317,673009,5156,vacant,vacant,Vacant,EH8 9RU,326317,673009,193 PLEASANCE
326323,673000,5157,hot food take away,Tikka Masala,SUI GENERIS,EH8 9RU,326323,673000,201 PLEASANCE
326328,672984,5158,solicitors,Sinclairs Criminal Defence Lawyers,Class 2,EH8 9RU,326328,672984,207 PLEASANCE
326361,672983,5159,licensed club,Lismore Rugby Football Club,SUI GENERIS,EH8 9RT,326361,672983,192 PLEASANCE
324006,672339,5160,vacant,vacant,Vacant,EH11 1HR,324006,672339,33 POLWARTH CRESCENT
323995,672381,5161,food packaging,Vegware,Class 4,EH11 1HS,323995,672381,43-45 POLWARTH CRESCENT
324106,672305,5162,caf‚,Piece Box,Class 3,EH11 1HW,324106,672305,2 POLWARTH CRESCENT
324102,672302,5163,travel agent,Bryton Travel,Class 1,EH11 1HW,324102,672302,4 POLWARTH CRESCENT
324095,672298,5164,homewares,Home at Six,Class 1,EH11 1HW,324095,672298,6 POLWARTH CRESCENT
324090,672295,5165,caf‚,Odds & Ends,Class 1,EH11 1HW,324090,672295,8 POLWARTH CRESCENT
324081,672295,5166,beauty salon,The Hair Lounge,Class 2,EH11 1HW,324081,672295,12A POLWARTH CRESCENT
324075,672298,5167,catering,Club Class Catering,Class 2,EH11 1HW,324075,672298,14 POLWARTH CRESCENT
324027,672370,5168,vacant,vacant,Vacant,EH11 1HN,324027,672370,36 POLWARTH CRESCENT
324009,672404,5169,grocers,Al-Halal Food Store,Class 1,EH11 1HL,324009,672404,42 POLWARTH CRESCENT
324014,672395,5170,vacant,vacant,Vacant,EH11 1HL,324014,672395,46-50(BF) POLWARTH CRESCENT
324017,672388,5171,food packaging,Vegware,Class 4,EH11 1HL,324017,672388,46-50(GF) POLWARTH CRESCENT
324066,672269,5172,grocer (lic.) & n/t/c,Margiotta,Class 1,EH11 1JS,324066,672269,1 POLWARTH GARDENS
324062,672263,5173,veterinary surgery,Happy Pets,Class 2, ,324062,672263, 
324058,672261,5174,veterinary surgery,Happy Pets,Class 2, ,324058,672261, 
324055,672259,5175,beauty salon,Mirror Mirror,Class 1,EH11 1JS,324055,672259,7 POLWARTH GARDENS
323795,672114,5176,fireplace surrounds,Traditional Fire Surrounds,Class 1,EH11 1LQ,323795,672114,81-83 POLWARTH GARDENS
324117,672286,5177,health clinic,Active Health,Class 2,EH11 1LW,324117,672286,2 POLWARTH GARDENS
324113,672284,5178,"business services - accounting, tax etc.",Facts & Figures - Business Solutions Centre,Class 4,EH11 1LW,324113,672284,4 POLWARTH GARDENS
324109,672281,5179,vacant,vacant,Vacant,EH11 1LW,324109,672281,6 POLWARTH GARDENS
324105,672278,5180,"hot food take-away (pizzas, kebabs)",Pizza Corner,SUI GENERIS,EH11 1LW,324105,672278,8 POLWARTH GARDENS
324101,672271,5181,chemist,Polwarth Pharmacy,Class 1,EH11 1LW,324101,672271,10-14 POLWARTH GARDENS
324098,672264,5182,restaurant & hot food take-away (Chinese),South China Inn,Class 3,EH11 1LW,324098,672264,16 POLWARTH GARDENS
324098,672260,5183,launderette,Munro - Suds 'R' Us,Class 1,EH11 1LW,324098,672260,20 POLWARTH GARDENS
323803,672086,5184,grocer / convenience store,Scotmid,Class 1,EH11 1LH,323803,672086,116B POLWARTH GARDENS
312298,678673,5185,boats,Chandlery,SUI GENERIS, ,312298,678673, 
312242,678641,5186,marine equipment,Forth Area Marine Electronics Ltd.,Class 2, ,312242,678641, 
312269,678638,5187,caf‚,Picnic at the Port,Class 3, ,312269,678638, 
312278,678649,5188,boats and marine clothing,Bosuns Locker,SUI GENERIS,EH30 9SQ,312278,678649,(1/3) PORT EDGAR
325620,672978,5189,gym,FITNESS CHICKS,Class 11,EH3 9GJ,325620,672978,1(B) PORTERS WALK
325620,672978,5190,gym,FITNESS CHICKS,Class 11,EH3 9GJ,325620,672978,1(A) PORTERS WALK
325592,672974,5191,bookshop,Looking Glass Books,Class 1,EH3 9GJ,325592,672974,3 PORTERS WALK
326447,676706,5192,vacant,vacant,Vacant,EH6 6LA,326447,676706,1B-3 PORTLAND PLACE
326442,676722,5193,take away food,Derrick's Takeaway,Class 1,EH6 6LA,326442,676722,6 PORTLAND PLACE
326440,676728,5194,caf‚,Pomodoro cafe,Class 3,EH6 6LA,326440,676728,8 PORTLAND PLACE
326436,676735,5195,hairdressers,Apple,Class 1,EH6 6LA,326436,676735,10 PORTLAND PLACE
326435,676738,5196,vacant,vacant,Vacant,EH6 6LA,326435,676738,12 PORTLAND PLACE
326434,676742,5197,vacant,vacant,Vacant,EH6 6LA,326434,676742,13 PORTLAND PLACE
326430,676746,5198,hot food take-away,Maggies,SUI GENERIS,EH6 6LA,326430,676746,14 PORTLAND PLACE
326427,676748,5199,tattoo parlour,Relatively Painless,Class 1,EH6 6LA,326427,676748,15 PORTLAND PLACE
326422,676750,5200,public house,Portland Bar,SUI GENERIS,EH6 6LA,326422,676750,17 PORTLAND PLACE
326414,676754,5201,grocer,Best One,Class 1,EH6 6LA,326414,676754,18 PORTLAND PLACE
326409,676756,5202,betting shop,William Hill,Class 2,EH6 6LA,326409,676756,20 PORTLAND PLACE
326398,676760,5203,vacant,vacant,Vacant,EH6 6LA,326398,676760,21 PORTLAND PLACE
326390,676764,5204,vacant,vacant,Vacant,EH6 6LA,326390,676764,23 PORTLAND PLACE
326387,676765,5205,vacant,vacant,Vacant,EH6 6LA,326387,676765,24 PORTLAND PLACE
330053,674323,5206,vacant,vacant,Vacant,EH15 1DW,330053,674323,1 PORTOBELLO HIGH STREET
330144,674235,5207,vacant,vacant,Vacant,EH15 1DW,330144,674235,3(01) PORTOBELLO HIGH STREET
330241,674160,5208,bicycles & roller blades,BG Cycles & Blades,Class 1,EH15 1DE,330241,674160,25 PORTOBELLO HIGH STREET
330245,674156,5209,computer repairs,Data,Class 1,EH15 1DE,330245,674156,27 PORTOBELLO HIGH STREET
330355,674042,5210,vacant,vacant,Vacant,EH15 1AW,330355,674042,79 PORTOBELLO HIGH STREET
330364,674033,5211,public house,Palm Tree,SUI GENERIS,EH15 1AW,330364,674033,87 PORTOBELLO HIGH STREET
330369,674025,5212,e-cigs,Dr. Vapor,Class 1,EH15 1AW,330369,674025,91 PORTOBELLO HIGH STREET
330374,674020,5213,plumber,Celsius,Class 2,EH15 1AW,330374,674020,95 PORTOBELLO HIGH STREET
330391,674002,5214,hairdresser,Trade Cuts,Class 1,EH15 1AR,330391,674002,99 PORTOBELLO HIGH STREET
330394,673998,5215,charity shop,Lifeline Charity Shop,Class 1,EH15 1AR,330394,673998,103 PORTOBELLO HIGH STREET
330051,674320,5216,charity shop,"Chest, heart and stroke",Class 1,EH15 1AR,330051,674320,113 PORTOBELLO HIGH STREET
330399,673980,5217,hairdresser,Ooh la la,Class 1,EH15 1AR,330399,673980,115 PORTOBELLO HIGH STREET
330403,673976,5218,beauty salon,Body Beautiful,Class 1,EH15 1AR,330403,673976,117 PORTOBELLO HIGH STREET
330408,673971,5219,wine merchant,fine wine company,Class 1,EH15 1AR,330408,673971,119 PORTOBELLO HIGH STREET
330425,673938,5220,sandwich shop,Subway,Class 1,EH15 1AF,330425,673938,121 PORTOBELLO HIGH STREET
330429,673934,5221,hairdresser,Jon Paul Hair Studio,Class 1,EH15 1AF,330429,673934,125 PORTOBELLO HIGH STREET
330435,673926,5222,confectionery,Favers Candy Emporium,Class 1,EH15 1AF,330435,673926,127-129 PORTOBELLO HIGH STREET
330441,673920,5223,delicatessen,The Mouse Hole,Class 1,EH15 1AF,330441,673920,131 PORTOBELLO HIGH STREET
330444,673917,5224,vacant,vacant,Vacant,EH15 1AQ,330444,673917,135 PORTOBELLO HIGH STREET
330482,673874,5225,bank,Bank of Scotland / HBOS,Class 2,EH15 1AF,330482,673874,151 PORTOBELLO HIGH STREET
330517,673861,5226,public house,The Beaten Docket,SUI GENERIS,EH15 1EU,330517,673861,163 PORTOBELLO HIGH STREET
330521,673857,5227,delicatessen,Marco's Deli,Class 1,EH15 1EU,330521,673857,165 PORTOBELLO HIGH STREET
330527,673852,5228,charity shop,Salvation Army,Class 1,EH15 1EU,330527,673852,167-171 PORTOBELLO HIGH STREET
330536,673844,5229,veterinary surgery,Abercorn Veterinary Clinics,Class 2, ,330536,673844, 
330544,673838,5230,bank,Royal Bank of Scotland,Class 2,EH15 1EU,330544,673838,177 PORTOBELLO HIGH STREET
330552,673832,5231,public house,Portobello Bar,SUI GENERIS,EH15 1EU,330552,673832,187 PORTOBELLO HIGH STREET
330556,673830,5232,church,Portobello Baptist Church,Class 2,EH15 1EU,330556,673830,191-193 PORTOBELLO HIGH STREET
330569,673822,5233,children's shoes,Maddie & Mark's Shoes,Class 1,EH15 1EU,330569,673822,195 PORTOBELLO HIGH STREET
330576,673818,5234,grocer and general store,Portobello Costcutter,Class 1,EH15 1EU,330576,673818,201 PORTOBELLO HIGH STREET
330583,673815,5235,betting shop,William Hill,Class 2,EH15 1EU,330583,673815,203 PORTOBELLO HIGH STREET
330601,673808,5236,florist,Demi's,Class 1,EH15 1EU,330601,673808,209(A) PORTOBELLO HIGH STREET
330606,673806,5237,hairdresser (gents),Sweeney Todd's,Class 1,EH15 1EU,330606,673806,211(A) PORTOBELLO HIGH STREET
330621,673801,5238,charity shop,Bethany Shop,Class 1,EH15 1EU,330621,673801,215-217 PORTOBELLO HIGH STREET
330625,673799,5239,vacant,vacant,Vacant,EH15 1EU,330625,673799,219 PORTOBELLO HIGH STREET
330682,673775,5240,"hot food take-away (fish & chips, pizzas, kebabs)",Carlo's,SUI GENERIS,EH15 2AN,330682,673775,227 PORTOBELLO HIGH STREET
330688,673772,5241,property letting,Annan Property,Class 2,EH15 2AN,330688,673772,229 PORTOBELLO HIGH STREET
330699,673768,5242,hairdresser (ladies & gents),Buddys,Class 1,EH15 2AN,330699,673768,237 PORTOBELLO HIGH STREET
330703,673766,5243,courier,Road Air Courier Express,Class 4,EH15 2AN,330703,673766,239 PORTOBELLO HIGH STREET
330710,673764,5244,public house,The Skylark,SUI GENERIS,EH15 2AW,330710,673764,241-243 PORTOBELLO HIGH STREET
330716,673761,5245,print shop,Portobello Print & Copy,Class 2,EH15 2AW,330716,673761,247 PORTOBELLO HIGH STREET
330720,673759,5246,hot food take-away (pizzas),Cinnamon,SUI GENERIS,EH15 2AW,330720,673759,249 PORTOBELLO HIGH STREET
330723,673757,5247,vacant,vacant,Vacant,EH15 2AW,330723,673757,251 PORTOBELLO HIGH STREET
330272,674159,5248,dog grooming,Joanne's Dog Grooming Salon,Class 1,EH15 1DD,330272,674159,26-28 PORTOBELLO HIGH STREET
330276,674155,5249,tailoring,Mira's Tailoring & Alterations,Class 1,EH15 1DD,330276,674155,32 PORTOBELLO HIGH STREET
330281,674151,5250,podiatrist,Portobello Foot Care,Class 2,EH15 1DD,330281,674151,34 PORTOBELLO HIGH STREET
330299,674136,5251,public house,Foresters Arms,SUI GENERIS,EH15 1DA,330299,674136,40 PORTOBELLO HIGH STREET
330308,674127,5252,workwear,Rohni's Workwear Direct,Class 1,EH15 1DA,330308,674127,44 PORTOBELLO HIGH STREET
330317,674117,5253,angling equipment,Mike's Tackle Shop,Class 1,EH15 1DA,330317,674117,46 PORTOBELLO HIGH STREET
330321,674112,5254,bicycles & roller blades,BG Cycles & Blades,Class 1,EH15 1DA,330321,674112,48 PORTOBELLO HIGH STREET
330325,674108,5255,fair trade crafts & household goods,Just World Shop,Class 1,EH15 1DA,330325,674108,52-54 PORTOBELLO HIGH STREET
330329,674104,5256,contractor,City Roofing,Class 4,EH15 1DA,330329,674104,56 PORTOBELLO HIGH STREET
330334,674099,5257,funeral directors,Scotmid Funeral Service,Class 1,EH15 1DA,330334,674099,60 PORTOBELLO HIGH STREET
330350,674088,5258,beauty salon,Ohio,Class 1,EH15 1AN,330350,674088,62 PORTOBELLO HIGH STREET
330350,674079,5259,"hot food take-away (curries, pizzas, kebabs, burgers)",Mint,SUI GENERIS,EH15 1AN,330350,674079,64 PORTOBELLO HIGH STREET
330353,674076,5260,Restaurant/hot food take away,China Caf‚,Class 3,EH15 1AN,330353,674076,66 PORTOBELLO HIGH STREET
330357,674071,5261,"grocer, convenience store, n/t/c",Premier Convenience Store,Class 1,EH15 1AN,330357,674071,72 PORTOBELLO HIGH STREET
330372,674054,5262,vacant,vacant,Vacant, ,330372,674054, 
330377,674053,5263,funeral director,M. & F. FUNERAL SERVICES,Class 1,EH15 1AN,330377,674053,76A PORTOBELLO HIGH STREET
330378,674048,5264,caf‚,Ophelia Mar,Class 3,EH15 1AN,330378,674048,78 PORTOBELLO HIGH STREET
330381,674045,5265,hot food take-away,Istanbul,SUI GENERIS,EH15 1AN,330381,674045,80 PORTOBELLO HIGH STREET
330385,674040,5266,vacant,vacant,Vacant,EH15 1AN,330385,674040,84 PORTOBELLO HIGH STREET
330389,674036,5267,public house,The Galleon,SUI GENERIS,EH15 1AN,330389,674036,88 PORTOBELLO HIGH STREET
330394,674030,5268,florist,Wild Flower,Class 1,EH15 1AN,330394,674030,90 PORTOBELLO HIGH STREET
330397,674027,5269,vacant,vacant,Vacant,EH15 1AN,330397,674027,94 PORTOBELLO HIGH STREET
330401,674023,5270,podiatrist,ACS Foot Care,Class 1, ,330401,674023, 
330405,674018,5271,second hand clothes,Cash 4 Clothes,Class 1,EH15 1AN,330405,674018,98 PORTOBELLO HIGH STREET
330416,674006,5272,tailoring/repairs,Diamond Stich,Class 1,EH15 1AL,330416,674006,100 PORTOBELLO HIGH STREET
330418,674004,5273,hot food take-away,Golden Bite,SUI GENERIS,EH15 1AL,330418,674004,102 PORTOBELLO HIGH STREET
330422,673998,5274,charity shop,Friends of the Edinburgh Dog & Cat Home,Class 1,EH15 1AL,330422,673998,104 PORTOBELLO HIGH STREET
330430,673990,5275,hot food take-away (Chinese),108,SUI GENERIS,EH15 1AL,330430,673990,108 PORTOBELLO HIGH STREET
330425,673995,5276,vacant,vacant,Vacant,EH15 1AL,330425,673995,110 PORTOBELLO HIGH STREET
330436,673984,5277,"butcher, delicatessen",Findlays,Class 1,EH15 1AL,330436,673984,112-116 PORTOBELLO HIGH STREET
330456,673961,5278,n/t/c,R.S. McColl,Class 1,EH15 1AH,330456,673961,120-122 PORTOBELLO HIGH STREET
330463,673954,5279,betting shop,William Hill,Class 2,EH15 1AH,330463,673954,124 PORTOBELLO HIGH STREET
330489,673926,5280,hairdresser,Bluto and Olive's,Class 1,EH15 1AH,330489,673926,126 PORTOBELLO HIGH STREET
330469,673948,5281,hot food take-away,Spice Bello,SUI GENERIS,EH15 1AH,330469,673948,128 PORTOBELLO HIGH STREET
330473,673943,5282,sandwich shop,Popeye's Sandwich Bar,Class 1,EH15 1AH,330473,673943,132 PORTOBELLO HIGH STREET
330484,673932,5283,cheque cashing,Cheque Centre,Class 2,EH15 1AH,330484,673932,134 PORTOBELLO HIGH STREET
330479,673937,5284,greengrocer,Banana Republic (Budget Fruit Supplies),Class 1,EH15 1AH,330479,673937,134A PORTOBELLO HIGH STREET
330486,673929,5285,bank,TSB,Class 2,EH15 1AJ,330486,673929,134C PORTOBELLO HIGH STREET
330491,673923,5286,chemist,Semi-Chem,Class 1,EH15 1AH,330491,673923,136 PORTOBELLO HIGH STREET
330495,673919,5287,vacant,vacant,Vacant,EH15 1AH,330495,673919,140 PORTOBELLO HIGH STREET
330498,673916,5288,n/t/c,Porto News,Class 1,EH15 1AH,330498,673916,144 PORTOBELLO HIGH STREET
330500,673913,5289,fishmonger,John Williamson,Class 1,EH15 1AH,330500,673913,146 PORTOBELLO HIGH STREET
330505,673908,5290,greeting cards,Special Thoughts,Class 1,EH15 1AH,330505,673908,150 PORTOBELLO HIGH STREET
330507,673905,5291,money lending,cash brokers,Class 2,EH15 1AH,330507,673905,152-154 PORTOBELLO HIGH STREET
330512,673901,5292,solicitors & estate agents,McIntyre's,Class 2,EH15 1AH,330512,673901,158 PORTOBELLO HIGH STREET
330516,673897,5293,baker,Bayne's,Class 1,EH15 1AH,330516,673897,160 PORTOBELLO HIGH STREET
330519,673893,5294,charity shop,Marie Curie cancer,Class 1,EH15 1AH,330519,673893,162 PORTOBELLO HIGH STREET
330536,673875,5295,baker,Greggs,Class 1,EH15 1EX,330536,673875,164 PORTOBELLO HIGH STREET
330542,673870,5296,chemist,G.W. Allan,Class 1,EH15 1EX,330542,673870,166-168 PORTOBELLO HIGH STREET
330548,673865,5297,optician,Portobello Optician,Class 1,EH15 1EX,330548,673865,172 PORTOBELLO HIGH STREET
330552,673862,5298,chemist,Boots,Class 1,EH15 1EX,330552,673862,174 PORTOBELLO HIGH STREET
330556,673858,5299,solicitors & estate agents,Warners,Class 2,EH15 1EX,330556,673858,176 PORTOBELLO HIGH STREET
330561,673855,5300,hot food takeaway,Man on Fire,SUI GENERIS,EH15 1EX,330561,673855,180 PORTOBELLO HIGH STREET
330565,673852,5301,betting shop,Ladbrokes,Class 2,EH15 1EX,330565,673852,182 PORTOBELLO HIGH STREET
330571,673848,5302,gift shop,Present Times,Class 1,EH15 1EX,330571,673848,186 PORTOBELLO HIGH STREET
330574,673845,5303,hairdresser,Bliss Hair,Class 1,EH15 1EX,330574,673845,188 PORTOBELLO HIGH STREET
330580,673843,5304,jeweller,A. McAlpine,Class 1,EH15 1EX,330580,673843,190 PORTOBELLO HIGH STREET
330586,673840,5305,delicatessen & coffee shop,Deli 194,Class 1,EH15 1EX,330586,673840,194 PORTOBELLO HIGH STREET
330590,673838,5306,charity shop,Barnardo's,Class 1,EH15 1EX,330590,673838,196 PORTOBELLO HIGH STREET
330598,673834,5307,hairdresser,Gerard Howley,Class 1,EH15 1EX,330598,673834,198 PORTOBELLO HIGH STREET
330605,673831,5308,charity shop,British Heart Foundation,Class 1,EH15 1EX,330605,673831,202-204 PORTOBELLO HIGH STREET
330610,673829,5309,charity shop,Cancer Research U.K.,Class 1,EH15 1EX,330610,673829,208 PORTOBELLO HIGH STREET
330633,673819,5310,pictures/picture framing,Artisan,Class 1,EH15 2AU,330633,673819,210 PORTOBELLO HIGH STREET
330637,673818,5311,hairdresser,Cegees,Class 1,EH15 2AU,330637,673818,212 PORTOBELLO HIGH STREET
330642,673815,5312,dentist,High Street Dental Surgery,Class 2, ,330642,673815, 
330649,673813,5313,curtains,The Front Room,Class 1,EH15 2AU,330649,673813,218 PORTOBELLO HIGH STREET
330663,673808,5314,supermarket,Sainsbury's Local,Class 1,EH15 2AU,330663,673808,222-228 PORTOBELLO HIGH STREET
330676,673803,5315,hot food takeaway,Orchid,SUI GENERIS,EH15 2AU,330676,673803,230 PORTOBELLO HIGH STREET
330680,673801,5316,Marshmallows,Tipsy Mallows,Class 1,EH15 2AU,330680,673801,230A PORTOBELLO HIGH STREET
330686,673798,5317,carpets,Kristoffersen Carpets,Class 1,EH15 2AU,330686,673798,234 PORTOBELLO HIGH STREET
330692,673796,5318,grocer,Kost Konscious,Class 1,EH15 2AU,330692,673796,236 PORTOBELLO HIGH STREET
330699,673793,5319,e-cigs,Kick Ash,Class 1,EH15 2AU,330699,673793,240 PORTOBELLO HIGH STREET
330702,673792,5320,beauty salon,Beauty by Kelly,Class 1,EH15 2AU,330702,673792,240A PORTOBELLO HIGH STREET
330718,673783,5321,"building trades office (builders, joiners, roofers, electricians, painters, plumbers etc.)",Acorn Services Property Care,Class 4,EH15 2AT,330718,673783,242 PORTOBELLO HIGH STREET
330723,673781,5322,"knitting wool, haberdashery, shoe repairs",C.H. Robertson,Class 1,EH15 2AT,330723,673781,244 PORTOBELLO HIGH STREET
330728,673779,5323,hairdresser,"Live, Laugh, Love",Class 1,EH15 2AT,330728,673779,248 PORTOBELLO HIGH STREET
330736,673776,5324,gift shop,Cove,Class 1,EH15 2AT,330736,673776,250 PORTOBELLO HIGH STREET
330741,673774,5325,hot food take-away,Red's Bistro,SUI GENERIS,EH15 2AT,330741,673774,254 PORTOBELLO HIGH STREET
330751,673769,5326,glaziers,Mark Smith Glazing - PVC Window & Door Centre,Class 4,EH15 2AT,330751,673769,258 PORTOBELLO HIGH STREET
330753,673768,5327,tattoo studio,Dragonheart Tattoo,Class 2,EH15 2AT,330753,673768,260 PORTOBELLO HIGH STREET
330756,673767,5328,restaurant (tapas),Malvarosa,Class 3,EH15 2AT,330756,673767,262 PORTOBELLO HIGH STREET
330766,673762,5329,clothing (ties & scarves),Maddock & Dick,Class 1,EH15 2AT,330766,673762,266-268 PORTOBELLO HIGH STREET
330779,673756,5330,caf‚,Blue Bean Coffee House,Class 3,EH15 2AT,330779,673756,272 PORTOBELLO HIGH STREET
330785,673753,5331,dentist,portobello dental clinic,Class 2, ,330785,673753, 
330793,673749,5332,clothing (mens),Top Hat Menswear,Class 1,EH15 2AT,330793,673749,278 PORTOBELLO HIGH STREET
330803,673745,5333,restaurant & hot food take-away (Italian),St. Andrews,Class 3,EH15 2AT,330803,673745,280-284 PORTOBELLO HIGH STREET
330826,673732,5334,hollistic therapy,community foundation for planetary healing,Class 11, ,330826,673732, 
330829,673730,5335,dentures,Denture Art Studios,Class 2,EH15 2AS,330829,673730,292 PORTOBELLO HIGH STREET
330834,673728,5336,fireplaces,Living Fires,Class 1,EH15 2AS,330834,673728,294 PORTOBELLO HIGH STREET
330837,673727,5337,picture framing,The Velvet Easel,Class 4,EH15 2AS,330837,673727,298 PORTOBELLO HIGH STREET
330841,673725,5338,bathrooms,Luma Bathrooms,Class 1,EH15 2AS,330841,673725,300 PORTOBELLO HIGH STREET
330845,673723,5339,education,Computer School,Class 4,EH15 2AS,330845,673723,302 PORTOBELLO HIGH STREET
330851,673720,5340,bric a brac,Friday Street,Class 1,EH15 2AS,330851,673720,304 PORTOBELLO HIGH STREET
330883,673705,5341,beauty salon,At The Coast,Class 1,EH15 2DA,330883,673705,306 PORTOBELLO HIGH STREET
330892,673702,5342,butcher,Gordons Fresh & Cooked Meat Specialist,Class 1,EH15 2DA,330892,673702,308(GF) PORTOBELLO HIGH STREET
330905,673696,5343,Dentist,Dental express,Class 2, ,330905,673696, 
330916,673712,5344,funeral director,James Scott,Class 1,EH15 2DA,330916,673712,314 PORTOBELLO HIGH STREET
330924,673688,5345,grocer,Joppa Foodstore,Class 1,EH15 2DA,330924,673688,318 PORTOBELLO HIGH STREET
330931,673684,5346,interior design,inhouse design,Class 4,EH15 2DA,330931,673684,322 PORTOBELLO HIGH STREET
330934,673683,5347,restaurant (Chinese),Laura's Chinese Restaurant,Class 3,EH15 2DA,330934,673683,324 PORTOBELLO HIGH STREET
330940,673680,5348,hairdresser,Mancini,Class 1,EH15 2DA,330940,673680,328 PORTOBELLO HIGH STREET
330947,673677,5349,chemist,H.S. Kidd,Class 1,EH15 2DA,330947,673677,330-332 PORTOBELLO HIGH STREET
328609,674139,5350,hot food take-away (Chinese),Mr. So,SUI GENERIS,EH8 7EL,328609,674139,42 PORTOBELLO ROAD
328614,674139,5351,optician,Brown Opticians,Class 1,EH8 7EL,328614,674139,44 PORTOBELLO ROAD
329226,674260,5352,solarium,TANZ,Class 1,EH8 7EL,329226,674260,48 PORTOBELLO ROAD
328634,674133,5353,hot food takeaway (pizza),Domino's,SUI GENERIS,EH8 7EL,328634,674133,50 PORTOBELLO ROAD
325987,673133,5354,restaurant (Middle Eastern),Nawroz,Class 3,EH8 9BT,325987,673133,26-30 POTTERROW
325995,673110,5355,public house,The Potting Shed,SUI GENERIS,EH8 9BT,325995,673110,32-34 POTTERROW
326009,673103,5356,grocer (Asian),M MAQBOOL,Class 1,EH8 9BT,326009,673103,36 POTTERROW
327550,671809,5357,n/t/c,The Prestonfielder,Class 1,EH16 5EG,327550,671809,31 PRESTONFIELD AVENUE
327560,671807,5358,hot food take-away,Top No. 1,SUI GENERIS,EH16 5EG,327560,671807,33 PRESTONFIELD AVENUE
326390,676584,5359,vacant,vacant,Vacant,EH6 4AR,326390,676584,53 PRINCE REGENT STREET
325822,674021,5360,KIOSK,WALTER G SCOTT,Class 1,EH2 2EJ,325822,674021,4C PRINCES STREET
325791,674016,5361,electronics,Apple,Class 1,EH2 2AN,325791,674016,10-12 PRINCES STREET
325766,674002,5362,bank,Barclays,Class 2,EH2 2AN,325766,674002,13-14 PRINCES STREET
325755,673999,5363,mobile phones,O2,Class 1,EH2 2AN,325755,673999,16/17 PRINCES STREET
325744,673996,5364,health food,Holland & Barrett,Class 1,EH2 2AN,325744,673996,18-19 PRINCES STREET
325733,673993,5365,mobile phones,EE,Class 1,EH2 2AN,325733,673993,21-22 PRINCES STREET
325728,673991,5366,"speciality tea, coffee and ancillary items",Whittard of Chelsea,Class 1,EH2 2AN,325728,673991,23 PRINCES STREET
325719,673990,5367,mobile phones,VODAFONE  LTD.,Class 1,EH2 2AN,325719,673990,24-25 PRINCES STREET
325665,673983,5368,gents clothing,Top Shop / Top Man,Class 1,EH2 2BY,325665,673983,30-31 PRINCES STREET
325648,673968,5369,general clothing,H & M,Class 1,EH2 2BY,325648,673968,33-41 PRINCES STREET
325607,673957,5370,foreign exchange,Kanoo Travel,Class 1,EH2 2BY,325607,673957,42A PRINCES STREET
325602,673956,5371,clothing accessories,Accessorize,Class 1,EH2 2BY,325602,673956,44 PRINCES STREET
325593,673953,5372,ladies clothing,Monsoon,Class 1,EH2 2BY,325593,673953,45-46 PRINCES STREET
325535,673937,5373,department store - food hall,Jenners (House of Fraser),Class 1,EH2 2DF,325535,673937,47-52 PRINCES STREET
325553,673942,5374,department store - mixed durable goods,Jenners (House of Fraser),Class 1,EH2 2DF,325553,673942,47-52 PRINCES STREET
325539,673994,5375,department store - restaurant,Jenners (House of Fraser),Class 3,EH2 2DF,325539,673994,47-52 PRINCES STREET
325500,673928,5376,ladies lingerie,Marks & Spencer,Class 1,EH2 2DF,325500,673928,54-60 PRINCES STREET
325494,673926,5377,department store - mixed durable goods,Marks & Spencer,Class 1,EH2 2DF,325494,673926,54-60 PRINCES STREET
325487,673924,5378,department store - food hall,Marks & Spencer,Class 1,EH2 2DF,325487,673924,54-60 PRINCES STREET
325468,673917,5379,clothing,Romanes & Paterson (Edinburgh Woollen Mill),Class 1,EH2 2DF,325468,673917,62(01) PRINCES STREET
325460,673915,5380,books,Bookworld,Class 1,EH2 2DF,325460,673915,63 PRINCES STREET
325438,673909,5381,department store - mixed durable goods,British Home Stores (BHS),Class 1,EH2 2DJ,325438,673909,64 PRINCES STREET
325448,673912,5382,department store - restaurant,British Home Stores (BHS),Class 3,EH2 2DJ,325448,673912,64 PRINCES STREET
325423,673903,5383,souvenirs,Great Scot,Class 1,EH2 2DF,325423,673903,70 PRINCES STREET
325416,673901,5384,mobile phones,O2,Class 1,EH2 2DF,325416,673901,72-73 PRINCES STREET
325409,673899,5385,mobile phones,3 Store,Class 1,EH2 2DF,325409,673899,74-75 PRINCES STREET
325400,673896,5386,mobile phones,3 Store,Class 1,EH2 2DF,325400,673896,76 PRINCES STREET
325394,673895,5387,jeweller,Fraser Hart,Class 1,EH2 2DF,325394,673895,77 PRINCES STREET
325361,673886,5388,jeweller,Ernest Jones,Class 1,EH2 2ER,325361,673886,78 PRINCES STREET
325354,673884,5389,vacant,vacant,Vacant,EH2 2ER,325354,673884,79 PRINCES STREET
325345,673885,5390,restaurant,YO! SUSHI,Class 3,EH2 2ER,325345,673885,79(1F) PRINCES STREET
325347,673882,5391,shoes & footwear,Office Shoes,Class 1,EH2 2ER,325347,673882,79A PRINCES STREET
325338,673880,5392,greeting cards,Scribbler,Class 1,EH2 2ER,325338,673880,80 PRINCES STREET
325327,673877,5393,shoes & footwear,Clarks,Class 1,EH2 2ER,325327,673877,81 PRINCES STREET
325322,673875,5394,chemist,Superdrug,Class 1,EH2 2ER,325322,673875,81A-82 PRINCES STREET
325311,673872,5395,general clothing,GAP,Class 1,EH2 2ER,325311,673872,84-84A PRINCES STREET
325297,673868,5396,ladies clothing,H & M (Hennes & Mauritz),Class 1,EH2 2ER,325297,673868,85 PRINCES STREET
325273,673859,5397,sports footwear (trainers etc),Foot Locker,Class 1,EH2 2ER,325273,673859,87 PRINCES STREET
325266,673857,5398,mobile phones,Carphone Warehouse,Class 1,EH2 2ER,325266,673857,88 PRINCES STREET
325261,673856,5399,lingerie,Ann Summers,Class 1,EH2 2ER,325261,673856,89 PRINCES STREET
325259,673855,5400,vacant,vacant,Vacant,EH2 2ER,325259,673855,90(GF) PRINCES STREET
325257,673855,5401,cosmetics & toiletries,The Body Shop,Class 1,EH2 2ER,325257,673855,90A PRINCES STREET
325243,673851,5402,clothing,Primark,Class 1,EH2 2ER,325243,673851,91-93 PRINCES STREET
325228,673846,5403,mobile phones,EE,Class 1,EH2 2ER,325228,673846,94 PRINCES STREET
325222,673845,5404,Highland wear,Hector Russell,Class 1,EH2 2ER,325222,673845,95-96 PRINCES STREET
325219,673844,5405,vacant,vacant,Vacant,EH2 2ER,325219,673844,(96A) PRINCES STREET
325209,673841,5406,general clothing,USC,Class 1,EH2 2ER,325209,673841,97-98 PRINCES STREET
325173,673831,5407,ladies clothing,All Saints,Class 1,EH2 3AA,325173,673831,99 PRINCES STREET
325164,673829,5408,watches,Swatch,Class 1,EH2 3AA,325164,673829,99A PRINCES STREET
325157,673827,5409,jewellers,Thomas Sabo,Class 1,EH2 3AA,325157,673827,99B PRINCES STREET
325149,673824,5410,jeweller,Swarovski,Class 1,EH2 3AA,325149,673824,100A PRINCES STREET
325133,673819,5411,mixed durable goods,Boots,Class 1,EH2 3AA,325133,673819,101-103 PRINCES STREET
325115,673814,5412,ladies clothing,Zara,Class 1,EH2 3AA,325115,673814,104-106 PRINCES STREET
325102,673810,5413,shoes & footwear,Russell & Bromley,Class 1,EH2 3AA,325102,673810,106 PRINCES STREET
325086,673806,5414,ladies & mens clothing,Next,Class 1,EH2 3AA,325086,673806,107 PRINCES STREET
325059,673798,5415,clothing,Levi Strauss,Class 1,EH2 3AA,325059,673798,109 PRINCES STREET
325044,673794,5416,department store - mixed durable goods,Debenhams,Class 1,EH2 3AA,325044,673794,110 PRINCES STREET
325050,673795,5417,restaurant,Debenhams,Class 3,EH2 3AA,325050,673795,110 PRINCES STREET
325037,673792,5418,ladies clothing,River Island,Class 1,EH2 3AA,325037,673792,111 PRINCES STREET
325023,673788,5419,footwear,hotter comfort concept,Class 1,EH2 3AA,325023,673788,113 PRINCES STREET
325019,673787,5420,cookies,Ben's Cookies,Class 1,EH2 3AA,325019,673787,114 PRINCES STREET
325014,673785,5421,beauty products,Lush Spa,Class 1,EH2 3AA,325014,673785,115 PRINCES STREET
325009,673784,5422,prefume,Perfume Shop,Class 1,EH2 3AA,325009,673784,116 PRINCES STREET
325003,673782,5423,mobile phones,Vodafone,Class 1,EH2 3AA,325003,673782,117 PRINCES STREET
324970,673773,5424,bank,HSBC,Class 2,EH2 4AA,324970,673773,118 PRINCES STREET
324953,673767,5425,toys & crafts,Build a Bear,Class 1,EH2 4AA,324953,673767,119 PRINCES STREET
324947,673766,5426,vacant,vacant,Vacant,EH2 4AA,324947,673766,119A PRINCES STREET
324932,673761,5427,caf‚ / coffee shop,Starbucks,Class 3,EH2 4AD,324932,673761,120B PRINCES STREET
324937,673763,5428,caf‚ / coffee shop,Starbucks,Class 3,EH2 4AD,324937,673763,120B(GF) PRINCES STREET
324941,673764,5429,electrical goods,Currys Digital,Class 1,EH2 4AD,324941,673764,120-120A PRINCES STREET
324911,673760,5430,clothing,New Look,Class 1,EH2 4AD,324911,673760,122-123 PRINCES STREET
324894,673750,5431,clothing,Urban Outfitters,Class 1,EH2 4AD,324894,673750,124 PRINCES STREET
324880,673746,5432,outdoor clothing,Mountain Warehouse,Class 1,EH2 4AD,324880,673746,126 PRINCES STREET
324883,673747,5433,footwear,Vans,Class 1,EH2 4AD,324883,673747,127 PRINCES STREET
324865,673742,5434,books,Waterstones,Class 1,EH2 4AD,324865,673742,128 PRINCES STREET
324852,673738,5435,"home entertainment (records, tapes, cds etc.)",HMV,Class 1,EH2 4AH,324852,673738,129 PRINCES STREET
324838,673734,5436,BANK,Halifax,Class 2,EH2 4AH,324838,673734,131 PRINCES STREET
324824,673730,5437,mobile phones,EE,Class 1,EH2 4AH,324824,673730,133 PRINCES STREET
324818,673729,5438,mobile phones,Carphone Warehouse,Class 1,EH2 4AH,324818,673729,134 PRINCES STREET
324806,673724,5439,mobile phones,3 Store,Class 1,EH2 4AH,324806,673724,134A PRINCES STREET
324772,673718,5440,mobile phones,O2,Class 1,EH2 4BL,324772,673718,135 PRINCES STREET
324761,673715,5441,bank,Santander,Class 2,EH2 4BL,324761,673715,135A-136 PRINCES STREET
324749,673711,5442,restaurant & hot food take-away,McDonalds,Class 3,EH2 4BL,324749,673711,137 PRINCES STREET
324741,673709,5443,ladies & mens clothing,Edinburgh Woollen Mill,Class 1,EH2 4BL,324741,673709,139(01) PRINCES STREET
324734,673707,5444,souvenirs,Pride of Scotland,Class 1,EH2 4BL,324734,673707,139(05) PRINCES STREET
324727,673705,5445,supermarket,Tesco Express,Class 1,EH2 4BL,324727,673705,141 PRINCES STREET
324713,673701,5446,bank,Royal Bank of Scotland,Class 2,EH2 4EQ,324713,673701,142-144 PRINCES STREET
324699,673698,5447,department store - mixed durable goods,Frasers (House of Fraser),Class 1,EH2 4BL,324699,673698,146 PRINCES STREET
330606,674196,5448,amusement arcade,Nobles Amusements,Class 11,EH15 1HH,330606,674196,8(05) PROMENADE
330727,674112,5449,hot food take-away,Porto Cafe / Traditional Fish & Chips,SUI GENERIS,EH15 1HH,330727,674112,25-25A PROMENADE
331389,673595,5450,public house,Dalriada Bar,SUI GENERIS,EH15 2EL,331389,673595,77 PROMENADE
320565,675405,5451,shoe repairs,Timpson,Class 1,EH4 5BX,320565,675405,51 QUALITY STREET
320564,675410,5452,hairdresser,Granger,Class 1,EH4 5BX,320564,675410,53 QUALITY STREET
320563,675415,5453,caf‚,Village Caf‚,Class 3,EH4 5BX,320563,675415,55 QUALITY STREET
320582,675404,5454,vacant,vacant,Vacant,EH4 5BU,320582,675404,20 QUALITY STREET LANE
327115,676298,5455,vacant,vacant,Vacant,EH6 6BA,327115,676298,5 QUEEN CHARLOTTE STREET
327120,676296,5456,vacant,vacant,Vacant,EH6 6BA,327120,676296,9 QUEEN CHARLOTTE STREET
327125,676294,5457,vacant,vacant,Vacant,EH6 6BA,327125,676294,11 QUEEN CHARLOTTE STREET
327128,676292,5458,vacant,vacant,Vacant,EH6 6BA,327128,676292,13 QUEEN CHARLOTTE STREET
327140,676288,5459,osteopath,Soma Osteopathy,Class 2,EH6 6BA,327140,676288,19-21 QUEEN CHARLOTTE STREET
327192,676229,5460,cafe,The Hideout,Class 3,EH6 6AT,327192,676229,40-42 QUEEN CHARLOTTE STREET
327213,676222,5461,public house,Compass,SUI GENERIS,EH6 7EX,327213,676222,44 QUEEN CHARLOTTE STREET
327223,676216,5462,restaurant,Credo,Class 3,EH6 7EX,327223,676216,46 QUEEN CHARLOTTE STREET
327238,676214,5463,hot food take-away,Rumbletums,SUI GENERIS,EH6 7EX,327238,676214,52 QUEEN CHARLOTTE STREET
327238,676214,5464,chiropractor,Leith Chiropractic Clinic,Class 2,EH6 7EX,327238,676214,56 QUEEN CHARLOTTE STREET
327284,676202,5465,vacant,vacant,Vacant,EH6 7ET,327284,676202,58-66 QUEEN CHARLOTTE STREET
325326,674185,5466,"clothing alterations, tailoring",City Alterations & Professional Tailoring,Class 1,EH2 1JE,325326,674185,16A QUEEN STREET
325282,674176,5467,optician,20/20 Opticians,Class 1,EH2 1JX,325282,674176,17 QUEEN STREET
325114,674129,5468,pawnbroker,Duncanson & Edwards Pawnbrokers,Class 2,EH2 1JX,325114,674129,38 QUEEN STREET
325077,674111,5469,gifts for men,The Brotique,Class 1,EH2 3NH,325077,674111,39 QUEEN STREET
325077,674111,5470,wine bar,Lucky Liquor Company,SUI GENERIS,EH2 3NH,325077,674111,39A QUEEN STREET
325047,674109,5471,health & beauty,The Bannantyne Spa,Class 1,EH2 3NH,325047,674109,43(A) QUEEN STREET
325038,674106,5472,"lighting, homeware",Ottimo,Class 1,EH2 3NL,325038,674106,44(GF) QUEEN STREET
324923,674073,5473,restaurant,Mark Greenaway,Class 3,EH2 3NS,324923,674073,59 QUEEN STREET
324889,674064,5474,estate agent,Murray & Currie,Class 2,EH2 4NA,324889,674064,60 QUEEN STREET
324868,674050,5475,vacant,VACANT,Vacant,EH2 4NA,324868,674050,61-61A QUEEN STREET
324875,674058,5476,letting agent,The Flat Company,Class 4,EH2 4NA,324875,674058,61A QUEEN STREET
324867,674056,5477,clothing,Stewart Christie & Co. Ltd.,Class 1,EH2 4NA,324867,674056,63-63A QUEEN STREET
324742,674022,5478,n/t/c,Sweet Service Newsagent,Class 1,EH2 4NF,324742,674022,78(GF) QUEEN STREET
324738,674019,5479,hairdresser (gents),HIM,Class 1,EH2 4NF,324738,674019,78A QUEEN STREET
324735,674013,5480,cocktail bar,Panda & Sons,SUI GENERIS,EH2 4NF,324735,674013,79(BF) QUEEN STREET
324727,674011,5481,estate agent,Knight Frank,Class 2,EH2 4NF,324727,674011,80 QUEEN STREET
319211,674888,5482,wine merchant,Majestic Wine,Class 1,EH4 7QD,319211,674888,505 QUEENSFERRY ROAD
319204,674888,5483,Baker,Bayne,Class 1,EH4 7QD,319204,674888,507 QUEENSFERRY ROAD
319195,674886,5484,chemist,Omnicare Pharmacy,Class 1,EH4 7QD,319195,674886,509 QUEENSFERRY ROAD
319189,674885,5485,travel agent,Barrhead Travel Service,Class 2,EH4 7QD,319189,674885,511 QUEENSFERRY ROAD
319180,674883,5486,restaurant,Tony Macaroni,Class 3,EH4 7QD,319180,674883,513 QUEENSFERRY ROAD
317953,675245,5487,small supermarket,Tesco Express,Class 1,EH4 7QD,317953,675245,503 QUEENSFERRY ROAD
324555,673767,5488,n/a,n/a,UNKNOWN USE, ,324555,673767, 
322373,674451,5489,corporate art consultants,Buro Art,Class 4,EH4 2BG,322373,674451,132 QUEENSFERRY ROAD
322369,674452,5490,architects,Urban Creatures,Class 4,EH4 2BG,322369,674452,134 QUEENSFERRY ROAD
322362,674453,5491,design & build,Ballina Construction,Class 4,EH4 2BG,322362,674453,136 QUEENSFERRY ROAD
322357,674453,5492,undertakers,W.T. Dunbar & Sons,Class 1,EH4 2BG,322357,674453,138 QUEENSFERRY ROAD
322264,674468,5493,advertising services,Baillie Designs,Class 4,EH4 2BW,322264,674468,184-186 QUEENSFERRY ROAD
322253,674469,5494,charity fundraising consultants,Winning Leishman,Class 4,EH4 2BW,322253,674469,190 QUEENSFERRY ROAD
322207,674475,5495,wheels and tyres,Farmers Tyres & Wheels,Class 1,EH4 2BN,322207,674475,192 QUEENSFERRY ROAD
322165,674489,5496,beauty salon,Beautique,Class 1,EH4 2BN,322165,674489,202 QUEENSFERRY ROAD
322093,674540,5497,clothing,Aitken & Niven,Class 1,EH4 2BP,322093,674540,232-234 QUEENSFERRY ROAD
322085,674546,5498,optician,Optometry,Class 1,EH4 2BP,322085,674546,238 QUEENSFERRY ROAD
322080,674549,5499,chiropractor,Discover Chiropractic,Class 2,EH4 2BP,322080,674549,240 QUEENSFERRY ROAD
322076,674552,5500,structural engineers,Fergus Gilles Associates,Class 4,EH4 2BP,322076,674552,240A QUEENSFERRY ROAD
322071,674556,5501,architects,The Morrison Partnership,Class 4,EH4 2BP,322071,674556,242 QUEENSFERRY ROAD
322067,674559,5502,hot food take-away (Chinese),Sky Garden,SUI GENERIS,EH4 2BP,322067,674559,246 QUEENSFERRY ROAD
322063,674562,5503,construction,Bruce Collie,Class 4,EH4 2BP,322063,674562,248 QUEENSFERRY ROAD
318544,674993,5504,bank,Bank of Scotland,Class 2,EH4 6AT,318544,674993,564 QUEENSFERRY ROAD
324619,673683,5505,public house,Mather's Bar,SUI GENERIS,EH2 4PA,324619,673683,1 QUEENSFERRY STREET
324611,673688,5506,betting shop,Scotbet,Class 2,EH2 4PA,324611,673688,2 QUEENSFERRY STREET
324603,673695,5507,wine merchant,Oddbins,Class 1,EH2 4PA,324603,673695,5 QUEENSFERRY STREET
324597,673699,5508,cakes shop,Patisserie Maxine,Class 1,EH2 4PA,324597,673699,6 QUEENSFERRY STREET
324592,673703,5509,restaurant (gourmet burgers),Wannaburger,Class 3,EH2 4PA,324592,673703,7-8 QUEENSFERRY STREET
324581,673714,5510,travel agent,Thomson,Class 1,EH2 4PG,324581,673714,10 QUEENSFERRY STREET
324578,673717,5511,restaurant (Chinese),Rendezvous Peking Cuisine,Class 3,EH2 4PG,324578,673717,10A(1F1) QUEENSFERRY STREET
324574,673721,5512,vacant,vacant,Vacant,EH2 4PG,324574,673721,10B QUEENSFERRY STREET
324571,673723,5513,optician,McGrath,Class 1,EH2 4PG,324571,673723,11 QUEENSFERRY STREET
324567,673727,5514,baker,Greggs,Class 1,EH2 4PG,324567,673727,12 QUEENSFERRY STREET
324564,673729,5515,travel agent,Flight Centre,Class 1,EH2 4PG,324564,673729,13 QUEENSFERRY STREET
324560,673732,5516,cafe,Cafe Panino,Class 3,EH2 4PG,324560,673732,14 QUEENSFERRY STREET
324542,673749,5517,antiques,Goodwins,Class 1,EH2 4QW,324542,673749,15-16 QUEENSFERRY STREET
324538,673752,5518,restaurant,L'escargot Blanc,Class 3,EH2 4QW,324538,673752,17 QUEENSFERRY STREET
324534,673755,5519,restaurant,L'escargot Blanc,Class 3,EH2 4QW,324534,673755,17A QUEENSFERRY STREET
324528,673759,5520,hairdresser,Belle Eve,Class 1,EH2 4QW,324528,673759,19 QUEENSFERRY STREET
324525,673761,5521,hairdresser,James Alexander,Class 1,EH2 4QW,324525,673761,19A QUEENSFERRY STREET
324522,673763,5522,sports footwear,Run and Become,Class 1,EH2 4QW,324522,673763,20 QUEENSFERRY STREET
324518,673767,5523,estate agent,Boyd,Class 2,EH2 4QW,324518,673767,21-22 QUEENSFERRY STREET
324525,673793,5524,barbers,Ruffians,Class 1,EH2 4QS,324525,673793,23 QUEENSFERRY STREET
324530,673788,5525,hairdresser,City Barbers,Class 1,EH2 4QS,324530,673788,24 QUEENSFERRY STREET
324541,673779,5526,shoe repairs / key cutting / watch repairs / nameplates / engraving etc.,Timpson,Class 1,EH2 4QS,324541,673779,26 QUEENSFERRY STREET
324537,673783,5527,grocer,Best One,Class 1,EH2 4QS,324537,673783,27 QUEENSFERRY STREET
324552,673769,5528,takeaway food,Daneli's Deli,Class 1,EH2 4QS,324552,673769,28 QUEENSFERRY STREET
324550,673772,5529,publishing,Big Issue,Class 4,EH2 4QS,324550,673772,31 QUEENSFERRY STREET
324547,673775,5530,baker,Soderberg Bakry,Class 1,EH2 4QS,324547,673775,31A QUEENSFERRY STREET
324562,673763,5531,restaurant,Pizza Express,Class 3,EH2 4QS,324562,673763,32 QUEENSFERRY STREET
324569,673756,5532,financial services,Wright Financial Consultancy,Class 2,EH2 4QS,324569,673756,33(1F) QUEENSFERRY STREET
324566,673759,5533,bureau de change,Currency Exchange,Class 2,EH2 4QS,324566,673759,34-35 QUEENSFERRY STREET
324577,673749,5534,cafe,Affogato,Class 3,EH2 4QS,324577,673749,36 QUEENSFERRY STREET
324573,673753,5535,jeweller,James Ness & Son,Class 1,EH2 4QY,324573,673753,38 QUEENSFERRY STREET
324581,673746,5536,sandwich & coffee bar,Pinocchio,Class 1,EH2 4QS,324581,673746,39 QUEENSFERRY STREET
324595,673744,5537,restaurant,chimichanga,Class 3,EH2 4RA,324595,673744,39A-40A QUEENSFERRY STREET
324599,673732,5538,hot food takeaway,Quattro Zero,SUI GENERIS,EH2 4RA,324599,673732,40 QUEENSFERRY STREET
324603,673727,5539,restaurant,Quattro Zero,Class 3, ,324603,673727, 
324607,673724,5540,restaurant,Zizzi,Class 3,EH2 4RA,324607,673724,42-45 QUEENSFERRY STREET
324584,673695,5541,night club,Castle Club,SUI GENERIS, ,324584,673695, 
324531,674632,5542,restaurant,Buffalo Grill (chargrill restaurant),Class 3,EH4 1HU,324531,674632,1-3 RAEBURN PLACE
324527,674637,5543,"children's clothing, toys & books",Bliss,Class 1,EH4 1HU,324527,674637,5 RAEBURN PLACE
324524,674638,5544,hairdresser (ladies),Capelli hair Design,Class 1,EH4 1HU,324524,674638,7 RAEBURN PLACE
324516,674639,5545,optician,Chetty & Das,Class 1,EH4 1HU,324516,674639,9A-11 RAEBURN PLACE
324505,674642,5546,vacant,vacant,Vacant,EH4 1HU,324505,674642,13-13A RAEBURN PLACE
324497,674643,5547,hot food take-away,Dominos Pizza,SUI GENERIS,EH4 1HU,324497,674643,17-17A RAEBURN PLACE
324486,674644,5548,sandwich shop,Subway,Class 1,EH4 1HU,324486,674644,21 RAEBURN PLACE
324481,674645,5549,shoe repairs / key cutting / watch repairs / nameplates / engraving etc.,Timpson,Class 1,EH4 1HU,324481,674645,23 RAEBURN PLACE
324478,674645,5550,charity shop (books),Oxfam,Class 1,EH4 1HU,324478,674645,25 RAEBURN PLACE
324471,674646,5551,baker,Greggs,Class 1,EH4 1HU,324471,674646,27A RAEBURN PLACE
324468,674647,5552,patisserie and caf‚,Madeleine Patisserie,Vacant,EH4 1HU,324468,674647,27B RAEBURN PLACE
324462,674648,5553,betting shop,William Hill,Class 2,EH4 1HU,324462,674648,29 RAEBURN PLACE
324454,674651,5554,Furnishings hire and sales/interiors,Gir Co,Class 1,EH4 1HX,324454,674651,31 RAEBURN PLACE
324445,674652,5555,caf‚ & delicatessen,Maxi's,Class 3,EH4 1HX,324445,674652,33 RAEBURN PLACE
324436,674653,5556,charity shop,British Heart Foundation,Class 1,EH4 1HX,324436,674653,35A-39 RAEBURN PLACE
324420,674656,5557,stationery,The Write Stuff,Class 1,EH4 1HX,324420,674656,43 RAEBURN PLACE
324415,674657,5558,hot food take-away (Indian),Shanas,SUI GENERIS,EH4 1HX,324415,674657,45 RAEBURN PLACE
324410,674658,5559,hairdresser (ladies),Kim McGregor,Class 1,EH4 1HX,324410,674658,49 RAEBURN PLACE
324405,674659,5560,gifts,Daisy Cheynes,Class 1,EH4 1HX,324405,674659,51 RAEBURN PLACE
324400,674659,5561,hot food take-away,Street Box,SUI GENERIS,EH4 1HX,324400,674659,53 RAEBURN PLACE
324396,674660,5562,teahouse,Pekotea,Class 3,EH4 1HX,324396,674660,55 RAEBURN PLACE
324391,674661,5563,"laundrette, dry cleaner & ironing service",Raeburn Laundrette & Dry Cleaning,Class 1,EH4 1HX,324391,674661,59 RAEBURN PLACE
324379,674663,5564,vacant,vacant,Vacant,EH4 1JF,324379,674663,63 RAEBURN PLACE
324375,674663,5565,tailoring & curtain making,Orange Seamstress,Class 1,EH4 1JF,324375,674663,65 RAEBURN PLACE
324372,674664,5566,"travel agent (specialist Italian cooking, painting & pilates holidays)",Flavours Holidays,Class 1,EH4 1JF,324372,674664,67A-69 RAEBURN PLACE
324350,674668,5567,charity shop,Chest Heart and Stroke Scotland,Class 1,EH4 1JG,324350,674668,71-73 RAEBURN PLACE
324345,674669,5568,"butcher, poulterer & game dealer",George Bower,Class 1,EH4 1JG,324345,674669,75 RAEBURN PLACE
324340,674669,5569,hairdresser (gents),Rock Paper Scissors,Class 1,EH4 1JG,324340,674669,77 RAEBURN PLACE
324552,674653,5570,public house,The Stockbridge Tap,SUI GENERIS,EH4 1HN,324552,674653,2-6 RAEBURN PLACE
324546,674655,5571,public house,St. Bernard's Bar,SUI GENERIS,EH4 1HN,324546,674655,10 RAEBURN PLACE
324539,674658,5572,vacant,vacant,Vacant,EH4 1HN,324539,674658,12 RAEBURN PLACE
324531,674660,5573,solicitors & estate agents,Russel & Aitken,Class 2,EH4 1HN,324531,674660,16 RAEBURN PLACE
324525,674661,5574,jeweller,Annie Smith,Class 1,EH4 1HN,324525,674661,20 RAEBURN PLACE
324520,674662,5575,"jewellery, paintings & photographs",Lucie Fenton Gallery,Class 1,EH4 1HN,324520,674662,20A RAEBURN PLACE
324512,674663,5576,computer repair,simplyfixit,Class 1,EH4 1HN,324512,674663,22 RAEBURN PLACE
324508,674664,5577,blinds,Abacus Blinds and Curtains,Class 1,EH4 1HN,324508,674664,22A RAEBURN PLACE
324504,674664,5578,ladies & mens tailoring (made-to-measure),Sergio Tosarati Couture & Tailors,Class 1,EH4 1HN,324504,674664,26 RAEBURN PLACE
324499,674665,5579,hairdresser (gents),O.A. Goll,Class 1,EH4 1HN,324499,674665,28 RAEBURN PLACE
324494,674666,5580,artists supplies,Henderson Art Shop,Class 1,EH4 1HN,324494,674666,28A RAEBURN PLACE
324491,674666,5581,florist,Banks Florists,Class 1,EH4 1HN,324491,674666,30A RAEBURN PLACE
324487,674667,5582,candles,Geluja,Class 1,EH4 1HN,324487,674667,30B RAEBURN PLACE
324483,674668,5583,charity shop,Cancer Research UK,Class 1,EH4 1HN,324483,674668,30D RAEBURN PLACE
324470,674670,5584,charity shop,Mary's Living & Giving Shop,Class 1,EH4 1HN,324470,674670,34A RAEBURN PLACE
324456,674676,5585,supermarket,Scotmid Co-operative,Class 1,EH4 1HN,324456,674676,36-38 RAEBURN PLACE
324429,674676,5586,charity shop,British Red Cross,Class 1,EH4 1HL,324429,674676,44(01) RAEBURN PLACE
324410,674680,5587,"delicatessen, wine merchant & caf‚",Henri,Class 1,EH4 1HL,324410,674680,48 RAEBURN PLACE
324404,674681,5588,coffee shop,Costa,Class 3,EH4 1HL,324404,674681,52-54 RAEBURN PLACE
324395,674682,5589,"household goods, furnishings",Caoba,Class 1,EH4 1HJ,324395,674682,56 RAEBURN PLACE
324391,674683,5590,beauty parlour,wo:mankind,Class 1,EH4 1HJ,324391,674683,58 RAEBURN PLACE
324387,674683,5591,hardware,Corson Hardware,Class 1,EH4 1HJ,324387,674683,62 RAEBURN PLACE
324381,674684,5592,charity shop (music),Oxfam,Class 1,EH4 1HJ,324381,674684,64 RAEBURN PLACE
324376,674685,5593,delicatessen,Herbie,Class 1,EH4 1HJ,324376,674685,66 RAEBURN PLACE
324379,674693,5594,grocer/convenience store,Costcutter,Class 1,EH4 1HJ,324379,674693,70 RAEBURN PLACE
324365,674694,5595,post office,Post Office,Class 1,EH4 1HJ,324365,674694,72 RAEBURN PLACE
324365,674687,5596,hot food take-away (Chinese),Food Village,SUI GENERIS,EH4 1HJ,324365,674687,74 RAEBURN PLACE
324361,674688,5597,jewellery & gifts,Gifted,Class 1,EH4 1HJ,324361,674688,78 RAEBURN PLACE
324356,674688,5598,fishmonger,G. Armstrong,Class 1,EH4 1HH,324356,674688,80 RAEBURN PLACE
324351,674689,5599,veterinary surgery,Abercorn Veterinary Clinics (J. & S. Penman),Class 2, ,324351,674689, 
324347,674690,5600,baker,Goodfellow & Steven,Class 1,EH4 1HH,324347,674690,86 RAEBURN PLACE
324339,674691,5601,soft furnishings,James Wilson Interiors,Class 1,EH4 1HH,324339,674691,88-92 RAEBURN PLACE
324332,674692,5602,travel agent,Jimmy Martin,Class 1,EH4 1HH,324332,674692,94 RAEBURN PLACE
324329,674692,5603,caf‚,Caf‚ Plum,Class 3,EH4 1HH,324329,674692,96 RAEBURN PLACE
324326,674693,5604,"soft furnishings (throws, cushions & pashminas)",Calzeat Home,Class 1,EH4 1HH,324326,674693,98 RAEBURN PLACE
324323,674693,5605,hairdresser (gents),Moda Barbers,Class 1,EH4 1HH,324323,674693,100 RAEBURN PLACE
324320,674694,5606,caf‚ and florist,The Edinburgh Flower Company,Class 3,EH4 1HH,324320,674694,100A RAEBURN PLACE
324303,674699,5607,charity shop,Shelter,Class 1,EH4 1HH,324303,674699,104 RAEBURN PLACE
324291,674701,5608,charity shop (books),Shelter,Class 1,EH4 1HH,324291,674701,106A RAEBURN PLACE
324286,674701,5609,dry cleaner,New Town Executive Dry Cleaners & Launderers,Class 1,EH4 1HH,324286,674701,106B RAEBURN PLACE
324280,674702,5610,wine bar and kitchen,Rollo,Class 3,EH4 1HH,324280,674702,108 RAEBURN PLACE
324276,674703,5611,restaurant,Pizza Hut,Class 3,EH4 1HH,324276,674703,110 RAEBURN PLACE
324535,673824,5612,public house,Harry's Bar,SUI GENERIS,EH3 7TE,324535,673824,7A RANDOLPH PLACE
324547,673826,5613,restaurant (French),La Petite Folle,Class 3,EH3 7TE,324547,673826,9(GF) RANDOLPH PLACE
324563,673803,5614,public house,SYGN,SUI GENERIS, ,324563,673803, 
324547,673798,5615,advertising agency,Whitespace,Class 4,EH3 7TA,324547,673798,12(GF)-12A RANDOLPH PLACE
324538,673796,5616,kitchens,Craighead & Woolf,Class 1,EH3 7TA,324538,673796,13 RANDOLPH PLACE
319827,674325,5617,betting shop,Scotbet,Class 2,EH4 7EG,319827,674325,7 RANNOCH ROAD
319833,674301,5618,public house,Clermiston Inn,SUI GENERIS,EH4 7EG,319833,674301,7 RANNOCH ROAD
319790,674284,5619,grocer / convenience store,Scotmid,Class 1,EH4 7ER,319790,674284,1 RANNOCH TERRACE
326450,671932,5620,public house,Swany's Lounge Bar,SUI GENERIS,EH9 1SX,326450,671932,1 RATCLIFFE TERRACE
326454,671925,5621,sandwich bar,Layzee Latte,Class 1,EH9 1SX,326454,671925,3 RATCLIFFE TERRACE
326456,671919,5622,hot food take-away (fish & chips etc),Tony's Fish Bar,SUI GENERIS,EH9 1SX,326456,671919,7 RATCLIFFE TERRACE
326459,671914,5623,"paints, wallpapers & decorating supplies",Caledonian Paint Company,Class 2,EH9 1SX,326459,671914,9 RATCLIFFE TERRACE
326462,671909,5624,"paints, wallpapers & decorating supplies",Caledonian Paint Company,Class 1,EH9 1SX,326462,671909,13 RATCLIFFE TERRACE
326524,671852,5625,grocers and caf‚,Earthy Food Market,Class 1,EH9 1SX,326524,671852,33-41 RATCLIFFE TERRACE
326491,671847,5626,betting shop,Scotbet,Class 2,EH9 1SU,326491,671847,43 RATCLIFFE TERRACE
326496,671837,5627,public house,John Leslie Wine & Spirit Merchants,SUI GENERIS,EH9 1SU,326496,671837,45-47 RATCLIFFE TERRACE
326500,671829,5628,office equipement,Welgo Office Equipement Ltd/ Brother business Centre,Class 4,EH9 1SU,326500,671829,51 RATCLIFFE TERRACE
326504,671822,5629,vacant,vacant,Vacant,EH9 1SU,326504,671822,55 RATCLIFFE TERRACE
326508,671813,5630,Dentist,Dentist,Class 2, ,326508,671813, 
326518,671794,5631,property developers,Seaforth Properties,Class 4,EH9 1SU,326518,671794,67 RATCLIFFE TERRACE
326426,671904,5632,petrol filling station & shop,BP,Class 1,EH49 1SS,326426,671904,2-26 RATCLIFFE TERRACE
326464,671852,5633,grocer (lic.),Sadiq Stores,Class 1,EH9 1SS,326464,671852,42 RATCLIFFE TERRACE
326478,671821,5634,restaurant (Chinese),Kwok Brasserie,Class 3,EH9 1ST,326478,671821,44 RATCLIFFE TERRACE
326480,671816,5635,Chinese supermarket,Chinese Supermarket,Class 1,EH9 1ST,326480,671816,46(GF)-48 RATCLIFFE TERRACE
326482,671812,5636,Chinese supermarket,Hua Sing Ltd.,Class 1,EH9 1ST,326482,671812,50-52 RATCLIFFE TERRACE
326484,671808,5637,office,n/a,Class 4,EH9 1TJ,326484,671808,54 RATCLIFFE TERRACE
326486,671804,5638,dental workshop,Cosmetic Dentures,Class 2,EH9 1ST,326486,671804,56 RATCLIFFE TERRACE
326489,671798,5639,hairdresser & beauty salon,Spirit,Class 1,EH9 1ST,326489,671798,58 RATCLIFFE TERRACE
326492,671793,5640,restaurant & hot food take-away (Chinese),Good Year,Class 3,EH9 1ST,326492,671793,62 RATCLIFFE TERRACE
326494,671787,5641,take-away food,La Croissanterie,Class 1,EH9 1ST,326494,671787,64 RATCLIFFE TERRACE
326497,671780,5642,Remedy massage and complemetary medicine clinic,Revitalise,Class 2,EH9 1ST,326497,671780,66 RATCLIFFE TERRACE
326498,671776,5643,chiropodist,Chiropody,Class 2,EH9 1ST,326498,671776,68 RATCLIFFE TERRACE
326500,671772,5644,Rose MacDonald,Seamstress,Class 2,EH9 1ST,326500,671772,72 RATCLIFFE TERRACE
326502,671768,5645,butcher,Mathieson,Class 1,EH9 1ST,326502,671768,74 RATCLIFFE TERRACE
326503,671763,5646,finanical advisers,Dow Financial Services,Class 2,EH9 1ST,326503,671763,76 RATCLIFFE TERRACE
326506,671759,5647,shoe repairs / key cutting / locksmiths,Shoe Repairs,Class 1,EH9 1ST,326506,671759,78 RATCLIFFE TERRACE
329321,668570,5648,vacant,vacant,Vacant,EH17 8QJ,329321,668570,1 RAVENSCROFT STREET
329270,668530,5649,vacant,vacant,Vacant,EH17 8QJ,329270,668530,17 RAVENSCROFT STREET
327009,676858,5650,vacant,vacant,Vacant,EH6 6QT,327009,676858,"1 RENNIE'S ISLE, ( VICTORIA QUAY )"
327712,675797,5651,chemist,Co-operative Pharmacy,Class 1,EH6 8BB,327712,675797,1 RESTALRIG ROAD
327715,675792,5652,social network,Tartan Footprint,Class 4,EH6 8BB,327715,675792,3 RESTALRIG ROAD
327721,675782,5653,public house,Links Tavern,SUI GENERIS,EH6 8BB,327721,675782,5-7 RESTALRIG ROAD
327725,675776,5654,electrician,Electrical Testing Services,Class 4,EH6 8BB,327725,675776,11-13 RESTALRIG ROAD
327732,675766,5655,betting shop,Lothian Racing,Class 2,EH6 8BB,327732,675766,19 RESTALRIG ROAD
327749,675737,5656,hot food take-away,The Rig,SUI GENERIS,EH6 8BB,327749,675737,29 RESTALRIG ROAD
327752,675731,5657,vacant,vacant,Vacant,EH6 8BD,327752,675731,31 RESTALRIG ROAD
327779,675671,5658,n/t/c,M. Paget,Class 1,EH6 8BE,327779,675671,51 RESTALRIG ROAD
327782,675664,5659,hairdressers,Buddha,Class 1,EH6 8BE,327782,675664,53 RESTALRIG ROAD
327798,675622,5660,grocer,McColls,Class 1,EH6 8BE,327798,675622,59-63 RESTALRIG ROAD
327896,675492,5661,hairdresser,Hair by Lydia,Class 1,EH6 7NY,327896,675492,95 RESTALRIG ROAD
327957,675391,5662,vacant,vacant,Vacant,EH7 6HN,327957,675391,135 RESTALRIG ROAD
327964,675375,5663,public house,The Tor,SUI GENERIS,EH7 6HN,327964,675375,137(1) RESTALRIG ROAD
327979,675348,5664,funeral directors,John McGillivray,Class 1,EH7 6HW,327979,675348,139-141 RESTALRIG ROAD
327985,675333,5665,betting shop,William Hill,Class 2,EH7 6HW,327985,675333,145-149 RESTALRIG ROAD
327988,675323,5666,hairdresser,Kerry's,Class 1,EH7 6HW,327988,675323,151 RESTALRIG ROAD
327992,675315,5667,grocer (inc. post office),Lochend Express,Class 1,EH7 6HW,327992,675315,155-157 RESTALRIG ROAD
327995,675308,5668,baker,Allan's Bakery,Class 1,EH7 6HW,327995,675308,161 RESTALRIG ROAD
328001,675293,5669,haidresser,Lochend Barber,Class 1,EH7 6HW,328001,675293,165 RESTALRIG ROAD
327685,675795,5670,bistro,Bijou,Class 3,EH6 8BN,327685,675795,2 RESTALRIG ROAD
328304,674608,5671,public house,Bunch of Roses,SUI GENERIS,EH7 6JD,328304,674608,"79 RESTALRIG ROAD, SOUTH"
328275,674643,5672,grocer (polish),Cracow Cottage,Class 1,EH7 6JD,328275,674643,"93 RESTALRIG ROAD, SOUTH"
328272,674647,5673,grocer (lic.),A.Q.Q.A. Stores,Class 1,EH7 6JD,328272,674647,"97 RESTALRIG ROAD, SOUTH"
328335,674417,5674,grocer,Restalrig Village Shop,Class 1,EH7 6LE,328335,674417,"40 RESTALRIG ROAD, SOUTH"
328330,674611,5675,sandwich shop,Caroline's Takeaway,Class 1,EH7 6JB,328330,674611,"80 RESTALRIG ROAD, SOUTH"
328297,674654,5676,n/t/c,J. Akthar & Sons,Class 1,EH7 6JB,328297,674654,"110 RESTALRIG ROAD, SOUTH"
328186,674862,5677,baker,GREGGS PLC,Class 1,EH7 6EH,328186,674862,"158 RESTALRIG ROAD, SOUTH"
328193,674856,5678,grocer / convenience store,Scotmid,Class 1,EH7 6EH,328193,674856,"160-162 RESTALRIG ROAD, SOUTH"
317449,669385,5679,hairdresser,Wendy Smith,Class 1,EH14 4AR,317449,669385,11 RICCARTON
317967,669658,5680,bank,Royal Bank of Scotland,Class 2,EH14 4AP,317967,669658,12 RICCARTON
317538,669267,5681,n/a,n/a,UNKNOWN USE, ,317538,669267, 
317538,669267,5682,grocer,n/a,Class 1,EH14 4AP,317538,669267,14 RICCARTON
318083,668532,5683,garden centre,Plantastic,Class 1,EH14 5NB,318083,668532,(81) RICCARTON MAINS ROAD
325377,675012,5684,betting shop,William Hill,Class 2,EH7 4EN,325377,675012,1 RODNEY STREET
325381,675010,5685,vacant,vacant,Vacant,EH7 4EN,325381,675010,5 RODNEY STREET
325388,675005,5686,cake shop,Joyce's Cake Shop,Class 1,EH7 4EN,325388,675005,7 RODNEY STREET
325391,675003,5687,vacant,vacant,Vacant,EH7 4EN,325391,675003,9 RODNEY STREET
325394,675001,5688,joiner,B & M Joiners,Class 4,EH7 4EN,325394,675001,13 RODNEY STREET
325399,674997,5689,joiners,B & M Joiners,Class 4,EH7 4EN,325399,674997,15 RODNEY STREET
325402,674995,5690,hairdresser,Hershaws,Class 1,EH7 4EN,325402,674995,17 RODNEY STREET
325405,674993,5691,tailors,Tailor Design,Class 1,EH7 4EN,325405,674993,21 RODNEY STREET
325408,674991,5692,chartered accountant,Gordon Mason,Class 4,EH7 4EN,325408,674991,23 RODNEY STREET
325385,675008,5693,florist,Fioritalia,Class 1,EH7 4EA,325385,675008,6 RODNEY STREET
325419,675027,5694,optician,David Crystal,Class 1,EH7 4EA,325419,675027,8 RODNEY STREET
325419,675024,5695,vacant,vacant,Vacant,EH7 4EA,325419,675024,10 RODNEY STREET
325421,675021,5696,marshmallows,The Marshmallow lady,Class 1,EH7 4EA,325421,675021,14 RODNEY STREET
325423,675012,5697,vacant,vacant,Vacant,EH7 4EA,325423,675012,16 RODNEY STREET
325425,675009,5698,barber,London 1,Class 1,EH7 4EA,325425,675009,18 RODNEY STREET
325427,675004,5699,restaurant (Chinese),Shangri-La,Class 3,EH7 4EA,325427,675004,22 RODNEY STREET
325433,675000,5700,off license,The Beer Hive,Class 1,EH7 4EA,325433,675000,24 RODNEY STREET
325443,674994,5701,bicycles,Edinburgh Bicycle Coooperative,Class 1,EH7 4EA,325443,674994,26-30 RODNEY STREET
325458,674983,5702,residential letting agency,Ravenstone Property,Class 2,EH7 4DX,325458,674983,32 RODNEY STREET
325462,674981,5703,fishmonger,Bruce Robertson,Class 1,EH7 4DX,325462,674981,34 RODNEY STREET
325465,674979,5704,vacant,vacant,Vacant,EH7 4DX,325465,674979,38 RODNEY STREET
325469,674977,5705,vacant,vacant,Vacant,EH7 4DX,325469,674977,40 RODNEY STREET
325472,674975,5706,Hairdresser (gents),Rodney St. Barbers,Class 1,EH7 4DX,325472,674975,42 RODNEY STREET
325476,674973,5707,chiropractor,chiropractor,Class 2,EH7 4DX,325476,674973,44 RODNEY STREET
325479,674971,5708,caf‚,Dicle Caf‚,Class 3,EH7 4DX,325479,674971,46 RODNEY STREET
325482,674969,5709,ski equipment & hire,Snow Sport,Class 1,EH7 4DX,325482,674969,50 RODNEY STREET
325485,674967,5710,hot food take-away,Celadon 2 U,SUI GENERIS,EH7 4DX,325485,674967,52 RODNEY STREET
325489,674965,5711,hot food take-away,Bodrum Express,SUI GENERIS,EH7 4DX,325489,674965,54 RODNEY STREET
325502,674005,5712,public house,Abbotsford,SUI GENERIS,EH2 2PR,325502,674005,3-5 ROSE STREET
325482,673999,5713,"home entertainment - records, cds, dvds, books",Fopp,Class 1,EH2 2PR,325482,673999,9-15 ROSE STREET
325430,673981,5714,baker,GREGGS PLC,Class 1,EH2 2PR,325430,673981,19A ROSE STREET
325420,673979,5715,outdoor equipment,NEVISPORT LTD,Class 1,EH2 2PR,325420,673979,19B ROSE STREET
325411,673976,5716,second hand goods,Entertainment Exchange,Class 1,EH2 2PR,325411,673976,19C ROSE STREET
325309,673949,5717,public house,Robertsons Bar,SUI GENERIS,EH2 2NH,325309,673949,37 ROSE STREET
325300,673950,5718,restaurant,Rosehip,Class 3,EH2 2NH,325300,673950,43 ROSE STREET
325286,673942,5719,public house,Black Rose Tarven,SUI GENERIS,EH2 2NH,325286,673942,49 ROSE STREET
325235,673927,5720,public house,Rose Street Brewery,SUI GENERIS,EH2 2NH,325235,673927,55 ROSE STREET
325225,673925,5721,restaurant,Mussel Inn,Class 3,EH2 2NH,325225,673925,61-65 ROSE STREET
325199,673918,5722,take-away food,Meze Meze,Class 1,EH2 2NH,325199,673918,71 ROSE STREET
325129,673898,5723,"clothing alterations, tailoring",Emily's Tailors,Class 1,EH2 3DT,325129,673898,79 ROSE STREET
325126,673897,5724,coffee shop,Latitude Coffee Company,Class 3,EH2 3DT,325126,673897,81 ROSE STREET
325114,673893,5725,baker,Greggs,Class 1,EH2 3DT,325114,673893,85-87 ROSE STREET
325107,673891,5726,kithen utensils,Creative Cookware,Class 1,EH2 3DT,325107,673891,89 ROSE STREET
325102,673890,5727,vacant,vacant,Vacant,EH2 3DT,325102,673890,93 ROSE STREET
325095,673888,5728,sandwich shop,Pig in a Poke,Class 1,EH2 3DT,325095,673888,95 ROSE STREET
325090,673887,5729,jeweller (silver jewellery),Palenque,Class 1,EH2 3DT,325090,673887,99 ROSE STREET
325084,673885,5730,binoculars & telescopes,Viking Opitical Centre,Class 1,EH2 3DT,325084,673885,101 ROSE STREET
325079,673884,5731,souvenirs,Tartan,Class 1,EH2 3DT,325079,673884,105 ROSE STREET
325072,673882,5732,shoes & footwear,Ecco,Class 1,EH2 3DT,325072,673882,107-109 ROSE STREET
325066,673880,5733,confectionery,Rock Candy,Class 1,EH2 3DT,325066,673880,111 ROSE STREET
325062,673879,5734,vacant,vacant,Vacant,EH2 3DT,325062,673879,115-117 ROSE STREET
325058,673878,5735,public house,The Shack,SUI GENERIS,EH2 3DT,325058,673878,119 ROSE STREET
325055,673877,5736,betting shop,Ladbrokes,Class 2,EH2 3DT,325055,673877,121 ROSE STREET
325039,673873,5737,outdoor equipment & clothing,Graham Tiso,Class 1,EH2 3DT,325039,673873,121A-121B ROSE STREET
325034,673871,5738,outdoor equipment & clothing,Tiso,Class 1,EH2 3DT,325034,673871,121C ROSE STREET
325028,673869,5739,nail salon,Cute-icle,Class 1,EH2 3DT,325028,673869,125 ROSE STREET
325018,673866,5740,"ticket agents (live shows, events, attractions)ticket agents (live shows, events, attractions)",Tickets Scotland,Class 1,EH2 3DT,325018,673866,127A ROSE STREET
324998,673860,5741,skin care products,Forever Flawless,Class 1,EH2 3DT,324998,673860,129 ROSE STREET
325004,673862,5742,restaurant (Indian),Indian Lounge,Class 3,EH2 3DT,325004,673862,129(BF) ROSE STREET
324928,673841,5743,cafe,Social Byte,Class 3,EH2 3DT,324928,673841,131 ROSE STREET
324911,673836,5744,public house,Gordon Arms,SUI GENERIS,EH2 4LS,324911,673836,133 ROSE STREET
324916,673838,5745,beauty salon,The Wax Bar,Class 1,EH2 4LS,324916,673838,133B ROSE STREET
324906,673835,5746,barbers,Rose Street Barbers,Class 1,EH2 4LS,324906,673835,137 ROSE STREET
324896,673827,5747,takeaway food,Miros,Class 1,EH2 4LS,324896,673827,(139A) ROSE STREET
324853,673820,5748,public house,Dirty Dicks,SUI GENERIS,EH2 4LS,324853,673820,159 ROSE STREET
324846,673818,5749,hairdresser,The Player Lounge,Class 1,EH2 4LS,324846,673818,161A ROSE STREET
324832,673814,5750,restaurant,1780,Class 3,EH2 4LS,324832,673814,167 ROSE STREET
325445,673976,5751,drinks kiosk,the Wee Cafe,Class 1,EH2 2QA,325445,673976,(22) ROSE STREET
325397,673958,5752,betting shop,Ladbrokes,Class 2,EH2 2QA,325397,673958,40 ROSE STREET
325304,673931,5753,vacant,vacant,Vacant,EH2 2NN,325304,673931,64 ROSE STREET
325289,673927,5754,betting shop,William Hill,Class 2,EH2 2NN,325289,673927,68 ROSE STREET
325281,673924,5755,health foods & vitamin supplements,Holland & Barrett,Class 1,EH2 2NN,325281,673924,70 ROSE STREET
325272,673921,5756,outdoor clothing,Cotswold,Class 1,EH2 2NN,325272,673921,72 ROSE STREET
325263,673919,5757,public house & restaurant,Filling Station,SUI GENERIS,EH2 2NN,325263,673919,74 ROSE STREET
325255,673916,5758,vacant,vacant,Vacant,EH2 2NN,325255,673916,76 ROSE STREET
325203,673903,5759,public house,Auld Hundred,SUI GENERIS,EH2 2NN,325203,673903,100-102 ROSE STREET
325147,673888,5760,"hot food take-away (fish & chips, pizzas, kebabs)",Rose Street Take Away,SUI GENERIS,EH2 3JF,325147,673888,106 ROSE STREET
325139,673886,5761,jeweller,Goodwins,Class 1,EH2 3JF,325139,673886,106A-108A ROSE STREET
325131,673883,5762,jeweller,Robert Anthony,Class 1,EH2 3JF,325131,673883,108B ROSE STREET
325116,673879,5763,public house,Element,SUI GENERIS,EH2 3JF,325116,673879,110-114 ROSE STREET
325108,673876,5764,jeweller,Alistair Wood Tait,Class 1,EH2 3JF,325108,673876,116A ROSE STREET
325103,673875,5765,jeweller,John Whyte,Class 1,EH2 3JF,325103,673875,116B ROSE STREET
325093,673872,5766,hairdresser & beauty salon,Murdo Macleans,Class 1,EH2 3JF,325093,673872,118-120 ROSE STREET
325085,673869,5767,souvenirs,Pride of Scotland,Class 1,EH2 3JF,325085,673869,122-124 ROSE STREET
325079,673868,5768,shoes & footwear,Rogerson Footwear,Class 1,EH2 3JF,325079,673868,126-128 ROSE STREET
325074,673866,5769,"clothing alterations & repairs, tailoring, curtain making, dry cleaner",Master Tailor,Class 1,EH2 3JD,325074,673866,130 ROSE STREET
325069,673865,5770,milk shakes,Shakeaway,Class 1,EH2 3JD,325069,673865,134 ROSE STREET
325064,673863,5771,key cutting,Timpson,Class 1,EH2 3JD,325064,673863,136 ROSE STREET
325057,673861,5772,ladies clothing,Verve,Class 1,EH2 3JD,325057,673861,138 ROSE STREET
325051,673860,5773,vacant,vacant,Vacant,EH2 3JD,325051,673860,142 ROSE STREET
325022,673852,5774,public house,The Kenilworth,SUI GENERIS,EH2 3JD,325022,673852,152-154 ROSE STREET
325005,673847,5775,patisserie,Patisserie Valerie,Class 3,EH2 3JD,325005,673847,158-162 ROSE STREET
324920,673823,5776,public house,The Black Cat,SUI GENERIS,EH2 3JD,324920,673823,168 ROSE STREET
324916,673822,5777,public house,Rose & Crown,SUI GENERIS,EH2 4BA,324916,673822,170 ROSE STREET
324910,673820,5778,take-away food (pizza),dough,SUI GENERIS,EH2 4BA,324910,673820,172 ROSE STREET
324905,673818,5779,restaurant,Zara's Mediterranean Bistro,Class 3,EH2 4BA,324905,673818,176 ROSE STREET
324900,673817,5780,dental surgery,West End Private Dental Practice,Class 2, ,324900,673817, 
324896,673816,5781,dental surgery,Edinburgh Dental Specialist,Class 2, ,324896,673816, 
324891,673814,5782,dancewear,Dancewear,Class 1,EH2 4BA,324891,673814,182 ROSE STREET
324884,673812,5783,restaurant (Mexican),Miro's,Class 3,EH2 4BA,324884,673812,184 ROSE STREET
324879,673811,5784,jewellers,Daniel Henderson,Class 1,EH2 4BA,324879,673811,188 ROSE STREET
324872,673809,5785,restaurant,Wildfire Restaurant & Grill,Class 3,EH2 4AZ,324872,673809,192 ROSE STREET
324869,673808,5786,n/t/c,Bees 2 Honey,Class 1,EH2 4AZ,324869,673808,192A ROSE STREET
324861,673806,5787,specialist whiskies & cigars,Robert Graham,Class 1,EH2 4AZ,324861,673806,194A ROSE STREET
324852,673803,5788,"office services (mail boxes, packing, shipping, copying, laminating, binding, office supplies etc.)",Mail Boxes Etc.,Class 2,EH2 4AT,324852,673803,196 ROSE STREET
324848,673802,5789,caf‚,Wolfits,Class 3,EH2 4AZ,324848,673802,200 ROSE STREET
324838,673799,5790,public house,Scotts,SUI GENERIS,EH2 4AZ,324838,673799,202 ROSE STREET
325314,673973,5791,restaurant,New York Steam Packet,Class 3,EH2 2NP,325314,673973,31(01) ROSE STREET NORTH LANE
325025,673877,5792,beauty salon,KATHLEEN TULLOCH,Class 1,EH2 3DX,325025,673877,87(1F90)-89 ROSE STREET NORTH LANE
325013,673873,5793,public house,International Vodka Bar,SUI GENERIS,EH2 3DX,325013,673873,87(GF)-89 ROSE STREET NORTH LANE
325124,673905,5794,n/a,n/a,UNKNOWN USE,EH2 3DX,325124,673905,(52A) ROSE STREET NORTH LANE
325062,673901,5795,restaurant,Calistoga,Class 3,EH2 3DX,325062,673901,70-72 ROSE STREET NORTH LANE
324925,673811,5796,restaurant,Hakataya,Class 3,EH2 4BB,324925,673811,120(PF)-122 ROSE STREET SOUTH LANE
313078,677850,5797,chemist,Lloyds Pharmacy,Class 1, ,313078,677850, 
323005,673137,5798,take-away food (Chinese),Emily,SUI GENERIS,EH12 5NN,323005,673137,2 ROSEBURN PLACE
322959,672950,5799,vacant,vacant,Vacant,EH12 5PF,322959,672950,13 ROSEBURN STREET
322871,672879,5800,furniture,J.B. McLean Interiors,Class 1,EH12 5PE,322871,672879,27 ROSEBURN STREET
322871,672879,5801,tiles,Collinson Ceramics,Class 1,EH12 5PE,322871,672879,31B ROSEBURN STREET
323036,673169,5802,public house,Roseburn Bar,SUI GENERIS,EH12 5NG,323036,673169,1 ROSEBURN TERRACE
323072,673166,5803,supermarket (samll),Tesco Express,Class 1,EH12 5NG,323072,673166,1A ROSEBURN TERRACE
323025,673171,5804,betting shop,Scotbet,Class 2,EH12 5NG,323025,673171,9-11 ROSEBURN TERRACE
323020,673173,5805,optician,Anita Glasby,Class 1,EH12 5NG,323020,673173,13 ROSEBURN TERRACE
323016,673174,5806,solicitors,Clancy's,Class 2,EH12 5NG,323016,673174,15 ROSEBURN TERRACE
323013,673175,5807,pictures & picture framing,Art et Facts,Class 1,EH12 5NG,323013,673175,19 ROSEBURN TERRACE
323009,673177,5808,hairdresser,Thallon Soulis,Class 1,EH12 5NG,323009,673177,21 ROSEBURN TERRACE
323003,673178,5809,solicitors,Clancy's,Class 2,EH12 5NG,323003,673178,23 ROSEBURN TERRACE
322998,673180,5810,hot food take-away (Indian),Delta,SUI GENERIS,EH12 5NG,322998,673180,27 ROSEBURN TERRACE
322992,673183,5811,vacant,vacant,Vacant,EH12 5NQ,322992,673183,29 ROSEBURN TERRACE
322987,673184,5812,antiques,Simon Scott,Class 1,EH12 5NQ,322987,673184,33 ROSEBURN TERRACE
322981,673187,5813,hairdresser,Ikina Hair Studio,Class 1,EH12 5NQ,322981,673187,35 ROSEBURN TERRACE
322977,673188,5814,dressmaker - tailoring,Savoir Faire,Class 1,EH12 5NQ,322977,673188,39 ROSEBURN TERRACE
322973,673190,5815,beauty salon,Beauty Therapy,Class 1,EH12 5NQ,322973,673190,41 ROSEBURN TERRACE
322967,673191,5816,dog products,House of Hound,Class 1,EH12 5NQ,322967,673191,43 ROSEBURN TERRACE
322961,673193,5817,grocer / convenience store,Scotmid,Class 1,EH12 5NQ,322961,673193,47 ROSEBURN TERRACE
322954,673196,5818,hot food take-away (chippy),eat 'n' joy,SUI GENERIS,EH12 5NQ,322954,673196,49 ROSEBURN TERRACE
322950,673197,5819,coffee shop / delicatessen,Buna,Class 3,EH12 5NQ,322950,673197,53 ROSEBURN TERRACE
322945,673199,5820,sauna,Regency,Class 11,EH12 5NQ,322945,673199,55 ROSEBURN TERRACE
322934,673203,5821,public house,Murrayfield Bar,SUI GENERIS,EH12 5NQ,322934,673203,57-59 ROSEBURN TERRACE
323035,673196,5822,dentist,EH Dental Care,Class 2,EH12 6AW,323035,673196,2B ROSEBURN TERRACE
323023,673198,5823,delicatessen,Vigo,Class 1,EH12 6AW,323023,673198,2-2A ROSEBURN TERRACE
323015,673201,5824,cake shop,3D Cakes,Class 1,EH12 6AW,323015,673201,4 ROSEBURN TERRACE
323011,673202,5825,shoe repairs / key cutting,Roseburn Key Cutting & Shoe Repairs,Class 1,EH12 6AW,323011,673202,6 ROSEBURN TERRACE
323007,673204,5826,hot food take-away & caf‚,Roseburn Caf‚,SUI GENERIS,EH12 6AW,323007,673204,8 ROSEBURN TERRACE
323003,673205,5827,hot food take-away (Chinese),do Eat,SUI GENERIS,EH12 6AW,323003,673205,10 ROSEBURN TERRACE
322999,673207,5828,"computer repairs, television sales & repairs",PC Doctor / Moving Pictures,Class 1,EH12 6AW,322999,673207,12 ROSEBURN TERRACE
322995,673208,5829,beauty salon,Smoothies Beauty Clinic,Class 1,EH12 6AW,322995,673208,14 ROSEBURN TERRACE
322991,673210,5830,greetings cards,Maybury's,Class 1,EH12 6AW,322991,673210,16 ROSEBURN TERRACE
322987,673211,5831,chemist,Right Medicine Pharmacy,Class 1,EH12 6AW,322987,673211,18 ROSEBURN TERRACE
322984,673212,5832,cake design and making,3 D Cakes,Class 1,EH12 6AW,322984,673212,20 ROSEBURN TERRACE
322981,673213,5833,barber,Turkish Barbers,Class 1,EH12 6AW,322981,673213,22 ROSEBURN TERRACE
322977,673215,5834,carpet & upholstery cleaning,Chores @ Work,Class 4,EH12 6AW,322977,673215,26 ROSEBURN TERRACE
322974,673216,5835,bank,Bank of Scotland / HBOS,Class 2,EH12 6AW,322974,673216,28 ROSEBURN TERRACE
325570,672401,5836,vacant,vacant,Vacant,EH9 1JD,325570,672401,21 ROSENEATH PLACE
325577,672342,5837,vacant,vacant,Vacant,EH9 1JD,325577,672342,26 ROSENEATH PLACE
325575,672346,5838,hot food take-away (Chinese),The GY Chinese Takeout,SUI GENERIS,EH9 1JD,325575,672346,27 ROSENEATH PLACE
325631,672333,5839,hairdresser and beauty salon,Ishi Hair & Beauty,Class 1,EH9 1JH,325631,672333,4 ROSENEATH STREET
325621,672333,5840,charity shop,"Chest, Heart & Stroke Scotland",Class 1,EH9 1JH,325621,672333,6 ROSENEATH STREET
325626,672333,5841,fishmonger,Eddie's Seafood Market,Class 1,EH9 1JH,325626,672333,7 ROSENEATH STREET
325617,672333,5842,greengrocer,Fruit connection,Class 1,EH9 1JH,325617,672333,8 ROSENEATH STREET
325612,672334,5843,hairdresser (gents),Mackintosh,Class 1,EH9 1JH,325612,672334,10 ROSENEATH STREET
325606,672334,5844,restaurant,Sweet Melindas,Class 3,EH9 1JH,325606,672334,11 ROSENEATH STREET
325600,672334,5845,vacant,vacant,Vacant,EH9 1JH,325600,672334,12 ROSENEATH STREET
325596,672335,5846,cafe,Salt n Pepper,Class 3,EH9 1JH,325596,672335,14 ROSENEATH STREET
325591,672335,5847,cafe,Saiko Kitchen,Class 3,EH9 1JH,325591,672335,15 ROSENEATH STREET
325584,672334,5848,"hot food take-away (fish & chips, pizzas)",Salvatore's,SUI GENERIS,EH9 1JH,325584,672334,16 ROSENEATH STREET
325578,672336,5849,ladies & childrens clothing,Bohemia,Class 1,EH9 1JH,325578,672336,17 ROSENEATH STREET
325724,673657,5850,restaurant,Zizzi,Class 3,EH1 1LW,325724,673657,1 ROXBURGHS COURT
326377,674384,5851,restaurant,21212,Class 3,EH7 5AB,326377,674384,3 ROYAL TERRACE
324705,675932,5852,building services,Taylors,Class 4,EH3 5QU,324705,675932,1A ROYSTON TERRACE
324708,675933,5853,"shoe repairs, key cutting, luggage",L. Wilson & Sons,Class 1,EH3 5QU,324708,675933,1B ROYSTON TERRACE
324654,673640,5854,public house,Ghillie Dhu,SUI GENERIS,EH1 2AD,324654,673640,2 RUTLAND PLACE
324663,673645,5855,restaurant / bar,The Rutland Bar and Restaurant,Class 3, ,324663,673645, 
325655,674042,5856,public house,Tiles,SUI GENERIS,EH2 2BD,325655,674042,1-2 ST. ANDREW SQUARE
325533,674017,5857,supermarket,Sainsbury,Class 1,EH2 2AF,325533,674017,9-10 ST. ANDREW SQUARE
325679,674154,5858,bank,RBS,Class 2,EH2 2AD,325679,674154,35-36 ST. ANDREW SQUARE
325698,674101,5859,bank,Bank of Scotland,Class 2,EH2 2AD,325698,674101,37-39 ST. ANDREW SQUARE
325622,674145,5860,caf‚,Caf‚ in the Square,Class 3,EH2 2AD,325622,674145,"(1) ST. ANDREW SQUARE GARDEN, ST. ANDREW SQUARE"
325521,674066,5861,restaurant (pizza),Amarone,Class 3,EH2 2AF,325521,674066,12-13(GF) ST. ANDREW SQUARE
325692,674228,5862,coffee shop,Coffee Stop,Class 3,EH2 2AD,325692,674228,30/1 ST. ANDREW SQUARE
325699,674229,5863,n/t/c,W.H. Smith,Class 1,EH2 2AD,325699,674229,30/2-3 ST. ANDREW SQUARE
325681,674182,5864,department store,Harvey Nichols,Class 1,EH2 2AD,325681,674182,30-34 ST. ANDREW SQUARE
324301,674487,5865,serviced offices,The Green House,Class 4,EH4 1NR,324301,674487,41 ST. BERNARD'S CRESCENT
325669,673607,5866,"cashmere, knitwear",House of Edinburgh,Class 1,EH1 1PT,325669,673607,2-4 ST. GILES STREET
325666,673620,5867,caf‚,St. Giles Caf‚ & bar,Class 3,EH1 1PT,325666,673620,8-10 ST. GILES STREET
325661,673646,5868,restaurant,Broadsheet,Class 3,EH1 1PT,325661,673646,18-22(GF) ST. GILES STREET
325818,674233,5869,mobile phone accessories,Top Gift,Class 1,EH1 3SR,325818,674233,(A) ST. JAMES CENTRE
325791,674235,5870,sports equipment / clothing,JD Sports,Class 1,EH1 3SS,325791,674235,1-3 ST. JAMES CENTRE
325806,674239,5871,chemist,Boots,Class 1,EH1 3SS,325806,674239,5-9 ST. JAMES CENTRE
325816,674242,5872,sports clothing & equipment,Sports Direct,Class 1,EH1 3SS,325816,674242,11(GF)-13 ST. JAMES CENTRE
325826,674245,5873,gadgets,Men Kind,Class 1,EH1 3SS,325826,674245,15-17 ST. JAMES CENTRE
325839,674248,5874,souvenirs,I Love Scotland,Class 1,EH1 3SS,325839,674248,19-21 ST. JAMES CENTRE
325850,674254,5875,photo booth (instant photos & business cards),Photo-me,Class 2,EH1 3SS,325850,674254,23 ST. JAMES CENTRE
325846,674251,5876,cookies & ice cream,Millies Cookies,Class 1,EH1 3SS,325846,674251,23(A) ST. JAMES CENTRE
325856,674261,5877,take away food,Subway,Class 1,EH1 3SS,325856,674261,27 ST. JAMES CENTRE
325859,674264,5878,vacant,vacant,Vacant,EH1 3SS,325859,674264,29 ST. JAMES CENTRE
325892,674173,5879,vacant,VACANT,Vacant,EH1 3SS,325892,674173,31-33 ST. JAMES CENTRE
325867,674272,5880,gift shop,National Trust for Scotland,Class 1,EH1 3SS,325867,674272,35 ST. JAMES CENTRE
325869,674274,5881,mobile phoine repairs,1 Tech,Class 1,EH1 3SS,325869,674274,37 ST. JAMES CENTRE
325881,674260,5882,bank,RBS Cashline,Class 2,EH1 3SS,325881,674260,39 ST. JAMES CENTRE
325871,674250,5883,gifts,Gift World,Class 1,EH1 3SS,325871,674250,43-49 ST. JAMES CENTRE
325874,674246,5884,stationery,Ryman Stationery,Class 1,EH1 3SS,325874,674246,51 ST. JAMES CENTRE
325879,674242,5885,ladies & mens clothing,River Island,Class 1,EH1 3SS,325879,674242,53-55 ST. JAMES CENTRE
325883,674238,5886,mobile phones,O2,Class 1,EH1 3SS,325883,674238,57 ST. JAMES CENTRE
325888,674233,5887,ladies clothing,Quiz,Class 1,EH1 3SS,325888,674233,59 ST. JAMES CENTRE
325893,674228,5888,sports clothing / equipment,Mountain Warehouse,Class 1,EH1 3SS,325893,674228,61 ST. JAMES CENTRE
325897,674225,5889,ladies & mens clothing,Next,Class 1,EH1 3SS,325897,674225,63-67 ST. JAMES CENTRE
325907,674200,5890,department store - mixed durable goods,John Lewis,Class 1,EH1 3SP,325907,674200,69 ST. JAMES CENTRE
325892,674215,5891,fruit juice (freshly squeezed),Zumo Juice Bar,Class 1,EH1 3SP,325892,674215,(69C) ST. JAMES CENTRE
325889,674212,5892,coffee shop,Costa Coffee,Class 3,EH1 3SP,325889,674212,(69D) ST. JAMES CENTRE
325943,674161,5893,further education,Edinburgh College,Class 2,EH1 3SJ,325943,674161,71-73 ST. JAMES CENTRE
325937,674163,5894,hairdresser,Supercuts,Class 1,EH1 3SJ,325937,674163,75 ST. JAMES CENTRE
325931,674164,5895,vacant,vacant,Vacant,EH1 3SJ,325931,674164,77 ST. JAMES CENTRE
325925,674165,5896,travel agent,Stewart Travel,Class 1,EH1 3SJ,325925,674165,79 ST. JAMES CENTRE
325921,674162,5897,vacant,vacant,Vacant,EH1 3SJ,325921,674162,81 ST. JAMES CENTRE
325916,674157,5898,greetings cards,Cards & Gifts,Class 1,EH1 3SJ,325916,674157,83 ST. JAMES CENTRE
325911,674152,5899,childrens clothing,Monsoon Childrenswear,Class 1,EH1 3SJ,325911,674152,85 ST. JAMES CENTRE
325906,674143,5900,perfumes & fragrances,The Perfume Shop,Class 1,EH1 3SJ,325906,674143,93 ST. JAMES CENTRE
325904,674135,5901,mobile phones,Car Phone Warehouse,Class 1,EH1 3SJ,325904,674135,95 ST. JAMES CENTRE
325902,674127,5902,jeweller,Ernest Jones,Class 1,EH1 3SJ,325902,674127,97-99 ST. JAMES CENTRE
325901,674119,5903,candles,Yankee Scotland,Class 1,EH1 3SJ,325901,674119,101 ST. JAMES CENTRE
325899,674109,5904,confectionery,Thorntons,Class 1,EH1 3SJ,325899,674109,103-105 ST. JAMES CENTRE
325792,674218,5905,confectionery,AmeriKandy,Class 1,EH1 3SR,325792,674218,2(BF) ST. JAMES CENTRE
325802,674221,5906,chemist,Superdrug,Class 1,EH1 3SR,325802,674221,4-6 ST. JAMES CENTRE
325809,674222,5907,vacant,vacant,Vacant,EH1 3SR,325809,674222,8-10 ST. JAMES CENTRE
325822,674226,5908,optician,Vision Express,Class 1,EH1 3SR,325822,674226,12-14 ST. JAMES CENTRE
325837,674229,5909,"toys, games, puzzles, gifts, novelties",Hawkins Bazaar,Class 1,EH1 3SR,325837,674229,16 ST. JAMES CENTRE
325844,674232,5910,household goods,Poundland,Class 1,EH1 3SR,325844,674232,18 ST. JAMES CENTRE
325856,674235,5911,jeweller,Warren James,Class 1,EH1 3SR,325856,674235,22 ST. JAMES CENTRE
325862,674236,5912,shoe repairs / key cutting / watch repairs / nameplates / engraving etc.,Timpson,Class 1,EH1 3SR,325862,674236,24 ST. JAMES CENTRE
325866,674233,5913,hairdresser,Razor Sharp,Class 1,EH1 3SR,325866,674233,24A ST. JAMES CENTRE
325871,674227,5914,n/t/c,McColl's,Class 1,EH1 3SR,325871,674227,26 ST. JAMES CENTRE
325875,674224,5915,bank,Bank of Scotland,Class 2,EH1 3SR,325875,674224,28 ST. JAMES CENTRE
325881,674218,5916,mixed durables,Tiger,Class 1,EH1 3SR,325881,674218,30 ST. JAMES CENTRE
325873,674201,5917,greetings cards,Card Factory,Class 1,EH1 3SL,325873,674201,32 ST. JAMES CENTRE
325878,674195,5918,ladies clothing,Dorothy Perkins,Class 1,EH1 3SL,325878,674195,34-36 ST. JAMES CENTRE
325885,674188,5919,men's clothing,Officers Club,Class 1,EH1 3SL,325885,674188,38 ST. JAMES CENTRE
325892,674181,5920,ladies & mens clothing,Burton / Wallis,Class 1,EH1 3SL,325892,674181,40-42 ST. JAMES CENTRE
325901,674172,5921,jeweller,H. Samuel,Class 1,EH1 3SL,325901,674172,44-48 ST. JAMES CENTRE
325897,674167,5922,ladies clothing - accessories,Claire's Accessories,Class 1,EH1 3SL,325897,674167,50 ST. JAMES CENTRE
325888,674149,5923,shoes & footwear,Garage Shoes,Class 1,EH1 3SL,325888,674149,54-56 ST. JAMES CENTRE
325892,674145,5924,greeting cards,Clinton Cards,Class 1,EH1 3SL,325892,674145,58 ST. JAMES CENTRE
325889,674134,5925,mobile phones,EE,Class 1,EH1 3SL,325889,674134,60 ST. JAMES CENTRE
325887,674128,5926,travel agent,Barrhead Travel,Class 1,EH1 3SL,325887,674128,62 ST. JAMES CENTRE
325884,674116,5927,books,Books 4 Less,Class 1,EH1 3SL,325884,674116,64-68 ST. JAMES CENTRE
325876,674101,5928,video games,Game,Class 1,EH1 3SL,325876,674101,70-74 ST. JAMES CENTRE
320209,672880,5929,grocer (licensed),Premier Express,Class 1,EH12 6NN,320209,672880,109-111 ST. JOHN'S ROAD
320182,672883,5930,Accountants,tax Assist Accountants,Class 4,EH12 6NN,320182,672883,111-113 ST. JOHN'S ROAD
320167,672886,5931,dancewear,Bliss Dancewear,Class 1,EH12 7SB,320167,672886,113D ST. JOHN'S ROAD
320162,672887,5932,prams & baby equipment,Raeburn & Corstorphine Pram Centre,Class 1,EH12 7SB,320162,672887,115-117 ST. JOHN'S ROAD
320158,672888,5933,optician,Boots Optitcian,Class 1,EH12 7SB,320158,672888,119 ST. JOHN'S ROAD
320154,672889,5934,barber,The Turk's Head,Class 1,EH12 7SB,320154,672889,119A ST. JOHN'S ROAD
320143,672890,5935,hairdresser & beauty salon,White Hollow,Class 1,EH12 7SB,320143,672890,119B-119C ST. JOHN'S ROAD
320135,672892,5936,tailoring alterations,Smart Stitch,Class 1,EH12 7SB,320135,672892,121A ST. JOHN'S ROAD
320129,672893,5937,sandwich shop,Subway,Class 1,EH12 7SB,320129,672893,121B ST. JOHN'S ROAD
320123,672894,5938,charity shop,Marie Curie,Class 1,EH12 7SB,320123,672894,125 ST. JOHN'S ROAD
320116,672896,5939,Vacant,Vacant,Vacant,EH12 7SB,320116,672896,125A ST. JOHN'S ROAD
320109,672898,5940,chemist,Boots,Class 1,EH12 7SB,320109,672898,129 ST. JOHN'S ROAD
320103,672899,5941,florist,Wm. Williamson,Class 1,EH12 7SB,320103,672899,129A ST. JOHN'S ROAD
320071,672909,5942,solicitors & estate agents,Leslie Deans & Co,Class 2,EH12 7SB,320071,672909,135-137 ST. JOHN'S ROAD
320053,672899,5943,"butcher, poulterer & game dealer",Charles Wilson,Class 1,EH12 7SD,320053,672899,139 ST. JOHN'S ROAD
320047,672899,5944,baker,Greggs,Class 1,EH12 7SD,320047,672899,139A ST. JOHN'S ROAD
320037,672902,5945,food store,Sainsbury Local,Class 1,EH12 7SD,320037,672902,141 ST. JOHN'S ROAD
320027,672904,5946,hot food take-away (Indian),Chilli Grill,SUI GENERIS,EH12 7SD,320027,672904,141A ST. JOHN'S ROAD
320021,672905,5947,Key Cutting & Shoe Repairs,Timpsons,Class 1,EH12 7SD,320021,672905,143 ST. JOHN'S ROAD
320014,672918,5948,grocer / convenience store,Scotmid,Class 1,EH12 7SD,320014,672918,145-147 ST. JOHN'S ROAD
320003,672919,5949,vacant,Vacant,Vacant,EH12 7SD,320003,672919,151 ST. JOHN'S ROAD
319999,672920,5950,Electronics & Phones,LK Mobile,Class 1,EH12 7SD,319999,672920,153 ST. JOHN'S ROAD
319995,672920,5951,Beauty Clinic,New U Laser Clinic,Class 1,EH12 7SD,319995,672920,155 ST. JOHN'S ROAD
319988,672922,5952,Pharmacy,Corstorphine Pharmacy,Class 1,EH12 7SD,319988,672922,159 ST. JOHN'S ROAD
319982,672923,5953,charity shop,Shelter,Class 1,EH12 7SD,319982,672923,161 ST. JOHN'S ROAD
319972,672925,5954,bank,Lloyds TSB Scotland,Class 2,EH12 7SD,319972,672925,163 ST. JOHN'S ROAD
319904,672932,5955,Furniture shop,Evolution Furniture,Class 1,EH12 7SL,319904,672932,181 ST. JOHN'S ROAD
319894,672934,5956,Vacant,Vacant,Vacant,EH12 7SL,319894,672934,183 ST. JOHN'S ROAD
319888,672934,5957,Vacant,Vacant,Vacant,EH12 7SL,319888,672934,185 ST. JOHN'S ROAD
319883,672935,5958,hot food take-away,Pizza Hut,SUI GENERIS,EH12 7SL,319883,672935,187 ST. JOHN'S ROAD
319878,672935,5959,chemist,Semi-Chem,Class 1,EH12 7SL,319878,672935,189 ST. JOHN'S ROAD
319869,672936,5960,Community meeting place/gallery/cafe,Corstorphine Hub & Lucy's Cafe,Class 2,EH12 7SL,319869,672936,191 ST. JOHN'S ROAD
319857,672937,5961,Vacant,Vacant,Vacant,EH12 7SL,319857,672937,193-195 ST. JOHN'S ROAD
319766,672955,5962,Hearing Specialists,Edinburgh Hearing Practice,Class 2,EH12 7UU,319766,672955,201 ST. JOHN'S ROAD
319761,672956,5963,hairdresser,Blondie Kerr,Class 1,EH12 7UU,319761,672956,205 ST. JOHN'S ROAD
319756,672956,5964,Barber,Aydin's Hot Shave Barber,Class 1,EH12 7UU,319756,672956,207 ST. JOHN'S ROAD
319751,672957,5965,Training agency,'ACT' Ambition Centre for Training,Class 4,EH12 7UU,319751,672957,209 ST. JOHN'S ROAD
319746,672958,5966,beauty salon,Heaven Beauty,Class 1,EH12 7UU,319746,672958,213 ST. JOHN'S ROAD
319738,672959,5967,coffee shop,Caf‚ Rosa,Class 3,EH12 7UU,319738,672959,215 ST. JOHN'S ROAD
319734,672959,5968,charity shop,Capability Scotland,Class 1,EH12 7UU,319734,672959,217-219 ST. JOHN'S ROAD
319729,672960,5969,Restaurant (chinese),Wong's,Class 3, ,319729,672960, 
319674,672968,5970,betting shop,William Hill,Class 2,EH12 7XA,319674,672968,229-229A ST. JOHN'S ROAD
319663,672969,5971,caf‚,Rumblin' Tum,Class 3,EH12 7XA,319663,672969,235 ST. JOHN'S ROAD
319650,672970,5972,bank,Royal Bank of Scotland,Class 2,EH12 7XA,319650,672970,235A-239 ST. JOHN'S ROAD
319615,672961,5973,public house,Centurion,SUI GENERIS,EH12 7XD,319615,672961,243 ST. JOHN'S ROAD
319603,672962,5974,betting shop,Ladbrokes,Class 2,EH12 7XD,319603,672962,245A ST. JOHN'S ROAD
319596,672962,5975,hair & beauty products,Sally Hair & Beauty,Class 1,EH12 7XD,319596,672962,245B ST. JOHN'S ROAD
319587,672971,5976,pawn brokers,We Pay,Class 2,EH12 7XD,319587,672971,247 ST. JOHN'S ROAD
319583,672971,5977,hairdresser,KSH,Class 1,EH12 7XD,319583,672971,247B ST. JOHN'S ROAD
319579,672971,5978,solicitors & estate agents,Warners,Class 2,EH12 7XD,319579,672971,247C ST. JOHN'S ROAD
319574,672971,5979,Bike shop,Hart's Cyclery,Class 1,EH12 7XD,319574,672971,249A ST. JOHN'S ROAD
319562,672971,5980,"pictures, picture framing, jewellery",Angles,Class 1,EH12 7XD,319562,672971,253 ST. JOHN'S ROAD
319558,672970,5981,hairdresser,Laurance Granger,Class 1,EH12 7XD,319558,672970,255 ST. JOHN'S ROAD
319553,672970,5982,restaurant & hot food take-away (Italian restaurant + chip shop),St. John's,Class 3,EH12 7XD,319553,672970,259-261 ST. JOHN'S ROAD
319542,672968,5983,undertakers,W.T. Dunbar & Sons,Class 1,EH12 7XD,319542,672968,263 ST. JOHN'S ROAD
319542,672968,5984,accountants,Accountax,Class 2, ,319542,672968, 
319530,672964,5985,n/t/c + post office,R.S. McColl,Class 1,EH12 7XD,319530,672964,265-267 ST. JOHN'S ROAD
319505,672958,5986,Vacant,Vacant,Vacant,EH12 7XD,319505,672958,277 ST. JOHN'S ROAD
319493,672955,5987,dry cleaner,Care Clean,Class 1,EH12 7XF,319493,672955,279 ST. JOHN'S ROAD
319488,672954,5988,Chocolateir/Tea Room,Bon,Class 3,EH12 7XF,319488,672954,279A ST. JOHN'S ROAD
319477,672951,5989,musical instruments (guitars),guitarguitar,Class 1,EH12 7XF,319477,672951,283-287 ST. JOHN'S ROAD
319464,672948,5990,vacant,Vacant,Vacant,EH12 7XF,319464,672948,291 ST. JOHN'S ROAD
319458,672947,5991,carpets,Kristofferson Carpets,Class 1,EH12 7XF,319458,672947,293 ST. JOHN'S ROAD
319451,672945,5992,restaurant (Indian & Thai),Abida,Class 3,EH12 7XF,319451,672945,295 ST. JOHN'S ROAD
319445,672943,5993,solarium,Tanz,Class 11,EH12 7XF,319445,672943,295B ST. JOHN'S ROAD
320154,672913,5994,solicitors & estate agents,"Dickson, McNiven & Dunn",Class 2,EH12 6PA,320154,672913,38 ST. JOHN'S ROAD
320149,672917,5995,n/t/c & post office,Corstorphine Post Office,Class 1,EH12 6PA,320149,672917,40 ST. JOHN'S ROAD
320141,672919,5996,restaurant (Chinese),Peach Garden,Class 3,EH12 6PA,320141,672919,44 ST. JOHN'S ROAD
320133,672921,5997,restaurant (Indian),Eastern Pavilion,Class 3,EH12 6PA,320133,672921,46 ST. JOHN'S ROAD
320126,672922,5998,bank,Santander,Class 2,EH12 6PA,320126,672922,50 ST. JOHN'S ROAD
320098,672932,5999,hairdresser,Philip Politi,Class 1,EH12 8AT,320098,672932,56-58 ST. JOHN'S ROAD
320067,672937,6000,Vacant,Vacant,Vacant,EH12 8AT,320067,672937,62-64 ST. JOHN'S ROAD
320048,672941,6001,bank,Bank of Scotland / HBOS,Class 2,EH12 8AT,320048,672941,70 ST. JOHN'S ROAD
320040,672943,6002,building society,Nationwide,Class 2,EH12 8AT,320040,672943,72 ST. JOHN'S ROAD
320032,672944,6003,betting shop,Ladbrokes,Class 2,EH12 8AT,320032,672944,74-76 ST. JOHN'S ROAD
320025,672946,6004,betting shop,William Hill,Class 2,EH12 8AT,320025,672946,82 ST. JOHN'S ROAD
320019,672947,6005,accountancy & tax services,Tax Assist Accountants,Class 2,EH12 8AT,320019,672947,84 ST. JOHN'S ROAD
320012,672948,6006,charity shop,Bethany Shop,Class 1,EH12 8AT,320012,672948,88 ST. JOHN'S ROAD
319981,672950,6007,restaurant & hot food take-away,St. John's Curry Club,Class 3,EH12 8AT,319981,672950,100 ST. JOHN'S ROAD
319977,672951,6008,hairdresser,Monis Keir,Class 1,EH12 8AT,319977,672951,102 ST. JOHN'S ROAD
319973,672951,6009,hot food takeaway (indian),Madras Cottage,SUI GENERIS,EH12 8AT,319973,672951,104 ST. JOHN'S ROAD
319959,672958,6010,public house,Oak Inn,SUI GENERIS,EH12 8AX,319959,672958,108-110 ST. JOHN'S ROAD
319871,672968,6011,Estate Agents,Mov 8,Class 2,EH12 8AX,319871,672968,128 ST. JOHN'S ROAD
319866,672969,6012,shoe repairs / key cutting / engraving / trophies,Sole City,Class 1,EH12 8AX,319866,672969,130 ST. JOHN'S ROAD
319862,672969,6013,children's clothing,Blessings & Blossoms,Class 1,EH12 8AX,319862,672969,132 ST. JOHN'S ROAD
319851,672968,6014,solicitors & estate agents,Neilsons,Class 2,EH12 8AY,319851,672968,138 ST. JOHN'S ROAD
319846,672969,6015,hairdresser & beauty salon,Pinkk,Class 1,EH12 8AY,319846,672969,140 ST. JOHN'S ROAD
319839,672970,6016,solicitors & estate agents,Neilsons,Class 2,EH12 8AY,319839,672970,142 ST. JOHN'S ROAD
319797,672980,6017,consulting engineers,David R Murray & Associates,Class 4,EH12 8AY,319797,672980,150-154 ST. JOHN'S ROAD
319749,672996,6018,Beds,Corstorphine Bed Centre,Class 1,EH12 8AZ,319749,672996,162 ST. JOHN'S ROAD
319734,672995,6019,"kitchen & bedroom furniture, conservatories, windows & doors",Magnet,Class 1,EH12 8AZ,319734,672995,164-170 ST. JOHN'S ROAD
319683,672996,6020,financial services,first mortgate.co.uk,Class 2,EH12 8AZ,319683,672996,172 ST. JOHN'S ROAD
319648,673004,6021,dental surgery,Mathewson & Associates,Class 2, ,319648,673004, 
319340,672964,6022,bank,Bank of Scotland / HBOS,Class 2,EH12 8SH,319340,672964,206 ST. JOHN'S ROAD
326509,672895,6023,vacant,vacant,Vacant,EH8 9SB,326509,672895,67 ST. LEONARD'S HILL
326514,672885,6024,hairdresser,New Image,Class 1,EH8 9SB,326514,672885,71-73 ST. LEONARD'S HILL
326543,672876,6025,tribal arts,Nomad Tent,Class 1,EH8 9SH,326543,672876,21-23 ST. LEONARD'S LANE
326395,672881,6026,public house,The Auld Hoose,SUI GENERIS,EH8 9QN,326395,672881,23-25 ST. LEONARD'S STREET
326389,672892,6027,restaurant (Indian & Bangladeshi),Kismot,Class 3,EH8 9QN,326389,672892,29-35 ST. LEONARD'S STREET
326398,672877,6028,storage,storage for Kismot,Class 3,EH8 9QN,326398,672877,39 ST. LEONARD'S STREET
326405,672865,6029,printers,Greenprint,Class 4,EH8 9QN,326405,672865,49-53 ST. LEONARD'S STREET
326410,672852,6030,n/t/c,Ben's Newsagent,Class 1,EH8 9QN,326410,672852,55 ST. LEONARD'S STREET
326432,672797,6031,hairdresser,Signature,Vacant,EH8 9QR,326432,672797,67 ST. LEONARD'S STREET
326435,672786,6032,restaurant,Blonde,Class 3,EH8 9QR,326435,672786,71-75 ST. LEONARD'S STREET
326438,672778,6033,solicitors,Good & Stewart,Class 2,EH8 9QR,326438,672778,77-79 ST. LEONARD'S STREET
326447,672753,6034,public house,The Montague,SUI GENERIS,EH8 9QY,326447,672753,81-85 ST. LEONARD'S STREET
326451,672743,6035,hot food take away,Shabaz Tandoori,SUI GENERIS,EH8 9QY,326451,672743,87 ST. LEONARD'S STREET
326452,672739,6036,security systems,IQ,Class 2,EH8 9QY,326452,672739,91 ST. LEONARD'S STREET
326453,672736,6037,restaurant (Portugese),O Canto Do Passarinho,Class 3,EH8 9QY,326453,672736,93 ST. LEONARD'S STREET
326457,672728,6038,security systems,IQ,Class 2,EH8 9QY,326457,672728,95-97 ST. LEONARD'S STREET
326458,672725,6039,sports equipment,The Battle Box,Class 1,EH8 9QY,326458,672725,101 ST. LEONARD'S STREET
326460,672721,6040,travel agent,Intelvisa,Class 1,EH8 9QY,326460,672721,103 ST. LEONARD'S STREET
326464,672714,6041,restaurant,aizle,Class 3,EH8 9QY,326464,672714,107-109 ST. LEONARD'S STREET
326471,672705,6042,hairdresser,Viva Hair Salon,Class 1,EH8 9QY,326471,672705,111 ST. LEONARD'S STREET
326533,672631,6043,glaziers,A. Jack,Class 4,EH8 9RB,326533,672631,133 ST. LEONARD'S STREET
326535,672628,6044,vacant,vacant,Vacant,EH8 9RB,326535,672628,135-135A ST. LEONARD'S STREET
326541,672622,6045,charity office,Alzheimer Scotland,Class 2,EH8 9RB,326541,672622,139 ST. LEONARD'S STREET
326546,672617,6046,vacant,vacant,Vacant,EH8 9RB,326546,672617,141A ST. LEONARD'S STREET
326559,672605,6047,hairdresser,PJ's Barbershop,Class 1,EH8 9RB,326559,672605,147A ST. LEONARD'S STREET
326596,672647,6048,vacant,vacant,Vacant,EH8 9RD,326596,672647,106(05) ST. LEONARD'S STREET
326145,673682,6049,public house,The Waverley,SUI GENERIS,EH1 1TA,326145,673682,3-5 ST. MARY'S STREET
326147,673675,6050,hot food take-away,Wee Bite,SUI GENERIS,EH1 1TA,326147,673675,9 ST. MARY'S STREET
326148,673671,6051,antiques,Antiques,Class 1,EH1 1TA,326148,673671,11 ST. MARY'S STREET
326152,673666,6052,hairdresser,Ali Wilmore,Class 1,EH1 1TA,326152,673666,13 ST. MARY'S STREET
326156,673655,6053,antique maps,Carson Clark Antique Maps,Class 1,EH1 1TA,326156,673655,17-21 ST. MARY'S STREET
326160,673643,6054,bagpipes,Bagpipe Makers Edinburgh,Class 1,EH1 1TA,326160,673643,27 ST. MARY'S STREET
326167,673683,6055,caf‚,Procaffeination,Class 3,EH1 1SU,326167,673683,4 ST. MARY'S STREET
326170,673677,6056,caf‚,Circus caf‚,Class 3,EH1 1SU,326170,673677,8 ST. MARY'S STREET
326172,673670,6057,dry cleaners,Kleen Cleaners,Class 1,EH1 1SU,326172,673670,10 ST. MARY'S STREET
326174,673665,6058,clothing,Slanj,Class 1,EH1 1SU,326174,673665,14 ST. MARY'S STREET
326177,673657,6059,gifts & curios,present,Class 1,EH1 1SU,326177,673657,18 ST. MARY'S STREET
326178,673652,6060,home accessories,Lo Demore,Class 1,EH1 1SU,326178,673652,20 ST. MARY'S STREET
326182,673644,6061,ladies clothing,Psychomoda,Class 1,EH1 1SU,326182,673644,22 ST. MARY'S STREET
326183,673639,6062,caf‚,Empires,Class 3,EH1 1SU,326183,673639,24 ST. MARY'S STREET
326184,673636,6063,shortbread,Pinnies & Poppyseess,Class 1,EH1 1SU,326184,673636,26 ST. MARY'S STREET
326189,673625,6064,gifts & clothing,pandora Gifts,Class 1,EH1 1SU,326189,673625,30 ST. MARY'S STREET
326190,673620,6065,restaurant,Vinyasa,Class 3,EH1 1SU,326190,673620,34 ST. MARY'S STREET
326193,673613,6066,architects,Oliver Chapman Architects,Class 2,EH1 1SX,326193,673613,36 ST. MARY'S STREET
326194,673609,6067,restaurant,Stac Polly,Class 3,EH1 1SX,326194,673609,38 ST. MARY'S STREET
326196,673605,6068,internet consulting,Escrivo,Class 4,EH1 1SX,326196,673605,42 ST. MARY'S STREET
326197,673600,6069,defence lawyer,Wilson McLeod,Class 2,EH1 1SX,326197,673600,44 ST. MARY'S STREET
326198,673597,6070,post office,Saint Mary's St. Post Office,Class 1,EH1 1SX,326198,673597,46 ST. MARY'S STREET
326200,673592,6071,lawyers,Criminal Defense Lawyers,Class 2,EH1 1SX,326200,673592,50 ST. MARY'S STREET
326203,673586,6072,reprographics,Edinburgh Copy Shop,Class 4,EH1 1SX,326203,673586,52 ST. MARY'S STREET
326205,673580,6073,restaurant,David Bann,Class 3,EH1 1SX,326205,673580,56 ST. MARY'S STREET
326208,673570,6074,funeral directors,T. Marin,Class 1,EH1 1SX,326208,673570,62-64 ST. MARY'S STREET
326212,673559,6075,hot food take-away,Moratti,SUI GENERIS,EH1 1SX,326212,673559,68 ST. MARY'S STREET
326199,672907,6076,window blinds,Blinds,Class 1,EH8 9EZ,326199,672907,1 ST. PATRICK SQUARE
326201,672902,6077,restaurant (Indian),Kalpna,Class 3,EH8 9EZ,326201,672902,2-3 ST. PATRICK SQUARE
326206,672892,6078,household goods/fancy dress,Edinburgh Bargain Stores / Party Zone,Class 1,EH8 9EZ,326206,672892,5-9 ST. PATRICK SQUARE
326213,672876,6079,Fancydress,Party Zone,Class 1,EH8 9EZ,326213,672876,11 ST. PATRICK SQUARE
326216,672867,6080,"haberdashery, dress materials",Edinburgh Fabrics,Class 1,EH8 9EZ,326216,672867,12-14 ST. PATRICK SQUARE
326219,672861,6081,"cake decorations, trimmings etc.",The Finishing Touch,Class 1,EH8 9EZ,326219,672861,17 ST. PATRICK SQUARE
326194,672832,6082,solicitors,Warners,Class 2,EH8 9EY,326194,672832,22-24 ST. PATRICK SQUARE
326195,672858,6083,kiosk takeaway,Souped up,Class 3,EH8 9EY,326195,672858,22(A) ST. PATRICK SQUARE
326174,672831,6084,solicitors,Warners,Class 2,EH8 9EY,326174,672831,26 ST. PATRICK SQUARE
326170,672840,6085,psychologist,The Edinburgh Psychology Centre,Class 4,EH8 9EY,326170,672840,29 ST. PATRICK SQUARE
326134,672902,6086,restaurant (Mexican),Illegal Jack's,Class 3,EH8 9ET,326134,672902,45 ST. PATRICK SQUARE
326167,672934,6087,solicitors & estate agents,Deans Properties,Class 2,EH8 9ES,326167,672934,1-3 ST. PATRICK STREET
326167,672913,6088,musical instruments,Scayles,Class 1,EH8 9ES,326167,672913,5 ST. PATRICK STREET
326193,672934,6089,chemist,Boots,Class 1,EH8 9HB,326193,672934,6 ST. PATRICK STREET
326194,672928,6090,optician,Optical Express,Class 1,EH8 9HB,326194,672928,6A ST. PATRICK STREET
326196,672916,6091,Takeaway,Munchies,Class 3,EH8 9HB,326196,672916,7 ST. PATRICK STREET
326195,672920,6092,Newsagents,Edinburgh Evening News (closed),Class 1,EH8 9HB,326195,672920,9 ST. PATRICK STREET
324384,672530,6093,grocer,Viewforth Licensed Grocer,Class 1,EH3 9PG,324384,672530,1 ST. PETER'S BUILDINGS
324388,672534,6094,publisher,Intfrobel Publishing,Class 4,EH3 9PG,324388,672534,3 ST. PETER'S BUILDINGS
324392,672536,6095,hairdresser,Chameleon,Class 1,EH3 9PG,324392,672536,4 ST. PETER'S BUILDINGS
324398,672541,6096,bakers (artisanal),Dough Re Mi,Class 1,EH3 9PG,324398,672541,5 ST. PETER'S BUILDINGS
324401,672543,6097,hairdresser,Highlight Hairdressing,Class 1,EH3 9PG,324401,672543,6 ST. PETER'S BUILDINGS
324404,672546,6098,vacant,vacant,Vacant,EH3 9PG,324404,672546,8 ST. PETER'S BUILDINGS
324408,672549,6099,vacant,vacant,Vacant,EH3 9PG,324408,672549,9 ST. PETER'S BUILDINGS
324411,672552,6100,plumbers,Cummings Plumbing,Class 2,EH3 9PG,324411,672552,11 ST. PETER'S BUILDINGS
324415,672555,6101,insurance brokers,Westminster Insurance,Class 2,EH3 9PG,324415,672555,12 ST. PETER'S BUILDINGS
324341,672587,6102,vacant,vacant,Vacant,EH3 9PH,324341,672587,11 ST. PETER'S PLACE
324346,672580,6103,legal services,Maxim Contracts,Class 4,EH3 9PH,324346,672580,13 ST. PETER'S PLACE
324349,672576,6104,vacant,vacant,Vacant,EH3 9PH,324349,672576,14 ST. PETER'S PLACE
324359,672563,6105,vacant,vacant,Vacant,EH3 9PH,324359,672563,17 ST. PETER'S PLACE
324728,674525,6106,vacant,vacant,Vacant,EH3 5AJ,324728,674525,3 ST. STEPHEN PLACE
324744,674533,6107,"furniture, lighting, interiors",Catalog ltd,Class 1,EH3 5AJ,324744,674533,2 ST. STEPHEN PLACE
324721,674533,6108,furniture,Catalog Ltd.,Class 1,EH3 5AJ,324721,674533,6 ST. STEPHEN PLACE
324710,674497,6109,restaurant,Bell's Diner,Class 3,EH3 5AN,324710,674497,7 ST. STEPHEN STREET
324713,674500,6110,art and furniture,Reflect,Class 1,EH3 5AN,324713,674500,9 ST. STEPHEN STREET
324715,674502,6111,hot food take-away (Chinese),Rice King,SUI GENERIS,EH3 5AN,324715,674502,11 ST. STEPHEN STREET
324718,674505,6112,second-hand baby clothing & equipment,Relove,Class 1,EH3 5AN,324718,674505,13 ST. STEPHEN STREET
324721,674507,6113,vacant,vacant,Vacant,EH3 5AN,324721,674507,17 ST. STEPHEN STREET
324724,674510,6114,old gramophone records,Voxbox,Class 1,EH3 5AN,324724,674510,21 ST. STEPHEN STREET
324725,674511,6115,vacant,vacant,Vacant,EH3 5AN,324725,674511,23 ST. STEPHEN STREET
324733,674519,6116,clothing,Skinnypig,Class 1,EH3 5AN,324733,674519,29 ST. STEPHEN STREET
324746,674531,6117,restaurant,Purslane,Class 3,EH3 5AH,324746,674531,33 ST. STEPHEN STREET
324748,674533,6118,mens hairdresser,Vagabond,Class 1,EH3 5AH,324748,674533,35 ST. STEPHEN STREET
324750,674535,6119,vacant,vacant,Vacant,EH3 5AH,324750,674535,37 ST. STEPHEN STREET
324755,674539,6120,caf‚,Sprio & Co.,Class 3,EH3 5AH,324755,674539,39 ST. STEPHEN STREET
324758,674542,6121,ladies clothing,Miss Bizio Couture,Class 1,EH3 5AH,324758,674542,41 ST. STEPHEN STREET
324767,674550,6122,restaurant,The Blue Parrot Cantina,Class 3,EH3 5AH,324767,674550,49 ST. STEPHEN STREET
324769,674552,6123,caterers,Blue Sky Catering,Class 2,EH3 5AH,324769,674552,51 ST. STEPHEN STREET
324773,674555,6124,second-hand clothing,55 Vintage Clothes,Class 1,EH3 5AH,324773,674555,55 ST. STEPHEN STREET
324776,674559,6125,antique lampstands and lamp shades,Mr. Purves,Class 1,EH3 5AH,324776,674559,59 ST. STEPHEN STREET
324782,674564,6126,residential letting agency,Anna Harper Lettings,Class 2,EH3 5AH,324782,674564,63/1 ST. STEPHEN STREET
324730,674490,6127,public house,The Bailie,SUI GENERIS,EH3 5AL,324730,674490,2-6 ST. STEPHEN STREET
324733,674493,6128,barbers,Saints Barber Shop,Class 1,EH3 5AL,324733,674493,8 ST. STEPHEN STREET
324738,674496,6129,"handbags, luggage, accessories",Lilies and Dreams,Class 1,EH3 5AL,324738,674496,12 ST. STEPHEN STREET
324742,674500,6130,jeweller,Sheila Fleet,Class 1,EH3 5AL,324742,674500,18 ST. STEPHEN STREET
324745,674502,6131,hairdresser,Frank Lindsay Hairdressing,Class 1,EH3 5AL,324745,674502,20 ST. STEPHEN STREET
324747,674504,6132,office,no name on fascia,UNKNOWN USE,EH3 5AL,324747,674504,24 ST. STEPHEN STREET
324749,674506,6133,vintage boutique,Those Were the Days,Class 1,EH3 5AL,324749,674506,26 ST. STEPHEN STREET
324751,674508,6134,pop up shop,The collective pop up,Class 1,EH3 5AL,324751,674508,28 ST. STEPHEN STREET
324753,674510,6135,residential letting office,Zone Letting,Class 2,EH3 5AL,324753,674510,30 ST. STEPHEN STREET
324755,674511,6136,chandeliers,Crystal Chandelier Company,Class 1,EH3 5AL,324755,674511,36 ST. STEPHEN STREET
324757,674513,6137,vacant,vacant,Vacant,EH3 5AL,324757,674513,38-40 ST. STEPHEN STREET
324759,674515,6138,restaurant (Thai),Suree Thai,Class 3,EH3 5AL,324759,674515,42 ST. STEPHEN STREET
324761,674517,6139,cocktail saloon,The Last Word,SUI GENERIS,EH3 5AL,324761,674517,44 ST. STEPHEN STREET
324763,674518,6140,clothing,Kestin Hare,Class 1,EH3 5AL,324763,674518,46 ST. STEPHEN STREET
324765,674520,6141,hairdresser,Beauty Boutique,Class 1,EH3 5AL,324765,674520,48 ST. STEPHEN STREET
324771,674526,6142,restaurant,The Stockbridge Restaurant,Class 3, ,324771,674526, 
324770,674525,6143,beauty clinic,The Face & Body Clinic,Class 1,EH3 5AL,324770,674525,56 ST. STEPHEN STREET
324772,674527,6144,gallery and gifts,The Laurel Gallery,Class 1, ,324772,674527, 
324778,674532,6145,beauty salon,The Remedy Rooms,Class 1,EH3 5AQ,324778,674532,66 ST. STEPHEN STREET
324780,674534,6146,bookshop,Golden Hare Books,Class 2,EH3 5AQ,324780,674534,68(GF) ST. STEPHEN STREET
324784,674538,6147,public house,The Antiquary,SUI GENERIS,EH3 5AQ,324784,674538,68-76 ST. STEPHEN STREET
324782,674536,6148,manicures & nail extensions,elite nails,Class 1,EH3 5AQ,324782,674536,72 ST. STEPHEN STREET
324786,674539,6149,gallery,Flaubert,Class 1,EH3 5AQ,324786,674539,74 ST. STEPHEN STREET
324855,674597,6150,residential property management,Bruce Rae Property Management,Class 2,EH3 5AQ,324855,674597,110B ST. STEPHEN STREET
324867,674602,6151,vacant,vacant,Vacant,EH3 5AD,324867,674602,112 ST. STEPHEN STREET
324871,674602,6152,Bridge Family Church (office),Bridge family Church,Class 2,EH3 5AD,324871,674602,114 ST. STEPHEN STREET
324894,674599,6153,No sign,Office,UNKNOWN USE,EH3 5AD,324894,674599,130 ST. STEPHEN STREET
324899,674598,6154,letting agent,Matrix Management Ltd.,Class 4,EH3 5AA,324899,674598,132 ST. STEPHEN STREET
324956,674542,6155,public house,St. Vincent Bar,SUI GENERIS,EH3 6SW,324956,674542,11 ST. VINCENT STREET
327444,676431,6156,accountants,Gillespie Accountancy,Class 4,EH6 7HR,327444,676431,2-4 SALAMANDER STREET
327485,676405,6157,cafe/bar,The Elbe Room,Class 3,EH6 7HR,327485,676405,18-20 SALAMANDER STREET
327954,676118,6158,food bank,Destiny Angels,Class 2,EH6 7LA,327954,676118,106 SALAMANDER STREET
327976,676103,6159,ceramic tiles,Tile Star,Class 1,EH6 7LA,327976,676103,112 SALAMANDER STREET
328093,676020,6160,carpets,Edinbugh Carpet & Flooring,Class 1,EH6 7LA,328093,676020,126 SALAMANDER STREET
328161,675987,6161,grocers (polish),Polska Chata,Class 1,EH6 7LA,328161,675987,126(1) SALAMANDER STREET
326487,672191,6162,Used and repair furniture,Polly's Attic,Class 1,EH9 1SL,326487,672191,5 SALISBURY PLACE
326478,672189,6163,hairdresser,Gordon Wilson,Class 1,EH9 1SL,326478,672189,9-11 SALISBURY PLACE
326472,672188,6164,hairdresser (gents),Crew,Class 1,EH9 1SL,326472,672188,13 SALISBURY PLACE
326468,672187,6165,restaurant,Hellers Kitchen,Class 3,EH9 1SL,326468,672187,15 SALISBURY PLACE
326462,672186,6166,n/t/c,Grange Post Office,Class 1,EH9 1SL,326462,672186,17 SALISBURY PLACE
326489,672217,6167,Restaurant,AS Sushi,Class 3,EH9 1SH,326489,672217,6-8 SALISBURY PLACE
326539,672233,6168,vacant,vacant,Vacant,EH16 5AA,326539,672233,53 SALISBURY ROAD
322922,677188,6169,vacant,vacant,Vacant,EH5 1PT,322922,677188,2 SALTIRE STREET
325829,677125,6170,supermarket - large,Asda,Class 1,EH6 6QJ,325829,677125,2 SANDPIPER DRIVE
326866,676510,6171,public house,Roseleaf,SUI GENERIS,EH6 6EW,326866,676510,23-24 SANDPORT PLACE
326984,676565,6172,bistro,Caf‚ Domenico's,Class 3,EH6 6EP,326984,676565,30 SANDPORT STREET
320859,671500,6173,vacant,vacant,Vacant,EH11 3QE,320859,671500,36 SAUGHTON MAINS GARDENS
320910,671506,6174,hot food take-away,Zack Oulden Fish & Chips,SUI GENERIS,EH11 3QE,320910,671506,52 SAUGHTON MAINS GARDENS
320907,671511,6175,hot food take-away (Chinese),Treasure Cottage,SUI GENERIS,EH11 3QE,320907,671511,54 SAUGHTON MAINS GARDENS
320905,671515,6176,n/t/c,Best One,Class 1,EH11 3QE,320905,671515,56 SAUGHTON MAINS GARDENS
320902,671520,6177,vacant,vacant,Vacant, ,320902,671520, 
320896,671531,6178,vacant,vacant,Vacant,EH11 3QE,320896,671531,60 SAUGHTON MAINS GARDENS
320646,671393,6179,hairdresser,Time Hair,Class 1,EH11 3PT,320646,671393,30 SAUGHTON ROAD
320207,672245,6180,public house,Carrickknowe Inn,SUI GENERIS,EH12 7JB,320207,672245,"73 SAUGHTON ROAD, NORTH"
320209,672235,6181,betting shop,Ladbrokes,Class 2,EH12 7JB,320209,672235,"75 SAUGHTON ROAD, NORTH"
320211,672230,6182,hot food take-away,Ginos,SUI GENERIS,EH12 7JB,320211,672230,"77 SAUGHTON ROAD, NORTH"
320213,672225,6183,hairdresser,Dianward,Class 1,EH12 7JB,320213,672225,"79 SAUGHTON ROAD, NORTH"
320214,672220,6184,betting shop,William Hill,Class 2,EH12 7JB,320214,672220,"81-83 SAUGHTON ROAD, NORTH"
320219,672206,6185,small supermarket,Scotmid,Class 1,EH12 7JB,320219,672206,"85-87 SAUGHTON ROAD, NORTH"
320217,672194,6186,hairdresser (gents),Buzz,Class 1,EH12 7JB,320217,672194,"89 SAUGHTON ROAD, NORTH"
320184,672178,6187,builders,J.Wood Joiners & Builders,Class 4,EH12 7JN,320184,672178,"100A SAUGHTON ROAD, NORTH"
320183,672182,6188,chiropodist / reflexology,DeepTissue and Sports Massage,Class 2,EH12 7JN,320183,672182,"100B SAUGHTON ROAD, NORTH"
320182,672186,6189,butcher,Harry Simpson,Class 1,EH12 7JN,320182,672186,"100C SAUGHTON ROAD, NORTH"
320180,672191,6190,baker,McArthurs1,Class 1,EH12 7JN,320180,672191,"100D SAUGHTON ROAD, NORTH"
320179,672195,6191,n/t/c,MHL Newsagents,Class 1,EH12 7JN,320179,672195,"100E SAUGHTON ROAD, NORTH"
320177,672200,6192,hot food take-away,Tasty Takeaway,SUI GENERIS,EH12 7JN,320177,672200,"100F SAUGHTON ROAD, NORTH"
320176,672205,6193,hairdresser,Alana's,Class 1,EH12 7JN,320176,672205,"100G SAUGHTON ROAD, NORTH"
320334,671981,6194,n/t/c & post office,Newsagent & Carrick Knowe Post Office,Class 1,EH12 7DS,320334,671981,"142 SAUGHTON ROAD, NORTH"
320337,671978,6195,chemist,Carrick Knowe Pharmacy,Class 1,EH12 7DS,320337,671978,"146 SAUGHTON ROAD, NORTH"
320339,671975,6196,coffee shop,The Coffee Express,Class 3,EH12 7DS,320339,671975,"148 SAUGHTON ROAD, NORTH"
320342,671970,6197,grocer (lic),Carrick Knowe Licensed Grocer,Class 1,EH12 7DS,320342,671970,"150 SAUGHTON ROAD, NORTH"
320345,671966,6198,joiners,GR windows and doors,Class 2,EH12 7DS,320345,671966,"154 SAUGHTON ROAD, NORTH"
320348,671962,6199,hot food takeaway,Istabul,SUI GENERIS,EH12 7DS,320348,671962,"156 SAUGHTON ROAD, NORTH"
320352,671957,6200,catering / sandwich bar,Ferry Good Food Ltd,Class 1,EH12 7DS,320352,671957,"158 SAUGHTON ROAD, NORTH"
320355,671952,6201,hairdressers (gents),Ross Barbers,Class 1,EH12 7DS,320355,671952,"162 SAUGHTON ROAD, NORTH"
320359,671947,6202,hairdresser,Time Hair,Class 1,EH12 7DS,320359,671947,"164 SAUGHTON ROAD, NORTH"
321968,673030,6203,accountants,Alistair Wilkie Law Accountants Ltd.,Class 2,EH12 5TW,321968,673030,21 SAUGHTONHALL DRIVE
321944,672699,6204,hairdresser and beauty salon,Sphere,Class 1,EH12 5TS,321944,672699,101-103 SAUGHTONHALL DRIVE
321940,672692,6205,IT specialist,System Wise,Class 4,EH12 5TS,321940,672692,105 SAUGHTONHALL DRIVE
321938,672689,6206,IT specialist,System Wise,Class 4,EH12 5TS,321938,672689,107 SAUGHTONHALL DRIVE
321912,672518,6207,grocer / convenience store,Scotmid,Class 1,EH12 5TT,321912,672518,(140-144) SAUGHTONHALL DRIVE
318765,676556,6208,caf‚,Cramond Falls Caf‚,Class 3,EH4 6JN,318765,676556,10A SCHOOL BRAE
326204,672474,6209,hot food take-away,The Codfather / Curry King,SUI GENERIS,EH9 1NH,326204,672474,3-5A SCIENNES
326008,672300,6210,accountants,Knowles & Co.,Class 2,EH9 1NX,326008,672300,20 SCIENNES ROAD
326016,672300,6211,n/t/c,Shiraz Newsagent,Class 1,EH9 1NX,326016,672300,21 SCIENNES ROAD
326041,672297,6212,restaurant & outside caterers,Annabelle's Restaurant,Class 3,EH9 1NX,326041,672297,27 SCIENNES ROAD
326047,672296,6213,office - various,"Ciao Roma, Property Connection, Universal Connections, Air innovation Technology, Associazone e Campani In Scozia a In Irlanda del Norde",Class 4,EH9 1NX,326047,672296,29 SCIENNES ROAD
313259,677620,6214,snooker centre,Bridges Pool Centre,Class 11,EH30 9PH,313259,677620,1-3 SCOTSTOUN GROVE
313261,677602,6215,hot food take away,Bodrum Fry and Turkish Kebab House,SUI GENERIS,EH30 9PH,313261,677602,2 SCOTSTOUN GROVE
313256,677602,6216,hot food take-away (Tandoori),Shahbaz 2 Tandoori,SUI GENERIS,EH30 9PH,313256,677602,4 SCOTSTOUN GROVE
313249,677620,6217,hardware,Scotstoun Hardware,Class 1,EH30 9PH,313249,677620,5 SCOTSTOUN GROVE
313239,677601,6218,public house,Queen's Retreat,SUI GENERIS,EH30 9PH,313239,677601,6 SCOTSTOUN GROVE
313244,677620,6219,grocer,Sunshine Supermarket,Class 1,EH30 9PH,313244,677620,7 SCOTSTOUN GROVE
313234,677620,6220,grocer / convenience store,Scotmid,Class 1,EH30 9PH,313234,677620,9 SCOTSTOUN GROVE
328222,675964,6221,electrician,Primrose Jackson,Class 2,EH6 7QP,328222,675964,1-2 SEAFIELD PLACE
328176,676038,6222,furniture,DREAMS PLC,Class 1,EH6 7LE,328176,676038,1(A) SEAFIELD ROAD
328193,676026,6223,vacant,vacant,Vacant,EH6 7LE,328193,676026,1(B) SEAFIELD ROAD
328331,675948,6224,petrol filling station & shop,Shell + Select Shop,Class 1,EH6 7LE,328331,675948,7 SEAFIELD ROAD
328648,675743,6225,dog grooming,Waggy Tails,Class 1,EH6 7LQ,328648,675743,36 SEAFIELD ROAD
328658,675738,6226,hot food takeaway,Mum's Takeaway,SUI GENERIS,EH6 7LQ,328658,675738,40 SEAFIELD ROAD
328720,675668,6227,car showroom,Arnold Clark,SUI GENERIS,EH6 7LQ,328720,675668,50 SEAFIELD ROAD
328895,675630,6228,discount goods,Bargain Base,Class 1,EH6 7LW,328895,675630,70 SEAFIELD ROAD
328917,675623,6229,carpets and floor coverings,Carpetright,Class 1,EH6 7LW,328917,675623,72 SEAFIELD ROAD
328949,675616,6230,mixed durables,B&M Homestore,Class 1,EH6 7LW,328949,675616,74 SEAFIELD ROAD
330006,674446,6231,n/t/c & post office,MS Saleemi Seafield Newsagent,Class 1,EH15 1EB,330006,674446,6 SEAFIELD ROAD EAST
329995,674463,6232,baker,Breadshare,Class 1,EH15 1EB,329995,674463,11-12 SEAFIELD ROAD EAST
328637,675691,6233,car hire & valet,Arnold Clark,SUI GENERIS,EH6 7LG,328637,675691,1 SEAFIELD STREET
329273,675447,6234,clothing,Matalan - discount club,Class 1,EH15 1TB,329273,675447,1 SEAFIELD WAY
329419,675248,6235,hot food takeaway,Quality Breakfast & Lunch,SUI GENERIS,EH15 1TB,329419,675248,3(01) SEAFIELD WAY
329382,675312,6236,vacant,VACANT,Vacant,EH15 1TB,329382,675312,2/2(B) SEAFIELD WAY
329367,675331,6237,vacant,VACANT,Vacant,EH15 1TB,329367,675331,2/2(A) SEAFIELD WAY
329385,675301,6238,hair & beauty products (trade),M&S SUPPLIES (LIVERPOOL) LIMITED,Class 1,EH15 1TB,329385,675301,2/3(A) SEAFIELD WAY
329359,675348,6239,golfing equipment,Direct Golf UK,Class 1,EH15 1TB,329359,675348,2/1 SEAFIELD WAY
329372,675331,6240,"ceramic tiles, laminated & hardwood flooring","Topps Tiles, Topps Floorstore",Class 1,EH15 1TB,329372,675331,2/3(B) SEAFIELD WAY
329395,675302,6241,flooring,Direct Flooring,Class 1,EH15 1TB,329395,675302,2/4 SEAFIELD WAY
329405,675289,6242,power tools,Hilti,Class 1,EH15 1TB,329405,675289,2/5 SEAFIELD WAY
322054,674568,6243,hot food take away (Chinese),Golden Pond,SUI GENERIS,EH4 2BS,322054,674568,1 SEAFORTH TERRACE
322048,674572,6244,hairdresser,Angus Gordon,Class 1,EH4 2BS,322048,674572,3-4 SEAFORTH TERRACE
322042,674577,6245,gifts,Cloudberry,Class 1,EH4 2BS,322042,674577,5 SEAFORTH TERRACE
324747,673041,6246,bikes and accessories,Evans Cycles,Class 1,EH3 8BL,324747,673041,1(A) SEMPLE STREET
324681,673045,6247,caf‚,Mint Caf‚,Class 3,EH3 8BL,324681,673045,3(GF2) SEMPLE STREET
323140,671956,6248,joiners,Edinburgh Sash and Case,Class 2,EH11 1QE,323140,671956,1A SHANDON CRESCENT
323150,671944,6249,vacant,vacant,Vacant,EH11 1QL,323150,671944,8-10 SHANDON PLACE
324641,673637,6250,sandwich shop,Subway,Class 1,EH2 4RG,324641,673637,3 SHANDWICK PLACE
324637,673645,6251,restaurant (italian),Ask,Class 3,EH2 4RG,324637,673645,7 SHANDWICK PLACE
324634,673642,6252,public house,The Rat Pack Piano,SUI GENERIS,EH2 4RG,324634,673642,9 SHANDWICK PLACE
324626,673637,6253,restaurant (italian),Ask,Class 1,EH2 4RG,324626,673637,13-15 SHANDWICK PLACE
324621,673632,6254,chiropodist,Shuropody Foot Health,Class 2,EH2 4RG,324621,673632,17 SHANDWICK PLACE
324615,673627,6255,optician,Optical Express,Class 1,EH2 4RG,324615,673627,23 SHANDWICK PLACE
324612,673625,6256,vacant,vacant,Vacant,EH2 4RG,324612,673625,23(B) SHANDWICK PLACE
324608,673622,6257,betting shop,Coral Racing,Class 2,EH2 4RG,324608,673622,25 SHANDWICK PLACE
324597,673613,6258,vacant,vacant,Vacant,EH2 4RG,324597,673613,27-31 SHANDWICK PLACE
324588,673607,6259,restaurant,Kasturi,Class 3,EH2 4RG,324588,673607,35-37 SHANDWICK PLACE
324582,673602,6260,photgraphic equipment,Jacobs,Class 1,EH2 4RG,324582,673602,41 SHANDWICK PLACE
324576,673598,6261,musical instruments,Rae MacIntosh Music Room,Class 2,EH2 4RG,324576,673598,45-47 SHANDWICK PLACE
324564,673588,6262,supermarket,The Co-operative Food,Class 1,EH2 4RG,324564,673588,49-61 SHANDWICK PLACE
324552,673581,6263,hairdresser,Headline Hairdressing,Class 1,EH2 4SD,324552,673581,63(1F)-65 SHANDWICK PLACE
324549,673578,6264,forces recruitment office,Armed Forces,Class 4,EH2 4SN,324549,673578,63(GF)-65 SHANDWICK PLACE
324539,673569,6265,household goods,Savers,Class 1,EH2 4SD,324539,673569,77 SHANDWICK PLACE
324533,673565,6266,career advice,Skills Development Scotland,Class 2,EH2 4SD,324533,673565,79 SHANDWICK PLACE
324528,673561,6267,stationers,Ryman,Class 1,EH2 4SD,324528,673561,81 SHANDWICK PLACE
324521,673556,6268,charity shop,British Heart Foundation,Class 1,EH2 4SD,324521,673556,85 SHANDWICK PLACE
324513,673549,6269,cafe,Social Byte,Class 3,EH2 4SD,324513,673549,89 SHANDWICK PLACE
324509,673546,6270,restaurant,Burger,Class 3,EH2 4SD,324509,673546,91-93 SHANDWICK PLACE
324501,673540,6271,restaurant (Italian),La Piazza Ristorante Pizzeria,Class 3,EH2 4SD,324501,673540,97 SHANDWICK PLACE
324496,673536,6272,public house,Au Bar,SUI GENERIS,EH2 4SD,324496,673536,101(01) SHANDWICK PLACE
324625,673675,6273,bank,Santander,Class 2,EH2 4RN,324625,673675,2-4 SHANDWICK PLACE
324614,673668,6274,restaurant (mexican),Pinto,Class 3,EH2 4RN,324614,673668,6 SHANDWICK PLACE
324608,673663,6275,chemist (health foods),Holland and Barrett,Class 1,EH2 4RN,324608,673663,10 SHANDWICK PLACE
324602,673660,6276,optician,Specsavers,Class 1,EH2 4RN,324602,673660,14-16 SHANDWICK PLACE
324598,673656,6277,amusement centre,Quicksilver,Class 11,EH2 4RN,324598,673656,18(01) SHANDWICK PLACE
324587,673648,6278,bank,Bank of Scotland,Class 2,EH2 4RN,324587,673648,22 SHANDWICK PLACE
324578,673641,6279,public house,The Grosvenor,SUI GENERIS,EH2 4RT,324578,673641,26-28 SHANDWICK PLACE
324573,673637,6280,vacant,vacant,Vacant,EH2 4RT,324573,673637,30 SHANDWICK PLACE
324568,673634,6281,supermarket,Sainsbury's Local,Class 1,EH2 4RT,324568,673634,32-36 SHANDWICK PLACE
324554,673623,6282,e-cigarettes,Vapourized,Class 1,EH2 4RT,324554,673623,38 SHANDWICK PLACE
324550,673619,6283,mixed durable goods,Poundstretcher,Class 1,EH2 4RT,324550,673619,42 SHANDWICK PLACE
324546,673616,6284,picture framing,Fast Frame,Class 1,EH2 4RT,324546,673616,44 SHANDWICK PLACE
324537,673609,6285,chemist,Boots,Class 1,EH2 4RT,324537,673609,46-50 SHANDWICK PLACE
324528,673603,6286,coffee shop,Starbucks,Class 3,EH2 4RT,324528,673603,52(GF) SHANDWICK PLACE
324520,673596,6287,caf‚ & take-away food,Pret a Manger,Class 1,EH2 4RT,324520,673596,56 SHANDWICK PLACE
327152,676682,6288,public house & restaurant,Fishers,SUI GENERIS,EH6 6QW,327152,676682,1 SHORE
327150,676669,6289,public house & restaurant,The Shore,SUI GENERIS,EH6 6QW,327150,676669,3 SHORE
327129,676578,6290,public house,The Ship,SUI GENERIS,EH6 6QN,327129,676578,24-26 SHORE
327125,676556,6291,public house,The Granary,SUI GENERIS,EH6 6QN,327125,676556,32-34 SHORE
327121,676543,6292,"delicatessen, take away food",The Clock,Class 1,EH6 6QN,327121,676543,35 SHORE
327112,676525,6293,public house,King's Wark,SUI GENERIS,EH6 6QU,327112,676525,36 SHORE
327102,676512,6294,restaurant,Pizza Express,Class 3,EH6 6QU,327102,676512,38 SHORE
327090,676493,6295,public house,Malt & Hops,SUI GENERIS,EH6 6QU,327090,676493,45 SHORE
327065,676456,6296,delicatessen,Shore Deli,Class 1,EH6 6RA,327065,676456,52 SHORE
327062,676451,6297,restaurant,Martin Wishart,Class 3,EH6 6RA,327062,676451,54-55 SHORE
327059,676436,6298,public house,The Leith Beer Company,SUI GENERIS,EH6 6RA,327059,676436,57-58 SHORE
327014,676408,6299,caf‚,Mimi's Bakehouse,Class 3,EH6 6RA,327014,676408,62-63 SHORE
327008,676402,6300,art gallery,The Leith Gallery,Class 1, ,327008,676402, 
326988,676383,6301,restaurant,Caf‚ Truva,Class 3,EH6 6RG,326988,676383,77 SHORE
327032,676361,6302,restaurant,Tapa Edinburgh,Class 3,EH6 6SW,327032,676361,19 SHORE PLACE
312272,678685,6303,caf‚,Picnic at the Port,Class 3,EH30 9SQ,312272,678685,(10/1) PORT EDGAR
312272,678684,6304,marine products,Bosun's Locker,Class 1,EH30 9SQ,312272,678684,(1/7) PORT EDGAR
319585,670756,6305,public house,The Crofters,SUI GENERIS,EH11 4BW,319585,670756,1 SIGHTHILL COURT
320833,675864,6306,travel agent,Connoisseur,Class 1,EH4 5LF,320833,675864,38 SILVERKNOWES ROAD
320829,675870,6307,hairdresser,AK,Class 1,EH4 5LF,320829,675870,40 SILVERKNOWES ROAD
320828,675874,6308,charity office,Hopscotch,Class 2,EH4 5LF,320828,675874,42 SILVERKNOWES ROAD
320826,675878,6309,vacant,vacant,Vacant,EH4 5LF,320826,675878,44 SILVERKNOWES ROAD
320824,675882,6310,weight loss clinic,The Life Balance Studio,Class 2,EH4 5LF,320824,675882,46 SILVERKNOWES ROAD
320821,675888,6311,electrician,M Barry & Son,Class 2,EH4 5LF,320821,675888,48 SILVERKNOWES ROAD
320817,675896,6312,n/t/c,Silverknowes Stores,Class 1,EH4 5LF,320817,675896,52 SILVERKNOWES ROAD
325680,672938,6313,caf‚,Peters Yard,Class 3,EH3 9GG,325680,672938,27 SIMPSON LOAN
325681,672947,6314,supermarket,Sainsbury Local,Class 1,EH3 9GG,325681,672947,29-30 SIMPSON LOAN
325625,672938,6315,bakers,Soderberg Bakery,Class 1,EH3 9GG,325625,672938,33 SIMPSON LOAN
325681,672956,6316,coffee shop,Starbucks,Class 3,EH3 9GG,325681,672956,32 SIMPSON LOAN
323297,672103,6317,courier service,Despatch Box,Class 1,EH11 1PA,323297,672103,33 SLATEFORD ROAD
323293,672100,6318,building maintenance,Paragon Trade Services Ltd,Class 4,EH11 1PA,323293,672100,37 SLATEFORD ROAD
323191,672022,6319,vacant,vacant,Vacant,EH11 1PR,323191,672022,39-41 SLATEFORD ROAD
323187,672019,6320,hairdresser,Angel,Class 1,EH11 1PR,323187,672019,45 SLATEFORD ROAD
323184,672016,6321,dental surgery,Slateford Dental Care,Class 1, ,323184,672016, 
323177,672010,6322,dental surgery,Slateford Dental Care,Class 2, ,323177,672010, 
323172,672006,6323,hairdresser,Just Alans,Class 1,EH11 1PR,323172,672006,55 SLATEFORD ROAD
323169,672003,6324,vacant,vacant,Vacant,EH11 1PR,323169,672003,57 SLATEFORD ROAD
323166,672001,6325,hot food take-away (Chinese),Hong Kong BBQ,SUI GENERIS,EH11 1PR,323166,672001,59 SLATEFORD ROAD
323163,671998,6326,bin store,connected to Taste Good restaurant,Class 1, ,323163,671998, 
323160,671995,6327,food preparation,connected to Taste Good restaurant,Class 1, ,323160,671995, 
323148,671989,6328,restaurant / take away,Taste Good,Class 3,EH11 1PR,323148,671989,61-75 SLATEFORD ROAD
323152,671989,6329,restaurant (Chinese),Taste Good Restaurant,Class 3, ,323152,671989, 
323143,671980,6330,off licence,High Spirit,Class 1,EH11 1PR,323143,671980,77 SLATEFORD ROAD
323031,671893,6331,vacant,vacant,Vacant,EH11 1QR,323031,671893,81-83 SLATEFORD ROAD
323023,671888,6332,IT repairs,Entire IT Solutions,Class 1,EH11 1QR,323023,671888,85 SLATEFORD ROAD
323018,671884,6333,caf‚ & take-away food,Hungry Henrys,Class 3,EH11 1QR,323018,671884,87 SLATEFORD ROAD
323012,671879,6334,bicycles,Freewheelin',Class 1,EH11 1QR,323012,671879,91 SLATEFORD ROAD
322946,671822,6335,public house,Gray's Mill,SUI GENERIS,EH11 1QY,322946,671822,101-105 SLATEFORD ROAD
322938,671816,6336,chemist,Lindsay + Gilmore,Class 1,EH11 1QY,322938,671816,107 SLATEFORD ROAD
322930,671808,6337,hot food take-away,Marmaris Grill,SUI GENERIS,EH11 1QY,322930,671808,109 SLATEFORD ROAD
322921,671799,6338,vacant,vacant,Vacant,EH11 1QY,322921,671799,113-115 SLATEFORD ROAD
322913,671792,6339,betting shop,Scotbet,Class 2,EH11 1QY,322913,671792,119 SLATEFORD ROAD
322868,671740,6340,hairdresser,Doll's House,Class 1,EH14 1NW,322868,671740,143 SLATEFORD ROAD
322863,671734,6341,hairdresser,Dolls House,Class 1,EH14 1NW,322863,671734,145 SLATEFORD ROAD
322857,671725,6342,vacant,vacant,Vacant,EH14 1NW,322857,671725,147 SLATEFORD ROAD
322852,671718,6343,hot food take-away,Hot Pot,SUI GENERIS,EH14 1NW,322852,671718,149 SLATEFORD ROAD
322886,671605,6344,clothing,Matalan,Class 1,EH14 1NZ,322886,671605,155 SLATEFORD ROAD
322552,671274,6345,petrol filling station & shop,B.P. (M&S Simply Food & Wild Bean Caf‚),Class 1,EH11 1PU,322552,671274,187 SLATEFORD ROAD
322244,670931,6346,hot food take-away (pizza),Dominos (under refurbishment),SUI GENERIS,EH14 1LR,322244,670931,134-136 SLATEFORD ROAD
322240,670923,6347,health and fitness,Personal Training and Well Being Studio,Class 1,EH14 1LR,322240,670923,138 SLATEFORD ROAD
322237,670921,6348,hairdresser,Studio 10,Class 1,EH14 1LR,322237,670921,140 SLATEFORD ROAD
326840,675236,6349,printers,Paragon Print Co.,Class 4,EH6 8RQ,326840,675236,42A SLOAN STREET
325955,673640,6350,public house,The Inn on the Mile,SUI GENERIS,EH1 1LL,325955,673640,1-3 SOUTH BRIDGE
325956,673626,6351,public house,Whistle Binkies,SUI GENERIS,EH1 1LL,325956,673626,(4A) SOUTH BRIDGE
325958,673619,6352,restaurant & hot food take-away,Pizza Paradise,Class 3,EH1 1LL,325958,673619,4-6 SOUTH BRIDGE
325958,673611,6353,Charity Shop,St Michaels Hospice,Class 1,EH1 1LL,325958,673611,7 SOUTH BRIDGE
325962,673603,6354,hot food take away,Subway,SUI GENERIS,EH1 1LL,325962,673603,10 SOUTH BRIDGE
325967,673590,6355,"office services (mail boxes, packing, shipping, copying, laminating, binding, office supplies etc.)",Mail Boxes Etc.,Class 4,EH1 1LL,325967,673590,12-13 SOUTH BRIDGE
325969,673582,6356,caf‚ (halal Mediterannean food),Zenobia,Class 3,EH1 1LL,325969,673582,14 SOUTH BRIDGE
325970,673576,6357,Charity,Street Work,Class 2,EH1 1LL,325970,673576,18 SOUTH BRIDGE
325976,673554,6358,baker,Greggs,Class 1,EH1 1LL,325976,673554,21 SOUTH BRIDGE
325978,673547,6359,restaurant,Noodle'n'ice,Class 3,EH1 1LL,325978,673547,24-25 SOUTH BRIDGE
325980,673540,6360,mobile phones & accessories,Phone Box,Class 1,EH1 1LL,325980,673540,26 SOUTH BRIDGE
325981,673534,6361,hairdresser,Cutc Barbers,Class 1,EH1 1LL,325981,673534,28 SOUTH BRIDGE
325983,673528,6362,Cafe,Zuhu,Class 3,EH1 1LL,325983,673528,29-30 SOUTH BRIDGE
325985,673521,6363,hair & beauty products,Sally Hair & Beauty,Class 1,EH1 1LL,325985,673521,32-33 SOUTH BRIDGE
325988,673508,6364,Betting Shop,William Hill,Class 2,EH1 1LL,325988,673508,34-36 SOUTH BRIDGE
325993,673486,6365,"clothes, tattoo artist",Applejack,Class 1,EH1 1LL,325993,673486,37 SOUTH BRIDGE
325994,673481,6366,hot food take-away,Piemaker,SUI GENERIS,EH1 1LL,325994,673481,38 SOUTH BRIDGE
325997,673471,6367,sci-fi gifts & memorabilia,Forbidden Planet,Class 1,EH1 1LL,325997,673471,39-41 SOUTH BRIDGE
326000,673457,6368,Bakers,Jacob,Class 1,EH1 1LL,326000,673457,42-44 SOUTH BRIDGE
325999,673462,6369,"n/t/c, grocer",Mace,Class 1,EH1 1LL,325999,673462,43-44 SOUTH BRIDGE
326005,673442,6370,cafe,Yocoko,Class 3,EH1 1LL,326005,673442,45-46 SOUTH BRIDGE
326007,673433,6371,second-hand goods,Cash Generator,Class 1,EH1 1LL,326007,673433,47-49 SOUTH BRIDGE
326010,673421,6372,court lawyers,Thorley Stephenson,Class 4,EH1 1LL,326010,673421,51 SOUTH BRIDGE
326012,673415,6373,cafe,Aroma Coffee Bar,Class 3,EH1 1LL,326012,673415,52 SOUTH BRIDGE
326021,673387,6374,books,Blackwells (including Caffe Nero),Class 1,EH1 1LS,326021,673387,53-56 SOUTH BRIDGE
326023,673380,6375,hairdresser,Cheynes,Class 1,EH1 1LS,326023,673380,57 SOUTH BRIDGE
326025,673375,6376,Books,Southside Books,Class 1,EH1 1LS,326025,673375,58 SOUTH BRIDGE
326028,673366,6377,supermarket,Tesco Express,Class 1,EH1 1LS,326028,673366,60-62 SOUTH BRIDGE
326030,673355,6378,restaurant (Italian),Ciao Roma,Class 3,EH1 1LS,326030,673355,64 SOUTH BRIDGE
326034,673337,6379,public house,Rascals,SUI GENERIS,EH1 1LS,326034,673337,65-67 SOUTH BRIDGE
325983,673429,6380,public house & restaurant,Biblos,SUI GENERIS,EH1 1HN,325983,673429,74-75 SOUTH BRIDGE
325981,673428,6381,public house & restaurant,Biblos,SUI GENERIS, ,325981,673428, 
325981,673436,6382,public house & restaurant,Biblos,SUI GENERIS, ,325981,673436, 
325979,673443,6383,"computer assessories, mobile phones, cameras",Netversal,Class 1,EH1 1HN,325979,673443,76 SOUTH BRIDGE
325971,673471,6384,Cafe,COSTA LTD,Class 3,EH1 1HN,325971,673471,78 SOUTH BRIDGE
325971,673471,6385,Supermarket,J.SAINSBURY PLC,Class 1,EH1 1HN,325971,673471,79 SOUTH BRIDGE
325964,673501,6386,vacant,Vacant,Vacant,EH1 1HN,325964,673501,85-87 SOUTH BRIDGE
325961,673512,6387,shoes & footwear,Shoe Zone,Class 1,EH1 1HN,325961,673512,88-89 SOUTH BRIDGE
325960,673518,6388,records,Ripping Records,Class 1,EH1 1HN,325960,673518,91 SOUTH BRIDGE
325957,673527,6389,general clothing,Edinburgh Clothing Company,Class 1,EH1 1HN,325957,673527,93 SOUTH BRIDGE
325955,673532,6390,n/t/c,Global News,Class 1,EH1 1HN,325955,673532,95 SOUTH BRIDGE
325954,673539,6391,clothing and assessories,Yekta,Class 1,EH1 1HN,325954,673539,96 SOUTH BRIDGE
325952,673545,6392,Small convenience store,City Store,Class 1,EH1 1HN,325952,673545,97-99 SOUTH BRIDGE
325947,673564,6393,vacant,vacant,Vacant,EH1 1HN,325947,673564,98-106 SOUTH BRIDGE
325941,673589,6394,"clothing, gifts, household goods",The Scotland Shop,Class 1,EH1 1HN,325941,673589,107-108 SOUTH BRIDGE
324804,673729,6395,building society,Dunfermline Building Society,Class 2,EH2 4AN,324804,673729,"3 CHARLOTTE STREET, SOUTH"
324797,673764,6396,restaurant (Spanish),La Tasca Spanish Tapas Bar & Restaurant,Class 3,EH2 4AS,324797,673764,"9 CHARLOTTE STREET, SOUTH"
324768,673731,6397,public house,Edwards,SUI GENERIS,EH2 4AW,324768,673731,"4 CHARLOTTE STREET, SOUTH"
326310,672693,6398,grocer,AA Bargain Store,Class 1,EH8 9JD,326310,672693,"1 CLERK STREET, SOUTH"
326312,672689,6399,General store,The real A B Cave,Class 1,EH8 9JD,326312,672689,"3 CLERK STREET, SOUTH"
326315,672684,6400,Hi-Fi & Video Repair Service,Hi-Fi & Video Repair Service,Class 1,EH8 9JD,326315,672684,"7 CLERK STREET, SOUTH"
326317,672680,6401,baker,Greggs,Class 1,EH8 9JD,326317,672680,"9 CLERK STREET, SOUTH"
326320,672674,6402,charity shop,Cancer Research,Class 1,EH8 9JD,326320,672674,"11 CLERK STREET, SOUTH"
326322,672669,6403,launderette,Cleaning Centre,Class 1,EH8 9JD,326322,672669,"13-13A CLERK STREET, SOUTH"
326325,672664,6404,hairdresser,Paterson SA Hairdressing,Class 1,EH8 9JD,326325,672664,"17 CLERK STREET, SOUTH"
326326,672658,6405,printers,Pace Print,Class 4,EH8 9JD,326326,672658,"19 CLERK STREET, SOUTH"
326331,672652,6406,money lenders,Cash Converters,Class 2,EH8 9JD,326331,672652,"21 CLERK STREET, SOUTH"
326333,672646,6407,hot food Takeaway,Finn an 2 go,SUI GENERIS,EH8 9JD,326333,672646,"23 CLERK STREET, SOUTH"
326336,672640,6408,Restaurant,Rigatoni's,Class 3,EH8 9JD,326336,672640,"27 CLERK STREET, SOUTH"
326342,672633,6409,stationery,Newington Staioners,Class 1,EH8 9JD,326342,672633,"29 CLERK STREET, SOUTH"
326353,672602,6410,small convenience store,Sainsburys Local,Class 1,EH8 9NZ,326353,672602,"31-35 CLERK STREET, SOUTH"
326358,672588,6411,confectionery,Choco Latte,Class 1,EH8 9NZ,326358,672588,"39 CLERK STREET, SOUTH"
326361,672581,6412,vacant,Vacant,Vacant,EH8 9NZ,326361,672581,"41 CLERK STREET, SOUTH"
326376,672547,6413,tanning studio,Tanz,Class 11,EH8 9NZ,326376,672547,"43-43A CLERK STREET, SOUTH"
326379,672542,6414,hot food take-away,Chilli Connection,SUI GENERIS,EH8 9NZ,326379,672542,"47 CLERK STREET, SOUTH"
326381,672538,6415,vacant,Vacant,Vacant,EH8 9NZ,326381,672538,"47A CLERK STREET, SOUTH"
326385,672528,6416,convenience store,Being refurbished to a Co-op,Class 1,EH8 9NZ,326385,672528,"49-49A CLERK STREET, SOUTH"
326398,672501,6417,bank,Bank of Scotland / HBOS,Class 2,EH8 9PP,326398,672501,"51-53 CLERK STREET, SOUTH"
326404,672488,6418,sports equipment & clothing,Planet X Bikes (Closed),Class 1,EH8 9PP,326404,672488,"57-59 CLERK STREET, SOUTH"
326409,672480,6419,Off licence,Brew Store,Class 1,EH8 9PP,326409,672480,"61 CLERK STREET, SOUTH"
326412,672472,6420,tanning studio,The Tan Stand,Class 11,EH8 9PP,326412,672472,"65A CLERK STREET, SOUTH"
326416,672465,6421,public house,The Abbey,SUI GENERIS,EH8 9PP,326416,672465,"65-67 CLERK STREET, SOUTH"
326420,672454,6422,caf‚,Newington Coffee Shop,Class 3,EH8 9PP,326420,672454,"69 CLERK STREET, SOUTH"
326427,672439,6423,grocer / convenience store,Your Store,Class 1,EH8 9PP,326427,672439,"73-75 CLERK STREET, SOUTH"
326429,672441,6424,Funeral Directors,H&W Harkees Funeral Directors,Class 1,EH8 9PP,326429,672441,"77 CLERK STREET, SOUTH"
326305,672637,6425,theatre,Queen's Hall (office),Class 4,EH8 9JE,326305,672637,"2 CLERK STREET, SOUTH"
326308,672631,6426,computer equipment,User 2 Computers,Class 1,EH8 9JE,326308,672631,"4 CLERK STREET, SOUTH"
326311,672625,6427,vacant,Vacant,Vacant,EH8 9JE,326311,672625,"8-8A CLERK STREET, SOUTH"
326314,672619,6428,solicitors / estate agent,Valente McCombie & Hunters,Class 2,EH8 9JE,326314,672619,"10 CLERK STREET, SOUTH"
326327,672592,6429,hot food take-away,Papa John's Pizza,SUI GENERIS,EH8 9PR,326327,672592,"12 CLERK STREET, SOUTH"
326329,672586,6430,hairdresser (gents),Metro Barbers,Class 1,EH8 9PR,326329,672586,"14 CLERK STREET, SOUTH"
326332,672579,6431,Coffee Shop,Edinburgh Coffee Shop,Class 3,EH8 9PR,326332,672579,"18 CLERK STREET, SOUTH"
326333,672575,6432,charity shop / caf‚,Himalaya,Class 1,EH8 9PR,326333,672575,"20 CLERK STREET, SOUTH"
326335,672570,6433,public house,The Southern Bar,SUI GENERIS,EH8 9PR,326335,672570,"22-26 CLERK STREET, SOUTH"
326337,672566,6434,shoe repairs / key cutting,Cobblers Key,Class 1,EH8 9PR,326337,672566,"30 CLERK STREET, SOUTH"
326338,672562,6435,cafe,Cafe Grille,Class 3,EH8 9PR,326338,672562,"32 CLERK STREET, SOUTH"
326339,672559,6436,hairdresser & beauty salon,Medusa,Class 1,EH8 9PS,326339,672559,"34 CLERK STREET, SOUTH"
326350,672539,6437,dancing outfits,The Dance Shop,Class 1,EH8 9PS,326350,672539,"42 CLERK STREET, SOUTH"
326352,672532,6438,Cafe,Gusto Italiano,Class 3,EH8 9PS,326352,672532,"44 CLERK STREET, SOUTH"
326353,672529,6439,hot food take-away,Chicken Club,SUI GENERIS,EH8 9PS,326353,672529,"46 CLERK STREET, SOUTH"
326355,672525,6440,Photo Processing,Kodak Express,Class 1,EH8 9PS,326355,672525,"50-54 CLERK STREET, SOUTH"
326358,672519,6441,hot food take-away,Noor Take-Away,SUI GENERIS,EH8 9PS,326358,672519,"56 CLERK STREET, SOUTH"
326360,672514,6442,Beauty,Le Dermex,Class 1,EH8 9PS,326360,672514,"58 CLERK STREET, SOUTH"
326362,672510,6443,"second-hand records, tapes",Hoggs Head,Class 1,EH8 9PS,326362,672510,"62 CLERK STREET, SOUTH"
326364,672506,6444,hair and beauty,Colours,Class 1,EH8 9PS,326364,672506,"64 CLERK STREET, SOUTH"
326368,672495,6445,Deli,Bona Deli,Class 1,EH8 9PS,326368,672495,"66-68 CLERK STREET, SOUTH"
326372,672486,6446,grocer,Fresh Choice,Class 1,EH8 9PT,326372,672486,"72 CLERK STREET, SOUTH"
326374,672482,6447,restaurant,Clerks Bar,Class 3,EH8 9PT,326374,672482,"74-78 CLERK STREET, SOUTH"
326379,672474,6448,hot food take-away,Potatoland,SUI GENERIS,EH8 9PT,326379,672474,"82 CLERK STREET, SOUTH"
326382,672466,6449,Computer repairs,PC repair man,Class 1,EH8 9PT,326382,672466,"84 CLERK STREET, SOUTH"
326385,672459,6450,Newsagents,News box,Class 1,EH8 9PT,326385,672459,"86 CLERK STREET, SOUTH"
326388,672454,6451,letting agent,Jonas (Closed),Class 2,EH8 9PT,326388,672454,"88 CLERK STREET, SOUTH"
326390,672450,6452,charity shop,SANDS Lothian,Class 1,EH8 9PT,326390,672450,"92 CLERK STREET, SOUTH"
326391,672446,6453,hairdresser,McKenzie Knight,Class 1,EH8 9PT,326391,672446,"94 CLERK STREET, SOUTH"
326393,672442,6454,Beauty,All About You,Class 1,EH8 9PT,326393,672442,"94A CLERK STREET, SOUTH"
326395,672436,6455,hot food take-away (Chinese),Hung Lam,SUI GENERIS,EH8 9PT,326395,672436,"96 CLERK STREET, SOUTH"
326397,672431,6456,carpets,G & C Carpets,Class 1,EH8 9PT,326397,672431,"98 CLERK STREET, SOUTH"
325997,673300,6457,public house,The Captain's Bar,SUI GENERIS,EH8 9AA,325997,673300,"4 COLLEGE STREET, SOUTH"
325990,673295,6458,coffee shop,THIRD WAVE COFFEE LTD,Class 3,EH8 9AA,325990,673295,"6-8 COLLEGE STREET, SOUTH"
325980,673296,6459,vacant,vacant,Vacant,EH8 9AA,325980,673296,"9 COLLEGE STREET, SOUTH"
325976,673294,6460,restaurant (Indian),Ginger,Class 3,EH8 9AA,325976,673294,"11 COLLEGE STREET, SOUTH"
326251,676314,6461,public house,Village Inn,SUI GENERIS,EH6 4DN,326251,676314,"16 FORT STREET, SOUTH"
322546,674626,6462,restaurant & hot food take-away,Kentucky Fried Chicken (KFC),Class 3,EH4 2LN,322546,674626,22 SOUTH GROATHILL AVENUE
322628,674601,6463,vacant,vacant,Vacant,EH4 2LN,322628,674601,22B SOUTH GROATHILL AVENUE
322630,674628,6464,mixed durable goods,Boots,Class 1,EH4 2LN,322630,674628,24 SOUTH GROATHILL AVENUE
322635,674661,6465,mixed durable goods (catalogue store),Argos,Class 1,EH4 2LN,322635,674661,26 SOUTH GROATHILL AVENUE
322637,674685,6466,electrical goods,Currys,Class 1,EH4 2LN,322637,674685,28-30 SOUTH GROATHILL AVENUE
322641,674726,6467,ladies & mens clothing,TK Maxx,Class 1,EH4 2LN,322641,674726,32 SOUTH GROATHILL AVENUE
322594,674767,6468,d.i.y.,Homebase,Class 1,EH4 2LN,322594,674767,36 SOUTH GROATHILL AVENUE
322546,674770,6469,sports clothing & equipment,Nike,Class 1,EH4 2LN,322546,674770,38 SOUTH GROATHILL AVENUE
322513,674729,6470,large mixed durable + food,Marks & Spencer,Class 1,EH4 2LN,322513,674729,40-42 SOUTH GROATHILL AVENUE
322482,674714,6471,shoes,Clarks,Class 1,EH4 2LN,322482,674714,44 SOUTH GROATHILL AVENUE
322476,674701,6472,outdoor clothing,Trespass,Class 3,EH4 2LN,322476,674701,46B SOUTH GROATHILL AVENUE
322480,674702,6473,coffee shop,Costa,Class 3,EH4 2LN,322480,674702,46A SOUTH GROATHILL AVENUE
322479,674686,6474,"ladies, gents, children's clothing",New Look,Class 1,EH4 2LN,322479,674686,48-50 SOUTH GROATHILL AVENUE
322477,674664,6475,household goods,Bargain Buys,Class 1,EH4 2LN,322477,674664,52 SOUTH GROATHILL AVENUE
322475,674642,6476,"ladies, gents, children's clothing",Outfit,Class 1,EH4 2LN,322475,674642,54 SOUTH GROATHILL AVENUE
318884,671515,6477,vacant,vacant,Vacant,EH12 9EB,318884,671515,17F/4 SOUTH GYLE CRESCENT
318894,671517,6478,n/t/c,Gyle News,Class 1,EH12 9EB,318894,671517,17F/3 SOUTH GYLE CRESCENT
318903,671518,6479,baker,Gregs,Class 1,EH12 9EB,318903,671518,17F/2 SOUTH GYLE CRESCENT
318912,671520,6480,hairdresser,Instanbul 34 Barbers,Class 1,EH12 9EB,318912,671520,17F/1 SOUTH GYLE CRESCENT
318902,671518,6481,hot food takeaway,The Chargrill Company,SUI GENERIS,EH12 9EB,318902,671518,(B) SOUTH GYLE CRESCENT
318844,671620,6482,hot food takeaway,Nudoru Chinese,SUI GENERIS,EH12 9EB,318844,671620,12(F) SOUTH GYLE CRESCENT
318559,671823,6483,caf‚,Naihas Caffe,Class 3,EH12 9EB,318559,671823,30A SOUTH GYLE CRESCENT
318496,671855,6484,takeaway food,Liz's Snack Bar,Class 3,EH12 9EB,318496,671855,(36A) SOUTH GYLE CRESCENT
319062,672136,6485,grocer,Day -Today Express,Class 1,EH12 9HU,319062,672136,135 SOUTH GYLE MAINS
312745,670924,6486,sports equipment & clothing,Graham Tiso,Class 1,EH28 8AA,312745,670924,1(A) SOUTH PLATT HILL
325709,673999,6487,restaurant & hot food take-away,McDonalds,Class 3,EH2 2AU,325709,673999,3-5 SOUTH ST ANDREW STREET
325705,674014,6488,restaurant,KFC,Class 3,EH2 2AU,325705,674014,7 SOUTH ST ANDREW STREET
325700,674035,6489,betting shop,Scotbet,Class 2,EH2 2AU,325700,674035,15-17 SOUTH ST ANDREW STREET
325697,674042,6490,"souvenirs, gifts",The Pride of Scotland,Class 1,EH2 2AU,325697,674042,19 SOUTH ST ANDREW STREET
325673,674007,6491,hairdresser,Charlie Miller,Class 1,EH2 2AZ,325673,674007,8 SOUTH ST ANDREW STREET
325670,674018,6492,restaurant (Chinese),Saigon Saigon,Class 3,EH2 2AZ,325670,674018,14 SOUTH ST ANDREW STREET
325667,674028,6493,bank,Barclays,Class 2,EH2 2AZ,325667,674028,16(GF) SOUTH ST ANDREW STREET
324605,676376,6494,chemist,L.E. Hartley,Class 1,EH5 3PN,324605,676376,37 SOUTH TRINITY ROAD
324603,676384,6495,grocer (lic.),A & A Stores,Class 1,EH5 3PN,324603,676384,41 SOUTH TRINITY ROAD
324728,676038,6496,chiropractors,Trinity Chiropratic,Class 2,EH5 3NR,324728,676038,4 SOUTH TRINITY ROAD
324726,676043,6497,hairdresser (ladies & gents),Joseph Quigley,Class 1,EH5 3NR,324726,676043,8 SOUTH TRINITY ROAD
324725,676048,6498,fabrics,Kitschyco,Class 1,EH5 3NR,324725,676048,10 SOUTH TRINITY ROAD
324722,676058,6499,financial advice,Reference Point,Class 2,EH5 3NR,324722,676058,14 SOUTH TRINITY ROAD
324721,676063,6500,hairdresser and brow bar,Russman Hair Design,Class 1,EH5 3NR,324721,676063,16 SOUTH TRINITY ROAD
324720,676068,6501,chiropodist / podiatrist,Mary O'Sullivan,Class 2,EH5 3NR,324720,676068,18 SOUTH TRINITY ROAD
329891,672788,6502,dental surgery,Duddingston Dental Practice,Class 2, ,329891,672788, 
329889,672803,6503,vacant,vacant,Vacant,EH15 1QR,329889,672803,12-16 SOUTHFIELD LOAN
330202,673555,6504,hot food take-away,Kebab House,SUI GENERIS,EH15 1LZ,330202,673555,16 SOUTHFIELD PLACE
327780,668173,6505,grocer (lic.) / post office,Key Store / Gracemount Post Office (Broadway Supermarket),Class 1,EH17 8DR,327780,668173,3 SOUTHHOUSE BROADWAY
327781,668165,6506,betting shop,LADBROKES BETTING & GAMING LTD,Class 2,EH17 8DR,327781,668165,5-7 SOUTHHOUSE BROADWAY
327697,667859,6507,vacant,vacant,Vacant,EH17 8AS,327697,667859,47 SOUTHHOUSE BROADWAY
327694,667854,6508,vacant,vacant,Vacant,EH17 8AS,327694,667854,49 SOUTHHOUSE BROADWAY
327745,668156,6509,public house,Waverley Inn,SUI GENERIS,EH17 8HG,327745,668156,8 SOUTHHOUSE BROADWAY
327707,667855,6510,hot food takeaway,Joe's Fish Bar,SUI GENERIS,EH17 8EW,327707,667855,40 SOUTHHOUSE ROAD
327714,667849,6511,grocer (lic.),U Save,Class 1,EH17 8EW,327714,667849,42-44 SOUTHHOUSE ROAD
326345,675257,6512,grocer (lic.),The Corner Store,Class 1,EH7 4PL,326345,675257,26 SPEY TERRACE
324911,673201,6513,betting shop,Scotbet,Class 2,EH3 9DY,324911,673201,1 SPITTAL STREET
324918,673204,6514,ladies clothes,Aquarius,Class 1,EH3 9DY,324918,673204,3 SPITTAL STREET
324922,673209,6515,public house,Footlights,SUI GENERIS,EH3 9DY,324922,673209,7 SPITTAL STREET
324940,673233,6516,charity,Artlink,Class 4,EH3 9DY,324940,673233,13A SPITTAL STREET
324948,673246,6517,ladies clothing,Bharosa Couture,Class 1,EH3 9DY,324948,673246,17-19 SPITTAL STREET
324954,673205,6518,n/t/c,GT2,Class 1,EH3 9DX,324954,673205,4 SPITTAL STREET
324957,673210,6519,sauna,After Eight Club,Class 11,EH3 9DX,324957,673210,8-10 SPITTAL STREET
325464,672132,6520,cafe,Cobbs,Class 3,EH9 1BQ,325464,672132,2-6 SPOTTISWOODE ROAD
327251,674199,6521,vacant,vacant,Vacant,EH8 8EY,327251,674199,102 SPRING GARDENS
327241,674204,6522,R.F. Newsagents,R.F. Newsagents,Class 1,EH8 8EY,327241,674204,110 SPRING GARDENS
327237,674206,6523,vacant,vacant,Vacant,EH8 8EY,327237,674206,112 SPRING GARDENS
327232,674209,6524,vacant,vacant,Vacant,EH8 8EY,327232,674209,116 SPRING GARDENS
327229,674210,6525,hot food take away (Chinese),Eating Plus,SUI GENERIS,EH8 8EY,327229,674210,118 SPRING GARDENS
321438,669000,6526,public house,The Spylaw Tavern,SUI GENERIS,EH13 0JT,321438,669000,27 SPYLAW STREET
321376,668972,6527,bathroom & kitchen design,MDA Studio / Bathroom + Kitchen Fitters,Class 2,EH13 0JX,321376,668972,20 SPYLAW STREET
321459,669009,6528,architects,Novo,Class 4,EH13 0JT,321459,669009,30 SPYLAW STREET
319732,672951,6529,restaurant,Wong's Chinese Restaurant,Class 3,EH12 7UU,319732,672951,221-221A ST. JOHN'S ROAD
324470,673622,6530,hairdresser,Charlie Miller,Class 1,EH3 7BR,324470,673622,13B STAFFORD STREET
324446,673651,6531,ladies clothing,Marina Rinaldi,Class 1,EH3 7BJ,324446,673651,17 STAFFORD STREET
324426,673678,6532,solicitors,Vialex,Class 4,EH3 7BJ,324426,673678,27A-29A STAFFORD STREET
324479,673571,6533,hearing aids,House of Hearing,Class 2,EH3 7AU,324479,673571,2B STAFFORD STREET
324474,673580,6534,sandwich bar,O'Brien's,Class 1,EH3 7AU,324474,673580,4 STAFFORD STREET
324469,673585,6535,"greeting cards, gifts",Paper Tiger,Class 1, ,324469,673585, 
324465,673588,6536,"greeting cards, gifts",Paper Tiger,Class 1,EH3 7AU,324465,673588,6(GF)-8(GF) STAFFORD STREET
324460,673593,6537,"homeware, decorative goods",Studio One,Class 1,EH3 7AU,324460,673593,8(BF)-14 STAFFORD STREET
324459,673596,6538,art gallery,Gallery X,Class 1,EH3 7AU,324459,673596,10(GF) STAFFORD STREET
324451,673606,6539,solicitor and estate agent,David Johnston & Co,Class 2, ,324451,673606, 
324447,673613,6540,ladies clothing,Frontiers,Class 1,EH3 7AU,324447,673613,16 STAFFORD STREET
324443,673616,6541,"fabrics, wallpapers, furnishings",Remus,Class 1,EH3 7AU,324443,673616,16A-16B STAFFORD STREET
324432,673631,6542,ladies clothing,Hogarth,Class 1,EH3 7BD,324432,673631,18 STAFFORD STREET
324420,673645,6543,accountants,Thomas Cooper Accountants,Class 2,EH3 7BD,324420,673645,22 STAFFORD STREET
324416,673652,6544,planning consultants,Scott Hobbs Planning,Class 4,EH3 7BD,324416,673652,24A STAFFORD STREET
325619,676811,6545,roofing contractors,Advanced Roofing Penplaid Ltd,Class 4,EH6 4SJ,325619,676811,2 STANLEY ROAD
325614,676810,6546,antiques,Trinity Curios,Class 1,EH6 4SJ,325614,676810,4-6 STANLEY ROAD
325608,676808,6547,plumbers & heating engineers,James Munro & Son,Class 4,EH6 4SJ,325608,676808,8 STANLEY ROAD
325329,677002,6548,baker (retail & wholesale),Masons Home Bakery,Class 1,EH5 3BN,325329,677002,1-1A STARBANK ROAD
312971,678149,6549,caf‚,Coffee Stop,Class 3,EH30 9HY,312971,678149,(1)(A) STATION ROAD
320205,672877,6550,hairdresser,Salon Nouveau,Class 1,EH12 7AA,320205,672877,3 STATION ROAD
320204,672871,6551,coffee shop,The Original Coffee Bean,Class 3,EH12 7AA,320204,672871,5-7 STATION ROAD
312620,674447,6552,hairdressers,Mr Fella,Class 1,EH29 9BB,312620,674447,19 STATION ROAD
312620,674447,6553,funeral directors,Robert Bennie and Sons,Class 1,EH29 9BB,312620,674447,21 STATION ROAD
312586,674556,6554,grocer / convenience store,Scotmid,Class 1,EH29 9BE,312586,674556,1-5 STATION ROAD
313179,672455,6555,post office,Ratho Station Post Office,Class 1,EH28 8PT,313179,672455,30 STATION ROAD
321401,671730,6556,n/t/c,Stenhouse Newsagents,Class 1,EH11 3JY,321401,671730,1 STENHOUSE CROSS
321394,671728,6557,butcher,John Bain & Sons,Class 1,EH11 3JY,321394,671728,2 STENHOUSE CROSS
321387,671727,6558,hairdresser,Brian Girdwood,Class 1,EH11 3JY,321387,671727,3 STENHOUSE CROSS
321351,671757,6559,chemist,Well Pharmacy,Class 1,EH11 3JY,321351,671757,4-5 STENHOUSE CROSS
321350,671768,6560,hot food take-away,Ali's,SUI GENERIS,EH11 3JY,321350,671768,6 STENHOUSE CROSS
321376,671802,6561,hairdresser,Glitz and Glam,Class 1,EH11 3JU,321376,671802,7 STENHOUSE CROSS
321383,671804,6562,hot food take-away,SWS,SUI GENERIS,EH11 3JU,321383,671804,8 STENHOUSE CROSS
321391,671804,6563,vacant,vacant,Vacant,EH11 3JU,321391,671804,9 STENHOUSE CROSS
321424,671779,6564,n/t/c,Nadeem Store,Class 1,EH11 3JU,321424,671779,10 STENHOUSE CROSS
321426,671771,6565,grocer,Premier Store,Class 1,EH11 3JU,321426,671771,11 STENHOUSE CROSS
321427,671764,6566,hot food take-away,The Stenhouse Takeaway,SUI GENERIS,EH11 3JU,321427,671764,12 STENHOUSE CROSS
321659,671423,6567,carpet warehouse,Saughton Mill Carpets,Class 1,EH11 3LR,321659,671423,5 STENHOUSE MILL LANE
321639,671379,6568,carpets,Saughton Mill Carpets,Class 1,EH11 3LR,321639,671379,5(A/1) STENHOUSE MILL LANE
321759,671354,6569,plumbing supplies,City Plumbing Supplies,Class 2,EH11 3XX,321759,671354,23 STENHOUSE MILL WYND
321752,671337,6570,flower wholesale,Planet Flowers,Class 1,EH11 3XX,321752,671337,25 STENHOUSE MILL WYND
321343,671858,6571,small supermarket,Tesco,Class 1,EH11 3DQ,321343,671858,"74 STENHOUSE PLACE, EAST"
321321,671873,6572,bakers,Greggs,Class 1,EH11 3DQ,321321,671873,"76 STENHOUSE PLACE, EAST"
321564,671446,6573,petrol filling station & shop,Shell + Select Shop,Class 1,EH11 3LW,321564,671446,1 STENHOUSE ROAD
322426,672371,6574,DIY retail warehouse,Wickes,Class 1,EH11 2SL,322426,672371,45 STEVENSON ROAD
322367,672165,6575,furniture,Mackays,Class 1,EH11 2SG,322367,672165,60 STEVENSON ROAD
322512,672331,6576,car sales,Edward Labinjoh Car Sales,SUI GENERIS,EH11 2SJ,322512,672331,96 STEVENSON ROAD
321523,674899,6577,grocer (asian),Crescent Foods,Class 1,EH4 3RE,321523,674899,2 STRACHAN ROAD
321523,674893,6578,hairdresser,Campbell Young Hair Design,Class 1,EH4 3RE,321523,674893,4 STRACHAN ROAD
325465,671948,6579,financial services,McCreath & Co.,Class 2,EH9 2AB,325465,671948,20A STRATHEARN ROAD
325472,671950,6580,vacant,vacant,Vacant,EH9 2AB,325472,671950,21 STRATHEARN ROAD
325477,671951,6581,hot food take away,Wokness,SUI GENERIS,EH9 2AB,325477,671951,21A STRATHEARN ROAD
325483,671953,6582,hairdressers,Vintage,Class 1,EH9 2AB,325483,671953,21C STRATHEARN ROAD
325487,671955,6583,coffee shop,Empire,Class 3,EH9 2AB,325487,671955,21D STRATHEARN ROAD
325066,675193,6584,solarium,Tanz,Class 11,EH3 5NR,325066,675193,1 SUMMER PLACE
325064,675196,6585,books & bookbinding,The Gently Mad,Class 1,EH3 5NR,325064,675196,2 SUMMER PLACE
325062,675200,6586,musical instruments - pianos,Allan Makin & Sons,Class 1,EH3 5NR,325062,675200,4-5 SUMMER PLACE
326268,672444,6587,charity shop & caf‚,Bethany Christian Trust,Class 1,EH9 1QE,326268,672444,1-3 SUMMERHALL PLACE
326270,672438,6588,antiques,Suite Sale,Class 1,EH9 1QE,326270,672438,7 SUMMERHALL PLACE
326272,672433,6589,hot food take-away (Chinese),Summer Hall Kitchen,SUI GENERIS,EH9 1QE,326272,672433,9 SUMMERHALL PLACE
326275,672426,6590,hot food take-away,Franco's Fish & Chip Shop,SUI GENERIS,EH9 1QE,326275,672426,11 SUMMERHALL PLACE
326276,672422,6591,pottery,Meadows Pottery,Class 1,EH9 1QE,326276,672422,11A SUMMERHALL PLACE
326066,676354,6592,gas services,Domestic Gas Services,Class 2,EH6 4NY,326066,676354,27 SUMMERSIDE PLACE
327581,674286,6593,stonemason,Stonecraft Edinburgh,Class 4,EH7 5TE,327581,674286,3 LOWER LONDON ROAD
323977,667392,6594,restaurant,Swanston Brasserie,Class 3,EH10 7DS,323977,667392,111(1F) SWANSTON ROAD
325085,675173,6595,bric-a-brac,Duncan & Reid,Class 1,EH3 5DA,325085,675173,5 TANFIELD
325083,675176,6596,vacant,vacant,Vacant,EH3 5DA,325083,675176,6 TANFIELD
325078,675181,6597,wigs & hairpieces / hairdresser,A & A Studios,Class 1,EH3 5HF,325078,675181,8-10 TANFIELD
324955,672781,6598,restaurant & hot food take-away (Chinese),Taste of China Restaurant,Class 3,EH3 9LB,324955,672781,3 TARVIT STREET
324961,672782,6599,estate agents & property management services,Lin Mac Property,Class 2,EH3 9LB,324961,672782,9 TARVIT STREET
324980,672798,6600,public house,Burlington Bertie,SUI GENERIS,EH3 9LB,324980,672798,11-13 TARVIT STREET
325001,672771,6601,vacant,vacant,Vacant,EH3 9JY,325001,672771,2A TARVIT STREET
326666,676286,6602,undertakers,Dignity Funerals Ltd.,Class 1,EH6 6TG,326666,676286,2B TAYLOR GARDENS
326674,676293,6603,undertakers,Dignity  Funerals Ltd.,Class 1,EH6 6TG,326674,676293,4 TAYLOR GARDENS
322647,675315,6604,vacant,vacant,Vacant,EH4 2NJ,322647,675315,25(3) TELFORD DRIVE
321526,674952,6605,beauty salon,Urban Vanity,Class 1,EH4 2AQ,321526,674952,3 TELFORD ROAD
321530,674951,6606,beauty salon,Joy Beauty Therapy,Class 1,EH4 2AQ,321530,674951,5 TELFORD ROAD
321535,674948,6607,florist,Fleur of Blackhall,Class 1,EH4 2AQ,321535,674948,7 TELFORD ROAD
321538,674947,6608,hairdresser,Bensons,Class 1,EH4 2AQ,321538,674947,9 TELFORD ROAD
321652,674890,6609,hairdresser,Sonya Moore,Class 1,EH4 2BA,321652,674890,4 TELFORD ROAD
321656,674890,6610,paint shop,The Peffer Paint Company,Class 1,EH4 2BA,321656,674890,6 TELFORD ROAD
321668,674888,6611,paint shop,The Peffer Paint Company,Class 1,EH4 2BA,321668,674888,8 TELFORD ROAD
321674,674884,6612,paint shop,The Peffer Paint Company,Class 1,EH4 2BA,321674,674884,10 TELFORD ROAD
321681,674886,6613,dry cleaners,Blackhall Alterations,Class 1,EH4 2BA,321681,674886,12 TELFORD ROAD
321704,674882,6614,vacant,vacant,Vacant,EH4 2BA,321704,674882,14/1-2 TELFORD ROAD
321715,674880,6615,funeral directors,Porteous Funeral Directors,Class 1,EH4 2BA,321715,674880,14/5 TELFORD ROAD
322542,674954,6616,restaurant & hot food take-away,McDonalds,Class 3,EH4 2NF,322542,674954,74A TELFORD ROAD
322586,674972,6617,public house,Telford Arms,SUI GENERIS,EH4 2NF,322586,674972,(78) TELFORD ROAD
324001,672351,6618,public house,Polwarth Tavern,SUI GENERIS,EH11 1JF,324001,672351,1 TEMPLE PARK CRESCENT
323939,672309,6619,vacant,vacant,Vacant,EH11 1JF,323939,672309,29 TEMPLE PARK CRESCENT
323997,672376,6620,vacant,vacant,Vacant,EH11 1HT,323997,672376,2 TEMPLE PARK CRESCENT
323994,672374,6621,community / welfare office,Idara Trust - Islamic Community Centre,Class 2,EH11 1HT,323994,672374,4 TEMPLE PARK CRESCENT
323987,672369,6622,community centre,Idara Trust Islamic Centre,Class 2,EH11 1HT,323987,672369,8-10 TEMPLE PARK CRESCENT
323773,672193,6623,bathroom furniture & fittings,Graham Bathroom and Tile Showroom,Class 1,EH11 1HZ,323773,672193,96 TEMPLE PARK CRESCENT
325793,673168,6624,beauty salon,zen-lifestyle,Class 1,EH1 2QZ,325793,673168,2-3 TEVIOT PLACE
325786,673162,6625,restaurant,Olly Bongo's,Class 3,EH1 2QZ,325786,673162,4 TEVIOT PLACE
325781,673159,6626,hairdresser,Medusa,Class 1,EH1 2QZ,325781,673159,6-7 TEVIOT PLACE
325773,673155,6627,Restaurant,Caravan,Class 3,EH1 2QZ,325773,673155,8-9 TEVIOT PLACE
325768,673152,6628,workwear,Hewat of Edinburgh,Class 1,EH1 2QZ,325768,673152,11-12 TEVIOT PLACE
325759,673150,6629,retro clothing,W. Armstrong & Son,Class 1,EH1 2QZ,325759,673150,14 TEVIOT PLACE
325751,673147,6630,hot food take-away,Central,SUI GENERIS,EH1 2QZ,325751,673147,15-16 TEVIOT PLACE
325742,673145,6631,grocer (French),Salut (Le Petit marche),Class 1,EH1 2QZ,325742,673145,18 TEVIOT PLACE
325733,673143,6632,Tapas bar,Tapame,Class 3,EH1 2QZ,325733,673143,19-20 TEVIOT PLACE
331205,672278,6633,supermarket - large,Asda,Class 1,EH15 3AR,331205,672278,100 THE JEWEL
331147,672268,6634,shoes & footwear,Shoe Zone,Class 1,EH15 3AR,331147,672268,100/2 THE JEWEL
331169,672276,6635,hairdresser,Supercuts,Class 1,EH15 3AR,331169,672276,(100/5) THE JEWEL
331160,672302,6636,optician,ASDA Opticians,Class 1,EH15 3AR,331160,672302,100/6 THE JEWEL
312857,678331,6637,chemist,Lloyds Pharmacy,Class 1,EH30 9SD,312857,678331,33 THE LOAN
312800,678271,6638,supermarket,Scotmid,Class 1,EH30 9SD,312800,678271,55 THE LOAN
312800,678271,6639,restaurant,Bamboo,Class 3,EH30 9SD,312800,678271,55(UNIT1) THE LOAN
312800,678271,6640,hot food take-away,Chilli Waves,SUI GENERIS,EH30 9SD,312800,678271,55(UNIT2B) THE LOAN
312800,678271,6641,charity shop,Barnado's,Class 1,EH30 9SD,312800,678271,55(UNIT3) THE LOAN
312800,678271,6642,charity shop donation & distribution centre,"Barnados, Donation Centre",Class 2,EH30 9SD,312800,678271,55(UNIT4) THE LOAN
312800,678271,6643,veterinary surgery,Capital Vets,Class 2, ,312800,678271, 
325064,672028,6644,weight loss clinic,Tina O' Doherty's,Class 2,EH9 1AS,325064,672028,120-122 THIRLESTANE ROAD
325282,674117,6645,kids clothing,Selenita,Class 1,EH2 1DX,325282,674117,25 THISTLE STREET
325276,674115,6646,take away food,Lime,Class 1,EH2 1DX,325276,674115,25A THISTLE STREET
325246,674107,6647,jeweller,Alchemia Studio,Class 1,EH2 1DY,325246,674107,37 THISTLE STREET
325238,674104,6648,public house,Thistle Street Bar,SUI GENERIS,EH2 1DY,325238,674104,39 THISTLE STREET
325227,674101,6649,shoes & footwear,Pam Jenkins,Class 1,EH2 1DY,325227,674101,41 THISTLE STREET
325222,674100,6650,ladies clothing,Kakeo by K,Class 1,EH2 1DY,325222,674100,45 THISTLE STREET
325211,674097,6651,restaurant,Iris,Class 3,EH2 1DY,325211,674097,47(PF3) THISTLE STREET
325200,674094,6652,restaurant (Thai),Dusit,Class 3,EH2 1DY,325200,674094,49A THISTLE STREET
325192,674092,6653,wine shop,The Bon Vivants Companion,Class 1,EH2 1DY,325192,674092,51 THISTLE STREET
325187,674090,6654,public house,The Bon Vivant,SUI GENERIS,EH2 1DY,325187,674090,55-59 THISTLE STREET
325178,674088,6655,tailor,Alceshop,Class 1,EH2 1DY,325178,674088,61 THISTLE STREET
325168,674085,6656,optician,Eyes,Class 1,EH2 1DY,325168,674085,63 THISTLE STREET
325163,674084,6657,sandwich bar,Thistle Sandwich Bar,Class 1,EH2 1DY,325163,674084,67 THISTLE STREET
325292,674103,6658,designer accessories,Covet,Class 1,EH2 1EN,325292,674103,20 THISTLE STREET
325283,674100,6659,ladies clothing,Biscuit,Class 1,EH2 1EN,325283,674100,22 THISTLE STREET
325222,674083,6660,kilts,21st Century Kilts,Class 1,EH2 1EN,325222,674083,48 THISTLE STREET
325214,674081,6661,lingerie,Jane Davidson,Class 1,EH2 1EN,325214,674081,50(GF)-52 THISTLE STREET
325196,674075,6662,restaurant,Fishers in the City,Class 3,EH2 1EN,325196,674075,58 THISTLE STREET
325185,674073,6663,"clothing alterations, tailoring",Tailors,Class 1,EH2 1EN,325185,674073,60 THISTLE STREET
325178,674071,6664,restaurant,El Cartel,Class 3,EH2 1EN,325178,674071,64 THISTLE STREET
325168,674068,6665,hairdresser,Pride Hair and Beauty,Class 1,EH2 1EN,325168,674068,66-68 THISTLE STREET
325155,674064,6666,jeweller,Joseph Bonnar,Class 1,EH2 1EN,325155,674064,72 THISTLE STREET
325150,674062,6667,caf‚,Cafe Marlayne,Class 3,EH2 1EN,325150,674062,76 THISTLE STREET
325153,674102,6668,restaurant,Caf‚ St. Honore,Class 3,EH2 1EA,325153,674102,"34 THISTLE STREET LANE,, ( N.W. )"
327070,675540,6669,roofing contractors,McKenzie & Flynn,Class 4,EH6 8PY,327070,675540,5-7 THORNTREE STREET
326993,676375,6670,architects,Dignan Read Dewar Architects,Class 4,EH6 6DN,326993,676375,3 TOLBOOTH WYND
326996,676370,6671,vacant,vacant,Vacant,EH6 6DN,326996,676370,7-9 TOLBOOTH WYND
324279,673255,6672,hair & beauty,Indigo,Class 1,EH3 8DY,324279,673255,19 TORPHICHEN PLACE
324256,673290,6673,hot food take-away (Thai),Bluerapa Thai,SUI GENERIS,EH3 8DU,324256,673290,6 TORPHICHEN PLACE
324255,673276,6674,public house,The Mad Hatter,SUI GENERIS,EH3 8DU,324255,673276,8 TORPHICHEN PLACE
326089,676277,6675,public house,Lord Nelson,SUI GENERIS,EH6 4DG,326089,676277,8 TRAFALGAR STREET
326095,676255,6676,caf‚,Yo Yo's,Class 3,EH6 4DG,326095,676255,13 TRAFALGAR STREET
326119,676270,6677,structural engineer,3DM ltd.,Class 2,EH6 4DF,326119,676270,20 TRAFALGAR STREET
324955,676996,6678,public house,Old Chain Pier,SUI GENERIS,EH5 3ED,324955,676996,32 TRINITY CRESCENT
315752,674108,6679,restaurant,The Flying Club Restaurant,Class 3,EH12 0AG,315752,674108,45(99) TURNHOUSE ROAD
317717,673055,6680,paint warehouse,Dulux Decorator Centre,Class 1,EH12 0BD,317717,673055,"(12A) WEST CRAIGS QUARRY, ( TURNHOUSE ROAD )"
317960,672788,6681,vacant,vacant,Vacant,EH12 8LX,317960,672788,42 TURNHOUSE ROAD
324607,672820,6682,vacant,vacant,Vacant,EH3 9AA,324607,672820,1 UNION PATH
324614,672833,6683,restaurant,Zizzi,Class 3,EH3 9AA,324614,672833,(2) UNION PATH
326058,674439,6684,restaurant,Giuliano's,Class 3,EH1 3NQ,326058,674439,18 UNION PLACE
326065,674450,6685,restaurant,Passage to India,Class 3,EH1 3NQ,326065,674450,20 UNION PLACE
326069,674455,6686,restaurant (Italian),Al Fresco,Class 3,EH1 3NQ,326069,674455,21-22 UNION PLACE
326075,674464,6687,restaurant (Indian),Shezan Tandoori,Class 3,EH1 3NQ,326075,674464,24-25 UNION PLACE
326078,674503,6688,restaurant (Thai),Phuket Pavillion,Class 3,EH1 3LT,326078,674503,5A(BF1) UNION STREET
326067,674476,6689,hairdresser,Mc'M Hairdressing,Class 1,EH1 3LU,326067,674476,4 UNION STREET
326061,674485,6690,restaurant,Phuket Pavilion,Class 3,EH1 3LU,326061,674485,8 UNION STREET
325531,673528,6691,souvenirs,Thistle do Nicely,Class 1,EH1 2JN,325531,673528,2 UPPER BOW
325533,673525,6692,souvenirs,Thistle do Nicely,Class 1,EH1 2JN,325533,673525,3 UPPER BOW
325542,673520,6693,charity / community office,Edinburgh City Youth Caf‚ (office),Class 2,EH1 2JN,325542,673520,5 UPPER BOW
325006,672705,6694,youth organisation,Edinburgh Scout Centre,Class 2,EH3 9LP,325006,672705,15 VALLEYFIELD STREET
324966,672724,6695,children's nursery,Busy Bees,Class 10, ,324966,672724, 
324975,672724,6696,restaurant (Thai),Absolute,Class 3,EH3 9LR,324975,672724,22 VALLEYFIELD STREET
325529,673469,6697,ladies clothing,Long Tall Sally,Class 1,EH1 2HE,325529,673469,1 VICTORIA STREET
325538,673473,6698,restaurant,Maiachi,Class 3,EH1 2HE,325538,673473,7 VICTORIA STREET
325559,673481,6699,night club,The Liquid Room,SUI GENERIS, ,325559,673481, 
325551,673478,6700,public house,Bar Bados,SUI GENERIS, ,325551,673478, 
325560,673480,6701,public house,Finnegan's Wake,SUI GENERIS,EH1 2HE,325560,673480,9B VICTORIA STREET
325584,673485,6702,coffee shop,Filament coffee,Class 3,EH1 2EX,325584,673485,5 INDIA BUILDINGS
325585,673507,6703,books,Old Town Bookshop,Class 1,EH1 2HG,325585,673507,8 VICTORIA STREET
325577,673507,6704,restaurant (Scottish),Howies,Class 3,EH1 2HG,325577,673507,10-14 VICTORIA STREET
325566,673506,6705,restaurant (Scottish),Howies,Class 3,EH1 2HG,325566,673506,16 VICTORIA STREET
325559,673504,6706,clothing,Walker Slater,Class 1,EH1 2HG,325559,673504,18 VICTORIA STREET
325553,673503,6707,clothing,Walker Slater,Class 1,EH1 2HG,325553,673503,20 VICTORIA STREET
325546,673500,6708,clothing,Swish,Class 1,EH1 2JW,325546,673500,22-24 VICTORIA STREET
325532,673495,6709,speciality tea & coffee merchant,Cuttea Sark,Class 1,EH1 2JW,325532,673495,26 VICTORIA STREET
325529,673493,6710,The Whisky Shop,The Whisky Shop,Class 1,EH1 2JW,325529,673493,28 VICTORIA STREET
325525,673491,6711,restaurant,The Grain Store,Class 3,EH1 2JW,325525,673491,30 VICTORIA STREET
325521,673489,6712,cheesemonger,Ian J. Mellis,Class 1,EH1 2JW,325521,673489,30A VICTORIA STREET
325518,673487,6713,delicatessen,Demijohn,Class 1,EH1 2JW,325518,673487,32 VICTORIA STREET
325514,673485,6714,caf‚,Pink,Class 3,EH1 2JW,325514,673485,34 VICTORIA STREET
325501,673477,6715,restaurant,Maison Bleu,Class 3,EH1 2JW,325501,673477,36-38 VICTORIA STREET
325504,673479,6716,"antique, vintage and reproduction goods",Museum Context,Class 1,EH1 2JW,325504,673479,40 VICTORIA STREET
325497,673474,6717,fine art,Red Door Gallery,Class 1,EH1 2JW,325497,673474,42 VICTORIA STREET
325493,673471,6718,childrenswear,Walker Slater,Class 1,EH1 2JW,325493,673471,44 VICTORIA STREET
325491,673468,6719,mens tailoring,Walker Slater,Class 1,EH1 2JW,325491,673468,46 VICTORIA STREET
325618,673506,6720,restaurant,Pizza Express,Class 3,EH1 2JL,325618,673506,1 VICTORIA TERRACE
325580,673512,6721,caf‚,Edinburgh City Youth Caf‚,Class 3,EH1 2JL,325580,673512,4-6 VICTORIA TERRACE
325529,673498,6722,masonic regalia,Victoria Regalia Ltd.,Class 1,EH1 2JL,325529,673498,9 VICTORIA TERRACE
325465,673452,6723,ancestral research resource centre,Family History Centre,Class 2,EH1 2JL,325465,673452,15-16 VICTORIA TERRACE
324632,672189,6724,restaurant,The 3 Birds,Class 3,EH10 4JD,324632,672189,3-5 VIEWFORTH
324442,672425,6725,grocer & n/t/c,News 4 U,Class 1,EH10 4LQ,324442,672425,67 VIEWFORTH
324439,672429,6726,car parts & accessories,Pentland Component Parts Ltd.,Class 1,EH10 4LQ,324439,672429,69 VIEWFORTH
324646,672205,6727,"cards, gifts",White Blossom,Class 1,EH10 4JF,324646,672205,6 VIEWFORTH
324641,672210,6728,"shoe repairs, key cutting",The Shoe Shop,Class 1,EH10 4JF,324641,672210,8 VIEWFORTH
324639,672214,6729,hair and beauty,Nicoles,Class 1,EH10 4JF,324639,672214,10 VIEWFORTH
324597,672269,6730,caf‚,The Corner Caf‚ Bar,Class 3,EH10 4JG,324597,672269,24 VIEWFORTH
324696,672250,6731,hairdresser (gents),Esq. Barbers,Class 1,EH10 4ET,324696,672250,1 VIEWFORTH GARDENS
324694,672253,6732,hot food take-away (baked potatoes),The Tattie Shop,SUI GENERIS,EH10 4ET,324694,672253,3 VIEWFORTH GARDENS
324326,672372,6733,office,n/a,UNKNOWN USE,EH10 4LJ,324326,672372,42 VIEWFORTH TERRACE
328017,670507,6734,betting shop,Laidlaws,Class 2,EH16 5RL,328017,670507,62-64 WALTER SCOTT AVENUE
328009,670503,6735,grocer,Key Store,Class 1,EH16 5RL,328009,670503,68-70 WALTER SCOTT AVENUE
327998,670495,6736,hot food take-away,The China Express,SUI GENERIS,EH16 5RL,327998,670495,72 WALTER SCOTT AVENUE
328003,670498,6737,hot food take-away,Flames Tandoori,SUI GENERIS,EH16 5RL,328003,670498,74 WALTER SCOTT AVENUE
327994,670492,6738,tanning studio & nail salon,Sun Factor,Class 11,EH16 5RL,327994,670492,78 WALTER SCOTT AVENUE
327989,670489,6739,vacant,vacant,Vacant,EH16 5RL,327989,670489,80 WALTER SCOTT AVENUE
327984,670485,6740,caf‚,The Bake n Butty,Class 3,EH16 5RL,327984,670485,82 WALTER SCOTT AVENUE
327979,670481,6741,hairdresser,Redlox,Class 1,EH16 5RL,327979,670481,84 WALTER SCOTT AVENUE
327974,670478,6742,beauty salon,XOX Heat,Class 1,EH16 5RL,327974,670478,86 WALTER SCOTT AVENUE
327969,670475,6743,hot food take-away,Top Food,SUI GENERIS,EH16 5RL,327969,670475,88 WALTER SCOTT AVENUE
327957,670467,6744,hot food take-away,The Friery,SUI GENERIS,EH16 5RL,327957,670467,90 WALTER SCOTT AVENUE
327963,670471,6745,pet grooming salon,Hair off the Dog,Class 2,EH16 5RL,327963,670471,90A WALTER SCOTT AVENUE
327950,670462,6746,grocer / convenience store,Scotmid,Class 1,EH16 5RL,327950,670462,94-98 WALTER SCOTT AVENUE
327929,670448,6747,chemist,Omnicare Pharmacy,Class 1,EH16 5RL,327929,670448,102-104 WALTER SCOTT AVENUE
323761,676584,6748,vacant,vacant,Vacant,EH5 1BU,323761,676584,2 WARDIEBURN DRIVE
323760,676590,6749,hot food take-away (Chinese),Hong Kong,SUI GENERIS,EH5 1BU,323760,676590,6 WARDIEBURN DRIVE
323759,676595,6750,hot food takeaway (Indian),Spice & Nice,SUI GENERIS,EH5 1BU,323759,676595,8 WARDIEBURN DRIVE
323757,676604,6751,credit union,North Edinburgh Credit Union,Class 2,EH5 1BU,323757,676604,10-12 WARDIEBURN DRIVE
322998,672264,6752,hairdresser (ladies & gents),The Real McCoy,Class 1,EH11 1UB,322998,672264,2 WARDLAW PLACE
323001,672260,6753,hot food take-away,Cheeky Chicken,SUI GENERIS,EH11 1UB,323001,672260,4 WARDLAW PLACE
325473,672352,6754,wine merchant,Peter Green & Co.,Class 1,EH9 1HJ,325473,672352,37A-37B WARRENDER PARK ROAD
325436,672359,6755,architect,Jefcoate Anderson,Class 2,EH9 1EU,325436,672359,39 WARRENDER PARK ROAD
325428,672361,6756,solicitors & estate agents,Currie Gilmour & Co. (The Marchmont Law Shop),Class 2,EH9 1EU,325428,672361,41-43 WARRENDER PARK ROAD
325293,672367,6757,paint shop,Russell Paints,Class 1,EH9 1ES,325293,672367,71-73 WARRENDER PARK ROAD
325284,672362,6758,grocer (lic.),Margiotta,Class 1,EH9 1ES,325284,672362,77 WARRENDER PARK ROAD
324974,672245,6759,vacant,vacant,Vacant,EH9 1DT,324974,672245,155-159 WARRENDER PARK ROAD
324970,672243,6760,financial services,Inovate,Class 4,EH9 1DT,324970,672243,161 WARRENDER PARK ROAD
325668,672302,6761,florist,James Hutchison,Class 1,EH9 1JQ,325668,672302,2 WARRENDER PARK ROAD
325662,672302,6762,Builders / Slaters / Plumbers,Moncrieff Building & Roofing Ltd.,Class 4,EH9 1JQ,325662,672302,4 WARRENDER PARK ROAD
325656,672302,6763,hardware,Marchmont Hardware,Class 1,EH9 1JQ,325656,672302,8 WARRENDER PARK ROAD
325592,672302,6764,opticians,The Opticians at Machmont,Class 1,EH9 1JG,325592,672302,26 WARRENDER PARK ROAD
325586,672302,6765,vacant,vacant,Vacant,EH9 1JG,325586,672302,28 WARRENDER PARK ROAD
325542,672307,6766,grocer / convenience store,Scotmid,Class 1,EH9 1HH,325542,672307,32-34 WARRENDER PARK ROAD
325488,672320,6767,antique lamps,Meadows Lamp Gallery,Class 1,EH9 1HH,325488,672320,48 WARRENDER PARK ROAD
325483,672321,6768,estate agent,Coulters,Class 2,EH9 1HH,325483,672321,52-54 WARRENDER PARK ROAD
325442,672325,6769,pictures & picture framing,Marchmont Gallery,Class 1,EH9 1EX,325442,672325,56 WARRENDER PARK ROAD
325439,672326,6770,yoga studio,Sunshine Yoga,Class 11,EH9 1EX,325439,672326,58 WARRENDER PARK ROAD
325434,672327,6771,restaurant,Delicious Italian Pizza,Class 3,EH9 1EX,325434,672327,60 WARRENDER PARK ROAD
325175,675108,6772,restaurant & hot food take-away,Loon Fung,Class 3,EH3 5LE,325175,675108,1-2 WARRISTON PLACE
325170,675112,6773,vacant,vacant,Vacant,EH3 5LE,325170,675112,4 WARRISTON PLACE
325457,675478,6774,d.i.y. & garden centre,B & Q,Class 1,EH7 4HL,325457,675478,(13) WARRISTON ROAD
322646,676768,6775,petrol filling station & shop,Morrisons,SUI GENERIS,EH5 1SA,322646,676768,(A) WATERFRONT BROADWAY
322493,676802,6776,supermarket - large,Morrisons,Class 1,EH5 1SA,322493,676802,3 WATERFRONT BROADWAY
325897,674038,6777,restaurant (Italian),Maritone,Class 3,EH1 3BG,325897,674038,1 WATERLOO PLACE
325909,674041,6778,public house,Waterloo Bar,SUI GENERIS,EH1 3BG,325909,674041,5-7 WATERLOO PLACE
325919,674044,6779,grocer / convenience store,Town and City Newsagent,Class 1,EH1 3BG,325919,674044,9 WATERLOO PLACE
325927,674046,6780,caf‚,Pep & Fodder,Class 3,EH1 3BG,325927,674046,11 WATERLOO PLACE
325941,674050,6781,beauty salon,"Live, Laugh, Love",Class 1,EH1 3BG,325941,674050,19 WATERLOO PLACE
326068,674089,6782,restaurant,Howies,Class 3,EH1 3BQ,326068,674089,29A WATERLOO PLACE
325903,673999,6783,caf‚,Rabbie's Trail Burners,Class 3,EH1 1AA,325903,673999,6 WATERLOO PLACE
323972,672426,6784,diving equipment,Edinburgh Diving Centre Ltd.,Class 1,EH11 1HD,323972,672426,1 WATSON CRESCENT
323729,672275,6785,grocer & n/t/c,V & S Sharma,Class 1,EH11 1ET,323729,672275,44 WATSON CRESCENT
325709,673932,6786,pizza,Pizza Mafia,SUI GENERIS,EH1 1BQ,325709,673932,3/L18 WAVERLEY BRIDGE
325709,673932,6787,restaurant,Hungry Human,Class 3,EH1 1BQ,325709,673932,3/L9-L11 WAVERLEY BRIDGE
325709,673932,6788,branded clothing,Superdry,Class 1,EH1 1BQ,325709,673932,3/U20-U22 WAVERLEY BRIDGE
325709,673932,6789,clothing,Next,Class 1,EH1 1BQ,325709,673932,3/U4 WAVERLEY BRIDGE
325769,673924,6790,Sainsbury's Local,small supermarket,Class 1,EH1 1BQ,325769,673924,3/F4 WAVERLEY BRIDGE
325786,673926,6791,sandwich bar,Subway,Class 1,EH1 1BQ,325786,673926,3/F8 WAVERLEY BRIDGE
325739,673951,6792,hot food take away,Spud-u-Like,SUI GENERIS, ,325739,673951, 
325758,673957,6793,hot food take away,Kentucky Fried Chicken (KFC),SUI GENERIS, ,325758,673957, 
325772,673961,6794,restaurant,McDonalds,Class 3,EH1 1BQ,325772,673961,3/L12 WAVERLEY BRIDGE
325763,673929,6795,coffee shop,Coffee Stop,Class 3,EH1 1BQ,325763,673929,3/L15 WAVERLEY BRIDGE
325727,673913,6796,"bags, handbags",Betty Bags,Class 1,EH1 1BQ,325727,673913,3/L19 WAVERLEY BRIDGE
325710,673908,6797,mobile phone covers,Mobile +,Class 1,EH1 1BQ,325710,673908,3/L20 WAVERLEY BRIDGE
325689,673903,6798,vacant,vacant,Vacant,EH1 1BQ,325689,673903,3/L21-L22 WAVERLEY BRIDGE
325678,673937,6799,clothing,New Look,Class 1,EH1 1BQ,325678,673937,3/L23 WAVERLEY BRIDGE
325687,673937,6800,vacant,vacant,Vacant, ,325687,673937, 
325698,673941,6801,general clothing,Anime Republic,Class 1,EH1 1BQ,325698,673941,3/L4 WAVERLEY BRIDGE
325713,673945,6802,shushi (opening soon),shushi stop,Class 3,EH1 1BQ,325713,673945,3/L6 WAVERLEY BRIDGE
325733,673950,6803,restaurant,Chop Stix,Class 3,EH1 1BQ,325733,673950,3/L8 WAVERLEY BRIDGE
325716,673932,6804,coffee shop,Costa Coffee,Class 3,EH1 1BQ,325716,673932,3/P1-P2 WAVERLEY BRIDGE
325762,673944,6805,vacant,vacant,Vacant,EH1 1BQ,325762,673944,3/P3 WAVERLEY BRIDGE
325675,673926,6806,ladies clothing,Oasis,Class 1,EH1 1BQ,325675,673926,3/U1 WAVERLEY BRIDGE
325737,673957,6807,general clothing,PULP,Class 1,EH1 1BQ,325737,673957,3/U10 WAVERLEY BRIDGE
325748,673960,6808,toiletries & cosmetics,The Body Shop,Class 1,EH1 1BQ,325748,673960,3/U11 WAVERLEY BRIDGE
325759,673963,6809,baker,Greggs,Class 1,EH1 1BQ,325759,673963,3/U12 WAVERLEY BRIDGE
325771,673966,6810,coffee shop,Starbucks,Class 3,EH1 1BQ,325771,673966,3/U13 WAVERLEY BRIDGE
325722,673905,6811,whisky,The Whisky Shop,Class 1,EH1 1BQ,325722,673905,3/U23 WAVERLEY BRIDGE
325711,673902,6812,hairdresser,Regis,Class 1,EH1 1BQ,325711,673902,3/U24 WAVERLEY BRIDGE
325694,673898,6813,vacant,vacant,Vacant,EH1 1BQ,325694,673898,3/U25-U26 WAVERLEY BRIDGE
325684,673895,6814,"knitwear, Highland goods",Gleneagles of Scotland (Edinburgh Woollen Mill),Class 1,EH1 1BQ,325684,673895,3/U27-U28 WAVERLEY BRIDGE
325685,673942,6815,womens clothing,Lipsy,Class 1, ,325685,673942, 
325697,673946,6816,post office,Post Office,Class 1,EH1 1BQ,325697,673946,3/U5-U6 WAVERLEY BRIDGE
325714,673950,6817,vacant,vacant,Vacant,EH1 1BQ,325714,673950,3/U7-U8 WAVERLEY BRIDGE
325726,673954,6818,ladies ckothing,Warehouse,Class 1,EH1 1BQ,325726,673954,3/U9 WAVERLEY BRIDGE
325678,673900,6819,currency exchange,The Exchange Business,Class 2,EH1 1BQ,325678,673900,5 WAVERLEY BRIDGE
325698,673834,6820,restaurant (Chinese buffet),Jimmy Chungs,Class 3,EH1 1BQ,325698,673834,17 WAVERLEY BRIDGE
325716,673756,6821,bus tour ticket sales kiosk,Lothian Buses,Class 1,EH1 1BQ,325716,673756,2 WAVERLEY BRIDGE
325852,673892,6822,public house,Nor Loch,SUI GENERIS,EH1 1BQ,325852,673892,4(01) WAVERLEY BRIDGE
325834,673871,6823,take-away food,Millie's Cookies,Class 1,EH1 1BQ,325834,673871,4(03) WAVERLEY BRIDGE
325836,673891,6824,food & wine,Whistlestop,Class 1,EH1 1BQ,325836,673891,4(07) WAVERLEY BRIDGE
325858,673900,6825,grocer / convenience store,Marks & Spencer - Simply Food,Class 1, ,325858,673900, 
325864,673883,6826,hot food take-away,Burger King,SUI GENERIS, ,325864,673883, 
325823,673908,6827,hot food take-away,The Pasty Shop,SUI GENERIS,EH1 1BQ,325823,673908,4(52) WAVERLEY BRIDGE
325835,673911,6828,caf‚,Caff‚ Nero,Class 3,EH1 1BQ,325835,673911,4(53-55) WAVERLEY BRIDGE
325952,673885,6829,car hire,Europcar,SUI GENERIS, ,325952,673885, 
325790,673869,6830,chemist,Boots,Class 1,EH1 1BQ,325790,673869,4(A1) WAVERLEY BRIDGE
325802,673874,6831,coffee shop,Costa Coffee,Class 1,EH1 1BQ,325802,673874,4(A2) WAVERLEY BRIDGE
325810,673849,6832,n/t/c,W.H. Smith,Class 1,EH1 1BQ,325810,673849,4(B) WAVERLEY BRIDGE
325709,673932,6833,coffee kiosk,Caff‚ Nero Express,Class 1,EH1 1BQ,325709,673932,4(02A) WAVERLEY BRIDGE
325709,673932,6834,take-away food,Bagel Factory,SUI GENERIS,EH1 1BQ,325709,673932,4(03C) WAVERLEY BRIDGE
325709,673932,6835,bureau de change,International Currency Exchange,Class 1,EH1 1BQ,325709,673932,4(03D) WAVERLEY BRIDGE
325796,673949,6836,vacant,vacant,Vacant,EH2 2EH,325796,673949,1 WAVERLEY STEPS
325797,673943,6837,gifts / souviners,Paper Rack,Class 1,EH2 2EH,325797,673943,3-5 WAVERLEY STEPS
325799,673935,6838,computer repairs,Simply fix it,Class 2,EH2 2EH,325799,673935,7 WAVERLEY STEPS
325800,673932,6839,shoe repairs / key cutting,Timpson,Class 1,EH2 2EH,325800,673932,9 WAVERLEY STEPS
325776,675134,6840,vacant,vacant,Vacant,EH7 4JY,325776,675134,"30 ANNANDALE STREET, WEST"
325489,673461,6841,jeweller,Clarkson,Class 1,EH1 2JP,325489,673461,87 WEST BOW
325488,673457,6842,baker,La Barantine Victoria,Class 1,EH1 2JP,325488,673457,89 WEST BOW
325488,673452,6843,candles,Isle of Skye Candle Company,Class 1,EH1 2JP,325488,673452,93 WEST BOW
325487,673445,6844,antiques,Bacchus,Class 1,EH1 2JP,325487,673445,95 WEST BOW
325487,673438,6845,"jokes, novelties & fancy goods",Aha Ha Ha,Class 1,EH1 2JP,325487,673438,99 WEST BOW
325485,673426,6846,juice bar,Hula Juice Bar,Class 1,EH1 2JP,325485,673426,103 WEST BOW
325523,673466,6847,public house,The Bow Bar,SUI GENERIS,EH1 2HH,325523,673466,80 WEST BOW
325517,673464,6848,ladies clothing,Sahara,Class 1,EH1 2HH,325517,673464,82 WEST BOW
325514,673463,6849,tour agent for guided walks,The Cadies & Witchery Tours,Class 1,EH1 2HH,325514,673463,84 WEST BOW
325508,673460,6850,cashmere clothing,Alba Cashmere,Class 1,EH1 2HH,325508,673460,88-92 WEST BOW
325506,673451,6851,plus size fashion,Big Ideas,Class 1,EH1 2HH,325506,673451,96 WEST BOW
325508,673444,6852,textiles,Calzeat,Class 1,EH1 2HH,325508,673444,98 WEST BOW
325511,673438,6853,your history (coat of arms etc.),Knights Vault,Class 1,EH1 2HH,325511,673438,102 WEST BOW
325515,673431,6854,gifts,The Mutts Nutts,Class 1,EH1 2HH,325515,673431,108 WEST BOW
325521,673424,6855,restaurant,Mussel and Steak Bar,Class 3,EH1 2HH,325521,673424,110 WEST BOW
325525,673416,6856,smoking paraphernalia,Drift,Class 1,EH1 2HH,325525,673416,116 WEST BOW
325528,673413,6857,caf‚,Auld Jock's Pie Shoppe,Class 3,EH1 2HH,325528,673413,118 WEST BOW
315705,676450,6858,farm produce and restaurant,West Craigie Farm Shop,Class 1,EH30 9TR,315705,676450,(B) WEST CRAIGIE
326122,672934,6859,"antiques, old telephones",Now & Then Antiques,Class 1,EH8 9JW,326122,672934,7 WEST CROSSCAUSEWAY
326129,672934,6860,"antiques, old telephones",Now & Then Antiques,Class 1,EH8 9JW,326129,672934,9 WEST CROSSCAUSEWAY
326134,672934,6861,coins,Edinburgh Coin Shop,Class 1,EH8 9JW,326134,672934,11 WEST CROSSCAUSEWAY
326138,672934,6862,hot food take-away,Chickies,SUI GENERIS,EH8 9JW,326138,672934,13 WEST CROSSCAUSEWAY
326142,672934,6863,vacant,vacant,Vacant,EH8 9JW,326142,672934,17 WEST CROSSCAUSEWAY
326075,672971,6864,public house,56 North,SUI GENERIS,EH8 9JP,326075,672971,2 WEST CROSSCAUSEWAY
326141,672953,6865,Chinese supermarket,Aihua,Class 1,EH8 9JP,326141,672953,34-36 WEST CROSSCAUSEWAY
326152,672953,6866,musical instruments,Live Music,Class 1,EH8 9JP,326152,672953,40-42 WEST CROSSCAUSEWAY
326162,672952,6867,public house,Greenmantle,SUI GENERIS,EH8 9JP,326162,672952,44 WEST CROSSCAUSEWAY
323232,676860,6868,grocer (lic),Granton Food & Wine,Class 1,EH5 1PD,323232,676860,201-203 WEST GRANTON ROAD
323222,676857,6869,grocer (lic.),West Granton Superstore,Class 1,EH5 1PD,323222,676857,205 WEST GRANTON ROAD
323212,676854,6870,hot food take-away,Javitt's Takeaway,SUI GENERIS,EH5 1PD,323212,676854,207-211 WEST GRANTON ROAD
323208,676851,6871,restaurant,Javits Cafe Bistro,Class 3,EH5 1PD,323208,676851,211A WEST GRANTON ROAD
323303,677031,6872,joiners,Livingston & Low,Class 4,EH5 1HR,323303,677031,68 WEST GRANTON ROAD
323258,676940,6873,public house,The Anchor Inn,SUI GENERIS,EH5 1PF,323258,676940,114 WEST GRANTON ROAD
323253,676926,6874,hot food take-away (Chinese),Good Choice,SUI GENERIS,EH5 1PF,323253,676926,116 WEST GRANTON ROAD
323248,676909,6875,hot food take-away,Jubliee Supper Room,SUI GENERIS,EH5 1PF,323248,676909,122-124 WEST GRANTON ROAD
323242,676901,6876,betting shop,Ladbrokes,Class 2,EH5 1PF,323242,676901,126 WEST GRANTON ROAD
323238,676898,6877,n/t/c,Kracus,Class 1,EH5 1PF,323238,676898,128 WEST GRANTON ROAD
323234,676894,6878,baker,Granton Home Bakery,Class 1,EH5 1PF,323234,676894,132 WEST GRANTON ROAD
323230,676891,6879,advice centre,Granton Information Centre,Class 2,EH5 1PE,323230,676891,134-138 WEST GRANTON ROAD
323213,676883,6880,barbers,Barber Shop,Class 1,EH5 1PE,323213,676883,142 WEST GRANTON ROAD
323207,676882,6881,hot food take-away (Chinese),Nine Dragons,SUI GENERIS,EH5 1PE,323207,676882,144 WEST GRANTON ROAD
323201,676880,6882,fishmonger,Alison's Plaice,Class 1,EH5 1PE,323201,676880,146 WEST GRANTON ROAD
323196,676878,6883,hot food take-away,Spice of India,SUI GENERIS,EH5 1PE,323196,676878,148 WEST GRANTON ROAD
323189,676876,6884,hairdresser,Jims Barbers & hair by J Brannan,Class 1,EH5 1PE,323189,676876,150-152 WEST GRANTON ROAD
323183,676912,6885,household goods,B&M,Class 1,EH5 1PE,323183,676912,154 WEST GRANTON ROAD
323092,676905,6886,supermarket,Lidl,Class 1,EH5 1PE,323092,676905,160 WEST GRANTON ROAD
323055,676897,6887,frozen food,Iceland,Class 1,EH5 1PE,323055,676897,162 WEST GRANTON ROAD
322766,676731,6888,vacant,vacant,Vacant,EH5 1HY,322766,676731,306 WEST GRANTON ROAD
322765,676735,6889,hot food takeaway,Maggie's,SUI GENERIS,EH5 1HY,322765,676735,306B WEST GRANTON ROAD
322765,676735,6890,hot food takeaway,Gateway,SUI GENERIS,EH5 1HY,322765,676735,306A WEST GRANTON ROAD
322721,676714,6891,deli,Studola,Class 1,EH5 1QN,322721,676714,316 WEST GRANTON ROAD
322714,676711,6892,vacant,vacant,Vacant,EH5 1QN,322714,676711,318 WEST GRANTON ROAD
322710,676710,6893,vacant,vacant,Vacant,EH5 1QN,322710,676710,320 WEST GRANTON ROAD
322705,676708,6894,vacant,vacant,Vacant,EH5 1QN,322705,676708,322 WEST GRANTON ROAD
322701,676706,6895,vacant,vacant,Vacant,EH5 1QN,322701,676706,326 WEST GRANTON ROAD
322696,676704,6896,vacant,vacant,Vacant,EH5 1QN,322696,676704,328 WEST GRANTON ROAD
323640,677180,6897,take away food,Derek's Snack Bar,Class 3,EH5 1PW,323640,677180,63(C) WEST HARBOUR ROAD
323608,677380,6898,mixed durable goods,Poundstretcher,Class 1, ,323608,677380, 
323608,677380,6899,furniture,M & M Furniture,Class 1, ,323608,677380, 
323597,677339,6900,outdoor equipment,Go Outdoors,Class 1, ,323597,677339, 
326697,670714,6901,vacant,vacant,Vacant, ,326697,670714, 
326714,670713,6902,convenience store,KB Centre,Class 1,EH9 3JF,326714,670713,(40Z) WEST MAINS ROAD
324198,673310,6903,photocopying service,Copymade,Class 4,EH12 5DS,324198,673310,"3 MAITLAND STREET, WEST"
324190,673303,6904,post office,West Maitland Street Post Office,Class 1,EH12 5DS,324190,673303,"4A MAITLAND STREET, WEST"
324185,673298,6905,financial services,Telemortgages,Class 2,EH12 5DS,324185,673298,"5/5A MAITLAND STREET, WEST"
324179,673294,6906,restaurant (Chinese),China Star,Class 3,EH12 5DS,324179,673294,"6A MAITLAND STREET, WEST"
324174,673291,6907,vacant,Vacant,Vacant,EH12 5DS,324174,673291,"7 MAITLAND STREET, WEST"
324171,673288,6908,vacant,Vacant,Vacant,EH12 5DS,324171,673288,"7A MAITLAND STREET, WEST"
324166,673286,6909,restaurant,The Khukuri,Class 3,EH12 5DS,324166,673286,"8 MAITLAND STREET, WEST"
324163,673282,6910,beautician,Total Nails,Class 1,EH12 5DS,324163,673282,"8A MAITLAND STREET, WEST"
324159,673280,6911,delicatessen,Le March‚ Francais,Class 1,EH12 5DS,324159,673280,"9A MAITLAND STREET, WEST"
324154,673276,6912,caf‚ & take-away food,Golden Grill Caf‚,Class 3,EH12 5DS,324154,673276,"10 MAITLAND STREET, WEST"
324152,673274,6913,Ladie Clothing and Accessories,Pashmina Boutique,Class 1,EH12 5DS,324152,673274,"10A MAITLAND STREET, WEST"
324143,673267,6914,public house,Haymarket,SUI GENERIS,EH12 5DS,324143,673267,"11A-14 MAITLAND STREET, WEST"
324126,673294,6915,take-away food,Dimitri's,Class 1,EH12 5EA,324126,673294,"16 MAITLAND STREET, WEST"
324130,673297,6916,takeaway food,Gregg's,Class 1,EH12 5EA,324130,673297,"17 MAITLAND STREET, WEST"
324134,673300,6917,grocer,Costcutter,Class 1,EH12 5EA,324134,673300,"18 MAITLAND STREET, WEST"
324141,673305,6918,betting shop,William Hill,Class 2,EH12 5EA,324141,673305,"19-20 MAITLAND STREET, WEST"
324147,673310,6919,n/t/c,R.S. McColl,Class 1,EH12 5EA,324147,673310,"22 MAITLAND STREET, WEST"
324150,673313,6920,betting shop,Ladbrokes,Class 2,EH12 5EA,324150,673313,"23 MAITLAND STREET, WEST"
324154,673315,6921,barber,Istanbul VIP,Class 1,EH12 5DX,324154,673315,"24 MAITLAND STREET, WEST"
324161,673321,6922,bank,Lloyds TSB Scotland,Class 2,EH12 5DX,324161,673321,"25-26 MAITLAND STREET, WEST"
324170,673327,6923,public house,The Mercat,SUI GENERIS,EH12 5DX,324170,673327,"28 MAITLAND STREET, WEST"
324174,673330,6924,restaurant (Italian),Gali,Class 3,EH12 5DX,324174,673330,"29 MAITLAND STREET, WEST"
324186,673340,6925,chemist,Boots,Class 1,EH12 5DZ,324186,673340,"32 MAITLAND STREET, WEST"
326530,674755,6926,vacant,vacant,Vacant,EH7 5HA,326530,674755,"17 MONTGOMERY PLACE, WEST"
326090,673063,6927,hairdresser,Hot head,Class 1,EH8 9DA,326090,673063,"17 NICOLSON STREET, WEST"
326077,673051,6928,ice cream parlour,Scoopz,Class 1,EH8 9DB,326077,673051,"25-27 NICOLSON STREET, WEST"
326074,673048,6929,hot food take-away & outside caterers,Picnic Basket,SUI GENERIS,EH8 9DB,326074,673048,"31 NICOLSON STREET, WEST"
326070,673045,6930,caf‚ & take-away,Arabicana,Class 3,EH8 9DB,326070,673045,"33 NICOLSON STREET, WEST"
326065,673041,6931,gifts,Digger,Class 1,EH8 9DB,326065,673041,"35 NICOLSON STREET, WEST"
326062,673039,6932,take-away food (Indian),Marhaba Kitchen,SUI GENERIS,EH8 9DB,326062,673039,"37 NICOLSON STREET, WEST"
326059,673036,6933,restaurant,Field,Class 3,EH8 9DB,326059,673036,"41 NICOLSON STREET, WEST"
326054,673032,6934,books,Word Power,Class 1,EH8 9DB,326054,673032,"43-45 NICOLSON STREET, WEST"
326049,673028,6935,tattoo studio,Tribe,Class 2,EH8 9DB,326049,673028,"47 NICOLSON STREET, WEST"
326046,673026,6936,restaurant,Red Box Noodle Bar,Class 3,EH8 9DB,326046,673026,"51-53 NICOLSON STREET, WEST"
326039,673019,6937,restaurant,Sylvester's,Class 3,EH8 9DB,326039,673019,"55 NICOLSON STREET, WEST"
326082,673031,6938,comic shop,Deadhead Comics,Class 1,EH8 9DD,326082,673031,"30 NICOLSON STREET, WEST"
326073,673022,6939,public house,Andrew Usher & Co.,SUI GENERIS,EH8 9DD,326073,673022,"32/1 NICOLSON STREET, WEST"
326077,673026,6940,public house,The Counting House,SUI GENERIS,EH8 9DD,326077,673026,"32/2 NICOLSON STREET, WEST"
326069,673011,6941,public house,The Blind Poet,SUI GENERIS,EH8 9DD,326069,673011,"34 NICOLSON STREET, WEST"
326068,673017,6942,public house,The Pear Tree,SUI GENERIS,EH8 9DD,326068,673017,"38 NICOLSON STREET, WEST"
325284,673305,6943,clothing,Godiva,Class 1,EH1 2JA,325284,673305,9 WEST PORT
325274,673293,6944,clothes printing,97 Black,Class 1,EH1 2JA,325274,673293,11 WEST PORT
325269,673290,6945,hairdresser,Sink and Anchor,Class 1,EH1 2JA,325269,673290,13 WEST PORT
325260,673285,6946,caf‚,Masion de Moggy,Class 3,EH1 2JA,325260,673285,17-19 WEST PORT
325242,673276,6947,public house,WJ Christie and Sons,SUI GENERIS,EH1 2JA,325242,673276,27-31 WEST PORT
325068,673218,6948,vintage jewellery,Cabaret,Class 1,EH3 9DP,325068,673218,137 WEST PORT
325064,673216,6949,n/t/c,West Port News,Class 1,EH3 9DP,325064,673216,139 WEST PORT
325060,673213,6950,take-away food,Alexanders Sandwich Bar,Class 1,EH3 9DP,325060,673213,141 WEST PORT
325055,673210,6951,florist,Lily West,Class 1,EH3 9DP,325055,673210,143 WEST PORT
325049,673207,6952,second-hand books,Edinburgh Books,Class 1,EH3 9DP,325049,673207,145-147 WEST PORT
325043,673203,6953,ladies clothing,Herman Brown,Class 1,EH3 9DP,325043,673203,151 WEST PORT
325036,673200,6954,cake shop and caf‚,Love Crumbs,Class 3,EH3 9DP,325036,673200,155 WEST PORT
325032,673197,6955,public house,Western Bar,SUI GENERIS,EH3 9DP,325032,673197,157-159 WEST PORT
325261,673263,6956,hot food take-away (Chinese),Yum Yum,SUI GENERIS,EH1 2JE,325261,673263,18-20 WEST PORT
325256,673259,6957,solicitors,V. Good & Co,Class 2, ,325256,673259, 
325221,673248,6958,tattoo studio,Bizarre Ink,Class 2,EH1 2LD,325221,673248,36 WEST PORT
325210,673247,6959,nail and beauty,Ruby Reds,Class 1,EH1 2LD,325210,673247,44 WEST PORT
325188,673243,6960,public house,Dragonfly Cocktail Bar,SUI GENERIS,EH1 2LD,325188,673243,50/52 WEST PORT
325179,673242,6961,coffee shop,The Coffee Mill,Class 3,EH1 2AQ,325179,673242,54-56 WEST PORT
325171,673240,6962,books,European Bookshop,Class 1,EH1 2LD,325171,673240,60 WEST PORT
325164,673238,6963,caf‚,Le Caf‚ Bleu,Class 3,EH1 2LD,325164,673238,62 WEST PORT
325167,673239,6964,"antiquarian books, maps & prints",Scottish Pictures,Class 1,EH1 2LD,325167,673239,64 WEST PORT
325161,673237,6965,book binding classes,Owl and Lion,Class 2,EH1 2LD,325161,673237,66 WEST PORT
325158,673236,6966,books,Peter Bell Books,Class 1,EH1 2LD,325158,673236,68 WEST PORT
325152,673229,6967,books,Armchair Books,Class 1,EH1 2LE,325152,673229,72-74 WEST PORT
325143,673231,6968,hairdresser,Afrin Barbers,Class 1,EH1 2LE,325143,673231,76 WEST PORT
325078,673195,6969,small supermarket,Sainsbury's local,Class 1,EH3 9DN,325078,673195,102(GF1) WEST PORT
326279,672416,6970,public house,Drouthy Neebors,SUI GENERIS,EH8 9PX,326279,672416,1-2 WEST PRESTON STREET
326399,672427,6971,betting shop,William Hill,Class 2,EH8 9PU,326399,672427,19-20 WEST PRESTON STREET
326398,672400,6972,florist,Simpsons,Class 1,EH8 9PZ,326398,672400,23 WEST PRESTON STREET
326387,672399,6973,public house,Cask and Barrel (Southside),SUI GENERIS,EH8 9PZ,326387,672399,24-26 WEST PRESTON STREET
326372,672398,6974,restaurant,Los Argentinos,Class 3,EH8 9PZ,326372,672398,28-30 WEST PRESTON STREET
326342,672395,6975,construction consultants,DCM Construction,Class 4,EH8 9PY,326342,672395,31-32 WEST PRESTON STREET
326336,672395,6976,"marketing, PR specialising in sustainable tourism",Dunira Strategy,Class 4,EH8 9PY,326336,672395,33 WEST PRESTON STREET
326328,672394,6977,restraurant (Japanese and Asian),Ichi Bann,Class 3,EH8 9PY,326328,672394,34 WEST PRESTON STREET
326321,672393,6978,Beauty parlour,The Make Up and Beauty studio,Class 1,EH8 9PY,326321,672393,36-37 WEST PRESTON STREET
326313,672393,6979,Vacant,Vacant,Vacant,EH8 9PY,326313,672393,38-39 WEST PRESTON STREET
326306,672392,6980,restaurant,Hanedan,Class 3,EH8 9PY,326306,672392,41-42 WEST PRESTON STREET
326298,672392,6981,vacant,vacant,Vacant, ,326298,672392, 
326293,672391,6982,vacant,vacant,Vacant,EH8 9PY,326293,672391,44 WEST PRESTON STREET
325780,674046,6983,public house,Guildford Arms,SUI GENERIS,EH2 2AA,325780,674046,"1 REGISTER STREET, WEST"
325767,674042,6984,hairdresser (ladies & gents),7 West,Class 1,EH2 2AA,325767,674042,"7 REGISTER STREET, WEST"
325757,674041,6985,caf‚,The Edinburgh Sandwich Society,SUI GENERIS, ,325757,674041, 
325755,674046,6986,hot food take-away,Snax,SUI GENERIS,EH2 2AA,325755,674046,"15-17 REGISTER STREET, WEST"
325752,674061,6987,public house,Caf‚ Royal,SUI GENERIS,EH2 2AA,325752,674061,"19 REGISTER STREET, WEST"
325753,674056,6988,public house,The Voodoo Rooms,SUI GENERIS,EH2 2AA,325753,674056,"19A REGISTER STREET, WEST"
325711,674048,6989,vacant,vacant,Vacant,EH2 2AA,325711,674048,"50 REGISTER STREET, WEST"
326165,673096,6990,public house,Southsider,SUI GENERIS,EH8 9EF,326165,673096,"3-7 RICHMOND STREET, WEST"
326174,673103,6991,print and design,Events Armoury,Class 2,EH8 9EF,326174,673103,"9 RICHMOND STREET, WEST"
326181,673110,6992,restaurant,Maki & Ramen,Class 3,EH8 9EF,326181,673110,"13 RICHMOND STREET, WEST"
326183,673112,6993,hairdresser (gents),Richmond Barbers,Class 1,EH8 9EF,326183,673112,"15 RICHMOND STREET, WEST"
326186,673114,6994,hairdresser,Chu's Salon,Class 1,EH8 9EF,326186,673114,"15A RICHMOND STREET, WEST"
326272,673186,6995,restaurant,Bonsai,Class 3,EH8 9DZ,326272,673186,"46 RICHMOND STREET, WEST"
326279,673186,6996,bicycle shop,The Cycle Service,Class 1,EH8 9DZ,326279,673186,"50 RICHMOND STREET, WEST"
326289,673186,6997,caf‚,The Richmond Caf‚,Class 3,EH8 9DZ,326289,673186,"52 RICHMOND STREET, WEST"
329669,674194,6998,pest control,RCS Enviro,Class 4,EH7 6UL,329669,674194,8C WEST TELFERTON
312985,678335,6999,"guest house, caf‚",Ravenous Beastie,Class 3,EH30 9LL,312985,678335,15 WEST TERRACE
312978,678338,7000,bookshop,Ferry Fair Bookshop,Class 1,EH30 9LL,312978,678338,19 WEST TERRACE
312999,678327,7001,hairdresser,Blondies,Class 1,EH30 9LL,312999,678327,12 WEST TERRACE
312991,678332,7002,financial services,Peter McKinney Associates,Class 2,EH30 9LL,312991,678332,14(A) WEST TERRACE
319797,669963,7003,betting shop,Ladbrokes,Class 2,EH14 2SW,319797,669963,3A WESTER HAILES CENTRE
319792,669961,7004,betting shop,William Hill,Class 2,EH14 2SW,319792,669961,4 WESTER HAILES CENTRE
319787,669958,7005,vacant,vacant,Vacant,EH14 2SW,319787,669958,(4A) WESTER HAILES CENTRE
319795,669941,7006,hairdresser,gls hairdressing,Class 1,EH14 2SW,319795,669941,5 WESTER HAILES CENTRE
319799,669931,7007,coffee shop,Coffee Express,Class 3,EH14 2SW,319799,669931,6 WESTER HAILES CENTRE
319807,669912,7008,vacant,vacant,Vacant,EH14 2SW,319807,669912,7 WESTER HAILES CENTRE
319803,669922,7009,charity shop,Barnardo's,Class 1,EH14 2SW,319803,669922,7A WESTER HAILES CENTRE
319811,669903,7010,post office,Wester Hailes Post Office,Class 1,EH14 2SW,319811,669903,8 WESTER HAILES CENTRE
319815,669893,7011,slot casino,Cashino,Class 11,EH14 2SW,319815,669893,9 WESTER HAILES CENTRE
319819,669884,7012,pawnbrokers,Cash Converters,Class 1,EH14 2SW,319819,669884,10 WESTER HAILES CENTRE
319823,669874,7013,"t.v., hi-fi, furniture",Bright House,Class 1,EH14 2SW,319823,669874,11 WESTER HAILES CENTRE
319821,669863,7014,Gym,Xercise4Less,Class 11,EH14 2SW,319821,669863,12 WESTER HAILES CENTRE
319790,669861,7015,dental surgery,Westside Dental Care,Class 2, ,319790,669861, 
319778,669889,7016,optician,Jack Brown Eyecare,Class 1,EH14 2SW,319778,669889,16-17 WESTER HAILES CENTRE
319774,669899,7017,bank,Bank of Scotland,Class 2,EH14 2SW,319774,669899,18 WESTER HAILES CENTRE
319770,669910,7018,card and gift shop,The Card Factory,Class 1,EH14 2SW,319770,669910,19 WESTER HAILES CENTRE
319777,669936,7019,frozen food,Iceland,Class 1,EH14 2SW,319777,669936,19B WESTER HAILES CENTRE
319747,669942,7020,hot food take-away,Samaro,SUI GENERIS,EH14 2SW,319747,669942,19C WESTER HAILES CENTRE
319801,669952,7021,vacant,vacant,Vacant,EH14 2SW,319801,669952,20 WESTER HAILES CENTRE
319773,669944,7022,mixed durable goods,Poundstretcher,Class 1,EH14 2SW,319773,669944,20(A) WESTER HAILES CENTRE
319808,669933,7023,butcher,Campbel and Sons,Class 1,EH14 2SW,319808,669933,21 WESTER HAILES CENTRE
319811,669925,7024,charity shop,British Heart Foundation,Class 1,EH14 2SW,319811,669925,22 WESTER HAILES CENTRE
319816,669916,7025,automatic teller machine,Clydesdale ATM,Class 1,EH14 2SW,319816,669916,23 WESTER HAILES CENTRE
319819,669906,7026,chemist,Semi-Chem,Class 1,EH14 2SW,319819,669906,24 WESTER HAILES CENTRE
319823,669897,7027,financial services - cheque cashing,Albemarle & Bond Pawnbrokers,Class 2,EH14 2SW,319823,669897,25 WESTER HAILES CENTRE
319827,669887,7028,n/t/c,Plaza News,Class 1,EH14 2SW,319827,669887,25A WESTER HAILES CENTRE
319832,669878,7029,chemist,Lloyds Pharmacy,Class 1,EH14 2SW,319832,669878,26 WESTER HAILES CENTRE
319830,669856,7030,supermarket,Lidl,Class 1,EH14 2SW,319830,669856,26A WESTER HAILES CENTRE
319782,669858,7031,frozen food,Farmfoods,Class 1,EH14 2SW,319782,669858,27-28 WESTER HAILES CENTRE
319773,669881,7032,baker,Greggs,Class 1,EH14 2SW,319773,669881,29 WESTER HAILES CENTRE
319768,669894,7033,money lenders,Cheque Centre,Class 2,EH14 2SW,319768,669894,30 WESTER HAILES CENTRE
319764,669906,7034,clothing,Store 21,Class 1,EH14 2SW,319764,669906,31-34 WESTER HAILES CENTRE
319774,669760,7035,solarium,Tanz,Class 1,EH14 3HR,319774,669760,96 WESTER HAILES ROAD
318418,666629,7036,farm produce,Wester Kinleith Farm Shop,Class 1,EH14 6AT,318418,666629,(A) WESTER KINLEITH FARM
321981,673109,7037,window blinds,House of Blinds,Class 1,EH12 5PY,321981,673109,1 WESTERN CORNER
321980,673104,7038,carpets,Murrayfield Carpets & Interiors,Class 1,EH12 5PY,321980,673104,3 WESTERN CORNER
321979,673098,7039,carpets,Murrayfield Carpets & Interiors,Class 1,EH12 5PY,321979,673098,4 WESTERN CORNER
321978,673092,7040,finance,Rutherford Asset Management,Class 2,EH12 5PY,321978,673092,5 WESTERN CORNER
325870,677744,7041,caf‚,Waterfront Caf‚,Class 3,EH6 6PA,325870,677744,9 WESTERN HARBOUR BREAKWATER
322672,672355,7042,Drycleaners,Johnson Cleaners UK,Class 1,EH11 2QU,322672,672355,39(D) WESTFIELD ROAD
322535,672324,7043,public house,Murrayfield Sports Bar,SUI GENERIS,EH11 2QR,322535,672324,20 WESTFIELD ROAD
322504,672415,7044,furniture,Sterling Select,Class 1,EH11 2QB,322504,672415,24 WESTFIELD ROAD
322585,672521,7045,petrol filling station & shop,Sainsbury's,Class 1, ,322585,672521, 
322676,672322,7046,supermarket - large,Sainsbury,Class 1,EH11 2QU,322676,672322,39 WESTFIELD ROAD
322606,672550,7047,electronics,Cirrus Logic,Class 4,EH11 2QB,322606,672550,44 WESTFIELD ROAD
319729,669989,7048,n/t/c,no name on fascia,Class 1,EH14 2ST,319729,669989,11 WESTSIDE PLAZA
319788,669847,7049,household goods,Home Bargains,Class 1,EH14 2SW,319788,669847,26B WESTER HAILES CENTRE
319720,669922,7050,public house,The Westsider,SUI GENERIS,EH14 2SW,319720,669922,2 WESTER HAILES CENTRE
319728,669985,7051,hot food take-away,n/a,SUI GENERIS,EH14 2ST,319728,669985,12 WESTSIDE PLAZA
323024,672315,7052,hot food take-away (Thai),Tom Yum Thai,SUI GENERIS,EH11 2NZ,323024,672315,3 WHEATFIELD STREET
330977,671478,7053,restaurant and drive thru,KFC,Class 3,EH15 3HR,330977,671478,1 WHITEHILL ROAD
330977,671478,7054,car showroom,Western Volkswagon,SUI GENERIS,EH15 3HR,330977,671478,1 WHITEHILL ROAD
331030,671543,7055,restaurant drive thru,BURGER KING,SUI GENERIS,EH15 3HR,331030,671543,3 WHITEHILL ROAD
330949,671396,7056,furniture,Martin and Frost,Class 1,EH15 3HR,330949,671396,4 WHITEHILL ROAD
330996,671424,7057,furniture,Martin and Frost,Class 1,EH15 3HR,330996,671424,6 WHITEHILL ROAD
331051,671380,7058,car showroom,Porsche Centre Edinburgh,SUI GENERIS,EH15 3HR,331051,671380,8 WHITEHILL ROAD
332173,671945,7059,flooring,GL Floors,Class 1,EH21 8QZ,332173,671945,73-77 WHITEHILL STREET
331931,671874,7060,grocer,Village Express,Class 1,EH21 8RA,331931,671874,2B WHITEHILL STREET
325053,672052,7061,dentist,Links Dental Practice,Class 2, ,325053,672052, 
325018,672016,7062,vacant,vacant,Vacant,EH9 1BD,325018,672016,106 WHITEHOUSE LOAN
325055,672036,7063,audio-visual consultants,Electrosonic,Class 4,EH9 1AT,325055,672036,107-109 WHITEHOUSE LOAN
325056,672029,7064,childrens seats,Totseat,Class 4,EH9 1AT,325056,672029,111 WHITEHOUSE LOAN
318567,675087,7065,haridresser,Raymonds,Class 1,EH4 6BU,318567,675087,185 WHITEHOUSE ROAD
318569,675080,7066,grocer / convenience store,Scotmid,Class 1,EH4 6BU,318569,675080,187-189 WHITEHOUSE ROAD
318567,675070,7067,gift shop,Cloudberry,Class 1,EH4 6BU,318567,675070,193 WHITEHOUSE ROAD
318569,675061,7068,chemist,Barnton Pharmacy,Class 1,EH4 6BU,318569,675061,195 WHITEHOUSE ROAD
318571,675053,7069,hot food take-away (Chinese),Royal Dynasty,SUI GENERIS,EH4 6BU,318571,675053,197 WHITEHOUSE ROAD
318573,675047,7070,baker & post office,Barnton Bakery & Post Office,Class 1,EH4 6BU,318573,675047,199 WHITEHOUSE ROAD
318576,675034,7071,small supermarket,Sainsbury's Local,Class 1,EH4 6BU,318576,675034,205 WHITEHOUSE ROAD
324427,673628,7072,"ladies clothing, accessories & shoes",Sam Brown,Class 1,EH3 7NG,324427,673628,5 WILLIAM STREET
324420,673626,7073,florist,Rogue,Class 1,EH3 7NG,324420,673626,5A WILLIAM STREET
324416,673624,7074,sandwich bar,Herbie,Class 1,EH3 7NG,324416,673624,7 WILLIAM STREET
324413,673622,7075,vacant,vacant,Vacant, ,324413,673622, 
324408,673622,7076,vacant,vacant,Vacant,EH3 7NG,324408,673622,11A-15A WILLIAM STREET
324409,673620,7077,sandwich bar,Nikki's,Class 1,EH3 7NG,324409,673620,11-13 WILLIAM STREET
324404,673617,7078,opticians,Birrel Opticians,Class 1,EH3 7NG,324404,673617,15 WILLIAM STREET
324394,673611,7079,public house,The Melville,SUI GENERIS,EH3 7NG,324394,673611,19-25 WILLIAM STREET
324383,673604,7080,public house,Bert's Bar,SUI GENERIS,EH3 7NG,324383,673604,29-31 WILLIAM STREET
324295,673535,7081,coffee shop,Lauras Kitchen,Class 3,EH3 7LW,324295,673535,33 WILLIAM STREET
324292,673533,7082,vacant,vacant,Vacant,EH3 7LW,324292,673533,35 WILLIAM STREET
324287,673529,7083,ladies clothing,Odessey Boutique,Class 1,EH3 7LW,324287,673529,39-41 WILLIAM STREET
324283,673526,7084,jewellry,Lily Luna,Class 1,EH3 7LW,324283,673526,43 WILLIAM STREET
324276,673521,7085,specialist cake shop,Liggy's Cake,Class 1,EH3 7LW,324276,673521,45 WILLIAM STREET
324273,673518,7086,property development,Locate Development Limited,Class 2,EH3 7LW,324273,673518,49 WILLIAM STREET
324268,673514,7087,jeweller,Liam Ross,Class 1,EH3 7LW,324268,673514,51 WILLIAM STREET
324437,673613,7088,vacant,vacant,Vacant,EH3 7NH,324437,673613,4 WILLIAM STREET
324437,673610,7089,beauty salon,Sleeping Beauty Salon,Class 1,EH3 7NH,324437,673610,6 WILLIAM STREET
324426,673606,7090,ladies clothing,Just G boutique,Class 1,EH3 7NH,324426,673606,10 WILLIAM STREET
324418,673601,7091,vacant,vacant,Vacant,EH3 7NH,324418,673601,12 WILLIAM STREET
324408,673596,7092,vacant,vacant,Vacant,EH3 7NH,324408,673596,16 WILLIAM STREET
324401,673591,7093,coffee shop,Brass and Copper,Class 3,EH3 7NH,324401,673591,18 WILLIAM STREET
324395,673587,7094,hairdresser,Marco Pelo,Class 1,EH3 7NH,324395,673587,20 WILLIAM STREET
324390,673584,7095,public house,Teuchters,SUI GENERIS,EH3 7NH,324390,673584,26 WILLIAM STREET
324303,673518,7096,hairdresser,Lindsey Gillies,Class 1,EH3 7LJ,324303,673518,28 WILLIAM STREET
324290,673506,7097,deli and caf‚,Maialino,Class 3,EH3 7LJ,324290,673506,34 WILLIAM STREET
324283,673501,7098,restaurant (Chinese),Lune Town,Class 3,EH3 7LJ,324283,673501,38 WILLIAM STREET
328375,674079,7099,hairdresser,Missy Cut,Class 1,EH8 7DB,328375,674079,15 WILLOWBRAE ROAD
328770,673763,7100,hot food take-away (Indian),Shahi Manzil,SUI GENERIS,EH8 7JB,328770,673763,157 WILLOWBRAE ROAD
328774,673761,7101,hot food take-away (Chinese),Kam Lo,SUI GENERIS,EH8 7JB,328774,673761,159 WILLOWBRAE ROAD
329126,673260,7102,restaurant & bar,Radical Road,SUI GENERIS,EH8 7ND,329126,673260,(229) WILLOWBRAE ROAD
329125,673231,7103,grocer & post office,Londis & Northfield Post Office,Class 1,EH8 7ND,329125,673231,231 WILLOWBRAE ROAD
329157,673206,7104,car showroom,Western Mercedes/Jeep/Chrysler,SUI GENERIS,EH8 7ND,329157,673206,235 WILLOWBRAE ROAD
328340,674124,7105,greengrocer,Willowbrae Convenience Store,Class 1,EH8 7DB,328340,674124,4 WILLOWBRAE ROAD
328343,674121,7106,dog grooming,Paws Perfect,Class 1,EH8 7DB,328343,674121,6 WILLOWBRAE ROAD
328346,674116,7107,n/t/c,M. Azhar,Class 1,EH8 7DB,328346,674116,8 WILLOWBRAE ROAD
328372,674083,7108,hairdresser,Master Cut,Class 1,EH8 7DB,328372,674083,14 WILLOWBRAE ROAD
328379,674075,7109,constituency office,SNP Edinburgh Eastern,Class 2,EH8 7DB,328379,674075,16A WILLOWBRAE ROAD
330572,673712,7110,grocers,EARTHY FOODS & GOODS LTD,Class 1,EH15 2AJ,330572,673712,19 WINDSOR PLACE
328271,674139,7111,Fancy dress,Stir Crazy,Class 1,EH8 7AD,328271,674139,1 WOLSELEY PLACE
328254,674142,7112,bank,Bank of Scotland / HBOS,Class 2,EH8 7AD,328254,674142,5-7 WOLSELEY PLACE
328240,674144,7113,financial services,Clarity,Class 4,EH8 7AD,328240,674144,9 WOLSELEY PLACE
328228,674145,7114,beauty salon,Wicked,Class 1,EH8 7AD,328228,674145,13 WOLSELEY PLACE
328263,674141,7115,tailoring & repairs,A One Alterations,Class 2,EH8 7AD,328263,674141,4 WOLSELEY PLACE
328236,674144,7116,florist,Angelica Flowers,Class 1,EH8 7AD,328236,674144,10 WOLSELEY PLACE
328232,674145,7117,hot food take-away,Mr. Hot Potato,SUI GENERIS,EH8 7AD,328232,674145,12 WOLSELEY PLACE
328288,674136,7118,Grocer,Premier,Class 1,EH8 7AB,328288,674136,1-2 WOLSELEY TERRACE
324922,672536,7119,public house,Ye Olde Golf Tavern,SUI GENERIS,EH10 4HR,324922,672536,30 WRIGHT'S HOUSES
326879,676111,7120,public house,Anderson's Bar,SUI GENERIS,EH6 6BU,326879,676111,1-2 YARDHEADS
326867,676119,7121,vacant,vacant,Vacant,EH6 6BU,326867,676119,5 YARDHEADS
326863,676122,7122,office,n/a,Class 4,EH6 6BU,326863,676122,6 YARDHEADS
323949,672550,7123,hot food take-away,The Fountain,SUI GENERIS,EH11 1BR,323949,672550,3 YEAMAN PLACE
323976,672428,7124,public house,Golden Rule,SUI GENERIS,EH11 1BU,323976,672428,30 YEAMAN PLACE
323982,672415,7125,car parts & accessories,Car Parts,Class 1,EH11 1BT,323982,672415,36-38 YEAMAN PLACE
325571,674291,7126,bathroom furniture & fittings,Bath Store,Class 1,EH2 1HY,325571,674291,4 YORK BUILDINGS
325550,674286,7127,Bridalwear,La Nova,Class 1,EH2 1HY,325550,674286,6 YORK BUILDINGS
325633,674272,7128,ladies clothing,Troon,Class 1,EH1 3EB,325633,674272,1 YORK PLACE
325633,674275,7129,hairdresser,Blunted Barbers,Class 1,EH1 3EB,325633,674275,1A YORK PLACE
325638,674276,7130,restaurant,Sian Square,Class 3,EH1 3EB,325638,674276,3(BF) YORK PLACE
325639,674276,7131,coffee shop,Fortitude,Class 3,EH1 3EB,325639,674276,3C YORK PLACE
325839,674332,7132,hairdresser,Cheynes,Class 1,EH1 3HP,325839,674332,45A-B YORK PLACE
325932,674359,7133,public house,Conan Doyle,SUI GENERIS,EH1 3JD,325932,674359,71-73 YORK PLACE
325632,674315,7134,hairdresser (gents),York Barbers,Class 1,EH1 3EP,325632,674315,4B YORK PLACE
324862,673997,7135,preowned designer clothes,Stock Exchange,Class 1,EH2 4HU,324862,673997,5 YOUNG STREET
324874,673984,7136,public house,Oxford Bar,SUI GENERIS,EH2 4JB,324874,673984,8 YOUNG STREET
324793,673961,7137,public house,Cambridge Bar,SUI GENERIS,EH2 4JB,324793,673961,20 YOUNG STREET
