X,Y,DESCRIP10,BUSINESS10,USECLASS86,USECLASS96,USECLASS04,USECLASS10,ADDRESS,POSTCODE,OBJECTID
326794.4614,673934.384099999,restaurant,Café at the Palace,Class 3,Class 9,Class 3,Class 3,9 ABBEY STRAND,EH8 8DU,1
326798.6326,673897.5408,souvenirs,Queen's Gallery Shop, , ,Class 1,Class 1,9(GF) ABBEY STRAND,EH8 8DU,2
326818,674116,vacant,vacant, , ,UNKNOWN USE,Vacant,55 ABBEYHILL,EH8 8EA,3
328372.6636,674066.014799999,building consultants,Ardmore Home Care,Class 2,Class 4,Class 4,Class 4,4 ABERCORN ROAD,EH8 7DE,4
325554.6038,674408.7689,restaurant,Karens Unicorn, , ,Class 3,Class 3,8B ABERCROMBY PLACE,EH3 6LB,5
327065.6429,675875.6072,vacant,vacant,Vacant,Class 2,Vacant,Vacant,4 ACADEMY STREET,EH6 7EF,6
325604.971,674390.9144,public house,The Magnum,SUI GENERIS,SUI GENERIS,SUI GENERIS,SUI GENERIS,1 ALBANY STREET,EH1 3PY,7
325662.4572,674406.743100001,medals and engravers,Alex Kirkwood and Sons, , ,Class 1,Class 1,13(GF) ALBANY STREET,EH1 3PY,8
325596.783,674420.320800001,hairdresser,Charles Kivlin Hair Studio,Class 1,Class 1,Class 1,Class 1,2 ALBANY STREET,EH1 3QB,9
325600.3632,674421.5142,hairdresser,Charles Kilvin Hair studio,Class 2,Class 4,Class 4,Class 1,4 ALBANY STREET,EH1 3QB,10
326504.1046,675014.6623,vacant,vacant,Class 1,Class 1,Class 1,Vacant,1 ALBERT PLACE,EH7 5HN,11
326499.3377,675008.6754,hairdresser,Helen Dean,Class 1,Class 1,Class 1,Class 1,3 ALBERT PLACE,EH7 5HN,12
330493.3351,673833.8191,restaurant,Bonoful, , , ,Class 3,13-17 BRIGHTON PLACE,EH15 1LH,13
326053.7391,673032.400900001,books,Word Power, , , ,Class 1,"43-45 NICOLSON STREET, WE",EH8 9DB,14
326389.4614,672891.507300001,restaurant (Indian & Bangladeshi),Kismot, , , ,Class 3,29-35 ST. LEONARD'S STREE,EH8 9QN,15
323672.5625,668736.648800001,hot food take-away,Merdos, , , ,SUI GENERIS,11-12 OXGANGS BROADWAY,EH13 9LQ,16
329031.6338,671666.7239,hot food take away (Chinese),No. 1 Kitchen, , , ,SUI GENERIS,78 NIDDRIE MAINS ROAD,EH16 4BG,17
326496.9739,675005.3377,restaurant & hot food take-away,Haq,Vacant,Class 3,Class 3,Class 3,4 ALBERT PLACE,EH7 5HN,18
326488.2593,674992.1688,vacant,vacant,Vacant,Class 2,Class 2,Vacant,5 ALBERT PLACE,EH7 5HN,19
326493.3246,674999.260399999,grocer,Star Premier,Class 1,Class 1,Class 1,Class 1,7-8 ALBERT PLACE,EH7 5HN,20
326485.1558,674987.8442,sandwich bar,Sandwich Express,Vacant,Class 1,Class 3,Class 1,9 ALBERT PLACE,EH7 5HN,21
326482.6623,674984.8181,grocer,Polish mini market,Class 1,Class 1,Class 1,Class 1,10 ALBERT PLACE,EH7 5HN,22
326480.0,674981.0131,hot food take-away,Silver Bowl,SUI GENERIS,SUI GENERIS,SUI GENERIS,SUI GENERIS,12 ALBERT PLACE,EH7 5HN,23
326477.1296,674977.2985,travel agent,Airlink Travel (Scotland) Ltd.,Class 1,Class 1,Class 1,Class 1,13 ALBERT PLACE,EH7 5HN,24
326473.1427,674971.883400001,restaurant,The Tail End, , ,Class 3,Class 3,14-15 ALBERT PLACE,EH7 5HN,25
326466.8954,674963.103499999,public house,Priscilla's,SUI GENERIS,SUI GENERIS,SUI GENERIS,SUI GENERIS,17 ALBERT PLACE,EH7 5HN,26
326459.9869,674956.3638,Taxi dispatch,Air Trans,Class 1,Class 1,SUI GENERIS,Class 4,20 ALBERT PLACE,EH7 5HN,27
326457.9608,674953.4935,mobile phones,Unlock IT,Class 1,Class 1,Class 1,Class 1,21-22 ALBERT PLACE,EH7 5HN,28
326455.5436,674950.1666,delicatessen (polish),Tradycja,SUI GENERIS,SUI GENERIS,SUI GENERIS,Class 1,25 ALBERT PLACE,EH7 5HN,29
326452.8954,674946.570800001,vacant,vacant,Class 1,Class 1,Class 1,Vacant,26 ALBERT PLACE,EH7 5HN,30
326450.5316,674943.3627,nail salon,Glam,Class 1,Class 1,Class 1,Class 1,27 ALBERT PLACE,EH7 5HN,31
326447.9989,674939.817,hairdresser,The Cutting Room,Class 1,Class 1,Class 1,Class 1,28 ALBERT PLACE,EH7 5HN,32
326516.7658,675014.416099999,café,Word of Mouth,Class 3,SUI GENERIS,Class 3,Class 3,3A ALBERT STREET,EH7 5HL,33
326635.6299,675006.1732,chartered surveys,Randall Associates,Class 2,Class 4,Vacant,Class 4,21 ALBERT STREET,EH7 5LH,34
326656.0,675005.2599,grocer,Rajjah's Supermarket,Class 2,Vacant,Vacant,Class 1,33 ALBERT STREET,EH7 5LH,35
326679.7401,675003.629899999,estate agents,W.W. & J. Borland,Vacant,Class 2,Class 2,Class 2,45 ALBERT STREET,EH7 5LN,36
326894.1968,674991.1732,dwelling,dwelling,SUI GENERIS,SUI GENERIS,Class 4,Class 9, , ,37
326978,674989,vacant,vacant, , ,Vacant,Vacant,101 ALBERT STREET,EH7 5LY,38
326543.5577,675038.103499999,vacant,vacant,Class 1,Class 1,Class 1,Vacant, , ,39
326547.2723,675037.934599999,vacant,vacant,Class 1,Class 2,Class 2,Vacant,10 ALBERT STREET,EH7 5LG,40
326553.5196,675037.596899999,baker,Sicilian Pastry Shop,Class 1,Class 1,Class 1,Class 1,14-16 ALBERT STREET,EH7 5LG,41
326562.9869,675037.090399999,grocer,Ben Stores, , ,Class 1,Class 1,18-20 ALBERT STREET,EH7 5LG,42
326568.7277,675036.921599999,hot food take-away,Khyber Kebabs,Vacant,Class 1,SUI GENERIS,SUI GENERIS,24 ALBERT STREET,EH7 5LG,43
326118.5719,674544.116599999,vacant,vacant,Class 1,Class 1,Class 1,Vacant,13 ANTIGUA STREET,EH1 3NH,44
326121.5588,674548.934599999,fitness equipment,Powerhouse,Class 1,Class 1,Class 1,Class 1,14 ANTIGUA STREET,EH1 3NH,45
323508.8081,672456.9794,bank,Bank of Scotland / HBOS,Class 2,Class 2,Class 2,Class 2,1(GF) ARDMILLAN TERRACE,EH11 2JN,46
323508.4043,672448.266000001,hairdresser,Natisse Hairdressing,Class 1,Class 1,Class 1,Class 1,2 ARDMILLAN TERRACE,EH11 2JN,47
323507.1486,672437.788000001,chemist,Springwell Pharmacy,Class 1,Class 1,Class 1,Class 1,3 ARDMILLAN TERRACE,EH11 2JN,48
323492.2865,672283.420499999,chimney sweep,Auld Reekie,Class 1,Vacant,Class 4,Class 4,24 ARDMILLAN TERRACE,EH11 2JW,49
323492.1584,672279.322799999,"trophies, engraving",Activity Awards,Class 2,Class 1,Class 1,Class 1,25 ARDMILLAN TERRACE,EH11 2JW,50
325660.262,672359.632200001,public house,Argyle Bar/The Hide,SUI GENERIS,SUI GENERIS,SUI GENERIS,SUI GENERIS,15-17 ARGYLE PLACE,EH9 1JJ,51
325660.7356,672340.002499999,greengrocer,Nadia's Fruit Market,Class 4,Class 1,Class 1,Class 1,18 ARGYLE PLACE,EH9 1JJ,52
325660.262,672347.105799999,vacant,vacant,Class 1,Class 1,Class 1,Vacant,20 ARGYLE PLACE,EH9 1JJ,53
325660.7356,672352.7884,restaurant (Thai & Chinese),Hong,Class 3,Class 3,Class 3,Class 3,21 ARGYLE PLACE,EH9 1JJ,54
325660.262,672364.0529,vacant,vacant,Class 1,Class 1,Class 1,Vacant,22 ARGYLE PLACE,EH9 1JJ,55
325660.262,672368.3149,wholefoods,The New Leaf,Class 1,Class 1,Class 1,Class 1,23 ARGYLE PLACE,EH9 1JJ,56
325660.3149,672389.7356,bicycle repairs & accessories,Bicycle Works,Vacant,Class 1,Class 1,Class 1,30 ARGYLE PLACE,EH9 1JJ,57
325659.3149,672417.1587,professional services,Helen Lucas / The Roberts Partnership/ David Narro etc.,Class 2,Class 2,Class 2,Class 4,31 ARGYLE PLACE,EH9 1JT,58
325658.8942,672441.579299999,architects,Burgess Adams,Class 4,Class 1,Class 2,Class 4,38 ARGYLE PLACE,EH9 1JT,59
325658.8942,672447.262,coffee shop,Coffee House,Class 4,Class 1,Class 1,Class 3,39 ARGYLE PLACE,EH9 1JT,60
325658.8413,672456.2644,sauna,The New Gentle Touch,Class 1,Class 1,Class 11,Class 11,40 ARGYLE PLACE,EH9 1JT,61
325658.8413,672462.420700001,chartered accountant,Tang & Co,Class 1,Class 1,Class 11,Class 2,41 ARGYLE PLACE,EH9 1JT,62
325658.3678,672469.0504,quantity surveyors,Morgan Munro/Intelligent Projects,Class 4,Class 4,Class 2,Class 4,43(BF) ARGYLE PLACE,EH9 1JT,63
323351.2704,671720.432399999,office,n/a,Class 2,Class 2,Class 2,Class 4, , ,64
323342.6486,671729.054199999,hairdresser,Dian Ward Hairdressing,Vacant,Class 4,Class 1,Class 1,1E ASHLEY TERRACE,EH11 1RF,65
323339.7746,671731.928200001,photographer,Klaklack Design & Photography, , ,Class 4,Class 2,1F ASHLEY TERRACE,EH11 1RF,66
323259.7028,671820.054199999,n/t/c & grocer,M.A's Newsagents,Class 1,Class 1,Class 1,Class 1,29-30 ASHLEY TERRACE,EH11 1RE,67
323256.3514,671823.4866,soft furnishings,James Aird,Class 1,Class 1,Class 1,Class 1,32 ASHLEY TERRACE,EH11 1RE,68
323253.4775,671826.3606,architects,Studio 33,Class 1,Vacant,Class 2,Class 4,33 ASHLEY TERRACE,EH11 1RE,69
323249.793,671830.8289,clothing,toogoodforkids.com,Class 1,Class 4,Class 1,Class 1,34 ASHLEY TERRACE,EH11 1RE,70
323247.1803,671833.9641,letting agent,Craigflower Lettings,Class 1,Class 1,Class 1,Class 2,36 ASHLEY TERRACE,EH11 1RE,71
323258.9908,671855.2162,chemist,Tainsh Pharmacy,Class 1,Class 1,Class 1,Class 1,37 ASHLEY TERRACE,EH11 1RY,72
323261.8648,671852.081,beauty salon,Revive Beauty,Class 1,Class 1,Class 4,Class 1,39 ASHLEY TERRACE,EH11 1RY,73
323264.4775,671848.945800001,vacant,vacant,Class 1,Vacant,Class 4,Vacant,40 ASHLEY TERRACE,EH11 1RY,74
323268.9458,671844.522500001,chartered accountants,Owen and Co,Class 1,Class 1,Class 4,Class 2,41 ASHLEY TERRACE,EH11 1RY,75
323271.0359,671841.3873,florist,Pollination,Class 1,Class 2,Class 1,Class 1,42 ASHLEY TERRACE,EH11 1RY,76
323273.9099,671837.990800001,hairdresser,Stewarts,Class 1,Class 1,Vacant,Class 1,44 ASHLEY TERRACE,EH11 1RY,77
323276.5225,671835.116900001,sandwich bar,Blueberry Hill,Class 1,Class 1,Class 1,Class 1,45 ASHLEY TERRACE,EH11 1RY,78
323283.4324,671828.0,grocer,Margiotta, , ,Class 1,Class 1,46-50 ASHLEY TERRACE,EH11 1RY,79
327339.9492,676406.426100001,restaurant (Mongolian),Khublai Khan's Barbecue,SUI GENERIS,SUI GENERIS,Class 3,Class 3,43 ASSEMBLY STREET,EH6 7BQ,80
324313.1759,673394.9186,restaurant (Chinese),China Town,Class 3,Class 3,Class 3,Class 3,3 ATHOLL PLACE,EH3 8HP,81
324284.0945,673372.9186,engineers,Blackwood Partnership,Class 1,Class 4, ,Class 4,6-7 ATHOLL PLACE,EH3 8HP,82
324262.7297,673357.5799,vacant,vacant,Class 1,Class 4,Class 4,Vacant, , ,83
324258.7166,673348.824100001,vacant,vacant,Class 4,Class 4,Class 2,Vacant,13 ATHOLL PLACE,EH3 8HP,84
330160.5783,673983.477499999,computer centre,Standard Life, ,Class 1,Class 4,Class 4,11 BAILEYFIELD CRESCENT,EH15 1ET,85
330129.8591,673615.754899999,leisure centre,Party Planet, , ,SUI GENERIS,Class 11,39 BAILEYFIELD ROAD,EH15 1NA,86
313965.0819,670821.163699999,doctors surgery,Ratho Surgery, , ,Class 2,Class 2, , ,87
313928.5443,670872.7599,public house,Bridge Inn,SUI GENERIS,SUI GENERIS,SUI GENERIS,SUI GENERIS,27 BAIRD ROAD,EH28 8RU,88
324684.818,674511.602700001,cheesemonger,Ian J. Mellis,Class 1,Class 1,Class 1,Class 1,6 BAKER'S PLACE,EH3 6SY,89
324682.8038,674513.449100001,vacant,"vacant (opening soon : The Bakers Place - bakery, patisserie & cafe)",Class 1,Class 1,Class 1,Vacant,7 BAKER'S PLACE,EH3 6SY,90
324680.6218,674515.463199999,coffee shop,Starbucks,Class 1,Class 1,Class 3,Class 3,8-10 BAKER'S PLACE,EH3 6SY,91
324346.5954,670946.3005,office,Counselling Office,Class 4,Class 2,Class 2,Class 2,8 BALCARRES STREET,EH10 5JB,92
324248,670951,car showroom,Western Saab,SUI GENERIS,SUI GENERIS,SUI GENERIS,SUI GENERIS,21-22 BALCARRES STREET,EH10 5JD,93
326664.7146,675370.234200001,personal trainer,Griffen fitness,Class 1,Class 1,Class 1,Class 11,3 BALFOUR STREET,EH6 5BY,94
326656.3638,675380.597999999,hot food take-away,Seven Seas,SUI GENERIS,SUI GENERIS,SUI GENERIS,SUI GENERIS,7C BALFOUR STREET,EH6 5BY,95
326645.7146,675395.3508,vacant,vacant,Class 1,Class 1,Vacant,Vacant, , ,96
326593.7069,675468.823799999,grocer & n/t/c,A M Licensed Grocer,Class 1,Class 1,Class 1,Class 1,29 BALFOUR STREET,EH6 5DQ,97
326628.8812,675471.116900001,dental laboratory,Dental Lab, , ,Class 2,Class 2,28-30 BALFOUR STREET,EH6 5EP,98
326571.598,675036.752699999,butcher,Graham Cherrie,Class 1,Class 1,Class 1,Class 1,26 ALBERT STREET,EH7 5LG,99
326581,675042,architect,Icosis,Class 1,Class 4,Vacant,Class 4,28 ALBERT STREET,EH7 5LG,100
326581,675042,hot food take-away,Juding, , ,SUI GENERIS,SUI GENERIS,30 ALBERT STREET,EH7 5LG,101
326581,675042,scrap metal,Albert Street Metals,Class 2,Class 2,Class 4,Class 4,34 ALBERT STREET,EH7 5LG,102
326860.6535,675020.023600001,stonemason,Stone Restore,Class 4,Class 4,Class 4,Class 4,144 ALBERT STREET,EH7 5LT,103
326870.4331,675019.4803,vacant,vacant,Class 4,Vacant,Class 2,Vacant,152 ALBERT STREET,EH7 5LT,104
326882.882,675018.937000001,vacant,vacant,SUI GENERIS,SUI GENERIS,SUI GENERIS,Vacant, , ,105
326912.5669,675016.937000001,n/t/c,S & J Albert Stores,Class 1,Class 1,Class 1,Class 1,160 ALBERT STREET,EH7 5NA,106
326969.4331,675014.110200001,building insulation (storage only),Holt Insulation Ltd.,Class 1,Class 1,Class 4,Class 4,176 ALBERT STREET,EH7 5NA,107
326978.5433,675013.5669,public house,The Office,SUI GENERIS,SUI GENERIS,SUI GENERIS,SUI GENERIS,180 ALBERT STREET,EH7 5NA,108
327011.5433,674930.283500001,football shop,The Football Programme Shop,UNKNOWN USE,Class 1,Class 1,Class 1,5 ALBION ROAD,EH7 5QJ,109
327015.8898,674931.370100001,dwelling,dwelling,Class 1,Class 1,Class 4,Class 9, , ,110
327028.4567,674934.5669,take away food,Albion Snack Bar,Class 1,Class 1,Class 1,Class 1,11 ALBION ROAD,EH7 5QJ,111
327033.3465,674935.6535,hairdresser,Coleen's Rapid Salon,Vacant,Class 1,Class 1,Class 1,13 ALBION ROAD,EH7 5QJ,112
327199.0866,674944.5669,public house,Albion Bar,SUI GENERIS,SUI GENERIS,SUI GENERIS,SUI GENERIS,49 ALBION ROAD,EH7 5QP,113
327178.9134,674924.3465,car sales,Albion Road Garage,SUI GENERIS,SUI GENERIS,SUI GENERIS,SUI GENERIS,36-36A ALBION ROAD,EH7 5QU,114
327182.7165,674918.9134,car sales,Albion Road Garage,UNKNOWN USE,SUI GENERIS,SUI GENERIS,SUI GENERIS,38 ALBION ROAD,EH7 5QU,115
327185.4331,674912.937000001,health studio & sauna,Scorpio Leisure,Class 4,Class 11,Class 11,Class 11,42-44 ALBION ROAD,EH7 5QU,116
327226.8462,674852.429199999,grocer,Lifestyle Stop & Shop, , ,Class 1,Class 1,52 ALBION ROAD,EH7 5QZ,117
327233.7125,674848.4257,vacant,vacant, , ,Class 4,Vacant,56 ALBION ROAD,EH7 5QZ,118
327237.6131,674846.2665,vacant,vacant,Vacant,Vacant,Vacant,Vacant,58 ALBION ROAD,EH7 5QZ,119
322562.2514,672190.7041,graphic design,The Fourth Craw, , ,Class 4,Class 4,8 ALEXANDER DRIVE,EH11 2RH,120
322308.2289,670979.7711,surveyors & estate agents,Davidson & Robertson,Class 2,Class 4,Class 4,Class 4,1 ALLAN PARK ROAD,EH14 1LD,121
324554.903,673727.2347,restaurant,Howies, , ,Class 3,Class 3,1A ALVA STREET,EH2 4PH,122
324527.5305,673697.979699999,office,Abercrombie Financial Consultancy, , ,Class 1,Class 2,11(BF) ALVA STREET,EH2 4PH,123
324467.0407,673638.979699999,beauty salon,Claire's Beauty and Health,Class 1,Class 1,Class 1,Class 1,33 ALVA STREET,EH2 4PS,124
324452.842,673658.0407,ladies clothing,Meloosha,Class 3,Class 3,Class 3,Class 1,34-34B ALVA STREET,EH2 4PY,125
324943.1843,672295.889699999,bicycles,Edinburgh Bicycle Co-operative, , ,Class 1,Class 1,5-11 ALVANLEY TERRACE,EH9 1DU,126
325990.1771,676930.3616,public house,Prom Bar, , ,SUI GENERIS,SUI GENERIS,2-3 ANCHORFIELD,EH6 4JG,127
325985.6384,676931.269400001,betting shop,Fernieside Racing,Class 1,Class 4,Class 2,Class 2,5 ANCHORFIELD,EH6 4JG,128
325980.6457,676932.177100001,vacant,vacant,Class 1,Class 1,Class 1,Vacant,6 ANCHORFIELD,EH6 4JG,129
325975.5388,676933.4465,vacant,vacant,Class 1,Class 1,Class 1,Vacant,7 ANCHORFIELD,EH6 4JG,130
325970.5461,676934.3543,vacant,vacant,Class 1,Class 3,Class 3,Vacant,9 ANCHORFIELD,EH6 4JG,131
323653.1772,672446.220100001,public house,Athleic Arms,SUI GENERIS,SUI GENERIS,SUI GENERIS,SUI GENERIS,1-3 ANGLE PARK TERRACE,EH11 2JX,132
323649.5776,672442.033399999,electrician & plumber,AEIS,Class 2,Vacant,Vacant,Class 4,5 ANGLE PARK TERRACE,EH11 2JX,133
323645.6635,672437.3365,office,n/a,Class 2,Class 2,Class 2,Class 4,7 ANGLE PARK TERRACE,EH11 2JX,134
323639.3604,672429.1313,furniture,Olympian Pine Ltd, , ,Class 1,Class 1,(8) ANGLE PARK TERRACE,EH11 2JX,135
323594,672386,"party planning, production & events",Theme  Traders,Class 4,Class 4,Class 4,Class 4,22 ANGLE PARK TERRACE,EH11 2JX,136
323583,672368,vacant,vacant,Class 1,Vacant,Class 11,Vacant,24 ANGLE PARK TERRACE,EH11 2JT,137
323524,672303,public house,Caledonian Sample Room,SUI GENERIS,SUI GENERIS,SUI GENERIS,SUI GENERIS,58 ANGLE PARK TERRACE,EH11 2JR,138
323504.2805,672289.0792,n/t/c,Angle Park Newsagents,Class 1,Class 1,Class 1,Class 1,60 ANGLE PARK TERRACE,EH11 2JR,139
323500.8231,672286.2621,place of worship,Bethel House of God,Class 1,Class 1,Class 1,Class 2,62 ANGLE PARK TERRACE,EH11 2JR,140
323497.573,672283.5122,dj & diisco,Sound N Vision,Class 4,Class 4,Class 1,Class 4,64 ANGLE PARK TERRACE,EH11 2JR,141
323501.0608,672262.841600001,dwellijng,dwelling,Class 4,Vacant,Class 4,Class 9, , ,142
323504.3901,672265.4026,unknown,n/a,Class 4,Class 4,Class 4,Class 4, , ,143
323533.2073,672286.866,upholsterer,W.Irvine & Son,Class 1,Class 1,Class 4,Class 4,76 ANGLE PARK TERRACE,EH11 2JP,144
326079.6137,674827.678099999,demolished,demolished, ,Class 1,Class 1,Demolished, , ,145
326198.4673,674751.3115,car hire,Entreprise,SUI GENERIS,SUI GENERIS,SUI GENERIS,SUI GENERIS,12 ANNANDALE STREET,EH7 4AN,146
325925.5461,676939.4539,hot food take-away (Indian),Urooj,SUI GENERIS,SUI GENERIS,SUI GENERIS,SUI GENERIS,3 ANNFIELD,EH6 4JF,147
325886.262,676944.723300001,public house,The Annfield,SUI GENERIS,SUI GENERIS,SUI GENERIS,SUI GENERIS,10 ANNFIELD,EH6 4JF,148
326088.4332,674489.1985,restaurant,Ferri's Restaurant,Class 3,SUI GENERIS,Class 3,Class 3,1 ANTIGUA STREET,EH1 3NH,149
326090.7004,674493.732799999,hot food take-away,Deep Sea Fish & Chips,SUI GENERIS,SUI GENERIS,SUI GENERIS,SUI GENERIS,2 ANTIGUA STREET,EH1 3NH,150
326096.1915,674503.2906,restaurant,Mama Roma, , ,Class 3,Class 3,4-7 ANTIGUA STREET,EH1 3NH,151
326106.7646,674520.552100001,pictures & picture framing,L. Freedman,Class 1,Class 1,Class 1,Class 1,8 ANTIGUA STREET,EH1 3NH,152
326107.9703,674523.0,restaurant,Gurkha Brigade,Class 3,Class 3,Class 3,Class 3,9A ANTIGUA STREET,EH1 3NH,153
326050.43,673529.3236,internet café,E Corner, , ,Vacant,Class 3,54 BLACKFRIARS STREET,EH1 1NE,154
326051.8914,673524.6472,vacant,"vacant (formerly Zara, hot food take away)",Class 1,Class 1,Class 1,Vacant,56 BLACKFRIARS STREET,EH1 1NE,155
327837.3064,675703.629000001,converted to residential,dwelling,Class 1,Class 1,Class 1,Class 9, , ,156
326365.1086,672390.785,dwelling,dwelling, , ,Vacant,Class 9, , ,157
325915.1691,673564.0,office,Transition (Turning Point Scotland),Class 1,Vacant,Class 4,Class 4,15 BLAIR STREET,EH1 1QR,158
325921.2464,673541.4155,public house,The City Café, , ,SUI GENERIS,SUI GENERIS,19 BLAIR STREET,EH1 1QR,159
325948.5508,673530.09,sauna,Blair Street Sauna,Class 11,Class 11,Class 11,Class 11,30 BLAIR STREET,EH1 1QR,160
325950.5386,673524.5845,restaurant,Marlin's Wynd, , ,Class 3,Class 3,34A BLAIR STREET,EH1 1QR,161
325952.2464,673516.2609,public house,Cabaret Voltaire Bar, , ,SUI GENERIS,SUI GENERIS,36-38 BLAIR STREET,EH1 1QR,162
326156.9608,674485.260399999,bank,Royal Bank of Scotland,Class 2,Class 2,Class 2,Class 2,2-3A BLENHEIM PLACE,EH7 5JH,163
326168.1819,674484.052300001,pets & pet supplies,Dofos Pet Centre, , ,Class 1,Class 1,4 BLENHEIM PLACE,EH7 5JH,164
321359,668267,grocer,The Bonaly Corner Shop, , ,Class 1,Class 1,2 BONALY AVENUE,EH13 0ET,165
325570.8855,676200.934599999,designer radiators,The Radiator Store,Class 1,Class 1,Class 1,Class 1, , ,166
326205.3506,675735.588099999,fabrics,The Cloth Shop, ,Class 1,Class 1,Class 1,169 BONNINGTON ROAD,EH6 5BQ,167
326710.0784,676148.1779,public house,Fox's Bar,SUI GENERIS,SUI GENERIS,SUI GENERIS,SUI GENERIS,8 BONNINGTON ROAD,EH6 5JD,168
326707.6282,676141.4241,café,Now Reast,Class 3,Class 3,Vacant,Class 3,10-12 BONNINGTON ROAD,EH6 5JD,169
326189.1782,675774.9387,grocer,Best One,Class 2,Vacant,Class 1,Class 1,264 BONNINGTON ROAD,EH6 5BE,170
326181.1169,675769.4713,hairdresser,Amor, , ,Class 2,Class 1,268 BONNINGTON ROAD,EH6 5BE,171
326176.6475,675765.588099999,dwelling,dwelling,Class 1,Class 1,Vacant,Class 9, , ,172
326112.0784,674531.1819,restaurant,Massimo, , ,Class 3,Class 3,10-11 ANTIGUA STREET,EH1 3NH,173
322253.822,671986.266899999,mobile disco,Chaplins Disco,Class 4,Class 4,Class 4,Class 4,191 BALGREEN ROAD,EH11 2RZ,174
322255.2147,671982.7853,hot food take-away (Chinese),B.M.,SUI GENERIS,SUI GENERIS,SUI GENERIS,SUI GENERIS,193 BALGREEN ROAD,EH11 2RZ,175
322256.6518,671979.3037,sandwich bar & outside catering,Primo Catering, , ,Class 1,Class 1,195 BALGREEN ROAD,EH11 2RZ,176
322257.6073,671974.955499999,hairdresser,Cheryl Macgillivray Hair, , ,Vacant,Class 1,197 BALGREEN ROAD,EH11 2RZ,177
322262.178,671967.814300001,skateboard store,Focus Skateboard Store,Class 1,Class 4,Class 1,Class 1,199 BALGREEN ROAD,EH11 2RZ,178
322263.9188,671963.9845,hot food take-away,Balgreen Fryer Fish Bar,SUI GENERIS,SUI GENERIS,SUI GENERIS,SUI GENERIS,203 BALGREEN ROAD,EH11 2RZ,179
322274.3404,671944.6963,performing arts centre,MGA Academy of Performance Arts,SUI GENERIS,SUI GENERIS,SUI GENERIS,Class 4, , ,180
322285.8066,671918.1412,vacant,vacant,Vacant,Vacant,Vacant,Vacant,213 BALGREEN ROAD,EH11 2RZ,181
322288.5919,671913.963300001,vacant,vacant,Class 4,Class 4,Vacant,Vacant,215 BALGREEN ROAD,EH11 2RZ,182
322291.029,671910.1335,estate agent,Remax, , ,Vacant,Class 2,219 BALGREEN ROAD,EH11 2RZ,183
322299.0367,671906.3037,betting shop,William Hill,Class 2,Class 2,Class 2,Class 2,221-223 BALGREEN ROAD,EH11 2RZ,184
322307.7408,671907.0,sports equipment & clothing,Country Life,Class 1,Class 1,Class 1,Class 1,229 BALGREEN ROAD,EH11 2RZ,185
322022.5243,672316.936000001,hot food take-away (Chinese),Lucky Star,SUI GENERIS,SUI GENERIS,SUI GENERIS,SUI GENERIS,154 BALGREEN ROAD,EH11 3AU,186
322027.5574,672310.749399999,charity office,Downs Syndrome Scotland,Class 1,Class 2,Class 2,Class 2,158-160 BALGREEN ROAD,EH11 3AU,187
322033.5343,672303.619100001,hairdresser,Senga's,Class 1,Class 1,Class 1,Class 1,164 BALGREEN ROAD,EH11 3AU,188
322039.5111,672296.6986,grocer,Day Today,Vacant,Vacant,Class 1,Class 1,166 BALGREEN ROAD,EH11 3AU,189
322046.0971,672289.741699999,n/t/c & post office,Balgreen Rd. Sub Post Office,Class 1,Class 1,Class 1,Class 1,170 BALGREEN ROAD,EH11 3AU,190
327438.3153,676431.334899999,vacant,vacant,Vacant,Class 9,Class 1,Vacant,4 BALTIC STREET,EH6 7BW,191
326638.0733,676247.502499999,greeting cards,My Cards,Vacant,Class 2, ,Class 1,3 BANGOR ROAD,EH6 5JY,192
326466.4191,676068.349199999,knitwear,James Pringle Shopping Warehouse (Edinburgh Woollen Mill), , ,Class 1,Class 1,70-74 BANGOR ROAD,EH6 5JU,193
325583.785,673632.338199999,"home entertainment, tapes, cds",Coda Music, , ,Class 1,Class 1,12 BANK STREET,EH1 2LN,194
325590.8309,673632.091800001,knitwear,Scottish Mills,Class 1,Vacant,Class 1,Class 1,14 BANK STREET,EH1 2LN,195
325593.4614,673624.785,take-away food,Caffé Espresso,SUI GENERIS,Class 1,Class 1,SUI GENERIS,15 BANK STREET,EH1 2LN,196
325594.3382,673618.4155,photographic goods,Castle Photographic,Class 1,Class 1,Class 1,Class 1,16 BANK STREET,EH1 2LN,197
325595.7223,673610.5386,vacant,vacant (formerly R.L. Chistie),Class 1,Class 1,Class 1,Vacant,17-20 BANK STREET,EH1 2LN,198
319420.0503,670788.455399999,bank,Bank of Scotland,Class 2,Class 2,Class 2,Class 2,10 BANKHEAD AVENUE,EH11 4HD,199
319399.9475,670798.176899999,bank,Clydesdale Bank,Class 2,Class 2,Class 2,Class 2,12 BANKHEAD AVENUE,EH11 4HD,200
319184.0503,671167.6007,gas appliances,Calor Shop, , ,Class 1,Class 1,6K BANKHEAD CROSSWAY NORT,EH11 4BP,201
318682.0,671248.6941,car showroom,Arnold Clark, , ,SUI GENERIS,SUI GENERIS,16-18 BANKHEAD DRIVE,EH11 4DJ,202
319252.6342,671092.7651,furniture,Shapes, , ,Class 1,Class 1,1-3 BANKHEAD MEDWAY,EH11 4BY,203
324911.5002,672580.253900001,public house,Henrick's,SUI GENERIS,SUI GENERIS,SUI GENERIS,SUI GENERIS,1-3 BARCLAY PLACE,EH10 4HW,204
324904.9971,672566.747500001,restaurant,The Apartment,SUI GENERIS,Class 3,Class 3,Class 3,7-13 BARCLAY PLACE,EH10 4HW,205
324902.5026,672562.001399999,"fine art, paintings",Outrageous Art, , ,Class 1,Class 1,17-19 BARCLAY PLACE,EH10 4HW,206
327127.9492,676515.3705,florist,Petals by the Shore, , ,Class 1,Class 1,57 BERNARD STREET,EH6 6SL,207
327289.1574,676459.995200001,bank,Royal Bank of Scotland,Class 2,Class 2,Class 2,Class 2,2 BERNARD STREET,EH6 6PU,208
327277.6295,676465.4213,bank,Clydesdale Bank,Class 2,Class 2,Class 2,Class 2,4(GF90) BERNARD STREET,EH6 6PU,209
327215.9395,676514.888599999,public house,Amani,Class 2,Vacant,SUI GENERIS,SUI GENERIS,28 BERNARD STREET,EH6 6QD,210
327181.8426,676518.8378,grocer (lic.),Bernard Street Grocers & Off Licence,Class 1,Class 2,Class 1,Class 1,38 BERNARD STREET,EH6 6PR,211
327174.7361,676519.1017,public house,The Carriers Quarters,SUI GENERIS,SUI GENERIS,SUI GENERIS,SUI GENERIS,42 BERNARD STREET,EH6 6PR,212
327127.3148,676540.472200001,sandwich bar,Loaded,Class 1,Class 1,Class 1,Class 1,58 BERNARD STREET,EH6 6PR,213
324767.5459,668235.6908,bank,Royal Bank of Scotland,Class 2,Class 2,Class 2,Class 2,2 BIGGAR ROAD,EH10 7BQ,214
324766.0,668245.2753,accountants,Taxassist Accountants,Class 1,Class 1,Class 1,Class 2,2A BIGGAR ROAD,EH10 7BQ,215
324772.1642,668215.9275,grocer / convenience store (lic),Costcutter,Class 1,Class 1,Class 1,Class 1,6(01) BIGGAR ROAD,EH10 7BQ,216
324797,667782,vacant,vacant,SUI GENERIS,SUI GENERIS,SUI GENERIS,Vacant,44 BIGGAR ROAD,EH10 7BJ,217
324972.9354,667027.7289,restaurant & public house,The Steading,SUI GENERIS,Class 3,Class 3,Class 3,118 BIGGAR ROAD,EH10 7DU,218
330141,672476,vacant,vacant, ,Class 1,Class 1,Vacant,84 BINGHAM AVENUE,EH15 3HX,219
330147,672484,grocer (lic.),Key Store, ,Class 1,Class 1,Class 1,86 BINGHAM AVENUE,EH15 3HX,220
324881.7442,672523.4921,petrol filling station and shop,BP / Costcutter,SUI GENERIS,SUI GENERIS,Class 1,Class 1,21(02)-23 BARCLAY PLACE, ,221
324880.0005,672520.002900001,vacant,vacant,Class 1,Class 1,Class 1,Vacant,39 BARCLAY PLACE,EH10 4HW,222
324878.2496,672517.501700001,solicitors & estate agents,Thomas H.G. Stewart,Class 1,Class 2,Class 2,Class 2,41 BARCLAY PLACE,EH10 4HW,223
324874.9981,672511.4988,beauty salon,2 U Beauty, , ,Class 4,Class 1,45-47 BARCLAY PLACE,EH10 4HW,224
324871.4955,672505.000499999,electrical goods / electricians,William Watt,Class 1,Class 1,Class 1,Class 1,49 BARCLAY PLACE,EH10 4HW,225
324871.7456,672501.2487,hairdresser (gents),Sirs Barber,Class 1,Class 1,Class 1,Class 1,2 BARCLAY TERRACE,EH10 4HP,226
324875.4974,672499.2477,antiques,Barclay Antiques,Class 1,Class 1,Class 1,Class 1,3 BARCLAY TERRACE,EH10 4HP,227
324878.4955,672497.4979,architects,Matson Henderson Architects,Class 1,Class 1,Vacant,Class 4,5 BARCLAY TERRACE,EH10 4HP,228
324881.5002,672495.996200001,musical instruments,Sanderson & Taylor,Class 1,Class 1,Class 1,Class 1,6 BARCLAY TERRACE,EH10 4HP,229
324884.4983,672494.496400001,cafe,Black Medicine Coffee Co.,Class 1,Class 1,Class 1,Class 3,7 BARCLAY TERRACE,EH10 4HP,230
324888.5002,672492.7456,vacant,vacant,Class 1,Class 1,Class 1,Vacant,8 BARCLAY TERRACE,EH10 4HP,231
324891.5017,672491.244899999,dog grooming,The Scruffy Dog Co.,Class 1,Class 1,Class 2,Class 1,10 BARCLAY TERRACE,EH10 4HP,232
324894.253,672489.744200001,child care services,Skool Is Out,Class 1,Class 1,Vacant,Class 10,11 BARCLAY TERRACE,EH10 4HP,233
324897.0043,672488.4936,restaurant,Katie's Diner,SUI GENERIS,SUI GENERIS,Class 3,Class 3,12 BARCLAY TERRACE,EH10 4HP,234
325800.8058,674544.466600001,adult shop,Q Store,Vacant,Class 1,Class 1,Class 1,5 BARONY STREET,EH3 6PD,235
325797.2349,674543.168099999,cafe/delicatessen,Broughton Deli & Cafe,Class 1,Class 1,Vacant,Class 3,7 BARONY STREET,EH3 6PD,236
327657.7882,676348.403899999,public house,The Pond,SUI GENERIS,SUI GENERIS,SUI GENERIS,SUI GENERIS,2 BATH ROAD,EH6 7JT,237
330625.6678,673951.8347,dwelling,dwelling,Class 2,UNKNOWN USE,Vacant,Class 9, , ,238
330753.1735,674081.376800001,cafe,The Beach House,SUI GENERIS,Class 11, ,Class 3,55/2 BATH STREET,EH15 1HE,239
330527.8347,673900.1636,confectionery,Hamiltons,Class 1,Class 1,Class 1,Class 1,4 BATH STREET,EH15 1EY,240
330521.643,673946.907299999,supermarket,Scotmid,Class 1,Class 1,Class 1,Class 1,6 BATH STREET,EH15 1EY,241
330550.9951,673919.813300001,citizens advice,citizens advice,Class 1,Class 1,Vacant,Class 2,8A-8B BATH STREET,EH15 1EY,242
330553.8397,673921.988500001,residential letting agency,Stephen McIntyre & Co Ltd.,Class 1,Vacant,Class 2,Class 2,8D BATH STREET,EH15 1EY,243
330561.352,673928.8331,hairdresser,Halo, , ,Class 1,Class 1,8E-10A BATH STREET,EH15 1EY,244
330566.5025,673933.1504,hairdresser,Flicks,Class 1,Class 1,Class 1,Class 1,10B BATH STREET,EH15 1EY,245
330556.3372,673924.1537,hot food take-away (Chinese),Dragon Way,Class 3,Class 3,SUI GENERIS,SUI GENERIS,10D-10E BATH STREET,EH15 1EY,246
330712.9934,674057.9802,vacant,vacant,Class 2,Vacant,Vacant,Vacant,46 BATH STREET,EH15 1HF,247
330721.0066,674065.4926,vacant,vacant,Class 1,Class 1,Vacant,Vacant,50 BATH STREET,EH15 1HF,248
330736.5124,674088.8298,public house,The Esplanade,Vacant,SUI GENERIS,SUI GENERIS,SUI GENERIS,62-66 BATH STREET,EH15 1HF,249
316345,666294,grocer / convenience store,Scotmid, , ,Class 1,Class 1,49-53 BAVELAW ROAD,EH14 7AA,250
316350,666315,hot food take-away,Papa Crolla's, , ,SUI GENERIS,SUI GENERIS,57 BAVELAW ROAD,EH14 7AA,251
316325.4791,666312.874600001,hairdresser & beauty salon,Tony Harper, , ,Demolished,Class 1,46A/1 BAVELAW ROAD,EH14 7AE,252
326137.4793,674473.6373,public house,Planet Out,SUI GENERIS,SUI GENERIS,SUI GENERIS,SUI GENERIS,6 BAXTER'S PLACE,EH1 3AF,253
326143.8181,674481.8442,hot food take-away,Taste of Italy,Class 1,SUI GENERIS,SUI GENERIS,SUI GENERIS,9 BAXTER'S PLACE,EH1 3AF,254
325547.6982,671974.6625,chemist,Grange Pharmacy,Class 4,Class 1,Class 1,Class 1,2 BEAUFORT ROAD,EH9 1AG,255
325542.9822,671973.225,courier,City Couriers,Class 1,Vacant,Class 4,Class 4,3 BEAUFORT ROAD,EH9 1AG,256
325537.8107,671971.775,office,unknown,Class 1,Class 1,Class 2,Class 2,5 BEAUFORT ROAD,EH9 1AG,257
325533.2071,671970.0768,printer sales,Alpha Business Machines,Class 2,Class 2,Class 2,Class 2,6 BEAUFORT ROAD,EH9 1AG,258
325514.7929,671963.810699999,vacant,vacant, , ,Class 1,Vacant,10 BEAUFORT ROAD,EH9 1AG,259
325684.9471,675268.526000001,children's nursery,The Edinburgh Nursery,Class 1,Class 10,Class 10,Class 10, , ,260
325706.6846,675287.4211,vacant,vacant,Vacant,Vacant,Vacant,Vacant,2 BEAVERHALL ROAD,EH7 4JQ,261
323962.905,673808.095000001,"café, take away food",Café Morfal,Class 1,Class 1,Class 3,Class 3,54 BELFORD ROAD,EH4 3BR,262
323957.8249,673807.460000001,office,n/a, , ,Class 4,Class 4,55 BELFORD ROAD,EH4 3BR,263
324466.4475,670911.163799999,public house,The Waiting Room,SUI GENERIS,SUI GENERIS,SUI GENERIS,SUI GENERIS,7-8 BELHAVEN TERRACE,EH10 5HZ,264
325886.165,675027.8694,dwelling,dwelling,Class 1,Class 1,Vacant,Class 9, , ,265
325889.3608,675031.704399999,grocer & n/t/c,Bellevue Newsagent,Class 1,Class 1,Class 1,Class 1,42 BELLEVUE ROAD,EH7 4DB,266
325765.1932,674917.128799999,vacant,vacant,Class 2,Vacant,Class 4,Vacant,2 BELLEVUE STREET,EH7 4BY,267
325765.1932,674925.5493,office,Street Works,Class 4,Class 2,Class 4,Class 4,4 BELLEVUE STREET,EH7 4BY,268
327267.5278,676418.634400001,hot food take-away,No.1 Takeaway,SUI GENERIS,SUI GENERIS,SUI GENERIS,SUI GENERIS,1 BERNARD STREET,EH6 6PW,269
327263.3148,676422.426100001,betting shop,William Hill,Class 2,Class 2,Class 2,Class 2,5 BERNARD STREET,EH6 6PW,270
327259.523,676426.6392,public house,ISO Bar,SUI GENERIS,SUI GENERIS,SUI GENERIS,SUI GENERIS,7 BERNARD STREET,EH6 6PW,271
327255.7312,676429.588400001,hairdresser,Moda,Class 4,Class 1,Class 1,Class 1,9 BERNARD STREET,EH6 6PW,272
327251.6344,676433.0557,hot food take-away,Pierino's,SUI GENERIS,SUI GENERIS,SUI GENERIS,SUI GENERIS,11 BERNARD STREET,EH6 6PW,273
327246.1065,676438.1065,beautician,LG Beauty Clinic,Class 2,Class 2,Class 2,Class 1, , ,274
327240.7918,676443.213099999,printers,Leith Print and Copy,Class 1,Vacant,Class 4,Class 4,19 BERNARD STREET,EH6 6PW,275
327235.5278,676448.949200001,delicatessen,New Town Deli,Class 2,Vacant,Class 1,SUI GENERIS,23 BERNARD STREET,EH6 6PW,276
327202.6344,676476.0557,restaurant,China Palace,SUI GENERIS,Class 3,Class 3,Class 3,27 BERNARD STREET,EH6 6SH,277
327153.477,676498.004799999,vacant,vacant, , ,Class 2,Vacant,45 BERNARD STREET,EH6 6SL,278
327147.2688,676502.3148,wine merchant,Beets,Class 4,Vacant,Class 10,Class 1,49 BERNARD STREET,EH6 6SL,279
327140.1065,676507.3705,chartered accountants,Frosts,Vacant,Vacant,Class 2,Class 2,51 BERNARD STREET,EH6 6SL,280
327134.5278,676510.9443,n/a,Flux, , ,UNKNOWN USE,UNKNOWN USE,55 BERNARD STREET,EH6 6SL,281
325915.5623,671125.968499999,n/t/c & post office,Blackford Avenue Post Office,Class 1,Class 1,Class 1,Class 1,31 BLACKFORD AVENUE,EH9 2PP,282
325890.4692,671123.6566,grocer,The Avenue Store,Class 1,Class 1,Class 1,Class 1,36 BLACKFORD AVENUE,EH9 2PP,283
325895.844,671114.155999999,veterinary surgery & pet supplies,The Veterinary Cat Clinic,Class 2,Vacant,Class 2,Class 2, , ,284
325996.8126,670992.2818,charity office,Dog Aid Society of Scotland,Vacant,Class 4,Class 2,Class 2,60 BLACKFORD AVENUE,EH9 3ER,285
326120.156,670948.4692,dental laboratory,Pentland Crown & Bridge, , ,Class 2,Class 2,100-102 BLACKFORD AVENUE,EH9 3ES,286
326127.8755,670945.6252,paints,The Paint Shed,Class 1,SUI GENERIS,Class 1,Class 1,106 BLACKFORD AVENUE,EH9 3ES,287
326148.9371,670940.125800001,plumbers & electricians,The 'A' Team (Adlec Electrical / James Adama Plumbers),Class 4,Vacant,Class 4,Class 4,108 BLACKFORD AVENUE,EH9 3HH,288
326155.0315,670937.688100001,hairdresser,Nina Mackay Hairdressing,Class 1,Class 1,Class 1,Class 1,112 BLACKFORD AVENUE,EH9 3HH,289
326033.4009,673649.615900001,travel agent & guided minibus tours,Haggis Backpackers,Vacant,Class 1,Class 1,Class 1,7-9 BLACKFRIARS STREET,EH1 1NB,290
326036.0773,673642.4155,travel agent & guided minibus tours,Haggis Backpackers,Vacant,Class 1,Class 1,Class 1,11 BLACKFRIARS STREET,EH1 1NB,291
326038.1545,673635.8309,café,Edinburgh Lader,Vacant,Class 3,Class 3,Class 3,15 BLACKFRIARS STREET,EH1 1NB,292
326045.2777,673614.0459,religious centre,Buddhafield, , ,Class 11,Class 2,25 BLACKFRIARS STREET,EH1 1NB,293
326047.3236,673609.077299999,bicycle hire,Rent-a-Bike, , ,Class 1,Class 1,29 BLACKFRIARS STREET,EH1 1NB,294
326056.0313,673579.123199999,tattoo artist,Old Town Tattoos,Class 1,Class 1,Class 1,Class 2,49 BLACKFRIARS STREET,EH1 1NB,295
326063.2004,673553.123199999,public house & restaurant,Black Bo's,SUI GENERIS,SUI GENERIS,SUI GENERIS,SUI GENERIS,57-61 BLACKFRIARS STREET,EH1 1NB,296
326048.9687,673534.5845,bicycle hire (storage / workshop),rent a bike, , ,Vacant,Class 1,52 BLACKFRIARS STREET,EH1 1NE,297
326169.8276,675761.6456,tanning studio,Sunbed Studio,Class 11,Class 11,Class 11,Class 11,278 BONNINGTON ROAD,EH6 5BE,298
326164.4732,675758.762399999,hot food take-away,Bonnington Brunch,SUI GENERIS,SUI GENERIS,SUI GENERIS,SUI GENERIS,280 BONNINGTON ROAD,EH6 5BE,299
326159.5307,675756.291200001,public house,Guilty Lily,SUI GENERIS,SUI GENERIS,SUI GENERIS,SUI GENERIS,284 BONNINGTON ROAD,EH6 5BE,300
326170,675899,cleared site,cleared site, , ,Vacant,Demolished, , ,301
326312.5268,675878.408,restaurant,Dino's, , ,Class 3,Class 3,2-4 BONNINGTON ROAD LANE,EH6 5BJ,302
324001.307,676456.939300001,n/t/c & post office,Boswall Drive Post Office,Class 1,Class 1,Class 1,Class 1,55A BOSWALL DRIVE,EH5 2BE,303
323998.7611,676464.051100001,vacant,vacant,Class 1,Vacant,Vacant,Vacant,57A BOSWALL DRIVE,EH5 2BE,304
323810.3789,676586.572799999,hairdresser,Hairizon Hairdressing,Class 1,Vacant,Class 1,Class 1,33 BOSWALL PARKWAY,EH5 2BR,305
323796.736,676584.780999999,grocer / convenience store,Scotmid,Class 1,Class 1,Class 1,Class 1,35-41 BOSWALL PARKWAY,EH5 2BR,306
323786.1632,676583.551999999,n/t/c,Boswall Newsagent,Class 1,Class 1,Class 1,Class 1,45 BOSWALL PARKWAY,EH5 2BR,307
321603,668997,restaurant,MacKenzies,Class 3,Class 3,Class 3,Class 3,2 BRIDGE ROAD,EH13 0LF,308
321593.3948,668990.9935,hot food take-away,Pizza Connection,Class 1,SUI GENERIS,SUI GENERIS,SUI GENERIS,4 BRIDGE ROAD,EH13 0LF,309
321590.5987,668989.6052,hairdresser,Colinton Hair Design,Class 1,Class 1,Class 1,Class 1,4A BRIDGE ROAD,EH13 0LF,310
321579.9453,668983.0737,"delicatessen (lic.), coffee shop, greeting cards",Fanelli's Delicatessen & Coffee Shop, , ,Class 1,Class 1,8(BF-GF) BRIDGE ROAD,EH13 0LF,311
321568.262,668973.431500001,public house,Colinton Inn,SUI GENERIS,SUI GENERIS,SUI GENERIS,SUI GENERIS,12 BRIDGE ROAD,EH13 0LQ,312
321560.0954,668969.5033,bakery,no name,Class 1,Class 1,Class 1,Class 1,16 BRIDGE ROAD,EH13 0LQ,313
321557.102,668969.2039,coffee shop,Sugar Rush,Class 1,Class 1,Class 11,Class 3,18 BRIDGE ROAD,EH13 0LQ,314
321557.4013,668974.2928,pet grooming,Canine Cuts, , ,Class 2,Class 2,20 BRIDGE ROAD,EH13 0LQ,315
321550.0954,668968.5033,electrical contractor,D. Sykes,Class 1,Class 1,Class 4,Class 4,24 BRIDGE ROAD,EH13 0LQ,316
321546.5033,668967.9046,Interior design + soft furnishings,Interior Solutions,Vacant,Class 2,Class 1,Class 1,26 BRIDGE ROAD,EH13 0LQ,317
321539.0,668966.4078,grocer (lic.),Mathur's Colinton Convenience Store,Class 1,Class 1,Class 1,Class 1,30-32 BRIDGE ROAD,EH13 0LQ,318
321532.0889,668965.2039,Independent financial advisors,Brown Associates,Class 2,Class 4,Class 4,Class 2,34 BRIDGE ROAD,EH13 0LQ,319
321527.0,668964.0065,greengrocer,T.H. Downes,Class 1,Class 1,Class 1,Class 1,38 BRIDGE ROAD,EH13 0LQ,320
321521.6117,668962.5098,hairdresser,Moodz,Class 1,Class 1,Class 1,Class 1,40 BRIDGE ROAD,EH13 0LQ,321
321475.6052,668965.6052,chemist,Colinton Village Pharmacy,Class 3,Class 1,Class 1,Class 1,46A BRIDGE ROAD,EH13 0LQ,322
321450.9046,668967.4013,restaurant (Italian),Dantes Tratoria,Class 1,Class 1,Class 3,Class 3,48-50 BRIDGE ROAD,EH13 0LQ,323
321443.0,668967.2039,gifts,Colinton Arts,Class 1,Class 1,Class 1,Class 1,52 BRIDGE ROAD,EH13 0LQ,324
321437.2993,668967.5033,beauty salon,Peaches of Colinton Beauty Salon,Class 1,Class 1,Class 1,Class 1,54 BRIDGE ROAD,EH13 0LQ,325
321432.7007,668967.8026,optician,Colinton Opticians,Class 2,Class 1,Class 3,Class 1,56 BRIDGE ROAD,EH13 0LQ,326
321428.0,668968.2039,vacant,vacant,Class 1,Class 1,Class 1,Vacant,58 BRIDGE ROAD,EH13 0LQ,327
321419.4902,668969.0,bank,Royal Bank of Scotland,Class 2,Class 2,Class 2,Class 2,64 BRIDGE ROAD,EH13 0LQ,328
312138,672707,public house,Newbridge Inn,SUI GENERIS,SUI GENERIS,SUI GENERIS,SUI GENERIS,31 BRIDGE STREET,EH28 8SR,329
312129.6025,672677.602499999,hairdresser,Studio 38,Class 2,Class 2,Class 2,Class 1,36 BRIDGE STREET,EH28 8SH,330
312306.3996,672675.602499999,"grocer (lic), post office & n/t/c",n/a, , ,Class 1,Class 1,64 BRIDGE STREET,EH28 8SH,331
312295.207,672657.7992,hot food take-away,The Mailhouse Food Bar, , ,SUI GENERIS,SUI GENERIS,64(A) BRIDGE STREET,EH28 8SH,332
312304.002,672657.415999999,office,n/a, , ,Vacant,Class 4,64(B) BRIDGE STREET,EH28 8SH,333
330508.3325,673849.733899999,sandwich bar,baguette express,Class 1,Class 1,Class 11,Class 1,3 BRIGHTON PLACE,EH15 1LH,334
330505.907,673847.460000001,florist,Flowers by Ray,Class 1,Class 1,Class 1,Class 1,7 BRIGHTON PLACE,EH15 1LH,335
330503.5133,673844.6435,curios,smells and spells,Class 1,Class 1,Class 1,Class 1,9 BRIGHTON PLACE,EH15 1LH,336
330500.1783,673841.1568,hairdresser,She Hair,Class 1,Class 1,Class 1,Class 1,11 BRIGHTON PLACE,EH15 1LH,337
323781.6736,676583.0416,butcher,Allan Campbell,Class 1,Class 1,Class 1,Class 1,47 BOSWALL PARKWAY,EH5 2BR,338
323770.2848,676580.551999999,grocer / convenience store,Day Today, , ,Class 1,Class 1,51-53 BOSWALL PARKWAY,EH5 2BR,339
322839.3352,676454.447000001,bank,Lloyds TSB Scotland,Class 2,Class 2,Class 2,Class 2,210 BOSWALL PARKWAY,EH5 2LX,340
322831.7412,676453.447000001,grocer,General Store,Class 1,Class 1,Class 1,Class 1,212 BOSWALL PARKWAY,EH5 2LX,341
322827.6648,676452.705800001,baker,Mathieson,Class 1,Class 1,Class 1,Class 1,214 BOSWALL PARKWAY,EH5 2LX,342
322823.2178,676451.964600001,hairdresser,Angela Rae,Class 1,Class 1,Class 1,Class 1,218 BOSWALL PARKWAY,EH5 2LX,343
325430.1232,673509.7996,restaurant,The Witchery,Class 3,Class 3,Class 3,Class 3,"1(GF) BOSWELL'S COURT, (",EH1 2NF,344
327033.4237,674761.696599999,n/t/c,Sharma, , ,Class 1,Class 1,1 BOTHWELL STREET,EH7 5PY,345
324690.278,676002.6028,bank,Lloyds TSB Scotland,Class 2,Class 2,Class 2,Class 2,3A BOWHILL TERRACE,EH3 5QY,346
324730.083,675999.7509,betting shop,Coral, , ,Class 2,Class 2,7-8 BOWHILL TERRACE,EH3 5QY,347
324738.065,676000.9277,public house,Spiers Bar,SUI GENERIS,SUI GENERIS,SUI GENERIS,SUI GENERIS,10 BOWHILL TERRACE,EH3 5QY,348
327121.8976,670248.6961,haridresser,Elan Hairdressing,Class 1,Class 1,Class 1,Class 1,3 BRAEFOOT TERRACE,EH16 6AA,349
327121.0424,670260.247300001,insurance brokers,E.H. Ranson & Co., , ,Class 2,Class 2,6-7 BRAEFOOT TERRACE,EH16 6AA,350
324843,669890,golf equipment,Golf Shop,Class 1,Class 1,Class 1,Class 1,23 BRAID HILLS APPROACH,EH10 6JZ,351
324518.4803,670830.0253,funeral directors & monumental masons,William Purves,Class 1,Class 1,Class 1,Class 1,6 BRAID ROAD,EH10 6AD,352
324515.1433,670765.1994,estate agent,Boyd, , ,Class 4,Class 2,20-24 BRAID ROAD,EH10 6AD,353
324513.9719,670752.626399999,multimedia agency,Connected Digital Media Limited, , ,Class 4,Class 4,26 BRAID ROAD,EH10 6AD,354
324513.5983,670744.3146,web design,Cazinc,Class 4,Vacant,Class 2,Class 4,30 BRAID ROAD,EH10 6AD,355
324511.6545,670722.213500001,electrical contractors,W. Watt McLean,Class 4,Class 4,Class 4,Class 4,36 BRAID ROAD,EH10 6AD,356
324510.9944,670717.3989,office,Advanced Product Solutions,Class 2,Class 2,Class 2,Class 4,38 BRAID ROAD,EH10 6AD,357
324510.4803,670712.9438,joiners,Alasdair N. Morrison,Class 4,Class 4,Class 4,Class 4,42 BRAID ROAD,EH10 6AD,358
325205.5063,675026.1897,delicatessen,Circle,Class 1,Class 1,Class 1,Class 1,1 BRANDON TERRACE,EH3 5EA,359
325202.2406,675023.0886,post office,Warriston Post Office, , ,Class 1,Class 1,2 BRANDON TERRACE,EH3 5EA,360
325194.228,675015.7469,bank,Royal Bank of Scotland,Class 2,Class 2,Class 2,Class 2,4-5 BRANDON TERRACE,EH3 5EA,361
325188.0886,675011.594799999,upholsterer,Gayfield Design, , ,Class 4,Class 4,6 BRANDON TERRACE,EH3 5EA,362
325182.076,675006.4177,carpets,Forth Flooring, , ,Class 1,Class 1,7 BRANDON TERRACE,EH3 5EA,363
325178.7343,675003.4937,cafe,Moo,Class 4,Class 3,Class 3,Class 3,9 BRANDON TERRACE,EH3 5EA,364
325169.5823,674996.6834,locks & security,Edina Lock & Key Co.,Class 1,Class 1,Class 1,Class 1,10-12 BRANDON TERRACE,EH3 5EA,365
325164.5697,674992.5063,hairdresser,Phase,Class 1,Class 1,Class 1,Class 1,14-15 BRANDON TERRACE,EH3 5EA,366
325158.5823,674987.6834,hairdresser (gents),John Hall,Class 4,Class 1,Class 1,Class 1,16 BRANDON TERRACE,EH3 5DZ,367
325155.6583,674985.177100001,antiques,Martinez Antiques,Vacant,Class 1,Class 1,Class 1,17 BRANDON TERRACE,EH3 5DZ,368
325152.3166,674982.6709,gifts,Calypso,Class 1,Class 1,Class 4,Class 1,19 BRANDON TERRACE,EH3 5DZ,369
325149.3926,674980.1646,hairdresser,Sandy Jones,Class 1,Class 1,Class 1,Class 1,20 BRANDON TERRACE,EH3 5DZ,370
325143.4177,674975.177100001,kithcens/bathrooms,Napier Interiors,SUI GENERIS,Vacant, ,Class 1,21-22 BRANDON TERRACE,EH3 5DZ,371
325925.4551,674426.8058,n/t/c,R.S. McColl,Class 1,Class 1,Class 1,Class 1,27 BROUGHTON STREET,EH1 3JU,372
325922.858,674432.3246,betting shop,Ladbrokes,Class 2,Class 2,Class 2,Class 2,29 BROUGHTON STREET,EH1 3JU,373
325914.5073,674448.2985,health foods,Real Foods, , ,Class 1,Class 1,37 BROUGHTON STREET,EH1 3JU,374
325911.1566,674454.4551,public house,Treacle,SUI GENERIS,SUI GENERIS,SUI GENERIS,SUI GENERIS,39-41 BROUGHTON STREET,EH1 3JU,375
325906.1044,674465.831900001,café and take-away food,Crolla's,Class 4,Class 2,Class 3,Class 3,43 BROUGHTON STREET,EH1 3JU,376
325904.1566,674469.402899999,vacant,vacant, , ,Class 1,Vacant, , ,377
325902.5334,674472.9739,art gallery,Union Gallery,Class 1,Vacant,Class 1,Class 1,45 BROUGHTON STREET,EH1 3JU,378
325884.3507,674498.8058,juice bar/deli,Urban Angel, , ,Class 1,SUI GENERIS,47-47A BROUGHTON STREET,EH1 3RJ,379
325746.4405,674642.5188,therapy,Essential Therapy,Class 1,Class 1,Class 2,Class 2,49 BROUGHTON STREET,EH1 3RJ,380
325882.0783,674501.727600001,wine merchant,Villeneuve Wines,Class 1,Class 1,Class 1,Class 1,49A BROUGHTON STREET,EH1 3RJ,381
325877.1044,674508.429,restaurant,Smokestack,Class 3,Class 3,Class 3,Class 3,53-55 BROUGHTON STREET,EH1 3RJ,382
325873.0261,674513.884099999,cafe,Artisan Roast,Class 1,Class 1,Class 1,Class 3,57 BROUGHTON STREET,EH1 3RJ,383
325867.1827,674520.7015,residential letting & property management,Broughton Property Management,Class 4,Class 1, ,Class 2,61-63 BROUGHTON STREET,EH1 3RJ,384
325859.8058,674529.078299999,hairdresser,Allan Hair,Class 1,Class 1,Class 1,Class 1,65-67 BROUGHTON STREET,EH1 3RJ,385
325856.0261,674534.1044,adult shop,Organic Pleasures,Vacant,Class 1,Class 1,Class 1,71(1) BROUGHTON STREET,EH1 3RJ,386
325853.7536,674537.0261,children's nursery,The Edinburgh Nursery, , ,Class 10,Class 10,71(1) BROUGHTON STREET,EH1 3RJ,387
325850.8956,674540.2349,restaurant,Pani Solinska,Class 3,Class 3,Class 3,Class 3,73 BROUGHTON STREET,EH1 3RJ,388
325845.8956,674546.1044,hot food take-away,Rapido, , ,SUI GENERIS,SUI GENERIS,77-79 BROUGHTON STREET,EH1 3RJ,389
325840.5073,674551.921700001,office,Council of British Pakistanis (Scotland),Vacant,Class 2,Class 2,Class 2,79A BROUGHTON STREET,EH1 3RJ,390
325836.1044,674557.7797,public house,Barony Bar,Vacant,SUI GENERIS,SUI GENERIS,SUI GENERIS,81-85 BROUGHTON STREET,EH1 3RJ,391
325830.7536,674564.0,florist,Narcissus,Class 1,Class 1,Class 1,Class 1,87 BROUGHTON STREET,EH1 3RJ,392
325817.0783,674589.2609,vacant,vacant,Class 2,Class 1,Class 1,Vacant,93 BROUGHTON STREET,EH1 3RZ,393
325811.5971,674599.7015,butcher,Crombies of Edinburgh, , ,Class 1,Class 1,97-101 BROUGHTON STREET,EH1 3RZ,394
325795.1044,674626.1566,chemist,Apple Pharmacy,Class 1,Class 1,Class 1,Class 1,105 BROUGHTON STREET,EH1 3RZ,395
325791.858,674631.3507,vacant,vacant,Class 1,Class 1,Vacant,Vacant,109 BROUGHTON STREET,EH1 3RZ,396
325788.1305,674637.4812,vacant,vacant,Class 1,Class 2,Class 2,Vacant,111 BROUGHTON STREET,EH1 3RZ,397
325786.1827,674641.376800001,"clothing, gifts",Bliss,Vacant,Class 1,Class 1,Class 1,111A BROUGHTON STREET,EH1 3RZ,398
325781.1044,674651.727600001,public house,Cask & Barrel,SUI GENERIS,SUI GENERIS,SUI GENERIS,SUI GENERIS,115 BROUGHTON STREET,EH1 3RZ,399
325899.8956,674414.3246,public house,The Basement,SUI GENERIS,SUI GENERIS,SUI GENERIS,SUI GENERIS,10A-12A BROUGHTON STREET,EH1 3RH,400
326949.8798,674804.482799999,dwelling,dwelling,Class 1,Class 1,Vacant,Class 9,48 BRUNSWICK ROAD,EH7 5PF,401
326954.4847,674803.7557,Vacant,Vacant,Class 1,Vacant,Class 4,Vacant,50 BRUNSWICK ROAD,EH7 5PF,402
325137.9874,674971.0,coffee shop,Coffee Angel,Class 1,Vacant, ,Class 3,24-27 BRANDON TERRACE,EH3 5DZ,403
324841.9976,673200.9981,hot food take-away,Pasha,SUI GENERIS,SUI GENERIS,SUI GENERIS,SUI GENERIS,9 BREAD STREET,EH3 9AL,404
324850.0014,673200.9981,hairdresser (gents),Barber Shop,Class 1,Vacant,Class 1,Class 1,9A BREAD STREET,EH3 9AL,405
324856.4988,673201.2477,cafe,Tea Tree Tea,Class 1,Class 3,Vacant,Class 3,13 BREAD STREET,EH3 9AL,406
324860.7508,673200.9976,take-away food,Meadowood Café (oriental fast food & juice bar),Vacant,Class 2,Class 1,Class 1,15 BREAD STREET,EH3 9AL,407
324864.5026,673201.2477,vacant,vacant,SUI GENERIS,SUI GENERIS,SUI GENERIS,Vacant,19 BREAD STREET,EH3 9AL,408
324874.2473,673200.999,amusement arcade,Amusements,Class 1,Class 11,Class 11,Class 11,23 BREAD STREET,EH3 9AL,409
324880.7504,673200.999,hot food takeaway,Chicken Cottage,Vacant,Class 1,Class 3,SUI GENERIS,25(GF2)-27 BREAD STREET,EH3 9AL,410
324890.7475,673200.497400001,locks & security,Duncan McLaren,Class 4,Class 1,Class 1,Class 1,29 BREAD STREET,EH3 9AL,411
324896.5002,673200.247300001,café,Café Plus,SUI GENERIS,Class 3,Class 3,Class 3,33 BREAD STREET,EH3 9AL,412
324902.9971,673200.247300001,massage studio,The Shiatsu Centre,Class 1,Class 1,Class 4,Class 11,35-37 BREAD STREET,EH3 9AL,413
324953.7889,673199.247300001,vacant,vacant,SUI GENERIS,SUI GENERIS,SUI GENERIS,Vacant,39 BREAD STREET,EH3 9AL,414
324966.504,673197.499299999,vacant,vacant,Class 1,Class 1,Class 2,Vacant,43 BREAD STREET,EH3 9AH,415
324973.7461,673197.247300001,dry cleaning,Direct Dry Cleaning,Class 1,Class 1,Class 1,Class 1,47 BREAD STREET,EH3 9AH,416
324977.748,673197.247300001,sex shop,Zone Eros,Class 1,Class 1,Class 1,Class 1,49 BREAD STREET,EH3 9AH,417
324981.4998,673197.247300001,ladies clothing,Smooch,Class 1,Class 1,Class 1,Class 1,51 BREAD STREET,EH3 9AH,418
324985.0014,673196.997099999,vacant,vacant,Class 1,Vacant,Vacant,Vacant,55 BREAD STREET,EH3 9AH,419
324995.495,673196.9967,digital imaging & web design studio,Digital Design Scotland,Class 1,Vacant,Class 4,Class 4,61 BREAD STREET,EH3 9AH,420
325000.7475,673196.7465,vacant,vacant,SUI GENERIS,SUI GENERIS,Vacant,Vacant,65 BREAD STREET,EH3 9AH,421
325006.0,673196.7465,n/t/c & grocer,Tollcross Newsagent,Class 4,Class 2,Class 1,Class 1,67 BREAD STREET,EH3 9AH,422
325015.2515,673196.250600001,"restaurant & hot food take-away (fish & chips, pizzas, kebabs, baked potatoes)",Kingfisher, , ,Class 3,Class 3,69-71 BREAD STREET,EH3 9AH,423
325022.7546,673195.996200001,vacant,vacant,Vacant,Vacant,Vacant,Vacant,75 BREAD STREET,EH3 9AH,424
325026.7565,673195.996200001,vacant,vacant,Class 1,Vacant,Class 2,Vacant,77 BREAD STREET,EH3 9AH,425
324846.4988,673171.7513,hairdresser,Vincent Bell,Class 1,Vacant,Class 1,Class 1,6-8 BREAD STREET,EH3 9AF,426
324857.9995,673173.252499999,veterinary surgery,West End Veterinary Partnership, , ,Class 2,Class 2, , ,427
324874.4993,673172.751800001,vacant,vacant,Class 1,Class 11,Class 11,Vacant,22 BREAD STREET,EH3 9AF,428
324883.0033,673172.751800001,hairdresser,Medusa, , ,Class 1,Class 1,26 BREAD STREET,EH3 9AF,429
324919.3275,673170.643200001,public house,The Chanter, , ,SUI GENERIS,SUI GENERIS,30 BREAD STREET,EH3 9AF,430
330486.7528,673827.215399999,optician,Brian F. Forde,Class 1,Class 1,Class 1,Class 1,19 BRIGHTON PLACE,EH15 1LH,431
330484.0241,673824.4867,hairdresser,Shapes,Class 1,Class 1,Class 1,Class 1,21 BRIGHTON PLACE,EH15 1LH,432
325894.142,674425.831900001,restaurant,Siam Thuni, , ,Class 3,Class 3,14 BROUGHTON STREET,EH1 3RH,433
325891.8695,674430.052200001,fishmonger,Something Fishy,Class 1,Class 1,Class 1,Class 1,16A BROUGHTON STREET,EH1 3RH,434
325889.2724,674433.947799999,take-away food,Chequers,Class 1,Class 1,Class 1,Class 1,16B BROUGHTON STREET,EH1 3RH,435
325887.0,674438.168099999,grocer,Lifestyle Express,Class 1,Class 1,Class 1,Class 1,20 BROUGHTON STREET,EH1 3RH,436
325837.0898,674513.6493,n/t/c,Broughton Newsagency,Class 1,Class 1,Class 1,Class 1,28 BROUGHTON STREET,EH1 3SB,437
325833.1942,674517.5449,wine merchant,Vino,Class 1,Class 1,Class 1,Class 1,30 BROUGHTON STREET,EH1 3SB,438
325828.7651,674523.142000001,restaurant,Khushi,Class 1,Class 3,Class 3,Class 3,32B BROUGHTON STREET,EH1 3SB,439
325825.1942,674526.713,cafe bar,The Bakehouse,Class 3,Class 3,Class 3,Class 3,32C BROUGHTON STREET,EH1 3SB,440
325816.713,674536.6754,hairdresser,boombarbers,Class 1,Class 1,Class 1,Class 1,34 BROUGHTON STREET,EH1 3SB,441
325814.1159,674539.597100001,homelessness/employment support,Move On, , ,Vacant,Class 2,34A-36A BROUGHTON STREET,EH1 3SB,442
325811.8434,674542.1942,restaurant,Hamburger Heaven,Vacant,Class 3,Class 3,Class 3,36 BROUGHTON STREET,EH1 3SB,443
325808.9217,674545.7651,hairdresser,Alex Hair Studio,Vacant,Class 1,Class 1,Class 1,40 BROUGHTON STREET,EH1 3SB,444
325797.713,674568.507300001,delicatessen,New Town Deli,Class 1,Class 1,Class 1,Class 1,42 BROUGHTON STREET,EH1 3SA,445
325796.4144,674572.402899999,bookshop (second hand),Broughton Street Bookshop,Class 1,Class 1,Class 1,Class 1,44 BROUGHTON STREET,EH1 3SA,446
325794.2433,674576.029200001,public house,Phoenix,SUI GENERIS,SUI GENERIS,SUI GENERIS,SUI GENERIS,46-48A BROUGHTON STREET,EH1 3SA,447
325787.1942,674583.272399999,greengrocer,Shamoon,Class 1,Class 1,Class 1,Class 1,50 BROUGHTON STREET,EH1 3SA,448
325785.2464,674586.1942,home accessories,Concrete Wardrobe,Class 1,Class 1,Class 1,Class 1,50A BROUGHTON STREET,EH1 3SA,449
325782.4666,674589.623199999,clothing,Joey D, , ,Class 1,Class 1,54 BROUGHTON STREET,EH1 3SA,450
325780.8434,674592.8695,haberdashers,non name on fascia, , ,Class 1,Class 1,54A BROUGHTON STREET,EH1 3SA,451
325778.0522,674597.6754,restaurant,L'Escargot Bleu, , ,Class 1,Class 3,56 BROUGHTON STREET,EH1 3SA,452
325752.9217,674633.3883,beauty salon,Salon LA,Class 2,Vacant,Vacant,Class 1,74 BROUGHTON STREET,EH1 3SA,453
325984.8518,674451.3016,public house,Outhouse, , ,SUI GENERIS,SUI GENERIS,12A BROUGHTON STREET LANE,EH1 3LY,454
331744.5496,672962.6349,n/t/c,Ali & Son Newsagent,Class 1,Class 1,Class 1,Class 1,2 BRUNSTANE BANK,EH15 2NR,455
331746.0942,672958.092,bedroom & kitchen furniture,Brunstane Bedroom & Kitchen Studio,Class 4,Class 1,Class 1,Class 1,4 BRUNSTANE BANK,EH15 2NR,456
331747.3673,672954.453199999,hairdressers,Primary Colours,Vacant,Class 1,Class 1,Class 1,6 BRUNSTANE BANK,EH15 2NR,457
331748.3668,672950.728,bedroom & kitchen furniture,Brunstane Bedroom & Kitchen Studio,Class 1,Class 1,Class 1,Class 1,8 BRUNSTANE BANK,EH15 2NR,458
326388.3246,674861.740700001,hot food take-away,Eat alias,SUI GENERIS,SUI GENERIS,SUI GENERIS,SUI GENERIS,1 BRUNSWICK PLACE,EH7 5HP,459
326407.5839,674887.6885,grocer / convenience store,Tesco Metro,Class 1,Class 1,Class 1,Class 1,4-6 BRUNSWICK PLACE,EH7 5HW,460
326413.3246,674895.3246,shoes & footwear,Leith Army Stores, , ,Class 1,Class 1,7 BRUNSWICK PLACE,EH7 5HW,461
326419.8312,674903.3377,clothing and outdoor equipment,Leith Army Stores, , ,Class 1,Class 1,9-10 BRUNSWICK PLACE,EH7 5HW,462
326430.9619,674914.1569,furniture,Magnet, ,Class 1,Class 1,Class 1,10B BRUNSWICK PLACE,EH7 5HW,463
325780.7956,673219.1822,café,Forest Café, , ,Class 3,Class 3,2(GF) BRISTO PLACE,EH1 1EY,464
325754.4755,673242.044399999,china,John Donald & Co.,Class 1,Class 1,Class 1,Class 1,8-10 BRISTO PLACE,EH1 1EY,465
325786.2044,673184.6296,restaurant (turkish),El Falafel,Vacant,Class 3,Class 3,Class 3,15 BRISTO PLACE,EH1 1EZ,466
325792.0385,673178.2652,"clinic, health centre (natural / herbal medicine)",Napiers Dispensary,Class 3,Class 3,Class 2,Class 2, , ,467
325797.6074,673172.9615,herbal remedies & therapies,Napiers Dispensary,Class 1,Class 1,Class 1,Class 1,18 BRISTO PLACE,EH1 1EZ,468
325859.6741,673070.5911,bank,Nat West, , ,Class 2,Class 2, , ,469
325879.5526,673203.508199999,bank,Bank of Scotland,Class 2,Class 2,Class 2,Class 2,4 BRISTO SQUARE,EH8 9AL,470
325888.8844,673162.039999999,bank,Royal Bank of Scotland, , ,Class 1,Class 2,5 BRISTO SQUARE,EH8 9AL,471
325590.4614,673547.6931,café,The Deacon's House,Class 3,Class 3,Class 3,Class 3,"3 BRODIE'S CLOSE, ( 304 L",EH1 2PS,472
319403.0851,672426.302100001,grocer / convenience store & post office,Costcutter, , ,Class 1,Class 1,37-41 BROOMHALL DRIVE,EH12 7QL,473
319409.6213,672421.8298,hairdresser,Ro'ann,Class 1,Class 1,Class 1,Class 1,43 BROOMHALL DRIVE,EH12 7QL,474
319414.6128,672418.5745,tanning salon,Top Tan,Class 1,Class 1,Class 1,Class 1,45 BROOMHALL DRIVE,EH12 7QL,475
319817.8845,672193.9637,vacant,vacant,Class 1,UNKNOWN USE,Vacant,Vacant,14 BROOMHALL ROAD,EH12 7PB,476
319821.4315,672187.9705,grocer & n/t/c,Broomhouse Convenience Store, , ,Class 1,Class 1,16-18 BROOMHALL ROAD,EH12 7PB,477
319824.8562,672182.3442,hairdresser (ladies & gents),Bell Hair,Class 1,Class 1,Class 1,Class 1,20 BROOMHALL ROAD,EH12 7PB,478
320173,671351,greengrocers,Broomhouse Furit & Veg Co-op,Class 1,Class 2,Class 2,Class 1,1-3 BROOMHOUSE MARKET,EH11 3UU,479
320176,671341,baker,n/a,Class 1,Class 1,Class 1,Class 1,5 BROOMHOUSE MARKET,EH11 3UU,480
320179,671335,post office,Post Office, , ,Class 1,Class 1,7 BROOMHOUSE MARKET,EH11 3UU,481
320180,671331,vacant,vacant, , ,Vacant,Vacant,9 BROOMHOUSE MARKET,EH11 3UU,482
320181,671327,grocer,Broomhouse Minimarket,Class 1,Class 1,Class 1,Class 1,11 BROOMHOUSE MARKET,EH11 3UU,483
320186,671313,public house,The Gauntlet Bar and Lounge, , ,SUI GENERIS,SUI GENERIS,13 BROOMHOUSE MARKET,EH11 3UU,484
320031,670898,grocer & n/t/c,Premier Stores,Class 1,Class 1,Class 1,Class 1,367 BROOMHOUSE ROAD,EH11 3TA,485
325063.7451,672855.501700001,copy shop,Copy Cat,Class 1,Class 1,Vacant,Class 4,1 BROUGHAM PLACE,EH3 9HW,486
325067.9971,672850.249199999,tattoo parlour,Red Hot & Blue,Class 1,Class 4,Vacant,Class 2,1A BROUGHAM PLACE,EH3 9HW,487
325071.2487,672845.747,vacant,vacant,Class 1,Class 1,Vacant,Vacant,2 BROUGHAM PLACE,EH3 9HW,488
325085.0005,672823.0,restaurant (Indian),Bombay Bicycle Club, , ,Class 3,Class 3,6-6A BROUGHAM PLACE,EH3 9HW,489
325070.0071,672793.740800001,public house,International Bar,SUI GENERIS,SUI GENERIS,SUI GENERIS,SUI GENERIS,15 BROUGHAM PLACE,EH3 9JX,490
325056.5007,672813.2501,grocer,Zain Halal Food Store,Class 1,Class 1,Class 1,Class 1,15A-17 BROUGHAM PLACE,EH3 9JX,491
325043.5002,672833.2511,vacant,vacant,Vacant,Vacant,Vacant,Vacant,20 BROUGHAM PLACE,EH3 9JU,492
325045.5012,672829.999500001,vacant,vacant,Class 1,Vacant,Class 1,Vacant,20A BROUGHAM PLACE,EH3 9JU,493
325038.7508,672840.000499999,restaurant (French),La Bagatelle,Class 3,Class 3,Class 3,Class 3,22 BROUGHAM PLACE,EH3 9JU,494
325034.7585,672845.0277,restaurant (Thai),Passorn,Class 3,Class 3,Class 3,Class 3,23-23A BROUGHAM PLACE,EH3 9JU,495
325033.0019,672847.499299999,home automation systems,System Integration Ltd.,Class 2,Class 2,Class 1,Class 4,25 BROUGHAM PLACE,EH3 9JU,496
325028.7499,672853.252,chemist,Co-operative Pharmacy,SUI GENERIS,Class 1,Class 1,Class 1,26 BROUGHAM PLACE,EH3 9JU,497
324955.4964,672918.7546,post office,Post Office / Sweet Service,Class 1,Class 1,Class 1,Class 1,5 BROUGHAM STREET,EH3 9JS,498
324982.7494,672899.0019,chiropodist,Brougham Foot Clinic,Class 1,Class 1,Class 2,Class 2, , ,499
324960.7489,672915.7532,vacant,vacant,Class 1,Class 1,Vacant,Vacant,13A BROUGHAM STREET,EH3 9JS,500
324986.5012,672896.250600001,"second-hand cds, tapes, records",Backtracks,Class 1,Class 1,Class 1,Class 1,17 BROUGHAM STREET,EH3 9JS,501
324990.5031,672892.999,hot food take-away (kebabs),Turkish Doner Inn,SUI GENERIS,SUI GENERIS,SUI GENERIS,SUI GENERIS,17A BROUGHAM STREET,EH3 9JS,502
325001.4993,672882.750800001,printers,Cowan Print,Class 1,Vacant,Class 4,Class 4,23 BROUGHAM STREET,EH3 9JS,503
325030.7546,672850.2454,"hot food take-away (fish & chips, pizzas, kebabs, burgers)",Babylon Takeaway,Class 3,Class 3,SUI GENERIS,SUI GENERIS,25-27 BROUGHAM STREET,EH3 9JT,504
325024.0014,672860.0,vacant,vacant,Class 1,Class 1,Vacant,Vacant,31 BROUGHAM STREET,EH3 9JT,505
325021.0,672863.751800001,vacant,vacant,Class 1,Class 1,Class 1,Vacant,33 BROUGHAM STREET,EH3 9JT,506
324966.9986,672949.4979,public house,Illicit Still,SUI GENERIS,SUI GENERIS,SUI GENERIS,SUI GENERIS,2-4 BROUGHAM STREET,EH3 9JH,507
324974.0,672945.249199999,restaurant (Greek),My Big Fat Greek Restaurant,Class 3,Class 3,Class 3,Class 3,6 BROUGHAM STREET,EH3 9JH,508
324982.2477,672938.750800001,health foods,Real Foods,Class 1,Class 1,Class 1,Class 1,8 BROUGHAM STREET,EH3 9JH,509
324989.7513,672933.248199999,solicitors & estate agents,Ritchie Neill,Class 2,Class 2,Class 2,Class 2,12 BROUGHAM STREET,EH3 9JH,510
324996.9971,672927.502599999,restaurant (Indian),Mezbaan,Class 3,Class 3,Class 3,Class 3,14-14A BROUGHAM STREET,EH3 9JH,511
325000.4988,672924.7513,vacant,vacant,Class 1,SUI GENERIS,SUI GENERIS,Vacant,18 BROUGHAM STREET,EH3 9JH,512
325005.001,672921.4998,grocer (lic.),Nina's Mini Market,SUI GENERIS,Class 1,Class 1,Class 1,18A BROUGHAM STREET,EH3 9JH,513
325022.7523,672905.9948,restaurant (Chinese),Fortune Cookie,Class 3,Class 3,Class 3,Class 3,24 BROUGHAM STREET,EH3 9JH,514
325028.7499,672901.497400001,public house,Cloisters Bar, , ,SUI GENERIS,SUI GENERIS,26 BROUGHAM STREET,EH3 9JH,515
325821.6232,674590.5595,restaurant,The Olive Branch,Class 1,Class 3,Class 3,Class 3,2 BROUGHTON PLACE,EH1 3RX,516
325826.1681,674591.857999999,sandwiches,The Olive Branch,Class 1,Class 1,Class 1,Class 1,2A BROUGHTON PLACE,EH1 3RX,517
325422.1048,675094.344599999,supermarket - large,Tesco,Class 1,Class 1,Class 1,Class 1,7 BROUGHTON ROAD,EH7 4EW,518
325497.7894,675149.0529,hairdresser,Angela Carr,Class 1,Class 1,Class 1,Class 1,41 BROUGHTON ROAD,EH7 4EP,519
325544.6317,675185.8687,office,Edinburgh School of Lanague,Class 1,Class 1,Class 1,Class 4,55 BROUGHTON ROAD,EH7 4EX,520
325603.8159,675223.473999999,"workwear, safety equipment",Rufflander Safety,Class 1,Vacant,Class 1,Class 1,89 BROUGHTON ROAD,EH7 4EG,521
325619.4211,675229.473999999,public house,Powderhall Arms,SUI GENERIS,SUI GENERIS,SUI GENERIS,SUI GENERIS,97-99 BROUGHTON ROAD,EH7 4EG,522
325681.7894,675257.473999999,hot food take-away (Cantonese),China Express,SUI GENERIS,SUI GENERIS,SUI GENERIS,SUI GENERIS,113 BROUGHTON ROAD,EH7 4EQ,523
325687.7101,675262.2106,hot food take-away,Bert's,Class 3,SUI GENERIS,SUI GENERIS,SUI GENERIS,119 BROUGHTON ROAD,EH7 4EQ,524
325717.3418,675287.4211,n/t/c,Broughton Convenience Store,Class 1,Class 1,Class 1,Class 1,121-123 BROUGHTON ROAD,EH7 4JH,525
325709.0529,675281.895199999,children's nursery,The Edinburgh Nursery,Vacant,Class 10,Class 10,Class 10, , ,526
325801.8943,675351.6317,pet grooming,Doggie Style,Class 1,Vacant,Class 2,Class 2,153 BROUGHTON ROAD,EH7 4JJ,527
325796.763,675347.289899999,n/a,Moriarti,Class 1,Class 1,UNKNOWN USE,UNKNOWN USE,157 BROUGHTON ROAD,EH7 4JJ,528
325415.0238,675038.395199999,public house,Stag's Head,SUI GENERIS,SUI GENERIS,SUI GENERIS,SUI GENERIS,2-4 BROUGHTON ROAD,EH7 4EB,529
325935.0783,674406.857999999,café,Café Piccante,SUI GENERIS,SUI GENERIS,Class 3,Class 3,19 BROUGHTON STREET,EH1 3JU,530
325931.5073,674414.3246,hairdresser,Egg,Class 1,Class 1,Class 1,Class 1,23 BROUGHTON STREET,EH1 3JU,531
325928.5073,674420.429,public house,Mathers,SUI GENERIS,SUI GENERIS,SUI GENERIS,SUI GENERIS,25 BROUGHTON STREET,EH1 3JU,532
326393.3246,674824.908500001,n/t/c,Ben's Newsagent,Class 1,Class 1,Class 1,Class 1,97 BRUNSWICK STREET,EH7 5HR,533
326392.4804,674828.6231,hot food take-away,Frecach,Class 1,Class 1,SUI GENERIS,SUI GENERIS,99 BRUNSWICK STREET,EH7 5HR,534
326391.6362,674832.1688,hot food take-away,East India,Class 2,SUI GENERIS,SUI GENERIS,SUI GENERIS,103 BRUNSWICK STREET,EH7 5HR,535
326390.7919,674836.221100001,gallery,Such and Such,Class 1,Class 1,Class 2,Class 1,105 BRUNSWICK STREET,EH7 5HR,536
326388.1558,674846.0381,pictures & picture framing,Old Scotland in Pictures, , ,Class 1,Class 1,107-109 BRUNSWICK STREET,EH7 5HR,537
326386.6362,674854.4804,restaurant,Vittoria,Class 3,Class 3,Class 3,Class 3,113-115 BRUNSWICK STREET,EH7 5HR,538
326365.7538,674811.8181,vacant,vacant,Class 4,Vacant, ,Vacant,86-88 BRUNSWICK STREET,EH7 5HU,539
326364.4031,674816.883400001,hairdresser,Fashion Fix Barbers,Class 4,Class 4,Vacant,Class 1,90 BRUNSWICK STREET,EH7 5HU,540
326363.0523,674822.793,wine merchant,Oddbins,Class 1,Class 1,Class 1,Class 1,94-96 BRUNSWICK STREET,EH7 5HU,541
324573.5182,672140.325300001,hairdresser (ladies & gents),Cheynes,Class 1,Class 1,Class 1,Class 1,2 BRUNTSFIELD AVENUE,EH10 4EP,542
324517.0108,672222.0,bathroom fittings & tiles,Bathroom Design,Vacant,Class 1,Class 1,Class 1,26 BRUNTSFIELD AVENUE,EH10 4EW,543
324700.2275,672204.081499999,sports equipment & clothing,Bruntsfield Sports,Class 1,Class 1,Class 1,Class 1,103-105 BRUNTSFIELD PLACE,EH10 4EQ,544
324695.6011,672198.7697,hairdresser (ladies),Indigo,Class 1,Class 1,Class 1,Class 1,107 BRUNTSFIELD PLACE,EH10 4EQ,545
324690.0,672192.2247,"financial services - insurance, pensions, investments",NFU Mutual,Class 1,Class 2,Class 2,Class 2,109-111 BRUNTSFIELD PLACE,EH10 4EQ,546
324686.059,672188.112400001,n/t/c & grocer,Bruntsfield News,Class 1,Class 1,Class 1,Class 1,115 BRUNTSFIELD PLACE,EH10 4EQ,547
324681.0309,672182.598300001,shoes (ladies),ooh! ruby shoes,Class 1,Class 1,Class 1,Class 1,117 BRUNTSFIELD PLACE,EH10 4EQ,548
324678.118,672179.514,computer ink cartridge re-filling & recycling,Smart Cartridge,Class 2,Class 2,Class 1,Class 1,119 BRUNTSFIELD PLACE,EH10 4EQ,549
324675.3764,672176.6011,specialist chocolate confectionery & cafe,The Chocolate Tree,Class 1,Vacant,Class 1,Class 1,123 BRUNTSFIELD PLACE,EH10 4EQ,550
324671.4326,672171.823000001,sandwich take-away,Baguette Express,Class 1,Class 1,Class 1,Class 1,125 BRUNTSFIELD PLACE,EH10 4EQ,551
324667.1489,672167.368000001,chemist,Lloyds Pharmacy,Class 1,Class 1,Class 1,Class 1,129 BRUNTSFIELD PLACE,EH10 4EQ,552
324649.8539,672151.508400001,children's clothing,Nippers,Class 2,Vacant,Class 1,Class 1,131 BRUNTSFIELD PLACE,EH10 4EB,553
324646.5983,672148.081499999,hairdresser,Kimiko,Vacant,Class 1,Class 1,Class 1,133 BRUNTSFIELD PLACE,EH10 4EB,554
324643.3427,672144.997199999,clothing repairs & alterations,Alter It,Vacant,Class 1,Class 1,Class 1,137 BRUNTSFIELD PLACE,EH10 4EB,555
324640.2584,672141.912900001,hot food take-away (Indian),The Currie Leaf, , ,Vacant,SUI GENERIS,139 BRUNTSFIELD PLACE,EH10 4EB,556
324637.3455,672139.1713,"gifts, soft furnishings & fancy goods",Clementine,Class 1,Class 1,Class 1,Class 1,141 BRUNTSFIELD PLACE,EH10 4EB,557
324571.2865,672091.0,"delicatessen, wine merchant & restaurant",Peckhams,Class 1,Class 1,Class 1,Class 1,155-159 BRUNTSFIELD PLACE,EH10 4DG,558
324559.1629,672084.6208,restaurant (brasserie & bar),Montpeliers,Class 3,Class 3,Class 3,Class 3,159A-163A BRUNTSFIELD PLA,EH10 4DG,559
326136.0,672735.292300001,office (dance teacher),Dance Division,Vacant,Class 9,Class 9,Class 4,78 BUCCLEUCH STREET,EH8 9NH,560
326145.6305,672712.1691,role playing games,Black Lion Games,Class 1,Class 1,Class 11,Class 11,90 BUCCLEUCH STREET,EH8 9NH,561
326149.215,672705.091800001,cafe,Zucchero,Class 1,Class 1,Vacant,Class 3,94 BUCCLEUCH STREET,EH8 9NH,562
326150.9687,672700.4155,hairdresser,Ebony & Ivory,Class 1,Class 1,Class 1,Class 1,98 BUCCLEUCH STREET,EH8 9NH,563
326153.9227,672692.922700001,vacant,vacant, , ,Class 1,Vacant,104 BUCCLEUCH STREET,EH8 9NQ,564
326204.8768,672825.5845,letting office,Letslet,Class 1,Class 4,Vacant,Class 2,5 CLERK STREET,EH8 9JH,565
326215.6764,672804.077299999,bank,Lloyds TSB Scotland, , ,Class 2,Class 2,11 CLERK STREET,EH8 9JH,566
326218.0146,672799.6931,photo processing,Trumps,Class 1,Class 1,Vacant,Class 1,13 CLERK STREET,EH8 9JH,567
326222.5845,672791.507300001,antiques / fine teas,Anteaques,Class 1,Class 1,Vacant,Class 1,17 CLERK STREET,EH8 9JH,568
326225.7996,672786.246400001,optician,Browns Optician,Class 1,Class 1,Class 1,Class 1,19 CLERK STREET,EH8 9JH,569
324551.9157,672080.8006,jeweller,McDonald-Greene,Class 1,Class 1,Class 1,Class 1,165 BRUNTSFIELD PLACE,EH10 4DG,570
324547.632,672078.401699999,sandwich shop,Subway,Class 1,Class 1,Class 1,Class 1,165A BRUNTSFIELD PLACE,EH10 4DG,571
324543.0056,672076.002800001,toys (for young children),The Smart Stork,Vacant,Class 1,Class 1,Class 1,165B BRUNTSFIELD PLACE,EH10 4DG,572
324537.2275,672071.7697,vacant,vacant,Class 1,Class 1,Class 1,Vacant,167 BRUNTSFIELD PLACE,EH10 4DG,573
324534.3146,672069.028100001,"hot food take-away (fish & chips, pizzas)",Globetrotter,SUI GENERIS,SUI GENERIS,SUI GENERIS,SUI GENERIS,169 BRUNTSFIELD PLACE,EH10 4DG,574
324532.7725,672065.4298,restaurant & hot food take-away,Himalaya Tandoori Restaurant,Class 3,Class 3,Class 3,Class 3,171 BRUNTSFIELD PLACE,EH10 4DG,575
324530.7135,672060.912900001,residential letting agency,ACE Property management Ltd.,Class 1,Class 1,Class 1,Class 2,175 BRUNTSFIELD PLACE,EH10 4DG,576
324529.1713,672056.6292,chemist,Paton & Finlay,Class 1,Class 1,Class 1,Class 1,177 BRUNTSFIELD PLACE,EH10 4DG,577
324527.9719,672052.8595,hot food take-away (Chinese),Good Food,SUI GENERIS,Class 1,SUI GENERIS,SUI GENERIS,179 BRUNTSFIELD PLACE,EH10 4DG,578
324526.2556,672046.9663,ladies clothing,Fifi Wilson,Class 4,Class 1,Class 1,Class 1,181 BRUNTSFIELD PLACE,EH10 4DG,579
324525.0562,672042.682600001,restaurant (Italian),Inca,Class 11,Class 11,Class 3,Class 3,183 BRUNTSFIELD PLACE,EH10 4DG,580
324523.8567,672037.713500001,"baker, confectioner & café (specialist)",Falko Konditormeister,Class 1,Class 1,Class 1,Class 1,185 BRUNTSFIELD PLACE,EH10 4DG,581
324518.1152,671989.1713,fishmonger,George Hughes & Son,Class 1,Class 1,Class 1,Class 1,197 BRUNTSFIELD PLACE,EH10 4DQ,582
324517.7725,671980.6292,solicitors & estate agents,Lindsays W.S.,Class 1,Class 1,Class 2,Class 2,201-203 BRUNTSFIELD PLACE,EH10 4DH,583
324517.6011,671973.7697,shoes (childrens),Maddie and marks,Class 1,Class 1,Class 1,Class 1,205 BRUNTSFIELD PLACE,EH10 4DH,584
324517.4298,671957.1994,"greeting cards, calendars, stationery, gifts",Everyone's Designs,Class 1,Class 1,Class 1,Class 1,213 BRUNTSFIELD PLACE,EH10 4DH,585
324517.6011,671952.401699999,ladies clothing & accessories,Vivaldi,Class 1,Class 1,Class 1,Class 1,217 BRUNTSFIELD PLACE,EH10 4DH,586
324517.6011,671947.6039,books,The Edinburgh Bookshop,Class 1,Class 1,Class 1,Class 1,219 BRUNTSFIELD PLACE,EH10 4DH,587
324713.8399,672260.004799999,"leather goods, luggage; kilt hire & purchase",Manacraft Leather & Highland Co.,Class 1,Class 1,Class 1,Class 1,88 BRUNTSFIELD PLACE,EH10 4HG,588
324698.4598,672246.127900001,financial services - insurance,Swinton Insurance,Class 1,Class 2,Class 2,Class 2,90-92 BRUNTSFIELD PLACE,EH10 4ES,589
324694.0141,672241.956599999,stationers (specialist social stationery),White Blossom Paper Boutique,Class 1,Class 1,Class 1,Class 1,96 BRUNTSFIELD PLACE,EH10 4ES,590
324689.2107,672237.4036,bank admin.,Bank of Scotland,Class 2,Class 2,Class 4,Class 4,98 BRUNTSFIELD PLACE,EH10 4ES,591
324686.771,672235.0724,juice & smoothie bar,Juiced Up,Class 1,SUI GENERIS,Class 1,Class 3,100 BRUNTSFIELD PLACE,EH10 4ES,592
324684.0602,672232.470000001,vacant,vacant (opening soon : Sweet),Class 2,Class 4,Class 1,Vacant,104 BRUNTSFIELD PLACE,EH10 4ES,593
324681.4578,672229.9219,jewellery studio (hand-made contemporary jewellery),Annie Smith,Class 1,Class 1,Class 1,Class 1,106 BRUNTSFIELD PLACE,EH10 4ES,594
324677.012,672225.6085,"homeware, gifts, fancy goods",Halibut & Herring,Class 1,Class 1,Class 1,Class 1,108 BRUNTSFIELD PLACE,EH10 4ES,595
324673.5121,672222.355599999,greeting cards & gift wrap,The Bay Tree Company,Class 1,Class 1,Class 1,Class 1,110 BRUNTSFIELD PLACE,EH10 4ES,596
324669.5543,672218.8858,optician,R.C. Cunning,Class 1,Class 1,Class 1,Class 1,114 BRUNTSFIELD PLACE,EH10 4ES,597
324665.2228,672214.337400001,sports clothing,Fitness Box,Class 1,Class 1,Class 1,Class 1,116 BRUNTSFIELD PLACE,EH10 4ES,598
324661.8615,672211.0845,beauty salon,All About Eve,Vacant,Vacant,Class 1,Class 1,118 BRUNTSFIELD PLACE,EH10 4ES,599
324658.2832,672207.6689,craft goods (beads),The Little Bead Shop,Class 1,Class 1,Class 1,Class 1,120 BRUNTSFIELD PLACE,EH10 4ES,600
324652.6473,672202.23,coffee shop,Costa,Class 1,Vacant,Class 1,Class 3,124-130 BRUNTSFIELD PLACE,EH10 4ES,601
324634.0542,672181.6085,grocer / convenience store,Costcutter,Class 1,Class 1,Class 1,Class 1,132-134 BRUNTSFIELD PLACE,EH10 4ER,602
324630.235,672178.271199999,financial services (foreign currency & travellers cheques),Post Office (foreign currency / travellers cheques only),Class 1,Class 1,Class 1,Class 1,136 BRUNTSFIELD PLACE,EH10 4ER,603
324625.3373,672174.1204,vacant,vacant (formerly Ooud Kitchen take-away food - temp. closure for refurb.),Class 1,Class 1,Class 1,SUI GENERIS,138 BRUNTSFIELD PLACE,EH10 4ER,604
324622.3494,672171.518100001,vacant,vacant (formerly Ooud Kitchen take-away food - temp. closure for refurb.),Class 2,Class 1,Class 1,SUI GENERIS,140 BRUNTSFIELD PLACE,EH10 4ER,605
324619.3615,672169.2049,ladies clothing,chie chie,Vacant,Class 1,Class 1,Class 1,144 BRUNTSFIELD PLACE,EH10 4ER,606
324616.9519,672167.1808,florist,Honeysuckle,Class 1,Class 1,Class 1,Class 1,146 BRUNTSFIELD PLACE,EH10 4ER,607
324612.6626,672163.409600001,jewellery,Rosie Brown,Class 1,Class 1,Class 1,Class 1,148 BRUNTSFIELD PLACE,EH10 4ER,608
324609.2892,672160.518100001,shoe repairs / key cutting,S.O.S.,Class 1,Class 1,Class 1,Class 1,150 BRUNTSFIELD PLACE,EH10 4ER,609
324605.4338,672157.337400001,"hardware, domestic appliance parts & servicing",Bruntsfield Hoover Service,Class 1,Class 1,Class 1,Class 1,154 BRUNTSFIELD PLACE,EH10 4ER,610
324600.3734,672153.6987,"home-made food (preserves etc.), outside caterers",A la Carte,Class 1,Class 1,Class 1,Class 1,156 BRUNTSFIELD PLACE,EH10 4ER,611
324597.8675,672151.9638,restaurant (Italian),Papilio,Class 3,Class 3,Class 3,Class 3,158 BRUNTSFIELD PLACE,EH10 4ER,612
324592.2772,672148.1085,grocer (Thai & oriental ingredients),Orient Thai Market (Thaitop),Vacant,Class 1,Class 1,Class 1,164 BRUNTSFIELD PLACE,EH10 4ER,613
324587.5902,672144.8553,stationers (specialist social stationery),"Hatches, Matches & Dispatches",Class 1,Class 1,Class 1,Class 1,166 BRUNTSFIELD PLACE,EH10 4ER,614
324583.4458,672142.1566,residential letting agency,Albany Lettings,Class 1,Class 1,Class 2,Class 2,168 BRUNTSFIELD PLACE,EH10 4ER,615
324579.8796,672139.554199999,jeweller,Fabulous Fakes,Class 4,Class 1,Class 1,Class 1,170 BRUNTSFIELD PLACE,EH10 4ER,616
324575.8315,672136.9519,chocolate confectionery,Coco of Bruntsfield,Vacant,Class 1,Class 1,Class 1,174 BRUNTSFIELD PLACE,EH10 4ER,617
324553.1807,672123.1204,wine merchant,Oddbins,Class 1,Class 1,Class 1,Class 1,176 BRUNTSFIELD PLACE,EH10 4DF,618
324549.2289,672120.325300001,ladies clothing,C'est si Bon,Class 1,Class 1,Class 1,Class 1,178 BRUNTSFIELD PLACE,EH10 4DF,619
324543.6387,672116.566400001,restaurant,Café Grande, , ,Class 3,Class 3,182-184 BRUNTSFIELD PLACE,EH10 4DF,620
324537.1083,672112.1204,butcher,William Christie,Class 1,Class 1,Class 1,Class 1,186 BRUNTSFIELD PLACE,EH10 4DF,621
324534.1204,672110.0,ladies clothing & accessories,Chi (incorporating miam-miam),Class 1,Class 1,Class 1,Class 1,188 BRUNTSFIELD PLACE,EH10 4DF,622
324529.9759,672107.494000001,coffee shop,Project Coffee,Class 1,Class 1,Class 1,Class 3,192-194 BRUNTSFIELD PLACE,EH10 4DF,623
324525.4459,672104.506100001,n/t/c,News Plus,Class 1,Class 1,Class 1,Class 1,196 BRUNTSFIELD PLACE,EH10 4DF,624
324520.1564,672101.1083,baker,Greggs,Class 1,Class 1,Class 1,Class 1,198 BRUNTSFIELD PLACE,EH10 4DF,625
324516.2047,672098.6987,hairdresser,Craig Davidson,Class 1,Class 1,Class 1,Class 1,200 BRUNTSFIELD PLACE,EH10 4DF,626
324511.6747,672095.614499999,"grocer (cheese, bread, charcuterie & vegetables)",Clarks,Class 1,Class 1,Class 1,Class 1,202 BRUNTSFIELD PLACE,EH10 4DF,627
324507.4338,672093.1085,bank,Royal Bank of Scotland,Class 2,Class 2,Class 2,Class 2,206 BRUNTSFIELD PLACE,EH10 4DF,628
324490.9637,672051.242799999,restaurant (Scottish),Howies,Class 2,Class 2,Class 3,Class 3,208 BRUNTSFIELD PLACE,EH10 4DE,629
324880.0024,672582.252499999,hairdresser,JFK,Class 1,Vacant,Class 2,Class 1,1 BRUNTSFIELD PLACE,EH10 4HN,630
324877.7513,672577.2501,vacant,vacant,Class 1,Vacant,Class 1,Vacant,2 BRUNTSFIELD PLACE,EH10 4HN,631
324875.0,672571.9976,restaurant (Chinese),Lee-On,Class 3,Class 3,Class 3,Class 3,4-5 BRUNTSFIELD PLACE,EH10 4HN,632
324871.7513,672564.749399999,charity shop,Thrift Shop (Family Care),Class 1,Class 1,Class 1,Class 1,6 BRUNTSFIELD PLACE,EH10 4HN,633
324908.2487,672574.001,porttrait & wedding photography,Inspire,Class 1,Class 1,Class 1,Class 2,7 BRUNTSFIELD PLACE,EH10 4HN,634
324906.4979,672570.499299999,beauty salon,Zen Lifestyle,Class 1,Class 1,Class 1,Class 1,9 BRUNTSFIELD PLACE,EH10 4HN,635
324869.5017,672560.0,hairdresser,Riva Hair Design,Class 1,Class 1,Class 1,Class 1,10 BRUNTSFIELD PLACE,EH10 4HN,636
324863.5026,672548.0024,"hi-fi equipment, televisions",Bang & Olufsen / Patersons of Stockbridge,Vacant,Vacant,Class 1,Class 1,11 BRUNTSFIELD PLACE,EH10 4HN,637
324861.0014,672543.2501,antiques,Young Antiques, ,Class 1,Class 1,Class 1,12 BRUNTSFIELD PLACE,EH10 4HN,638
324858.2501,672537.9976,sports equipment & clothing,Snowlines / Footworks,Class 1,Class 1,Class 1,Class 1,14-17 BRUNTSFIELD PLACE,EH10 4HN,639
324852.5012,672525.7499,ladies clothes,Miss Dixiebelle,Class 1,Class 1,Class 1,Class 1,19 BRUNTSFIELD PLACE,EH10 4HN,640
324850.0,672520.747500001,baker,Breadwinner / Stromboli,Class 1,Class 1,Class 1,Class 1,20 BRUNTSFIELD PLACE,EH10 4HN,641
324846.0014,672512.251499999,vacant,vacant,Class 1,Vacant,Class 1,Vacant,22 BRUNTSFIELD PLACE,EH10 4HN,642
324844.7508,672508.249600001,hairdresser,Kilmour Thomson,Class 1,Class 1,Class 1,Class 1,23 BRUNTSFIELD PLACE,EH10 4HN,643
324843.5045,672503.2554,bicycles,Velo Ecosse,Class 1,Class 1,Class 1,Class 1,25-27 BRUNTSFIELD PLACE,EH10 4HJ,644
324841.7537,672496.7523,bicycles (storgage),Velo Ecosse,Class 1,Class 1,Class 1,Class 1,28 BRUNTSFIELD PLACE,EH10 4HJ,645
324840.5031,672492.2501,antiques,Harlequin Antiques,Class 1,Class 1,Class 1,Class 1,30 BRUNTSFIELD PLACE,EH10 4HJ,646
324838.252,672484.9967,mens clothing & kilt hire,Davison Kilt Hire & Sales, , ,Class 1,Class 1,31-33 BRUNTSFIELD PLACE,EH10 4HJ,647
324835.2525,672474.4998,pets & pet supplies,Hill Lord & Co.,Class 1,Class 1,Class 1,Class 1,35 BRUNTSFIELD PLACE,EH10 4HJ,648
324834.0019,672468.4969,residential letting agency,Accomodate Edinburgh,Class 1,Class 1,Class 2,Class 2,36 BRUNTSFIELD PLACE,EH10 4HJ,649
324832.0033,672461.252,"stationery, printing & copying",Scotsec,Class 4,Class 4,Class 1,Class 1,37 BRUNTSFIELD PLACE,EH10 4HJ,650
324830.5026,672455.999500001,fabrics,The Dress Fabric Company,Class 2,Class 2,Class 2,Class 1,38 BRUNTSFIELD PLACE,EH10 4HJ,651
324829.0019,672449.7465,restaurant (Thai),Thai Lemongrass Restaurant,Class 3,SUI GENERIS,Class 3,Class 3,40-41 BRUNTSFIELD PLACE,EH10 4HJ,652
324877.2492,672515.750800001,chiropractor,Bruntsfield Chiropractic Clinic,Vacant,Class 2,Class 1,Class 2,43 BRUNTSFIELD PLACE,EH10 4HJ,653
324742.1182,672286.3166,"computers, computer accessories & repairs",Ideal Computing,Class 4,Class 1,Class 1,Class 1,78 BRUNTSFIELD PLACE,EH10 4HG,654
324737.0406,672281.307499999,hot food take-away (Chinese),Wok Inn,SUI GENERIS,SUI GENERIS,SUI GENERIS,SUI GENERIS,80 BRUNTSFIELD PLACE,EH10 4HG,655
324732.3941,672276.9122,"greeting cards, prints, posters, picture framing",Framers,Class 1,Class 1,Class 1,Class 1,81 BRUNTSFIELD PLACE,EH10 4HG,656
324729.375,672274.0075,beauty salon,Frenchy's,Vacant,Class 1,Class 1,Class 1,83 BRUNTSFIELD PLACE,EH10 4HG,657
324726.1729,672270.942600001,hot food take-away (Italian),Italian Connection,Class 3,SUI GENERIS,SUI GENERIS,SUI GENERIS,84 BRUNTSFIELD PLACE,EH10 4HG,658
324719.5122,672265.2883,"clothing alterations and repairs, dressmaking, tailoring",Stitches, , ,Class 1,Class 1,85-86 BRUNTSFIELD PLACE,EH10 4HG,659
318330.3081,668194.8994,hairdresser,Hair Tech,Class 1,Class 1,Class 1,Class 1,17 BRYCE ROAD,EH14 5LT,660
318540.0132,667926.9059,hot food take-away (Chinese),Sun Luk,SUI GENERIS,SUI GENERIS,SUI GENERIS,SUI GENERIS,56 BRYCE ROAD,EH14 5LD,661
318542.0941,667922.9323,optitions,Clear Vue,Class 1,Class 1,Class 1,Class 1,60 BRYCE ROAD,EH14 5LD,662
323884.4643,672450.6285,grocer,Shop'n'Save,Class 1,Class 1,Class 1,Class 1,1-3 BRYSON ROAD,EH11 1ED,663
323679.8078,672295.3737,dwelling,dwelling,Class 4,Class 4,Class 9,Class 9, , ,664
326350.7996,673763.1545,kilts,Nicolson Highlandwear,Class 1,Class 1,Class 1,Class 1,189 CANONGATE,EH8 8BN,665
326341.9227,673760.446799999,vacant,vacant,Vacant,Vacant,Vacant,Vacant,193 CANONGATE,EH8 8BN,666
326333.2923,673758.1545,"coffee shop, confectionery",Fudge House of Edinburgh,Class 3,Class 3,Class 3,Class 3,197 CANONGATE,EH8 8BN,667
326323.0459,673755.661800001,hot food take-away,Fresco,SUI GENERIS,SUI GENERIS,SUI GENERIS,SUI GENERIS,223 CANONGATE,EH8 8BJ,668
326293.9541,673747.492699999,ice cream,Ottivio's,Vacant,Class 1,Class 1,Class 1,229 CANONGATE,EH8 8BJ,669
326242.7369,673732.9541,café (turkish),Café Truva,Class 1,Class 1,Class 1,Class 3,251-253 CANONGATE,EH8 8BQ,670
326217.0459,673725.3236,coffee shop,Has Beans Coffee House, , ,Class 3,Class 3,261 CANONGATE,EH8 8BQ,671
326207.5845,673723.031300001,hand made soaps,The Edinburgh Soap Company, , ,Vacant,Class 1,263 CANONGATE,EH8 8BQ,672
326200.8768,673722.2777,restaurant,Wedgewood,Class 1,Class 3,Class 3,Class 3,267 CANONGATE,EH8 8BQ,673
326163.3841,673715.615900001,belly dancing & middle eastern goods,Hilary's Bazzaar,Class 1,Class 1,Class 1,Class 1,297 CANONGATE,EH8 8BD,674
326157.2464,673714.446799999,grocer,The Scottish Grocer,Vacant,Class 1,Class 1,Class 1,299 CANONGATE,EH8 8BD,675
326606.8309,673845.922700001,musical instruments (bagpipes),Bagpipes Galore,Class 1,Class 1,Class 1,Class 1,82 CANONGATE,EH8 8BZ,676
326536.5845,673813.338199999,musical instruments (organs),Key Player,Class 1,Class 1,Class 1,Class 1,98 CANONGATE,EH8 8DD,677
326520.4155,673806.0,record store,Unknown Pleasures,Class 1,Demolished,Class 1,Class 1,110 CANONGATE,EH8 8DD,678
326513.3695,673803.507300001,gifts,The Best Fae Scotland, , ,Class 1,Class 1,112 CANONGATE,EH8 8DD,679
326498.6159,673799.338199999,cafe,Starbucks, , ,Vacant,Class 3,116-118 CANONGATE,EH8 8DD,680
326462.8309,673784.4614,café,Cafe Vivo, , ,Class 3,Class 3,136 CANONGATE,EH8 8DD,681
326419,673766,"gifts, curios, jewellery",The Wyrd Shop,Class 1,Class 1,Class 1,Class 1,154 CANONGATE,EH8 8DD,682
326419,673766,clothing (t-shirts & sweaters),Fantastic Scotland,Class 1,Class 1,Class 1,Class 1,156 CANONGATE,EH8 8DD,683
326419,673766,tea room & café,Lazy Loham's Bistro,Class 1,Class 3,Class 3,Class 3,158 CANONGATE,EH8 8DD,684
326409,673763,hot food take-away,Bene's Fish & Chips,SUI GENERIS,SUI GENERIS,SUI GENERIS,SUI GENERIS,162 CANONGATE,EH8 8DD,685
326409,673763,"knitwear, crafts",Celtic Knitwear & Crafts,Class 1,Class 1,Class 1,Class 1,164 CANONGATE,EH8 8DD,686
326409,673763,"knitwear, crafts",Celtic Knitwear & Crafts,Class 1,Class 1,Class 1,Class 1,166 CANONGATE,EH8 8DD,687
326396,673754,"gifts, souvenirs",Simply Scottish,Vacant,Class 1,Class 1,Class 1,168 CANONGATE,EH8 8DF,688
323777.4623,672415.384400001,vacant,vacant,SUI GENERIS,SUI GENERIS,SUI GENERIS,Vacant,26 BRYSON ROAD,EH11 1DX,689
326103.7077,672929.6305,café / take-away food,Kim's Mini Meals, , ,Class 3,Class 3,5 BUCCLEUCH STREET,EH8 9JN,690
326117.3695,672874.123199999,"clothing alterations, tailoring, dressmaking",Pan Pan,Class 1,Class 1,Class 1,Class 1,29-31 BUCCLEUCH STREET,EH8 9LT,691
326119.1545,672866.6764,speciality cakes,Barbour,Class 1,Class 1,Class 1,Class 1,35 BUCCLEUCH STREET,EH8 9LT,692
326120.6159,672860.5386,hair & beauty,Hair Joy,Class 4,Class 1,Vacant,Class 1,37 BUCCLEUCH STREET,EH8 9LT,693
326128.3236,672828.5845,dwelling,dwelling, , ,Class 2,Class 9, , ,694
326141.4468,672781.338199999,restaurant (Indian),Kings Balti, , ,Class 3,Class 3,79 BUCCLEUCH STREET,EH8 9LS,695
326149.9082,672756.5845,public house,Dagda,SUI GENERIS,SUI GENERIS,SUI GENERIS,SUI GENERIS,93-95 BUCCLEUCH STREET,EH8 9NG,696
326158.9082,672729.0459,restaurant (Indian),Manna Mahal,Class 3,Class 3,Class 3,Class 3,111-113 BUCCLEUCH STREET,EH8 9NG,697
326163.0,672722.3236,café,Brazillian Sensation,Vacant,SUI GENERIS,Class 3,Class 3,117-119 BUCCLEUCH STREET,EH8 9NG,698
326188.57,672689.707699999,advice office,Multicultural Advice & Information Service,Vacant,Class 1,Class 2,Class 2,137 BUCCLEUCH STREET,EH8 9NE,699
326193.8309,672682.1086,hairdresser,Violet's Hair Stylists,Class 1,Class 1,Class 1,Class 1,143 BUCCLEUCH STREET,EH8 9NE,700
326197.7391,672676.876800001,ethnic community office,Pakistan Society of Edinburgh,Class 4,Class 2,Class 2,Class 2,145 BUCCLEUCH STREET,EH8 9NE,701
326204.1691,672669.2777,dwelling,dwelling,Class 1,Class 1,Vacant,Class 9, , ,702
326088.2609,672882.077299999,non-commercial,non-commercial,Class 1,Class 2,Vacant,Demolished, , ,703
326101.9541,672846.8455,cafe,Press Coffee,Vacant,Vacant,Class 1,Class 3,30 BUCCLEUCH STREET,EH8 9LP,704
326105.4614,672833.7996,hot food take-away (Chinese),Ong Gie,Vacant,Vacant,SUI GENERIS,SUI GENERIS,36 BUCCLEUCH STREET,EH8 9LP,705
326106.3382,672830.292300001,office (interior design),Rough Design Partnership,Class 3,Class 2,Class 4,Class 4,38 BUCCLEUCH STREET,EH8 9LP,706
326106.8768,672827.3695,public house,Meadow Bar,SUI GENERIS,SUI GENERIS,SUI GENERIS,SUI GENERIS,42-44 BUCCLEUCH STREET,EH8 9LP,707
326166.0313,672673.5678,cafe,Snax Cafe,Class 1,Class 3,Vacant,Class 3,118 BUCCLEUCH STREET,EH8 9NQ,708
326172.1837,672666.077299999,vacant,vacant,Class 1,Class 1,Vacant,Vacant,124 BUCCLEUCH STREET,EH8 9NQ,709
326581,675042,electrical contractors,John Redpath,Class 4,Class 4,Class 4,Class 4,1 BUCHANAN STREET,EH6 8SJ,710
326646.4165,675132.7818,community development office,Pilmeny Development Project, , ,Class 2,Class 2,19/21 BUCHANAN STREET,EH6 8SQ,711
326714.5669,675161.8268,public house,The Tourmalet,SUI GENERIS,SUI GENERIS,SUI GENERIS,SUI GENERIS,25 BUCHANAN STREET,EH6 8SQ,712
326699.0236,675170.0,vacant,vacant,Vacant,UNKNOWN USE,Class 4,Vacant,28 BUCHANAN STREET,EH6 8RE,713
324651.7101,668601.2513,restaurant,Tusitala Pavilion, , ,Class 3,Class 3,47 BUCKSTONE TERRACE,EH10 6QR,714
324476.9807,669054.852299999,bank,Bank of Scotland (HBOS),Class 2,Class 2,Class 2,Class 2,2 BUCKSTONE TERRACE,EH10 6PZ,715
324480.5602,669048.1636,n/t/c,Buckstone Newsagent,Class 1,Class 1,Class 1,Class 1,4 BUCKSTONE TERRACE,EH10 6PZ,716
324482.6148,669043.669299999,solicitors,Allingham & Co. Solicitors,Class 2,Class 2,Class 2,Class 2,4A BUCKSTONE TERRACE,EH10 6PZ,717
324485.0545,669038.918199999,post office,Buckstone Terrace Post Office,Class 1,Class 1,Class 1,Class 1,8 BUCKSTONE TERRACE,EH10 6PZ,718
324486.4943,669034.645500001,hairdresser,Headturner,Class 1,Class 1,Class 1,Class 1,8A BUCKSTONE TERRACE,EH10 6PZ,719
324489.175,669029.521600001,baker,Breadstix,Class 1,Class 1,Class 1,Class 1,10 BUCKSTONE TERRACE,EH10 6PZ,720
324491.5796,669023.887499999,chemist,Boots,Class 1,Class 1,Class 1,Class 1,10A BUCKSTONE TERRACE,EH10 6PZ,721
324493.6693,669018.863600001,footwear - childrens,Maddie & Mark's Shoes,Class 1,Class 1,Class 1,Class 1,14 BUCKSTONE TERRACE,EH10 6PZ,722
324496.1091,669013.3421,café,Gillespies,Class 1,Class 1,Class 1,Class 3,16 BUCKSTONE TERRACE,EH10 6PZ,723
324506.0369,668911.1108,wine merchant,Majestic Wine Warehouse, , ,Class 1,Class 1,26-34 BUCKSTONE TERRACE,EH10 6QB,724
318656.1182,673968.020199999,demolished,demolished,Vacant,Class 2,Vacant,Demolished, , ,725
318656.196,673961.5649,demolished,demolished,Class 1,Class 1,Class 1,Demolished, , ,726
318655.7493,673946.9078,demolished,demolished,Class 1,Class 1,Class 1,Demolished, , ,727
318662.4986,673924.662799999,demolished,demolished,Class 1,Class 1,Class 1,Demolished, , ,728
312231.2246,677684.8467,petrol filling station & shop,BP Connect, , ,Class 1,Class 1,(1) BUILYEON ROAD, ,729
312322.5918,677672.7041,restaurant & hot food take-away,McDonalds, , ,Class 3,Class 3,6 BUILYEON ROAD,EH30 9YJ,730
327524,667908,"hot food take-away (Cantonese, Peking, Thai)",Hong Kong,SUI GENERIS,SUI GENERIS,SUI GENERIS,SUI GENERIS,10 BURDIEHOUSE TERRACE,EH17 8AQ,731
327312.843,675674.3873,dwellings,dwellings,SUI GENERIS,SUI GENERIS,SUI GENERIS,Class 9, , ,732
327114.5359,674413.719000001,bicycles,Leith Cycle Co.,Class 1,Class 1,Class 1,Class 1,1 CADZOW PLACE,EH7 5SN,733
327119.5033,674414.4641,Computer sales and repairs,Spec Computers,Class 1,Class 1,Class 1,Class 1,3 CADZOW PLACE,EH7 5SN,734
327125.0916,674414.960899999,t.v. & video repairs,Armchair Theatre Video,Class 1,Class 1,Class 1,Class 1,4(01) CADZOW PLACE,EH7 5SN,735
327134.013,674414.9739,Ross Motors,Consultation &  Advocacy Promotion Services  Ltd.,Class 1,UNKNOWN USE,UNKNOWN USE,UNKNOWN USE,5 CADZOW PLACE,EH7 5SN,736
327140.0981,674414.725500001,restaurant,Gung Ho,Class 3,Class 3,Class 3,Class 3,7-8 CADZOW PLACE,EH7 5SN,737
327147.9084,674414.2092,second-hand furniture,Abbey Saleroom,Class 1,Class 1,Class 1,Class 1,9 CADZOW PLACE,EH7 5SN,738
327152.8758,674413.7125,financial services,Consumer Finance Ltd,Class 1,Class 4,Class 2,Class 2,11 CADZOW PLACE,EH7 5SN,739
327157.719,674413.215700001,vacant,vacant,SUI GENERIS,SUI GENERIS,SUI GENERIS,Vacant,12 CADZOW PLACE,EH7 5SN,740
327168.7647,674412.3204,n/t/c,KB Stores,Class 1,Class 1,Class 1,Class 1,14-15 CADZOW PLACE,EH7 5SN,741
327173.7321,674411.6994,hot food take-away,Marias Café,Class 1,SUI GENERIS,SUI GENERIS,SUI GENERIS,17 CADZOW PLACE,EH7 5SN,742
327180.1372,674410.960899999,vacant,vacant,Class 1,Class 1,Class 1,Vacant,18 CADZOW PLACE,EH7 5SN,743
327185.2288,674410.3399,Solicitor and estate agent,Aikman and Annan,Class 1,Class 1,Class 1,Class 2,19 CADZOW PLACE,EH7 5SN,744
327190.072,674409.8432,public house,Station Bar,SUI GENERIS,SUI GENERIS,SUI GENERIS,SUI GENERIS,21 CADZOW PLACE,EH7 5SN,745
319116.5808,670383.3902,grocer / convenience store,Calder Supermarket, , ,Class 1,Class 1,2-6 CALDER PARK,EH11 4JN,746
319143.4549,670382.632099999,hot food take-away,Mario's Takeaway, , ,Vacant,SUI GENERIS,8 CALDER PARK,EH11 4JN,747
319150.2419,670382.4805,post office,Calder Crossway Sub Post Office,Class 1,Class 1,Class 1,Class 1,10-12 CALDER PARK,EH11 4JN,748
319161.0,670382.0869,hot food take-away,Taste of China,Vacant,Class 1,Class 1,SUI GENERIS,14 CALDER PARK,EH11 4JN,749
319165.6968,670381.9353,vacant,vacant,Class 1,Class 1,Class 1,Vacant,16 CALDER PARK,EH11 4JN,750
319170.2419,670381.845000001,chemist,Calder Pharmacy (Vantage),Class 1,Class 1,Class 1,Class 1,18 CALDER PARK,EH11 4JN,751
320343.2412,670908.853399999,grocer / convenience store / post office,Scotmid,Class 1,Class 1,Class 1,Class 1,283-289 CALDER ROAD,EH11 4RH,752
320331.128,670904.231899999,chemist,D. & A. Mackinnon Pharmacy,Class 1,Class 1,Class 1,Class 1,291 CALDER ROAD,EH11 4RH,753
320287.744,670888.4954,café,OZ Café,Class 1,Class 1,Class 3,Class 3,329 CALDER ROAD,EH11 4AH,754
320283.1447,670886.870100001,off license,2c 'Drink and Things',Class 1,Class 1,Class 1,Class 1,331 CALDER ROAD,EH11 4AH,755
320279.1633,670885.248600001,tanning studio,Tan Stand,Class 1,Class 1,Class 11,Class 11,333 CALDER ROAD,EH11 4AH,756
320272.0724,670882.3191,betting shop,William Hill, , ,Class 4,Class 2,335-337 CALDER ROAD,EH11 4AH,757
320265.9852,670879.4211,vacant,vacant,Class 1,Class 1,Class 1,Vacant,339 CALDER ROAD,EH11 4AH,758
320260.0575,670876.6382,grocer (lic.),Calder Road Food Store (Premier), , ,Class 1,Class 1,341-343 CALDER ROAD,EH11 4AH,759
320252.9573,670873.4211,hairdresser,Flair Hair and Beauty,Class 1,Class 1,Vacant,Class 1,345 CALDER ROAD,EH11 4AH,760
319699.6328,670712.2576,grocer / convenience store,Costcutter,Class 1,Class 1,Class 1,Class 1,483 CALDER ROAD,EH11 4AW,761
319701.3289,670705.7556,chemist,Lloyds Pharmacy,Class 1,Class 1,Class 1,Class 1,483A CALDER ROAD,EH11 4AW,762
319703.5905,670694.7305,public house,Artful Dodger,SUI GENERIS,SUI GENERIS,SUI GENERIS,SUI GENERIS,485 CALDER ROAD,EH11 4AW,763
319715.181,670690.2074,hot food take-away,Royal China,Vacant,Vacant,SUI GENERIS,SUI GENERIS,487 CALDER ROAD,EH11 4AW,764
319716.3118,670681.726500001,hot food take-away,Aldos Takeaway,Vacant,Vacant,SUI GENERIS,SUI GENERIS,487A CALDER ROAD,EH11 4AW,765
319708.1136,670677.486099999,hot food take-away (Chinese),Golden Shell,Vacant,SUI GENERIS,SUI GENERIS,SUI GENERIS,489 CALDER ROAD,EH11 4AW,766
319702.7424,670676.638,solicitors,Angus Mclennan & Co. Solicitors,Class 1,Class 1,Class 2,Class 2,489A CALDER ROAD,EH11 4AW,767
319687.7596,670674.093800001,baker,A. & J. Kelly,Class 1,Class 1,Class 1,Class 1,493 CALDER ROAD,EH11 4AW,768
319682.1731,670673.0,grocer,Sighthill General Store, , ,Class 1,Class 1,493A CALDER ROAD,EH11 4AW,769
319683.1982,670692.653899999,vacant,vacant, , ,Class 2,Vacant,495 CALDER ROAD,EH11 4AW,770
319681.823,670700.1017,n/t/c,R.S. McColl,Class 1,Class 1,Class 1,Class 1,497 CALDER ROAD,EH11 4AW,771
319680.6922,670705.472899999,"gifts, novelties",Best Bargain Store,Class 2,Class 2,Class 2,Class 1,499 CALDER ROAD,EH11 4AW,772
319671.646,670709.1479,car hire,Enterprise Rent-a-car,Class 1,Class 1,SUI GENERIS,SUI GENERIS,501 CALDER ROAD,EH11 4AW,773
319650,670773,vacant,vacant, , ,Vacant,Vacant,382 CALDER ROAD,EH11 4AS,774
324056.9785,672872.0,grocer & n/t/c,News R Us,Class 1,Class 1,Class 1,Class 1,14-16 CALEDONIAN CRESCENT,EH11 2AJ,775
323964.2552,672955.191400001,architects,CiAO (City Architects Office),Class 1,Class 4, ,Class 4,4 CALEDONIAN PLACE,EH11 2AS,776
323966.6488,672951.733999999,vacant,vacant,Class 1,Class 1,Class 4,Vacant,6 CALEDONIAN PLACE,EH11 2AS,777
325956.4533,674096.467900001,public house,Pivo, , ,SUI GENERIS,SUI GENERIS,2-6 CALTON ROAD,EH8 8DL,778
324866.2492,673394.252,public house,Traverse Theatre Café Bar, , ,SUI GENERIS,SUI GENERIS,10(1F) CAMBRIDGE STREET,EH1 2ED,779
324884.9986,673379.7542,restaurant,Atrium Restaurant, , ,Class 3,Class 3,(10A) CAMBRIDGE STREET,EH1 2ED,780
327537.4304,674353.513900001,t.v. aerial installation,Aerial-rite,Class 1,Class 4,Class 4,Class 4,1 CAMBUSNETHAN STREET,EH7 5TZ,781
327559.5214,674345.888699999,hairdresser,SuSu Barbers,Class 4,Vacant,Class 1,Class 1,4 CAMBUSNETHAN STREET,EH7 5UA,782
327553.0721,674398.5085,dwelling,dwelling,Vacant,Class 2,Vacant,Class 9, , ,783
327552.4901,674402.290999999,upholsterer,John White,UNKNOWN USE,Class 4,Class 4,Class 4,18 CAMBUSNETHAN STREET,EH7 5UA,784
324552.3202,671181.227499999,children's clothing & gifts (for young infants),Puri,Class 2,Class 2,Vacant,Class 1,1 CANAAN LANE,EH10 4SZ,785
325681.0222,673323.690400001,fortune telling,Tropical Rainbow, , ,Class 1,Class 1,19 CANDLEMAKER ROW,EH1 2QG,786
325679.4918,673327.3037,café,Candles,Vacant,Class 4,Class 2,Class 3,21 CANDLEMAKER ROW,EH1 2QG,787
325674.8178,673334.243000001,vacant,vacant,Class 1,Class 1,Class 4,Vacant,25 CANDLEMAKER ROW,EH1 2QG,788
325673.5526,673337.204399999,comics,Deadhead Comics,Class 1,Class 1,Class 1,Class 1,27 CANDLEMAKER ROW,EH1 2QG,789
325653.4089,673361.083000001,public house,Oz Bar, , ,SUI GENERIS,SUI GENERIS,31-33 CANDLEMAKER ROW,EH1 2QG,790
325617.4311,673378.204399999,antiques,Joys,Class 1,Class 1,Class 1,Class 1,39 CANDLEMAKER ROW,EH1 2QB,791
325621.9393,673376.348099999,art gallery,Portfolio,Class 1,Class 1,Class 1,Class 1, , ,792
325686.5956,673279.1215,vacant,vacant, , ,Class 1,Vacant,26B CANDLEMAKER ROW,EH1 2QE,793
325685.917,673285.386700001,public house,Greyfriars Bobby,SUI GENERIS,SUI GENERIS,SUI GENERIS,SUI GENERIS,30-34 CANDLEMAKER ROW,EH1 2QE,794
325673.3867,673306.5911,knitwear,Joyce Forsyth,Class 1,Class 1,Class 1,Class 1,42 CANDLEMAKER ROW,EH1 2QE,795
325670.1215,673312.060699999,restaurant (Japanese),Tang's,Class 1,Class 3,Class 3,Class 3,44 CANDLEMAKER ROW,EH1 2QE,796
325666.4474,673319.5911,clothing,Underground Nation,Class 1,Class 1,Class 1,Class 1,46 CANDLEMAKER ROW,EH1 2QE,797
325662.243,673327.2652,tattoo studio,Venus Flytrap Tattoo,Class 1,Class 2,Class 2,Class 2,50 CANDLEMAKER ROW,EH1 2QE,798
325658.7956,673331.7733,antiques,Still Life,Class 1,Class 1,Class 1,Class 1,54 CANDLEMAKER ROW,EH1 2QE,799
325655.1215,673336.0,books,Avizandum,Class 1,Vacant,Class 1,Class 1,56A CANDLEMAKER ROW,EH1 2QE,800
325652.2044,673338.1215,books,Avizandum,Class 1,Class 1,Class 1,Class 1,58 CANDLEMAKER ROW,EH1 2QE,801
325645.8563,673343.0,picture framimg,Mcdonald Framing,Class 1,Class 1,Class 4,Class 1,62-64 CANDLEMAKER ROW,EH1 2QE,802
325249.0886,675010.2531,vacant,vacant,SUI GENERIS,SUI GENERIS,SUI GENERIS,Vacant,12 CANON STREET,EH3 5HE,803
326724.3382,673919.661800001,gifts / souvenirs,Gifts of Scotland,Class 1,Class 1,Class 1,Class 1, , ,804
326709.7536,673909.9541,professional sound & lighting sysytems,Pegasus Sound & Light,Vacant,Class 4,Class 4,Class 4,23-25 CANONGATE,EH8 8BX,805
326696.1691,673902.9541,vacant,vacant,Class 1,Vacant,Vacant,Vacant,29 CANONGATE,EH8 8BS,806
326597.5845,673865.492699999,public house,Jenny Ha's,SUI GENERIS,SUI GENERIS,SUI GENERIS,SUI GENERIS,67 CANONGATE,EH8 8BS,807
326584.1691,673859.123199999,café & tea room,Clarinda's Tea Room,Class 3,Class 3,Class 3,Class 3,69 CANONGATE,EH8 8BS,808
326552.8768,673844.9541,gifts & souvenirs,The Genuine Article,Class 1,Class 1,Class 1,Class 1,97 CANONGATE,EH8 8BP,809
326535.2923,673837.8309,grocer,Canongate Stores,Class 1,Class 1,Class 1,Class 1,101 CANONGATE,EH8 8BP,810
326515.3382,673824.8309,gifts & souvenirs,I Love Edinburgh,Class 1,Class 1,Class 1,Class 1,125 CANONGATE,EH8 8BP,811
326502.8768,673819.9541,gifts & souvenirs,Neanie Scott,Class 1,Class 1,Class 1,Class 1,131 CANONGATE,EH8 8BP,812
326497.6159,673818.2004,gifts & souvenirs,Pride of Edinburgh,Class 1,Vacant,Class 1,Class 1,133-135 CANONGATE,EH8 8BP,813
326483.3382,673813.908199999,Christmas decorations,Ye Olde Christmas Shoppe,Class 1,Class 1,Class 1,Class 1,143-145 CANONGATE,EH8 8BN,814
326404.5073,673785.4781,public house,Tolbooth Tavern,SUI GENERIS,SUI GENERIS,SUI GENERIS,SUI GENERIS,167 CANONGATE,EH8 8BN,815
326394.5073,673784.3236,"jewellery, gifts",Historic Connections,Class 1,Class 1,Class 1,Class 1,173 CANONGATE,EH8 8BN,816
326386.6305,673780.615900001,second-hand books,The Old Children's Bookshelf,Class 1,Class 1,Class 1,Class 1,175 CANONGATE,EH8 8BN,817
326373.6305,673775.031300001,"old maps, prints",Carson Clark Gallery,Class 1,Vacant,Class 1,Class 1,181-183 CANONGATE,EH8 8BN,818
326360.7536,673766.400900001,soven,Prestige Scotland,Class 1,Class 1,Vacant,Class 1,187 CANONGATE,EH8 8BN,819
326396,673754,specialist whiskies,Cadenhead's Whisky Shop,Class 1,Class 1,Class 1,Class 1,172 CANONGATE,EH8 8DF,820
326282.0146,673721.492699999,café,Sugar Cube,Class 1,Class 1,Class 1,Class 3,204 CANONGATE,EH8 8DQ,821
326273.0,673718.338199999,n/t/c,News Plus,Class 1,Class 1,Class 1,Class 1,208 CANONGATE,EH8 8DQ,822
326261.2923,673714.659600001,public house,The Canon's Gait,SUI GENERIS,SUI GENERIS,SUI GENERIS,SUI GENERIS,232 CANONGATE,EH8 8DQ,823
326236.4133,673706.8266,restaurant,Pancho Villa's,Class 3,Class 3,Class 3,Class 3,240 CANONGATE,EH8 8AB,824
326212.2923,673703.137800001,grocer,Royal Mile General Grocer & Off License,Class 1,Class 1,Class 1,Class 1,244 CANONGATE,EH8 8AB,825
326209.3695,673702.8455,"tattoo studio, body piercing",Tribal Body Jewellery,Class 1,Class 1,Class 2,Class 2,248 CANONGATE,EH8 8AA,826
326203.6764,673702.3069,souvenirs,I Love Scotland,Class 1,Class 1,Class 1,Class 1,250 CANONGATE,EH8 8AA,827
326196.3695,673701.137800001,whisky and cigar specialist,Teasurer 1874,Class 1,Class 1,Class 1,Class 1,254 CANONGATE,EH8 8AA,828
326187.9235,673699.7552,public house,White Horse,SUI GENERIS,SUI GENERIS,SUI GENERIS,SUI GENERIS,266 CANONGATE,EH8 8AA,829
326182.2923,673698.983200001,"clothing, footwear",focus,Class 1,Class 1,Class 1,Class 1,270 CANONGATE,EH8 8AA,830
326178.785,673698.1064,fine art,Royal Mile Gallery,Class 1,Class 1,Class 1,Class 1,272 CANONGATE,EH8 8AA,831
326173.8163,673696.9373,café,Le Café Royal,Class 1,Vacant,Class 1,Class 3,274 CANONGATE,EH8 8AA,832
326168.6159,673695.553200001,mens clothing,Solo Menswear,Class 1,Class 1,Class 1,Class 1,276 CANONGATE,EH8 8AA,833
326164.524,673694.091800001,clothing,Ragamuffin,Class 1,Class 1,Class 1,Class 1,278 CANONGATE,EH8 8AA,834
325353.8371,675021.2324,public house,McLachlans,SUI GENERIS,SUI GENERIS,SUI GENERIS,SUI GENERIS,1 CANONMILLS,EH3 5HA,835
325333.279,675027.581,cafe,Russian Passion,Class 4,SUI GENERIS,SUI GENERIS,Class 3,5 CANONMILLS,EH3 5HA,836
325296.2148,675018.050899999,petrol filling station & shop,Esso,SUI GENERIS,SUI GENERIS,Class 1,Class 1,23 CANONMILLS,EH3 5HA,837
325242.3291,675051.3291,vacant,vacant,Class 1,Class 1,Class 1,Vacant,30 CANONMILLS,EH3 5LH,838
324561.1713,671685.401699999,residential letting agency,Alba Residential Property Management, , ,Class 2,Class 2,21-23 CHURCH HILL PLACE,EH10 4BE,839
324534.4298,671656.912900001,furniture & floor coverings,James Erskine,Class 1,Class 1,Class 1,Class 1,6-10 CHURCH HILL PLACE,EH10 4BD,840
324542.1405,671657.598300001,back office for retail furniture business,James Erskine,Class 1,Class 1,Class 1,Class 1,14 CHURCH HILL PLACE,EH10 4BD,841
324546.0815,671658.112400001,workshop for retail furniture business,James Erskine,Class 1,Class 1,Class 1,Class 1,16 CHURCH HILL PLACE,EH10 4BD,842
326202.5386,672830.2609,hairdresser (gents),Barbers 3-2-1,Class 1,Class 1,Class 1,Class 1,3 CLERK STREET,EH8 9JH,843
326229.7996,672778.6305,amusement centre,Slot Casino,Class 1,Class 11,Class 11,Class 11,21 CLERK STREET,EH8 9JH,844
326234.3695,672770.661800001,vacant,vacant, , ,Class 1,Vacant,25-29 CLERK STREET,EH8 9JH,845
326237.5845,672764.553200001,hot food take-away,Marmaris Restaurant,Class 3,SUI GENERIS,SUI GENERIS,SUI GENERIS,33-35 CLERK STREET,EH8 9JH,846
326239.3382,672761.338199999,hot food take-away,Marmaris Restaurant, , ,SUI GENERIS,SUI GENERIS, , ,847
326246.7077,672748.183700001,"clothing alterations, sewing, tailoring",Stitch Master,Class 2,Class 4,Class 1,Class 1,37 CLERK STREET,EH8 9JQ,848
326248.7536,672744.384099999,hairdresser (gents),Bailey's Barber,Class 1,Class 1,Class 1,Class 1,39 CLERK STREET,EH8 9JQ,849
326251.0918,672740.876800001,grocer,Superstores, , ,Class 1,Class 1,43 CLERK STREET,EH8 9JQ,850
326253.43,672737.077299999,Barnardo's,Barnardo's,Class 1,Class 1,Class 1,Class 1,45 CLERK STREET,EH8 9JQ,851
324217.8871,674687.225099999,hairdresser,Dream Hairdressing,Class 1,Class 1,Class 1,Class 1,17 COMELY BANK ROAD,EH4 1DS,852
324207.831,674689.323999999,wine merchant & florist,Raeburn Fine Wines, , ,Class 1,Class 1,21-23 COMELY BANK ROAD,EH4 1DS,853
326227.6305,672842.215,hot food take-away (Turkish),Istanbul Kebabs, , ,SUI GENERIS,SUI GENERIS,6-8 CLERK STREET,EH8 9HX,854
326231.8622,672834.091800001,nail salon,USA Nails,Class 1,Class 1,Class 1,Class 1,10 CLERK STREET,EH8 9HX,855
326233.9082,672829.707699999,fishmonger,Welch's Quality Fish,Class 1,Class 1,Class 1,Class 1,12 CLERK STREET,EH8 9HX,856
326235.9541,672825.3236,Chinese medicine and acupunture,Acuremedy,Class 1,Class 1,Class 2,Class 2,16 CLERK STREET,EH8 9HX,857
326239.4468,672818.922700001,public house,Wm. McEwan's Ale House,SUI GENERIS,SUI GENERIS,SUI GENERIS,SUI GENERIS,18-24 CLERK STREET,EH8 9HX,858
326241.785,672814.5386,n/t/c,Capital Newsagents,Class 1,Class 1,Class 1,Class 1,26 CLERK STREET,EH8 9HX,859
326244.4155,672810.446799999,restaurant (Malaysia),Kampong Ah Lee,Class 3,SUI GENERIS,Class 3,Class 3,28 CLERK STREET,EH8 9HX,860
326247.4468,672804.553200001,betting shop,William Hill,Class 2,Class 2,Class 2,Class 2,30-32 CLERK STREET,EH8 9HX,861
326249.4927,672799.876800001,vacant,vacant,Class 1,Class 1,Class 1,Vacant,36 CLERK STREET,EH8 9HX,862
326252.1232,672795.2004,vacant,vacant,Class 1,Class 1,Class 1,Vacant,38 CLERK STREET,EH8 9HX,863
326255.9854,672788.8309,clothing accessories,Unico,Class 2,Class 2,Class 1,Class 1,40 CLERK STREET,EH8 9HX,864
326259.4927,672783.862199999,vacant,vacant,Class 1,Class 1,Class 1,Vacant,42-44 CLERK STREET,EH8 9HX,865
326280.0773,672745.816299999,ladies clothes,Khorwa,Class 1,Class 1,Class 2,Class 1,52 CLERK STREET,EH8 9JB,866
326282.57,672740.4614,vacant,vacant,Class 1,Class 1,Vacant,Vacant,54 CLERK STREET,EH8 9JB,867
324408.1124,670614.657299999,antique clocks & barometers,Craiglea Clocks,Vacant,Class 1,Class 1,Class 1,88 COMISTON ROAD,EH10 5QJ,868
324406.5702,670610.0309,grocer,Avenue Stores,Class 1,Class 1,Class 1,Class 1,90 COMISTON ROAD,EH10 5QJ,869
324397.5674,670583.5112,hairdresser,LA Hair Solutions,Class 1,Class 1,Class 1,Class 1,92 COMISTON ROAD,EH10 5QL,870
324396.368,670579.741599999,"bric-a-brac, furniture, curios",no name on fascia,Class 1,Vacant,Class 1,Class 1,94 COMISTON ROAD,EH10 5QL,871
324395.3399,670576.3146,chiropractor,Morningside Chiropractic,Class 1,Class 1,Class 2,Class 2, , ,872
324394.1405,670572.202199999,hairdresser,Studio 2,Vacant,Class 1,Class 1,Class 1,98 COMISTON ROAD,EH10 5QL,873
324346.8848,670437.657299999,veterinary surgery,Animac Veterinary Group,Class 2,Class 2,Class 2,Class 2, , ,874
324345.6854,670434.3708,building services engineers,Taylor Associates,Class 1,Class 4,Class 4,Class 4,130 COMISTON ROAD,EH10 5QN,875
324344.2275,670429.997199999,fire damage services,Completecare (Scotland) Ltd.,Class 1,Class 1,Class 4,Class 4,134 COMISTON ROAD,EH10 5QN,876
324342.6854,670424.932600001,computer learning centre,One 36 computing,Class 1,Class 2,Class 4,Class 4,136 COMISTON ROAD,EH10 5QN,877
325219.8605,675066.0634,fireplaces,Fireplace Design,Class 1,Class 1,Class 1,Class 1,1 CANONMILLS BRIDGE,EH3 5LF,878
325216.1011,675068.569700001,hot food take-away,Bollywood Bites,Class 1,SUI GENERIS,SUI GENERIS,SUI GENERIS,2 CANONMILLS BRIDGE,EH3 5LF,879
325207.7469,675074.0,delicatessen and restaurant (Greek),Dionika,Class 1,Class 1,Class 1,Class 1,3-6 CANONMILLS BRIDGE,EH3 5LF,880
327812.5809,668261.838099999,beauty salon,Beautiful U, , ,Class 1,Class 1,62 CAPTAIN'S ROAD,EH17 8HN,881
326823.1865,674294.383400001,dwelling,dwelling, , ,Class 1,Class 9, , ,882
324998.6647,673799.4537,florist (kiosk),Juice Almightly,Class 3,Vacant,Class 1,Class 1,5 CASTLE STREET,EH2 3AH,883
324994.6118,673809.793400001,building society,Northern Rock,Class 1,Class 2,Class 2,Class 2,9 CASTLE STREET,EH2 3AH,884
324993.625,673812.675000001,day spa,Serenity in the City,Class 1,Class 3,Vacant,Class 1,9A CASTLE STREET,EH2 3AH,885
324990.6001,673823.506200001,coffee shop,Costa Coffee,Class 1,Class 2,Class 2,Class 3,13A CASTLE STREET,EH2 3AH,886
324989.2876,673828.612600001,restaurant,Pizza Hut,Class 3,Class 3,Class 3,Class 3,15 CASTLE STREET,EH2 3AH,887
324987.9762,673832.312100001,restaurant (Chinese),Orchid Lodge,Class 3,Class 3,Class 3,Class 3,15A CASTLE STREET,EH2 3AH,888
324985.4688,673840.3375,building society,Cheltenham & Gloucester, , ,Class 2,Class 2,19 CASTLE STREET,EH2 3AH,889
324983.2324,673855.855900001,wine merchant,Best One,Class 1,Class 1,Class 1,Class 1,21(GF10) CASTLE STREET,EH2 3DN,890
324982.1412,673859.752900001,restaurant (Chinese),Golden Dragon,Class 3,Class 3,Class 3,Class 3,21(GF20) CASTLE STREET,EH2 3DN,891
324980.2971,673865.8177,"leather goods, shoe repairs, key cutting",H. Robertson,Class 1,Class 1,Class 1,Class 1,21A CASTLE STREET,EH2 3DN,892
324978.1412,673872.661800001,"charity shop (hand-knitted clothing, craft goods)",The Treasure Trove (Royal Edinburgh Repository & Self Aid Society),Class 1,Class 1,Class 1,Class 1,23(GF) CASTLE STREET,EH2 3DN,893
324975.8059,673880.0912,café & take-away food,Pret a Manger, , ,Class 3,Class 3,25 CASTLE STREET,EH2 3DN,894
324974.2706,673885.0383,"wall & floor tiles, interior décor",Fired Earth,Class 1,Class 1,Class 1,Class 1,29 CASTLE STREET,EH2 3DN,895
324970.8177,673895.2853,vacant,vacant,Class 1,Class 1,Class 1,Vacant,31 CASTLE STREET,EH2 3DN,896
324969.4147,673900.429400001,restaurant,Oloroso, , ,Class 3,Class 3,33(3F1) CASTLE STREET,EH2 3DN,897
324966.5812,673788.675000001,mens clothing,High & Mighty,Class 1,Class 1,Class 1,Class 1,4 CASTLE STREET,EH2 3AT,898
324964.0624,673797.012499999,footwear,Duo,Class 1,Class 1,Class 1,Class 1,6(GF)-8 CASTLE STREET,EH2 3AT,899
324959.9062,673814.8687,adventure travel agents,Trailfinders,Class 1,Class 1,Class 1,Class 1,14 CASTLE STREET,EH2 3AT,900
324946.2381,673858.7676,restaurant,T.G.I. Fridays,Class 1,Vacant,Class 3,Class 3,26 CASTLE STREET,EH2 3HT,901
324937.7941,673890.1677,mens clothing,Thomas Pink,Class 1,Class 1,Class 1,Class 1,32A CASTLE STREET,EH2 3HT,902
324939.5706,673884.8824,florist,Flowers by Maxwell,Class 1,Class 1,Class 1,Class 1,32B CASTLE STREET,EH2 3HT,903
324767.7504,673506.4998,bank,Bank of Scotland / HBOS, , ,Class 2,Class 2,1 CASTLE TERRACE,EH1 2DP,904
324992.7485,673309.7489,restaurant,Castle Terrace, , ,Class 3,Class 3,33 CASTLE TERRACE,EH1 2EL,905
324983.4998,673292.251499999,restaurant (Italian),Il Castello Ristorante & Pizzeria, , ,Class 3,Class 3,36 CASTLE TERRACE,EH1 2EL,906
325457.215,673533.354900001,gifts,Castle Gift Shop,Class 1,Class 1,Class 1,Class 1,539 CASTLEHILL,EH1 2ND,907
325454.5845,673532.185900001,café,Castle Tea Room,Class 3,Class 3,Class 3,Class 3,539A CASTLEHILL,EH1 2ND,908
325449.5845,673530.5386,café,Café International, , ,Class 3,Class 3,541 CASTLEHILL,EH1 2ND,909
325123,673438,restaurant,Sodexho, , ,Class 3,Class 3,(364) CASTLEHILL,EH1 2NG,910
323629.6207,672890.241599999,vacant,vacant,Vacant,Vacant, ,Vacant,26 CATHCART PLACE,EH11 2HE,911
328359.2322,672700.0,public house,Sheep's Heid,SUI GENERIS,SUI GENERIS,SUI GENERIS,SUI GENERIS,43 THE CAUSEWAY,EH15 3QA,912
326288.57,672390.876800001,n/t/c,J & N News,Class 1,Class 1,Class 1,Class 1,17 CAUSEWAYSIDE,EH9 1QF,913
326290.0313,672385.615900001,restaurant,Hewat's,Class 1,Class 1,Class 3,Class 3,19 CAUSEWAYSIDE,EH9 1QF,914
326294.9708,672371.3047,public house,Victoria Bar,SUI GENERIS,SUI GENERIS,SUI GENERIS,SUI GENERIS,25-27 CAUSEWAYSIDE,EH9 1QF,915
326298.3695,672361.707699999,chiropodist,Feet First,Class 4,Class 2,Class 2,Class 2, , ,916
326311.8309,672348.246400001,wine merchant,Majestic Wines, , ,Class 1,Class 1,39 CAUSEWAYSIDE,EH9 1QF,917
326308.2004,672334.753599999,florist,Lorraine Graham Flowers,Class 1,Class 1,Class 1,Class 1,45 CAUSEWAYSIDE,EH9 1QF,918
326310.8309,672328.031300001,restaurant,Celadon Thai Restaurant, , ,Class 3,Class 3,49-51 CAUSEWAYSIDE,EH9 1QF,919
326313.2004,672320.492699999,beauty salon,True Thai,Class 1,Class 1, ,Class 1,55 CAUSEWAYSIDE,EH9 1QF,920
326314.253,672317.3051,chairs,The Chair Woman, , ,Class 1,Class 1,57 CAUSEWAYSIDE,EH9 1QF,921
326318.6208,672306.2349,solicitors (defence),D'Alvito,Class 1,Class 1,Class 1,Class 2,63 CAUSEWAYSIDE,EH9 1QF,922
326319.9082,672303.077299999,antiques,Allan K.L Jackson,Vacant,Class 1,Class 1,Class 1,67 CAUSEWAYSIDE,EH9 1QF,923
326324.2004,672293.077299999,vacant,vacant,Class 2,Class 1,Vacant,Vacant, , ,924
326326.2004,672287.292300001,dwelling,dwelling,Class 1,Class 1,Vacant,Class 9, , ,925
326344,672260,vacant,vacant,Class 1,Class 1,Vacant,Vacant,89 CAUSEWAYSIDE,EH9 1QG,926
326344,672260,bagpipes,Kilberry Bagpipes,Class 4,Class 2,Vacant,Class 1,93 CAUSEWAYSIDE,EH9 1QG,927
326348,672242,restaurant,Sambuca,Class 1,Class 1,Class 3,Class 3,99 CAUSEWAYSIDE,EH9 1QG,928
326349,672237,restaurant,Sambuca, , ,Class 3,Class 3,101-103 CAUSEWAYSIDE,EH9 1QG,929
326407.611,672036.9769,antique & reproduction furniture,Vintage & Reclaimed,Class 1,Class 1,Class 1,Class 1,179-181 CAUSEWAYSIDE,EH9 1PH,930
326408.4582,672034.4352,hairdresser,Hair by Colours, , ,Class 1,Class 1, , ,931
326409.5879,672031.8934,antique furniture,Millers Antique Furniture,Class 1,Class 1, ,Class 1,189 CAUSEWAYSIDE,EH9 1PH,932
326410.6889,672029.4726,roofing contractors,KM Contracts,Class 1,Class 4,Class 1,Class 4,191 CAUSEWAYSIDE,EH9 1PH,933
326432,671971,hot food take-away,The Pizza Factory, , ,SUI GENERIS,SUI GENERIS,223 CAUSEWAYSIDE,EH9 1PH,934
326442.4869,671948.363600001,public house,Old Bell Inn,SUI GENERIS,SUI GENERIS,SUI GENERIS,SUI GENERIS,233 CAUSEWAYSIDE,EH9 1PH,935
326440.3286,671953.0231,restaurant,New Bell Restaurant, , ,Class 3,Class 3,233/1 CAUSEWAYSIDE,EH9 1PH,936
326287.5845,672319.338199999,vacant,vacant,Class 1,Class 4,Vacant,Vacant,56 CAUSEWAYSIDE,EH9 1PY,937
326300.8141,672293.091800001,hotel,Borough Hotel,SUI GENERIS,Vacant, ,Demolished,72-80 CAUSEWAYSIDE,EH9 1PY,938
326306.0459,672278.123199999,vacant,vacant,Class 1,Class 1,Vacant,Vacant,84 CAUSEWAYSIDE,EH9 1PY,939
326322,672238,home cinema/ fire & security,The IQ Company,Class 1,Class 1,Class 1,Class 1,100 CAUSEWAYSIDE,EH9 1PU,940
326322,672238,antiques,Antiques & Stuff,Class 1,Vacant,Class 1,Class 1,102 CAUSEWAYSIDE,EH9 1PU,941
326322,672238,furniture renovation workshop,no name on fascia,Class 1,Class 1,Class 1,Class 1,106-108 CAUSEWAYSIDE,EH9 1PU,942
326328,672224,sporran maker,Wm. E Scott,Class 4,Vacant,Class 4,Class 4,110-112 CAUSEWAYSIDE,EH9 1PU,943
326331,672214,public house,Wayside,SUI GENERIS,SUI GENERIS,SUI GENERIS,SUI GENERIS,114 CAUSEWAYSIDE,EH9 1PU,944
326326.4614,672185.292300001,lighting & furniture,Cotterell Light Centres, , ,Class 1,Class 1,122 CAUSEWAYSIDE,EH9 1PU,945
326347.1232,672151.123199999,public house,Bierex,SUI GENERIS,SUI GENERIS,SUI GENERIS,SUI GENERIS,130-132 CAUSEWAYSIDE,EH9 1PR,946
326360.8768,672092.384099999,bathroom showroom,Broscolo Bathrooms, , ,Vacant,Class 1,156 CAUSEWAYSIDE,EH9 1PR,947
326367.0459,672072.0,supermarket,Tesco Express, , ,Vacant,Class 1,158 CAUSEWAYSIDE,EH9 1PR,948
326381.5648,672039.0461,furnishing foam,The Foam Centre, , ,Class 1,Class 1,176 CAUSEWAYSIDE,EH9 1PN,949
326384.2824,672031.0835,vacant,vacant,Vacant,Class 1,Class 1,Vacant,180 CAUSEWAYSIDE,EH9 1PN,950
326385.4121,672028.259299999,hairdresser (gents),Baxters The Barber,Class 1,Class 1,Class 1,Class 1,182 CAUSEWAYSIDE,EH9 1PN,951
326386.611,672025.129699999,take-away food,Grange Take-Away, , ,Class 1,Class 1,186 CAUSEWAYSIDE,EH9 1PN,952
326389.0231,672019.4352,physiotherapist,Lippstreu Physiotherapy, , ,Class 1,Class 2,188 CAUSEWAYSIDE,EH9 1PN,953
326390.8242,672015.236300001,restaurant (indian & Bangladeshi),Pataka,Class 1,Class 3,Class 3,Class 3,190 CAUSEWAYSIDE,EH9 1PN,954
326386.1066,671924.5648,n/a,n/a, , ,Class 1,UNKNOWN USE,250 CAUSEWAYSIDE,EH9 1UU,955
326391.5187,671911.9769,n/a,n/a, , ,Class 1,UNKNOWN USE,252 CAUSEWAYSIDE,EH9 1UU,956
326049.7369,673737.0,café,Forsyth's Tea Room,SUI GENERIS,Class 3,Class 3,Class 3,"1 CHALMERS CLOSE, ( 81 HI",EH1 1SS,957
325974.0605,673424.0459,public house,The Jazz Bar, , ,SUI GENERIS,SUI GENERIS,1A CHAMBERS STREET,EH1 1HR,958
325964.6013,673421.279899999,hi-fi equipment,Richer Sounds,Class 1,Class 1,Class 1,Class 1,1B CHAMBERS STREET,EH1 1HR,959
325731.5911,673342.530400001,restaurant & public house,Revolution, , ,Class 3,Class 3,30A CHAMBERS STREET,EH1 1HU,960
325706.083,673338.5526,vacant,vacant (formerly Bank of Scotland / HBOS), , ,Class 2,Vacant,32 CHAMBERS STREET,EH1 1HU,961
325721.7289,673338.8178,restaurant,The Tower, , ,Class 3,Class 3,(44A) CHAMBERS STREET,EH1 1JD,962
326028,673037,coffee shop,Coffee etc.,Class 4,Vacant,Class 3,Class 3,4 CHAPEL STREET,EH8 9AY,963
326028,673037,café & sandwich bar,Nile Valley Café,Class 3,Class 3,Class 3,Class 3,6 CHAPEL STREET,EH8 9AY,964
326028,673037,café,Sarbosito,Class 1,Class 1,Class 1,Class 3,10 CHAPEL STREET,EH8 9AY,965
326028,673026,restaurant,Buffalo Grill, , ,Class 3,Class 3,12-14 CHAPEL STREET,EH8 9AY,966
324556.964,673777.744899999,restaurant & public house,Indigo Yard,Class 3,Class 3,Class 3,Class 3,7 CHARLOTTE LANE,EH2 4QZ,967
324566.6072,673790.4131,public house,SYGN, , ,Class 3,SUI GENERIS,15 CHARLOTTE LANE,EH2 4QZ,968
321867.118,671601.578299999,bank,Royal Bank of Scotland,Class 2,Class 2,Class 2,Class 2,1 CHESSER AVENUE,EH14 1TB,969
324522.7725,671681.286499999,plumbers,NAC Plumbing & Heating,Class 2,Class 2,Class 2,Class 4,3 CHURCH HILL PLACE,EH10 4BE,970
324527.0562,671681.6292,beauty salon,Holly Blue Nails & Beauty,Class 1,Class 1,Class 11,Class 1,5 CHURCH HILL PLACE,EH10 4BE,971
324534.1433,671682.2303,homeware,Jonathan Avery Design, , ,Class 1,Class 1,7-9 CHURCH HILL PLACE,EH10 4BE,972
324543.2865,671683.3455,vacant,vacant, , ,Class 1,Vacant,13-15 CHURCH HILL PLACE,EH10 4BE,973
324554.3989,671684.573000001,funeral directors,Barclays, , ,Vacant,Class 1,17 CHURCH HILL PLACE,EH10 4BE,974
326256.2464,672732.229599999,curios,Apothecary,Class 1,Class 1,Vacant,Class 1,47 CLERK STREET,EH8 9JQ,975
326258.0,672728.43,greeting cards & gifts,The Paper Gallery,Class 4,Class 1,Class 1,Class 1,49 CLERK STREET,EH8 9JQ,976
326260.3382,672723.753599999,restaurant (Indian),Tikka Mahal,Class 3,Class 3,Class 3,Class 3,53 CLERK STREET,EH8 9JQ,977
326262.3841,672719.9541,vacant,vacant,Class 1,Class 2,Class 2,Vacant,55 CLERK STREET,EH8 9JQ,978
326264.9541,672714.645099999,hot food take-away (chinese),Giligula,Class 1,SUI GENERIS,Class 3,SUI GENERIS,57 CLERK STREET,EH8 9JQ,979
326266.7077,672711.137800001,videotape hire,Vogue Video,Class 1,Class 1,Class 1,Class 1,59 CLERK STREET,EH8 9JQ,980
326269.0459,672707.338199999,restaurant,Indian Mela,Class 3,Class 3,Class 3,Class 3,63 CLERK STREET,EH8 9JQ,981
326271.0918,672703.5386,hairdresser,Gordon Black,Class 1,Class 1,Class 1,Class 1,65 CLERK STREET,EH8 9JQ,982
326274.0,672699.014599999,café,Brawbles Café,Class 1,Class 1,Class 3,Class 3,67 CLERK STREET,EH8 9JG,983
326276.3382,672695.215,Record Shak,Record Shak,Class 1,Class 1,Class 1,Class 1,69 CLERK STREET,EH8 9JG,984
326277.7996,672691.707699999,gifts,Gallery Workshop,Class 2,Class 2,Class 1,Class 1,73 CLERK STREET,EH8 9JG,985
326279.8455,672689.077299999,delicatessen,Bonningtons Delicatessen,Class 1,Class 1,Class 1,Class 1,75 CLERK STREET,EH8 9JG,986
326283.5386,672683.229599999,public house,The Grapes,SUI GENERIS,SUI GENERIS,SUI GENERIS,SUI GENERIS,77 CLERK STREET,EH8 9JG,987
326285.8768,672677.6764,Mobile Phone and Computer Repair Centre,Mobile Phone and Computer Repair Centre,Class 1,Class 1,Class 1,Class 1,83 CLERK STREET,EH8 9JG,988
326223.2318,672850.599099999,hairdresser & beauty salon,Ruby Rouge,Class 1,Class 1,Class 1,Class 1,2 CLERK STREET,EH8 9HX,989
322933.3251,673278.6291,beauty salon + podiatry service,Murrayfield Beauty Therapy & Podiatry,Class 1,Class 1,Class 1,Class 1,8 COLTBRIDGE AVENUE,EH12 6AH,990
322937.8199,673287.3376,builders / joiners,James Swan,Class 4,Vacant,Class 1,Class 4,14 COLTBRIDGE AVENUE,EH12 6AH,991
322940.1679,673291.3628,artist / printmaker,Atelier 16,Class 1,Class 4,Class 4,Class 4,16 COLTBRIDGE AVENUE,EH12 6AH,992
323558,674650,bank,Bank of Scotland, , ,Class 2,Class 2,43 COMELY BANK,EH4 1AF,993
323671,674683,supermarket - large,Waitrose, ,Class 1,Class 1,Class 1,38 COMELY BANK,EH4 1AF,994
324089.1679,674568.2092,building services,Modus,Class 1,Class 1,Vacant,Class 4,35 COMELY BANK AVENUE,EH4 1ES,995
324005.6703,674711.059800001,hairdresser,Presion,Class 1,Class 1,Class 1,Class 1,4 COMELY BANK AVENUE,EH4 1EL,996
324007.3874,674706.750299999,n/t/c,G Alonzi Newsagent,Class 1,Class 1,Class 1,Class 1,6 COMELY BANK AVENUE,EH4 1EL,997
324008.6889,674702.6525,glaziers,CBG Glazing,Class 1,Class 1,Class 4,Class 4,8 COMELY BANK AVENUE,EH4 1EL,998
324010.5225,674698.0715,physiotherapy clinic,Taylor Physiotherapy, , ,Class 2,Class 2,10-12 COMELY BANK AVENUE,EH4 1EL,999
324012.6508,674692.1041,financial services,Independent Financial Advisor,Class 1,Class 4,Class 2,Class 2,16 COMELY BANK AVENUE,EH4 1EL,1000
324014.1974,674688.145099999,hairdresser,Ruth Ball,Class 1,Class 1,Class 1,Class 1,18 COMELY BANK AVENUE,EH4 1EL,1001
324142.0,674590.5492,dwelling,dwelling,Class 1,Class 1,Vacant,Class 9, , ,1002
324096.6394,674577.6435,sauna,The Gentleman's Club,Class 11,Class 11,Class 11,Class 11,43-45 COMELY BANK PLACE,EH4 1ER,1003
324091.6352,674575.823799999,hairdresser,Murrayhead Organics,Class 1,Class 1,Class 1,Class 1,49 COMELY BANK PLACE,EH4 1ER,1004
324088.9098,674601.180299999,dwelling,dwelling,Class 1,Class 1,Class 1,Class 9, , ,1005
324269.0841,674680.535,restaurant,Wine & Bistro Bar,Class 1,Class 3,Class 3,Class 3, , ,1006
324264.352,674681.380100001,"hot food take-away (fish & chips, pizzas, burgers)",Franco's, , ,SUI GENERIS,SUI GENERIS,5-7 COMELY BANK ROAD,EH4 1DR,1007
324253.028,674683.183,charity shop,St. Columba's Wardrobe,Class 1,Class 1,Class 1,Class 1,9 COMELY BANK ROAD,EH4 1DR,1008
324248.465,674684.028000001,toys,Toys Galore,Class 1,Class 1,Vacant,Class 1,13 COMELY BANK ROAD,EH4 1DR,1009
324222.6192,674686.211100001,DVD hire,Blockbuster Video,Class 1,Class 1,Class 1,Class 1,15 COMELY BANK ROAD,EH4 1DS,1010
326355.8768,672522.4322,hot food take-away,Maesto's (opening 2010), , ,Class 1,SUI GENERIS,54A CLERK STREET,EH8 9JB,1011
326287.0045,672733.4965,musical,Music @ Mevtaylors, , ,Class 11,Class 1,58 CLERK STREET,EH8 9JB,1012
326291.9227,672725.2631,print cartridges,Capital Cartridges,Class 2,Class 1,Class 1,Class 1,60 CLERK STREET,EH8 9JB,1013
326294.2004,672720.3236,hair and beauty salon,Eva's,Vacant,Class 1,Class 1,Class 1,62 CLERK STREET,EH8 9JB,1014
326296.8309,672715.354900001,retro & second-hand clothing,W. Armstrong & Son,Class 1,Class 1,Class 1,Class 1,64-66 CLERK STREET,EH8 9JB,1015
320026.2047,674670.925000001,dwelling,dwelling,Class 1,Class 1,Class 1,Class 9, , ,1016
320022.9453,674667.406199999,dwelling,dwelling,Class 1,Class 1,Class 1,Class 9,22 CLERMISTON GROVE,EH4 7DE,1017
320010.7234,674653.129699999,vacant,vacant,Class 1,Class 1,Vacant,Vacant,32 CLERMISTON GROVE,EH4 7DE,1018
320101.3291,672947.304,building contractors,Apex Building Services,Class 1,Class 1,Vacant,Class 4,5 CLERMISTON ROAD,EH12 6XG,1019
320100.9937,672950.9937,hairdresser,Sher,Class 1,Class 1,Class 1,Class 1,7 CLERMISTON ROAD,EH12 6XG,1020
323992.7297,673223.703500001,car hire,Mitchell's Hire Drive,Class 1,SUI GENERIS,SUI GENERIS,SUI GENERIS,9 CLIFTON TERRACE,EH12 5DR,1021
323985.8634,673224.068299999,vacant,vacant,Class 1,Class 1,Class 1,Vacant,11 CLIFTON TERRACE,EH12 5DR,1022
323980.391,673224.4331,restaurant,La Bruschetta,Class 3,Class 3,Class 3,Class 3,13 CLIFTON TERRACE,EH12 5DR,1023
323974.9186,673224.798,"hot food take-away (fish & chips, pizzas, kebabs)",The Clifton,Class 1,SUI GENERIS,SUI GENERIS,SUI GENERIS,10 CLIFTON TERRACE,EH12 5DR,1024
323968.0,673224.9869,ceramic tiles,Ceramic Tile Clearance Warehouse,Class 1,Class 1,Class 1,Class 1,14-15 CLIFTON TERRACE,EH12 5DR,1025
312461,672507,petrol filling station & shop,Esso / Spar, , ,Class 1,Class 1,1 CLIFTONHALL ROAD,EH28 8LQ,1026
312497,672516,restaurant & hot food take-away,McDonalds, , ,Class 3,Class 3,2 CLIFTONHALL ROAD,EH28 8PW,1027
320302,669485,grocer,Londis,Class 1,Class 1,Class 1,Class 1,3 CLOVENSTONE PARK,EH14 3BG,1028
326759.1065,676543.259099999,sports equipment & clothing,Sports Warehouse, , ,Class 1,Class 1,24/26 COBURG STREET,EH6 5HB,1029
326629.6344,676511.263900001,restaurant,The Water of Leith Bistro,SUI GENERIS,Class 3,Class 3,Class 3,52 COBURG STREET,EH6 6HJ,1030
326553.9528,676475.727700001,vacant,vacant, , ,Vacant,Vacant,78-80 COBURG STREET,EH6 6HJ,1031
326541.1046,676469.398,vacant,vacant,Vacant,Vacant,Vacant,Vacant,86 COBURG STREET,EH6 6HJ,1032
325836.94,674749.635399999,office,Andrew Houston,Class 2,Class 2, ,Class 4, , ,1033
325725,673719,gifts,Cutie House,Class 1,Class 1,Class 1,Class 1,5 COCKBURN STREET,EH1 1BP,1034
325729.0,673716.4155,take-away food,Toddle In,SUI GENERIS,Class 1,Class 1,Class 1,7 COCKBURN STREET,EH1 1BP,1035
325735.0,673714.077299999,records,Underground Solu'shn,Vacant,Vacant,Class 1,Class 1,9 COCKBURN STREET,EH1 1BP,1036
325745.4614,673711.615900001,public house,Malt Shovel,SUI GENERIS,SUI GENERIS,SUI GENERIS,SUI GENERIS,11-15 COCKBURN STREET,EH1 1BP,1037
325756.5678,673711.615900001,public house,Ecco Vino,SUI GENERIS,SUI GENERIS,SUI GENERIS,SUI GENERIS,19 COCKBURN STREET,EH1 1BP,1038
325763.4614,673712.2004,ladies clothing,Pie In The Sky,Class 1,Class 1,Class 1,Class 1,21 COCKBURN STREET,EH1 1BP,1039
325770.2923,673713.031300001,art gallery,Stills Gallery,Class 1,Class 1,Class 1,Class 1, , ,1040
325780.215,673713.5845,restaurant (Italian),La Rusticana, , ,Class 3,Class 3,25 COCKBURN STREET,EH1 1BP,1041
325783.7077,673713.876800001,clothing (urban sports),Route 1, , ,Class 1,Class 1,29 COCKBURN STREET,EH1 1BP,1042
325777.1545,673713.292300001,ladies clothing,Cookie, , ,Class 1,Class 1, , ,1043
325795.7536,673715.2004,"toys, gifts",Supa Kuro,Class 1,Class 1,Class 1,Class 1,29A-33 COCKBURN STREET,EH1 1BP,1044
325803.8309,673715.785,"homeware, interior décor",Eden,Class 1,Class 1,Class 1,Class 1,37-39 COCKBURN STREET,EH1 1BP,1045
325814.0,673716.077299999,restaurant (Mexican),Viva Mexico,Class 1,Class 3,Class 3,Class 3,41 COCKBURN STREET,EH1 1BS,1046
325820.4155,673715.492699999,ladies & mens clothing,Liberation,Class 1,Vacant,Class 1,Class 1,45 COCKBURN STREET,EH1 1BS,1047
325827.5386,673715.077299999,"greeting cards, gifts",Lava,Class 1,Vacant,Class 1,Class 1,47 COCKBURN STREET,EH1 1BS,1048
325832.5845,673714.123199999,"antiques - jewellery, coins, medals etc.",D.L. Cavanagh,Class 1,Class 1,Class 1,Class 1,49 COCKBURN STREET,EH1 1BS,1049
325839.7077,673712.9541,"leather & rubber clothing, novelty goods",Whiplash Trash,Class 1,Class 1,Class 1,Class 1,53 COCKBURN STREET,EH1 1BS,1050
325846.0,673711.615900001,"gifts, souvenirs",Forever Scotland,Class 1,Class 1,Class 1,Class 1,55 COCKBURN STREET,EH1 1BS,1051
325852.5073,673710.507300001,"jewellery, ornaments",Enchantment,Class 1,Class 1,Class 1,Class 1,57 COCKBURN STREET,EH1 1BS,1052
325856.4468,673709.753599999,take-away food,Café Marina,Class 1,Class 1,Class 1,Class 1,61 COCKBURN STREET,EH1 1BS,1053
325863.2923,673708.292300001,"records, tapes, cds",Avalanche Records, , ,Class 1,Class 1,63 COCKBURN STREET,EH1 1BS,1054
325873.1691,673707.123199999,café,Southern Cross Café, , ,Class 3,Class 3,65(GF) COCKBURN STREET,EH1 1BU,1055
325881.785,673701.927100001,n/t/c,Paper Rack,Class 1,Class 1,Class 1,Class 1,65A COCKBURN STREET,EH1 1BU,1056
325901.785,673674.0459,public house,Scotsmans Lounge,SUI GENERIS,SUI GENERIS,SUI GENERIS,SUI GENERIS,73 COCKBURN STREET,EH1 1BU,1057
325802.5073,673691.6305,art gallery,Collective Gallery, , ,Class 1,Class 1, , ,1058
325819.4155,673690.922700001,information office (drugs etc.),Crew,Class 1,Class 2,Class 2,Class 2,32 COCKBURN STREET,EH1 1PB,1059
325825.7077,673690.753599999,"clothes, shoes, curios",Do You Do Voodoo,Class 1,Class 1,Class 1,Class 1,34 COCKBURN STREET,EH1 1PB,1060
325831.8768,673689.922700001,whisky specialist,Whisky World,Class 1,Class 1,Class 1,Class 1,36 COCKBURN STREET,EH1 1PB,1061
325838.5386,673688.876800001,grocer,Mama Said Food,Class 1,Class 1,Class 1,Class 1,40 COCKBURN STREET,EH1 1PB,1062
325847.5845,673687.5845,household goods,Old Town Context,Class 1,Class 3,Class 1,Class 1,42-44 COCKBURN STREET,EH1 1PB,1063
325857.785,673684.768200001,public house,Arcade Bar,SUI GENERIS,SUI GENERIS,SUI GENERIS,SUI GENERIS,48 COCKBURN STREET,EH1 1PB,1064
325866.9082,673681.8455,printed T-shirts,Fabrick,Class 2,Class 2,Vacant,Class 1,50 COCKBURN STREET,EH1 1PB,1065
325876.8309,673677.707699999,"jewellery, crystals",Tullula,Class 1,Class 1,Class 1,Class 1,52 COCKBURN STREET,EH1 1PB,1066
325879.1232,673671.5845,hot food take-away,The Baked Potato Shop,SUI GENERIS,SUI GENERIS,SUI GENERIS,SUI GENERIS,56 COCKBURN STREET,EH1 1PB,1067
322667.6947,669401.6107,supermarket - large,Tesco, , ,Class 1,Class 1,10 COLINTON MAINS DRIVE,EH13 9AH,1068
322998.7351,669176.2381,"take-away food (breakfast, panini etc)",Deli Bar,Class 1,Class 1,Class 1,Class 1,76 COLINTON MAINS DRIVE,EH13 9BJ,1069
323004.2649,669173.735099999,vacant,vacant,Class 1,Class 1,Class 2,Vacant,78 COLINTON MAINS DRIVE,EH13 9BJ,1070
323008.0595,669171.4702,hairdresser,Harlequin Hair Studio,Class 1,Class 1,Class 1,Class 1,80 COLINTON MAINS DRIVE,EH13 9BJ,1071
323011.5298,669169.264900001,post office,Colinton Mains Sub Post Office,Class 1,Class 1,Class 1,Class 1,82 COLINTON MAINS DRIVE,EH13 9BJ,1072
323016.8274,669166.086300001,chemist,Colinton Mains Pharmacy,Class 1,Class 1,Class 1,Class 1,84-86 COLINTON MAINS DRIV,EH13 9BJ,1073
323022.7946,669162.9405,tanning studio,The Tan Stand,Class 1,Class 1,Class 11,Class 11,88 COLINTON MAINS DRIVE,EH13 9BJ,1074
323027.7351,669160.205399999,grocer (lic.),Colinton Mains Convenience Store,Class 1,Class 1,Class 1,Class 1,90 COLINTON MAINS DRIVE,EH13 9BJ,1075
324467.5557,671863.9219,chiropractor,Chiropractic Health,Class 1,Class 1,Class 2,Class 2,5 COLINTON ROAD,EH10 5DP,1076
324463.8946,671861.451199999,"joiners, plasterers & roofers",George Hardie & Son,Class 4,Class 4,Class 4,Class 4,9 COLINTON ROAD,EH10 5DP,1077
324460.3267,671859.134299999,homeware (Scandinavian design),Spektakular,Class 4,Class 2,Vacant,Class 1,11 COLINTON ROAD,EH10 5DP,1078
324455.0059,671855.3169,"bric-a-brac, curios",City Vintage,Class 1,Class 1,Class 1,Class 1,13 COLINTON ROAD,EH10 5DP,1079
324451.7807,671852.486,home care service for elderly,Senior Service,Class 1,Class 1,Class 1,Class 1,15 COLINTON ROAD,EH10 5DP,1080
324446.9482,671849.826300001,restaurant (French),bia bistrot,Class 1,Class 3,Class 3,Class 3,19 COLINTON ROAD,EH10 5DP,1081
323270.5016,671237.082,hairdresser,Jason Hall Hairdressing,Class 1,Vacant,Class 1,Class 1,101 COLINTON ROAD,EH14 1AL,1082
323266.7539,671232.918,beauty salon,The Zone,Class 1,Class 1,Class 1,Class 1,101A(/1) COLINTON ROAD,EH14 1AL,1083
323258.4259,671221.675100001,public house,The Kilted Pig,SUI GENERIS,SUI GENERIS,SUI GENERIS,SUI GENERIS,101B-103 COLINTON ROAD,EH14 1AL,1084
323252.9968,671216.170299999,hairdresser,just Giles Too,Class 1,Class 1,Class 1,Class 1,103A COLINTON ROAD,EH14 1AL,1085
323304.082,671295.3344,carpets,Craiglockhart Carpet Centre,Class 1,Class 1,Class 1,Class 1,60A COLINTON ROAD,EH14 1AH,1086
322842.0658,670819.4647,car showroom,Western Autos-Alfa Romeo,SUI GENERIS,SUI GENERIS,SUI GENERIS,SUI GENERIS,116 COLINTON ROAD,EH14 1BY,1087
322836.8643,670806.9946,café,Sugar Cube,Class 1,Class 1,Class 1,Class 3,118 COLINTON ROAD,EH14 1BY,1088
322834.133,670801.999700001,grocer,Happy Valley Convenience Store (Premier),Class 1,Class 1,Class 1,Class 1,120-122 COLINTON ROAD,EH14 1BY,1089
322829.7357,670792.719900001,public house,Centre Court,SUI GENERIS,SUI GENERIS,SUI GENERIS,SUI GENERIS,124 COLINTON ROAD,EH14 1BY,1090
322825.1995,670784.4003,hot food take-away (Chinese),Li,SUI GENERIS,SUI GENERIS,SUI GENERIS,SUI GENERIS,130 COLINTON ROAD,EH14 1BY,1091
322820.6666,670775.867699999,dentist,The Craiglockhart NHS Plus Dental Clinic, , ,Class 1,Class 2, , ,1092
322815.6666,670766.467800001,"repair, alteration-civilian and miltary clothing",GB Tailoring,Class 1,Class 1,Class 1,Class 1,136 COLINTON ROAD,EH14 1BY,1093
322812.5329,670761.8005,n/t/c & post office,Craiglockhart Post Office,Class 1,Class 1,Class 1,Class 1,140-142 COLINTON ROAD,EH14 1BY,1094
324002.0943,674719.2787,wine merchant,Winehouse,Class 1,Class 1,Class 1,Class 1,63 COMELY BANK ROAD,EH4 1AW,1095
323996.6352,674717.914000001,shoes,Vincent,Class 1,Class 1,Class 1,Class 1,67 COMELY BANK ROAD,EH4 1AW,1096
323990.7213,674717.0041,hairdresser (gents),Bobs,Class 1,Class 1,Class 1,Class 1,69 COMELY BANK ROAD,EH4 1AW,1097
323826.889,674673.9394,accountants,Anderson Evans,Vacant,Class 2,Class 2,Class 2,129-131 COMELY BANK ROAD,EH4 1BH,1098
323766.5858,674661.686899999,chemist,Boots,Class 1,Class 1,Class 1,Class 1,149-151 COMELY BANK ROAD,EH4 1BH,1099
323738.3637,674655.1414,"café, cards, gifts",Connect,Class 1,Class 1,Class 3,Class 3,153-155 COMELY BANK ROAD,EH4 1BQ,1100
327315.3822,674360.6456,tropical fish,Aquacadabra,SUI GENERIS,SUI GENERIS,Class 1,Class 1,13-17 COMELY GREEN PLACE,EH7 5SY,1101
324325.6573,670410.3146,vacant,vacant,Class 4,Class 1,Vacant,Vacant,6-8 COMISTON DRIVE,EH10 5QP,1102
324481.7725,670720.5197,esidential letting & property management,D.R.M. Residential, , ,Class 2,Class 2,1A-3 COMISTON PLACE,EH10 6AF,1103
324514.3989,670843.1632,public house,Morningside Glory,SUI GENERIS,SUI GENERIS,SUI GENERIS,SUI GENERIS,1-5 COMISTON ROAD,EH10 6AA,1104
324511.0215,670833.9209,hairdresser (gents),The Gentleman's Barber,Class 4,Vacant,Class 1,Class 1,9 COMISTON ROAD,EH10 6AA,1105
324508.1215,670825.9691,hairdresser,Raymond,Class 1,Class 1,Class 1,Class 1,11 COMISTON ROAD,EH10 6AA,1106
324505.2944,670816.9811,bank,Royal Bank of Scotland,Class 2,Class 2,Class 2,Class 2,13-17 COMISTON ROAD,EH10 6AA,1107
324483.4888,670744.1152,toiletries & cosmetics,Thuja Organic Health & Beauty,Vacant,Class 4,Class 1,Class 1,37 COMISTON ROAD,EH10 6AB,1108
324482.2865,670740.3961,upholsterer,Brian Kelly,Class 4,Class 4,Class 4,Class 4,41 COMISTON ROAD,EH10 6AB,1109
324481.0871,670736.797800001,n/t/c,Doyles,Class 1,Class 1,Class 1,Class 1,43 COMISTON ROAD,EH10 6AB,1110
324479.8876,670733.028100001,"computer equipment & accessories, internet access",Megabyte,Class 1,Class 1,Class 1,Class 1,45 COMISTON ROAD,EH10 6AB,1111
324478.5168,670728.9157,interior design,The Coutose Rooms,Class 4,Class 4,Class 4,Class 4,47 COMISTON ROAD,EH10 6AB,1112
324477.6601,670724.4607,letting agent,DRM Property Lettings,Class 1,Class 1,Class 1,Class 2,49 COMISTON ROAD,EH10 6AB,1113
324432.573,670589.941,hot food take-away (Indian & Bangladeshi),The Hill Station,Class 3,SUI GENERIS,SUI GENERIS,SUI GENERIS,99 COMISTON ROAD,EH10 6AG,1114
324431.3736,670586.6854,hot food take-away (Chinese),New Xi'an,Vacant,SUI GENERIS,SUI GENERIS,SUI GENERIS,101 COMISTON ROAD,EH10 6AG,1115
324430.3455,670583.087099999,chinese medicine,Harmonious & Healthy Chinese Clinic,Class 4,Class 4,Class 4,Class 2,105 COMISTON ROAD,EH10 6AG,1116
324429.1461,670579.1461,financial services - mortgages,Mortgage Specialist,Class 1,Class 1,Class 2,Class 2,107 COMISTON ROAD,EH10 6AG,1117
324418.8595,670555.7697,wine merchant,Henderson Wines,Class 1,Class 1,Class 1,Class 1,109 COMISTON ROAD,EH10 6AQ,1118
324416.9747,670550.286499999,greengrocer & florist,Wright of Comiston,Class 1,Class 1,Class 1,Class 1,111 COMISTON ROAD,EH10 6AQ,1119
324415.2612,670544.118000001,employment agency,JB Nursing and Staff Employment,Class 1,Class 1,Class 4,Class 4,115 COMISTON ROAD,EH10 6AQ,1120
324413.6011,670538.997199999,hairdresser,2's Company,Class 2,Class 1,Class 2,Class 1,117 COMISTON ROAD,EH10 6AQ,1121
324412.573,670535.997199999,estate agent,Remax,Class 1,Class 1,Class 1,Class 2,119 COMISTON ROAD,EH10 6AQ,1122
324411.5449,670532.657299999,floral and event designer,Vanilla Designs,Class 1,Class 1,Class 4,Class 4,123 COMISTON ROAD,EH10 6AQ,1123
324410.4832,670529.0562,unknown,unknown, , ,Class 1,Class 4,125 COMISTON ROAD,EH10 6AQ,1124
324407.427,670520.457900001,"n/t/c, stationery, wines",Edinburgh News, , ,Class 1,Class 1,127-129 COMISTON ROAD,EH10 6AQ,1125
324404.8595,670512.457900001,gallery,Life on Canvas,Vacant,Class 4,Vacant,Class 4,133 COMISTON ROAD,EH10 6AQ,1126
324403.4888,670508.3455,pet shop,Paws Here,Vacant,Vacant,Vacant,Class 1,135 COMISTON ROAD,EH10 6AQ,1127
324401.7725,670502.856699999,dry cleaner & launderette,Braidburn Drycleaners,Class 1,Class 1,Class 1,Class 1,137 COMISTON ROAD,EH10 6AQ,1128
324339.486,670415.373600001,financial services - business funding,Abacus Asset Finance,Vacant,Vacant,Class 2,Class 2,139 COMISTON ROAD,EH10 5QN,1129
324298.9077,670108.0,petrol filling station & shop,Shell + Select Shop, , ,Class 1,Class 1,161 COMISTON ROAD,EH10 5QN,1130
324493.2275,670868.0,solicitors & estate agents,Pagan Osborne,Class 2,Class 2,Class 2,Class 2,2-4 COMISTON ROAD,EH10 5QE,1131
324490.6573,670860.631999999,hairdresser,Number Ten Hairdressing,Class 1,Class 1,Class 1,Class 1,10 COMISTON ROAD,EH10 5EQ,1132
324489.4579,670857.0337,vacant,vacant,Class 2,Class 1,Class 1,Vacant,12-14 COMISTON ROAD,EH10 5EQ,1133
324486.941,670849.8006,chemist,Lindsay & Gilmour,Class 1,Class 1,Class 1,Class 1,18-20 COMISTON ROAD,EH10 5EQ,1134
324484.4298,670842.881999999,hot food take-away (Indian & Bangladeshi),Abdul's, , ,SUI GENERIS,SUI GENERIS,22 COMISTON ROAD,EH10 5EQ,1135
324481.573,670834.542099999,window blinds,Homestyle, , ,Class 1,Class 1,24 COMISTON ROAD,EH10 5EQ,1136
324480.1685,670830.6854,beauty salon,Moi,Vacant,Class 1,Vacant,Class 1,28 COMISTON ROAD,EH10 5EQ,1137
324478.7978,670826.2303,"dressmaking, tailoring, clothing alterations",Dressmaking Studio 2,Class 1,Vacant,Class 1,Class 1,30 COMISTON ROAD,EH10 5EQ,1138
324476.4017,670818.3708,wine merchant,Vino Wines, , ,Class 1,Class 1,32-34 COMISTON ROAD,EH10 5EQ,1139
324466.6826,670785.1405,hot food take-away (fish & chips),Comiston Fry,Vacant,SUI GENERIS,SUI GENERIS,SUI GENERIS,36 COMISTON ROAD,EH10 5QQ,1140
324465.7915,670781.864,hairdresser,Julie's,Class 1,Class 1,Class 1,Class 1,38 COMISTON ROAD,EH10 5QQ,1141
324465.0661,670778.939200001,beauty & holistic therapy studio,The Shiatsu Place,Vacant,Class 1,Class 1,Class 1,40 COMISTON ROAD,EH10 5QQ,1142
324463.9687,670775.741900001,beauty studio,Caroline Cleland,Vacant,Class 1,Class 1,Class 1,42 COMISTON ROAD,EH10 5QQ,1143
324409.8258,670619.4551,office,n/a,Class 4,Class 4,Class 2,Class 2,86 COMISTON ROAD,EH10 5QJ,1144
324340.4326,670418.713500001,office,Morningside School of Music,Class 2,Class 4,Class 4,Class 4,138 COMISTON ROAD,EH10 5QN,1145
324338.0562,670410.971899999,"drycleaning, dressmaking",Diana Alterations,Class 1,Class 1,Class 1,Class 1,140 COMISTON ROAD,EH10 5QN,1146
324336.3989,670405.143300001,grocer & n/t/c,Margiotta,Class 1,Class 1,Class 1,Class 1,142-143 COMISTON ROAD,EH10 5QN,1147
327041.117,676549.4593,restaurant,Giuliano's,Class 3,Class 3,Class 3,Class 3,1 COMMERCIAL STREET,EH6 6JA,1148
327026.4593,676554.605900001,reprographics,Printing.com, , ,UNKNOWN USE,Class 4,5 COMMERCIAL STREET,EH6 6JA,1149
327022.117,676556.195699999,vacant,vacant,Vacant,Class 1,Vacant,Vacant,7 COMMERCIAL STREET,EH6 6JA,1150
327016.1251,676558.193,restaurant (Indian),Guchi,Vacant,Class 4,Class 3,Class 3,9-10 COMMERCIAL STREET,EH6 6JA,1151
326993.2986,676565.445800001,public house,Cameo Bar and Grill,SUI GENERIS,Class 3,Class 3,SUI GENERIS,23 COMMERCIAL STREET,EH6 6JA,1152
326791.2625,676632.525,dwelling,dwelling, , ,Vacant,Class 9, , ,1153
326730.4165,676621.213099999,sports equipment & clothing,Graham Tiso, , ,Class 1,Class 1,41 COMMERCIAL STREET,EH6 6JE,1154
327031.3046,676553.0,wine merchant,Relish,Class 4,Class 4,Class 1,Class 1,6 COMMERCIAL STREET,EH6 6JA,1155
326776.0,676636.525,vacant,vacant, , ,Class 1,Vacant,40(GF) COMMERCIAL STREET,EH6 6JD,1156
326944.3125,676612.3167,restaurant,Cantina, , ,Class 3,Class 3,72 COMMERCIAL STREET,EH6 6LX,1157
326926.5834,676618.7333,café,Chop Chop, , ,Class 1,Class 3,76 COMMERCIAL STREET,EH6 6LX,1158
326917.3667,676621.6833,restaurant,The Kitchen, , ,Class 3,Class 3,78 COMMERCIAL STREET,EH6 6NF,1159
326900.1541,676627.3167,restaurant,The Kitchen, ,Class 3,Class 3,Class 3,82 COMMERCIAL STREET,EH6 6LX,1160
326891.7375,676630.366699999,restaurant & bar,International Starters, , ,Class 3,Class 3,84 COMMERCIAL STREET,EH6 6NF,1161
326875.3667,676635.262499999,restaurant,Daniels Bistro, , ,Class 3,Class 3,88 COMMERCIAL STREET,EH6 6LX,1162
326853.0042,676642.470799999,restaurant (Thai / Indian),Mya, , ,Class 3,Class 3,92 COMMERCIAL STREET,EH6 6LX,1163
326841.8459,676645.8916,furniture and fittings,OKA, , ,Class 1,Class 1,94 COMMERCIAL STREET,EH6 6NF,1164
326828.525,676650.6875,hairdresser,Paterson SA hairdressing, , ,Class 1,Class 1,98 COMMERCIAL STREET,EH6 6NF,1165
326457.6231,676770.198999999,restaurant,Britannia Spice, , ,Class 3,Class 3,150 COMMERCIAL STREET,EH6 6LB,1166
324645.5188,673376.011399999,coffee shop,Starbucks, , ,Class 3,Class 3,5-6 CONFERENCE SQUARE,EH3 8RA,1167
327257.4213,676320.949200001,dental surgery,Drake Dental Care,Class 1,Class 4, ,Class 2,57(BF) CONSTITUTION STREE,EH6 7AF,1168
327156.1017,676109.949200001,restaurant (Indian),Suruchi Too,SUI GENERIS,Class 3,Class 3,Class 3,121 CONSTITUTION STREET,EH6 7AE,1169
327076.7361,675993.263900001,vacant,vacant,Class 4,Class 1,Class 1,Vacant,149A CONSTITUTION STREET,EH6 7AD,1170
327051.523,675967.1065,public house,Allan Breck Lounge,SUI GENERIS,SUI GENERIS,SUI GENERIS,SUI GENERIS,159 CONSTITUTION STREET,EH6 7AD,1171
327019.9285,675932.749299999,hairdresser,Lisa's little angels salon,Class 11,Class 11,Vacant,Class 1,173 CONSTITUTION STREET,EH6 7AA,1172
327015.2143,675927.6423,tattoo studio,The Boneyard,Vacant,Class 1,Class 2,Class 2,177 CONSTITUTION STREET,EH6 7AA,1173
327010.5002,675922.1424,florist,Carolyn designer florist,Class 1,Class 2,Vacant,Class 1,179 CONSTITUTION STREET,EH6 7AA,1174
327006.1789,675917.428300001,clothing (ladies),Afreen fashion,Class 1,Class 2,Class 2,Class 1,181 CONSTITUTION STREET,EH6 7AA,1175
327333.0108,676571.051100001,n/a,Hillhead Management Services,Class 3, , ,Class 4,2 CONSTITUTION STREET,EH6 7BT,1176
327320.6852,676536.004799999,grocer & post office,Post Office, , ,Class 1,Class 1,6B CONSTITUTION STREET,EH6 7BT,1177
327269.2131,676414.4213,n/t/c,Bishop Newsagents,Class 1,Class 1,Class 1,Class 1,30 CONSTITUTION STREET,EH6 6RS,1178
327266.6852,676410.2082,hot food take-away,Fazeli's,Vacant,SUI GENERIS,SUI GENERIS,SUI GENERIS,32 CONSTITUTION STREET,EH6 6RS,1179
327265.0,676405.995200001,vacant,vacant,Class 4,Class 9, ,Vacant,34 CONSTITUTION STREET,EH6 6RS,1180
327257.1114,676390.4165,stationery,Andrew Ovens,Class 1,Class 1,Class 1,Class 1,42 CONSTITUTION STREET,EH6 6RS,1181
327252.4261,676384.1017,public house,Nobles Bar,SUI GENERIS,SUI GENERIS,SUI GENERIS,SUI GENERIS,44A CONSTITUTION STREET,EH6 6RS,1182
327248.477,676375.736099999,cafe,Rocksalt,Vacant,Vacant, ,Class 3,46(GF) CONSTITUTION STREE,EH6 6RS,1183
327243.7918,676367.5787,public house,The Constitution,SUI GENERIS,SUI GENERIS,SUI GENERIS,SUI GENERIS,48 CONSTITUTION STREET,EH6 6RS,1184
327239.3196,676356.6295,hair & beauty,Cascal,Class 4,Class 4,Class 1,Class 1,54 CONSTITUTION STREET,EH6 6RS,1185
327237.2639,676349.842599999,public house,Port o' Leith,SUI GENERIS,SUI GENERIS,SUI GENERIS,SUI GENERIS,58 CONSTITUTION STREET,EH6 6RS,1186
327207.2131,676267.8935,painters & decorators,Hugh Muirhead & Son Ltd,Class 4,Class 4,Class 4,Class 4,88-90 CONSTITUTION STREET,EH6 6RP,1187
327183.2688,676210.5835,public house,Leith Lynx,SUI GENERIS,SUI GENERIS,SUI GENERIS,SUI GENERIS,100A CONSTITUTION STREET,EH6 6AW,1188
326981.5817,675928.162699999,vacant,vacant,Class 1,Class 1,Class 1,Vacant,170-174 CONSTITUTION STRE,EH6 6AG,1189
320908.3468,675355.5119,lighting studio,Blackmoon Lighting Studio,Class 1,Class 11,Class 4,Class 1,31 CORBIEHILL ROAD,EH4 5BQ,1190
320852.5523,675403.429300001,"greetings cards, post office",Davidsons Mains Post Office,Class 1,Class 1,Class 1,Class 1,49 CORBIEHILL ROAD,EH4 5AT,1191
326149.121,673519.6764,architects,Andrew Stoane, ,Class 1,Class 4,Class 4,311 COWGATE,EH1 1NA,1192
326154.6742,673521.137800001,grocer,Cowgate Newsagents,Class 1,Class 1,Class 4,Class 1,313 COWGATE,EH1 1NA,1193
326159.9352,673522.599099999,vacant,vacant,Vacant,Vacant, ,Vacant,317 COWGATE,EH1 1NA,1194
326168.4111,673525.229599999,vacant,vacant,Class 4,Class 4, ,Vacant,319 COWGATE,EH1 1NA,1195
325895.4927,673489.446799999,public house,Siglo, , ,SUI GENERIS,SUI GENERIS,184-186 COWGATE,EH1 1JJ,1196
325529.0,673388.8309,public house,Bar Salsa,SUI GENERIS,SUI GENERIS,SUI GENERIS,SUI GENERIS,3 COWGATEHEAD,EH1 1JY,1197
325536.7077,673388.1691,fossils & minerals,Mr. Wood's Fossils,Vacant,Class 1,Class 1,Class 1,5 COWGATEHEAD,EH1 1JY,1198
325542.8768,673387.338199999,books,Transreal,Class 1,Vacant,Class 1,Class 1,7 COWGATEHEAD,EH1 1JY,1199
325549,673387,grocer,Central Superstore,Class 1,Class 1,Class 1,Class 1,11 COWGATEHEAD,EH1 1JY,1200
325554.8309,673386.292300001,hats & headgear (milliner),Fabhatrix,Vacant,Class 1,Class 1,Class 1,13 COWGATEHEAD,EH1 1JY,1201
320842.3678,675411.340299999,hot food take-away (Chinese),Delicious, , ,SUI GENERIS,SUI GENERIS,51 CORBIEHILL ROAD,EH4 5AT,1202
320838.1835,675407.020199999,electrical & hardwarre,Mains Electrical, , ,Class 1,Class 1,53 CORBIEHILL ROAD,EH4 5AT,1203
318341.39,668206.327500001,public house,The Weaver's,SUI GENERIS,SUI GENERIS,SUI GENERIS,SUI GENERIS,1-7 CORSLET PLACE,EH14 5LS,1204
318347.9244,668223.5912,grocer / convenience store,The Co-operative Food,Class 1,Class 1,Class 1,Class 1,9-11 CORSLET PLACE,EH14 5LS,1205
319938.1582,672687.6556,public house,Corstorphine Inn,SUI GENERIS,SUI GENERIS,SUI GENERIS,SUI GENERIS,17-19 CORSTORPHINE HIGH S,EH12 7SU,1206
319914.9337,672682.755100001,n/t/c & grocer,D&S McLean Newsagents,Class 1,Class 1,Class 1,Class 1,27 CORSTORPHINE HIGH STRE,EH12 7SU,1207
319907.0332,672699.489800001,office,n/a,Class 1,Class 1,Class 1,Class 4,24(A) CORSTORPHINE HIGH S,EH12 7ST,1208
319902.5561,672698.456599999,chiropodists,Corstorphine Footcare,Class 1,Class 4,Class 4,Class 2,26 CORSTORPHINE HIGH STRE,EH12 7SY,1209
319840.6225,672685.523,second hand clothing,Alexa K,Class 1,Class 4,Class 1,Class 1,60 CORSTORPHINE HIGH STRE,EH12 7SY,1210
322009.6646,673119.0251,butcher,John Brash,Class 1,Class 1,Class 1,Class 1,113 CORSTORPHINE ROAD,EH12 5PZ,1211
322005.4737,673118.4109,hot food take-away,Monte Bianco Fish & Chicken Bar,SUI GENERIS,SUI GENERIS,SUI GENERIS,SUI GENERIS,115-115A CORSTORPHINE ROA,EH12 5PZ,1212
322000.7777,673117.74,hairdresser,Corey's,Class 1,Class 1,Class 1,Class 1,117 CORSTORPHINE ROAD,EH12 5PZ,1213
321996.4172,673117.0692,chemist,Lloyds Pharmacy,Class 1,Class 1,Class 1,Class 1,119 CORSTORPHINE ROAD,EH12 5PZ,1214
321991.7212,673116.3983,hot food take-away (Indian),Asha,Class 3,SUI GENERIS,SUI GENERIS,SUI GENERIS,123 CORSTORPHINE ROAD,EH12 5PZ,1215
321986.6897,673115.392000001,hot food take-away (Chinese),Hui,SUI GENERIS,SUI GENERIS,SUI GENERIS,SUI GENERIS,123A CORSTORPHINE ROAD,EH12 5PZ,1216
321981.6583,673114.0503,signwriters,Specialized Signs,Class 1,Class 1,Class 1,Class 4,125 CORSTORPHINE ROAD,EH12 5PZ,1217
321942.9811,673105.012599999,grocer (lic.),Prego Superstore,Class 1,Class 1,Class 1,Class 1,129 CORSTORPHINE ROAD,EH12 5SG,1218
320987.044,672837.3166,mobile phones,Carphone Warehouse,SUI GENERIS,SUI GENERIS,SUI GENERIS,Class 1,227 CORSTORPHINE ROAD,EH12 7AY,1219
321944.3983,673144.3606,beauty salon,Rocco Beauty, , ,Class 1,Class 1,50 CORSTORPHINE ROAD,EH12 6JQ,1220
321940.7086,673140.6709,surveyors and valuers,Kean Kennedy & Partners,Class 2,Class 2,Class 4,Class 4,54 CORSTORPHINE ROAD,EH12 6JQ,1221
321918.0,673134.3103,Intellectual Property,Snovolution,Class 2,Class 2,Class 4,Class 4,64 CORSTORPHINE ROAD,EH12 6JQ,1222
323355.9733,671711.5493,n/t/c & grocer,Londis,Class 1,Class 1,Class 1,Class 1,2-4 COWAN ROAD,EH11 1RQ,1223
325678.3481,673436.530400001,night club,Base,SUI GENERIS,SUI GENERIS,SUI GENERIS,SUI GENERIS,69 COWGATE,EH1 1JW,1224
325687.4089,673438.7733,public house,Opium,SUI GENERIS,SUI GENERIS,SUI GENERIS,SUI GENERIS,71 COWGATE,EH1 1JW,1225
325690.3259,673439.3037,public house,Sneaky Pete's,SUI GENERIS,SUI GENERIS,SUI GENERIS,SUI GENERIS,73 COWGATE,EH1 1JW,1226
325831,673460,public house,vacant (formerly Chasers Bar), , ,SUI GENERIS,Vacant,143 COWGATE,EH1 1JW,1227
326747.4155,672351.7996,sandwich bar,The Sandwich Shop,Class 4,Class 4,Class 2,Class 1,38 DALKEITH ROAD,EH16 5BS,1228
326750.9227,672348.876800001,n/t/c,M.S Newsagents,Class 1,Class 1,Class 1,Class 1,40 DALKEITH ROAD,EH16 5BS,1229
326755.0146,672345.661800001,hot food take-away (Chinese),New Garden Grove,SUI GENERIS,SUI GENERIS,SUI GENERIS,SUI GENERIS,44 DALKEITH ROAD,EH16 5BS,1230
326764,672307,public house,The Crags,SUI GENERIS,SUI GENERIS,SUI GENERIS,SUI GENERIS,58 DALKEITH ROAD,EH16 5AD,1231
327090.4363,671929.547599999,hot food take-away (Chinese),Good Food Chinese Restaurant & Take Away,SUI GENERIS,SUI GENERIS,SUI GENERIS,SUI GENERIS,142-144 DALKEITH ROAD,EH16 5HG,1232
327094.3953,671925.4363,vacant,vacant,UNKNOWN USE,Vacant,Vacant,Vacant,146 DALKEITH ROAD,EH16 5HG,1233
327177.3865,671817.243100001,hairdresser & beauty salon,Fairington, , ,Class 1,Class 1,152 DALKEITH ROAD,EH16 5DX,1234
327182.1567,671809.695499999,chemist,Moss,Class 1,Class 1,Class 1,Class 1,158 DALKEITH ROAD,EH16 5DX,1235
327184.6955,671805.9341,canine beautician,Creature Comforts, , ,Class 2,Class 2,160 DALKEITH ROAD,EH16 5DX,1236
327187.6296,671802.0864,sandwich bar,C's Tasty Bites, , ,Class 1,Class 1,162 DALKEITH ROAD,EH16 5DX,1237
327189.5388,671799.695499999,hairdresser,no name on fasica,Class 1,Class 1,Class 1,Class 1,166 DALKEITH ROAD,EH16 5DX,1238
327231.3499,671745.284,public house,Grey Horse,SUI GENERIS,SUI GENERIS,SUI GENERIS,SUI GENERIS,200 DALKEITH ROAD,EH16 5DT,1239
327236.5432,671738.461200001,hot food take-away (Turkish),Bodrum Express,Class 1,SUI GENERIS,SUI GENERIS,SUI GENERIS,202 DALKEITH ROAD,EH16 5DT,1240
327239.7409,671733.740900001,printer,Minuteman Press,Class 1,Class 1,Vacant,Class 4,206 DALKEITH ROAD,EH16 5DT,1241
327242.634,671729.324999999,estate agent,McKinnon Forbes Property,Class 1,Class 1,Class 4,Class 2,208 DALKEITH ROAD,EH16 5DT,1242
327246.0,671724.679400001,books (second hand),The Bookworm,Vacant,Class 1,Class 1,Class 1,210 DALKEITH ROAD,EH16 5DT,1243
327248.4363,671721.024900001,hot food take-away (Chinese),Jade Palace,Class 1,SUI GENERIS,SUI GENERIS,SUI GENERIS,212 DALKEITH ROAD,EH16 5DT,1244
327251.4817,671716.761299999,vacant,vacant,Vacant,Vacant,Vacant,Vacant,216 DALKEITH ROAD,EH16 5DT,1245
327254.5271,671712.6501,vacant,vacant,Class 4,Vacant,Vacant,Vacant,218 DALKEITH ROAD,EH16 5DT,1246
314550.3608,669289.2587,restaurant,"Brewers Farye, Ratho Park", , ,Class 3,Class 3,(1A) DALMAHOY,EH27 8EB,1247
326692.6362,675315.7919,beauty salon,Shine,Class 1,Class 1,Vacant,Class 1,5 DALMENY STREET,EH6 8PF,1248
326760.19,675296.476199999,vacant,vacant,Class 2,Class 2, ,Vacant,23-23A DALMENY STREET,EH6 8PG,1249
326846.5715,675271.570699999,dwelling,dwelling,Class 2,Class 2,Class 2,Class 9, , ,1250
326874.3331,675264.952299999,dwelling,dwelling,Vacant,Vacant, ,Class 9,65 DALMENY STREET,EH6 8PW,1251
326683.7407,675290.585000001,property maintenance,Ace Property Care,Class 2,Class 4,Class 4,Class 4,6A DALMENY STREET,EH6 8RA,1252
325997.0459,673489.292300001,public house,Rush, , ,SUI GENERIS,SUI GENERIS,"3 ROBERTSON'S CLOSE, ( 26",EH1 1LY,1253
326131.5845,673515.292300001,vacant,vacant,Class 1,Class 4,Class 2,Vacant,301-303 COWGATE,EH1 1NA,1254
326137.1378,673516.753599999,hairdresser,Boosh,Class 1,Vacant,Class 1,Class 1,307 COWGATE,EH1 1NA,1255
326142.9832,673517.922700001,beauty salon,Angels,Class 1,Vacant,Class 4,Class 1,309 COWGATE,EH1 1NA,1256
322050.5045,674535.572699999,children's shoes,Maddie & Mark's Shoes,Class 1,Class 1,Class 1,Class 1,1 CRAIGCROOK PLACE,EH4 3NG,1257
321516.1464,674352.111400001,take-away food,Abinger's Sandwich Bar,Class 1,Class 4,Class 1,Class 1,53 CRAIGCROOK ROAD,EH4 3PH,1258
321512.5732,674354.8248,decorators,Decorum,Class 4,Class 4,Class 4,Class 4,55 CRAIGCROOK ROAD,EH4 3PH,1259
321508.5732,674357.5031,hairdresser,Mel Mackey,Class 1,Class 1,Class 1,Class 1,57 CRAIGCROOK ROAD,EH4 3PH,1260
321504.8949,674359.8598,n/t/c,Corner Shop,Class 1,Class 1,Class 1,Class 1,59 CRAIGCROOK ROAD,EH4 3PH,1261
322044.4614,674539.888699999,dry cleaner,Press-tige Delux Dry Cleaners,Class 2,Class 1,Class 1,Class 1,1 CRAIGCROOK TERRACE,EH4 3QN,1262
329036.2557,674285.170399999,n/t/c & post office,McColl's,Class 1,Class 1,Class 1,Class 1,2C CRAIGENTINNY AVENUE,EH7 6PX,1263
329032.4261,674298.634099999,hairdresser,EH7 Hair,Class 1,Class 1,Class 1,Class 1,2F CRAIGENTINNY AVENUE,EH7 6PX,1264
329031.1329,674303.466,"butcher, deli, bakers",I & L Fraser,Class 1,Class 1,Class 1,Class 1,2G CRAIGENTINNY AVENUE,EH7 6PX,1265
329039.7318,674272.180600001,bank,Royal Bank of Scotland,Class 2,Class 2,Class 2,Class 2,2-2A CRAIGENTINNY AVENUE,EH7 6PX,1266
328860.5501,675654.5079,beds,Cannock Beds, , ,Class 1,Class 1,"62 CRAIGENTINNY AVENUE, N",EH6 6RD,1267
328793.4773,675664.565300001,restaurant & hot food take-away,McDonalds, , ,Class 3,Class 3,"63 CRAIGENTINNY AVENUE, N",EH6 7LH,1268
328752.0727,674770.1556,baker,Bakery,Class 1,Class 1,Class 1,Class 1,26 CRAIGENTINNY ROAD,EH7 6LT,1269
328755.9273,674767.121200001,grocer (lic.),A.Q.Q.A Stores, , ,Class 1,Class 1,30 CRAIGENTINNY ROAD,EH7 6LT,1270
328763.3737,674758.5778,hot food take-away (Chinese),Maysym, , ,SUI GENERIS,SUI GENERIS,32 CRAIGENTINNY ROAD,EH7 6LT,1271
328768.1798,674753.0485,hot food take-away,Craigentinny Express,SUI GENERIS,SUI GENERIS,SUI GENERIS,SUI GENERIS,36 CRAIGENTINNY ROAD,EH7 6LT,1272
328773.2768,674747.5778,hairdresser,CYHD,Class 1,Class 1,Class 1,Class 1,38 CRAIGENTINNY ROAD,EH7 6LT,1273
328778.4808,674741.723200001,n/t/c,Umar Newsagents,Class 1,Class 1,Class 1,Class 1,42 CRAIGENTINNY ROAD,EH7 6LT,1274
329007.0242,674693.276799999,grocer (lic.),C.B.Store,Class 1,Class 1,Class 1,Class 1,94 CRAIGENTINNY ROAD,EH7 6RN,1275
329013.6263,674689.9515,taxi office,Portobello Private Hire,Class 1,Class 1,Class 1,Class 4,96 CRAIGENTINNY ROAD,EH7 6RN,1276
329018.6263,674687.9515,chemist,Co-operative Pharmacy,Class 1,Class 1,Class 1,Class 1,98 CRAIGENTINNY ROAD,EH7 6RN,1277
329026.1071,674684.698999999,chemist,Co-operative Pharmacy,Vacant,Class 1,Class 1,Class 1,100 CRAIGENTINNY ROAD,EH7 6RN,1278
325407.3789,676624.989499999,public house,The Grandville,SUI GENERIS,SUI GENERIS,SUI GENERIS,SUI GENERIS,83(1) CRAIGHALL ROAD,EH6 4RS,1279
325370.1264,676714.484200001,architects,2H Architects,Class 2,Class 1,Vacant,Class 4,14 CRAIGHALL ROAD,EH6 4SA,1280
325370.5895,676710.778999999,n/t/c,News Express,Class 1,Class 1,Class 1,Class 1,16 CRAIGHALL ROAD,EH6 4SA,1281
325371.3263,676706.589400001,hairdresser,Raymonde Paul,Class 1,Class 1,Class 1,Class 1,18 CRAIGHALL ROAD,EH6 4SA,1282
325374.4,676683.6527,physiotherapist,Physis,Class 1,Vacant,Class 2,Class 2,24-26 CRAIGHALL ROAD,EH6 4SA,1283
325375.0948,676679.0211,vacant,vacant,Class 1,UNKNOWN USE,SUI GENERIS,Vacant,30 CRAIGHALL ROAD,EH6 4SA,1284
325375.7895,676674.621099999,property maintenance,Property Innovations,Class 4,Class 4,Class 4,Class 4,32 CRAIGHALL ROAD,EH6 4SA,1285
325376.7158,676669.2947,exhibition consultants and organisers,AFAR Exhibition Services Ltd.,Class 1,Class 1,Class 4,Class 4,34-36 CRAIGHALL ROAD,EH6 4SA,1286
325377.4106,676664.199999999,Morris Engineering Design Services,consulting engineers,Class 4,Class 4,Class 4,Class 11,34-36 CRAIGHALL ROAD,EH6 4SA,1287
325380.8,676638.7895,IT support & maintanence,Interact IT,Class 1,Class 4,Vacant,Class 4,38 CRAIGHALL ROAD,EH6 4RU,1288
325381.4948,676632.536800001,vacant,vacant,Vacant,Class 4,Class 4,Vacant,42 CRAIGHALL ROAD,EH6 4RU,1289
325378.1053,676659.3368,glaziers,Trinity Glazing,Vacant,Class 4,Class 2,Class 4,44 CRAIGHALL ROAD,EH6 4RU,1290
325382.6527,676627.2105,accounts/book-keeping,Facts & Figures,Class 4,Class 1,Class 4,Class 2,46 CRAIGHALL ROAD,EH6 4RU,1291
325384.4,676619.5579,insurance brokers,Pender Hardie,Class 4,Class 4,Class 2,Class 2,48 CRAIGHALL ROAD,EH6 4RU,1292
325386.0211,676611.4526,dwelling,dwelling,Class 4,Class 1,Vacant,Class 9, , ,1293
325389,676604,vacant,vacant,Class 4,Class 4,Class 4,Vacant, , ,1294
325389.6211,676600.7684,vacant,vacant (boarded up),Class 1,SUI GENERIS,Vacant,Vacant, , ,1295
325390.5474,676597.1579,vacant,vacant (boarded up),Class 4,Vacant,Vacant,Vacant, , ,1296
325391.779,676593.7684,vacant,vacant (boarded up),Vacant,Class 2,Vacant,Vacant, , ,1297
324387.1152,670582.8258,exercise studio,Callanetics Studio,Class 1,Class 1,Class 11,Class 11,5-9 CRAIGLEA DRIVE,EH10 5PB,1298
324379.5758,670581.626399999,hairdresser,JD Salon,Vacant,Class 1,Class 1,Class 1,11 CRAIGLEA DRIVE,EH10 5PB,1299
322804.1258,674440.648600001,petrol filling station & shop,Shell + Select Shop,SUI GENERIS,SUI GENERIS,Class 1,Class 1,139 CRAIGLEITH ROAD,EH4 2EH,1300
322595.4425,674520.9826,supermarket - large,Sainsbury, ,Class 1,Class 1,Class 1,185 CRAIGLEITH ROAD,EH4 2EB,1301
323509.7045,674592.1702,n/t/c,James Borthwick,Class 1,Class 1,Class 1,Class 1,6 CRAIGLEITH ROAD,EH4 2DP,1302
323503.2955,674592.7612,restaurant (Indian),The Far Pavilions,Class 1,Class 3,Class 3,Class 3,10-12 CRAIGLEITH ROAD,EH4 2DP,1303
322408.8513,670496.6335,office,MacKenzie Malcolm Construction,Class 1,Class 1,Class 1,Class 4,"2 CRAIGLOCKHART DRIVE, SO",EH14 1HZ,1304
322404.9466,670493.171700001,office,n/a,Class 1,Class 1,Class 4,Class 4,"2A CRAIGLOCKHART DRIVE, S",EH14 1HZ,1305
322400.7708,670490.194700001,office,Scotia Property Heating,Class 1,Class 4,Class 4,Class 4,"2B CRAIGLOCKHART DRIVE, S",EH14 1HZ,1306
322807.7999,670759.334100001,chemist,Craiglockhart Pharmacy,Class 1,Class 1,Class 1,Class 1,"2 CRAIGLOCKHART ROAD, NOR",EH14 1BU,1307
322801.7341,670761.334100001,hairdresser,Kim O'Donell Hairdressing,Class 1,Class 1,Class 1,Class 1,"4 CRAIGLOCKHART ROAD, NOR",EH14 1BU,1308
328839.911,671617.271299999,vacant,vacant,Class 1,Vacant,Vacant,Vacant,3 CRAIGMILLAR CASTLE ROAD,EH16 4BY,1309
328841.9104,671610.1823,grocer (lic.),Alishah's Mini Market,Class 1,Class 1,Class 1,Class 1,5-7 CRAIGMILLAR CASTLE RO,EH16 4BY,1310
328844.2751,671602.995200001,solicitors,Belmonte & Co,Class 2,Class 2,Class 2,Class 2,9 CRAIGMILLAR CASTLE ROAD,EH16 4BY,1311
326910.9109,671519.311100001,windows,windowdevelopment.com,Class 4,Vacant,Class 4,Class 4,1A CRAIGMILLAR PARK,EH16 5PG,1312
318719.1411,673992.950999999,public house,Mid Yoken,SUI GENERIS,SUI GENERIS,SUI GENERIS,SUI GENERIS,75 CRAIGMOUNT BRAE,EH12 8XF,1313
319234.8231,673475.2893,vacant,vacant,SUI GENERIS,SUI GENERIS,SUI GENERIS,Vacant,1 CRAIGMOUNT VIEW,EH12 8HG,1314
319190.0063,672929.012599999,plumbers,J. & C. Cowe (Plumbers) Ltd.,Class 4,Class 4,Class 4,Class 4,1A CRAIGS AVENUE,EH12 8HR,1315
325781.3841,673724.753599999,restaurant (Thai),Ruan Mai, ,Class 3,Class 3,Class 3,1 CRAIG'S CLOSE,EH1 1BA,1316
317867,675472,restaurant,Cramond Brig Hotel, , ,Class 3,Class 3,(6) CRAMOND BRIDGE,EH4 6DU,1317
318971.0461,677062.6009,public house,Cramond Inn,SUI GENERIS,SUI GENERIS,SUI GENERIS,SUI GENERIS,30(1) CRAMOND GLEBE ROAD,EH4 6NX,1318
320563,675528,supermarket,Tesco Metro,Class 1,Class 1,Class 1,Class 1,"36 CRAMOND ROAD, SOUTH",EH4 6AA,1319
320548.4963,675467.989499999,bank,Royal Bank of Scotland,Class 2,Class 2,Class 2,Class 2,"38 CRAMOND ROAD, SOUTH",EH4 6AA,1320
327192.7364,671795.4319,hairdresser (gents),Richmond Barbers,Class 1,Class 1,Class 1,Class 1,168 DALKEITH ROAD,EH16 5DX,1321
327195.5681,671791.6545,letting agents,Edinburgh Letting Centre,Class 1,Class 1,Class 1,Class 2,170 DALKEITH ROAD,EH16 5DX,1322
327198.309,671787.8477,electronic components & electrical repairs,Omni Electronics,Class 1,Class 1,Class 1,Class 1,174 DALKEITH ROAD,EH16 5DX,1323
327201.2387,671784.3543,plumbers & gasfitters,Vulcan Gas Services,Class 1,Vacant,Class 4,Class 4,176-178 DALKEITH ROAD,EH16 5DU,1324
327205.4114,671778.770199999,bathroom furniture & fittings,Flamingo Bathrooms,SUI GENERIS,Class 1,Class 1,Class 1,182-186 DALKEITH ROAD,EH16 5DU,1325
327212.0088,671770.2752,n/t/c & post office,Amir & Sons,Class 1,Class 1,Class 1,Class 1,190 DALKEITH ROAD,EH16 5DU,1326
327214.9136,671766.333900001,grocer,Deans Convenience Store,Class 1,Class 1,Class 1,Class 1,192 DALKEITH ROAD,EH16 5DU,1327
327219.1772,671761.0044,hot food take-awy (Indian & Bangladeshi),Shanaz,Class 1,Class 1,SUI GENERIS,SUI GENERIS,194 DALKEITH ROAD,EH16 5DU,1328
327222.3748,671757.045399999,chiropodist,Dalkeith Road Footcare,Class 1,Class 1,Class 1,Class 2,196A DALKEITH ROAD,EH16 5DU,1329
327227.959,671749.893100001,betting shop,William Hill,Class 2,Class 2,Class 2,Class 2,198A DALKEITH ROAD,EH16 5DT,1330
318950,677055,"café, gifts",Cramond Gallery Bistro,Class 1,Class 1,Class 3,Class 3,8 CRAMOND VILLAGE,EH4 6NU,1331
318934.2845,677061.1384,coffee shop,n/a,Class 3,Vacant,Class 3,Class 3,18(05) CRAMOND VILLAGE,EH4 6NU,1332
326162.5073,673720.876800001,vacant,vacant (formerly The Hop & Edinburgh Home-link Partnership),Vacant,Class 1,Class 4,Vacant,3-5 CRANSTON STREET,EH8 8BE,1333
322819.8826,676429.729900001,community newspaper,North Edinburgh News,Class 1,Class 1, ,Class 2,"222 CREWE ROAD, NORTH",EH5 2NS,1334
322819.512,676434.1768,beauty salon,Glow Beauty,Class 1,Class 1,Class 11,Class 1,"224 CREWE ROAD, NORTH",EH5 2NS,1335
322818.7412,676445.2235,n/t/c & grocer,S.B Ali, , ,Class 1,Class 1,"228-230 CREWE ROAD, NORTH",EH5 2NS,1336
322815.2625,676493.026900001,supermarket,Scotmid Late Shop,Class 1,Class 1,Class 1,Class 1,"236-240 CREWE ROAD, NORTH",EH5 1LW,1337
322811.6987,676513.551899999,chemist,Lindsay & Gilmour,Class 1,Class 1,Class 1,Class 1,"242A CREWE ROAD, NORTH",EH5 1LW,1338
322934,675683,petrol filling station & shop,Shell + Select Shop, , ,Class 1,Class 1,"143-147 CREWE ROAD, SOUTH",EH4 2NT,1339
326534.8442,675038.6362,sandwich bar,Super Sandwiches,Class 1,Class 1,SUI GENERIS,Class 1,2 CRIGHTON PLACE,EH7 4NZ,1340
326527.415,675039.4804,mortgage brokers,The Advice Centre For Mortgages,Class 1,Class 2,Class 2,Class 2,4-5 CRIGHTON PLACE,EH7 4NZ,1341
326526.9085,675046.273399999,chemist,Lloyds Pharmacy, , ,Class 1,Class 1,6-7 CRIGHTON PLACE,EH7 4NZ,1342
326534.0643,675057.6754,solicitors & estate agents,The Lints Partnership, , ,Class 2,Class 2,8-11 CRIGHTON PLACE,EH7 4NZ,1343
326538.4542,675064.766899999,hot food take-away,Ocean,SUI GENERIS,SUI GENERIS,SUI GENERIS,SUI GENERIS,12 CRIGHTON PLACE,EH7 4NY,1344
326540.8823,675068.441199999,hairdresser,DNA,Class 1,Class 1,Class 1,Class 1,13 CRIGHTON PLACE,EH7 4NY,1345
326542.8442,675071.5207,window blinds,Apollo Blinds,Class 1,Class 1,Class 1,Class 1,14 CRIGHTON PLACE,EH7 4NY,1346
326546.6231,675077.2081,betting shop,Ladbrokes,Class 2,Class 2,Class 2,Class 2,16-18 CRIGHTON PLACE,EH7 4NY,1347
326554.4281,675090.0,health food,Vitamin Shop,Class 1,Class 1,Class 1,Class 1,20 CRIGHTON PLACE,EH7 4NY,1348
326556.7919,675094.052300001,betting shop,William Hill,Class 1,Class 1,Class 1,Class 2,21-22 CRIGHTON PLACE,EH7 4NY,1349
326563.0773,675104.3246,mortgage brokers,The Centre for Independent Mortgages,Class 2,Class 2,Class 2,Class 2,23-24 CRIGHTON PLACE,EH7 4NY,1350
326565.2723,675107.5327,charity shop,Barnardo's,Class 1,Class 1,Class 1,Class 1,26 CRIGHTON PLACE,EH7 4NY,1351
326567.4673,675111.247300001,computer repairs,PC Repair man,Class 1,Class 1,Vacant,Class 1,27 CRIGHTON PLACE,EH7 4NY,1352
326569.8562,675115.778899999,internet café,Home,Class 1,Class 1,Class 1,Class 3,28 CRIGHTON PLACE,EH7 4NY,1353
326572.22,675119.8312,hot food take-away,Leith Walk Kebab and Pizza House,Class 1,Class 3,SUI GENERIS,SUI GENERIS,29 CRIGHTON PLACE,EH7 4NY,1354
326574.415,675123.2081,vacant,vacant,Class 4,Class 4,Class 1,Vacant,31 CRIGHTON PLACE,EH7 4NY,1355
326576.4412,675126.416099999,delicatessen,Gaia Deli,Class 1,Class 1,Class 1,Class 1,32 CRIGHTON PLACE,EH7 4NY,1356
326380.3508,674911.908500001,bank,Clydesdale Bank, , ,Class 2,Class 2,1 CROALL PLACE,EH7 4LT,1357
326388.1177,674921.8704,mp office,MPs Office,Class 2,Vacant,Vacant,Class 2,5 CROALL PLACE,EH7 4LT,1358
326391.6623,674926.752699999,grocer,Iqbal,Class 1,Class 1,Class 1,Class 1,6 CROALL PLACE,EH7 4LT,1359
326394.5327,674930.2985,"sports goods (darts), t.v. & hi-fi",Borlands,Class 1,Class 1,Class 1,Class 1,7 CROALL PLACE,EH7 4LT,1360
326396.8965,674933.5065,café,café no. 9,Class 1,Class 1,Class 1,Class 3,9 CROALL PLACE,EH7 4LT,1361
326400.1046,674937.052300001,mortgage brokers,Edinburgh Independent Mortgage Advice,Class 2,Class 1,Class 2,Class 2,10 CROALL PLACE,EH7 4LT,1362
318624,670491,car showroom,Peoples Ford, , ,SUI GENERIS,SUI GENERIS,1 CULTINS ROAD,EH11 4DG,1363
318481.6907,671024.608200001,sports clothing,JJB Sports, ,Class 1,Class 1,Class 1,27 CULTINS ROAD,EH11 4DG,1364
318471.7071,671061.606799999,vacant,vacant, ,Class 1,Vacant,Vacant,29 CULTINS ROAD,EH11 4DG,1365
318466.0827,671087.816500001,children's clothing,Mothercare World, ,Class 1,Class 1,Class 1,31 CULTINS ROAD,EH11 4DG,1366
318461.5443,671102.6405,office supplies,Staples, ,Class 2,Class 4,Class 4,33 CULTINS ROAD,EH11 4DG,1367
318452.3535,671133.172700001,carpets,Carpetright, ,Class 1,Class 1,Class 1,35 CULTINS ROAD,EH11 4DG,1368
318449.2191,671150.0,furniture,Bensons for Beds, ,Class 1,Class 1,Class 1,37 CULTINS ROAD,EH11 4DG,1369
318444.2191,671168.6438,motor accessories,Halfords, ,Class 1,Class 1,Class 1,39 CULTINS ROAD,EH11 4DG,1370
318435.285,671198.893200001,electrical goods,Currys, ,Class 1,Class 1,Class 1,41 CULTINS ROAD,EH11 4DG,1371
318774.4698,670618.426200001,car showroom,Evans Halshaw (Vauxhall), , ,SUI GENERIS,SUI GENERIS,2 CULTINS ROAD,EH11 4DG,1372
318724.9564,670699.191299999,car showroom,Graeme Chatham (Skoda), , ,SUI GENERIS,SUI GENERIS,4 CULTINS ROAD,EH11 4DG,1373
318704.7047,670754.0436,car showroom,Western Toyota, , ,SUI GENERIS,SUI GENERIS,6A CULTINS ROAD,EH11 4DG,1374
325362.0,674643.6423,public house,Cumberland Bar,SUI GENERIS,SUI GENERIS,SUI GENERIS,SUI GENERIS,1(GF)-3 CUMBERLAND STREET,EH3 6RT,1375
325327.5623,674636.157400001,Financial services,Murray John,Class 1,Class 4,Vacant,Class 2,7 CUMBERLAND STREET,EH3 6RT,1376
325323.0,674634.9672,consultant,Optimal Analysis Solutions,Vacant,Class 4, ,Class 4, , ,1377
325318.041,674633.5787,Knitware (office not outlet),cameron taylor,Vacant,Class 4, ,Class 2, , ,1378
325119.6447,674576.8182,office,unnamed,Class 1,Class 1, ,Class 4,49 CUMBERLAND STREET,EH3 6RA,1379
325112.7686,674575.2314,beauty salon,Susanne,Class 1,Class 1,Class 1,Class 1,51 CUMBERLAND STREET,EH3 6RA,1380
325014.3306,674548.9091,printers,Zed Printing,Class 1,Class 1,Class 1,Class 4,75-79 CUMBERLAND STREET,EH3 6RD,1381
325005.4297,674569.1983,dog grooming,Grooming Marvelous,Vacant,Vacant,Class 2,Class 1,64 CUMBERLAND STREET,EH3 6RE,1382
325009.4463,674570.0909,ladies clothing,Utterly Bespoke,Class 4,Vacant,Vacant,Class 1,64A CUMBERLAND STREET,EH3 6RE,1383
325015.0248,674571.652899999,chirpodist,New Town Foot Care,Class 1,Vacant,Class 1,Class 2,66 CUMBERLAND STREET,EH3 6RE,1384
327555.0904,674437.090399999,occupational health,Occupational Health & Safety Services,Vacant,Vacant,Vacant,Class 4,3 DALGETY AVENUE,EH7 5UF,1385
326581.0,672583.077299999,wine merchant,Great Grog, , ,Class 1,Class 1,2 DALKEITH ROAD,EH16 5BP,1386
326830.3331,675244.333900001,restaurant (Chinese),Famous House,Class 3,Class 3,Class 3,Class 3,42-44 DALMENY STREET,EH6 8RG,1387
326837.6669,675241.714600001,printers,Paragon Print Co.,Class 4,Class 4,Class 4,Class 4,48 DALMENY STREET,EH6 8RG,1388
324087.3506,673159.0,vacant,vacant,Class 3,Class 3,Vacant,Vacant,13 DALRY ROAD,EH11 2BQ,1389
324083.0996,673153.274900001,restaurant (Japanese),Hay Sushi,Class 1,Vacant,Class 3,Class 3,15 DALRY ROAD,EH11 2BQ,1390
324081.4502,673149.701199999,restaurant (Indian),Verandah,Class 3,Class 3,Class 3,Class 3,17 DALRY ROAD,EH11 2BQ,1391
324078.6494,673142.9243,restaurant (Japanese),Sushiya,Class 3,Class 3,Vacant,Class 3,19 DALRY ROAD,EH11 2BQ,1392
324075.7251,673136.199200001,vacant,vacant,Class 1,Class 1,Class 1,Vacant,21 DALRY ROAD,EH11 2BQ,1393
324074.0757,673131.800799999,vacant,vacant,Class 1,Class 1,Class 1,Vacant,23 DALRY ROAD,EH11 2BQ,1394
324072.1514,673127.4024,grocer,Dimmi's Convenience Store / Premier,Class 1,Class 1,Class 1,Class 1,25 DALRY ROAD,EH11 2BQ,1395
324069.5498,673121.6494,charity shop,Shelter,Class 1,Class 1,Class 1,Class 1,27 DALRY ROAD,EH11 2BQ,1396
324067.9004,673117.525900001,"clothing alterations, tailoring",Stitch Express,Class 1,Class 1,Class 1,Class 1,29 DALRY ROAD,EH11 2BQ,1397
324062.0239,673104.498,hairdresser (gents),Jim's Barbers,Class 1,Class 1,Class 1,Class 1,31 DALRY ROAD,EH11 2BU,1398
324060.9243,673102.0239,vitamins,Vitamin Shop,Class 1,Class 4,Class 1,Class 1,33 DALRY ROAD,EH11 2BU,1399
324059.5863,673099.367799999,hairdresser,Athena Hair & Beauty,Class 1,Class 1,Class 1,Class 1,35 DALRY ROAD,EH11 2BU,1400
324058.4502,673096.525900001,beauty parlour,mint,Class 1,Class 1,Vacant,Class 1,35A DALRY ROAD,EH11 2BU,1401
324054.3506,673087.800799999,baker,Greggs,Class 1,Class 1,Class 1,Class 1,37 DALRY ROAD,EH11 2BU,1402
324056.5498,673092.474099999,grocer,Thai@Haymarket,Class 1,Class 1,Class 1,Class 1,37A-39 DALRY ROAD,EH11 2BU,1403
324052.0757,673083.0,financial services - loans etc.,The Cheque Shop,Class 1,Class 1,Class 2,Class 2,39A DALRY ROAD,EH11 2BU,1404
324050.7012,673079.701199999,printers,The Ink Shop - Full Colour Printing,Class 2,Vacant,Class 4,Class 4,41 DALRY ROAD,EH11 2BU,1405
324049.3267,673076.127499999,wine merchant,Appellation Wines,Class 1,Vacant,Class 4,Class 1,43 DALRY ROAD,EH11 2BU,1406
324047.4681,673071.3298,charity shop,Save the Children,Class 1,Class 1,Class 1,Class 1,45 DALRY ROAD,EH11 2BU,1407
324045.6064,673067.0745,vacant,vacant,Class 1,Vacant,Class 1,Vacant,47 DALRY ROAD,EH11 2BU,1408
324038.2021,673047.127599999,kitchen furniture & fittings,Development Direct,Class 1,Class 1,Vacant,Class 1,51-57 DALRY ROAD,EH11 2BX,1409
324031.0638,673030.648800001,sandwiches,Delish,Class 1,Class 1,Class 1,Class 1,59 DALRY ROAD,EH11 2BZ,1410
324028.9362,673025.8617,restaurant (Chinese),Xingbala Hotspot,Class 1,Class 3,Class 3,Class 3,63 DALRY ROAD,EH11 2BZ,1411
324026.2129,673018.8509,chemist,Apple Pharmacy,Class 1,Class 1,Class 1,Class 1,65 DALRY ROAD,EH11 2BZ,1412
324024.6172,673014.8617,n/t/c,Caledonian Newsagent,Class 1,Class 1,Class 1,Class 1,67A DALRY ROAD,EH11 2BZ,1413
324006.1491,672991.7871,sportswear,Brand Shop,Class 1,Class 1,Class 4,Class 1,69-71 DALRY ROAD,EH11 2AA,1414
323998.1914,672985.191400001,residential property management,Edinburgh Pearl Lettings,Vacant,Class 1,Class 1,Class 2,73 DALRY ROAD,EH11 2AA,1415
323994.2021,672982.0,hairdresser,Dalry Hairstylists,Class 1,Class 1,Class 1,Class 1,77 DALRY ROAD,EH11 2AA,1416
323989.266,672977.3936,café / restaurant,Café Maria,Class 3,Class 3,Class 3,Class 3,79 DALRY ROAD,EH11 2AA,1417
323983.9469,672974.202099999,hairdresser,Simpsons,Class 1,Class 1,Class 1,Class 1,81 DALRY ROAD,EH11 2AA,1418
323979.6917,672971.5426,tanning studio,Bronze N Beauty,Class 2,Class 1,Class 11,Class 11,85 DALRY ROAD,EH11 2AA,1419
323954.6064,672956.946900001,"domestic electrical appliances, spare parts",Wallaces, , ,Class 1,Class 1,87/93 DALRY ROAD,EH11 2AB,1420
323951.7555,672955.4574,post office,Post Office,Class 1,Class 1,Class 1,Class 1,91 DALRY ROAD,EH11 2AB,1421
323941.7979,672946.521199999,restaurant,First Coast, , ,Class 3,Class 3,97-101 DALRY ROAD,EH11 2AB,1422
323930.5319,672939.4681,restaurant,Sizzling Scot Steak House, , ,Class 3,Class 3,103-105 DALRY ROAD,EH11 2AB,1423
323903.4574,672921.6064,internet café,Cleopatra Internet Café, , ,Class 1,Class 1,107-109 DALRY ROAD,EH11 2DR,1424
323897.3512,672917.3298,financial services - loans,Creditas,Class 1,Class 1,Class 2,Class 2,111 DALRY ROAD,EH11 2DR,1425
323891.266,672911.585000001,charity shop,Salvation Army,Class 1,Class 1,Class 1,Class 1,113-115 DALRY ROAD,EH11 2DR,1426
323886.7448,672907.595699999,physiotherapy,Space Clinics,Class 1,Class 1,Vacant,Class 2,119-121 DALRY ROAD,EH11 2DR,1427
323879.6064,672901.9147,n/t/c,Scotts,Class 1,Class 1,Class 1,Class 1,123 DALRY ROAD,EH11 2DR,1428
323875.3512,672898.723300001,cafe,Clock Cafe,Class 1,Class 1,Vacant,Class 3,125 DALRY ROAD,EH11 2DR,1429
323858.9255,672883.6273,hot food take away,Dominos,Class 1,Class 1,Vacant,SUI GENERIS,131 DALRY ROAD,EH11 2EA,1430
323856.5319,672880.967800001,vacant,vacant,Class 1,Class 1,Vacant,Vacant,133 DALRY ROAD,EH11 2EA,1431
323854.1383,672878.3083,hairdresser,Raffles,Class 1,Class 1,Class 1,Class 1,135 DALRY ROAD,EH11 2EA,1432
323697.4574,672740.733999999,hair & beauty,Prestige,Class 1,Class 2,Class 2,Class 1,162 DALRY ROAD,EH11 2EG,1433
323694.0,672736.478800001,hairdresser (gents),Paddy's,Class 1,Class 1,Class 1,Class 1,164 DALRY ROAD,EH11 2EG,1434
323689.585,672731.127599999,"hot food take-away (chicken, pizza, kebabs, burgers)",Dersim Fried Chicken & Kebab House,Class 1,Vacant,SUI GENERIS,SUI GENERIS,166 DALRY ROAD,EH11 2EG,1435
323686.9255,672727.6702,betting shop,Ladbrokes,Class 2,Class 2,Class 2,Class 2,168-170 DALRY ROAD,EH11 2EG,1436
323684.266,672724.7448,n/t/c,Dalry Newsagent,Class 1,Class 1,Class 1,Class 1,174 DALRY ROAD,EH11 2EG,1437
323682.1383,672722.351199999,stage costume hire,McMillen Stage Costume Hire,Class 1,Class 1,Class 1,Class 1,176 DALRY ROAD,EH11 2EG,1438
323657.9785,672693.797900001,vacant,vacant,Class 4,Class 10,Vacant,Vacant,184 DALRY ROAD,EH11 2EP,1439
323655.585,672690.6064,converted to residential,dwelling,Class 1,Class 1,Class 1,Class 9,186 DALRY ROAD,EH11 2EP,1440
323652.9255,672686.883099999,converted to residential,dwelling,Class 1,Vacant,Vacant,Class 9,188 DALRY ROAD,EH11 2EP,1441
323847.0821,672509.6285,restaurant,Guru Balti Restaurant,Vacant,Class 3,Class 3,Class 3,9 DUNDEE TERRACE,EH11 1DL,1442
323797.8856,672514.9222,motorcycles,Saltire Motorcycles,Class 1,SUI GENERIS,SUI GENERIS,SUI GENERIS,4 DUNDEE TERRACE,EH11 1DL,1443
324903.5021,673017.4921,bank,Bank of Scotland / HBOS, , ,Class 2,Class 2,3 EARL GREY STREET,EH3 9BN,1444
324890.496,673036.001,vacant,vacant, , ,Class 1,Vacant,5-7 EARL GREY STREET,EH3 9BN,1445
324877.99,673051.758400001,clinic,City Health Clinic, , ,Vacant,Class 2, , ,1446
324885.7613,672971.7423,café,Salvo Caffé Restaurant,Class 1,Class 3,Class 3,Class 3,4 EARL GREY STREET,EH3 9BN,1447
324881.5093,672977.745100001,pine & cane furniture,Omni,Class 1,Class 1, ,Class 1,6-10 EARL GREY STREET,EH3 9BN,1448
324590.7068,674558.3499,safety consultancy & products,Getmie Safe / Tolmie Ltd., ,Class 1,Class 1,Class 4,12 DEANHAUGH STREET,EH4 1LY,1449
324589.5319,674559.692600001,pet shop specialising in products for dogs,Just Dogs,Class 1,Class 1,Class 1,Class 1,14 DEANHAUGH STREET,EH4 1LY,1450
324587.0142,674563.0496,"charity shop (maps, prints, postcards)",St. John's Association,Class 1,Class 1,Class 1,Class 1,20 DEANHAUGH STREET,EH4 1LY,1451
324585.3357,674565.0638,beauty salon,Aura Health & Beauty,Class 1,Class 1,Class 1,Class 1,22 DEANHAUGH STREET,EH4 1LY,1452
323851.7233,672876.266000001,café & take-away food,OJ's Cafe, , ,SUI GENERIS,Class 3,137-139 DALRY ROAD,EH11 2EA,1453
323843.6702,672866.3298,residential property management,City Properties,Class 1,Vacant,Class 1,Class 2,141 DALRY ROAD,EH11 2EA,1454
323838.3936,672860.478800001,ironmonger,Home Ware, , ,Class 1,Class 1,145-147 DALRY ROAD,EH11 2EA,1455
323833.6702,672855.0638,tailor,Tailor Express,Vacant,Vacant,Vacant,Class 1,149 DALRY ROAD,EH11 2EA,1456
323831.2767,672852.6702,office furniture & equipment,BMG Office Equipment,Class 4,Class 1,Class 4,Class 4,151 DALRY ROAD,EH11 2EA,1457
323829.1491,672850.276699999,financial services - mortgage brokers,First Class Mortgage Advice,Vacant,Vacant,Class 2,Class 2,155 DALRY ROAD,EH11 2EA,1458
323827.0215,672847.883099999,beauty parlour,Paradise,Class 1,Vacant,Class 1,Class 1,157 DALRY ROAD,EH11 2EA,1459
323823.9893,672844.510399999,computers & computer components,Silicon,Class 1,Class 1,Class 1,Class 1,159 DALRY ROAD,EH11 2EB,1460
323820.5319,672841.053099999,African foods & products,De Africa,Vacant,Vacant,Class 1,Class 1,163 DALRY ROAD,EH11 2EB,1461
323811.2552,672831.6064,vacant,vacant, , ,Vacant,Vacant,165-167 DALRY ROAD,EH11 2EB,1462
323804.9893,672824.7448,solicitors & estate agents,Stewart Watt & Co., , ,Class 2,Class 2,171-173 DALRY ROAD,EH11 2EB,1463
323799.2767,672818.8617,café,Lets Eat / Kimmy's Takeaway,Class 1,Class 1,Class 3,Class 3,175 DALRY ROAD,EH11 2EB,1464
323795.5534,672815.1383,mobile phones,Radio Link,Vacant,Vacant,Class 1,Class 1,177 DALRY ROAD,EH11 2EB,1465
323792.362,672811.681,vacant,vacant,Class 1,Class 1,Class 4,Vacant,181 DALRY ROAD,EH11 2EB,1466
323789.8193,672808.435900001,recording studio / training / office,Media Education,Class 2,Class 1,Vacant,Class 4,183 DALRY ROAD,EH11 2EB,1467
323786,672805,mobile phones,ELS Service,Vacant,Class 1,Vacant,Class 1,185 DALRY ROAD,EH11 2EB,1468
323786,672805,hairdresser,Talk O The Toon,Vacant,Class 1,Vacant,Class 1,189 DALRY ROAD,EH11 2EB,1469
323786,672805,hot food take-away (tandoori),Lazeez Halal Tandoori,SUI GENERIS,SUI GENERIS,SUI GENERIS,SUI GENERIS,191 DALRY ROAD,EH11 2EB,1470
323799.6058,672711.6917,supermarket,Lidl, , ,Class 1,Class 1,201-207 DALRY ROAD,EH11 2EF,1471
323706.4574,672693.276699999,petrol filling station & shop,Shell + Select Shop, , ,Class 1,Class 1,209 DALRY ROAD,EH11 2EF,1472
324072.9186,673190.729699999,hot food take-away (Chinese),Eastern Cuisine,SUI GENERIS,SUI GENERIS,SUI GENERIS,SUI GENERIS,2-6 DALRY ROAD,EH11 2BG,1473
324049.8402,673137.9147,sandwiches,The Baguette Company,Class 1,Class 1,Class 1,Class 1,18-20 DALRY ROAD,EH11 2BA,1474
324047.1807,673132.0638,hot food take-away (kebabs),Ali Baba Kebabs,Class 11,SUI GENERIS,SUI GENERIS,SUI GENERIS,24 DALRY ROAD,EH11 2BA,1475
324045.585,673128.6064,mobile phones,Aim Centre,Class 11,Class 1,Vacant,Class 1,26 DALRY ROAD,EH11 2BA,1476
324044.2552,673125.414999999,hairdresser,Haymarket Barbers,Class 1,Class 1,Class 1,Class 1,28 DALRY ROAD,EH11 2BA,1477
324042.9255,673122.2236,hairdresser,Unique,Class 1,Class 1,Class 1,Class 1,30 DALRY ROAD,EH11 2BA,1478
324040.9893,673118.4574,dry cleaning,City Laundry,Class 1,Class 1,Class 1,Class 1,32 DALRY ROAD,EH11 2BA,1479
324039.6595,673115.0,vacant,vacant,Class 1,Class 1,Class 1,Vacant,34 DALRY ROAD,EH11 2BA,1480
324038.6917,673112.0,tanning studio,Sunset Beach,Class 1,Class 1,Class 11,Class 11,38 DALRY ROAD,EH11 2BA,1481
324037.4788,673109.053099999,vacant,vacant,Class 1,Class 1,Vacant,Vacant,40 DALRY ROAD,EH11 2BA,1482
324033.6595,673100.404300001,dry cleaner,Executive Dry Cleaners,Class 1,Class 1,Class 1,Class 1,42 DALRY ROAD,EH11 2BA,1483
324030.1914,673092.0638,jeweller,Marshalls,Class 1,Vacant,Class 1,Class 1,46 DALRY ROAD,EH11 2BA,1484
324028.5957,673088.6064,jewellery/art,Myler's Emporium,Class 4,Vacant,Class 1,Class 1,48 DALRY ROAD,EH11 2BA,1485
324027.0,673084.883099999,electrical goods,Thomsons,Class 1,Class 1,Vacant,Vacant,50 DALRY ROAD,EH11 2BA,1486
324025.1383,673080.362,computer ink cartridge re-filling & recycling,Cartridge World,Class 4,Vacant,Class 1,Class 1,54 DALRY ROAD,EH11 2BA,1487
324023.5426,673076.3727,tattoo parlour,Inkdependent,Class 1,Class 1,Class 1,Class 2,56 DALRY ROAD,EH11 2BA,1488
324016.4574,673070.9893,charity,British Heart Foundation Furniture Store,Class 1,Class 1,Class 1,Class 1,56A DALRY ROAD,EH11 2BA,1489
324009.0638,673051.7871,sports equipment & clothing,Edinburgh Golf Centre,Class 1,Class 1,Class 1,Class 1,58 DALRY ROAD,EH11 2AY,1490
324007.4681,673047.0,lingerie,G-Spot,Class 1,Class 1,Class 1,Class 1,60 DALRY ROAD,EH11 2AY,1491
324005.3405,673042.2129,vacant,vacant,Class 2,Class 1,Class 1,Vacant,64 DALRY ROAD,EH11 2AY,1492
324003.4788,673037.957699999,sports equipment & clothing,"Run & Become, Become & Run",Class 1,Class 1,Class 1,Class 1,66 DALRY ROAD,EH11 2AY,1493
324002.0,673033.733999999,employment agency,Travail Employment Group / Merlin Recruitment,Class 1,Class 1,Class 4,Class 4,68(1F) DALRY ROAD,EH11 2AY,1494
324000.1383,673031.340500001,take-away food,Dolce Vita,Class 1,Class 1,Class 1,Class 1,68(GF) DALRY ROAD,EH11 2AY,1495
323998.5426,673029.2129,hairdresser & beauty salon,Myles Hairdressing & Beauty Therapy,Class 1,Vacant,Class 1,Class 1,70 DALRY ROAD,EH11 2AY,1496
323996.1914,673026.808599999,hot food take-away (kebabs),Derya Kebab House,Class 1,SUI GENERIS,SUI GENERIS,SUI GENERIS,72 DALRY ROAD,EH11 2AY,1497
323993.6595,673023.1383,photography,Kodak Express,Class 1,Class 1,Class 4,Class 1,74 DALRY ROAD,EH11 2AY,1498
323990.1276,673017.872400001,grocer,Londis,Class 1,Class 1,Class 1,Class 1,76 DALRY ROAD,EH11 2AX,1499
323987.4681,673014.414999999,barber,Edinburgh Barbers,Class 1,Vacant,Class 2,Class 1,78 DALRY ROAD,EH11 2AX,1500
323984.8086,673010.648800001,vacant,vacant,Class 1,Class 1,Class 1,Vacant,84 DALRY ROAD,EH11 2AX,1501
323966.3936,672994.733999999,kitchens,Andrew Stout,Class 1,Class 1,Class 1,Class 1,86 DALRY ROAD,EH11 2AX,1502
323957.7979,672988.4681,public house,Dickens,SUI GENERIS,SUI GENERIS,SUI GENERIS,SUI GENERIS,88 DALRY ROAD,EH11 2AX,1503
323951.1276,672984.6172,tattoo studio,Tiki Monkey,Class 11,Vacant,Class 2,Class 2,90 DALRY ROAD,EH11 2AX,1504
323945.319,672980.733999999,betting shop,Scotbet,Class 2,Class 2,Class 2,Class 2,92 DALRY ROAD,EH11 2AX,1505
323935.3298,672974.6064,restaurant (Italian),Le Partenope Ristorante Italiano,Class 3,Class 3,Class 3,Class 3,94A-96 DALRY ROAD,EH11 2AX,1506
323915.5212,672963.478800001,restaurant,Good Seed Bistro,Class 4,SUI GENERIS,Vacant,Class 3,100-102 DALRY ROAD,EH11 2DW,1507
323900.1383,672956.266000001,charity shop,British Heart Foundation, , ,Vacant,Class 1,106A DALRY ROAD,EH11 2DW,1508
323892.9469,672951.9362,"homeware, toiletries",Pound Plus, , ,Class 1,Class 1,106B DALRY ROAD,EH11 2DW,1509
323887.1914,672948.127599999,second-hand goods,Cash Generator (Buy and Sell Store), , ,Class 1,Class 1,108A DALRY ROAD,EH11 2DW,1510
323879.2767,672943.5319,disability and medical aids,Glenmore Healthcare, , ,Class 2,Class 2,108B DALRY ROAD,EH11 2DW,1511
323871.4258,672938.872400001,pawnbroker,Ramsdens, , ,Class 1,Class 2,110A DALRY ROAD,EH11 2DW,1512
323864.6917,672933.808599999,charity shop,The Bethany Shop, , ,Class 1,Class 1,110B DALRY ROAD,EH11 2DW,1513
323817.4043,672909.266000001,supermarket,Somerfield,Class 1,Class 1,Class 1,Class 1,114 DALRY ROAD,EH11 2EZ,1514
323791.5212,672860.6172,electrical goods & accessories,Maplin Electronics,SUI GENERIS,Class 1,Class 1,Class 1,118-126 DALRY ROAD,EH11 2EZ,1515
323782.4681,672850.5319,restaurant (Indian),Kebabish,Class 1,Vacant,Vacant,Class 3,128 DALRY ROAD,EH11 2EZ,1516
323648.6702,672681.2982,hot food take-away (fish & chips),Gino's Fish & Chips,SUI GENERIS,SUI GENERIS,SUI GENERIS,SUI GENERIS,192 DALRY ROAD,EH11 2EP,1517
323615.7871,672641.266000001,vacant,vacant,Class 4,Vacant,Vacant,Vacant,200 DALRY ROAD,EH11 2ES,1518
323613.3936,672638.6064,vacant,vacant,Class 1,Class 1,Class 1,Vacant,202 DALRY ROAD,EH11 2ES,1519
323602.7764,672624.521199999,hot food take-away (Chinese),New Palace Takeaway,SUI GENERIS,SUI GENERIS,SUI GENERIS,SUI GENERIS,214 DALRY ROAD,EH11 2ES,1520
323583.1276,672602.2236,windows,Georgian Windows,Class 1,Vacant,Vacant,Class 4,230 DALRY ROAD,EH11 2ES,1521
323540.8402,672549.9893,converted to residential,dwelling,Class 1,Class 1,Vacant,Class 9, , ,1522
323532.3298,672539.351199999,photographic studio,Murray Donald,Class 1,Vacant,Class 2,Class 2,246 DALRY ROAD,EH11 2JG,1523
323526.6488,672532.8617,vacant,vacant,Vacant,Vacant,Vacant,Vacant,249 DALRY ROAD,EH11 2JQ,1524
323522.266,672527.2552,converted to residential,dwelling, , ,Vacant,Class 9, , ,1525
323517.5104,672521.446599999,converted to residential,dwelling,Vacant,Vacant,Vacant,Class 9, , ,1526
323504.3405,672506.0638,travel agent,Wang Ping Travel, , ,Class 2,Class 1,258-259 DALRY ROAD,EH11 2JQ,1527
323500.8509,672502.0745,converted to residential,dwelling,Class 1,Vacant,Vacant,Class 9, , ,1528
323497.1276,672498.0853,hot food take-away (Chinese),Seven Stars,SUI GENERIS,SUI GENERIS,SUI GENERIS,SUI GENERIS,261 DALRY ROAD,EH11 2JQ,1529
327537.6735,674348.653100001,financial services,Orchard,Class 4,Class 1,Class 2,Class 2,12 DALZIEL PLACE,EH7 5TR,1530
327560.2505,674338.840500001,restaurant (Chinese),Xando,SUI GENERIS,Class 3,Class 3,Class 3,13-14 DALZIEL PLACE,EH7 5TP,1531
327608.2987,674322.0557,hot food take-away (Malaysian),Old Penang Restaurant,SUI GENERIS,SUI GENERIS,SUI GENERIS,SUI GENERIS,21 DALZIEL PLACE,EH7 5TP,1532
327613.4026,674320.3544,hairdresser & beauty salon,Ziska's Hair & Beauty,Class 1,Class 1,Class 1,Class 1,23 DALZIEL PLACE,EH7 5TP,1533
327619.0278,674318.430400001,mobile phones,Carphone Warehouse, , ,Class 1,Class 1,24 DALZIEL PLACE,EH7 5TP,1534
324666.6268,674607.6951,restaurant (Indian),Lancers,Class 3,Class 3,Class 3,Class 3,1 DEAN BANK LANE,EH3 5BS,1535
324248.0989,674661.506999999,arts & crafts studio,Kiss the Fish,Class 1,Class 4,Class 1,Class 1,9 DEAN PARK STREET,EH4 1JN,1536
324225.0041,674650.1886,beads & haberdashery,The Bead Shop Edinburgh,Class 1,Class 3,Class 3,Class 1,6 DEAN PARK STREET,EH4 1JW,1537
324225.459,674645.6394,dwelling,dwelling,Class 4,Class 4,Class 4,Class 9, , ,1538
324240.2787,674484.3606,dwelling,dwelling,Class 1,Class 2,Vacant,Class 9, , ,1539
324527.352,674614.619899999,public house (bar & grill),Avoca,SUI GENERIS,SUI GENERIS,SUI GENERIS,SUI GENERIS,4-6 DEAN STREET,EH4 1LW,1540
324374.8132,674534.005999999,public house,Ranconteur,SUI GENERIS,SUI GENERIS,SUI GENERIS,SUI GENERIS,50 DEAN STREET,EH4 1LQ,1541
324619.0496,674564.368899999,restaurant,Pizza Express,Class 2,Vacant,Class 3,Class 3,1 DEANHAUGH STREET,EH4 1LU,1542
324613.4752,674571.4823,kitchen & bathroom furniture,ekco,Vacant,Class 1,Class 1,Class 1,3 DEANHAUGH STREET,EH4 1LU,1543
324609.9858,674576.1182,charity shop,Hospices of Hope,Class 1,Class 1,Class 1,Class 1,5 DEANHAUGH STREET,EH4 1LU,1544
324604.636,674583.1395,chemist,Lloyds Pharmacy,Class 1,Class 1,Class 1,Class 1,9 DEANHAUGH STREET,EH4 1LU,1545
324602.1395,674586.475199999,"grocer (fresh fruit & veg, delicatessen)",Tariq's,Class 1,Class 1,Class 1,Class 1,11 DEANHAUGH STREET,EH4 1LU,1546
324599.3074,674590.642999999,bank,Bank of Scotland,Class 2,Class 2,Class 2,Class 2,13 DEANHAUGH STREET,EH4 1LU,1547
324596.2223,674594.917199999,charity shop,debra,Class 1,Class 1,Class 1,Class 1,15 DEANHAUGH STREET,EH4 1LU,1548
324584.8392,674606.5035,charity shop,Barnardo's, , ,Class 1,Class 1,29-31 DEANHAUGH STREET,EH4 1LR,1549
324579.9646,674613.264799999,n/t/c,Stockbridge Newsagents,Class 1,Class 1,Class 1,Class 1,33 DEANHAUGH STREET,EH4 1LR,1550
324577.4114,674616.810900001,grocer / convenience store,Sainsbury Local,Vacant,Class 1,Class 1,Class 1,35-37 DEANHAUGH STREET,EH4 1LR,1551
324574.6218,674622.796700001,charity shop,Capability Scotland,Class 1,Class 1,Class 1,Class 1,39-41 DEANHAUGH STREET,EH4 1LR,1552
324572.2719,674627.328600001,sandwich shop,Baguette Express,Class 1,Class 1,Class 1,Class 1,45 DEANHAUGH STREET,EH4 1LR,1553
324568.7826,674633.6218,public house & restaurant,Hector's,SUI GENERIS,SUI GENERIS,SUI GENERIS,SUI GENERIS,47-49 DEANHAUGH STREET,EH4 1LR,1554
324598.1962,674549.524800001,restaurant,Rafael's,Class 3,Class 3,Class 3,Class 3,2 DEANHAUGH STREET,EH4 1LY,1555
324596.3499,674551.874700001,hairdresser,Gordon Fraser,Class 1,Class 1,Class 1,Class 1,4 DEANHAUGH STREET,EH4 1LY,1556
324594.3357,674553.888800001,jewellery (vintage costume jewellery),Chic & Unique,Class 1,Class 1,Class 1,Class 1,8 DEANHAUGH STREET,EH4 1LY,1557
324592.6572,674556.070900001,architect's office,David Blaikie Architect,Class 4,Class 1,Class 1,Class 4,10 DEANHAUGH STREET,EH4 1LY,1558
323891.2678,672528.257099999,sandwich bar,Angello's Sandwich Bar,Class 4,Class 4,Vacant,Class 1,177 DUNDEE STREET,EH11 1BY,1559
323886.2786,672526.4428,chemist,Fountainbridge Pharmacy,Class 1,Class 1,Class 1,Class 1,179 DUNDEE STREET,EH11 1BY,1560
323881.7429,672523.7214,post office,Dundee Street Sub Post Office,Class 1,Class 1,Class 1,Class 1,181 DUNDEE STREET,EH11 1BY,1561
323784.8467,672523.537699999,doors,The Door Depot, , ,Class 1,Class 1,187-189 DUNDEE STREET,EH11 1DH,1562
324176,672732,play centre,Monkey Bizness, , ,SUI GENERIS,Demolished,122 DUNDEE STREET,EH11 1AF,1563
324170.5572,672758.0108,restaurant,Nando's, , ,Vacant,Class 3,126 DUNDEE STREET,EH11 1AF,1564
324032.6393,672725.9892,hairdresser,John Patrick Hair, , ,Class 1,Class 1,130/2 DUNDEE STREET,EH11 1AF,1565
324063.5464,672755.092900001,vacant,vacant, , ,Class 3,Vacant,130/4 DUNDEE STREET,EH11 1AF,1566
324075,672766,restaurant,The Forth Restaurant & Bar, , ,Class 3,Class 3,130/7 DUNDEE STREET,EH11 1AF,1567
324018.175,672660.957,restaurant,Pizza Hut, , ,Class 3,Class 3,132 DUNDEE STREET,EH11 1AF,1568
324014.1534,672635.5963,public house,McCowans Bar, , ,SUI GENERIS,SUI GENERIS,134 DUNDEE STREET,EH11 1AF,1569
323855.0,672548.9179,bathroom furniture & fittings,Victor Paris,SUI GENERIS,SUI GENERIS,SUI GENERIS,Class 1,174 DUNDEE STREET,EH11 1DQ,1570
323836.9071,672549.6501,bathroom furniture & fittings,Victor Paris,Vacant,Class 1,Class 1,Class 1,176-180 DUNDEE STREET,EH11 1DQ,1571
323863.175,672515.9892,glaziers,Munro Glazing,Vacant,Class 4,Class 4,Class 4,1 DUNDEE TERRACE,EH11 1DL,1572
323858.6393,672514.175000001,hot food take-away (Chinese),So Good,SUI GENERIS,SUI GENERIS,SUI GENERIS,SUI GENERIS,5 DUNDEE TERRACE,EH11 1DL,1573
323853.6501,672511.907099999,restaurant (Italian),Piatto Verde,Class 4,Class 1,Class 3,Class 3,7 DUNDEE TERRACE,EH11 1DL,1574
324583.9929,674566.9101,restaurant (Italian),La Concha,Class 3,Class 3,Class 3,Class 3,18-24 DEANHAUGH STREET,EH4 1LY,1575
324580.539,674571.3357,restaurant (Chinese),Ping On,Class 3,Class 3,Class 3,Class 3,28 DEANHAUGH STREET,EH4 1LY,1576
324576.8251,674575.475199999,hairdresser (ladies & gents),boombarbers, , ,Vacant,Class 1,34 DEANHAUGH STREET,EH4 1LY,1577
324574.9858,674577.6501,restaurant (Latin American),Sabor Criollo, , ,Class 3,Class 3,36 DEANHAUGH STREET,EH4 1LY,1578
323587,673139,dwelling,dwelling, , ,Class 1,Class 9, , ,1579
327000.4208,676677.574999999,restaurant,Skippers Bistro,Class 3,Class 3,Class 3,Class 3,1A DOCK PLACE,EH6 6LU,1580
327008.4166,676677.4166,public house & restaurant,Techters Landing,SUI GENERIS,SUI GENERIS,SUI GENERIS,SUI GENERIS,1C DOCK PLACE,EH6 6LU,1581
326974.4208,676649.1,public house (South African bar),She Been, , ,SUI GENERIS,SUI GENERIS,5 DOCK PLACE,EH6 6LU,1582
326978.2583,676663.1,public house & bistro,Mithas, ,SUI GENERIS,SUI GENERIS,SUI GENERIS,7-10 DOCK PLACE,EH6 6LU,1583
326833.8542,676613.8375,Highland dress outfitter,Kinloch Anderson, ,Class 1,Class 1,Class 1,4 DOCK STREET,EH6 6EY,1584
317662.5313,667652.1876,dwelling,dwelling,Class 1,Class 1,Class 4,Class 9, , ,1585
317661.8637,667657.127900001,hairdresser,Daz-l,Class 1,Class 1,Class 1,Class 1,10 DOLPHIN AVENUE,EH14 5RL,1586
317661.3296,667661.934599999,baker,Delicious Baguettes,Class 1,Class 1,Class 1,Class 1,12 DOLPHIN AVENUE,EH14 5RL,1587
317660.5284,667667.2755,grocer,Premier (Saks Local Store),Class 1,Class 1,Vacant,Class 1,14 DOLPHIN AVENUE,EH14 5RL,1588
323652.6595,672697.2552,converted to residential,dwelling,Class 4,Class 2,Vacant,Class 9, , ,1589
323648.6702,672700.1807,converted to residential,dwelling,Vacant,Class 10,Class 10,Class 9, , ,1590
323001,668198,hotel and restaurant,"Travel Lodge, Little Chef", , ,Class 3,Class 3,46 DREGHORN LINK,EH13 9AA,1591
323044,668142,petrol filling station & shop,Shell + Select Shop, , ,Class 1,Class 1,50 DREGHORN LINK,EH13 9QR,1592
319182.8668,673888.256100001,grocer / convenience store,Scotmid,Class 1,Class 1,Class 1,Class 1,1 DRUM BRAE AVENUE,EH12 8TE,1593
319204.0207,673895.622300001,political office,Margaret Smith MSP,Class 1,Class 1,Class 2,Class 2,1A-3 DRUM BRAE AVENUE,EH12 8TE,1594
319214.4929,673898.1669,P C advice,Drum Brae Solutions Ltd,Class 1,Class 1,Class 1,Class 4,5-7 DRUM BRAE AVENUE,EH12 8TE,1595
319222.511,673900.089299999,hairdresser,Heads Together,Vacant,Class 1,Class 1,Class 1,9 DRUM BRAE AVENUE,EH12 8TE,1596
319228.0776,673901.467,veterinary surgery,Drumbrae Veterinary Centre,Class 4,Class 4,Class 2,Class 2,11 DRUM BRAE AVENUE,EH12 8TE,1597
319252.8491,673549.035399999,electrical repairs,J.K. McCrone,Class 1,Class 1,Class 1,Class 1,30 DRUM BRAE SOUTH,EH12 8SU,1598
329256.8073,668750.6971,supermarket,Lidl, , ,Class 1,Class 1,5 DRUM STREET,EH17 8QQ,1599
329225.3132,668731.693700001,frozen food,Iceland, , ,Class 1,Class 1,7 DRUM STREET,EH17 8QQ,1600
329238.623,668708.053400001,hairdresser,Instyle,Class 1,Class 1,Class 1,Class 1,9 DRUM STREET,EH17 8QQ,1601
329242.8365,668701.469900001,"grocer, confectionery",Drum Street Supermarket (Premier),Class 1,Class 1,Class 1,Class 1,13 DRUM STREET,EH17 8QQ,1602
329293.3132,668632.313200001,hot food take away (pizza),Dominos Pizza,SUI GENERIS,SUI GENERIS,SUI GENERIS,SUI GENERIS,33 DRUM STREET,EH17 8RQ,1603
329300.1033,668626.313200001,optician,Spex Optician,Class 1,Class 1,Class 1,Class 1,37 DRUM STREET,EH17 8RQ,1604
329302.2633,668618.946599999,hot food take away,Javits,Class 1,Class 1,SUI GENERIS,SUI GENERIS,39 DRUM STREET,EH17 8RQ,1605
325191.0283,674487.827099999,take-away food,Ravenous,Class 1,Class 1,Class 1,Class 1,44 DUNDAS STREET,EH3 6JN,1606
325190.0014,674491.333000001,jeweler,The Ringmaker,Class 1,Class 4,Class 1,Class 1,46 DUNDAS STREET,EH3 6JN,1607
325188.8485,674494.940400001,travel agent,Ian Dickson Travel Service,Class 1,Class 1,Class 1,Class 1,50 DUNDAS STREET,EH3 6JN,1608
325176.7025,674536.0579,residential letting agency,D.J. Alexander,Class 1,Class 2,Class 2,Class 2,52-54 DUNDAS STREET,EH3 6QZ,1609
325143.8741,674660.054500001,vacant,vacant (formerly Braewell Gallery),Class 1,Class 1,Vacant,Vacant,106 DUNDAS STREET,EH3 6RQ,1610
329307.4733,668614.7367,hot food take-away,Mr. Man's,Class 1,SUI GENERIS,SUI GENERIS,SUI GENERIS,41 DRUM STREET,EH17 8RQ,1611
329312.9965,668609.633400001,beauty salon,Studio 45, , ,Vacant,Class 1,45 DRUM STREET,EH17 8RQ,1612
329327.79,668602.9965,bank,Royal Bank of Scotland,Class 2,Class 2,Class 2,Class 2,49-51 DRUM STREET,EH17 8RQ,1613
329226.8434,668656.3201,hot food take-away,Supperbowl Fish & Chips,SUI GENERIS,SUI GENERIS,SUI GENERIS,SUI GENERIS,6 DRUM STREET,EH17 8QH,1614
329235.3167,668644.266799999,funeral directors,H. & W. Harkess,Class 1,Vacant,Class 1,Class 1,12 DRUM STREET,EH17 8QH,1615
329239.0035,668639.789999999,n/t/c,Gilmerton Newsagent,Class 1,Class 1,Class 1,Class 1,14A DRUM STREET,EH17 8QH,1616
329255.1566,668636.8434,betting shop,Ladbrokes, , ,Class 2,Class 2,16 DRUM STREET,EH17 8QH,1617
329261.1067,668630.0,veterinary surgery,Abercorn Veterinary Clinic, , ,Class 2,Class 2, , ,1618
329305,668589,public house,Mechanics Arms,SUI GENERIS,SUI GENERIS,SUI GENERIS,SUI GENERIS,36(1) DRUM STREET,EH17 8QH,1619
329420.2134,668522.106699999,public house,Gardener's Arms,SUI GENERIS,SUI GENERIS,SUI GENERIS,SUI GENERIS,62 DRUM STREET,EH17 8RN,1620
329433,668502,petrol filling station & garage,National (Gilmerton Service Station),SUI GENERIS,SUI GENERIS,SUI GENERIS,SUI GENERIS,64 DRUM STREET,EH17 8RN,1621
325015.7475,672861.500700001,vacant,vacant,Class 1,Class 2,Class 2,Vacant,1 DRUMDRYAN STREET,EH3 9JZ,1622
326049.4155,673343.8309,vacant,vacant,SUI GENERIS,SUI GENERIS,Vacant,Vacant, , ,1623
326055.0146,673321.0605,sex shop,Adult Conceptions,Class 1,Class 1,Class 1,Class 1,8 DRUMMOND STREET,EH8 9TT,1624
326060.7536,673323.246400001,restaurant (Indian),Red Fort, , ,Class 3,Class 3,10-11 DRUMMOND STREET,EH8 9TU,1625
326070.9082,673327.7996,hairdresser (gents),Woods Barber Shop,Class 1,Class 1,Class 1,Class 1,12 DRUMMOND STREET,EH8 9TU,1626
326075.0,673329.2609,public house,The Brass Monkey,SUI GENERIS,SUI GENERIS,SUI GENERIS,SUI GENERIS,14 DRUMMOND STREET,EH8 9TU,1627
326083.0773,673333.968699999,restaurant,b'est,Class 3,Class 3,Class 3,Class 3,16 DRUMMOND STREET,EH8 9TX,1628
324434.7042,673815.5869,"take-away food, outside catering",Flavour Sandwich Solutions,SUI GENERIS,Class 1,Class 1,Class 1,2 DRUMSHEUGH PLACE,EH3 7PT,1629
324430.2347,673818.1941,hairdresser,Cheynes,Class 1,Class 1,Class 1,Class 1,3 DRUMSHEUGH PLACE,EH3 7PT,1630
324425.7653,673820.4288,charity shop,St. Columba's Hospice,Class 1,Class 1,Class 1,Class 1,4 DRUMSHEUGH PLACE,EH3 7PT,1631
324421.6682,673821.9187,dry cleaner,Johnsons,Class 1,Class 1,Class 1,Class 1,5 DRUMSHEUGH PLACE,EH3 7PT,1632
324412.8623,673824.173699999,mens clothing,Mr. James,Class 1,Class 1,Class 1,Class 1,7 DRUMSHEUGH PLACE,EH3 7PT,1633
324408.3928,673824.5462,hairdresser,Freddy Antabi,Class 2,Class 2,Vacant,Class 1,8-9 DRUMSHEUGH PLACE,EH3 7PT,1634
324399.097,673824.9187,"restaurant & hot food take-away (fish & chips, pizza etc.)",La Campagnola,Class 3,Class 3,Class 3,Class 3,11 DRUMSHEUGH PLACE,EH3 7PT,1635
324390.5305,673824.173699999,printers,Digital Print Centre,Class 2,Class 4,Class 4,Class 4,12-13 DRUMSHEUGH PLACE,EH3 7PT,1636
319167.0278,674137.6435,hot food take-away,Roberto's,SUI GENERIS,SUI GENERIS,SUI GENERIS,SUI GENERIS,24 DUART CRESCENT,EH4 7JP,1637
319161.4769,674135.300899999,"n/t/c, post office, grocer",Caledonian News,Class 1,Class 1,Class 1,Class 1,26 DUART CRESCENT,EH4 7JP,1638
319157.2083,674134.0463,hot food take-away (Chinese),Mr Lin's,Class 4,SUI GENERIS,SUI GENERIS,SUI GENERIS,28 DUART CRESCENT,EH4 7JP,1639
319150.537,674135.925899999,hot food take-away (Indian),Royal India Takeaway,Class 1,Class 1,SUI GENERIS,SUI GENERIS,30 DUART CRESCENT,EH4 7JP,1640
319145.2685,674133.7917,dentist,Dental Surgery,Class 1,Class 1,Class 1,Class 2, , ,1641
319139.1343,674131.5833,grocer (licensed),Day-Today,Class 1,Class 1,Class 1,Class 1,34 DUART CRESCENT,EH4 7JP,1642
319133.1635,674129.6941,hairdresser,Madison Hair,Class 1,Class 1,Class 1,Class 1,36 DUART CRESCENT,EH4 7JP,1643
319127.0417,674127.537,chemist,Clermiston Pharmacy,Class 1,Class 1,Class 1,Class 1,38 DUART CRESCENT,EH4 7JP,1644
319121.2685,674125.388900001,small food shop,Ranas Deli,Class 1,Class 1, ,Class 1,40 DUART CRESCENT,EH4 7JP,1645
319114.7777,674122.7917,betting shop,Ladbrokes, , ,Vacant,Class 2,42 DUART CRESCENT,EH4 7JP,1646
325624.1713,674313.5428,public house,Lord Bodo's,SUI GENERIS,SUI GENERIS,SUI GENERIS,SUI GENERIS,3(GF1) DUBLIN STREET,EH1 3PG,1647
325622.8854,674319.056700001,hot food take-away,Something Tastier,SUI GENERIS,SUI GENERIS,SUI GENERIS,SUI GENERIS,7 DUBLIN STREET,EH1 3PG,1648
325621.7998,674323.4849,hairdresser,Mosko,Class 2,Class 2,Class 2,Class 1,9 DUBLIN STREET,EH1 3PG,1649
325593.1321,674419.2028,ladies clothing,Linzi Crawford,Class 1,SUI GENERIS,Class 1,Class 1,27 DUBLIN STREET,EH3 6NL,1650
325590.6745,674431.0141,restaurant (Scottish),Stac Polly, , ,Class 3,Class 3,29-33 DUBLIN STREET,EH3 6NL,1651
325573,674531,residential letting & property management,Factotum,Class 1,Class 4,Class 2,Class 2,63 DUBLIN STREET,EH3 6NS,1652
325570,674542,interior design service,Ampersand,Vacant,Class 1,Class 4,Class 4,73 DUBLIN STREET,EH3 6NS,1653
325555.6179,674426.3585,furniture,Mary Maxwell,Class 1,Class 1,Class 1,Class 1,26 DUBLIN STREET,EH3 6NN,1654
325558.4811,674416.995300001,public house,New Town Bar, , ,SUI GENERIS,SUI GENERIS,26B DUBLIN STREET,EH3 6NN,1655
325538.4038,674487.223099999,hairdresser,Steven Boles,Class 1,Class 1,Class 1,Class 1,52 DUBLIN STREET,EH3 6NP,1656
325537.15,674491.6116,physiotherapist,Pro Active,Class 1,Vacant,Class 1,Class 2,54 DUBLIN STREET,EH3 6NP,1657
325529.5077,674516.0154,grocer,News Trader,Class 1,Class 1,Class 1,Class 1,76 DUBLIN STREET,EH3 6NP,1658
330310.2337,672879.532500001,hot food take-away (Indian),Mister India,Class 1,Vacant,SUI GENERIS,SUI GENERIS,94 DUDDINGSTON PARK,EH15 1JZ,1659
330311.7698,672875.324899999,hot food take-away (Chinese),Canton Cuisine,Class 1,Class 1,SUI GENERIS,SUI GENERIS,96 DUDDINGSTON PARK,EH15 1JZ,1660
330466.3609,672019.5414,betting shop,William Hill,Class 2,Class 2,Class 2,Class 2,179 DUDDINGSTON PARK SOUT,EH15 3EG,1661
330494.0,671914.951199999,public house,Duddingston Mull Inn,SUI GENERIS,SUI GENERIS,SUI GENERIS,SUI GENERIS,189 DUDDINGSTON PARK SOUT,EH15 3EJ,1662
330492.7219,671880.1316,frozen food,Farmfoods,Class 1,Class 1,Class 1,Class 1,191-193 DUDDINGSTON PARK,EH15 3EJ,1663
330494.7219,671866.018999999,hot food take-away,Duddingston Fry, ,SUI GENERIS,SUI GENERIS,SUI GENERIS,195 DUDDINGSTON PARK SOUT,EH15 3EJ,1664
329505.7332,673265.533199999,hairdresser,Jays,Class 1,Class 1,Class 1,Class 1,60 DUDDINGSTON ROAD,EH15 1SG,1665
329513.5445,673267.288899999,n/t/c,Duddingston General Store & Newsagent,Class 1,Class 1,Class 1,Class 1,62-64 DUDDINGSTON ROAD,EH15 1SG,1666
328584.8446,672739.027000001,take-away food,The Bizzy Lizzy, , ,Class 1,Class 1,"98(B) DUDDINGSTON ROAD, W",EH15 3PU,1667
326966.9949,675940.5759,vacant,vacant,Class 2,Class 2,Class 2,Vacant,1 DUKE STREET,EH6 6AE,1668
326972.6754,675935.801000001,chemist,Lloyds Pharmacy, , ,Class 1,Class 1,3-5 DUKE STREET,EH6 6AE,1669
326998.5714,675907.535599999,public house,The Foot Of The Walk, , ,SUI GENERIS,SUI GENERIS,7A DUKE STREET,EH6 8HG,1670
327003.0361,675902.5002,mobile phones,mobile phone specialist,Class 1,Class 1,Class 1,Class 1,7B DUKE STREET,EH6 8HG,1671
327007.7502,675899.3574,vacant,vacant,Class 1,Class 1,Class 2,Vacant,9A DUKE STREET,EH6 8HG,1672
327012.4644,675896.214600001,vacant,vacant,Class 1,Vacant,Vacant,Vacant,11 DUKE STREET,EH6 8HG,1673
327017.5714,675893.4647,public house,Marksman Bar,SUI GENERIS,SUI GENERIS,SUI GENERIS,SUI GENERIS,13 DUKE STREET,EH6 8HG,1674
327024.3932,675890.2859,vacant,vacant,SUI GENERIS,SUI GENERIS,Vacant,Vacant,15 DUKE STREET,EH6 8HG,1675
327038.0,675880.464400001,charity shop,The Bethany Shop,Class 2,Vacant,Class 1,Class 1,17 DUKE STREET,EH6 8HG,1676
327060.5359,675866.535599999,vacant,vacant,SUI GENERIS,SUI GENERIS,SUI GENERIS,Vacant,27 DUKE STREET,EH6 8HH,1677
327072.3213,675858.6787,public house,Duke's Head,SUI GENERIS,SUI GENERIS,SUI GENERIS,SUI GENERIS,31 DUKE STREET,EH6 8HH,1678
327081.6787,675852.5714,hot food take-away,China Chef,Class 1,Class 3,SUI GENERIS,SUI GENERIS,33 DUKE STREET,EH6 8HH,1679
327086.0,675849.8215,vacant,vacant,Class 1,Vacant,Class 1,Vacant,37 DUKE STREET,EH6 8HH,1680
327089.5356,675847.464400001,accountant,Turnbull & Co.,Class 1,Vacant,Class 2,Class 2,39-43 DUKE STREET,EH6 8HH,1681
327099.0,675841.642899999,hot food take-away,Yadgar,SUI GENERIS,SUI GENERIS,SUI GENERIS,SUI GENERIS,47-49 DUKE STREET,EH6 8HH,1682
327124.2501,675824.6787,vacant,vacant,Class 4,Vacant, ,Vacant,63 DUKE STREET,EH6 8HN,1683
327128.2501,675820.642899999,computers,AIM,Vacant,Class 1,Class 1,Class 1,65 DUKE STREET,EH6 8HN,1684
327000.0944,675873.403100001,vacant,vacant,SUI GENERIS,Vacant,Vacant,Vacant,12-16 DUKE STREET,EH6 8HQ,1685
327009.7749,675869.125600001,second hand goods,Annies,Class 1,Vacant,Class 1,Class 1,20 DUKE STREET,EH6 8HQ,1686
327019.2302,675864.172800001,office,Leith festival office,Class 1,Class 1,Class 1,Class 2,22 DUKE STREET,EH6 8HQ,1687
327134.6068,675786.785700001,residential letting & property management,Watt Property Manager,Class 1,Vacant,Class 2,Class 2,106 DUKE STREET,EH6 8HL,1688
327154.0,675766.8927,embroidery,Diane Summerville,Class 4,Class 4,Class 1,Class 1,110 DUKE STREET,EH6 8HR,1689
327163.7499,675756.7499,office (garage),S & J Motors,Class 1,Vacant,Class 4,Class 4,120 DUKE STREET,EH6 8HR,1690
327166.107,675754.0,vacant,vacant,Class 1,Vacant,Vacant,Vacant,124 DUKE STREET,EH6 8HR,1691
327170.6072,675748.4998,vacant,vacant,Class 4,Class 1,Class 1,Vacant,126 DUKE STREET,EH6 8HR,1692
327173.3571,675745.357100001,hot food take-away,Sun City,SUI GENERIS,Class 1,SUI GENERIS,SUI GENERIS,130 DUKE STREET,EH6 8HR,1693
327181.7857,675736.3213,hairdresser,Ju-Pa,Class 1,Class 1,Class 1,Class 1,134 DUKE STREET,EH6 8HR,1694
327185.7141,675731.6072,restaurant,Bombay Spice,Class 4,Class 3,Class 3,Class 3,138-140 DUKE STREET,EH6 8HR,1695
327191.2501,675725.571,public house,The Parlour, , ,SUI GENERIS,SUI GENERIS,142 DUKE STREET,EH6 8HR,1696
327196.7499,675718.4998,pets & pet supplies,Pets & Things,Class 1,Class 1,Class 1,Class 1,146 DUKE STREET,EH6 8HR,1697
327199.8927,675714.964199999,café,Snax,Class 1,Class 1,Class 1,Class 3,148 DUKE STREET,EH6 8HR,1698
327204.3245,675710.6557,"trophies, engraving",Links Engraving Co.,Class 1,Class 1,Class 1,Class 1,150 DUKE STREET,EH6 8HR,1699
327207.6524,675705.3311,florist,Awesome Blossom,Class 1,Class 1,Class 1,Class 1,152 DUKE STREET,EH6 8HR,1700
326548,673488,vacant,vacant,Vacant,UNKNOWN USE,Vacant,Vacant,65 DUMBIEDYKES ROAD,EH8 9UT,1701
326547,673474,grocer (lic.) & n/t/c,Dumbiedykes Mini Market,Class 1,Class 1,Class 1,Class 1,67 DUMBIEDYKES ROAD,EH8 9UT,1702
320444.8293,670445.2195,dwellings,dwellings,Vacant,Class 1,Class 1,Class 9, , ,1703
320660.0854,670155.7805,vacant,vacant,Class 1,Class 1,Class 1,Vacant,15 DUMBRYDEN ROAD,EH14 2AF,1704
325269.9879,674342.820699999,clothing (bridal),Rachael Scott,Class 1,Class 1,Class 1,Class 1,3 DUNDAS STREET,EH3 6QG,1705
325268.5138,674347.218900001,vacant,vacant, ,Class 3,Class 3,Vacant,3A DUNDAS STREET,EH3 6QG,1706
325267.2948,674350.0638,restaurant (indian),Spice Pavillion, , ,Class 3,Class 3,3A1 DUNDAS STREET,EH3 6QG,1707
325264.9758,674354.884500001,financial services,Sturrock Armstrong & Thomson,Class 1,Vacant,Class 2,Class 2,7 DUNDAS STREET,EH3 6QG,1708
325263.2697,674361.136499999,hairdresser,Ritz Hair & Beauty,Class 1,Class 1,Class 1,Class 1,9 DUNDAS STREET,EH3 6QG,1709
325261.4103,674373.115499999,ladies clothing (cashmere knitwear),Belinda Robertson, , ,Class 1,Class 1,13A DUNDAS STREET,EH3 6QG,1710
325262.2189,674370.474099999,restaurant,Shilla,SUI GENERIS,Class 3,Class 3,Class 3,13B DUNDAS STREET,EH3 6QG,1711
325257.6931,674389.0,residential letting & property management,Dickins,Class 1,Class 4,Class 2,Class 2,17(GF) DUNDAS STREET,EH3 6QG,1712
325255.0396,674398.462099999,restaurant (Chinese),Kweilin Cantonese Restaurant,Class 3,Class 3,Class 3,Class 3,19(GF) DUNDAS STREET,EH3 6QG,1713
325245.8086,674428.872400001,leather goods,mckenzie leather goods,Class 1,Class 1,Class 1,Class 1,23A DUNDAS STREET,EH3 6QQ,1714
325244.6293,674432.115499999,letting office,Merchant Lettings,Class 1,Class 1, ,Class 2,23(C) DUNDAS STREET,EH3 6QQ,1715
325243.45,674435.9483,vacant,vacant,Class 1,Class 1, ,Vacant,23(D) DUNDAS STREET,EH3 6QQ,1716
325241.0,674443.6776,café,Spark, , ,Class 1,Class 3,25(A) DUNDAS STREET,EH3 6QQ,1717
325235.1793,674470.4103,Interior design,Bulthaup, , ,Class 1,Class 1,31(BF) DUNDAS STREET,EH3 6QQ,1718
325232.0517,674481.2948,fine art,Axolotl,Class 1,Class 1,Class 4,Class 1,35 DUNDAS STREET,EH3 6QQ,1719
325231.1672,674484.832800001,clock maker,unknown,Vacant,Class 1,Class 1,Class 1,35A DUNDAS STREET,EH3 6QQ,1720
325229.9879,674488.6655,unknown office / community use,unknown (non-English lettering on fascia),Class 4,Class 4,UNKNOWN USE,UNKNOWN USE,37 DUNDAS STREET,EH3 6QQ,1721
325227.7052,674494.6414,grocer,The New Town Store,Class 1,Class 1,Class 1,Class 1,39 DUNDAS STREET,EH3 6QQ,1722
325226.5259,674499.0638,fine art,Colours Gallery,Class 1,Class 1,Class 1,Class 1,41 DUNDAS STREET,EH3 6QQ,1723
325225.5017,674503.4103,antiques,James Scott Antiques,Class 1,Class 1,Class 1,Class 1,43 DUNDAS STREET,EH3 6QQ,1724
325213.3862,674539.6293,grocer & n/t/c,Keen Kost Newsagent,Class 1,Class 1,Class 1,Class 1,45 DUNDAS STREET,EH3 6RS,1725
325212.2069,674543.756899999,store room,The Thrie Estates,Class 1,Class 1,Class 1,Class 4,47 DUNDAS STREET,EH3 6RS,1726
325211.3224,674547.884500001,antiques,The Thrie Estaits,Class 1,Class 1,Class 1,Class 1,49 DUNDAS STREET,EH3 6RS,1727
325204.1551,674570.3586,antiques,Unicorn Antiques,Class 1,Class 1,Class 1,Class 1,65 DUNDAS STREET,EH3 6RS,1728
325202.9758,674573.6017,office,n/a,Class 1,Class 4,Class 4,Class 4,65B DUNDAS STREET,EH3 6RS,1729
325195.912,674598.550000001,hairdresser,Bryce McKenzie,Class 1,Class 1,Class 1,Class 1,77 DUNDAS STREET,EH3 6RS,1730
325178.7381,674666.6931,veterinary surgery,Dundas Veterinary Group,Class 2,Class 2,Class 2,Class 2,99 DUNDAS STREET,EH3 6SD,1731
325177.7992,674670.465700001,jeweler,Christopher Ness,Class 1,Class 1,Class 1,Class 1,101 DUNDAS STREET,EH3 6SD,1732
325176.4996,674673.998,vacant,acant,Class 4,Class 1,Class 1,Vacant,103 DUNDAS STREET,EH3 6SD,1733
325236.858,674329.388499999,delicatessen,Glass & Thompson,Class 4,Class 1,Class 1,Class 1,2 DUNDAS STREET,EH3 6HZ,1734
325227.0435,674362.159399999,fine art,Anthony Woodd,Class 1,Class 1,Class 1,Class 1,4 DUNDAS STREET,EH3 6HZ,1735
325233.3972,674344.637599999,antiques & fine art,The Dundas Street Gallery,Class 1,Class 1,Class 1,Class 1,6 DUNDAS STREET,EH3 6HZ,1736
325222.2067,674377.775800001,fine art,The Scottish Gallery, , ,Class 1,Class 1,16 DUNDAS STREET,EH3 6HZ,1737
325220.8281,674383.637599999,fine art,Di Rollo Gallery,Class 1,Class 1,Class 1,Class 1,18A DUNDAS STREET,EH3 6HZ,1738
325219.7073,674388.1208,artists supplies,Greyfriars Art Shop,Class 1,Class 1,Class 1,Class 1,20 DUNDAS STREET,EH3 6HZ,1739
325218.3624,674393.052200001,fine art,Edinburgh Gallery,Class 1,Class 1,Class 1,Class 1,20A DUNDAS STREET,EH3 6HZ,1740
325211.9489,674418.655099999,beauty salon,Absolute nails and beauty,Class 1,Class 1,Class 1,Class 1,22A DUNDAS STREET,EH3 6JN,1741
325202.0348,674451.207900001,"ceramic goods, pottery",Bridgewater,Class 1,Class 1,Class 1,Class 1,28A DUNDAS STREET,EH3 6JN,1742
325199.8565,674458.6304,bedroom furniture,And So to Bed, , ,Class 1,Class 1,30-30A DUNDAS STREET,EH3 6JN,1743
325194.4956,674477.3609,"fine art, picture framing",The Torrance Gallery, , ,Class 1,Class 1,36 DUNDAS STREET,EH3 6JN,1744
325193.1654,674480.652799999,solicitors,Marwicks,Class 2,Class 2, ,Class 2,38-40 DUNDAS STREET,EH3 6JN,1745
325192.1075,674484.3553,clock repairs,William Mitchell,Class 4,Class 1,Class 1,Class 1,42 DUNDAS STREET,EH3 6JN,1746
325120.0489,674749.7763,grocer / convenience store,Margiotta,Class 1,Class 1,Class 1,Class 1,122-124 DUNDAS STREET,EH3 5DQ,1747
325118.6391,674754.945499999,hairdresser,Edinburgh Blue,Class 1,Vacant,Class 1,Class 1,126 DUNDAS STREET,EH3 5DQ,1748
325117.2293,674759.6447,take away food,Finnegan's Sandwich Bar,SUI GENERIS,Class 1,Class 1,Class 1,130 DUNDAS STREET,EH3 5DQ,1749
325116.0545,674765.048900001,take away food,Club Sandwich,Class 1,Vacant,Class 1,Class 1,132 DUNDAS STREET,EH3 5DQ,1750
325114.2293,674771.2951,vacant,vacant,Class 1,Class 1,Class 1,Vacant,136 DUNDAS STREET,EH3 5DQ,1751
325112.8196,674775.759400001,hot food take-away,Zen Kitchen,SUI GENERIS,SUI GENERIS,SUI GENERIS,SUI GENERIS,138 DUNDAS STREET,EH3 5DQ,1752
325111.6447,674780.2237,public house,Clark's Bar,SUI GENERIS,SUI GENERIS,SUI GENERIS,SUI GENERIS,142 DUNDAS STREET,EH3 5DQ,1753
325109.6391,674786.830800001,vacant,vacant,Class 1,Class 1,Class 1,Vacant,144 DUNDAS STREET,EH3 5DQ,1754
325108.4643,674791.2951,vacant,vacant,SUI GENERIS,Class 3,Class 3,Vacant,146 DUNDAS STREET,EH3 5DQ,1755
325107.2895,674795.054500001,take away,Dolce et Salato, , ,Class 2,Class 1,150 DUNDAS STREET,EH3 5DQ,1756
327034.6669,675325.952299999,hot food take-away,The Cafe,Class 4,SUI GENERIS,SUI GENERIS,SUI GENERIS,275 EASTER ROAD,EH6 8LQ,1757
327035.7146,675331.1908,videotape hire,Select Mini Market,Class 4,Class 1,Class 1,Class 1,281 EASTER ROAD,EH6 8LQ,1758
327037.81,675340.620100001,vacant,vacant,Class 1,Class 1,Class 1,Vacant,283-285 EASTER ROAD,EH6 8LQ,1759
327038.81,675346.905400001,plastic sheeting & signs,Easter Road Signs,Class 1,Class 1,Class 1,Class 1,289 EASTER ROAD,EH6 8LQ,1760
327040.8577,675370.856899999,public house,Coopers Rest,SUI GENERIS,SUI GENERIS,SUI GENERIS,SUI GENERIS,291-293 EASTER ROAD,EH6 8LH,1761
327042.4293,675376.619200001,children's nursery,The Edinburgh Creche Co-op,Class 1,Class 10,Class 10,Class 10,297 EASTER ROAD,EH6 8LH,1762
327049.2862,675411.4285,grocer,S.N. Nabi,Class 1,Class 1,Class 1,Class 1,307 EASTER ROAD,EH6 8LH,1763
327088.7146,675521.7138,recording studio,Kean Audio,Class 1,Class 1,Class 2,Class 4,343 EASTER ROAD,EH6 8JG,1764
327091.3339,675528.523800001,dwellings,dwellings,SUI GENERIS,SUI GENERIS,SUI GENERIS,Class 9, , ,1765
327024.8494,675809.545499999,supermarket - large,Tesco, ,Class 1,Class 1,Class 1,379 EASTER ROAD,EH6 8HU,1766
327200.2435,675696.983999999,dwelling,dwelling,Class 1,Class 1,Vacant,Class 9, , ,1767
327203.9642,675701.6105,shoe repairs / key cutting,shoe repairs & key cutting,Vacant,Class 1,Class 1,Class 1,387 EASTER ROAD,EH6 8HU,1768
326935.3034,674482.606899999,tailor,Golden Stitch,Class 1,Class 1,Vacant,Class 1,4 EASTER ROAD,EH7 5RG,1769
326938.2118,674496.4256,frozen food,Iceland,Class 1,Class 1,Class 1,Class 1,8-10 EASTER ROAD,EH7 5RG,1770
326940.0,674506.395,charity shop,"Chest, Heart & Stroke Association Scotland",Class 1,Class 1,Class 1,Class 1,12 EASTER ROAD,EH7 5RG,1771
326940.4847,674511.2424,vacant,vacant,Class 1,Vacant,Class 1,Vacant,14 EASTER ROAD,EH7 5RG,1772
326941.2118,674516.5744,wine merchant,Cornelius,Class 1,Class 1,Vacant,Class 1,18-20 EASTER ROAD,EH7 5RG,1773
326942.1832,674523.9103,Bakery,The Manna House,Class 1,Class 1,Class 1,Class 1,22-24 EASTER ROAD,EH7 5RG,1774
326942.7576,674529.2118,hot food take-away (Chinese),Rice Box,SUI GENERIS,SUI GENERIS,SUI GENERIS,SUI GENERIS,28 EASTER ROAD,EH7 5RG,1775
326943.4847,674533.3321,hairdresser,Time Out,Class 1,Class 1,Class 1,Class 1,30 EASTER ROAD,EH7 5RG,1776
326944.0305,674539.606899999,Diet Consultant,All About W8,Class 1,Class 1,Class 1,Class 2,32 EASTER ROAD,EH7 5RG,1777
326944.5153,674543.0,delicatessen,Sami Swoi,Class 1,Vacant,Class 1,Class 1,34 EASTER ROAD,EH7 5RG,1778
326945.2424,674546.150800001,café,Ryjos Café,Vacant,Class 3,Class 3,Class 3,38 EASTER ROAD,EH7 5RG,1779
326945.7271,674549.7863,hairdresser,Twist,Vacant,Vacant,Class 4,Class 1,40 EASTER ROAD,EH7 5RG,1780
326946.4256,674556.0,hairdresser,Fryzjer,Class 1,Class 1,Class 1,Class 1,42 EASTER ROAD,EH7 5RG,1781
326946.6679,674559.393100001,removals,Man with a van,Class 1,Class 1,Vacant,Class 2,46 EASTER ROAD,EH7 5RG,1782
326947.1527,674562.5439,vacant,vacant,Class 1,Class 1,Class 1,Vacant,48 EASTER ROAD,EH7 5RG,1783
326947.9408,674567.576300001,sandwich bar,Filling Place,Class 1,Vacant,Class 1,Class 1,50 EASTER ROAD,EH7 5RQ,1784
326948.1832,674571.2118,grocer,A & A Foodstore,Class 1,Class 1,Class 1,Class 1,52 EASTER ROAD,EH7 5RQ,1785
326948.4542,674574.7882,fancy goods,A & A Traders, , ,Class 1,Class 1,56 EASTER ROAD,EH7 5RQ,1786
326949.4256,674586.4542,ATM,Bank of Scotland / HBOS,Class 1,Class 2,Class 2,Class 2,88 EASTER ROAD,EH7 5RQ,1787
325106.3496,674799.048900001,vacant,vacant,Class 1,Class 2,Class 2,Vacant,152 DUNDAS STREET,EH3 5DQ,1788
325104.8139,674803.885299999,café,Caffeine,Class 1,Class 1,Class 3,Class 3,154 DUNDAS STREET,EH3 5DQ,1789
325103.2406,674808.3553,n/t/c,News Plus, , ,Class 1,Class 1,156-158 DUNDAS STREET,EH3 5DQ,1790
325101.7594,674813.5188,cafe,Lezzetli,Class 1,Class 1,Class 1,Class 3,160 DUNDAS STREET,EH3 5DQ,1791
325091.8139,674839.825200001,dressmaker,Freja Dressmaker, , ,Class 1,Class 1,164 DUNDAS STREET,EH3 5DT,1792
325090.8741,674843.819599999,sauna,Dundas Street Sauna,Class 11,Class 11,Class 11,Class 11,168 DUNDAS STREET,EH3 5DT,1793
324052.9071,672604.7214,grocer,Sandher & Sons,Class 1,Class 1,Class 1,Class 1,117 DUNDEE STREET,EH11 1AX,1794
324048.3715,672602.453600001,hot food take-away,Spicy Bite,SUI GENERIS,SUI GENERIS,SUI GENERIS,SUI GENERIS,119 DUNDEE STREET,EH11 1AX,1795
324019.6823,672587.114399999,public house,The Fountain,SUI GENERIS,SUI GENERIS,SUI GENERIS,SUI GENERIS,131 DUNDEE STREET,EH11 1AX,1796
323974.4428,672567.1642,betting shop,Scotbet,Class 2,Class 2,Class 2,Class 2,139 DUNDEE STREET,EH11 1BP,1797
323970.8143,672565.3499,sandwich bar,Lime,Class 2,Class 1,Class 1,Class 1,143 DUNDEE STREET,EH11 1BP,1798
323967.4428,672563.6393,hairdresser (gents),Dundee Barbers, , ,Class 1,Class 1,145 DUNDEE STREET,EH11 1BP,1799
323959.7214,672560.2786,restaurant (chinese),Wingsing Inn, , ,Class 3,Class 3,147-149 DUNDEE STREET,EH11 1BP,1800
323952.0929,672557.175000001,vacant,Vacant,Class 1,Vacant,Class 1,Vacant,151 DUNDEE STREET,EH11 1BP,1801
323948.0108,672554.907099999,vacant,vacant,Class 1,Class 1,Class 1,Vacant,153 DUNDEE STREET,EH11 1BP,1802
323926.0,672544.546399999,n/t/c & grocer,Food & News,Vacant,Vacant,Vacant,Class 1,155 DUNDEE STREET,EH11 1BP,1803
323926,672545,grocer,Fountain News,Class 1,Class 1,Class 1,Class 1,157 DUNDEE STREET,EH11 1BY,1804
323920.3715,672541.978499999,hot food take-away,Maria's Pizza,SUI GENERIS,Class 11,SUI GENERIS,SUI GENERIS,159 DUNDEE STREET,EH11 1BY,1805
323916.6393,672540.0821,hot food take-away (Indian),Taj Express, ,SUI GENERIS,SUI GENERIS,SUI GENERIS,161 DUNDEE STREET,EH11 1BY,1806
323912.5572,672538.2678,Driving School,Fountain Park School of Motoring,Class 1,Vacant,Class 2,Class 4,165 DUNDEE STREET,EH11 1BY,1807
323908.0215,672536.0,vacant,vacant, , ,Class 2,Vacant,167-171 DUNDEE STREET,EH11 1BY,1808
323896.6393,672530.6285,hairdresser,Hair Workshop,Class 1,Class 1,Class 1,Class 1,175 DUNDEE STREET,EH11 1BY,1809
324869.0033,672996.003799999,pound shop,Bargain Spot,Class 1,Class 1, ,Class 1,12-14 EARL GREY STREET,EH3 9BN,1810
324864.7513,673001.7565,chemist,Boots,Class 1,Class 1,Class 1,Class 1,16-20 EARL GREY STREET,EH3 9BN,1811
324858.4988,673010.5002,hairdresser (gents),Hair Fashion, , ,Class 1,Class 1,(22) EARL GREY STREET,EH3 9BN,1812
324844.2587,673031.2487,grocer / convenience store,Tesco Express,Class 1,Class 1, ,Class 1,32 EARL GREY STREET,EH3 9BN,1813
324841.0071,673035.500700001,charity,Salvation Army,Class 1,Class 1,Vacant,Class 1,36 EARL GREY STREET,EH3 9BN,1814
324837.0052,673041.2535,dental surgery,Aeon Dental Surgery, ,Vacant,Vacant,Class 2, , ,1815
324833.2458,673047.0143,sandwiches,Thyme,Class 1,Class 1,Vacant,Class 1,44 EARL GREY STREET,EH3 9BN,1816
324825.7508,673054.999500001,coffee shop,Costa Coffee,Class 2,Class 2,Vacant,Class 3,48 EARL GREY STREET,EH3 9BN,1817
327177.1503,674438.6535,grocer (lic.),Mohammed & Yousaf Ahmed,Class 1,Class 1,Class 1,Class 1,3 EARLSTON PLACE,EH7 5SU,1818
327186.4641,674436.914999999,grocer,White Eagle,Class 1,Class 4,Class 11,Class 1,5 EARLSTON PLACE,EH7 5SU,1819
327195.0,674435.405200001,vacant,vacant,Class 1,Vacant,Class 1,Vacant,6 EARLSTON PLACE,EH7 5SU,1820
327200.7125,674434.5359,hot food take-away,Sea Breeze,SUI GENERIS,SUI GENERIS,SUI GENERIS,SUI GENERIS,8 EARLSTON PLACE,EH7 5SU,1821
327230.6274,674427.914999999,bridal salon,Pretty Woman,Class 2,Class 4,Class 1,Class 1,12 EARLSTON PLACE,EH7 5SU,1822
327266.3145,674421.6142,vacant,vacant, , ,Class 1,Vacant,16 EARLSTON PLACE,EH7 5SU,1823
327282.831,674417.888599999,photographic studio,Venture Portraits, , ,Class 2,Class 2,17 EARLSTON PLACE,EH7 5SU,1824
325808.3418,675317.684599999,fabrics,Mandors,Class 1,Vacant,Class 1,Class 1,131 EAST CLAREMONT STREET,EH7 4JA,1825
325813.0784,675328.341800001,public house,The Claremont,SUI GENERIS,SUI GENERIS,SUI GENERIS,SUI GENERIS,133-135 EAST CLAREMONT ST,EH7 4JA,1826
325691.6616,674965.3354,grocer (lic.),M & A Store,Class 1,Class 1,Class 1,Class 1,34 EAST CLAREMONT STREET,EH7 4JR,1827
325693.3663,674970.290999999,lettting agency,A Flat in Town,Class 4,Class 2,Class 1,Class 2,36 EAST CLAREMONT STREET,EH7 4JR,1828
325694.953,674975.1403,plumbers,P & W Plumbing,Vacant,Class 4,Class 4,Class 4,38 EAST CLAREMONT STREET,EH7 4JR,1829
326222.2923,672932.707699999,records,Backbeat Records,Class 1,Class 1,Class 1,Class 1,"31 CROSSCAUSEWAY, EAST",EH8 9HE,1830
326276.785,672937.661800001,soft furnishings,Stewart Studios, , ,Class 1,Class 1,"49 CROSSCAUSEWAY, EAST",EH8 9HG,1831
326280.4614,672937.507300001,driving school,Drivings Cool,Vacant,Class 4,Class 4,Class 4,"53 CROSSCAUSEWAY, EAST",EH8 9HG,1832
326208.0,672953.785,dwelling,dwelling, , ,Vacant,Class 9, , ,1833
326219.8309,672954.661800001,office,Scottish Child Law Centre,Class 1,Class 2, ,Class 2,"54-56 CROSSCAUSEWAY, EAST",EH8 9HD,1834
326270.0459,672956.601299999,public house,Alba Flamenco,SUI GENERIS,SUI GENERIS,SUI GENERIS,SUI GENERIS,"74 CROSSCAUSEWAY, EAST",EH8 9HQ,1835
326276.8309,672956.661800001,vacant,vacant,Class 1,Vacant,Vacant,Vacant, , ,1836
326287.6451,672958.123199999,property maintenance,Southside Glazing & Joinery,Class 1,Class 1,Vacant,Class 4,"84 CROSSCAUSEWAY, EAST",EH8 9HQ,1837
324998.6941,673164.347100001,hairdresser (gents),The 3 Stooges Barber Shop,Class 1,Class 1,Class 1,Class 1,1 EAST FOUNTAINBRIDGE,EH3 9BH,1838
325006.2059,673169.170600001,take-away food & coffee,Coffee Mavi,Class 1,Class 1,Class 1,Class 1,3 EAST FOUNTAINBRIDGE,EH3 9BH,1839
325002.5882,673166.7588,cafe,Scoff,Class 1,Vacant,Class 1,Class 3,5 EAST FOUNTAINBRIDGE,EH3 9BH,1840
325009.6117,673170.958799999,vacant,vacant,Class 1,Class 1,Class 2,Vacant,9 EAST FOUNTAINBRIDGE,EH3 9BH,1841
324994.7588,673162.135299999,vacant,vacant,Class 11,Class 1,Class 2,Vacant,11 EAST FOUNTAINBRIDGE,EH3 9BH,1842
324860.5017,673103.749399999,hairdresser,Jardinework,Class 1,Class 1,Class 1,Class 1,48 EAST FOUNTAINBRIDGE,EH3 9BH,1843
324855.7199,673100.483100001,restaurant & hot food take-away (Indian & Bangladeshi),Gandhi's,Class 3,Class 3,Class 3,Class 3,50 EAST FOUNTAINBRIDGE,EH3 9BH,1844
325782.3507,674665.5449,restaurant,Locanda de Gusti,Class 1,Class 1, ,Class 3,"7-11 LONDON STREET, EAST",EH7 4BN,1845
325791.7797,674669.8695,children's nursery,The Edinburgh Nursery,Vacant,Class 10,Class 10,Class 10, , ,1846
325799.8956,674672.466600001,tax accountants,Caroline Bond,Class 4,Vacant,Class 2,Class 2,"17-19 LONDON STREET, EAST",EH7 4BN,1847
325844.47,674725.199100001,solicitors,McSporran - Criminal Defence Lawyers, , ,Class 2,Class 2,"2 LONDON STREET, EAST",EH7 4BH,1848
326080.3219,674793.0,carpets,Edinburgh Carpet Warehouse, , ,Class 1,Class 1,"34 LONDON STREET, EAST",EH7 4BQ,1849
315625,672379,n/a,n/a, , ,UNKNOWN USE,UNKNOWN USE,1 EAST MAINS OF INGLISTON,EH28 8NJ,1850
327077.5183,671925.6501,accountants,Helen Lowe & Co., , ,Class 2,Class 2, , ,1851
327083.7204,671928.3704,accountants,Helen Lowe & Co., , ,Class 2,Class 2,"19-21 MAYFIELD, EAST",EH9 1SE,1852
327027.0326,674433.0065,Hairdresser,Fryzher, , ,Vacant,Class 1,"3 NORTON PLACE, EAST",EH7 5DR,1853
327013.5818,674436.117699999,hot food take-away,Café Piccante,SUI GENERIS,SUI GENERIS,SUI GENERIS,SUI GENERIS,"7 NORTON PLACE, EAST",EH7 5DR,1854
327010.1046,674436.8628,hairdresser,M & M Hollywood,Class 1,Vacant,Vacant,Class 1,"8 NORTON PLACE, EAST",EH7 5DR,1855
327006.7516,674437.4837,lighting,Abbeyhill Electrical Services,Class 1,Vacant,Class 1,Class 1,"9 NORTON PLACE, EAST",EH7 5DR,1856
326999.9674,674439.104599999,hairdresser,Beautyworks Scotland,Class 3,Class 3,Class 1,Class 1,"11 NORTON PLACE, EAST",EH7 5DR,1857
326993.8823,674440.3465,Tattoo parlour,Rock n Roll,Class 1,Class 4,Class 4,Class 2,"13 NORTON PLACE, EAST",EH7 5DR,1858
326987.0328,674441.9739,post office,Post Office,Class 1,Class 1,Class 1,Class 1,"14-15 NORTON PLACE, EAST",EH7 5DR,1859
326981.5687,674442.8432,barber,Barber,Class 1,Class 1,Vacant,Class 1,"17 NORTON PLACE, EAST",EH7 5DR,1860
326969.5883,674445.1372,dry cleaner,Edinburgh Dry Cleaners, , ,Class 1,Class 1,"19-21 NORTON PLACE, EAST",EH7 5DR,1861
326957.9804,674446.758199999,hairdresser,Changes, , ,Class 2,Class 1,"23 NORTON PLACE, EAST",EH7 5DR,1862
326953.7582,674447.457599999,vacant,vacant,Class 4,Class 1,Vacant,Vacant,"25 NORTON PLACE, EAST",EH7 5DR,1863
326943.8234,674448.451099999,charity office,Edinburgh University Settlement : Second Chance to Learn,Class 1,Class 4,Class 2,Class 2,"27 NORTON PLACE, EAST",EH7 5DR,1864
326930.2679,674449.8236,photogropher,Sports Portraits,Class 1,Class 1,Class 1,Class 2,"28 NORTON PLACE, EAST",EH7 5DR,1865
326452,672407,café,Number One,Class 3,Class 3,Class 3,Class 3,1 EAST PRESTON STREET,EH8 9QQ,1866
326496.0,672417.123199999,home and office furniture,Steptoes, , ,Class 1,Class 1,5A EAST PRESTON STREET,EH8 9QQ,1867
313175.7306,678279.9902,hats,Joyce Paton, , ,Class 1,Class 1,8 EAST TERRACE,EH30 9HS,1868
325364.1053,676713.5579,dwelling,dwelling,Class 1,Class 4,Vacant,Class 9, , ,1869
325359.8526,676712.8421,window cleaners,Grove Office & Window Cleaning,Class 4,Class 4,Class 4,Class 4,3A EAST TRINITY ROAD,EH5 3DZ,1870
325354.7579,676712.378900001,hair & beauty,Toccata,Class 4,Class 1,Class 4,Class 1,3B EAST TRINITY ROAD,EH5 3DZ,1871
325301.2843,676721.6316,architects,Margaret Lynn & Associates,Class 4,Class 4,Class 4,Class 4,10-14 EAST TRINITY ROAD,EH5 3DY,1872
325291.0948,676717.463199999,grocer (lic.) and general store,W.D. Johnstone,Class 1,Class 1,Class 1,Class 1,16-20 EAST TRINITY ROAD,EH5 3DY,1873
325213.2316,676664.4,plumbers,M.P. Braidwood, , ,Class 4,Class 4,44(01) EAST TRINITY ROAD,EH5 3DJ,1874
325210.6842,676662.5474,"beauty & tanning salon; nail bar",A Touch of Beauty,Class 1,Vacant,Class 1,Class 1,44A EAST TRINITY ROAD,EH5 3DJ,1875
322483.5121,675437.526799999,launderette,Premier Launderette & Linen,Class 1,Vacant,Vacant,Class 1,18 EASTER DRYLAW BANK,EH4 2QN,1876
322481.496,675444.4153,dwelling,dwelling,Class 1,Class 4,Class 4,Class 9, , ,1877
322479.8158,675450.4637,upholsterers,DJ Lamb Upholsterers,Class 1,Class 1,Vacant,Class 4,24 EASTER DRYLAW BANK,EH4 2QN,1878
322478.4718,675456.3441,fishmonger,J Gowans,Class 1,Class 1,Class 1,Class 1,26 EASTER DRYLAW BANK,EH4 2QN,1879
322476.7916,675462.5605,dwelling,dwelling,Class 1,Vacant,Vacant,Class 9, , ,1880
322442.8948,675586.1052,grocer / convenience store,Key Store, , ,Class 1,Class 1,20 EASTER DRYLAW PLACE,EH4 2QF,1881
322439.7897,675595.0,glazier,JW Glazing,Vacant,Class 1, ,Class 4,24-26 EASTER DRYLAW PLACE,EH4 2QF,1882
322436.8948,675604.0374,butcher,Drylaw Butchers, , ,Vacant,Class 1,22 EASTER DRYLAW PLACE,EH4 2QF,1883
322417.9848,675597.744200001,vacant,vacant, , ,Vacant,Vacant,34 EASTER DRYLAW PLACE,EH4 2QF,1884
326920.8492,674532.120200001,videotape hire,Movie Xpress,Class 1,Class 1,Class 1,Class 1,1B EASTER ROAD,EH7 5PH,1885
326921.5763,674538.906500001,optician,20/20 Opticians,Vacant,Class 1,Class 1,Class 1,1C-3 EASTER ROAD,EH7 5PH,1886
326922.9695,674547.7576,vacant,vacant,Class 1,Class 1,Vacant,Vacant, , ,1887
326923.2118,674552.8473,gifts / rafts,Eero Riley,Vacant,Class 1,Class 1,Class 1,7 EASTER ROAD,EH7 5PH,1888
326926.7252,674587.274800001,solicitors & estate agents,MacKay Sinclair WS,Class 2,Class 2,Class 2,Class 2,11-15 EASTER ROAD,EH7 5PJ,1889
326930.0,674599.4561,hairdresser,Hairsute,Class 1,Class 1,Class 1,Class 1,17 EASTER ROAD,EH7 5PJ,1890
326930.4847,674603.334000001,video games,Gamez 4U,Class 1,Class 1,Class 1,Class 1,19 EASTER ROAD,EH7 5PJ,1891
326930.7271,674607.2118,charity shop,Lothian Cat Rescue,Class 1,Class 1,Class 1,Class 1,23 EASTER ROAD,EH7 5PJ,1892
326931.4542,674611.0897,sex shop,Leather & Lace Fantasies,Class 1,Class 1,Class 1,Class 1,25 EASTER ROAD,EH7 5PJ,1893
326931.9389,674617.091600001,vacant,vacant,Class 1,Class 1,Class 1,Vacant,27-29 EASTER ROAD,EH7 5PJ,1894
326932.666,674621.2118,locksmith,XS Locksmith,Class 1,Class 1,Vacant,Class 1,33 EASTER ROAD,EH7 5PJ,1895
326933.1508,674626.3015,mens clothing & suit hire,Bowdens,Class 1,Class 1,Class 1,Class 1,35(1)-37 EASTER ROAD,EH7 5PJ,1896
326934.1508,674635.9408,Tattoo parlour,The Alchemist's Cave,Class 1,Class 1,Class 1,Class 2,39 EASTER ROAD,EH7 5PL,1897
326935.1202,674642.2424,solicitors & estate agents,Valente McCombie & Hunter,Class 2,Class 2,Class 2,Class 2,43-45 EASTER ROAD,EH7 5PL,1898
326935.9695,674651.4256,dental surgery,Dentist,Class 2,Class 2,Class 2,Class 2, , ,1899
326936.4542,674655.303400001,hairdresser,Trimmers,Class 1,Class 1,Class 1,Class 1,49 EASTER ROAD,EH7 5PL,1900
326936.9389,674659.181299999,mobile phones,Adeel,Class 1,Class 1,Class 1,Class 1,53 EASTER ROAD,EH7 5PL,1901
326937.4237,674663.3015,hearing aids,Better Hearing Centre,Class 1,Class 1,Class 2,Class 2,55 EASTER ROAD,EH7 5PL,1902
326938.8168,674670.091600001,Hairdresser,Kool Kutz,Vacant,Class 4,Class 1,Class 1,57 EASTER ROAD,EH7 5PL,1903
326939.5439,674674.696599999,grocer,M & S Foodstore,Class 1,Class 1,Class 1,Class 1,59 EASTER ROAD,EH7 5PL,1904
326940.271,674682.937000001,betting shop,Ladbrokes,Class 2,Vacant,Class 2,Class 2,63-65 EASTER ROAD,EH7 5PL,1905
326943.9981,674703.9103,public house,Middletons,SUI GENERIS,SUI GENERIS,SUI GENERIS,SUI GENERIS,69 EASTER ROAD,EH7 5PW,1906
326944.7252,674708.2729,hairdresser,All About You,Class 1,Class 2,Class 2,Class 1,73 EASTER ROAD,EH7 5PW,1907
326945.4523,674712.877900001,hairdresser,Essence,Class 1,Class 1,Vacant,Class 1,75 EASTER ROAD,EH7 5PW,1908
326945.937,674717.240499999,charity shop,People First Scotland,Class 1,Class 1,Class 1,Class 1,77-79 EASTER ROAD,EH7 5PW,1909
326946.8779,674723.091600001,vacant,vacant,Class 1,Class 1,Vacant,Vacant,81 EASTER ROAD,EH7 5PW,1910
326947.605,674728.181299999,second hand furniture,unknown,Class 1,Class 1,Class 1,Class 1,85 EASTER ROAD,EH7 5PW,1911
326948.3321,674733.7557,hot food take-away,Shapla,Class 1,SUI GENERIS,SUI GENERIS,SUI GENERIS,87 EASTER ROAD,EH7 5PW,1912
326949.2424,674740.9408,vacant,vacant,Vacant,Class 1,Vacant,Vacant,89 EASTER ROAD,EH7 5PW,1913
326949.7271,674744.818700001,second hand furniture,unknown,Vacant,Class 1,Class 1,Class 1,91 EASTER ROAD,EH7 5PW,1914
326950.2118,674748.938899999,second hand furniture,House Clearances,Class 1,Class 1,Class 1,Class 1,95 EASTER ROAD,EH7 5PW,1915
326950.9389,674752.8168,removals,Man & Van,Class 1,Vacant,Class 4,Class 2,97 EASTER ROAD,EH7 5PW,1916
326951.9084,674758.334000001,hairdresser,Smart Cut,Class 1,Class 2,Class 1,Class 1,99 EASTER ROAD,EH7 5PP,1917
326952.6355,674762.938899999,vacant,vacant,Class 1,Class 1,SUI GENERIS,Vacant,101 EASTER ROAD,EH7 5PP,1918
326953.1202,674767.5439,accountant,Tax Assist Accountant,Class 2,Class 2,Vacant,Class 2,105-107 EASTER ROAD,EH7 5PP,1919
326958.605,674803.271,hot food take-away (Chinese),Skyway,SUI GENERIS,SUI GENERIS,SUI GENERIS,SUI GENERIS,127 EASTER ROAD,EH7 5PP,1920
326967.9389,674870.818700001,restaurant (Italian),Al Dente,Class 3,Class 3,Class 3,Class 3,139 EASTER ROAD,EH7 5QA,1921
326977,674981,grocer,Ali's Convenience Store,Class 1,Class 1,Class 1,Class 1,169 EASTER ROAD,EH7 5QB,1922
326989.2599,675051.370100001,vacant,vacant,UNKNOWN USE,UNKNOWN USE,Vacant,Vacant,177-185 EASTER ROAD,EH6 8LF,1923
326991.8032,675067.370100001,furniture,Furniture Centre,Class 1,Class 1,Class 1,Class 1,187-193 EASTER ROAD,EH6 8LF,1924
326993.5197,675080.110200001,vacant,vacant,Class 1,Vacant,Vacant,Vacant,197-199 EASTER ROAD,EH6 8LF,1925
326994.6063,675087.716499999,public house,Iona Bar,SUI GENERIS,SUI GENERIS,SUI GENERIS,SUI GENERIS,203 EASTER ROAD,EH6 8LF,1926
326955.4237,674625.2424,solicitors & estate agents,Shield & Kydd, , ,Class 2,Class 2,100-104 EASTER ROAD,EH7 5RH,1927
326956.3645,674634.061100001,baker,Greggs,Class 1,Class 1,Class 1,Class 1,106 EASTER ROAD,EH7 5RH,1928
326957.0916,674639.877900001,amusements,Amusements,Class 3,Class 3,Class 11,Class 11,110-112 EASTER ROAD,EH7 5RH,1929
326958.7595,674653.271,supermarket,Scotmid,Class 1,Class 1,Class 1,Class 1,114-118 EASTER ROAD,EH7 5RH,1930
326964.6355,674684.605,hot food take-away,Giovanni, , ,SUI GENERIS,SUI GENERIS,122-124 EASTER ROAD,EH7 5RJ,1931
326965.8779,674692.665999999,restaurant (Indian),Rivage, , ,Vacant,Class 3,126-130 EASTER ROAD,EH7 5RJ,1932
326966.5153,674699.181299999,pets & pet supplies,Capital Pets,Class 1,Class 1,Class 1,Class 1,134 EASTER ROAD,EH7 5RJ,1933
326967.0,674703.0592,vacant,vacant,Class 4,Class 1,Class 1,Vacant,136 EASTER ROAD,EH7 5RJ,1934
326967.8492,674708.1832,betting shop,William Hill,Class 1,Class 1,Class 1,Class 2,138-140(GF) EASTER ROAD,EH7 5RJ,1935
326970.0,674724.5458,second hand furniture,unknown,Class 1,Class 1,Class 1,Class 1,148 EASTER ROAD,EH7 5RL,1936
326970.4847,674728.665999999,furniture,Bra Bohag,Class 1,Vacant,Class 1,Class 1,150 EASTER ROAD,EH7 5RL,1937
326971.9084,674740.240499999,public house,Utopia, , ,SUI GENERIS,SUI GENERIS,154 EASTER ROAD,EH7 5RL,1938
326972.6374,674745.5744,vacant,vacant,Class 1,Class 1,Class 1,Vacant,162 EASTER ROAD,EH7 5RL,1939
326991.334,674851.547700001,vacant,vacant,Class 4,Class 1,Vacant,Vacant, , ,1940
326991.8187,674856.1527,hairdresser,fairy tales,Class 4,Class 1,Vacant,Class 1,178 EASTER ROAD,EH7 5QQ,1941
326992.5458,674860.2729,vacant,vacant,Vacant,Vacant,Vacant,Vacant,178A EASTER ROAD,EH7 5QQ,1942
326993.0305,674864.393100001,financial services,Pomoc W UK,Vacant,Vacant,Class 1,Class 2,180 EASTER ROAD,EH7 5QQ,1943
326994.0,674868.9981,grocer,Neptun,Vacant,Vacant,Class 1,Class 1,184 EASTER ROAD,EH7 5QQ,1944
327001.7637,674928.110200001,n/t/c,Albion Convienence Store,Class 1,Class 1,Class 1,Class 1,190 EASTER ROAD,EH7 5QH,1945
326155.4715,676368.431299999,car sales,Howard Johnstone, , ,SUI GENERIS,SUI GENERIS,120 FERRY ROAD,EH6 4PG,1946
326149.0901,676367.3643,hot food take away (Chinese),Hung Fung,Vacant,Vacant,Vacant,SUI GENERIS,124 FERRY ROAD,EH6 4PG,1947
326143.2492,676366.3213,cafe,Mackenzie's, , ,Class 1,Class 3,124B FERRY ROAD,EH6 4PG,1948
326136.6702,676365.1099,grocer (lic.),Premier Express,Class 1,Class 1, ,Class 1,124A FERRY ROAD,EH6 4PG,1949
326130.3131,676363.642899999,PC repair & maintenance,S.I. Computers,Class 4,Vacant,Class 1,Class 1,130 FERRY ROAD,EH6 4PG,1950
326124.445,676362.664899999,haidresser,Lynda Miller,Class 1,Class 1,Class 1,Class 1,132 FERRY ROAD,EH6 4PG,1951
326103.967,676356.609999999,hot food take-away (Chinese),Ginger Express,Class 4,Vacant,SUI GENERIS,SUI GENERIS,134 FERRY ROAD,EH6 4PQ,1952
326099.7968,676355.3902,electrical spares and repairs,Radio Electrics,Class 1,Class 1,Class 1,Class 1,136 FERRY ROAD,EH6 4PQ,1953
326095.5167,676354.4122,accountants,Lockley Associates,Class 1,Class 1,Vacant,Class 2,140 FERRY ROAD,EH6 4PQ,1954
326091.2969,676353.3737,grocer,Eight Days A Week,Class 1,Class 1,Class 1,Class 1,142 FERRY ROAD,EH6 4PQ,1955
326087.4454,676352.4066,printers,Ocean Signs,Vacant,Class 1,Class 4,Class 4,142A FERRY ROAD,EH6 4NX,1956
326065.8241,676347.5989,vacant,vacant,Class 1,Class 4,Class 2,Vacant,144 FERRY ROAD,EH6 4NX,1957
326060.445,676345.642899999,office,TELIT (Thematic Evangelistic Literature),Class 4,Class 4,Class 4,Class 4,144A FERRY ROAD,EH6 4NX,1958
326012.4943,676336.044,heating,Domestic Gas Services,Class 1,Class 1,Class 1,Class 4,152 FERRY ROAD,EH6 4NX,1959
326004.6702,676334.577,builders,Rydale Building Ltd.,Vacant,Class 1,Class 4,Class 4,154 FERRY ROAD,EH6 4NX,1960
327003.8504,674941.110200001,vacant,vacant,Class 1,Vacant,Vacant,Vacant,196 EASTER ROAD,EH7 5QH,1961
327009.937,674979.629899999,betting shop,Goodbet,Class 2,Vacant,Class 2,Class 2,212 EASTER ROAD,EH7 5QH,1962
327010.4803,674985.062999999,public house,Four In Hand,SUI GENERIS,SUI GENERIS,SUI GENERIS,SUI GENERIS,216-218 EASTER ROAD,EH7 5QH,1963
327014.1968,675012.283500001,security services,Chattan Security,Class 4,Class 4,Class 4,Class 4,220 EASTER ROAD,EH6 8LE,1964
327014.7401,675019.3465,vacant,vacant,Class 4,Class 4,Class 4,Vacant,222 EASTER ROAD,EH6 8LE,1965
327019.4567,675053.1732,d.i.y.,B & Q,Class 1,Class 1,Class 1,Class 1,234-246 EASTER ROAD,EH6 8LE,1966
327046.6184,675231.4285,public house,Tamson's Bar,SUI GENERIS,SUI GENERIS,SUI GENERIS,SUI GENERIS,280 EASTER ROAD,EH6 8JU,1967
327064.9683,675335.221899999,sauna & massage parlour,Carol's, , ,Class 11,Class 11,320-322 EASTER ROAD,EH6 8JT,1968
327066.1364,675342.820599999,betting shop,Sean Graham,Class 2,Class 2,Class 2,Class 2,326 EASTER ROAD,EH6 8JT,1969
327197.9515,675639.9506,public house,Persevere, , ,SUI GENERIS,SUI GENERIS,390-394 EASTER ROAD,EH6 8HT,1970
332631.2006,673159.157,vacant,vacant,Class 1,Class 4,Vacant,Vacant,49 EASTFIELD,EH15 2PN,1971
332628.2674,673162.0901,office,Mortgage Management,Vacant,Class 4,Class 1,Class 4,48 EASTFIELD,EH15 2PN,1972
326993.8473,674654.3015,electronics,audiolight systems,Class 4,Class 4,Class 1,Class 1,12 EDINA PLACE,EH7 5RP,1973
326891.6374,674711.6985,vacant,vacant,Class 4,Vacant,Vacant,Vacant,10 EDINA STREET,EH7 5PN,1974
314933.4129,673684.206499999,take-away food,Campsie Snacks, , ,Class 1,Class 1,(98E) EDINBURGH AIRPORT,EH12 9DN,1975
312185.1064,672867.838300001,car showroom,Lexus Edinburgh, , ,SUI GENERIS,SUI GENERIS,11 EDINBURGH ROAD,EH28 8SP,1976
313253.9717,678305.9509,restaurant,Bella Vista, , ,Class 3,Class 3,23 EDINBURGH ROAD,EH30 9HR,1977
313228.0,678299.7884,public house,Anchor Inn, , ,SUI GENERIS,SUI GENERIS,10 EDINBURGH ROAD,EH30 9HR,1978
313236.2116,678299.269400001,vacant,vacant, , ,Vacant,Vacant,12-14 EDINBURGH ROAD,EH30 9HR,1979
327476,676375,vacant,vacant,Class 4,Class 4,Class 4,Vacant,47 ELBE STREET,EH6 7HP,1980
327483,676388,vacant,vacant,Class 1,Vacant,Vacant,Vacant,59 ELBE STREET,EH6 7HP,1981
325750.6751,674276.5514,optician,Jack Brown Eyecare,Class 1,Class 1,Class 1,Class 1,30(GF) ELDER STREET,EH1 3DX,1982
325749.1165,674281.871099999,café,The Underground Café,SUI GENERIS,SUI GENERIS,Class 3,Class 3,34 ELDER STREET,EH1 3DX,1983
326890.1221,674688.5134,shoe repairs,Hutton's,Class 1,Class 1,Class 1,Class 1,11 ELGIN TERRACE,EH7 5NN,1984
326891.8779,674716.335899999,home brew supplies,Edina Home Brew,Class 1,Class 1,Class 1,Class 1,14 ELGIN TERRACE,EH7 5NW,1985
326181.1427,674528.8181,grocer,S. Singh & Sons,Class 1,Class 1,Class 1,Class 1,1 ELM ROW,EH7 4AA,1986
326181.9216,674536.6623,café,Elm Row Café and Diner,Class 1,Class 1,Class 1,Class 3,3 ELM ROW,EH7 4AA,1987
326183.9477,674540.5458,travel agent,Murray Travel,Class 1,Class 1,Class 1,Class 1,3A ELM ROW,EH7 4AA,1988
326187.9216,674547.3638,betting shop,Ladbrokes,Class 2,Class 2,Class 2,Class 2,4 ELM ROW,EH7 4AA,1989
326191.7658,674554.052300001,"records, tapes, cds",Vinyl Villains,Class 1,Class 1,Class 1,Class 1,5 ELM ROW,EH7 4AA,1990
326196.1939,674561.3497,public house,The Elm Bar,SUI GENERIS,SUI GENERIS,SUI GENERIS,SUI GENERIS,7-8 ELM ROW,EH7 4AA,1991
326201.6362,674570.0,restaurant,Jolly,Class 3,Class 3,Class 3,Class 3,9 ELM ROW,EH7 4AA,1992
326205.0131,674576.247300001,chemist,Lindsay & Gilmour,Class 1,Class 1,Class 1,Class 1,11 ELM ROW,EH7 4AA,1993
326208.61,674583.8573,dry cleaner,Johnsons,Class 1,Class 1,Class 1,Class 1,12 ELM ROW,EH7 4AA,1994
326211.9477,674589.6885,outdoor equipment & clothing,Blacks,Class 1,Class 1,Class 1,Class 1,14 ELM ROW,EH7 4AA,1995
326213.7527,674593.272299999,vacant,vacant,Class 1,Class 1,Class 1,Vacant,15 ELM ROW,EH7 4AA,1996
326216.6242,674597.8203,hot food take-away,Olimpos,SUI GENERIS,SUI GENERIS,SUI GENERIS,SUI GENERIS,16 ELM ROW,EH7 4AA,1997
326219.1569,674602.2103,beting shop,william Hill,Class 3,Class 3,Class 3,Class 2,18 ELM ROW,EH7 4AA,1998
326224.0904,674611.6623,delicatessen,Valvona & Crolla,Class 1,Class 1,Class 1,Class 1,19 ELM ROW,EH7 4AA,1999
326228.7919,674620.7015,n/t/c & post office,Post Office,Class 1,Class 1,Class 1,Class 1,20 ELM ROW,EH7 4AA,2000
326230.9869,674625.091499999,baker,Greggs,Class 1,Class 1,Class 1,Class 1,21 ELM ROW,EH7 4AA,2001
326235.7919,674631.909600001,public house,Joseph Pearce,SUI GENERIS,SUI GENERIS,SUI GENERIS,SUI GENERIS,23 ELM ROW,EH7 4AA,2002
326105.3518,676329.1372,public house,Sports and Music Bar,SUI GENERIS,SUI GENERIS,SUI GENERIS,SUI GENERIS,145 FERRY ROAD,EH6 4ET,2003
326078.3791,676322.824100001,betting shop,Scotbet,Vacant,Class 2,Class 2,Class 2,147 FERRY ROAD,EH6 4NJ,2004
322425.0829,675632.5713,chemist,Dears Pharmacy,Class 1,Class 1,Class 1,Class 1,645 FERRY ROAD,EH4 2TX,2005
322433.5865,675634.330600001,moneylenders,Money Stattion, , ,Class 1,Class 2,645A FERRY ROAD,EH4 2TX,2006
322405.361,675626.0374,frozen food,Farmfoods,Class 1,Class 1,Class 1,Class 1,647 FERRY ROAD,EH4 2TX,2007
322395.1203,675623.0,funeral directos,McKenzie & Millar,Class 1,Class 1,Class 1,Class 1,649 FERRY ROAD,EH4 2TX,2008
322389.4135,675621.879699999,doctor's surgery,Surgery,Class 2,Class 2,Class 2,Class 2, , ,2009
322385.0,675621.4661,hairdresser,Cut 'n' Curl,Class 1,Class 1,Class 1,Class 1,653 FERRY ROAD,EH4 2TX,2010
322379.7068,675620.879699999,opticians,For Eyes,Class 2,Class 1,Class 1,Class 1,655 FERRY ROAD,EH4 2TX,2011
322372.4135,675619.864499999,grocer,Fair Price,Class 1,Class 1,Class 1,Class 1,657-659 FERRY ROAD,EH4 2TX,2012
322364.4135,675618.172900001,advice bureau,Citizen's Advice Bureau,Class 2,Class 2,Class 2,Class 2,661 FERRY ROAD,EH4 2TX,2013
326245.2331,674669.609999999,grocer,Elm Row Grocer and Off License,Class 1,Class 1,Class 1,Class 1,25-26 ELM ROW,EH7 4AH,2014
326247.9346,674673.4935,photo processing,A.&.M. Photographics,Class 1,Class 1,Class 1,Class 1,27 ELM ROW,EH7 4AH,2015
326250.9739,674677.5458,hairdresser,Neil Barton,Class 1,Class 1,Class 4,Class 1,28 ELM ROW,EH7 4AH,2016
326254.0131,674681.597999999,florist,Garlands,Class 1,Class 1,Class 1,Class 1,29 ELM ROW,EH7 4AH,2017
326258.0904,674687.246200001,hot food take-away,Mumtus Mahal,Class 3,Class 1,SUI GENERIS,SUI GENERIS,30 ELM ROW,EH7 4AH,2018
326260.6231,674690.6231,computer printer ink,Capital Cartridges,Class 1,Vacant,Vacant,Class 1,31 ELM ROW,EH7 4AH,2019
326263.3246,674694.1688,hot food take-away,Bites Takeaway,Vacant,Class 1,SUI GENERIS,SUI GENERIS,33 ELM ROW,EH7 4AH,2020
326266.195,674697.883400001,clothing,Workwear direct,Class 1,Class 11,Class 1,Class 1,34 ELM ROW,EH7 4AH,2021
326270.1166,674702.778899999,greengrocer,Tattie Shaws,Class 1,Class 1,Class 1,Class 1,35 ELM ROW,EH7 4AH,2022
326273.1558,674706.4935,fancy goods,The Cats Miaou,Class 1,Class 1,Class 1,Class 1,36 ELM ROW,EH7 4AH,2023
326276.195,674710.714600001,restaurant,No.1 Chinese,Class 3,Class 3,Class 3,Class 3,38-39 ELM ROW,EH7 4AH,2024
326292.6754,674732.0131,public house,Windsor Buffet,SUI GENERIS,SUI GENERIS,SUI GENERIS,SUI GENERIS,45 ELM ROW,EH7 4AH,2025
326297.2593,674738.3508,vacant,vacant,Class 1,Class 1,Class 1,Vacant,47 ELM ROW,EH7 4AH,2026
326299.9608,674741.896500001,clothing / fabrics,Laiba Boutique,Vacant,Class 1,Class 1,Class 1,48 ELM ROW,EH7 4AH,2027
326305.2593,674748.778899999,fabrics,Bombay Fabrics, , ,Class 1,Class 1,50 ELM ROW,EH7 4AH,2028
326309.4804,674754.6885,travel agent,Travel 4U,Class 1,Class 1,Class 1,Class 1,51 ELM ROW,EH7 4AH,2029
326311.5065,674757.558800001,sports clothing,Thompson Sports,Class 1,Class 1,Class 1,Class 1,53 ELM ROW,EH7 4AH,2030
326314.7396,674761.609999999,ladies clothing,Reshums Collection,Class 1,Class 1,Class 1,Class 1,54 ELM ROW,EH7 4AQ,2031
326317.1035,674764.4804,hairdresser,Ross McCulloch,Class 1,Class 1,Class 1,Class 1,55 ELM ROW,EH7 4AQ,2032
326319.805,674767.8573,hot food take-away,Avanti,SUI GENERIS,Class 1,SUI GENERIS,SUI GENERIS,57 ELM ROW,EH7 4AQ,2033
326322.0,674770.896500001,grocer,Nasaf Store,Class 1,Class 1,Class 1,Class 1,58 ELM ROW,EH7 4AQ,2034
326325.415,674775.1296,vacant,vacant,Vacant,Class 1,Vacant,Vacant,59 ELM ROW,EH7 4AQ,2035
326328.2854,674778.8442,sex shop,Private Lines,Vacant,Class 1,Class 1,Class 1,60 ELM ROW,EH7 4AQ,2036
326330.3115,674781.5458,café,Fresh Grind Coffee house,SUI GENERIS,SUI GENERIS,SUI GENERIS,Class 3,62 ELM ROW,EH7 4AQ,2037
326332.3377,674784.416099999,printers,Minure man press,Vacant,Vacant,Class 1,Class 4,63 ELM ROW,EH7 4AQ,2038
326335.4281,674787.805,hairdresser,Venus,Class 1,Class 1,Class 1,Class 1,64 ELM ROW,EH7 4AQ,2039
326338.6362,674792.0261,Beuty therapist,Original Beauty,Class 1,Class 1,Vacant,Class 1,65 ELM ROW,EH7 4AQ,2040
326342.0131,674795.909600001,toys,Harburn Hobbies,Class 1,Class 1,Class 1,Class 1,67 ELM ROW,EH7 4AQ,2041
326344.7658,674800.3115,grocer,Punjab Store,Class 1,Class 1,Class 1,Class 1,68 ELM ROW,EH7 4AQ,2042
326347.9739,674804.7015,betting shop,Macbet,Class 2,Class 2,Class 2,Class 2,69 ELM ROW,EH7 4AQ,2043
326350.6754,674808.585000001,public house,Brunswick Lounge,SUI GENERIS,SUI GENERIS,SUI GENERIS,SUI GENERIS,71 ELM ROW,EH7 4AQ,2044
326353.5969,674813.0,household goods,Adeel,Class 1,Class 1,Class 1,Class 1,72 ELM ROW,EH7 4AQ,2045
326356.4673,674816.883400001,tattoo studio,Bill's Tattoo Studio,Class 2,Class 2,Class 2,Class 2,73 ELM ROW,EH7 4AQ,2046
326359.1688,674820.260399999,mobile phones,leomax,Class 1,Class 1,Class 1,Class 1,75 ELM ROW,EH7 4AQ,2047
331680.1328,673418.9911,hot food take-away (Chinese),China Express,Class 3,SUI GENERIS,SUI GENERIS,SUI GENERIS,37-38 ESPLANADE TERRACE,EH15 2ES,2048
326148.1245,670935.250299999,office,no name on fascia,Vacant,Vacant,Vacant,Class 4,1 EVA PLACE,EH9 3ET,2049
325267.9114,674904.734300001,interior design,Project,Class 4,Class 4,Class 4,Class 4,21 EYRE PLACE,EH3 5EX,2050
325323.2782,674982.278999999,public house,Smithies,SUI GENERIS,SUI GENERIS,SUI GENERIS,SUI GENERIS,49-51 EYRE PLACE,EH3 5EY,2051
325204.656,674843.114700001,restaurant,L'Artichaut,Class 3,Class 3,Class 3,Class 3,14 EYRE PLACE,EH3 5EP,2052
325210.9124,674846.5132,restaurant,Pierre Victoire,Class 3,Class 3,Class 3,Class 3,18 EYRE PLACE,EH3 5EP,2053
325333.8143,674960.185699999,photocopier supply & service,Relay Communications,Class 1,Class 1,Class 1,Class 4,68 EYRE PLACE,EH3 5EJ,2054
324600.8708,671307.9438,children's clothing - schoolwear & sportswear,Aitken & Niven, , ,Class 1,Class 1,"4A FALCON ROAD, WEST",EH10 4AB,2055
319646.9749,672955.3543,hot food take-away (Indian),The Curry House,Class 1,Vacant,SUI GENERIS,SUI GENERIS,5 FEATHERHALL AVENUE,EH12 7TG,2056
319648.3166,672948.9811,chemist,Rowlands Pharmacy,Class 1,Class 1,Class 1,Class 1,5A FEATHERHALL AVENUE,EH12 7TG,2057
329477.0,669230.316500001,dwellings,dwellings, , ,SUI GENERIS,Class 9, , ,2058
329190.9432,668790.629899999,chemist,Lloyds Pharmacy,Class 1,Class 1,Class 1,Class 1,2 FERNIEHILL ROAD,EH17 7AB,2059
329468,669274,betting shop,Fernieside Racing,Class 2,Class 2,Class 2,Class 2,66A FERNIESIDE CRESCENT,EH17 7HR,2060
326509.3668,676434.3791,building contractor,Traditional Roofing & Building Ltd,Class 4,Class 4,Class 4,Class 4,5 FERRY ROAD,EH6 4AD,2061
326505.0369,676433.6066,picture framer (office),C.M. Marr,Class 4,Class 4,Class 4,Class 4,7 FERRY ROAD,EH6 4AD,2062
326500.9488,676432.7459,vacant,vacant,Class 1,Class 1,Vacant,Vacant,9 FERRY ROAD,EH6 4AD,2063
326481.291,676427.7971,vacant,vacant,Class 2,Class 1,UNKNOWN USE,Vacant,17 FERRY ROAD,EH6 4AD,2064
326473.7602,676425.8607,clothing alterations,Tailor (J.D. Ross), , ,Class 1,Class 1,21 FERRY ROAD,EH6 4AD,2065
326467.0758,676424.1393,dental surgery,Richard Barron & Associates, , ,Class 2,Class 2, , ,2066
326456.0389,676421.2787,stained glass windows,Andrew Johnston Stained Glass Art,SUI GENERIS,Class 2,Class 1,Class 4,29 FERRY ROAD,EH6 4AD,2067
326449.9488,676419.5943,hairdresser,Sections,Class 1,Class 1,Class 1,Class 1,33 FERRY ROAD,EH6 4AD,2068
326430.0246,676414.227499999,dwelling,dwelling,Vacant,Vacant,Class 9,Class 9,39 FERRY ROAD,EH6 4AF,2069
326426.1517,676413.151699999,vacant,vacant,Class 1,Class 2,Class 2,Vacant,43 FERRY ROAD,EH6 4AF,2070
326422.0635,676412.0758,hairdresser,Muse,Class 1,Class 1,Class 1,Class 1,45 FERRY ROAD,EH6 4AF,2071
326416.0123,676410.5943,hot food take-away,Paprika,Class 1,SUI GENERIS,SUI GENERIS,SUI GENERIS,47 FERRY ROAD,EH6 4AF,2072
326410.8483,676409.303300001,vacant,vacant,Class 1,Class 1,Class 4,Vacant,49 FERRY ROAD,EH6 4AF,2073
326405.8995,676408.0123,n/t/c & grocer,Ferry Road Newsagents,Class 4,Class 1,Class 1,Class 1,53 FERRY ROAD,EH6 4AF,2074
326285.3813,676364.3281,petrol filling station & shop,B.P. Express Shopping, , ,Class 1,Class 1,77 FERRY ROAD,EH6 4AQ,2075
326226.291,676358.582,solicitors,Edinburgh + Leith Property (SLC solicitors),Class 4,Vacant,Class 2,Class 2,99 FERRY ROAD,EH6 4ET,2076
326191.978,676351.423,launderette,Trinity Launderette,Class 1,Vacant,Class 4,Class 1,109 FERRY ROAD,EH6 4ET,2077
326186.5989,676349.956,"trophies, engraving",Alpha Trophies Scotland,Vacant,Class 1,Class 1,Class 1,111 FERRY ROAD,EH6 4ET,2078
326179.956,676348.269099999,grocer / convenience store,Scotmid,Vacant,Class 1,Class 1,Class 1,113 FERRY ROAD,EH6 4ET,2079
326174.088,676347.291099999,vacant,vacant,Class 1,Class 1,Class 1,Vacant,117 FERRY ROAD,EH6 4ET,2080
326166,676346,"post office, cards, gifts",Ferry Road Post Office,Class 1,Class 1,Class 1,Class 1,119-121 FERRY ROAD,EH6 4ET,2081
326155.7089,676343.0712,chemist,Boots, ,Class 4,Class 4,Class 1,123 FERRY ROAD,EH6 4ET,2082
326122.511,676333.934,hot food take-away,Gold Sea Fish Bar,Class 1,Class 1,SUI GENERIS,SUI GENERIS,137-141 FERRY ROAD,EH6 4ET,2083
322357.0,675617.0526,n/t/c & post office,R.S. McColl,Class 1,Class 1,Class 1,Class 1,663-667 FERRY ROAD,EH4 2TX,2084
322343.5865,675615.172900001,baker,Mathieson,Class 1,Class 1,Class 1,Class 1,669 FERRY ROAD,EH4 2TX,2085
322339.0,675614.4661,hot food take-away,Papps's, , ,SUI GENERIS,SUI GENERIS,671 FERRY ROAD,EH4 2TX,2086
322333.1203,675613.172900001,winde merchant,Haddows, , ,Class 1,Class 1,673 FERRY ROAD,EH4 2TX,2087
322328.0,675612.759400001,hot food take-away (Chinese),Mister Lee's,SUI GENERIS,SUI GENERIS,SUI GENERIS,SUI GENERIS,675 FERRY ROAD,EH4 2TX,2088
322321.2406,675611.759400001,hot food take-away (pizza),Dominos Pizza,Class 11,Class 11,Class 11,SUI GENERIS,677-679 FERRY ROAD,EH4 2TX,2089
322313.0,675610.4661,moneylenders,Cheque Centre,Class 2,Class 2,Class 2,Class 2,681 FERRY ROAD,EH4 2TX,2090
322299.0,675608.0526,betting shop,William Hill,SUI GENERIS,SUI GENERIS,Vacant,Class 2,683(01) FERRY ROAD,EH4 2TX,2091
326426.0794,676436.2556,funeral director,William Purves, , ,Class 2,Class 1,28(03)-30 FERRY ROAD,EH6 4AE,2092
326419.5431,676434.911900001,fiuneral director,William Purves,Class 1,Class 1, ,Class 1,32-34 FERRY ROAD,EH6 4AE,2093
326413.5185,676433.4057,takeaway,The Ferry Deli,Class 1,Class 1,Class 1,Class 1,36 FERRY ROAD,EH6 4AE,2094
326407.2787,676432.114700001,travel agent,Oceanic Travel,Class 1,Class 4,Class 1,Class 1,40 FERRY ROAD,EH6 4AE,2095
326396.2152,676435.0635,art gallery,mary b,Class 1,Class 4,Class 4,Class 1,44 FERRY ROAD,EH6 4AE,2096
326250.1046,676397.9739,car sales,Howard Johnstone,SUI GENERIS,SUI GENERIS,SUI GENERIS,SUI GENERIS,92 FERRY ROAD,EH6 4AH,2097
326242.6754,676396.6231,car sales,Howard Johnstone,Class 1,SUI GENERIS,SUI GENERIS,SUI GENERIS,94 FERRY ROAD,EH6 4AH,2098
326206.3131,676388.978,solicitors/estate agents,Edinburhg & Leith Property,Class 2,Class 2,Vacant,Class 2,98 FERRY ROAD,EH6 4PG,2099
326199.934,676379.044,photography,Ian Millar Photography,Class 1,Class 1,Class 1,Class 2,102 FERRY ROAD,EH6 4PG,2100
325997.8241,676333.1099,beauty and well being,Yuu,Class 4,Class 1,Class 1,Class 1,158-160 FERRY ROAD,EH6 4NX,2101
325990.0,676331.642899999,vacant,vacant,Class 1,Class 1,Class 1,Vacant,162 FERRY ROAD,EH6 4NX,2102
325857.2124,676301.451199999,infant swimming lessons,Waterbabies,Class 1,Vacant,Class 1,Class 11,182A FERRY ROAD,EH6 4NW,2103
324750.213,676029.3972,undertakers,William Purves  Funeral Directors Ltd.,Class 1,Class 1,Class 1,Class 1,318 FERRY ROAD,EH5 3NP,2104
324738.0723,676028.5452,bank,Royal Bank of Scotland,Class 2,Class 2,Class 2,Class 2,322-324 FERRY ROAD,EH5 3NP,2105
322557.9885,675992.977,office,Fresh Start, ,Class 1,Class 2,Class 2,22-24 FERRY ROAD DRIVE,EH4 4BR,2106
322573.4483,676009.977,African-Caribbean food,MBS Foods,Class 1,Vacant,Vacant,Class 1,34 FERRY ROAD DRIVE,EH4 4BR,2107
322578.5057,676014.275800001,grocer,Ann's Fruit Bazaar,Class 1,Class 1,Class 1,Class 1,36 FERRY ROAD DRIVE,EH4 4BR,2108
322566.5057,676051.678200001,hot food take-away (Chinese),Peking Garden,SUI GENERIS,SUI GENERIS,SUI GENERIS,SUI GENERIS,42 FERRY ROAD DRIVE,EH4 4DD,2109
322558.9196,676057.747099999,vacant,vacant,Class 1,Class 1,Class 1,Vacant,44 FERRY ROAD DRIVE,EH4 4DD,2110
322552.0921,676063.3103,grocer,Superstore,Class 1,Class 1,Class 1,Class 1,48 FERRY ROAD DRIVE,EH4 4DD,2111
312872.0,677577.745100001,restaurant & hot food take away,Burger King, , ,Class 3,Class 3,1 FERRYMUIR,EH30 9QZ,2112
312676,677607,supermarket - large,Tesco, , ,Class 1,Class 1,5 FERRYMUIR,EH30 9QZ,2113
312813.8467,677534.173,restaurant,Frankie & Benny's, , ,Class 3,Class 3,7 FERRYMUIR,EH30 9QZ,2114
323599,669353,dwellings,dwellings, , ,Class 1,Class 9, , ,2115
323599,669353,dwellings,dwellings, , ,SUI GENERIS,Class 9, , ,2116
325526,677036,wholesale fish merchant,W.G. Muirhead,Class 2,Class 2,Class 2,Class 2,3 FISHMARKET SQUARE,EH6 4LW,2117
323890.8143,672452.896400001,letting agents,ime Residential,Class 1,Class 1,Class 1,Class 2,21 FOWLER TERRACE,EH11 1DB,2118
323908.5357,672413.2786,Design Consultants,Base Station,Class 2,Class 4,Class 4,Class 4,31 FOWLER TERRACE,EH11 1DB,2119
325201.5706,673848.2059,handbags,Radley,Class 1,Class 1,Class 1,Class 1,3(GF) FREDERICK STREET,EH2 2EY,2120
325199.5059,673854.997099999,restaurant,Pizza Hut,Class 3,Class 3,Class 3,Class 3,5-7 FREDERICK STREET,EH2 2EY,2121
325197.6353,673861.3883,gifts,Past Times,Class 1,Class 1,Class 1,Class 1,7A FREDERICK STREET,EH2 2EY,2122
325193.8177,673876.791200001,ladies clothing,Country Casuals,Class 1,Class 1,Class 1,Class 1,9-11 FREDERICK STREET,EH2 2EY,2123
325195.7265,673867.791200001,café,Internet Café,Class 1,Class 4,Class 4,Class 3,13(PF) FREDERICK STREET,EH2 2EY,2124
325191.3529,673884.0118,public house & restaurant,Amicus Apple,SUI GENERIS,SUI GENERIS,SUI GENERIS,SUI GENERIS,17 FREDERICK STREET,EH2 2EY,2125
325187.1677,673898.144099999,building society,Skipton Building Society, , ,Class 2,Class 2,17A-19 FREDERICK STREET,EH2 2EY,2126
325181.3118,673914.2853,outdoor clothing,Barbour,Class 1,Class 1,Class 1,Class 1,21 FREDERICK STREET,EH2 2NE,2127
325179.0,673920.532400001,watches / jeweller,Laing Boutique,Class 1,Class 1,Class 1,Class 1,23 FREDERICK STREET,EH2 2ND,2128
325176.0,673929.661800001,general clothing,Trespass, , ,Class 1,Class 1,27 FREDERICK STREET,EH2 2ND,2129
325173.1294,673938.494100001,jeweller,Laing,Class 1,Class 1,Class 1,Class 1,29A FREDERICK STREET,EH2 2ND,2130
325170.7529,673946.2853,restaurant (mexican),Chiquito,Class 3,Class 3,Class 3,Class 3,31 FREDERICK STREET,EH2 2ND,2131
325144.8271,674029.3255,café,Eteaket, , ,Class 2,Class 3,37(BF1)-39 FREDERICK STRE,EH2 1EP,2132
325148.522,674018.979599999,hairdresser,CM Charlie Miller,Class 1,Class 1,Class 1,Class 1,37(GF)-39 FREDERICK STREE,EH2 1EP,2133
325146.5865,674024.240599999,sandwich shop,Le Sandwich, , ,Class 1,Class 1,41A FREDERICK STREET,EH2 1EP,2134
325141.8679,674039.0472,restaurant,Café Rouge, , ,Class 3,Class 3,43 FREDERICK STREET,EH2 1EP,2135
325137.1321,674052.237400001,hairdresser,Dickson Reid,Class 2,Class 1,Class 1,Class 1,47 FREDERICK STREET,EH2 1EP,2136
325135.2846,674058.1494,public house,Queen's Arms,SUI GENERIS,SUI GENERIS,SUI GENERIS,SUI GENERIS,49 FREDERICK STREET,EH2 1EP,2137
325130.217,674074.1085,"kitchen equipment, ranges, cookers, stoves",The Aga Shop, , ,Class 1,Class 1,51 FREDERICK STREET,EH2 1LH,2138
325528.9151,677059.885600001,public house,The Harbour Inn,SUI GENERIS,SUI GENERIS,SUI GENERIS,SUI GENERIS,4-6 FISHMARKET SQUARE,EH6 4LW,2139
330203.7421,674140.824899999,n/a,n/a, ,Class 1, ,UNKNOWN USE,5A FISHWIVES CAUSEWAY,EH15 1DF,2140
325862.2464,673714.876800001,take-away food,Yum Yum, ,Class 1,Class 1,Class 1,"14 FLESHMARKET CLOSE, ( 1",EH1 1BX,2141
325860.4155,673726.876800001,hairdresser (gents),Hair by Alfie,Class 1,Class 1,Class 1,Class 1,"18B FLESHMARKET CLOSE, (",EH1 1BX,2142
325858.5386,673735.031300001,public house,Jinglin Geordie,SUI GENERIS,SUI GENERIS,SUI GENERIS,SUI GENERIS,"21 FLESHMARKET CLOSE, ( 1",EH1 1BX,2143
325856.5845,673743.814099999,public house,Halfway House,SUI GENERIS,SUI GENERIS,SUI GENERIS,SUI GENERIS,"24 FLESHMARKET CLOSE, ( 1",EH1 1BX,2144
324671.4326,672159.8287,clothing & shoes (ladies & gents),Andiamo,Class 1,Class 1,Vacant,Class 1,27 FORBES ROAD,EH10 4EG,2145
324653.6236,672146.881999999,architects,Roxburgh McEwan,Class 1,Class 1,Class 4,Class 4,42 FORBES ROAD,EH10 4ED,2146
325700.6133,673253.0385,PC repairs,Laptop Repair Centre,Class 1,Class 2,Class 2,Class 1,1-5 FORREST ROAD,EH1 2QH,2147
325703.5304,673238.453299999,watches,Watch,Class 2,Class 1,Class 1,Class 1,3 FORREST ROAD,EH1 2QH,2148
325702.8563,673232.795600001,clothing (clubwear),Electric Cabaret,Class 1,Class 1,Class 1,Class 1,7 FORREST ROAD,EH1 2QH,2149
325701.917,673228.0,sandwich shop,Subway,Class 1,Class 2,Class 1,Class 1,11 FORREST ROAD,EH1 2QH,2150
325699.6519,673213.779300001,hairdresser,Venus Hair Design,Class 1,Class 1,Vacant,Class 1,13 FORREST ROAD,EH1 2QH,2151
325700.917,673222.2267,restaurant (Nepalese),Kathmandu,Class 3,Class 3,Class 3,Class 3,17-19 FORREST ROAD,EH1 2QH,2152
325698.4859,673207.4311,hot food take-away,Che,SUI GENERIS,SUI GENERIS,SUI GENERIS,SUI GENERIS,21 FORREST ROAD,EH1 2QH,2153
325697.6296,673201.939300001,public house,Sandy Bells,SUI GENERIS,SUI GENERIS,SUI GENERIS,SUI GENERIS,25 FORREST ROAD,EH1 2QH,2154
325695.3645,673187.7126,travel agent,STA Travel Ltd.,Class 2,Class 2,Class 1,Class 1,27 FORREST ROAD,EH1 2QS,2155
325694.5689,673180.2874,post office,Post Office,Class 1,Class 1,Class 1,Class 1,33 FORREST ROAD,EH1 2QP,2156
325692.8119,673170.530400001,optician,Thomas J. Walls,Class 1,Class 1,Class 1,Class 1,35 FORREST ROAD,EH1 2QP,2157
325692.2815,673165.756999999,charity shop,Shelter,Class 1,Class 1,Class 1,Class 1,39 FORREST ROAD,EH1 2QP,2158
325692.16,673157.651900001,baker,Greggs,Class 1,Class 1,Class 1,Class 1,43 FORREST ROAD,EH1 2QP,2159
325691.32,673154.032600001,chemist,Mackenzie & Co.,Class 1,Class 1,Class 1,Class 1,45 FORREST ROAD,EH1 2QP,2160
325690.5245,673147.9333,hot food take-away,Baguette Express,Class 1,Class 1,Class 1,SUI GENERIS,49 FORREST ROAD,EH1 2QP,2161
325689.9941,673142.099300001,travel agent,Student Flights,Class 2,Class 1,Class 1,Class 1,51-53 FORREST ROAD,EH1 2QP,2162
325688.9333,673135.469599999,coffee shop,Starbucks,Class 1,Class 3,Class 3,Class 3,55 FORREST ROAD,EH1 2QP,2163
325673.5526,673125.3926,bank,Royal Bank of Scotland,Vacant,Class 2,Class 2,Class 2,61 FORREST ROAD,EH1 2QP,2164
325724.8178,673195.7348,restaurant,Mums Great Comfort Food,Class 3,Class 3,Class 3,Class 3,4-4A FORREST ROAD,EH1 2QN,2165
325723.8785,673189.4474,take-away food,Uncle T's,Class 1,Class 1,Class 1,Class 1,8 FORREST ROAD,EH1 2QN,2166
325723.4696,673185.508199999,hot food take-away,Cappadocia,Class 3,Class 3,SUI GENERIS,SUI GENERIS,10 FORREST ROAD,EH1 2QN,2167
325722.5585,673179.916999999,public house,Malones,Class 1,Class 1,SUI GENERIS,SUI GENERIS,14 FORREST ROAD,EH1 2QN,2168
325721.083,673167.84,restaurant (British),Monster Mash Café,Class 1,Class 3,Class 3,Class 3,18-20 FORREST ROAD,EH1 2QN,2169
325719.8178,673159.7348,grocer & n/t/c,Premier,Class 4,Class 1,Class 1,Class 1,24 FORREST ROAD,EH1 2QN,2170
325719.1437,673153.2652,charity shop,Salvation Army,Class 4,Class 1,Class 1,Class 1,26 FORREST ROAD,EH1 2QN,2171
325718.6963,673147.243000001,delicatessen,Rudi,Class 1,Class 1,Class 1,Class 1,30 FORREST ROAD,EH1 2QN,2172
325719.757,673139.8178,public house,Doctors,SUI GENERIS,SUI GENERIS,SUI GENERIS,SUI GENERIS,32 FORREST ROAD,EH1 2QN,2173
319749,671707,funeral directors,Scotmid Funeral Services,Class 1,Class 1,Class 1,Class 1,1 FORRESTER PARK DRIVE,EH12 9AY,2174
312609,677734,petrol filling station & shop,Shell + Select Shop,SUI GENERIS,SUI GENERIS,Class 1,Class 1,(B) FORTH ROAD BRIDGE, ,2175
325916.7015,674477.8695,cafe,Urban Angel,Class 3,Class 3,Class 3,Class 3,1 FORTH STREET,EH1 3JX,2176
325923.5188,674480.142000001,yoga studio,The Yoga Room,Class 1,Class 1,Vacant,Class 11,5 FORTH STREET,EH1 3JX,2177
325895.5971,674495.208799999,hairdresser,John Malcolm,Class 4,Class 1,Class 1,Class 1,2(GF90) FORTH STREET,EH1 3LD,2178
325903.0,674497.0261,engineering consultant,Philip Thomson & Partners,Class 4,Class 4,Class 4,Class 4,4(GF) FORTH STREET,EH1 3LD,2179
324817.4969,673051.2477,"restaurant & hot food take-away (kebabs, pizzas)",Samsun's,Class 3,Class 3,Class 3,Class 3,73 FOUNTAINBRIDGE,EH3 9PU,2180
324798.7513,673037.2535,sandwiches,Rapid Rolls,Class 1, ,Vacant,Class 1,77 FOUNTAINBRIDGE,EH3 9PU,2181
324793.999,673034.252,vacant,vacant,Class 2,Class 2,Class 2,Vacant,81 FOUNTAINBRIDGE,EH3 9PU,2182
324786.9981,673028.756100001,hairdresser,Rocco,SUI GENERIS,Class 3,Class 1,Class 1,83 FOUNTAINBRIDGE,EH3 9PU,2183
324781.7456,673025.0043,public house,Lock 25,SUI GENERIS,SUI GENERIS,SUI GENERIS,SUI GENERIS,85-87 FOUNTAINBRIDGE,EH3 9PU,2184
324768.2482,673011.000499999,charity office,Rowan Alba,Vacant,Class 2,Class 2,Class 2,89-95 FOUNTAINBRIDGE,EH3 9PU,2185
324745.0,672989.748,restaurant (Italian),L'Amore d'Italia,SUI GENERIS,SUI GENERIS,Class 3,Class 3,97-101 FOUNTAINBRIDGE,EH3 9QG,2186
324735.5007,672983.251499999,sandwiches,The Baguette Company, , ,Class 11,Class 1,103 FOUNTAINBRIDGE,EH3 9QG,2187
324730.7499,672978.499299999,sports equipment & clothing (body building & fitness),Physique Bodyshop, , ,Class 1,Class 1,105 FOUNTAINBRIDGE,EH3 9QG,2188
324725.4998,672974.249199999,"hot food take-away (kebabs, burgers, pizzas)",Topkapi Kebab House, , ,SUI GENERIS,SUI GENERIS,107-109 FOUNTAINBRIDGE,EH3 9QG,2189
324720.495,672969.998600001,n/t/c & grocer,Newstime,Class 1,Vacant,Class 1,Class 1,113 FOUNTAINBRIDGE,EH3 9QG,2190
324718.2439,672968.2477,sandwich bar,Sandwich Bar,Class 1,Class 1,Class 1,Class 1,115 FOUNTAINBRIDGE,EH3 9QG,2191
324357.8947,672802.621099999,vacant,vacant,Class 11,Class 1,Class 11,Vacant,209 FOUNTAINBRIDGE,EH3 9RU,2192
324796.0019,673070.964299999,frozen food,Farmfoods, , ,Class 1,Class 1,54(GF) FOUNTAINBRIDGE,EH3 9PT,2193
324688.7508,672971.9981,funeral directors,Scottish Midland Co-op Society,Class 1,Class 1,Vacant,Class 1,88 FOUNTAINBRIDGE,EH3 9QA,2194
324451.1423,672867.931600001,vacuum repairs,Vacuum Appliances,Class 1,Class 1,Class 1,Class 1,158 FOUNTAINBRIDGE,EH3 9RX,2195
324446.7948,672866.6895,n/a,n/a,Class 1,Class 9,Class 9,UNKNOWN USE,160 FOUNTAINBRIDGE,EH3 9RX,2196
324441.5157,672864.826300001,n/a,n/a,Class 4,Class 4,Vacant,UNKNOWN USE,162 FOUNTAINBRIDGE,EH3 9RX,2197
324436.8577,672863.273600001,vacuum repairs,Vacuum Appliances,Class 1,Class 1,Class 1,Class 1,164 FOUNTAINBRIDGE,EH3 9RX,2198
326496.6945,671753.740700001,chemist,Hutchison Pharmacy,Class 1,Class 2,Class 1,Class 1,2 FOUNTAINHALL ROAD,EH9 2NN,2199
323879.5357,672477.185699999,office,unknown,Class 1,Class 1,Class 1,Class 4,17 FOWLER TERRACE,EH11 1DD,2200
325316.5324,674011.9882,shoes & footwear,Jones,Class 1,Class 1,Class 1,Class 1,32 GEORGE STREET,EH2 2LE,2201
325311.3883,674010.429400001,ladies clothing,Viyella,Class 1,Class 1,Class 1,Class 1,34 GEORGE STREET,EH2 2LE,2202
325305.4558,674006.9353,café,Italian Caffe Bar, , ,Vacant,Class 3,38(01) GEORGE STREET,EH2 2LE,2203
325301.0383,674005.7147,public house & restaurant,Madogs,SUI GENERIS,Class 3,SUI GENERIS,SUI GENERIS,38A GEORGE STREET,EH2 2LE,2204
325290.6618,674004.65,optician,Trotters,Class 1,Class 1,Class 1,Class 1,44-44A GEORGE STREET,EH2 2LE,2205
325282.3118,674000.300000001,hairdresser,Cheynes, ,Class 1,Class 1,Class 1,46 GEORGE STREET,EH2 2LE,2206
325279.8177,673999.6764,beauty products,Arran Aromatics,Class 4,Class 2,Class 1,Class 1,46A GEORGE STREET,EH2 2LE,2207
325273.9735,673998.261700001,shirtmarkers,TM Lewin,Class 1,Class 1,Class 1,Class 1,48 GEORGE STREET,EH2 2LE,2208
325267.7529,673996.391100001,"household goods, clothing, toiletries",The White Company,Class 1,Class 1,Class 1,Class 1,52 GEORGE STREET,EH2 2LE,2209
325216,673981,homeware,Kath Kidston, , ,Vacant,Class 1,58 GEORGE STREET,EH2 2LR,2210
325222.0265,673982.8588,private karaoke,Supercube, , ,Class 1,SUI GENERIS,58A GEORGE STREET,EH2 2LR,2211
325209.6882,673978.9617,hairdresser,Paterson SA,Class 1,Class 1,Class 1,Class 1,60 GEORGE STREET,EH2 2LR,2212
325191.1795,673974.261700001,public house,The Standing Order, , ,SUI GENERIS,SUI GENERIS,62(GF)-(BF)-66 GEORGE STR,EH2 2LR,2213
325164.35,673966.8824,ladies & mens clothing,French Connection, , ,Class 1,Class 1,68-70 GEORGE STREET,EH2 2LR,2214
325132,673959,bank,Barclays, , ,Class 2,Class 2,72 GEORGE STREET,EH2 3BU,2215
325033.5442,673930.252800001,mens clothing,Gant,Vacant,Class 1,Class 1,Class 1,90 GEORGE STREET,EH2 3DF,2216
325025.5442,673928.252800001,optician,Optical Express / The Dental Clinic,Class 1,Class 1,Class 1,Class 1,92 GEORGE STREET,EH2 3DF,2217
325017.7,673925.7587,mens clothing,Cruise,Class 1,Class 1,Class 1,Class 1,94 GEORGE STREET,EH2 3DF,2218
324987.7147,673917.8706,"mens formal clothing, suits",Slater Menswear, , ,Class 1,Class 1,100 GEORGE STREET,EH2 3DF,2219
324980.5853,673915.8441,ladies clothing,Jaeger, , ,Class 1,Class 1,102 GEORGE STREET,EH2 3DF,2220
324973.0794,673913.9353,general clothing,Austin Reed Group Clearance Store, , ,Class 1,Class 1,104 GEORGE STREET,EH2 3DF,2221
324966.3118,673912.2206,ladies & mens clothing,Pink, , ,Class 1,Class 1,104(A) GEORGE STREET,EH2 3DF,2222
324934.7147,673899.505899999,coffee shop,Starbucks, , ,Class 3,Class 3,106-106B GEORGE STREET,EH2 4LJ,2223
324832.503,673871.7733,public house,The Alexander Graham Bell (Wetherspoon),Class 1,Vacant,SUI GENERIS,SUI GENERIS,126-128 GEORGE STREET,EH2 4JZ,2224
326913.8482,676248.052300001,restaurant,The Vintner's Room, , ,Class 3,Class 3,87(A) GILES STREET,EH6 6BZ,2225
324887.7475,672608.7465,jewellery,Copernicus,Class 1,Class 1,Vacant,Class 1,2 GILLESPIE CRESCENT,EH10 4HT,2226
324908.7527,672644.750800001,hairdresser,Ribbon,Class 1,Class 1,Class 1,Class 1,1 GILLESPIE PLACE,EH10 4HS,2227
324908.0024,672639.748500001,estate agents & mortgage advisers,3i Mortgages,Vacant,Vacant,Class 2,Class 2,2 GILLESPIE PLACE,EH10 4HS,2228
324906.2515,672635.7465,n/t/c,Gillespie News,Class 1,Class 1,Class 1,Class 1,4 GILLESPIE PLACE,EH10 4HS,2229
324903.0024,672629.248199999,greengrocer,Global Fruit,Class 1,Class 1,Class 1,Class 1,5 GILLESPIE PLACE,EH10 4HS,2230
324901.0014,672624.996200001,café (East African),Khartoum Café,Class 1,Class 1,Class 3,Class 3,6 GILLESPIE PLACE,EH10 4HS,2231
324898.5002,672620.9943,restaurant (Chinese),Tian Tian,Class 3,Class 3,Class 3,Class 3,8 GILLESPIE PLACE,EH10 4HS,2232
324896.2515,672614.749399999,vacant,vacant,Vacant,Class 2,Class 1,Vacant,9 GILLESPIE PLACE,EH10 4HS,2233
324893.0,672609.747,delicatessen & continental baker,Scott's Deli,Class 1,Class 1,Class 1,Class 1,10 GILLESPIE PLACE,EH10 4HS,2234
328850,668196,demolished,demolished,SUI GENERIS,SUI GENERIS,SUI GENERIS,Demolished, , ,2235
328355.8218,668474.178200001,vacant,vacant,Class 1,Class 1,Class 1,Vacant,10 GILMERTON DYKES STREET,EH17 8JX,2236
325127.9355,674082.1085,hairdresser,Angus Gordon,Class 1,Class 1,Class 1,Class 1,53(1F) FREDERICK STREET,EH2 1LH,2237
325125.3491,674089.867900001,"restaurant, bar & hotel",Rick's,Class 2,Class 3,Class 3,Class 3,55A FREDERICK STREET,EH2 1LH,2238
325122.783,674097.088099999,vacant,vacant, , ,Class 2,Vacant,57 FREDERICK STREET,EH2 1LH,2239
325122.044,674099.6745,restaurant (Chinese),Wok & Wine,Class 3,Class 3,Class 3,Class 3,57A FREDERICK STREET,EH2 1LH,2240
325120.1085,674105.522,restaurant (French),La Petite Folie, , ,Class 3,Class 3,61 FREDERICK STREET,EH2 1LH,2241
325118.6101,674110.3695,public house,Fingers Piano Bar, , ,SUI GENERIS,SUI GENERIS,61A FREDERICK STREET,EH2 1LH,2242
325166.2951,673849.9376,shoes & footwear,Schuh, , ,Class 1,Class 1,6-8A FREDERICK STREET,EH2 2HB,2243
325160.356,673867.906199999,footwear,Dune,Class 1,Class 1,Class 1,Class 1,10 FREDERICK STREET,EH2 2HB,2244
325158.8373,673873.4748,outdoor clothing & equipment,Millets,Class 1,Class 1,Class 1,Class 1,12 FREDERICK STREET,EH2 2HB,2245
325157.4873,673878.030999999,vacant,vacant,Class 1,Class 1,Class 1,Vacant,14(GF)-16 FREDERICK STREE,EH2 2HB,2246
325155.6061,673883.493799999,jeweller,Argento,Class 1,Class 1,Vacant,Class 1,18A FREDERICK STREET,EH2 2HB,2247
325153.5812,673889.906199999,beauty products,L'Occitane,Class 1,Class 1,Class 1,Class 1,18B FREDERICK STREET,EH2 2HB,2248
325148.2617,673903.9088,building society,Santander,Class 2,Class 2,Class 2,Class 2,20 FREDERICK STREET,EH2 2JR,2249
325146.547,673909.5206,n/t/c,McColls,Class 1,Class 1,Class 1,Class 1,22 FREDERICK STREET,EH2 2JR,2250
325145.1587,673916.467599999,outdoor equipment & clothing,Blacks,Class 1,Vacant,Class 1,Class 1,24 FREDERICK STREET,EH2 2JR,2251
325143.5999,673921.300000001,night club,Time Night Club,Class 3,SUI GENERIS,SUI GENERIS,SUI GENERIS,24A FREDERICK STREET,EH2 2JR,2252
325141.2853,673929.7794,vacant,vacant, , ,Class 1,Vacant,26(2F1) FREDERICK STREET,EH2 2JR,2253
325137.6353,673939.235300001,vacant,vacant, , ,Class 1,Vacant,28 FREDERICK STREET,EH2 2JR,2254
325135.5352,673946.9353,football kits & souvenirs,Celtic Shop,Class 1,Class 1,Class 1,Class 1,34 FREDERICK STREET,EH2 2JR,2255
325110.0204,674017.261,post office,Frederick Street Post Office,Class 1,Class 1,Class 1,Class 1,38-40 FREDERICK STREET,EH2 1EX,2256
325106.6069,674029.478,"mens clothing, robemakers",Ede & Ravenscroft,Class 1,Class 1,Class 1,Class 1,46 FREDERICK STREET,EH2 1EX,2257
325104.7594,674035.739,ladies clothing,Brora,Class 1,Class 1,Class 1,Class 1,48 FREDERICK STREET,EH2 1EX,2258
325103.6509,674039.0645,bridal wear,Berketex,Class 1,Class 1,Class 1,Class 1,48A FREDERICK STREET,EH2 1EX,2259
325097.0204,674063.610099999,drawing materials,Service Point, , ,Class 1,Class 1,52 FREDERICK STREET,EH2 1LN,2260
325628.0459,673475.183700001,hotel,Missoni,Class 2, , ,Demolished,1 GEORGE IV BRIDGE,EH1 1AD,2261
325650.4474,673420.8563,residential letting agency,The Letting Service,Class 1,Class 1,Class 2,Class 2,10-11 GEORGE IV BRIDGE,EH1 1EE,2262
325652.4488,673413.7291,take-away food,The Deli Global,Class 1,Class 1,Class 1,Class 1,13 GEORGE IV BRIDGE,EH1 1EE,2263
325656.16,673405.530400001,restaurant,The Outsider,Class 1,Class 1,Class 3,Class 3,15-16 GEORGE IV BRIDGE,EH1 1EE,2264
325659.917,673390.469599999,restaurant,Vittoria,Class 1,Class 1,Class 1,Class 3,19 GEORGE IV BRIDGE,EH1 1EE,2265
325672,673361,café,The Elephant House, , ,Class 3,Class 3,21 GEORGE IV BRIDGE,EH1 1EN,2266
325675.2652,673348.795600001,public house,Frankenstein's, , ,SUI GENERIS,SUI GENERIS,26 GEORGE IV BRIDGE,EH1 1EN,2267
325677.5304,673342.243000001,hot food take-away,Auld Jacks Pie Shoppe,Class 1,Class 1,Class 1,SUI GENERIS,27 GEORGE IV BRIDGE,EH1 1EN,2268
325679.0,673337.204399999,religious books (Christian bookshop),B. McCall Barbour, , ,Class 1,Class 1,28 GEORGE IV BRIDGE,EH1 1EN,2269
325681.1822,673330.530400001,n/t/c,Bridge Express,Class 1,Class 2,Class 2,Class 1,29-30 GEORGE IV BRIDGE,EH1 1EN,2270
325699.4311,673358.530400001,café,Caffé Lucano,Class 1,Vacant,Class 3,Class 3,37-39 GEORGE IV BRIDGE,EH1 1EL,2271
325688.0607,673393.530400001,restaurant,The Cellar Door, , ,Vacant,Class 3,44-46 GEORGE IV BRIDGE,EH1 1EJ,2272
325686.7956,673396.3259,n/t/c,Paper Rack, , ,Class 1,Class 1,45 GEORGE IV BRIDGE,EH1 1EJ,2273
325684.3481,673403.6741,hot food take-away,Mediterranean Gate Takeaway,Class 1,Class 1,SUI GENERIS,SUI GENERIS,48 GEORGE IV BRIDGE,EH1 1EJ,2274
325681.6741,673411.651900001,public house,The Villager, , ,SUI GENERIS,SUI GENERIS,49-50 GEORGE IV BRIDGE,EH1 1EJ,2275
325100.4029,673950.2206,opticians,Black and Lizars, , ,Class 1,Class 1,80A GEORGE STREET,EH2 3BU,2276
325085.5295,673946.0118,"general clothing, jeans",Cruise, , ,Class 1,Class 1,80B GEORGE STREET,EH2 3BU,2277
325055.9735,673936.911699999,outdoor & travel clothing,Rohan,Class 1,Class 1,Class 1,Class 1,86 GEORGE STREET,EH2 3BU,2278
325050.2706,673935.197000001,bank,Royal Bank of Scotland (Mortgages),Class 2,Class 2,Class 2,Class 2,86B GEORGE STREET,EH2 3BU,2279
325041.2971,673932.5645,vacant,vacant,Class 1,Class 1,Class 1,Vacant,88 GEORGE STREET,EH2 3DF,2280
323429.5212,672468.2552,charity shop,Barnardo's, , ,Class 1,Class 1,18-24 GORGIE ROAD,EH11 2LZ,2281
323412.4574,672463.0107,vacant,vacant,Vacant,Class 2,Vacant,Vacant,28 GORGIE ROAD,EH11 2LZ,2282
323349.3298,672446.6702,chemist,Alexander Pharmacy,Class 1,Class 1,Class 1,Class 1,62-64 GORGIE ROAD,EH11 2NB,2283
323342.1276,672444.6917,n/t/c,Ramzan & Sons,Class 1,Class 1,Class 4,Class 1,66 GORGIE ROAD,EH11 2NB,2284
323338.6702,672443.627900001,vacant,vacant, , ,Class 2,Vacant,66A GORGIE ROAD,EH11 2NB,2285
323329.0638,672441.681,vacant,vacant,Class 1,Class 1,Class 1,Vacant,76 GORGIE ROAD,EH11 2NB,2286
323324.5426,672440.351199999,vacant,vacant,Class 1,Class 1,Vacant,Vacant,78 GORGIE ROAD,EH11 2NB,2287
323320.5534,672439.021500001,vacant,vacant,Class 1,Class 1,SUI GENERIS,Vacant,82 GORGIE ROAD,EH11 2NB,2288
323251.4036,672411.1807,public house,Tynecastle Arms,SUI GENERIS,SUI GENERIS,SUI GENERIS,SUI GENERIS,92-94 GORGIE ROAD,EH11 2NP,2289
323247.1807,672409.4681,vacant,vacant,Class 1,Class 1,Class 1,Vacant,98 GORGIE ROAD,EH11 2NP,2290
323243.4574,672407.340500001,take-away food,Dave's Takeaway,Class 2,Vacant,Class 1,Class 1,100 GORGIE ROAD,EH11 2NP,2291
323237.7764,672404.733999999,fishmonger & poulterer,D. McPherson,Class 1,Class 1,Class 1,Class 1,102 GORGIE ROAD,EH11 2NP,2292
323235.3828,672403.1383,hairdresser & wigs,Hair Connections,Class 1,Class 1,Class 1,Class 1,104 GORGIE ROAD,EH11 2NP,2293
323232.4574,672401.5426,advice centre,Polskie Biuro,Class 1,Class 1,Class 4,Class 2,104A GORGIE ROAD,EH11 2NP,2294
323230.0638,672399.946900001,hair & beauty,Petals,Class 1,Class 1,Class 4,Class 1,108 GORGIE ROAD,EH11 2NP,2295
323227.4043,672398.6172,charity,Homestart Edinburgh South Central,Class 1,Vacant,Class 2,Class 2,108A-110A GORGIE ROAD,EH11 2NP,2296
323219.7233,672393.6064,vacant,vacant,Class 1,Class 1,Vacant,Vacant,110B GORGIE ROAD,EH11 2NP,2297
323210.7764,672388.0638,Polish food,Polski Slep,Class 4,Class 1,Vacant,Class 1,112 GORGIE ROAD,EH11 2NR,2298
323207.319,672386.202099999,vacant,vacant,Class 1,Vacant,SUI GENERIS,Vacant,112A GORGIE ROAD,EH11 2NR,2299
323204.3936,672384.0745,amusement arcade,Johnny's Entertainments,Class 11,Class 11,Class 11,Class 11,114 GORGIE ROAD,EH11 2NR,2300
323201.4681,672382.478800001,hot food take-away (Chinese),Tin Sing,Class 1,Vacant,SUI GENERIS,SUI GENERIS,118 GORGIE ROAD,EH11 2NR,2301
323197.1807,672380.5319,hot food take-away,Ruby's,Class 1,Class 1,Class 4,SUI GENERIS,120 GORGIE ROAD,EH11 2NR,2302
323192.6595,672377.340500001,solicitors,Winning Defence,Class 1,Vacant,Class 4,Class 2,122 GORGIE ROAD,EH11 2NR,2303
323188.1383,672374.946900001,n/t/c & grocer (lic.),Newton Sweets & Newsagent,Class 1,Class 1,Class 1,Class 1,126-128 GORGIE ROAD,EH11 2NR,2304
323183.3083,672371.202099999,tattoo studio,Ace Tattoo Studio,Class 1,Class 2,Class 2,Class 2,130 GORGIE ROAD,EH11 2NS,2305
323179.8509,672369.340500001,grocer (lic.),Utility Store,Class 1,Class 1,Class 1,Class 1,132 GORGIE ROAD,EH11 2NS,2306
325679.6355,673418.1215,hot food take-away,Constantinople,Vacant,Class 1,SUI GENERIS,SUI GENERIS,51 GEORGE IV BRIDGE,EH1 1EJ,2307
325678.4311,673423.083000001,hot food take-away,Salt 'n' Pepper,SUI GENERIS,SUI GENERIS,SUI GENERIS,SUI GENERIS,52 GEORGE IV BRIDGE,EH1 1EJ,2308
325675.5304,673432.651900001,public house,Bar Kohl, , ,SUI GENERIS,SUI GENERIS,54-55 GEORGE IV BRIDGE,EH1 1EJ,2309
325363.8475,674065.1965,clothing,White Stuff,Class 4,Class 4,Class 4,Class 1,27(GF) GEORGE STREET,EH2 2PA,2310
325352.217,674063.0032,public house,All Bar One,Class 2,Class 2,SUI GENERIS,SUI GENERIS,29-31 GEORGE STREET,EH2 2PA,2311
325315.7358,674053.1997,toiletries & cosmetics,Penhaligons,Class 1,Class 1,Class 1,Class 1,33 GEORGE STREET,EH2 2HN,2312
325312.0409,674052.0912,coffee shop,Wellington Coffee,Class 1,Class 1,Class 1,Class 3,33A GEORGE STREET,EH2 2HN,2313
325308.3459,674050.9827,travel agent,Austravel, ,Class 1,Class 1,Class 1,33B GEORGE STREET,EH2 2HN,2314
325304.6509,674049.874199999,ladies clothing,East,Class 1,Class 1,Class 1,Class 1,35 GEORGE STREET,EH2 2HN,2315
325299.6069,674048.349099999,perfumes & fragrances,Molton Brown, ,Class 1,Class 1,Class 1,35A GEORGE STREET,EH2 2HN,2316
325295.5424,674047.240599999,hairdresser,Brian Drumm,Class 1,Class 1,Class 1,Class 1,37A GEORGE STREET,EH2 2HN,2317
325287.522,674045.0645,wine merchant,Nicolas, , ,Class 1,Class 1,37B GEORGE STREET,EH2 2HN,2318
325275.3899,674041.959100001,ladies & mens clothing,Austin Reed, , ,Class 1,Class 1,41 GEORGE STREET,EH2 2HN,2319
325264.8035,674039.220100001,mens clothing,Moss,Class 1,Class 1,Class 1,Class 1,43(GF) GEORGE STREET,EH2 2HT,2320
325254.695,674036.3727,ladies shoes,L.K. Bennett, , ,Class 1,Class 1,45-45A(1F) GEORGE STREET,EH2 2HT,2321
325248.4984,674034.2642,ladies clothing,Hobbs,Class 1,Class 1,Class 1,Class 1,47 GEORGE STREET,EH2 2HT,2322
325244.434,674032.7862,ladies clothing,Phase Eight,Class 1,Class 1,Class 1,Class 1,47B GEORGE STREET,EH2 2HT,2323
325235.8915,674030.217,ladies clothing,Jigsaw, , ,Class 1,Class 1,49(GF) GEORGE STREET,EH2 2HT,2324
325231.217,674028.478,soft furnishings & homeware,Laura Ashley, , ,Class 1,Class 1,51 GEORGE STREET,EH2 2HT,2325
325226.5865,674026.959100001,public house & nightclub,Opal Lounge,Class 2,Class 1,SUI GENERIS,SUI GENERIS,51A GEORGE STREET,EH2 2HT,2326
325220.6745,674025.8506,ladies clothing,Karen Millen,Class 1,Class 1,Class 1,Class 1,53(GF) GEORGE STREET,EH2 2HT,2327
325215.5016,674024.3727,building society,Britannia Building Society, , ,Class 2,Class 2,55 GEORGE STREET,EH2 2HT,2328
325207.8679,674022.284600001,designer clothing,Brooks Brothers,Class 1,Class 1,Class 1,Class 1,57 GEORGE STREET,EH2 2JQ,2329
325197.522,674018.8915,designer luggage,Church's, , ,Class 1,Class 1,59A GEORGE STREET,EH2 2JG,2330
325191.6101,674017.8506,ladies clothing,Coast,Class 1,Class 1,Class 1,Class 1,61 GEORGE STREET,EH2 2JG,2331
325183.695,674015.067600001,ladies & mens clothing,Crombie,Class 1,Class 1,Class 1,Class 1,63 GEORGE STREET,EH2 2JG,2332
325175.478,674012.1965,clothing,Jack Wills, , ,Class 1,Class 1,65 GEORGE STREET,EH2 2JG,2333
325167.8475,674010.1525,ladies & mens clothing,Kinross Cashmere,Class 1,Class 1,Class 1,Class 1,67(GF) GEORGE STREET,EH2 2JG,2334
325152.522,674005.1965,currency & travel services,American Express,Class 2,Class 2,Class 2,Class 2,69 GEORGE STREET,EH2 2JG,2335
325115.305,673993.739,building society,Nationwide, , ,Class 2,Class 2,71(GF90) GEORGE STREET,EH2 3EE,2336
325097.1321,673988.8915,bank,Bank of Scotland, , ,Class 2,Class 2,73-75 GEORGE STREET,EH2 3EE,2337
325062.9764,673979.6305,books,Waterstones, , ,Class 1,Class 1,83 GEORGE STREET,EH2 3ES,2338
325053.0,673976.8475,estate agents,ESPC (Edinburgh Solicitors Property Centre), , ,Class 2,Class 2,85 GEORGE STREET,EH2 3ES,2339
325044.1085,673974.6305,jeweller,Hamilton & Inches,Class 1,Class 1,Class 1,Class 1,87-87A GEORGE STREET,EH2 3ES,2340
325035.261,673972.3255,clothing,White Stuff (opening Dec 2010),Class 1,Class 1,Class 1,Class 1,89-89A GEORGE STREET,EH2 3ES,2341
325025.4135,673970.0,ladies clothing,Jo Malone, , ,Class 1,Class 1,93A GEORGE STREET,EH2 3ES,2342
325005.478,673964.5865,employment agency,Office Angels, , ,Class 4,Class 4,95(GF) GEORGE STREET,EH2 3ES,2343
324996.783,673962.956,ladies clothing,Whistles, , ,Class 1,Class 1,97 GEORGE STREET,EH2 3ES,2344
324985.5252,673958.6745,restaurant,Cento Tre, , ,Class 3,Class 3,103 GEORGE STREET,EH2 3ES,2345
324969.261,673953.4135,toiletries & cosmetics,Space N.K., , ,Class 1,Class 1,105 GEORGE STREET,EH2 3ES,2346
324959.6541,673951.1965,jeweller,Lime Blue, , ,Class 1,Class 1,107 GEORGE STREET,EH2 3ES,2347
324919.9119,673940.522,bank,Royal Bank of Scotland,Class 2,Class 2,Class 2,Class 2,109-109A GEORGE STREET,EH2 4JN,2348
324908.739,673937.4135,restaurant,The Living Room, , ,Vacant,SUI GENERIS,111A-115(GF) GEORGE STREE,EH2 4JN,2349
324891.739,673931.698100001,public house,Candy Bar, , ,SUI GENERIS,SUI GENERIS,113(BF)-115 GEORGE STREET,EH2 4JN,2350
324900.6069,673934.654100001,Candy Bar,The Living Room, , ,Class 3,Class 3,113(BF)-115 GEORGE STREET,EH2 4JN,2351
324873.8679,673927.0472,books & music (religious),Living Oasis, , ,Class 1,Class 1,117(GF)-123 GEORGE STREET,EH2 4JN,2352
324805.9355,673907.132099999,restaurant,Browns, , ,Class 3,Class 3,131-133 GEORGE STREET,EH2 4JS,2353
324791.8915,673903.393100001,restaurant,Gusto,Class 1,Class 1,Class 3,Class 3,135 GEORGE STREET,EH2 4JS,2354
324783.0,673899.979599999,restaurant,Gourmet Burger Kitchen,Class 1,Class 4,Class 3,Class 3,137 GEORGE STREET,EH2 4JY,2355
324773.3931,673897.023600001,hairdresser,Toni & Guy,Vacant,Class 1,Class 1,Class 1,141 GEORGE STREET,EH2 4JY,2356
324763.6305,673894.217,travel agent,North America Travel Service, , ,Class 1,Class 1,143 GEORGE STREET,EH2 4JY,2357
325495.675,674059.274900001,bank,Nat West, , ,Class 2,Class 2,6A-8 GEORGE STREET,EH2 2PF,2358
325442.625,674039.1996,public house,The Dome,Class 2,Class 3,SUI GENERIS,SUI GENERIS,14(BF) GEORGE STREET,EH2 2PF,2359
325410.2859,674036.4113,hotel / restaurant,Le Monde, ,Class 4,Class 2,Class 3,16 GEORGE STREET,EH2 2PF,2360
325397.7388,674032.904899999,restaurant,Hard Rock Café, , ,Class 3,Class 3,18(GF)-20 GEORGE STREET,EH2 2PF,2361
325326.2471,674015.014699999,coffee shop,Starbucks,Class 1,Class 1,Class 3,Class 3,30 GEORGE STREET,EH2 2LE,2362
328360.5412,668475.7513,vacant,vacant,Class 1,Class 1,Class 1,Vacant,14 GILMERTON DYKES STREET,EH17 8JX,2363
328366.5226,668478.0253,baker,Gilmerton Bakery Ltd,Class 1,Class 1,Class 1,Class 1,16 GILMERTON DYKES STREET,EH17 8JX,2364
328374.2872,668480.885600001,grocer,Gilmerton Grocer, , ,Class 1,Class 1,20-22 GILMERTON DYKES STR,EH17 8JX,2365
328382.637,668483.9934,n/t/c,S & D Wright,Class 1,Class 1,Class 1,Class 1,26 GILMERTON DYKES STREET,EH17 8JX,2366
328701.8807,668432.589500001,grocer/convenience store,Star,Class 1,Class 1,Class 1,Class 1,(60) GILMERTON DYKES STRE,EH17 8LQ,2367
328266.4394,669705.9066,public house,Robin's Nest Inn,SUI GENERIS,UNKNOWN USE,SUI GENERIS,SUI GENERIS,391 GILMERTON ROAD,EH17 7PX,2368
328673,669036,supermarket - large,Morrisons, , ,Class 1,Class 1,432 GILMERTON ROAD,EH17 7JQ,2369
324886.7499,672732.751800001,dental surgery,Dr. J. Moore,Class 4,Class 4,Class 2,Class 2, , ,2370
324534,672610,holiday dialysis service for diabetics,Scottish Holiday Dialysis,Vacant,Vacant,Class 2,Class 2,93 GILMORE PLACE,EH3 9NU,2371
324534,672610,vacant,vacant,Class 3,Class 3,Class 3,Vacant,95 GILMORE PLACE,EH3 9NU,2372
324430,672528,photographer,Wallace Artworks Photography,Class 4,Class 4,Class 4,Class 2,119 GILMORE PLACE,EH3 9PP,2373
324430,672528,vacant,vacant,Class 1,Vacant,Vacant,Vacant,123 GILMORE PLACE,EH3 9PP,2374
324430,672528,hairdresser & beauty salon,Glamour,Class 2,Class 4,Class 4,Class 1,125 GILMORE PLACE,EH3 9PP,2375
324418,672518,bakers (artisan),Dough Re Mi,Class 1,Class 1,Class 1,Class 1,127 GILMORE PLACE,EH3 9PP,2376
324418,672518,vacant,vacant,Class 2,Class 1,Class 1,Vacant,131 GILMORE PLACE,EH3 9PP,2377
324408,672511,glaziers,Viewforth Glazing,Vacant,Vacant,Class 1,Class 4,137 GILMORE PLACE,EH3 9PP,2378
323152.5212,672355.0107,solicitors,MBS Solicitors,Class 1,Vacant,Class 1,Class 2,150-152 GORGIE ROAD,EH11 2NT,2379
323146.6702,672353.414999999,vacant,vacant,Class 1,Class 1,Vacant,Vacant,156 GORGIE ROAD,EH11 2NT,2380
323139.9785,672351.0745,New Age products,Georgina Holdsworrth,Class 1,Vacant,Class 2,Class 1,158 GORGIE ROAD,EH11 2NT,2381
323137.0531,672350.276699999,hairdresser,Blush,Class 1,Class 1,Class 1,Class 1,160 GORGIE ROAD,EH11 2NT,2382
323134.1276,672349.2129,hot food take-away,Wendy's Takeaway,SUI GENERIS,Class 1,Vacant,SUI GENERIS,162 GORGIE ROAD,EH11 2NT,2383
323131.4681,672348.1491,hairdresser,Beverly Paul Hairdressing,Class 2,Class 1,Class 1,Class 1,166 GORGIE ROAD,EH11 2NT,2384
323128.2767,672347.6172,hair & beauty,Trade Cut,Class 1,Class 1,Class 1,Class 1,168 GORGIE ROAD,EH11 2NT,2385
323123.1169,672345.0853,chinese medicine,Chinese Medical Clinic,Class 1,Class 1,Class 1,Class 2,170 GORGIE ROAD,EH11 2NT,2386
323117.5319,672343.489600001,bank,Lloyds TSB Scotland,Class 2,Class 2,Class 2,Class 2,174-176 GORGIE ROAD,EH11 2NT,2387
323066.6064,672326.127599999,launderette & dry cleaner,Sundial, , ,Class 1,Class 1,194-196 GORGIE ROAD,EH11 2NX,2388
323060.266,672323.681,optician,For Eyes,Class 1,Class 1,Class 1,Class 1,200 GORGIE ROAD,EH11 2NX,2389
323056.8086,672322.351199999,jeweller,Scotts,Class 1,Class 1,Class 1,Class 1,202 GORGIE ROAD,EH11 2NX,2390
323051.8617,672320.6702,hairdresser,Sams,Class 1,Class 1,Class 1,Class 1,204 GORGIE ROAD,EH11 2NX,2391
323048.1383,672319.340500001,charity shop,Lifeline,Class 1,Class 1,Class 1,Class 1,206 GORGIE ROAD,EH11 2NX,2392
323044.415,672318.276699999,grocer,Royal Food Store,Class 1,Class 1,Class 1,Class 1,208 GORGIE ROAD,EH11 2NX,2393
323023.7126,672309.340500001,vacant,vacant,Class 1,Class 1,Class 1,Vacant,212 GORGIE ROAD,EH11 2PN,2394
323018.9255,672307.2129,grocer,Gorgie Mini-Market,Class 1,Class 1,Class 1,Class 1,214 GORGIE ROAD,EH11 2PN,2395
323011.8617,672304.7448,barbers,Brandons Barbers,Class 1,Class 1,Class 1,Class 1,216 GORGIE ROAD,EH11 2PN,2396
323007.8724,672303.1491,knitting supplies,no name on fascia,Class 1,Class 1,Class 1,Class 1,218 GORGIE ROAD,EH11 2PN,2397
323004.415,672301.553400001,sandwich shop,Baguette Express,Class 1,Class 1,Class 1,Class 1,222 GORGIE ROAD,EH11 2PN,2398
324408,672511,glaziers,Viewforth Glazing,Class 1,Class 4,Class 4,Class 4,139 GILMORE PLACE,EH3 9PP,2399
324386.2678,672496.699899999,letting agent,Maguire Lewis,Vacant,Class 2, ,Class 2,141 GILMORE PLACE,EH3 9PW,2400
324382.6393,672493.978499999,chandelier & lamp restorers,Berlands of Edinburgh,Class 1,Class 4,Class 4,Class 4,143 GILMORE PLACE,EH3 9PW,2401
324379.0108,672491.257099999,plumbers,Whites,Class 4,Class 4,Class 4,Class 4,145 GILMORE PLACE,EH3 9PW,2402
324371.4643,672485.814300001,dwelling,dwelling,Vacant,Class 2,Class 9,Class 9, , ,2403
324351.825,672469.175000001,taxi office,Central Radio Taxis,Class 4,Class 4,Class 4,Class 4,163-165 GILMORE PLACE,EH3 9PW,2404
324347.7429,672466.453600001,restaurant,Itri,Class 3,Class 3,Class 3,Class 3,169-173 GILMORE PLACE,EH3 9PW,2405
324344.6285,672462.978499999,hot food take-away (Chinese),Taste of China,SUI GENERIS,SUI GENERIS,SUI GENERIS,SUI GENERIS,175-177 GILMORE PLACE,EH3 9PW,2406
324332.8035,672452.885600001,accountants,B.G. Connor & Co.,Class 1,Class 2,Class 2,Class 2,185 GILMORE PLACE,EH3 9PW,2407
324328.2678,672449.257099999,vacant,vacant,Class 1,Vacant,Vacant,Vacant,187 GILMORE PLACE,EH3 9PW,2408
324323.2786,672446.0821,dwelling,dwelling,Vacant,Class 1,Class 1,Class 9, , ,2409
324319.1965,672442.907099999,dwelling,dwelling,Class 4,Class 4,Class 4,Class 9, , ,2410
324315.1144,672439.7322,vacant,vacant,Class 4,Class 4,Class 4,Vacant, , ,2411
324307.1965,672433.453600001,vacant,vacant,Class 2,Vacant,Class 2,Vacant,197 GILMORE PLACE,EH3 9PW,2412
324605,672694,vacant,vacant,Class 1,Class 1,Class 1,Vacant,50C GILMORE PLACE,EH3 9NX,2413
324546,672669,petrol filling station & shop,Forall's Garage & Showroom,SUI GENERIS,SUI GENERIS,SUI GENERIS,SUI GENERIS,66 GILMORE PLACE,EH3 9NX,2414
324559,672669,children's nursery,Rainbow Kindergarten,Class 4,Class 10,Class 10,Class 10, , ,2415
324559,672669,dwelling,dwelling,Class 1,Class 1,Class 9,Class 9, , ,2416
324671.6501,674523.125299999,grocer & n/t/c,Nairn Brothers,Class 2,Class 1,Class 1,Class 1,1 GLANVILLE PLACE,EH3 6SZ,2417
324667.2861,674526.9858,DVD rental & internet cafe,Moviebank,Class 1,Class 1,Vacant,Class 1,3 GLANVILLE PLACE,EH3 6SZ,2418
324658.9221,674534.5177,coffee shop,Caffé Nero,Class 1,Class 3,Class 3,Class 3,4-6 GLANVILLE PLACE,EH3 6SZ,2419
319269.6579,672864.702299999,computers & computer accessories,PC World (Dixons), ,Class 1,Class 1,Class 1,1-17 GLASGOW ROAD,EH12 8HH,2420
319193,672876,petrol filling station & shop,Shell + Select Shop, , ,Class 1,Class 1,21 GLASGOW ROAD,EH12 8HW,2421
319183,672870,restaurant (Italian),Fabio's,Class 3,Class 3,Class 3,Class 3,23 GLASGOW ROAD,EH12 8HW,2422
318672.881,672531.509500001,hairdresser & beauty salon,Diane Ward Hair and Beauty, , ,Class 1,Class 1,89B(2) GLASGOW ROAD,EH12 8LJ,2423
318676.4589,672507.6568,sports goods,First Fitness Factory, , ,Class 1,Class 1,89B(3) GLASGOW ROAD,EH12 8LJ,2424
318022.6993,672654.6669,electrical goods,Comet, ,Class 1,Class 1,Class 1,113 GLASGOW ROAD,EH12 8LU,2425
319284,672952,restaurant (Chinese),Chinese Manor House, , ,Class 3,Class 3,2 GLASGOW ROAD,EH12 8HL,2426
319218.0943,672928.677100001,hairdresser + wigs,A & E Turvey & Co.,Class 1,Class 1,Class 1,Class 1,14 GLASGOW ROAD,EH12 8HL,2427
319214.4612,672927.727399999,storage for chippie,Bar B Que,Class 1,Class 1,Class 1,SUI GENERIS,18 GLASGOW ROAD,EH12 8HL,2428
319208.8639,672926.442299999,hot food take-away (fish & chips),Bar B Que, , ,SUI GENERIS,SUI GENERIS,20-22 GLASGOW ROAD,EH12 8HL,2429
319203.3354,672925.157199999,n/t/c & grocer (lic.),Shaheen Newsagent,Class 1,Class 1,Class 1,Class 1,24 GLASGOW ROAD,EH12 8HL,2430
319195.6206,672923.6457,hot food take-away (Chinese),Hei Garden,Class 1,Class 1,SUI GENERIS,SUI GENERIS,28 GLASGOW ROAD,EH12 8HL,2431
319191.3354,672922.6834,electrician,G & A Electrical Services, , ,Class 4,Class 4,30 GLASGOW ROAD,EH12 8HL,2432
318310.1558,672783.4037,beauty salon,AMS,Class 1,Class 9,Class 1,Class 1,144A GLASGOW ROAD,EH12 8LS,2433
318106.1926,672771.210999999,petrol filling station & shop,Shell + Select Shop, , ,Class 1,Class 1,166 GLASGOW ROAD,EH12 8LS,2434
313205.0711,672608.863500001,dwelling,dwelling, , ,Class 1,Class 9, , ,2435
327780.3608,669993.343599999,launderette,The Wash House,Vacant,Vacant,Vacant,Class 1,33 GLENVARLOCH CRESCENT,EH16 6AS,2436
327775.2955,669991.9175,dwelling,dwelling,Class 1,Vacant,Class 4,Class 9, , ,2437
327761.3608,669988.343599999,grocer,Inch Superstore,Class 1,Class 1, ,Class 1,39-45 GLENVARLOCH CRESCEN,EH16 6AS,2438
327754.33,669986.426100001,vacant,vacant,Class 1,Vacant,Class 4,Vacant, , ,2439
327747.9347,669984.982799999,dwelling,dwelling,Class 1,Class 1,Class 1,Class 9, , ,2440
327737.2303,669983.1306,vacant,vacant, , ,Vacant,Vacant,51-53 GLENVARLOCH CRESCEN,EH16 6AS,2441
327731.1478,669981.982799999,dwelling,dwelling,Class 1,Class 1,Class 1,Class 9,55 GLENVARLOCH CRESCENT,EH16 6AS,2442
327724.9347,669980.982799999,vacant,vacant,Class 1,Class 1,Class 1,Vacant,59 GLENVARLOCH CRESCENT,EH16 6AS,2443
327717.9347,669979.982799999,dwelling,dwelling,Vacant,Vacant,Class 9,Class 9, , ,2444
327709.5739,669978.556700001,vacant,vacant,Class 1,Class 1,Class 1,Vacant,65 GLENVARLOCH CRESCENT,EH16 6AS,2445
324688.2245,674452.9221,restaurant (Thai),Songkran,Class 3,Class 3,Class 3,Class 3,8 GLOUCESTER STREET,EH3 6EG,2446
324738.4079,675863.166099999,optician / optometrist,Rodger & Smalridge, ,Class 1,Class 1,Class 1,1 GOLDENACRE TERRACE,EH3 5QP,2447
322674.0,672171.044500001,restaurant & hot food take-away,McDonalds, , ,Class 3,Class 3,99 GORGIE PARK ROAD,EH14 1NG,2448
323332.2129,672408.797900001,public house,Robertson's Bar,SUI GENERIS,SUI GENERIS,SUI GENERIS,SUI GENERIS,73 GORGIE ROAD,EH11 2LA,2449
323217.8617,672361.053099999,launderette,Gorgie Laundrette,Class 1,Class 1,Class 1,Class 1,123 GORGIE ROAD,EH11 1TE,2450
323214.4043,672358.3936,vacant,vacant,Class 2,Vacant,Vacant,Vacant,125 GORGIE ROAD,EH11 1TE,2451
323210.415,672355.733999999,delicatessen,Dantom,Class 4,Class 4,Class 1,Class 1,127 GORGIE ROAD,EH11 1TE,2452
323191.734,672343.2552,mobile phones,fone expert,Class 1,Class 1,Vacant,Class 1,129 GORGIE ROAD,EH11 1TH,2453
323186.415,672340.0638,white goods,White Goods & Co.,Class 1,Class 1,Class 11,Class 1,131 GORGIE ROAD,EH11 1TH,2454
323179.5957,672336.521199999,pictures & picture framing,McRae of Gorgie,Class 1,Vacant,Class 1,Class 1,133 GORGIE ROAD,EH11 1TH,2455
323176.6702,672334.3936,solicitors & estate agents,Grigor Hales,Class 1,Class 2,Class 2,Class 2,135 GORGIE ROAD,EH11 1TH,2456
323172.415,672332.5319,optician,20/20 Opticians,Class 1,Class 1,Class 1,Class 1,139 GORGIE ROAD,EH11 1TH,2457
323101.734,672309.521199999,heating engineer & plumber,J. Carlisle,Vacant,Class 4,Class 4,Class 4,165 GORGIE ROAD,EH11 1TJ,2458
323097.2129,672307.9255,financial services - mortgage brokers,Spyder Properties,Class 2,Class 2,Class 2,Class 2,169 GORGIE ROAD,EH11 1TJ,2459
323090.8617,672306.2552,estate agent,Century 21,Class 1,Class 1,Class 1,Class 2,171 GORGIE ROAD,EH11 1TJ,2460
323086.6064,672304.3936,organic & whole foods,Pete's Farm Shop,Class 1,Class 1,Class 1,Class 1,173 GORGIE ROAD,EH11 1TJ,2461
323081.8193,672303.0638,beauty parlour,Aroma Sanctuary,Class 1,Class 1,Class 1,Class 1,177 GORGIE ROAD,EH11 1TJ,2462
323060.1276,672294.3828,beds,Ideal Bed Company,Class 1,Class 1,Class 1,Class 1,179 GORGIE ROAD,EH11 1TT,2463
323054.8086,672291.9893,unknown,unknown,Class 1,Vacant,Class 3,UNKNOWN USE,183-185 GORGIE ROAD,EH11 1TT,2464
323047.7233,672289.116900001,nail studio,Angel,Class 1,Vacant,Class 11,Class 1,187 GORGIE ROAD,EH11 1TT,2465
323043.734,672287.2552,hairdresser (gents),Fabulous hot Shave,Class 1,Class 1,Class 1,Class 1,189 GORGIE ROAD,EH11 1TT,2466
323040.2767,672285.9255,African food & products,African Crest,Class 1,Class 2,Class 1,Class 1,193 GORGIE ROAD,EH11 1TT,2467
323035.6064,672283.723300001,"hot food take-away (fish & chips, pizzas)",7 Brothers Cafe,Class 3,SUI GENERIS,SUI GENERIS,SUI GENERIS,195 GORGIE ROAD,EH11 1TT,2468
323030.5534,672281.595699999,nail & beauty salon,Beauty 2000,Class 2,Class 2,Class 1,Class 1,199 GORGIE ROAD,EH11 1TT,2469
323024.266,672278.446599999,cake shop,Patisserie Jacob,Class 1,Class 1,Class 1,Class 1,201 GORGIE ROAD,EH11 1TT,2470
323020.8086,672276.8509,tattoo studio,Ink In Skin,Class 1,Vacant,Class 1,Class 2,203 GORGIE ROAD,EH11 1TT,2471
323017.0853,672275.521199999,betting shop,Ladbrokes,Class 2,Class 2,Class 2,Class 2,205-207 GORGIE ROAD,EH11 1TT,2472
322995.5319,672267.4574,estate agents,Your Move,Class 1,Vacant,Class 2,Class 2,213 GORGIE ROAD,EH11 1TU,2473
322990.7448,672266.127599999,computers & computer parts,Simbba Technologies,Class 1,Class 1,Class 1,Class 1,217 GORGIE ROAD,EH11 1TU,2474
322986.2236,672264.5319,n/t/c,Shabir Newsagents,Class 1,Class 1,Class 1,Class 1,219 GORGIE ROAD,EH11 1TU,2475
322964.415,672255.797900001, , ,Class 1,Class 9,residential,residential, , ,2476
322955.405,672251.8193,public house,Stratfords,SUI GENERIS,SUI GENERIS,SUI GENERIS,SUI GENERIS,227-229 GORGIE ROAD,EH11 1TU,2477
322927.7441,672239.574200001,videotape hire,Blockbuster, , ,Class 1,Class 1,233(1) GORGIE ROAD,EH11 1TU,2478
322916.3083,672236.116900001,chemist,Semi-Chem, , ,Class 1,Class 1,233(2) GORGIE ROAD,EH11 1TU,2479
322904.3405,672232.659499999,betting shop,William Hill, , ,Class 2,Class 2,237-239 GORGIE ROAD,EH11 1TU,2480
322891.5749,672228.404300001,mixed durable goods,Poundstretcher, , ,Class 1,Class 1,243-245 GORGIE ROAD,EH11 1TU,2481
322877.2021,672224.8193,fireplace surrounds / kitchens,Edinburgh Fire Studios / Instyle Kitchens / Edinburgh Granite & Marble, , ,Class 1,Class 1,251-253 GORGIE ROAD,EH11 1TX,2482
322871.0107,672223.5319,hot food take-away (Indian & Bangladeshi),Joy Bangla Take Away,Class 1,Vacant,SUI GENERIS,SUI GENERIS,257 GORGIE ROAD,EH11 1TX,2483
322867.0,672222.191400001,vacant,vacant,Class 1,Class 1,Class 1,Vacant,259 GORGIE ROAD,EH11 1TX,2484
322858.8617,672219.946900001,n/t/c,Gorgie Newsagent, , ,Class 1,Class 1,261-263 GORGIE ROAD,EH11 1TX,2485
322851.8086,672217.9362,grocer,Amma Spices,Class 1,Class 1,SUI GENERIS,Class 1,267 GORGIE ROAD,EH11 1TX,2486
322847.5534,672216.872400001,grocer,Ski Discount Store,Class 1,Class 1,Class 1,Class 1,269 GORGIE ROAD,EH11 1TX,2487
322731,672181,supermarket,Aldi, , ,Class 1,Class 1,345 GORGIE ROAD,EH11 2QX,2488
322317.3482,671865.7776,public house,The Horseshoe Inn,SUI GENERIS,SUI GENERIS,SUI GENERIS,SUI GENERIS,437 GORGIE ROAD,EH11 2RT,2489
322040.6228,671700.125700001,public house,Laich Bar,SUI GENERIS,SUI GENERIS,SUI GENERIS,SUI GENERIS,(477A) GORGIE ROAD,EH11 3AD,2490
321942.2592,671649.3927,dwelling,dwelling,Class 1,Class 1,Class 9,Class 9, , ,2491
321937.3849,671646.259199999,hairdresser (ladies & gents),John McMahon Hair,Class 1,Class 1,Class 1,Class 1,503B GORGIE ROAD,EH11 3AJ,2492
321767.7776,671550.2302,tool & machine hire,HSS Hire Service, , ,Class 1,Class 1,545-551 GORGIE ROAD,EH11 3AR,2493
323464.1914,672477.2129,converted to residential,dwelling,Class 2,Vacant,Vacant,Class 9, , ,2494
323451.1276,672473.808599999,pets & pet supplies,Water Wonders,Class 1,Class 1,Class 1,Class 1,14-16 GORGIE ROAD,EH11 2LZ,2495
323175.0,672366.2552,hot food take-away (fish & chips),The Gorgie Fish Bar, , ,SUI GENERIS,SUI GENERIS,136-138 GORGIE ROAD,EH11 2NS,2496
323167.7871,672362.404300001,jewellers,Gift Gallery,Class 1,Vacant,Vacant,Class 1,140 GORGIE ROAD,EH11 2NS,2497
323164.0638,672360.5426,hairdresser,New Visage,Class 1,Class 1,Class 1,Class 1,142 GORGIE ROAD,EH11 2NS,2498
323160.0745,672358.946900001,sandwiches,"Food Magic, Juice Magic",Class 1,Class 1,Class 1,Class 1,146-148 GORGIE ROAD,EH11 2NS,2499
322999.3083,672298.659499999,baker,Greggs,Class 1,Class 1,Class 1,Class 1,224 GORGIE ROAD,EH11 2PN,2500
322995.319,672297.0638,tailoring & alterations,The Tailor,Class 2,Class 2,Class 2,Class 1,226 GORGIE ROAD,EH11 2PN,2501
322987.0745,672293.9255,chemist,Boots, , ,Class 1,Class 1,230-232 GORGIE ROAD,EH11 2PN,2502
322974.1169,672289.777000001,supermarket & post office,Scotmid,Class 1,Class 1,Class 1,Class 1,234-236 GORGIE ROAD,EH11 2PL,2503
322962.3083,672285.191400001,vacant,vacant,Class 6,Vacant,Vacant,Vacant,242 GORGIE ROAD,EH11 2PL,2504
322959.6488,672283.8617,shoe repairs,Gorgie Cobblers,Class 1,Vacant,Class 1,Class 1,244 GORGIE ROAD,EH11 2PL,2505
322953.9469,672281.7871,butcher,Charles F. Stanley, , ,Class 1,Class 1,248-250 GORGIE ROAD,EH11 2PL,2506
322947.681,672279.872400001,hot food take-away,Kebab Express,Class 1,SUI GENERIS,SUI GENERIS,SUI GENERIS,252 GORGIE ROAD,EH11 2PL,2507
322939.5319,672277.351199999,charity shop,Salvation Army,Class 2,Class 2,Class 11,Class 1,254-256 GORGIE ROAD,EH11 2PL,2508
322913.5212,672268.0745,charity shop,Hospices of Hope,Class 1,Class 1,Class 1,Class 1,260 GORGIE ROAD,EH11 2PP,2509
322908.734,672266.7448,butcher,Shumba Meats,Class 1,Class 1,Class 1,Class 1,264 GORGIE ROAD,EH11 2PP,2510
322903.9469,672264.6172,florist,City Florists,Class 1,Class 1,Class 1,Class 1,266 GORGIE ROAD,EH11 2PP,2511
322892.0,672261.2129,residential property management,JVR Letting & Management,Class 2,Class 2,Vacant,Class 2,268-270 GORGIE ROAD,EH11 2PP,2512
322880.4466,672257.872400001,vacant,vacant,Class 1,Class 1,Class 1,Vacant,274-284 GORGIE ROAD,EH11 2PP,2513
322875.1276,672256.0107,hairdresser,Perfect Look,Class 1,Class 1,Class 1,Class 1,288 GORGIE ROAD,EH11 2PP,2514
322869.0107,672254.414999999,gifts,Egyptian Treasures,Class 1,Class 1,Vacant,Class 1,290 GORGIE ROAD,EH11 2PP,2515
322863.5319,672252.681,hairdresser (ladies & gents),Bitz and Bobz,Class 1,Class 1,Class 1,Class 1,292 GORGIE ROAD,EH11 2PP,2516
322859.5426,672251.6172,vacant,vacant,Class 2,Class 2,Class 2,Vacant,294 GORGIE ROAD,EH11 2PP,2517
322856.0853,672250.2874,coffee shop,The Koffee Pot,Class 3,Class 3,Class 3,Class 3,298 GORGIE ROAD,EH11 2PP,2518
322845.9362,672247.6064,ladies clothing,Kavelle,Class 2,Class 2,Vacant,Class 1,302-306 GORGIE ROAD,EH11 2PP,2519
324273.8265,676160.6084,"confectionery, tobacconist",Marcantonio,Class 1,Class 1,Class 1,Class 1,28 GRANTON ROAD,EH5 3QS,2520
324272.7608,676167.736099999,veterinary surgery,Dundas Veterinary Group,Class 2,Class 2,Class 2,Class 2, , ,2521
324272.3482,676172.2392,hairdresser,Bonnie & Clyde,Class 1,Class 1,Class 1,Class 1,36 GRANTON ROAD,EH5 3QS,2522
324271.3048,676178.195800001,pets & per supplies,Noah's Ark, , ,Class 1,Class 1,38-40 GRANTON ROAD,EH5 3QS,2523
324269.6741,676188.8265,hairdresser,Ray Douglas,Class 1,Class 1,Class 1,Class 1,46 GRANTON ROAD,EH5 3QS,2524
324266.544,676211.7608,clothing & accessories,Glad Rags,Class 1,Class 1,Vacant,Class 1,48 GRANTON ROAD,EH5 3QU,2525
324265.8265,676216.2392,hot food take-away,Mare Blu,SUI GENERIS,SUI GENERIS,SUI GENERIS,SUI GENERIS,50 GRANTON ROAD,EH5 3QU,2526
324260.544,676248.108999999,grocer / convenience store,Key Store,Class 1,Class 1,Class 1,Class 1,56 GRANTON ROAD,EH5 3QU,2527
324259.4572,676254.956599999,delicattessen & take-away,Goodfillas,Class 1,Class 1,Class 1,Class 1,62 GRANTON ROAD,EH5 3QU,2528
324258.7398,676260.434900001,hairdresser,Hair by Angela Jane,Class 1,Class 1,Class 1,Class 1,64 GRANTON ROAD,EH5 3QU,2529
324234.3048,676423.348200001,photographic studio,David Bryce Photography,Class 1,Class 1,Class 2,Class 2,110 GRANTON ROAD,EH5 3RE,2530
324230.3482,676426.6741,hairdresser,JR's Studio,Class 1,Class 1,Class 1,Class 1,112 GRANTON ROAD,EH5 3RE,2531
324226.9133,676429.348200001,chemist,Co-operative Pharmacy,Class 1,Class 1,Class 1,Class 1,114-116 GRANTON ROAD,EH5 3RE,2532
324220.3048,676459.1735,Tanz,Tanning Studio,Class 1,Vacant,Class 11,Class 11,122-126 GRANTON ROAD,EH5 3RF,2533
324227.3048,676471.891000001,hairdresser,Luigi's,Class 1,Vacant,Class 1,Class 1,128 GRANTON ROAD,EH5 3RF,2534
323665.5965,677111.2017,charity office,St. Columba's Trading Ltd.,Class 2,Vacant,Class 2,Class 2,2 GRANTON SQUARE,EH5 1HE,2535
323736.2017,677071.4035,hot food take-away,Square Snack,SUI GENERIS,SUI GENERIS,SUI GENERIS,SUI GENERIS,6 GRANTON SQUARE,EH5 1HA,2536
325271.5824,673327.0437,musical instruments,Red Dog Music,Class 1,Class 1,Class 1,Class 1,1 GRASSMARKET,EH1 2HY,2537
325277.9832,673317.2755,vacant,vacant,Class 1,Class 1,Class 1,Vacant,5 GRASSMARKET,EH1 2HY,2538
325280.906,673311.7223,gifts / café,Helios Fountain,Class 1,Class 1,Class 1,Class 1,7 GRASSMARKET,EH1 2HY,2539
325283.812,673299.862199999,public house,Bar Alba,SUI GENERIS,SUI GENERIS,SUI GENERIS,SUI GENERIS,9-11 GRASSMARKET,EH1 2HY,2540
325311.4468,673291.753599999,vacant,vacant,Class 1,Class 1,Class 1,Vacant,15 GRASSMARKET,EH1 2HS,2541
325315.5386,673293.7996,embroidrery,The Grassmarket Embroidery Shop,Class 1,Class 1,Class 1,Class 1,19 GRASSMARKET,EH1 2HS,2542
325320.9082,673296.507300001,café,Castle Rock Café,Class 1,Class 1,Class 1,Class 3,21 GRASSMARKET,EH1 2HS,2543
325324.1232,673297.968699999,antiques,Iconic,Class 1,Class 1,Class 1,Class 1,23 GRASSMARKET,EH1 2HS,2544
325331.3695,673300.968699999,n/t/c,News Express,Class 1,Class 2,Class 1,Class 1,27 GRASSMARKET,EH1 2HS,2545
325335.1691,673302.7223,take-away food,Blackcherry,Class 1,Class 1,Class 1,Class 1,29 GRASSMARKET,EH1 2HS,2546
325394.8936,673332.5678,deli/café,The Bothy, , ,Class 1,Class 3,37 GRASSMARKET,EH1 2HS,2547
325460.5386,673360.091800001,hairdresser,Leigh Ross,Class 4,Class 1,Class 1,Class 1,63 GRASSMARKET,EH1 2HJ,2548
325473.0,673366.246400001,PC repair,G-Tee, , ,Class 2,Class 1,67 GRASSMARKET,EH1 2HJ,2549
325483.785,673372.077299999,clothing (cashmere knitwear),Hawick Cashmere, , ,Class 1,Class 1,71 GRASSMARKET,EH1 2HJ,2550
325499.7536,673380.123199999,café,CQ's, , ,Class 1,Class 3,81 GRASSMARKET,EH1 2HJ,2551
325504.5386,673382.215,retro & second-hand clothing,W. Armstrong & Son,Class 1,Class 1,Class 1,Class 1,83 GRASSMARKET,EH1 2HJ,2552
325517.1232,673387.215,hot food take-away,Castle Rock Take Away,Class 3,SUI GENERIS,SUI GENERIS,SUI GENERIS,87 GRASSMARKET,EH1 2HJ,2553
325306.2923,673346.785,café,Café Jacques,Class 1,Class 1,Class 3,Class 3,10 GRASSMARKET,EH1 2JU,2554
322780.5212,672233.0107,public house,Station Tavern,SUI GENERIS,SUI GENERIS,SUI GENERIS,SUI GENERIS,316-320 GORGIE ROAD,EH11 2QZ,2555
322698.4894,672215.5996,Polish delicatessen,Kleofas,Class 1,Class 1,Vacant,Class 1,340 GORGIE ROAD,EH11 2QU,2556
322693.9633,672214.5551,cafe/takeaway,Kelofas,Vacant,Vacant,Vacant,Class 3,342 GORGIE ROAD,EH11 2QU,2557
322687.6963,672213.8588,hot food take-away (fish & chips etc.),Sunset Fish & Chicken Bar,SUI GENERIS,SUI GENERIS,SUI GENERIS,SUI GENERIS,346 GORGIE ROAD,EH11 2QU,2558
322660.7505,672207.1412,optician,20/20 Opticians,Class 1,Class 1,Class 1,Class 1,348-350 GORGIE ROAD,EH11 2RQ,2559
322656.2244,672206.0967,take-away food,The Wee Shop,Class 1,Class 1,Class 1,Class 1,352 GORGIE ROAD,EH11 2RQ,2560
322651.6983,672205.052200001,betting shop,Ladbrokes, , ,Class 2,Class 2,356-358 GORGIE ROAD,EH11 2RQ,2561
322642.6461,672202.963300001,health & fitness,Curves, , ,Vacant,Class 11,360-362 GORGIE ROAD,EH11 2RQ,2562
325368.242,673372.229599999,restaurant,Petit Paris,Class 1,Class 3,Class 3,Class 3,38-40 GRASSMARKET,EH1 2JU,2563
325376.7996,673375.661800001,take-away food (pizzas etc.),Made in Italy,Class 1,Class 1,Class 1,Class 1,42 GRASSMARKET,EH1 2JU,2564
325417,673390,café,Pompei,Class 1,Class 3,Class 3,Class 3,60-64 GRASSMARKET,EH1 2JR,2565
325422.1232,673393.1545,restaurant,Gennaro,Class 3,Class 3,Class 3,Class 3, , ,2566
325428.0459,673395.770400001,knitwear,Bill Baber,Class 1,Class 1,Class 1,Class 1,66 GRASSMARKET,EH1 2JR,2567
325436.9227,673398.908199999,grocer / convenience store,Festival Stores,Class 1,Vacant,Class 1,Class 1,70-72 GRASSMARKET,EH1 2JR,2568
325446.215,673403.7391,public house,The Last Drop,SUI GENERIS,SUI GENERIS,SUI GENERIS,SUI GENERIS,74-78 GRASSMARKET,EH1 2JR,2569
325454.3382,673407.862199999,clothing,no name on fascia,Class 1,Class 1,Class 1,Class 1,86 GRASSMARKET,EH1 2JR,2570
325457.5532,673409.3236,"fancy dress costumes, party goods",Costume HA HA,Class 2,Class 1,Class 1,Class 1,88 GRASSMARKET,EH1 2JR,2571
325461.6305,673412.2004,public house,Maggie Dickson's,SUI GENERIS,SUI GENERIS,SUI GENERIS,SUI GENERIS,92 GRASSMARKET,EH1 2JR,2572
325471.5073,673416.3695,public house,Biddy Mulligans, , ,SUI GENERIS,SUI GENERIS,94-96 GRASSMARKET,EH1 2JR,2573
326936.7749,675903.774900001,hairdresser,Leith Barbers, , ,Class 1,Class 1,1 GREAT JUNCTION STREET,EH6 5HX,2574
326933.8744,675907.0,hot food take-away,Greedy Guts, , ,SUI GENERIS,SUI GENERIS,3 GREAT JUNCTION STREET,EH6 5HX,2575
326931.0312,675910.2774,beeting shop,William Hill,SUI GENERIS,SUI GENERIS,SUI GENERIS,Class 2,5 GREAT JUNCTION STREET,EH6 5HX,2576
324873.2492,673279.501700001,florist,Stems,Class 2,Vacant,Class 1,Class 1,24 GRINDLAY STREET,EH3 9AP,2577
322629.0677,672199.4816,grocer,Nostalgia, , ,Class 1,Class 1,368-370 GORGIE ROAD,EH11 2RQ,2578
322615.4894,672194.955499999,advice service,NEUSS CIC,Class 1,Class 1,Class 1,Class 2,372 GORGIE ROAD,EH11 2RQ,2579
322608.5261,672193.2147,grocer (Polish),Polonia Market,Vacant,Vacant,Vacant,Class 1,376 GORGIE ROAD,EH11 2RQ,2580
322601.911,672190.7776,"tanning & beauty salon, hairdresser",Caribbean Tan, , ,Class 11,Class 11,378 GORGIE ROAD,EH11 2RQ,2581
322590.4217,672184.8588,carpets,Capital Carpets, , ,Class 1,Class 1,380 GORGIE ROAD,EH11 2RQ,2582
322584.851,672182.421700001,hot food take-away (curries),Saiyem's,SUI GENERIS,SUI GENERIS,SUI GENERIS,SUI GENERIS,386 GORGIE ROAD,EH11 2RQ,2583
322577.2224,672177.822000001,hot food take-away (Chinese),King Wa Peking Cuisine,SUI GENERIS,SUI GENERIS,SUI GENERIS,SUI GENERIS,388 GORGIE ROAD,EH11 2RQ,2584
322572.3482,672175.036699999,"party goods, novelties, stationery",Balloons Are Taking Off,Class 1,Class 1,Class 1,Class 1,390 GORGIE ROAD,EH11 2RQ,2585
322543.4739,672156.348200001,furniture,The Bed Shed, , ,Class 1,Class 1,392 GORGIE ROAD,EH11 2RN,2586
322417,672033,car showroom,Western Volkswagon, , ,SUI GENERIS,SUI GENERIS,454 GORGIE ROAD,EH11 2RN,2587
322322.3636,671921.274700001,n/t/c,Newsplus,Class 2,Class 1,Class 1,Class 1,472 GORGIE ROAD,EH11 2RY,2588
322319.2302,671917.4449,electrical spares and repairs,Gorgie Appliances,Class 1,Class 1,Class 1,Class 1,474 GORGIE ROAD,EH11 2RY,2589
322315.7486,671913.266899999,pet grooming,"Christine, dog stylist",Class 2,Class 2,Class 2,Class 2,478 GORGIE ROAD,EH11 2RY,2590
321894.0077,671655.125700001,public house,The Chesser Inn,SUI GENERIS,SUI GENERIS,SUI GENERIS,SUI GENERIS,536 GORGIE ROAD,EH11 3AL,2591
321888.9188,671652.562899999,hot food take-away,Chesser Fast Food,SUI GENERIS,SUI GENERIS,SUI GENERIS,SUI GENERIS,538 GORGIE ROAD,EH11 3AL,2592
321880.6963,671648.2147,grocer,First News,Class 1,Class 1,Class 1,Class 1,542 GORGIE ROAD,EH11 3AL,2593
321876.6963,671645.6073,betting shop,William Hill,Class 1,Class 1,Class 1,Class 2,544 GORGIE ROAD,EH11 3AL,2594
321872.6518,671642.6963,Take away food,Tastebuds,Class 1,Class 1,Class 1,Class 1,546 GORGIE ROAD,EH11 3AL,2595
321868.9555,671640.3037,sandwich bar,Out for Lunch,SUI GENERIS,SUI GENERIS,SUI GENERIS,Class 1,548 GORGIE ROAD,EH11 3AL,2596
321865.3927,671638.2147,hot food take-away (Chinese),Fortune Court,SUI GENERIS,SUI GENERIS,SUI GENERIS,SUI GENERIS,550 GORGIE ROAD,EH11 3AL,2597
321859.6963,671635.6073,hairdresser (gents),Larry's Barbers,Class 1,Class 1,Class 1,Class 1,552 GORGIE ROAD,EH11 3AL,2598
321856,671633,soft furnishings,Diana McIntosh Interiors,Class 2,Class 2,Class 2,Class 1,554 GORGIE ROAD,EH11 3AL,2599
321851.3927,671630.955499999,florist,Flowers by McDowell,Class 1,Class 1,Class 1,Class 1,556 GORGIE ROAD,EH11 3AL,2600
321838.6073,671624.955499999,n/t/c,Supernews,Class 1,Class 1,Class 1,Class 1,560 GORGIE ROAD,EH11 3AL,2601
321713.0435,671659.2783,"ceramic tiles, bathroom suites",Buyrite Bathrooms, ,Class 1,Class 1,Class 1,566-568 GORGIE ROAD,EH11 3XN,2602
312953.8126,678416.759400001,security systems,Watchman Alarms,Class 1,Class 1,Class 4,Class 4,4-6 GOTE LANE,EH30 9PS,2603
327825.8093,668267.742799999,chemist,Gordons Pharmacy,Vacant,Vacant,Class 1,Class 1,1 GRACEMOUNT DRIVE,EH16 6RR,2604
327823,668275,n/t/c,Stewart of Gracemount,Class 1,Vacant,Class 1,Class 1,3 GRACEMOUNT DRIVE,EH16 6RR,2605
327821.1619,668280.5809,hairdresser,FA Hairdressing,Class 1,Class 1,Class 1,Class 1,5 GRACEMOUNT DRIVE,EH16 6RR,2606
327818,668286,hot food take away (Indian),Tartan Tandoori,Class 1,Class 1,Vacant,Vacant,7 GRACEMOUNT DRIVE,EH16 6RR,2607
327816.1619,668291.5809,baker / take away food,The Bakers Bunch,Class 1,Class 1,Class 1,Class 1,9 GRACEMOUNT DRIVE,EH16 6RR,2608
327813.7428,668298.5809,grocer (lic.),Off Licence and Grocery Shop,Class 1,Class 1,Class 1,Class 1,11 GRACEMOUNT DRIVE,EH16 6RR,2609
327811.7428,668303.5809,criminal defense lawyers,Steven Donald and co,Class 1,Vacant,Class 1,Class 4,13 GRACEMOUNT DRIVE,EH16 6RR,2610
327817.4191,668314.161900001,hot food take-away (Chinese),Wok Inn,Class 1,SUI GENERIS,SUI GENERIS,SUI GENERIS,15 GRACEMOUNT DRIVE,EH16 6RR,2611
327822.0,668315.742799999,betting shop,Scotbet,Vacant,Class 2,Class 2,Class 2,17 GRACEMOUNT DRIVE,EH16 6RR,2612
327831.0665,668320.3237,hot food take-away,Fryers Delight,SUI GENERIS,SUI GENERIS,SUI GENERIS,SUI GENERIS,19 GRACEMOUNT DRIVE,EH16 6RR,2613
327809,668354,grocer / convenience store,Scotmid,Class 1,Class 1,Class 1,Class 1,21 GRACEMOUNT DRIVE,EH16 6RP,2614
327888.9047,668308.1907,public house,Marmion, , ,SUI GENERIS,SUI GENERIS,2 GRACEMOUNT DRIVE,EH16 6RS,2615
327813,668783,grocer,Lifestyle Express,Class 1,Class 1,Vacant,Class 1,94 GRACEMOUNT DRIVE,EH16 6QZ,2616
327813,668783,hot food take away,n/a,Class 1,Vacant,Vacant,SUI GENERIS,96 GRACEMOUNT DRIVE,EH16 6QZ,2617
326472.8759,671830.662699999,wine merchant,Vino Wines,Class 1,Class 1,Class 1,Class 1,1 GRANGE LOAN,EH9 2NP,2618
326453.2132,671845.282400001,dwelling,dwelling,Class 1,Class 1,Vacant,Class 9, , ,2619
326437.2132,671835.1066,plumbers & heating engineers,G.Gilhooley,Class 4,Class 4,Class 4,Class 4,22 GRANGE LOAN,EH9 2NR,2620
326432.6945,671831.717599999,dry cleaner,The Chinsese Laundry Co.Ltd.,Class 1,Class 1,Class 1,Class 1,24 GRANGE LOAN,EH9 2NR,2621
326427.8473,671828.4582,dry cleaner,Grange Drycleaners,Class 4,Class 1,Class 1,Class 1,26 GRANGE LOAN,EH9 2NR,2622
326424.4582,671825.9165,electrician,Mchael Paxton Lighting,Class 4,Vacant,Class 4,Class 4,28 GRANGE LOAN,EH9 2NR,2623
326420.8703,671823.4121,cultural / dance admin office,Heritage House Scottish Official Board,Class 4,Class 11,Class 4,Class 4,32 GRANGE LOAN,EH9 2NR,2624
326334.3382,672157.507300001,political office,Mike Pringle MSP,Class 1,Class 1,Class 2,Class 2,4 GRANGE ROAD,EH9 1UH,2625
326329.6618,672156.338199999,computer systems developers,Microsys Solutions / ARCAS Computing,Class 4,Class 4,Class 4,Class 4,5 GRANGE ROAD,EH9 1UH,2626
326322.9687,672153.7996,antiques,Clyde Antiques,Class 1,Class 1,Class 1,Class 1,5A GRANGE ROAD,EH9 1UH,2627
326315.2777,672152.077299999,electrical contractors,Nicholson Bros., , ,Class 4,Class 4,6A GRANGE ROAD,EH9 1UH,2628
326306.1691,672149.876800001,bathroom fixtures,Bathing Mobility Advisory Service,Class 2,Class 2,Class 1,Class 1,7A GRANGE ROAD,EH9 1UH,2629
322357,676624,grocer & post office,Sandy's West Granton Community Store, , ,Class 1,Class 1,1/4 GRANTON MAINS AVENUE,EH4 4GA,2630
324236.6295,676610.651799999,bicycle shop,Edinburgh Cycle Co.,Class 1,Class 1,Vacant,Class 1,133 GRANTON ROAD,EH5 3NJ,2631
324235.4337,676616.1524,Bicyle shop,Edinburgh Cycle Co.,Class 1,Class 1,Vacant,Class 1,133A GRANTON ROAD,EH5 3NJ,2632
324234.4771,676622.1313,grocer / convenience store,Scotmid,Class 1,Class 1,Class 1,Class 1,137 GRANTON ROAD,EH5 3NJ,2633
324228.456,676663.6084,hot food take-away (Chinese),New Happy Palace,SUI GENERIS,SUI GENERIS,SUI GENERIS,SUI GENERIS,145 GRANTON ROAD,EH5 3NL,2634
324224.7819,676686.413899999,vacant,vacant,Class 1,Class 1,Class 1,Vacant,157 GRANTON ROAD,EH5 3NL,2635
325313.1691,673349.785,public house,Black Bull,SUI GENERIS,SUI GENERIS,SUI GENERIS,SUI GENERIS,12 GRASSMARKET,EH1 2JU,2636
325333.1691,673357.615900001,public house,Beehive Inn,Class 3,SUI GENERIS,SUI GENERIS,SUI GENERIS,18-20 GRASSMARKET,EH1 2JU,2637
325346.7996,673363.492699999,restaurant (Italian),Mamma's, , ,Class 3,Class 3,28-30 GRASSMARKET,EH1 2JU,2638
325357.785,673367.3695,public house,White Hart Inn,SUI GENERIS,SUI GENERIS,SUI GENERIS,SUI GENERIS,34 GRASSMARKET,EH1 2JU,2639
324868.2501,673281.750800001,vacant,vacant,Class 1,Class 1,Vacant,Vacant,28 GRINDLAY STREET,EH3 9AP,2640
324863.2582,673283.756999999,restaurant (Chinese),Jimmy Chung's Chinese Buffet, , ,Class 3,Class 3,30 GRINDLAY STREET,EH3 9AP,2641
324855.5074,673287.261499999,restaurant (Chinese),Jasmine Chinese Restaurant,Class 3,Class 3,Class 3,Class 3,32-34 GRINDLAY STREET,EH3 9AP,2642
324845.2535,673292.752699999,night club,Citrus Club,SUI GENERIS,SUI GENERIS,SUI GENERIS,SUI GENERIS,40-42 GRINDLAY STREET,EH3 9AP,2643
324834.7523,673298.253,restaurant (Thai),Spirit of Thai,Class 3,Vacant,Class 3,Class 3,44 GRINDLAY STREET,EH3 9AP,2644
322027.9848,675539.811899999,betting shop,William Hill,Class 2,Class 2,Class 2,Class 2,"4-4A GROATHILL ROAD, NORT",EH4 2SW,2645
322030.8645,675532.759400001,hot food take-away,Groathill Fish Bar,SUI GENERIS,SUI GENERIS,SUI GENERIS,SUI GENERIS,"6 GROATHILL ROAD, NORTH",EH4 2SW,2646
322032.1577,675527.879699999,hairdresser,Jage,Class 1,Class 1,Vacant,Class 1,"8 GROATHILL ROAD, NORTH",EH4 2SW,2647
322033.5713,675523.4661,hot food take-away (Chinese),New Lucky Home,SUI GENERIS,SUI GENERIS,SUI GENERIS,SUI GENERIS,"8A GROATHILL ROAD, NORTH",EH4 2SW,2648
322034.5713,675519.172900001,baker,Home Bakery,Vacant,Class 1,Class 1,Class 1,"10 GROATHILL ROAD, NORTH",EH4 2SW,2649
322036.2781,675512.639,n/t/c & grocer (lic.),Capital News, , ,Class 1,Class 1,"10A-12 GROATHILL ROAD, NO",EH4 2SW,2650
324118.6352,673288.0814,restaurant,Omar Khayyam Tandoori,Class 3,Class 3,Class 3,Class 3,1(GF)-3 GROSVENOR STREET,EH12 5ED,2651
324088.0,673265.9869,cafe,Beanscene,Class 2,Class 2,Vacant,Class 3,2 GROSVENOR STREET,EH12 5EG,2652
324353.7674,673212.862600001,cafe,Jaspers,Vacant,Class 1,Vacant,Class 3,1 GROVE STREET,EH3 8AF,2653
324355.2139,673208.2601,vacant,vacant,Class 3,Class 3,Vacant,Vacant,3 GROVE STREET,EH3 8AF,2654
324356.7919,673203.263,beauty salon,Escape Skin Care & Body Therapies,Class 1,Class 1,Class 1,Class 1,7-9 GROVE STREET,EH3 8AF,2655
324358.5015,673198.134400001,residential letting agency,Fineholm,Class 4,Class 4,Class 2,Class 2,11 GROVE STREET,EH3 8AF,2656
326926.5548,675915.2985,fancy goods,Bits 'n' Pieces,Class 1,Class 1,Class 1,Class 1,7 GREAT JUNCTION STREET,EH6 5HX,2657
326923.6173,675918.932399999,vacant,vacant,Class 2,Class 1,Vacant,Vacant,11 GREAT JUNCTION STREET,EH6 5HX,2658
326919.801,675923.403100001,clothing,The Jean Shop,Class 1,Class 1,Class 1,Class 1,13 GREAT JUNCTION STREET,EH6 5HX,2659
326916.8744,675927.005100001,clothing (ladies),Sahara,Class 1,Class 1,Class 1,Class 1,15 GREAT JUNCTION STREET,EH6 5HX,2660
326905.5287,675940.0,fishmonger,Methven, , , ,Class 1,19-21 GREAT JUNCTION STRE,EH6 5HX,2661
326902.8272,675943.3769,charity shop,Bristish Heart Foundation,Class 1,Class 1,Class 1,Class 1,23-29 GREAT JUNCTION STRE,EH6 5HX,2662
326898.1569,675948.172800001,vacant,vacant,Class 1,Class 1,Class 1,Vacant,33 GREAT JUNCTION STREET,EH6 5HX,2663
326894.3297,675952.6754,hairdresser,Scissors Technique,Class 2,Class 1,Class 1,Class 1,35 GREAT JUNCTION STREET,EH6 5HX,2664
326890.0523,675957.1779,public house,Tam O'Shanter,SUI GENERIS,SUI GENERIS,SUI GENERIS,SUI GENERIS,39 GREAT JUNCTION STREET,EH6 5HX,2665
326884.8061,675963.2985,betting shop,Ladbrokes,Class 2,Class 2,Class 2,Class 2,41-43 GREAT JUNCTION STRE,EH6 5HX,2666
326880.5287,675967.5759,videotape hire,Blockbuster Express,Class 1,Class 1,Class 1,Class 1,47 GREAT JUNCTION STREET,EH6 5HX,2667
326876.9267,675971.8533,chemist,John F. Rodgers & Son Ltd.,Class 1,Class 1,Class 1,Class 1,49 GREAT JUNCTION STREET,EH6 5HX,2668
326870.9789,675977.874399999,butcher & poulterer,James Anderson,Class 1,Class 1,Class 1,Class 1,51 GREAT JUNCTION STREET,EH6 5HX,2669
326868.5025,675980.801000001,florist,Joyce Rodgers,Class 1,Class 1,Class 1,Class 1,53 GREAT JUNCTION STREET,EH6 5HX,2670
326865.801,675984.1779,shoes & footwear,Timpson,Class 1,Class 1,Class 1,Class 1,57 GREAT JUNCTION STREET,EH6 5HX,2671
326863.3246,675987.5548,take away food,Popeye's Sandwich Bar,Class 1,Class 1,Class 1,Class 1,59 GREAT JUNCTION STREET,EH6 5HX,2672
326859.8533,675991.5759,textiles,Barnes discount textiles,Class 1,Class 1,Vacant,Class 1,61 GREAT JUNCTION STREET,EH6 5HX,2673
326856.7015,675995.6282,pawn broker,Cash in Hand,Class 1,Vacant,Class 1,Class 2,63 GREAT JUNCTION STREET,EH6 5HX,2674
326853.6717,675999.229499999,vacant,vacant,Class 1,Class 1,Class 1,Vacant,67 GREAT JUNCTION STREET,EH6 5HX,2675
326840.9528,676014.602,second-hand goods,Cash Generator,SUI GENERIS,Class 2,Class 1,Class 1,69-73 GREAT JUNCTION STRE,EH6 5HZ,2676
326836.0784,676021.0995,clothing repairs,just sew,Class 1,Class 1,Class 1,Class 1,75 GREAT JUNCTION STREET,EH6 5HZ,2677
326831.5759,676026.502499999,clothing,In Style,Class 2,Vacant,Class 1,Class 1,79 GREAT JUNCTION STREET,EH6 5HZ,2678
326819.4764,676039.5759,undertakers,McKenzie & Millar,Class 1,Class 1,Class 1,Class 1,83-89 GREAT JUNCTION STRE,EH6 5HZ,2679
326754.9005,676112.0,vacant,vacant, , ,Class 1,Vacant, , ,2680
326751.0784,676116.3718,café,Up The Junction,Class 3,Class 3,Class 3,Class 3,127 GREAT JUNCTION STREET,EH6 5JB,2681
326747.7015,676120.6492,vacant,vacant,Vacant,Class 1,Class 1,Vacant,131 GREAT JUNCTION STREET,EH6 5JB,2682
326744.3246,676125.151799999,hairdresser,Bubbles,Class 1,Class 1,Class 1,Class 1,133 GREAT JUNCTION STREET,EH6 5JB,2683
326740,676129,post office,Post Office,Class 1,Class 1,Class 1,Class 1,135 GREAT JUNCTION STREET,EH6 5JB,2684
326736.6282,676133.398,greeting cards and gifts,The Card Shop,Class 1,Class 1,Class 1,Class 1,137 GREAT JUNCTION STREET,EH6 5JB,2685
326733.0261,676137.9005,Tattoo and piercing,Pierce of Art,Class 1,Class 1,Class 1,Class 2,141 GREAT JUNCTION STREET,EH6 5JB,2686
326729.8744,676141.727700001,beauty parlour,Beauty Express,Class 1,Class 1,Vacant,Class 1,143 GREAT JUNCTION STREET,EH6 5JB,2687
326715.6282,676159.7487,staitionery,Planet Leith,Class 2,Vacant,Class 2,Class 1,145 GREAT JUNCTION STREET,EH6 5LG,2688
326709.7749,676166.727700001,prams,Leith Pram Centre, , ,Class 1,Class 1,147-153 GREAT JUNCTION ST,EH6 5LG,2689
326701.1518,676176.3769,hot food take-away,Summer Chinese Take away,SUI GENERIS,SUI GENERIS,Vacant,SUI GENERIS,155 GREAT JUNCTION STREET,EH6 5LG,2690
326690.8272,676188.774900001,driving school,Driving Training Centre,Class 1,Class 1,Vacant,Class 4,159 GREAT JUNCTION STREET,EH6 5LG,2691
326687.4503,676192.602,dental surgery,G J Dental Practice,Class 1,Class 1,Class 1,Class 2, , ,2692
326683.4031,676197.398,pets & pet supplies,A1 Pets, , ,Class 1,Class 1,165 GREAT JUNCTION STREET,EH6 5LG,2693
324877.2511,673277.500700001,florist,Stems,Class 1,Class 1,Class 1,Class 1,22 GRINDLAY STREET,EH3 9AP,2694
324360.6359,673191.4465,property maintenance,KRD Property Maintenance,Class 4,Class 4,Class 2,Class 4,13 GROVE STREET,EH3 8AF,2695
324449.0998,672939.720899999,children's clothing - school outfitters,Clan House of Edinburgh Ltd., ,Class 1,Class 1,Class 1, , ,2696
324391.5212,673035.378900001,pet grooming,Glamour Pooch,Class 1,Class 4,Class 2,Class 2,36A GROVE STREET,EH3 8AZ,2697
324421.9002,672952.3105,hairdresser (gents),Benny's,Class 1,Class 1,Class 1,Class 1,54 GROVE STREET,EH3 8AT,2698
324423.7634,672947.342,furniture restorer,Siller & Donaldson,Class 1,Class 4,Class 1,Class 1,58 GROVE STREET,EH3 8AT,2699
324429.6211,672930.1053,vacant,vacant,Class 1,Class 1,Class 1,Vacant,64 GROVE STREET,EH3 8AP,2700
324431.6895,672924.2421,vacant,vacant, , ,Class 4,Vacant,68 GROVE STREET,EH3 8AP,2701
324452.695,672871.658,rubber stamps,Stampers Grove,Class 1,Class 1,Class 1,Class 1,92 GROVE STREET,EH3 8AP,2702
325871.9082,673435.57,vacant,vacant,Class 4,Class 2,Class 2,Vacant,13 GUTHRIE STREET,EH1 1JG,2703
325878.0459,673437.3236,office,Link net mentoring,Class 4,Class 2, ,Class 4,17 GUTHRIE STREET,EH1 1JG,2704
325923.9832,673450.246400001,vacant,vacant,Class 4,Vacant,Class 2,Vacant,35 GUTHRIE STREET,EH1 1JG,2705
318042.008,672505.4641,ladies & mens clothing,Tie Rack, , ,Class 1,Class 1,(STANCE1) GYLE AVENUE,EH12 8NG,2706
318082,672489,digital TV service,BT, , ,Class 1,Class 1,(STANCE-BT) GYLE AVENUE,EH12 8NG,2707
318057.7389,672498.586100001,digital TV service,Sky TV, , ,Class 1,Class 1,(STANCE-SKY) GYLE AVENUE,EH12 8NG,2708
318087.7058,672487.038799999,nail bar,Ten Nail Boutique, , ,Class 1,Class 1,(STANCE-TEN) GYLE AVENUE,EH12 8NG,2709
318010.9806,672455.5998,ATM site,TSB, ,Class 2, ,Class 2,1 GYLE AVENUE,EH12 8NG,2710
326679.801,676202.125600001,pets & pet supplies,A1 Pets, , ,Class 1,Class 1,167 GREAT JUNCTION STREET,EH6 5LG,2711
326675.78,676206.895400001,grocer,Costcutter, , ,Class 1,Class 1,173 GREAT JUNCTION STREET,EH6 5LG,2712
326670.1518,676213.874399999,hot food take-away,Wang's, , ,SUI GENERIS,SUI GENERIS,177 GREAT JUNCTION STREET,EH6 5LQ,2713
326665.6492,676219.2774,solicitors,Adam Bevan & Co.,Class 1,Class 1,Class 2,Class 2,177B GREAT JUNCTION STREE,EH6 5LQ,2714
326663.398,676221.9789,letting agent,TGI Property,Class 1,Class 1,Class 1,Class 2,179-181 GREAT JUNCTION ST,EH6 5LQ,2715
326660.2774,676225.523600001,hairdresser,David Stewart,Vacant,Vacant,Vacant,Class 1,185 GREAT JUNCTION STREET,EH6 5LQ,2716
326657.801,676228.9005,café,Blue Sky Café,Vacant,Vacant, ,Class 3,187 GREAT JUNCTION STREET,EH6 5LQ,2717
326652.7066,676234.895400001,grocer (African),Madeb,Class 1,Class 1, ,Class 1,189 GREAT JUNCTION STREET,EH6 5LQ,2718
326648.6543,676239.848200001,hot food take-away,Sanar Gao,Vacant,Class 3,Vacant,SUI GENERIS,191 GREAT JUNCTION STREET,EH6 5LQ,2719
326646.1779,676243.6754,hairdresser,The best little hair house,Class 1,Class 1,Vacant,Class 1,193 GREAT JUNCTION STREET,EH6 5LQ,2720
326643.7015,676246.827199999,barber,Daisy,Class 1,Class 1,Vacant,Class 1,197 GREAT JUNCTION STREET,EH6 5LQ,2721
326640.7749,676250.654300001,café / deli,La Cerise,Class 1,Vacant,Class 1,Class 3,199-201 GREAT JUNCTION ST,EH6 5LQ,2722
326513.2398,676432.873,hairdresser,Austen Thomson Hair,SUI GENERIS,SUI GENERIS,SUI GENERIS,Class 1,269 GREAT JUNCTION STREET,EH6 5LP,2723
326944.8482,675932.366699999,travel agent,First Choice,Class 1,Vacant,Class 1,Class 1,2 GREAT JUNCTION STREET,EH6 5LA,2724
326936.7436,675941.3718,greeting cards,Toy and party,Class 1,Class 1,Class 1,Class 1,6 GREAT JUNCTION STREET,EH6 5LA,2725
326933.5919,675945.198999999,telephones / computers,Mac's Audio,Class 1,Class 1,Class 1,Class 1,10 GREAT JUNCTION STREET,EH6 5LA,2726
326930.0733,675949.523600001,travel agent,Frutin Travel,Class 1,Class 1,Class 1,Class 1,12 GREAT JUNCTION STREET,EH6 5LA,2727
326926.1728,675954.0733,charity shop,Capability Scotland,Class 1,Class 1,Class 1,Class 1,16 GREAT JUNCTION STREET,EH6 5LA,2728
326921.398,675959.947699999,clothing,Concept Clothing,Class 1,Class 1,Class 1,Class 1,18 GREAT JUNCTION STREET,EH6 5LA,2729
326917.5708,675964.225099999,optician,JP Optometrist,Class 1,Class 1,Class 1,Class 1,20 GREAT JUNCTION STREET,EH6 5LA,2730
326913.9688,675968.2774,betting shop,Coral,Class 1,Class 1,Class 1,Class 2,24-26 GREAT JUNCTION STRE,EH6 5LA,2731
326908.9739,675974.272299999,clothing,unknown,Class 1,Class 1,Class 1,Class 1,28 GREAT JUNCTION STREET,EH6 5LA,2732
326906.4975,675977.4241,household textiles,Textile Wise,Class 1,Class 1,Class 1,Class 1,30 GREAT JUNCTION STREET,EH6 5LA,2733
326903.7959,675980.3508,fishmonger,Welsh Fishmonger,Class 1,Class 1,Class 1,Class 1,34 GREAT JUNCTION STREET,EH6 5LA,2734
326901.0944,675983.2774,moneylender,Cheque Centre,Class 1,Class 1,Class 1,Class 2,36 GREAT JUNCTION STREET,EH6 5LA,2735
326894.1728,675989.9739,vacant,vacant,Class 1,Class 1,Class 1,Vacant,40 GREAT JUNCTION STREET,EH6 5LA,2736
326891.2462,675993.125600001,butcher,George Bowman,Class 1,Class 1,Class 1,Class 1,44 GREAT JUNCTION STREET,EH6 5LB,2737
326887.9739,675997.3246,books,DL's Book Exchange,Class 1,Class 1,Class 1,Class 1,46 GREAT JUNCTION STREET,EH6 5LB,2738
326884.4503,676001.921599999,greengrocer,Fruit Heaven,Class 1,Class 1,Class 1,Class 1,48 GREAT JUNCTION STREET,EH6 5LB,2739
326881.6231,676005.0733,jeweller,jeneil,Class 1,Class 1,Vacant,Class 1,48A GREAT JUNCTION STREET,EH6 5LB,2740
326860.8744,676029.497500001,sandwich shop,baguette express,Class 1,Class 1,Class 1,Class 1,60 GREAT JUNCTION STREET,EH6 5LD,2741
326858.1728,676032.874399999,clothing,Lookin' Trendy,Class 1,Class 1,Class 1,Class 1,62 GREAT JUNCTION STREET,EH6 5LD,2742
326852.3246,676039.8221,café,La Dolce Vita,Class 1,Class 1,Vacant,Class 3,64-66 GREAT JUNCTION STRE,EH6 5LD,2743
326848.2723,676044.549699999,barbers,barbers,Vacant,Class 1,Vacant,Class 1,70 GREAT JUNCTION STREET,EH6 5LD,2744
326683.6492,676240.0581,community centre,The Junction Drop in Centre,Class 1,Class 1,Class 2,Class 2,162 GREAT JUNCTION STREET,EH6 5LJ,2745
326678.4713,676246.136499999,citizens advice bureau,Citizens Advice Bureau,Class 2,Class 2,Class 2,Class 2,166 GREAT JUNCTION STREET,EH6 5LJ,2746
326673.0683,676252.440099999,vacant,vacant,Class 1,Class 1,Class 2,Vacant,168 GREAT JUNCTION STREET,EH6 5LJ,2747
326667.6333,676258.717499999,charity shop - furniture,Edinburgh University Settlement, , ,Class 1,Class 1,170B(GF) GREAT JUNCTION S,EH6 5LJ,2748
326656.634,676270.6754,bedroom furniture,The Bed Factory,Class 2,Class 1,Class 1,Class 1,174 GREAT JUNCTION STREET,EH6 5LJ,2749
326574.4662,676377.366699999,grocer (polish),Sklep Mini Kubus,Class 1,Class 4,Vacant,Class 1,204 GREAT JUNCTION STREET,EH6 5LW,2750
326572.2149,676381.419,vacant,vacant,Class 1,Class 1,Class 2,Vacant,206 GREAT JUNCTION STREET,EH6 5LW,2751
326569.7385,676385.246200001,taxi office,Accolade City Cars,Class 11,Class 11,Class 4,Class 4,208-210 GREAT JUNCTION ST,EH6 5LW,2752
329710,671196,cleared site,cleared site,Class 1,Class 1,Class 1,Demolished, , ,2753
329706.9022,671190.9022,cleared site,cleared site,Class 1,Class 1,Vacant,Demolished, , ,2754
329704.1277,671186.240499999,cleared site,cleared site,SUI GENERIS,Vacant,Vacant,Demolished, , ,2755
329701.2255,671181.451099999,cleared site,cleared site,Class 1,Vacant,Vacant,Demolished, , ,2756
329698.1277,671176.1128,cleared site,cleared site,Class 1,Vacant,Vacant,Demolished, , ,2757
326079.0232,674377.8325,public house,Mood Entertainment Bar, , ,SUI GENERIS,SUI GENERIS,1 GREENSIDE PLACE,EH1 3AA,2758
326089.9602,674399.736500001,public house,Café Habana,SUI GENERIS,SUI GENERIS,SUI GENERIS,SUI GENERIS,22 GREENSIDE PLACE,EH1 3AA,2759
326101.065,674418.6679,public house,C.C. Blooms Bar & Diner,SUI GENERIS,SUI GENERIS,SUI GENERIS,SUI GENERIS,23-24 GREENSIDE PLACE,EH1 3AA,2760
326107.6318,674428.870100001,public house,Theatre Royal Bar,Class 1,SUI GENERIS,SUI GENERIS,SUI GENERIS,24A-27 GREENSIDE PLACE,EH1 3AA,2761
325693.5304,673270.7733,artists supplies,Greyfriars Art Shop,Class 1,Class 1,Class 1,Class 1,1 GREYFRIARS PLACE,EH1 2QQ,2762
325696.4474,673265.7348,"jewellery, gifts",Joe,Class 1,Class 1,Class 1,Class 1,3 GREYFRIARS PLACE,EH1 2QQ,2763
325700.0607,673259.651900001,sandwich bar,Bobby's Sandwich Bar,Class 1,Class 1,Class 1,Class 1,4 GREYFRIARS PLACE,EH1 2QQ,2764
324965.5364,673269.259199999,compact discs and music books (classical & Scottish music),McAlister Matheson Music, , ,Class 1,Class 1,1 GRINDLAY STREET,EH3 9AT,2765
324960.2477,673271.4998,sandwiches,Fox's,Class 1,Class 1,Vacant,Class 1,5 GRINDLAY STREET,EH3 9AT,2766
324930.2492,673254.252499999,restaurant (Scottish),Stac Polly, , ,Class 3,Class 3,8-10 GRINDLAY STREET,EH3 9AS,2767
318006,672467,barber,Gyle Barbers, ,Class 2,Class 2,Class 1,2 GYLE AVENUE,EH12 8NG,2768
318002.2611,672475.5222,cameras & photographic equip,Jessops, ,Class 1,Vacant,Class 1,3 GYLE AVENUE,EH12 8NG,2769
318005.5222,672482.6306,coffee shop,Costa Coffee, ,Class 1,Class 1,Class 3,4 GYLE AVENUE,EH12 8NG,2770
318007.8917,672490.0,jeweller,Robert Anthony, ,Class 1,Class 1,Class 1,(4A) GYLE AVENUE,EH12 8NG,2771
318010.7389,672498.847200001,jeweller,Beaverbrooks, ,Class 1,Class 1,Class 1,5 GYLE AVENUE,EH12 8NG,2772
318019.7389,672496.1083,greeting cards,Clinton Cards, ,Class 1,Vacant,Class 1,6 GYLE AVENUE,EH12 8NG,2773
318030.1083,672493.3694,mobile phones,T mobile, ,Class 1,Class 1,Class 1,7 GYLE AVENUE,EH12 8NG,2774
318039.7389,672489.6306,ladies clothing,Quiz, ,Class 1,Class 1,Class 1,8 GYLE AVENUE,EH12 8NG,2775
318048.1083,672486.2611,jeweller,Hendersons, ,Class 1,Class 1,Class 1,9 GYLE AVENUE,EH12 8NG,2776
318056.2611,672483.2611,ladies clothing,Country Casuals/Viyella, ,Class 1,Class 1,Class 1,10 GYLE AVENUE,EH12 8NG,2777
318063.8917,672480.152799999,ladies clothing,Wallis, ,Class 1,Class 1,Class 1,11 GYLE AVENUE,EH12 8NG,2778
318070.2611,672477.5222,"ladies, mens, children's clothing",Mountain Warehouse, ,Class 1,Class 1,Class 1,12 GYLE AVENUE,EH12 8NG,2779
318077.8917,672474.8917,lingerie,La Senza, ,Class 1,Class 1,Class 1,13 GYLE AVENUE,EH12 8NG,2780
318084.789,672472.4333,soap etc,Arran Aromatics, ,Class 1,Class 1,Class 1,14 GYLE AVENUE,EH12 8NG,2781
318090.5222,672470.152799999,mens clothing,Austin Reed, ,Class 1,Class 1,Class 1,15 GYLE AVENUE,EH12 8NG,2782
318097.8917,672461.4778,shoes & footwear,Barratts, ,Class 1,Class 1,Class 1,17 GYLE AVENUE,EH12 8NG,2783
318100.7389,672456.8917,jeweller,Ortak, ,Class 1,Class 1,Class 1,18 GYLE AVENUE,EH12 8NG,2784
318102.8472,672450.5222,broadband services,Virgin Media, ,Class 1,Vacant,Class 4,19 GYLE AVENUE,EH12 8NG,2785
318106.4778,672443.2611,café / coffee shop,Starbucks, ,Class 1,Class 3,Class 3,20 GYLE AVENUE,EH12 8NG,2786
318167.1083,672469.694399999,department store (incl. food hall),Marks & Spencer, , ,Class 1,Class 1,21 GYLE AVENUE,EH12 8NG,2787
318116.9361,672482.2805,perfumes & fragrances,The Perfume Shop, ,Class 1,Class 1,Class 1,22 GYLE AVENUE,EH12 8NG,2788
318111.9351,672490.104900001,children's clothing,Monsoon Children, ,Class 1,Class 1,Class 1,23 GYLE AVENUE,EH12 8NG,2789
318107.4139,672497.3694,mobile phones,Carphone Warehouse, ,Class 1,Class 1,Class 1,24 GYLE AVENUE,EH12 8NG,2790
318098.0,672501.586100001,shoes & footwear,Clarks, ,Class 1,Class 1,Class 1,25 GYLE AVENUE,EH12 8NG,2791
318090.1083,672504.847200001,vacant,vacant, ,Class 1,Class 1,Vacant,26 GYLE AVENUE,EH12 8NG,2792
318080.2166,672507.847200001,ladies & mens clothing,River Island, ,Class 1,Class 1,Class 1,27 GYLE AVENUE,EH12 8NG,2793
318068.8472,672511.1722,ladies & mens clothing +,Monsoon  Accessorise, ,Class 1,Class 1,Class 1,28 GYLE AVENUE,EH12 8NG,2794
318058.4778,672515.4333,ladies & mens clothing,Dorothy Perkins / Burton Menswear, ,Class 1,Class 1,Class 1,29 GYLE AVENUE,EH12 8NG,2795
318048.7834,672519.324999999,ladies  - accessories,Claires Accessories, ,Class 1,Class 1,Class 1,30 GYLE AVENUE,EH12 8NG,2796
318039.2611,672522.216600001,confectionery,Thorntons, ,Class 1,Class 1,Class 1,31 GYLE AVENUE,EH12 8NG,2797
318031.3694,672524.847200001,toiletries & cosmetics,The Body Shop, ,Class 1,Class 1,Class 1,32 GYLE AVENUE,EH12 8NG,2798
318022.4778,672529.216600001,"stationery, music, newspapers",W.H. Smith, ,Class 1,Class 1,Class 1,33 GYLE AVENUE,EH12 8NG,2799
318019.1083,672537.586100001,ladies & mens clothing,Next, ,Class 1,Vacant,Class 1,34-35 GYLE AVENUE,EH12 8NG,2800
318004.5861,672546.0,toys,Early Learning Centre, ,Class 1,Class 1,Class 1,36 GYLE AVENUE,EH12 8NG,2801
317996.1528,672542.1722,mixed durable goods,Boots, ,Class 1,Class 1,Class 1,37 GYLE AVENUE,EH12 8NG,2802
317974.3694,672544.694399999,mobile phones,3 Store, ,Class 1,Class 1,Class 1,39 GYLE AVENUE,EH12 8NG,2803
317963.9555,672547.955499999,travel agent,Thomas Cook, ,Class 1,Class 1,Class 1,40 GYLE AVENUE,EH12 8NG,2804
317952.5861,672552.694399999,"home entertainment (music, computer games)",HMV, ,Class 1,Class 1,Class 1,41 GYLE AVENUE,EH12 8NG,2805
317944.3694,672556.4333,ladies & childrens clothing,M & Co, ,Class 1,Class 1,Class 1,42A GYLE AVENUE,EH12 8NG,2806
317931.2611,672560.955499999,ladies clothing,New Look, ,Class 1,Class 1,Class 1,43 GYLE AVENUE,EH12 8NG,2807
317924.0,672563.216600001,vacant,vacant, ,Class 1,Class 2,Vacant,44 GYLE AVENUE,EH12 8NG,2808
317918.6306,672566.4778,vacant,vacant (formerly Travellite), ,Class 1,Vacant,Vacant,45 GYLE AVENUE,EH12 8NG,2809
317911,672569,mobile phones,Vodafone, ,Class 1,Class 1,Class 1,46 GYLE AVENUE,EH12 8NG,2810
317862,672584,supermarket - large,Morrisons, ,Class 1,Class 1,Class 1,47 GYLE AVENUE,EH12 8NG,2811
317901.7195,672541.5222,ladies & mens clothing,GAP, ,Class 1,Class 1,Class 1,53 GYLE AVENUE,EH12 8NG,2812
324704.5764,674627.3552,charity shop,The Bethany Shop,Class 2,Class 2,Class 1,Class 1,46 HAMILTON PLACE,EH3 5AX,2813
324707.7464,674632.2203,bicycles,Alpine Bikes,Class 4,Class 1,Class 1,Class 1,48 HAMILTON PLACE,EH3 5AX,2814
324712.3732,674640.152000001,art gallery & cafe,Alpha Art,Class 1,Class 1,Class 1,Class 1,52 HAMILTON PLACE,EH3 5AX,2815
324722.8309,674657.847100001,supermarket,Scotmid Co-operative, , ,Class 1,Class 1,56-60 HAMILTON PLACE,EH3 5AZ,2816
327489.7295,675333.7349,grocer & n/t/c,S & M Foodstore & Newsagent,Class 1,Class 1,Class 1,Class 1,1 HERMITAGE PARK,EH6 8HD,2817
324975.2059,673012.1765,restaurant,Two Thin Laddies, , ,Class 3,Class 3,103 HIGH RIGGS,EH3 9RP,2818
325020.0024,673174.7513,public house,Burke & Hare,SUI GENERIS,SUI GENERIS,SUI GENERIS,SUI GENERIS,2 HIGH RIGGS,EH3 9BX,2819
326134.1378,673711.661800001,public house,The Tass,SUI GENERIS,SUI GENERIS,SUI GENERIS,SUI GENERIS,1 HIGH STREET,EH1 1SR,2820
326130.4155,673708.0,n/t/c,A. & E. Irvine,Class 1,Class 1,Class 1,Class 1,5 HIGH STREET,EH1 1SR,2821
326122.1232,673705.8309,shoes & footwear,Barnets,Class 1,Class 1,Class 1,Class 1,7 HIGH STREET,EH1 1SR,2822
326116,673705,grocer,Supermarket,Class 1,Class 1,Class 1,Class 1,11 HIGH STREET,EH1 1SR,2823
326085.5845,673703.492699999,clothing,Cashmere and Kilt Centre,Class 1,Class 1,Class 1,Class 1,51 HIGH STREET,EH1 1SR,2824
326078.2923,673701.3695,ladies & mens clothing (Highland outfits),Geoffrey (Tailor) Kiltmaker,Class 1,Class 1, ,Class 1,57-59 HIGH STREET,EH1 1SR,2825
326067.5386,673700.876800001,kilts,John Morrison Kiltmakers,Class 1,Class 4,Class 1,Class 1,63 HIGH STREET,EH1 1SR,2826
326059.973,673699.231799999,chemist,Royal Mile Pharmacy,Class 1,Class 1,Class 1,Class 1,67 HIGH STREET,EH1 1SR,2827
326050.9687,673696.661800001,gifts,The Wee Gift Shop,Class 1,Class 1,Class 1,Class 1,83 HIGH STREET,EH1 1SR,2828
326046.8768,673695.492699999,travel agent,Capital Coaches /  Scotline Tours,Class 1,Class 1,Class 1,Class 1,85-87 HIGH STREET,EH1 1SG,2829
326043.0773,673694.615900001,jewellery,Tappit Hen,Class 1,Class 1,Class 1,Class 1,89 HIGH STREET,EH1 1SG,2830
326039.2777,673693.446799999,"knitwear, gifts",The Bonnie Blue Gallery,Class 1,Class 1,Class 1,Class 1,95 HIGH STREET,EH1 1SG,2831
326035.215,673692.031300001,"gifts, souvenirs",Best of Scottish,Class 1,Class 1,Class 1,Class 1,97 HIGH STREET,EH1 1SG,2832
326032.5845,673691.1545,"kilts, crafts",Celtic Craft Centre,Class 1,Class 1,Class 1,Class 1,99 HIGH STREET,EH1 1SG,2833
326027.9227,673690.3695,café,The Rabbie Burns,Class 1,Class 3,Class 3,Class 3,103 HIGH STREET,EH1 1SG,2834
326025.8768,673689.492699999,restaurant,Shamoli, , ,Class 3,Class 3,105 HIGH STREET,EH1 1SG,2835
317917.1083,672536.8917,novelty goods and toys,The Disney Store, ,Class 1,Class 1,Class 1,54-55 GYLE AVENUE,EH12 8NG,2836
317925.8027,672533.783399999,electronic games,Game, ,Class 1,Class 1,Class 1,56 GYLE AVENUE,EH12 8NG,2837
317934.325,672530.152799999,novelties,Hawkin's Bazaar, ,Class 1,Class 1,Class 1,57 GYLE AVENUE,EH12 8NG,2838
324946.9924,672780.495999999,public house,The Cuckoo's Nest,SUI GENERIS,SUI GENERIS,SUI GENERIS,SUI GENERIS,69 HOME STREET,EH3 9JP,2839
324899.2539,672950.0019,pharmacy,Tollcross Pharmacy,Class 2,Class 2,Class 2,Class 1,2(A) HOME STREET,EH3 9LY,2840
324899.7518,672943.5002,financial services - mortgages,First Mortgage Direct Ltd.,Class 2,Class 2,Class 2,Class 2,6 HOME STREET,EH3 9LY,2841
324900,672935,printers,Printing.com,Class 1,Class 1,Class 4,Class 4,8 HOME STREET,EH3 9LY,2842
324900,672935,jewellers,Rockman,Class 1,Class 2,Class 1,Class 1,12 HOME STREET,EH3 9LY,2843
317942.2166,672527.5222,ladies & gents outdoor clothing,Trespass, ,Class 1,Class 1,Class 1,58 GYLE AVENUE,EH12 8NG,2844
317950.2166,672524.2611,sports clothing & equipment,JD Sports, ,Class 1,Class 1,Class 1,59 GYLE AVENUE,EH12 8NG,2845
317959.4778,672520.1083,jeweller,Ernest Jones, ,Class 1,Class 1,Class 1,60 GYLE AVENUE,EH12 8NG,2846
317967.3694,672516.3694,mobile phones,Phones 4 U, ,Class 1,Class 1,Class 1,61 GYLE AVENUE,EH12 8NG,2847
317975.0,672513.3694,travel agent,Thomson, ,Class 1,Class 1,Class 1,62 GYLE AVENUE,EH12 8NG,2848
317982,672510,mobile phones,O2, ,Class 1,Class 1,Class 1,63 GYLE AVENUE,EH12 8NG,2849
317989,672507,vacant,vacant, ,Class 1,Class 1,Vacant,64 GYLE AVENUE,EH12 8NG,2850
317985.7834,672498.152799999,optician,Optical Express, ,Class 1,Class 1,Class 1,65 GYLE AVENUE,EH12 8NG,2851
317982.675,672489.783399999,bank,Bank of Scotland / HBOS, ,Class 2,Class 2,Class 2,66 GYLE AVENUE,EH12 8NG,2852
317971.1271,672481.643300001,optician,Specsavers, ,Class 3,Class 3,Class 1,68 GYLE AVENUE,EH12 8NG,2853
317998.6306,672534.5724,take-away food,Mathiesons, ,Class 1,Class 1,Class 1,101 GYLE AVENUE,EH12 8NG,2854
317996.7389,672528.897399999,take-away food,Spud-u-Like, ,Class 1,Class 1,Class 1,102 GYLE AVENUE,EH12 8NG,2855
317992.325,672518.8084,take-away food (Chinese),McChens, ,Class 1,Class 1,Class 1,103 GYLE AVENUE,EH12 8NG,2856
318008.7195,672518.8084,take-away food (sandwiches),O'Briens, ,Class 1,Class 1,Class 1,104 GYLE AVENUE,EH12 8NG,2857
318022,672274,petrol filling station & shop,Morrisons, , ,Class 1,Class 1,300 GYLE AVENUE,EH12 9LR,2858
319302.0189,672880.6017,restaurant & hot food take-away,McDonalds, , ,Class 3,Class 3,2B GYLEMUIR ROAD,EH12 7UF,2859
319228.4382,672835.3879,pets & pet supplies,Pets at Home, , ,Class 1,Class 1,4 GYLEMUIR ROAD,EH12 7UF,2860
319234.9937,672810.962300001,wine merchant,Oddbins, , ,Class 1,Class 1,(4A) GYLEMUIR ROAD,EH12 7UF,2861
326182.1558,674658.375800001,hi-fi equipment,Hi Fi Corner,Class 1,Class 1,Class 1,Class 1,1 HADDINGTON PLACE,EH7 4AE,2862
326185.0261,674662.596899999,equalities organisation,Engender,Vacant,Vacant,Vacant,Class 2,1A HADDINGTON PLACE,EH7 4AE,2863
326187.8965,674666.6492,hairdresser,Victoria Barbers,Class 1,Class 1,Class 1,Class 1,3 HADDINGTON PLACE,EH7 4AE,2864
326190.7669,674670.3638,second-hand books,McNaughtons Bookshop,Class 1,Class 1,Class 1,Class 1,3A-4A HADDINGTON PLACE,EH7 4AE,2865
326204.7538,674688.0261,Beauty salon,Zest,Class 1,Class 2,Class 1,Class 1,8 HADDINGTON PLACE,EH7 4AE,2866
326235,674736,vacant,vacant, , ,Vacant,Vacant,17A HADDINGTON PLACE,EH7 4AF,2867
326254,674753,travel agent,Crystal Air Travel, , ,Class 1,Class 1,18 HADDINGTON PLACE,EH7 4AF,2868
326258.6754,674758.739600001,art shop,Art Shop, , ,Class 2,Class 1,19 HADDINGTON PLACE,EH7 4AF,2869
326260.195,674760.765799999,hairdresser,Emma Hall,Class 2,Class 2,Class 1,Class 1,19A HADDINGTON PLACE,EH7 4AF,2870
326261.7146,674762.7919,vacant,vacant,Vacant,Class 1, ,Vacant,21A HADDINGTON PLACE,EH7 4AF,2871
326263.2342,674764.9869,Highland wear,McCalls,Vacant,Class 1,Class 1,Class 1,21-22A HADDINGTON PLACE,EH7 4AF,2872
326267.7789,674770.5054,solicitors & estate agents,Doyle & Co.,Class 1,Class 2,Class 2,Class 2,24 HADDINGTON PLACE,EH7 4AF,2873
326271.8312,674775.064300001,pregnancy counciling,Lifeline,Vacant,Class 4,Vacant,Class 2,24A HADDINGTON PLACE,EH7 4AF,2874
326274.8704,674779.285399999,dental products,All Dental Products,Class 4,Class 1,Class 1,Class 2,26A HADDINGTON PLACE,EH7 4AF,2875
326278.4161,674784.1819,vacant,vacant,Class 1,Class 1,Class 1,Vacant,26-27 HADDINGTON PLACE,EH7 4AF,2876
326281.6231,674788.375800001,furniture,Urbane Furniture,Class 1,Class 1,Class 1,Class 1,28 HADDINGTON PLACE,EH7 4AF,2877
326283.1427,674790.402000001,hi-fi equipment,Audio Reproduction,Vacant,Class 4,Class 1,Class 1,28A HADDINGTON PLACE,EH7 4AF,2878
326285.0,674792.428099999,café,Embo,Class 1,Class 1,Class 3,Class 3,29 HADDINGTON PLACE,EH7 4AG,2879
326288.3769,674797.1558,advice / counselling service,North East Edinburgh Counselling Service,Class 1,Vacant,Class 2,Class 2,31 HADDINGTON PLACE,EH7 4AG,2880
326289.8965,674799.3508,dental surgery,Family Dental Practice, , ,Class 2,Class 2, , ,2881
326293.2734,674803.571900001,charity shop,The Bethany Shop,Class 1,Class 1,Class 1,Class 1,32B HADDINGTON PLACE,EH7 4AG,2882
326306.7146,674815.934599999,furniture,Homemax,Class 2,Class 1,Vacant,Class 1,33B HADDINGTON PLACE,EH7 4AG,2883
326312.793,674824.2081,vacant,vacant,Class 2,Class 1,Vacant,Vacant,34A HADDINGTON PLACE,EH7 4AG,2884
320257.1016,670241.203299999,vacant,vacant,Class 1,Class 1,Vacant,Vacant,5A HAILESLAND GROVE,EH14 2QH,2885
319982.4512,670069.8496,hot food take-away (Chinese),Chopstick Express,Class 3,SUI GENERIS,SUI GENERIS,SUI GENERIS,12 HAILESLAND PLACE,EH14 2SL,2886
327041.4762,675558.6669,café & take-away food,The Big Breakfast,Class 4,Class 3,Class 3,Class 3,11 HALMYRE STREET,EH6 8QA,2887
327020.1431,675571.047700001,grocer (lic.) & n/t/c,R.A. Foodstores (Lifestyle),Class 1,Class 1,Class 1,Class 1,10 HALMYRE STREET,EH6 8PZ,2888
324750.8642,674735.339,hairdresser,Reiss Hair,Vacant,Class 1,Class 1,Class 1,27 HAMILTON PLACE,EH3 5BA,2889
324760.0674,674743.5594,herbal remedies,Napiers Dispensary, , ,Class 1,Class 1,29-35 HAMILTON PLACE,EH3 5BA,2890
324660.17,674545.7797,picture framer,Art Plus,Class 1,Class 1,Class 1,Class 1,6 HAMILTON PLACE,EH3 5AU,2891
324663.4748,674552.3894,ladies bridal & evening wear,La Novia,Class 1,Class 1,Class 1,Class 1,10-12 HAMILTON PLACE,EH3 5AU,2892
324666.9496,674560.3049,public house & restaurant,Hamilton's Bar and Kitchen,SUI GENERIS,SUI GENERIS,SUI GENERIS,SUI GENERIS,16-18 HAMILTON PLACE,EH3 5AU,2893
324680.8309,674585.406500001,fitness and slimming studio for women,Curves,Class 1,Class 1,Class 1,Class 11,26 HAMILTON PLACE,EH3 5AU,2894
324700.2032,674619.1187,disability / frailty aids & special equipment,The Whistling Tortoise, , ,Class 2,Class 2,42A HAMILTON PLACE,EH3 5AX,2895
324730.4074,674669.5594,financial services,Capital Credit Union,Class 4,Class 1,Class 2,Class 2,62 HAMILTON PLACE,EH3 5AZ,2896
324733.9326,674676.1691,vacant,vacant (formerly Jaba Woki eclectic furniture & decor),Class 4,Vacant,Vacant,Vacant,66-68 HAMILTON PLACE,EH3 5AZ,2897
325392.3,673899.449999999,coffee shop,Costa Coffee, , ,Class 3,Class 3,1-3 HANOVER STREET,EH2 2DL,2898
325389.75,673909.65,footwear,Camper,Vacant,Vacant,Class 1,Class 1,3-5 HANOVER STREET,EH2 2DL,2899
325387.9501,673915.85,restaurant (Italian),Bella Italia,SUI GENERIS,SUI GENERIS,SUI GENERIS,Class 3,7-11(BF) HANOVER STREET,EH2 2DL,2900
325387.0501,673919.0,restaurant (Italian),Bella Italia,Class 3,Class 3,Class 3,Class 3,9-11 HANOVER STREET,EH2 2DL,2901
325385.6002,673926.8002,ladies clothing,Miss Selfridge,Class 1,Class 1,Class 1,Class 1,15(GF90)-19 HANOVER STREE,EH2 2DL,2902
325382.7251,673936.75,n/t/c,McColls,Class 1,Class 1,Class 1,Class 1,23 HANOVER STREET,EH2 2DL,2903
325381.6001,673941.025,travel information & ticket office (local buses),Lothian Buses,Class 1,Class 1,Class 1,Class 1,27 HANOVER STREET,EH2 2DL,2904
325378.975,673950.074999999,bank,Santander, , ,Class 2,Class 2,31-33 HANOVER STREET,EH2 2DL,2905
325374.0383,673967.0118,public house,Milnes Bar,SUI GENERIS,SUI GENERIS,SUI GENERIS,SUI GENERIS,35 HANOVER STREET,EH2 2PJ,2906
325372.7912,673971.376499999,vacant,vacant,Class 1,Class 1,Class 1,Vacant,37 HANOVER STREET,EH2 2PJ,2907
325370.103,673981.673599999,sandwich shop,Subway, , ,Class 1,Class 1,43 HANOVER STREET,EH2 2PJ,2908
325369.1677,673985.2588,ladies clothing,Ann Harvey,Class 1,Class 1,Class 1,Class 1,45A HANOVER STREET,EH2 2PJ,2909
325368.0765,673988.688200001,night club,El Barrio,Class 3,Class 3,SUI GENERIS,SUI GENERIS,47 HANOVER STREET,EH2 2PJ,2910
325367.1412,673992.429400001,clothing,Aubin & Willis,Class 1,Class 1,Class 1,Class 1,49 HANOVER STREET,EH2 2PJ,2911
325365.8942,673996.326400001,café & take-away food,Pret a Manger,Class 1,Class 1,Class 3,Class 3,51 HANOVER STREET,EH2 2PJ,2912
325359.8979,674021.4078,homeware,Lakeland Limited, , ,Class 1,Class 1,55 HANOVER STREET,EH2 2PJ,2913
325343.0881,674089.783,restaurant,Nargile, , ,Class 3,Class 3,73 HANOVER STREET,EH2 1EE,2914
325341.2406,674097.542400001,restaurant (Italian),Bar Napoli, , ,Class 3,Class 3,75-85 HANOVER STREET,EH2 1EE,2915
325339.6101,674101.718599999,café / bar,Grand Cru,Class 1,Vacant,Class 3,Class 3, , ,2916
325338.1321,674106.1525,restaurant,La Lanterna,Class 3,Class 3,Class 3,Class 3,83 HANOVER STREET,EH2 1EE,2917
325336.6541,674111.3255,restaurant (Indian),The Patio,Class 3,Class 3,Class 3,Class 3,87 HANOVER STREET,EH2 1EE,2918
325335.5456,674115.389900001,restaurant (Sushi),Yes Sushi,Class 3,Class 3,Class 3,Class 3,89 HANOVER STREET,EH2 1EE,2919
325326.5016,674139.1085,restaurant (Mexican),Garibaldi's,SUI GENERIS,Class 3,Class 3,Class 3,97(BF) HANOVER STREET,EH2 1DJ,2920
325325.0236,674143.911900001,restaurant (Spanish),Tapa,Class 3,Class 3,Class 3,Class 3,97(GF) HANOVER STREET,EH2 1DJ,2921
325323.5456,674148.715399999,public house & bistro,99 Hanover Street,SUI GENERIS,SUI GENERIS,SUI GENERIS,SUI GENERIS,99 HANOVER STREET,EH2 1DJ,2922
325323.566,674155.457599999,vacant,vacant,SUI GENERIS,SUI GENERIS,Vacant,Vacant,101 HANOVER STREET,EH2 1DJ,2923
325322.4576,674158.4135,vacant,vacant,Class 2,Class 1,Vacant,Vacant,103 HANOVER STREET,EH2 1DJ,2924
325321.7186,674161.739,ski and snow boarding equipment,Freeze Pro Sport,Class 1,Vacant,Class 1,Class 1,107 HANOVER STREET,EH2 1DJ,2925
325320.6101,674165.434,restaurant,Chez Jules,Class 3,Class 3,Class 3,Class 3,109 HANOVER STREET,EH2 1DJ,2926
325318.044,674172.240599999,hairdresser,Neil Grant,Class 1,Class 1,Class 1,Class 1,113 HANOVER STREET,EH2 1DJ,2927
325315.8271,674180.0,restaurant & sandwich shop,Urban Angel,Class 1,Class 1,Class 3,Class 3,121 HANOVER STREET,EH2 1DJ,2928
325315.0881,674183.695,"clothing alterations, tailoring",City Alterations,Class 1,Class 1,Class 1,Class 1,123 HANOVER STREET,EH2 1DJ,2929
325359.4186,673898.5624,toiletries & cosmetics,Crabtree & Evelyn, ,Class 1,Class 1,Class 1,4(GF) HANOVER STREET,EH2 2EN,2930
325356.1748,673908.700099999,sports clothing & equipment,JD Sports,SUI GENERIS,Vacant,Class 1,Class 1,14 HANOVER STREET,EH2 2EN,2931
325354.3748,673915.225,"cable TV, Broadband, mobile phone",Virgin media,SUI GENERIS,Class 1,Class 1,Class 1,16 HANOVER STREET,EH2 2EN,2932
325351.55,673923.675000001,bank,Clydesdale Bank, , ,Class 2,Class 2,20 HANOVER STREET,EH2 2EN,2933
325346.6001,673942.825099999,employment agency,Kelly Services,Class 2,Class 4,Class 4,Class 4,24 HANOVER STREET,EH2 2EN,2934
325341.3675,673964.041099999,bank,Lloyds TSB Scotland,Class 2,Class 2,Class 2,Class 2,28-30 HANOVER STREET,EH2 2DS,2935
325338.0912,673976.179500001,restaurant,Pizza Hut,Class 3,Class 3,Class 3,Class 3,34-36 HANOVER STREET,EH2 2DR,2936
325334.7058,673985.7794,confectionery,I Love Candy,Class 3,Class 4,Class 1,Class 1,38 HANOVER STREET,EH2 2DR,2937
325334.2381,673987.9617,health foods,Hanover Health Foods,Class 1,Class 1,Class 1,Class 1,40 HANOVER STREET,EH2 2DR,2938
325333.6146,673989.9882,building society,Yorkshire Building Society, , ,Class 2,Class 2,46 HANOVER STREET,EH2 2DY,2939
325331.9206,673997.1823,travel agent,Thomas Cook,Class 1,Vacant,Class 1,Class 1,50-52 HANOVER STREET,EH2 2DX,2940
325327.65,674010.338199999,greeting cards,Bay Tree Company,Class 1,Class 1,Class 1,Class 1,54 HANOVER STREET,EH2 2DX,2941
325304.6509,674082.759400001,bank,HSBC Bank,Class 2,Class 2,Class 2,Class 2,76-78 HANOVER STREET,EH2 1EL,2942
325301.434,674099.783,beds & bedding,Futon Company,Class 1,Class 3,Class 1,Class 1,88 HANOVER STREET,EH2 1EL,2943
325299.5865,674104.5865,restaurant,La Rusticana,Class 3,Class 3,Class 3,Class 3,90 HANOVER STREET,EH2 1EL,2944
325295.5424,674119.718599999,delicatessen,Hendersons,Class 1,Class 1,Class 1,Class 1,92 HANOVER STREET,EH2 1DR,2945
325294.8035,674123.044,restaurant & wine bar,Hendersons,Class 3,SUI GENERIS,Class 3,Class 3,94 HANOVER STREET,EH2 1DR,2946
325293.695,674126.3695,sandwich bar,Salvatore,Class 1,Class 1,Class 1,Class 1,96 HANOVER STREET,EH2 1DR,2947
325293.3695,674132.4135,residential letting agency,Ryden Lettings, , ,Class 2,Class 2,100 HANOVER STREET,EH2 1DR,2948
325291.8915,674136.261,"natural remedies, toiletries & cosmetics",Neal's Yard Remedies, , ,Class 1,Class 1,102 HANOVER STREET,EH2 1DR,2949
325290.044,674142.8475,restaurant,Amore Dogs / Under Dogs, , ,Class 3,Class 3,104 HANOVER STREET,EH2 1DR,2950
325287.9764,674150.759400001,restaurant,The Dogs,SUI GENERIS,Class 3,SUI GENERIS,SUI GENERIS,110 HANOVER STREET,EH2 1DR,2951
325286.8679,674154.454399999,public house,Jekyll & Hyde,SUI GENERIS,Class 3,SUI GENERIS,SUI GENERIS,112 HANOVER STREET,EH2 1DR,2952
323310.5584,671809.7838,estate agents,Blair Caddell,Class 1,Vacant,Class 2,Class 2,1 HARRISON GARDENS,EH11 1SJ,2953
323316.5676,671818.4056,domestic appliance servicing,J. & G. Hannah,Class 1,Class 1,Class 1,Class 1,5 HARRISON GARDENS,EH11 1SJ,2954
323330.2972,671839.4416,architects,Allan Murray Architects,Class 2,Class 2, ,Class 4,9 HARRISON GARDENS,EH11 1SJ,2955
313675.0089,678378.537599999,hot food take-away,Ralf's, , ,SUI GENERIS,SUI GENERIS,(H) HAWES PIER,EH30 9TB,2956
325958.7306,676896.730599999,vacant,vacant,Class 4,Class 4,Class 4,Vacant,11 HAWTHORNVALE,EH6 4JQ,2957
329956,671844,grocer & post office,Convenience Store and Post Office, , ,Class 1,Class 1,6 HAY AVENUE,EH16 4AQ,2958
324068.8838,673201.0,public house,Ryries Bar,SUI GENERIS,SUI GENERIS,SUI GENERIS,SUI GENERIS,1 HAYMARKET,EH12 5EY,2959
323961.7427,673121.270300001,take-away food,Pumpkin, , ,Class 1,Class 1,(4) HAYMARKET,EH12 5EY,2960
323973.7485,673140.488399999,coffee shop,AMT Coffee,Class 1,Class 1, ,Class 3,(3) HAYMARKET,EH12 5EY,2961
323819.9317,673203.1076,solicitors & estate agents,Purdie & Co.,Class 4,Vacant,Vacant,Class 2,69 HAYMARKET TERRACE,EH12 5HD,2962
323814.8241,673203.4724,beautician,Inside & Out,Class 4,Vacant,Vacant,Class 1,71 HAYMARKET TERRACE,EH12 5HD,2963
323809.6352,673203.622099999,dry cleaner,De-Luxe Dry Cleaners, , ,Class 1,Class 1,75 HAYMARKET TERRACE,EH12 5HD,2964
323802.3517,673203.9869,storage for adjacent shop,Drummonds, , ,Class 4,Class 4,77 HAYMARKET TERRACE,EH12 5HD,2965
323797.3779,673204.1076,knitting wool,Drummonds,Class 1,Class 1,Class 1,Class 1,79-81 HAYMARKET TERRACE,EH12 5HD,2966
323793.0,673204.1076,grocer,Alexander's Dairy,Class 1,Class 1,Class 1,Class 1,85 HAYMARKET TERRACE,EH12 5HD,2967
323788.9869,673204.4724,take-away food,Lezzetti,Class 1,Class 1,Class 1,Class 1,87 HAYMARKET TERRACE,EH12 5HD,2968
323943.9186,673226.5276,vacant,former Victoria Wine,Class 1,Class 1,Class 1,Vacant,2 HAYMARKET TERRACE,EH12 5JZ,2969
323938.811,673226.8924,sports clothing,First XV,Vacant,Class 1,Class 1,Class 1,6-8 HAYMARKET TERRACE,EH12 5JZ,2970
323929.7427,673226.9186,painters & decorators,Milne & Barclay / TWS Painting Contractor, , ,Class 4,Class 4,10-14 HAYMARKET TERRACE,EH12 5JZ,2971
323920.5276,673227.162799999,hot food take-away,Zea,Class 2,SUI GENERIS,SUI GENERIS,SUI GENERIS,16 HAYMARKET TERRACE,EH12 5JZ,2972
323915.8372,673227.257300001,golf equipment & clothing,Golfing Lady,Class 1,Class 1,Class 1,Class 1,18 HAYMARKET TERRACE,EH12 5JZ,2973
323911.4593,673227.622099999,vacant,vacant,Class 1,Class 1,Class 4,Vacant,20 HAYMARKET TERRACE,EH12 5JZ,2974
323907.4462,673227.622099999,sandwich shop,Sandwich Culture,Class 4,Class 1,Class 1,Class 1,24 HAYMARKET TERRACE,EH12 5JZ,2975
323903.0683,673227.9869,hairdresser,Abbie McDonald,Class 1,Class 1,Class 1,Class 1,26 HAYMARKET TERRACE,EH12 5JZ,2976
323898.6904,673227.9869,bridal salon,Thistledown,Class 3,SUI GENERIS,Class 1,Class 1,28 HAYMARKET TERRACE,EH12 5JZ,2977
323879.8794,673228.4462,vacant,vacant,Class 1,Class 4,Vacant,Vacant,36 HAYMARKET TERRACE,EH12 5JZ,2978
323874.7718,673228.4462,grocer,Margiotta,Class 1,Class 1,Class 1,Class 1,38 HAYMARKET TERRACE,EH12 5JZ,2979
323869.7166,673228.622099999,employment agency,Premier Connections,Vacant,Class 4,Class 4,Class 4,40 HAYMARKET TERRACE,EH12 5JZ,2980
323858.6352,673229.3387,restaurant (Japanese),Miso & Sushi,Class 4,Vacant,Class 2,Class 3,46 HAYMARKET TERRACE,EH12 5LA,2981
323855.5407,673229.6483,sandwich shop,Sandwiches, , ,Class 3,Class 1,46A HAYMARKET TERRACE,EH12 5LA,2982
323851.7035,673229.703500001,hairdresser,Michael James,Vacant,Class 1,Vacant,Class 1,48 HAYMARKET TERRACE,EH12 5LA,2983
323848.0654,673229.4331,hot food takeaway,Haymarket Snacks,Class 4,Class 1,Class 1,SUI GENERIS,50 HAYMARKET TERRACE,EH12 5LA,2984
323829.0945,673230.8924,Chinese teas & herbs,Kung Fu Tea,Class 4,Vacant,Class 1,Class 1,58 HAYMARKET TERRACE,EH12 5LA,2985
323824.3517,673231.257300001,mobile phones,Carphone Warehouse,Class 1,Vacant,Class 1,Class 1,62 HAYMARKET TERRACE,EH12 5LA,2986
323792.3779,673233.257300001,hairdresser,Caldow Salon,Class 2,Class 4,Class 1,Class 1,64 HAYMARKET TERRACE,EH12 5LA,2987
323787.6352,673233.257300001,café,Cucina,Class 4,Class 1,Class 3,Class 3,68 HAYMARKET TERRACE,EH12 5LQ,2988
323782.8924,673233.622099999,vacant,vacant,Class 1,Class 1,Class 2,Vacant,70 HAYMARKET TERRACE,EH12 5LQ,2989
323776.4855,673233.9869,"printers, photocopying",Haymarket Design & Print Studio,Class 2,Class 1,Class 4,Class 4,72 HAYMARKET TERRACE,EH12 5LQ,2990
323769.9186,673234.3517,n/t/c,Max Newsagent,Class 1,Class 1,Class 1,Class 1,76 HAYMARKET TERRACE,EH12 5LQ,2991
323762.6221,673235.0814,electrical goods,Panasonic,SUI GENERIS,Class 1,Class 1,Class 1,78 HAYMARKET TERRACE,EH12 5LQ,2992
323754.2965,673235.3517,kitchen furniture & fittings,In-toto Kitchens,SUI GENERIS,Class 1,Class 1,Class 1,80-82 HAYMARKET TERRACE,EH12 5LQ,2993
323748.0945,673235.716600001,solicitors & estate agents,Grange,Class 2,Class 2,Class 2,Class 2,86 HAYMARKET TERRACE,EH12 5LQ,2994
323740.4331,673236.4462,restaurant,Prince India,Class 1,Class 1,Class 3,Class 3,88 HAYMARKET TERRACE,EH12 5LQ,2995
326879.0523,676264.9005,hot food take-away,Edinburgh Fry,SUI GENERIS,SUI GENERIS,SUI GENERIS,SUI GENERIS,27-28 HENDERSON GARDENS,EH6 6BX,2996
325096.8252,674812.344000001,hot food take-away,Alba D'Oro,SUI GENERIS,SUI GENERIS, ,SUI GENERIS,5-7 HENDERSON ROW,EH3 5DH,2997
325093.0658,674811.404200001,hot food take-away,Alba D'Oro,Vacant,SUI GENERIS, ,SUI GENERIS,9-11 HENDERSON ROW,EH3 5DH,2998
325079.8308,674808.109099999,ladies clothing,Vivabella,Class 1,Class 1,Class 1,Class 1,15 HENDERSON ROW,EH3 5DH,2999
325076.0714,674807.169199999,gifts & cards,Cadeaux et Cartes,Class 1,Class 1,Class 1,Class 1,17 HENDERSON ROW,EH3 5DH,3000
325069.765,674805.398499999,beautician,Beauty@Henderson Row,Class 1,Class 1,Class 1,Class 1,19 HENDERSON ROW,EH3 5DH,3001
325065.0658,674803.9888,cafe,New Town Deli,Class 1,SUI GENERIS,SUI GENERIS,Class 3,23 HENDERSON ROW,EH3 5DH,3002
324891.8451,674758.1335,hot food take-away (Chinese),Fine recipe,SUI GENERIS,SUI GENERIS,SUI GENERIS,SUI GENERIS,83 HENDERSON ROW,EH3 5BE,3003
324819.8139,674740.847100001,vacant,vacant,UNKNOWN USE,Class 1,Vacant,Vacant,103 HENDERSON ROW,EH3 5BB,3004
324812.7626,674764.509,office,Lennon Designs,Vacant,Vacant,UNKNOWN USE,Class 4,66 HENDERSON ROW,EH3 5BJ,3005
324804.8309,674762.746400001,vintage clothing,The Colour Room,Class 1,Vacant,Class 1,Class 1,68 HENDERSON ROW,EH3 5BJ,3006
324790.8642,674759.9496,vacant,vacant,Class 1,Class 1, ,Vacant,76 HENDERSON ROW,EH3 5BJ,3007
326867.6282,676030.6231,public house,Wilkies Lounge,SUI GENERIS,SUI GENERIS,SUI GENERIS,SUI GENERIS,1-5 HENDERSON STREET,EH6 6BT,3008
326884.5025,676103.727700001,café,Mitchells,Class 3,Class 3,Class 3,Class 3,21-23 HENDERSON STREET,EH6 6BT,3009
326919.2639,676325.6295,clinic,Sports Clinic,Class 4,Vacant,Class 2,Class 2,59 HENDERSON STREET,EH6 6ED,3010
326929.6852,676337.472200001,public house,Sofi's,SUI GENERIS,SUI GENERIS,Vacant,SUI GENERIS,63-65 HENDERSON STREET,EH6 6ED,3011
326941.8426,676354.6295,vacant,vacant,Class 1,Class 1,Vacant,Vacant,75 HENDERSON STREET,EH6 6ED,3012
326944.3705,676358.4213,vacant,vacant,Class 2,Vacant,Vacant,Vacant, , ,3013
326949.6901,676364.995200001,dwelling,dwelling,Class 4,Class 1,Vacant,Class 9, , ,3014
326953.4818,676370.472200001,art gallery,Ritchie Collins Gallery,Class 2,Vacant,Class 4,Class 1, , ,3015
326956.431,676374.263900001,n/t/c,no name on fascia,Class 1,Vacant,Vacant,Class 1,85 HENDERSON STREET,EH6 6ED,3016
326959.8014,676378.8983,restaurant,The Raj,Class 3,Class 3,Class 3,Class 3,87-91A HENDERSON STREET,EH6 6ED,3017
326882.199,676014.3036,baker,Greggs,Class 1,Class 1,Class 1,Class 1,2 HENDERSON STREET,EH6 6BS,3018
326903.1728,676072.502499999,hot food take-away,The Golden Bridge,Class 3,Class 3,SUI GENERIS,SUI GENERIS,16 HENDERSON STREET,EH6 6BS,3019
326904.1728,676079.3718,ironing service,Easy Iron,Vacant,Class 1,Class 1,Class 1,18 HENDERSON STREET,EH6 6BS,3020
326905.0733,676087.7015,public house,Trafalgar Bar,SUI GENERIS,SUI GENERIS,SUI GENERIS,SUI GENERIS,24 HENDERSON STREET,EH6 6DE,3021
326894.1728,676175.5759,vacant,vacant,Vacant,Vacant,Vacant,Vacant,28 HENDERSON STREET,EH6 6DE,3022
326892.6492,676183.272299999,vacant,vacant,Vacant,Vacant,Vacant,Vacant,30 HENDERSON STREET,EH6 6DE,3023
326891.7487,676188.450300001,dwelling,dwelling,Vacant,Vacant,Vacant,Class 9, , ,3024
324833.2707,674774.187100001,restaurant,Plumed Horse, , ,Class 3,Class 3,50-54 HENDERSON STREET,EH6 6DE,3025
326883.9216,676233.6492,storage,storage for Plumed Horse,Vacant,Vacant,Vacant,Class 4,56 HENDERSON STREET,EH6 6DE,3026
326887.7487,676239.9528,n/t/c,Henderson Newsagent,Class 1,Class 1,Class 1,Class 1,58A HENDERSON STREET,EH6 6DE,3027
326891.801,676246.031199999,public house,The Vintage,SUI GENERIS,SUI GENERIS,SUI GENERIS,SUI GENERIS,60 HENDERSON STREET,EH6 6DE,3028
326018.5991,673686.6931,charity shop,Oxfam,Class 1,Class 1,Class 1,Class 1,109 HIGH STREET,EH1 1SG,3029
326012.2666,673685.1415,charity shop,PDSA,Class 1,Class 1,Class 1,Class 1,115 HIGH STREET,EH1 1SG,3030
326003.6305,673682.1086,public house,Clever Dicks,SUI GENERIS,SUI GENERIS,SUI GENERIS,SUI GENERIS,119 HIGH STREET,EH1 1SG,3031
325995.7536,673680.707699999,betting shop,Ladbrokes,Class 2,Class 2,Class 2,Class 2,123(GF) HIGH STREET,EH1 1SG,3032
326001.0146,673681.876800001,restaurant,Dubh Prais,SUI GENERIS,Class 3,Class 3,Class 3,123B HIGH STREET,EH1 1SG,3033
325988.0503,673679.2004,public house,The Royal Mile,SUI GENERIS,SUI GENERIS,SUI GENERIS,SUI GENERIS,127(05) HIGH STREET,EH1 1SG,3034
325980.1589,673677.386299999,public house,The Mitre,SUI GENERIS,SUI GENERIS,SUI GENERIS,SUI GENERIS,131-133 HIGH STREET,EH1 1SG,3035
325963.6013,673673.7996,"Highland wear, tartans",Hector Russell Kiltmaker,Class 1,Class 1,Class 1,Class 1,137-141 HIGH STREET,EH1 1SJ,3036
325918.8455,673664.123199999,restaurant (Italian),Bella Italia,Class 3,Class 3,Class 3,Class 3,175-177 HIGH STREET,EH1 1PD,3037
325905.4155,673660.57,knitwear,The Woollen Mill,Class 2,Class 1,Class 1,Class 1,179 HIGH STREET,EH1 1PD,3038
325881.4614,673654.4155,public house,The Albanach,SUI GENERIS,SUI GENERIS,SUI GENERIS,SUI GENERIS,197 HIGH STREET,EH1 1PE,3039
325874.6305,673652.661800001,take-away food,Glenhas Deli & Juice Bar,Class 1,Class 1,Class 1,Class 1,205 HIGH STREET,EH1 1PE,3040
325871.1232,673652.077299999,"travel agent, tour office & currency exchange",No. 1 Currency (bureau de change),Class 1,Class 1,Class 1,Class 1,207 HIGH STREET,EH1 1PE,3041
325865.9227,673651.3695,restaurant,Jacksons,Class 3,Class 3,Class 3,Class 3,213 HIGH STREET,EH1 1PE,3042
325863.0,673651.077299999,gifts,The Luckenbooth,Vacant,Class 1,Class 1,Class 1,215 HIGH STREET,EH1 1PE,3043
325856.4614,673649.139900001,"gifts, souvenirs",Crest of Edinburgh,Class 3,Class 3,Class 3,Class 1,217 HIGH STREET,EH1 1PE,3044
325847.4614,673647.57,wine merchant,Oddbins,Class 1,Class 1,Class 1,Class 1,223-225 HIGH STREET,EH1 1PE,3045
325839.5845,673645.908199999,restaurant (Italian),Gordon's Trattoria,Class 3,Class 3,Class 3,Class 3,231 HIGH STREET,EH1 1PE,3046
325831.5073,673644.031300001,restaurant,The Filling Station, , ,Class 3,Class 3,235 HIGH STREET,EH1 1PE,3047
325710.0459,673618.862199999,n/t/c (international newspapers & journals),International Newsagents, , ,Class 1,Class 1,351-355 HIGH STREET,EH1 1PW,3048
325702.9227,673616.615900001,specialist tobacconist,The Cigar Box,Class 1,Class 1,Class 1,Class 1,361 HIGH STREET,EH1 1PW,3049
325699.7077,673615.7391,"antiques, curios",Royal Mile Curios,Class 1,Class 1,Class 1,Class 1,363 HIGH STREET,EH1 1PW,3050
325695.476,673614.6931,clothing,Ness,Class 1,Vacant,Class 1,Class 1,367 HIGH STREET,EH1 1PW,3051
325691.6764,673613.816299999,knitwear,James Pringle Weavers,Class 1,Class 1,Class 1,Class 1,371 HIGH STREET,EH1 1PW,3052
325675.2923,673608.031300001,specialist whiskies,Royal Mile Whiskies,Class 1,Class 1,Class 1,Class 1,379-381 HIGH STREET,EH1 1PW,3053
326139.5073,673687.1691,public house,World's End,SUI GENERIS,SUI GENERIS,SUI GENERIS,SUI GENERIS,2-8 HIGH STREET,EH1 1TB,3054
326125.8768,673683.4155,hot food take-away,Baguette Express,Class 1,Class 1,Class 1,SUI GENERIS,12 HIGH STREET,EH1 1TB,3055
326118.5386,673682.6305,gifts,The Real Scot Shop, ,Class 1,Class 1,Class 1,16 HIGH STREET,EH1 1TB,3056
326110.1691,673680.5386,"gifts, souvenirs",Heritage of Scotland, , ,Class 1,Class 1,20 HIGH STREET,EH1 1TB,3057
326102.3987,673678.077299999,jeweller,Scottish Experience Jewellery, ,Class 1,Class 1,Class 1,24 HIGH STREET,EH1 1TB,3058
326094.7536,673676.246400001,clothing (cashmere knitwear),Johnstons, , ,Class 1,Class 1,28 HIGH STREET,EH1 1TB,3059
326090.7077,673675.1545,ake-away food (doughnuts / ice cream),Jim Garrahy's Fudge Kitchen, ,Class 1,Class 1,Class 1,30 HIGH STREET,EH1 1TB,3060
326086.1545,673674.3695,jewller,Celtic Jewellery, ,Class 1,Class 1,Class 1,32 HIGH STREET,EH1 1TB,3061
326077.2923,673672.123199999,café / Bistro,Café Keno, ,Class 1,Class 1,Class 3,36 HIGH STREET,EH1 1TB,3062
326057.5845,673666.876800001,textiles,Lokaah,Class 1,Class 1,Class 1,Class 1,44 HIGH STREET,EH1 1TB,3063
326053.785,673665.707699999,clothing,Abercrombie Cashmere,Vacant,Class 1,Class 1,Class 1,46 HIGH STREET,EH1 1TB,3064
326048.0,673663.876800001,clothing,Really Scottish,SUI GENERIS,Class 1,Class 1,Class 1,50 HIGH STREET,EH1 1TB,3065
326042.7536,673662.4155,Christmas decorations,The Nutcracker Christmas Shop,Class 1,Class 1,Class 1,Class 1,52 HIGH STREET,EH1 1TB,3066
326038.6305,673660.8309,jewller,Royal Mile Jewellery,Class 1,Class 1,Class 1,Class 1,54 HIGH STREET,EH1 1TB,3067
326033.6618,673659.9541,jeweller,Palenque,Vacant,Class 1,Class 1,Class 1,56 HIGH STREET,EH1 1TB,3068
326029.4614,673658.8309,"travel agent, tour operator & currency exchange",Haggis Backpackers,Vacant,Class 1,Class 1,Class 1,60 HIGH STREET,EH1 1TB,3069
326011.8768,673654.123199999,sandwich bar,O'Briens, , ,Vacant,Class 1,64 HIGH STREET,EH1 1TH,3070
325898.2923,673623.338199999,coffee shop,Starbucks,Class 1,Class 1,Class 3,Class 3,124 HIGH STREET,EH1 1QS,3071
325883.1232,673619.215,restaurant,Garfunkels,Class 3,Class 3,Class 3,Class 3,130 HIGH STREET,EH1 1QS,3072
325875.9227,673617.229599999,games,Games Workshop,Class 1,Class 1,Class 1,Class 1,136 HIGH STREET,EH1 1QS,3073
325871.5386,673616.3528,clothing,Highland House,Class 1,Class 1,Class 1,Class 1,140 HIGH STREET,EH1 1QS,3074
325864.6681,673613.9727,restaurant,Wee Windaes,SUI GENERIS,Class 3,Class 3,Class 3,144 HIGH STREET,EH1 1QS,3075
325858.6305,673613.137800001,hot food take-away (fish & chips),The Clamshell,SUI GENERIS,SUI GENERIS,SUI GENERIS,SUI GENERIS,148 HIGH STREET,EH1 1QS,3076
325856.2923,673612.2609,public house,The Royal McGregor, , ,SUI GENERIS,SUI GENERIS,154 HIGH STREET,EH1 1QS,3077
325847.524,673610.507300001,hot food take-away,Subway,SUI GENERIS,SUI GENERIS,SUI GENERIS,SUI GENERIS,160 HIGH STREET,EH1 1QS,3078
325840.1232,673609.43,restaurant (Indian),Bay of Bengal,Class 3,Class 3,Class 3,Class 3,164 HIGH STREET,EH1 1QS,3079
325833.0,673608.0459,"internet access, tours, Australian goods",Wild in Scotland,Class 1,Class 2,Class 1,Class 1,166(1F1) HIGH STREET,EH1 1QS,3080
325825.2464,673606.816299999,restaurant,Always Sunday,Class 4,Class 3,Class 3,Class 3,170 HIGH STREET,EH1 1QS,3081
325821.0,673606.1691,clothing,Argyle Cashmere, ,Class 4,Class 4,Class 1,174 HIGH STREET,EH1 1QS,3082
325816.3236,673605.0,festival admin. office,Festival Fringe Society, ,Class 1,Class 4,Class 4,180 HIGH STREET,EH1 1QS,3083
325798.785,673601.3214,restaurant (Italian),Rocco, , ,Class 3,Class 3,192A HIGH STREET,EH1 1RW,3084
312927.2706,678407.3081,restaurant (Indian),Queen's Spice,Class 1,Class 3,Class 3,Class 3,1 HIGH STREET,EH30 9PP,3085
312935.2107,678412.925100001,vacant,vacant,Class 1,Class 1,Vacant,Vacant,2 HIGH STREET,EH30 9PP,3086
312933.4813,678396.7893,restaurant,Asia Fast Food,Class 1,Vacant,Class 3,Class 3,4 HIGH STREET,EH30 9PP,3087
312941.4213,678391.0,craft and designer gifts,The Niche Gallery,Class 1,Class 1,Class 1,Class 1,6-7 HIGH STREET,EH30 9PP,3088
312966.7594,678371.5262,redeveloped,redeveloped - now part of Orocco Pier hotel, , ,Class 2,Demolished, , ,3089
312973.9168,678367.5045,redeveloped,redeveloped - now part of Orocco Pier hotel,Class 1,Class 1,Class 1,Demolished, , ,3090
312976.7901,678365.593699999,redeveloped,redeveloped - now part of Orocco Pier hotel,SUI GENERIS,SUI GENERIS,SUI GENERIS,Demolished, , ,3091
312997.7294,678350.984999999,sports clothing,Forth Gear,Class 1,Vacant,Class 1,Class 1,20 HIGH STREET,EH30 9PP,3092
313010.5337,678342.7819,childrens wear,Maise's,Class 1,Class 1,Class 1,Class 1,23-24(A) HIGH STREET,EH30 9PP,3093
313027.5412,678332.5187,physiotherapy clinic,J.W., , ,Class 2,Class 2,27 HIGH STREET,EH30 9PP,3094
313034.2406,678328.796800001,hairdresser (gents),Barber Shop, , ,Class 1,Class 1,30 HIGH STREET,EH30 9PP,3095
313038.2556,678326.7819,solicitors & estate agent,Leslie Dean,Class 2,Class 2,Class 2,Class 2,31 HIGH STREET,EH30 9PP,3096
313040.985,678325.045,solicitors & estate agents,Leslie Deans, ,Class 2,Class 2,Class 2,31A HIGH STREET,EH30 9PP,3097
313079.2556,678313.0375,betting shop,William Hill,Class 1,Vacant,Class 2,Class 2,35 HIGH STREET,EH30 9HN,3098
313066.7444,678315.593699999,bank,Clydesdale Bank,Class 2,Class 2,Class 2,Class 2,35(A) HIGH STREET,EH30 9HN,3099
313062.5187,678299.849300001,public house,Ferry Tap,SUI GENERIS,SUI GENERIS,SUI GENERIS,SUI GENERIS,36 HIGH STREET,EH30 9HN,3100
313097.2406,678311.5187,solicitors & estate agents,Neilsons, , ,Class 2,Class 2,37 HIGH STREET,EH30 9HN,3101
313103.6139,678290.077400001,n/t/c,Town Cryer, , ,Class 1,Class 1,43 HIGH STREET,EH30 9HN,3102
313107.7393,678289.125399999,jeweller,Scruples, , ,Class 1,Class 1,44 HIGH STREET,EH30 9HN,3103
313115.4613,678287.327199999,"café, n/t/c",Bridge View café and newsagent, , ,Vacant,Class 3,45-46 HIGH STREET,EH30 9HN,3104
313122.1254,678285.6347,antiques dealer,Seakist Antiques, , ,Class 1,Class 1,47 HIGH STREET,EH30 9HN,3105
313126.0393,678284.682700001,optician,Morton's Optician, , ,Class 1,Class 1,48 HIGH STREET,EH30 9HN,3106
313132.1047,678283.1636,hairdresser,Annabelle,Class 1,Class 1,Class 1,Class 1,49-50 HIGH STREET,EH30 9HN,3107
313136.0884,678282.3555,dog grooming,The Dog House, , ,Class 1,Class 1,52A HIGH STREET,EH30 9HN,3108
313168.9422,678295.1625,health and beauty salon,Health & Beauty at The Terrace,Class 1,Class 1,Class 1,Class 1,55 HIGH STREET,EH30 9HN,3109
326135.9687,673232.292300001,office,Lothian Local Medical Committee,Class 4,Class 1, ,Class 4,16-17 HILL PLACE,EH8 9DP,3110
324976.8915,674012.434,café,Robert's Café / Deli,Class 3,Class 3,Class 3,Class 3,24(GF) HILL STREET,EH2 3JZ,3111
324933.2473,672871.739399999,n/t/c,Sweet Service,Class 1,Class 1,Class 1,Class 1,31 HOME STREET,EH3 9JR,3112
324933.7485,672865.751800001,videotape hire,Blockbuster Express,Vacant,Class 1,Class 1,Class 1,33 HOME STREET,EH3 9JR,3113
324934.999,672858.998600001,restaurant (Japanese),Number 1 Sushi Bar,Class 3,Class 3,Class 3,Class 3,37 HOME STREET,EH3 9JP,3114
324936.7489,672848.500700001,home accessories,no name on fascia,Class 1,Class 1,Class 1,Class 1,39 HOME STREET,EH3 9JP,3115
324937.9995,672841.9976,charity shop,Shelter,Class 1,Class 1,Class 2,Class 1,43 HOME STREET,EH3 9JP,3116
324938.9995,672833.7513,public house,King's Arms,SUI GENERIS,SUI GENERIS,SUI GENERIS,SUI GENERIS,45 HOME STREET,EH3 9JP,3117
324939.7499,672828.7489,hot food take-away,Concorde Fish Bar,SUI GENERIS,SUI GENERIS,SUI GENERIS,SUI GENERIS,49 HOME STREET,EH3 9JP,3118
324940.7504,672823.9967,vacant,vacant,Class 1,Class 1,Class 1,Vacant,51 HOME STREET,EH3 9JP,3119
324940.9995,672818.501700001,betting shop,William Hill,Class 1,Class 2,Class 2,Class 2,53-53A HOME STREET,EH3 9JP,3120
324941.7499,672813.499299999,vacant,vacant,Class 1,Vacant,Class 3,Vacant,57 HOME STREET,EH3 9JP,3121
324942.7504,672809.247300001,baker,Greggs,Class 1,Class 1,Class 1,Class 1,57A HOME STREET,EH3 9JP,3122
324943.9653,672798.8807,mobile phones,E-Tech,Class 1,Class 1,Class 1,Class 1,59 HOME STREET,EH3 9JP,3123
324942.9981,672805.493100001,grocer,Tollcross Superstore,Class 1,Class 1,Class 1,Class 1,63 HOME STREET,EH3 9JP,3124
324944.9657,672793.128,hot food takeaway (Chinese),Ying,Class 1,Class 1,Vacant,SUI GENERIS,65 HOME STREET,EH3 9JP,3125
324945.7418,672787.999500001,hot food takeaway,Gourmet Kings,SUI GENERIS,Vacant,Class 1,SUI GENERIS,67 HOME STREET,EH3 9JP,3126
324900.2501,672923.999500001,"mobile phones, accessories & services",Hex,Class 11,Vacant,Class 1,Class 1,14 HOME STREET,EH3 9LY,3127
324900.5007,672918.502599999,amusements,Gold Rush,Class 1,Class 11,Class 11,Class 11,14A HOME STREET,EH3 9LY,3128
324900.5007,672913.750399999,night club,Liquorice Club,SUI GENERIS,SUI GENERIS,SUI GENERIS,SUI GENERIS,16 HOME STREET,EH3 9LY,3129
324900.2506,672908.9981,hairdresser,Picasso,Class 1,Class 1,Class 1,Class 1,16A HOME STREET,EH3 9LY,3130
324899.7532,672903.252,vacant,vacant,Vacant,Class 1,Vacant,Vacant,18 HOME STREET,EH3 9LY,3131
324899.4993,672899.001399999,bedroom & kitchen furniture & fittings,DM Design, , ,Class 1,Class 1,22-24 HOME STREET,EH3 9LY,3132
324899.2535,672871.502599999,bank,Royal Bank of Scotland,Class 2,Class 2,Class 2,Class 2,26-28 HOME STREET,EH3 9LZ,3133
324901.2515,672862.0019,sandwich shop & café,Subway,Class 1,Class 1,Class 3,Class 3,30 HOME STREET,EH3 9LZ,3134
324902.0019,672857.249600001,vacant,vacant,Class 1,Class 1,Class 1,Vacant,32 HOME STREET,EH3 9LZ,3135
324902.5021,672853.2477,hairdresser (gents),Statement Barbers,SUI GENERIS,Class 1,Class 1,Class 1,36 HOME STREET,EH3 9LZ,3136
321690.3932,674842.7522,bank,Bank of Scotland / HBOS,Class 2,Class 2,Class 2,Class 2,16 HILLHOUSE ROAD,EH4 2AG,3137
321684.6068,674846.606799999,art supplies,Blackhall Framing Gallery,Class 2,Vacant,Class 1,Class 1,18 HILLHOUSE ROAD,EH4 2AG,3138
321676.2136,674852.2136,chemist,Lindsay & Gilmour,Class 1,Class 1,Class 1,Class 1,22 HILLHOUSE ROAD,EH4 2AG,3139
321669.2136,674855.0,n/t/c,Blackhall Express Store,Class 1,Class 1, ,Class 1,24 HILLHOUSE ROAD,EH4 2AG,3140
321663.4273,674859.2136,café,Café Now,Class 1,Class 1, ,Class 3,26 HILLHOUSE ROAD,EH4 2AG,3141
321657.6409,674863.2136,public house,Blackhall Lounge,SUI GENERIS,SUI GENERIS,SUI GENERIS,SUI GENERIS,28-30 HILLHOUSE ROAD,EH4 2AG,3142
321646.8887,674869.572699999,hot food take-away (Indian),Bombay Feast,SUI GENERIS,SUI GENERIS,SUI GENERIS,SUI GENERIS,32 HILLHOUSE ROAD,EH4 2AG,3143
321646.8367,674881.077199999,motor accessories and repair,Farmers Autocare,Class 1,Class 1, ,Class 1,34-40 HILLHOUSE ROAD,EH4 2AG,3144
326572.9534,674655.326400001,vacant,vacant,Vacant,UNKNOWN USE,Class 4,Vacant,1-3 HILLSIDE STREET,EH7 5HD,3145
326534.1399,674658.046599999,grocer,Wilson's Corner Shop,Class 1,Class 1,Class 1,Class 1,2 HILLSIDE STREET,EH7 5HB,3146
313198.924,672514.0,grocer / convenience store,Scotmid,Class 1,Class 1,Class 1,Class 1,(1A) HILLWOOD ROAD,EH28 8PU,3147
326993,672409,n/a,n/a, , ,UNKNOWN USE,UNKNOWN USE,18(8) HOLYROOD PARK ROAD,EH16 5BG,3148
326215.2777,673553.400900001,wine merchant,City Wines,Class 1,Class 1,Class 1,Class 1,1 HOLYROOD ROAD,EH8 8AE,3149
326221.7077,673553.6931,watch repairs,Lock & Watch Repair,Class 1,Class 1,Class 1,Class 1,3 HOLYROOD ROAD,EH8 8AE,3150
326227.4155,673554.292300001,vacant,vacant, , ,Class 2,Vacant,5 HOLYROOD ROAD,EH8 8AE,3151
326233.1064,673554.862199999,vacant,vacant, ,Class 4,Class 4,Vacant,7 HOLYROOD ROAD,EH8 8AE,3152
326241.9687,673556.446799999,public house,Horyrood 9A,SUI GENERIS,SUI GENERIS,SUI GENERIS,SUI GENERIS,9A HOLYROOD ROAD,EH8 8AE,3153
326511.4742,673655.5897,small supermarket,Tesco Express, , ,Class 1,Class 1,59 HOLYROOD ROAD,EH8 8AU,3154
326524.7264,673663.568399999,take-away food,Thyme, , ,Class 1,Class 1,63 HOLYROOD ROAD,EH8 8AU,3155
326552.62,673681.231000001,café,Foodies, , ,Class 3,Class 3,67 HOLYROOD ROAD,EH8 8AU,3156
326631.9634,673733.9756,office,Scot. Comm. for Children & Young People, , ,Vacant,Class 4,85 HOLYROOD ROAD,EH8 8AU,3157
326662,673754,bank,Bank of Scotland, , ,Class 2,Class 2,91 HOLYROOD ROAD,EH8 8AU,3158
326579.9849,673704.067,public house,The Tun, , ,UNKNOWN USE,SUI GENERIS,111 HOLYROOD ROAD,EH8 8YS,3159
326277.2219,673540.4529,restaurant,Holi Spice, , ,Vacant,Class 3,20 HOLYROOD ROAD,EH8 8AF,3160
324944.2496,672926.753699999,hi-fi equipment,James Morrow,Class 2,Class 2,Class 1,Class 1,1 HOME STREET,EH3 9JR,3161
324941.7485,672921.7513,vacant,vacant,Class 1,Class 1,Class 1,Vacant,5 HOME STREET,EH3 9JR,3162
324938.7494,672915.002900001,café,Café Class,Class 1,Class 1,Class 3,Class 3,7 HOME STREET,EH3 9JR,3163
324936.9986,672910.750800001,alternative medicine,Edinburgh Centre for Nutrition & Therapy,Class 1,Class 1,Vacant,Class 2,11 HOME STREET,EH3 9JR,3164
324935.4979,672905.748500001,barber,Top Class,Class 1,Class 1,Class 1,Class 1,13 HOME STREET,EH3 9JR,3165
324933.9986,672899.253,financial services,Clear a Cheque,Class 4,Class 2,Class 2,Class 2,15 HOME STREET,EH3 9JR,3166
324932.748,672894.750800001,"hot food take-away (burgers, kebabs, pizza, fish & chips, pakoras)",Three Coins,Class 1,Class 3,SUI GENERIS,SUI GENERIS,19 HOME STREET,EH3 9JR,3167
324931.4974,672890.2487,travel agent,Omega Travel,Class 1,Class 1,Class 1,Class 1,21 HOME STREET,EH3 9JR,3168
324931.2487,672885.253,residential letting agency,Edinburgh Central Apartments,Class 4,Class 1,Class 2,Class 2,23 HOME STREET,EH3 9JR,3169
324931.7489,672881.001,information office,Edinburgh Chinese Elderly Support Association,Class 1,Class 2,Class 2,Class 2,25 HOME STREET,EH3 9JR,3170
324932.4993,672875.998600001,small household electrical items & electronic equipment,XL Electrical Appliances,Class 1,Class 1,Class 1,Class 1,29 HOME STREET,EH3 9JR,3171
324903.5021,672849.0043,optician,Hyslop Optometrist,Class 1,Class 1,Class 1,Class 1,40 HOME STREET,EH3 9LZ,3172
324904.7527,672841.500700001,sandwiches,McCurdy's,Vacant,Vacant,Vacant,Class 1,42 HOME STREET,EH3 9LZ,3173
324905.7532,672835.9981,vacant,vacant,Vacant,Class 1,Class 1,Vacant,44 HOME STREET,EH3 9LZ,3174
324907.7508,672813.751800001,betting shop,Ladbrokes,Class 2,Class 2,Class 2,Class 2,46 HOME STREET,EH3 9NA,3175
324909.2515,672806.498299999,vacant,vacant,Class 1,Class 1,Class 1,Vacant,48 HOME STREET,EH3 9NA,3176
324909.7504,672800.0043,charity shop,Cancer Research Campaign,Class 1,Class 1,Class 1,Class 1,50 HOME STREET,EH3 9NA,3177
324910.5007,672796.252499999,restaurant (Indian & Nepalese),The Everest,Class 3,Class 3,Class 3,Class 3,52 HOME STREET,EH3 9NA,3178
324911.001,672792.000499999,physiotherapist,The Buchanan Clinic,Class 1,Class 1,Class 1,Class 2,54 HOME STREET,EH3 9NA,3179
324911.5012,672787.998600001,vacant,vacant,Class 1,Class 1,Vacant,Vacant,58 HOME STREET,EH3 9NA,3180
324912.0014,672784.4969,restaurant (Chinese),Chinese characters on fascia,Class 1,Class 1,Class 1,Class 3,60(1) HOME STREET,EH3 9NA,3181
324913.001,672776.002900001,charity shop,Bagpuss Children's Hospice Shop,Class 1,Class 1,Class 1,Class 1,62 HOME STREET,EH3 9NA,3182
324913.2511,672771.500700001,bakery,Pine Tree Bakery,Class 1,Class 1,SUI GENERIS,Class 1,64 HOME STREET,EH3 9NA,3183
326196.4155,672636.0,vacant,vacant, , ,Class 3,Vacant,(A) HOPE PARK CRESCENT,EH8 9NA,3184
326215.7391,672652.7996,books,Till's Bookshop,Class 1,Class 1,Class 1,Class 1,1 HOPE PARK CRESCENT,EH8 9NA,3185
326241.3695,672591.446799999,residental property letting,Hadden Rankin,Class 1,Class 1,Class 2,Class 2,1 HOPE PARK TERRACE,EH8 9LZ,3186
326318.4927,672590.922700001,hot food take away,Millers, ,Vacant,Class 1,SUI GENERIS,18 HOPE PARK TERRACE,EH8 9LY,3187
324669.4188,673731.6625,public house,Hudson Bar,Class 1,Class 1,Vacant,Class 3, , ,3188
324667.1438,673740.675000001,hotel,Hudson Hotel,SUI GENERIS,Class 3,Vacant,Demolished,7-11 HOPE STREET,EH2 4EN,3189
324663.1812,673753.6875,public house,Whigham's Wine Cellar,SUI GENERIS,SUI GENERIS,SUI GENERIS,SUI GENERIS,13 HOPE STREET,EH2 4EL,3190
324661.4188,673759.074899999,outdoor clothing & fishing tackle,Orvis,Class 2,Class 2,Class 1,Class 1,19 HOPE STREET,EH2 4ES,3191
324644,673703,public house,Ryan's Café Bar,Class 1,SUI GENERIS,SUI GENERIS,SUI GENERIS,2 HOPE STREET,EH2 4DB,3192
312792.3696,678422.0682,vacant,vacant,Class 1,Vacant,Vacant,Vacant,23 HOPETOUN ROAD,EH30 9RB,3193
312787.5187,678422.9475,estate agent,Lints, , ,Vacant,Class 2,25 HOPETOUN ROAD,EH30 9RB,3194
312779.2931,678424.203199999,veterinary surgery,David Porteous, , ,Class 2,Class 2, , ,3195
312774.0225,678424.203199999,undertakers,Barclays Funeral Services,Class 1,Class 1,Class 1,Class 1,29A HOPETOUN ROAD,EH30 9RB,3196
312770.7669,678421.9475,"hairdresser, tanning salon & coffee shop",The Hair Chair / Tan at the Chair,Class 1,Class 2,Class 2,Class 1,35A HOPETOUN ROAD,EH30 9RB,3197
312765.2781,678416.7893,"hairdresser, tanning salon & coffee shop",The Hair Chair / Tan at the Chair, , ,Class 1,Class 1,37-39 HOPETOUN ROAD,EH30 9RB,3198
312759.3688,678411.150699999,dwelling,dwelling,Vacant,Vacant,Vacant,Class 9, , ,3199
312913.2556,678409.285599999,hot food take-away,The Town House,Class 1,Class 3,SUI GENERIS,SUI GENERIS,2 HOPETOUN ROAD,EH30 9RA,3200
312906.2706,678412.0375,vacant,vacant (formerly Fancy Options),Class 1,Class 1,Class 4,Vacant,4A HOPETOUN ROAD,EH30 9RA,3201
312844.7369,678432.804300001,restaurant (Chinese),Good Fortune,Class 1,Class 3,Class 3,Class 3,10-12 HOPETOUN ROAD,EH30 9RA,3202
312831.7519,678433.548699999,computer repairs,DML Systems,Class 1,Class 2,Class 2,Class 4,16 HOPETOUN ROAD,EH30 9RA,3203
312729.6339,678413.8694,public house,The Moorings,SUI GENERIS,SUI GENERIS,SUI GENERIS,SUI GENERIS,24-26 HOPETOUN ROAD,EH30 9RE,3204
312506.7654,678366.7654,dwelling,dwelling,Vacant,Vacant,Class 1,Class 9, , ,3205
325145.5873,675136.9948,public house,The Orchard,SUI GENERIS,SUI GENERIS,SUI GENERIS,SUI GENERIS,1 HOWARD PLACE,EH3 5JZ,3206
325168.2204,675078.0,restaurant,La Fontana,Class 1,Class 3,Class 3,Class 3,1 HOWARD STREET,EH3 5JP,3207
325164.7672,675081.610200001,n/t/c,Canonmills Newsagent,Class 1,Class 1,Class 1,Class 1,3 HOWARD STREET,EH3 5JP,3208
325161.9418,675084.749500001,hairdresser,The Edinburgh Fringe,Class 1,Class 1,Class 1,Class 1,4 HOWARD STREET,EH3 5JP,3209
325158.4886,675088.0458,musical instruments - pianos,The Edinburgh Piano Company Limited,Class 1,Class 1,Class 1,Class 1,5 HOWARD STREET,EH3 5JP,3210
325154.8784,675091.969900001,hot food take-away,Eastern Spices,Vacant,SUI GENERIS,SUI GENERIS,SUI GENERIS,6 HOWARD STREET,EH3 5JP,3211
325151.6279,675095.3774,beauty salon,Face & Body Therapy,Vacant,Class 1,Class 1,Class 1,8 HOWARD STREET,EH3 5JP,3212
325146.4532,675100.650699999,second-hand books,Second Edition,Class 1,Class 1,Class 1,Class 1,9 HOWARD STREET,EH3 5JP,3213
325142.5291,675104.4179,sports/outdoor footwear,Lo-Base,Class 1,Class 2,Class 1,Class 1,11 HOWARD STREET,EH3 5JP,3214
327284,668407,restaurant & bar,The Balm Well, , ,Class 3,Class 3,41 HOWDEN HALL ROAD,EH16 6PG,3215
327387,668084,vacant,vacant,Class 1,Class 1,Class 1,Vacant,79 HOWDEN HALL ROAD,EH16 6PW,3216
327349.4856,668078.6763,hot food take-away (Chinese),Ming Palace, , ,SUI GENERIS,SUI GENERIS,82 HOWDEN HALL ROAD,EH16 6PN,3217
327341.5809,668072.4191,hairdresser,Salon 2010, , ,Class 1,Class 1,84 HOWDEN HALL ROAD,EH16 6PN,3218
325056.391,674327.797,vacant,vacant, , ,Class 1,Vacant,15 HOWE STREET,EH3 6TE,3219
325055.0225,674333.5865,printers,Prontaprint,Class 4,Class 4,Class 4,Class 4,15A HOWE STREET,EH3 6TE,3220
325052.609,674341.4135,clothing (ladies),Mcaree Brothers,Class 1,Class 1,Class 1,Class 1,19 HOWE STREET,EH3 6TE,3221
325051.4135,674345.797,interior design,New Town Interiors,Vacant,Class 1,Class 1,Class 1,19B HOWE STREET,EH3 6TE,3222
325042.6165,674372.225500001,café,Leo's Beanery,Class 1,Class 1,Class 1,Class 3,23A HOWE STREET,EH3 6TF,3223
325040.3985,674378.804500001,antique lamps restoration & sales,Lonsdale & Dutch, , ,Class 1,Class 1,23B HOWE STREET,EH3 6TF,3224
327368,671103,bank,Bank of Scotland / HBOS, , ,Class 2,Class 2,6/1B LADY ROAD,EH16 5PB,3225
327367.5892,671089.821599999,ladies clothing - accessories,Claire's Accessories, , ,Class 1,Class 1,6/1D LADY ROAD,EH16 5PB,3226
327367.5892,671084.0,travel agent,Thomson, , ,Class 1,Class 1,6/3 LADY ROAD,EH16 5PB,3227
327367.1784,671078.589199999,optician,Dollond & Aitchison, , ,Class 1,Class 1,6/5 LADY ROAD,EH16 5PB,3228
327366.5351,671072.589199999,travel agent,Thomas Cook, , ,Class 1,Class 1,6/7 LADY ROAD,EH16 5PB,3229
327366.3567,671067.178400001,ladies clothing,Internacionale, , ,Class 1,Class 1,6/9 LADY ROAD,EH16 5PB,3230
327366.3567,671061.7675,travel agent,First Choice, , ,Class 1,Class 1,6/11 LADY ROAD,EH16 5PB,3231
327366.0,671055.356699999,greeting cards & gifts,Card Factory, , ,Class 1,Class 1,6/13 LADY ROAD,EH16 5PB,3232
327366,671049,travel agent,Going Places, , ,Class 1,Class 1,6/15 LADY ROAD,EH16 5PB,3233
327365.4108,671043.054099999,confectionery,Thorntons, , ,Class 1,Class 1,6/17 LADY ROAD,EH16 5PB,3234
330891.7709,671494.5996,clothing & equipment for children & mothers,Mothercare World / Early Learning Centre, , ,Class 1,Class 1,13 LAWHOUSE TOLL,EH15 3RH,3235
325598.6305,673590.9395,public house,Deacon Brodie's Tavern,SUI GENERIS,SUI GENERIS,SUI GENERIS,SUI GENERIS,435 LAWNMARKET,EH1 2NT,3236
325589.5845,673589.615900001,knitwear,Jamie Scott's Mill Shop,Class 1,Class 1,Class 1,Class 1,443-449 LAWNMARKET,EH1 2NT,3237
325577.7996,673585.6931,knitwear,Edinburgh Woollen Mill,Class 1,Class 1,Class 1,Class 1,453-455 LAWNMARKET,EH1 2NT,3238
325034.376,674269.977499999,office & clubroom,Edinburgh Ski Club,Class 4,Class 4,Class 4,Class 4,2 HOWE STREET,EH3 6TD,3239
325032.985,674275.797,ladies clothing (maternity),Pretty Pregnant,Class 1,Class 1,Class 1,Class 1,4 HOWE STREET,EH3 6TD,3240
325030.9925,674279.782,vacant,vacant,Class 4,Class 4,Vacant,Vacant, , ,3241
325030.1955,674282.970000001,learning consultant,Forum Interactive,Class 1,Class 1,Class 2,Class 4,4B HOWE STREET,EH3 6TD,3242
325028.985,674287.405999999,outdoor clothing,Gamefish,Class 1,Class 4,Class 1,Class 1,6A HOWE STREET,EH3 6TD,3243
325027.7895,674291.391000001,oriental rugs,R.L. Rose, , ,Class 1,Class 1,8 HOWE STREET,EH3 6TD,3244
325026.5865,674296.0,paints,Edina Paint Co.,Class 1,Class 1,Class 1,Class 1,8A-10 HOWE STREET,EH3 6TD,3245
325022.5865,674308.797,carpets,Behar Carpets,Class 1,Class 1,Class 1,Class 1,12A HOWE STREET,EH3 6TD,3246
325021.391,674313.180500001,hairdresser,Connolly hair,Vacant,Class 1,Class 1,Class 1,16 HOWE STREET,EH3 6TD,3247
325013.985,674338.2105,restaurant & bistro,A Room In The Town,Class 3,Class 3,Class 3,Class 3,18 HOWE STREET,EH3 6TG,3248
325012.391,674342.9925,furniture,Sofa So Good,Class 1,Class 1,Class 1,Class 1,22 HOWE STREET,EH3 6TG,3249
325010.1955,674350.0075,public house,The Standard,SUI GENERIS,SUI GENERIS,SUI GENERIS,SUI GENERIS,24A-24 HOWE STREET,EH3 6TG,3250
325008.1955,674358.195499999,hair & beauty products,Sally Hair & Beauty,Class 1,Class 1,Class 1,Class 1,26(GF90) HOWE STREET,EH3 6TG,3251
325006.6015,674363.812000001,furniture,In House,Class 1,Class 1,Class 1,Class 1,28 HOWE STREET,EH3 6TG,3252
325005.9925,674367.4285,hot food take-away,Simple Feast,SUI GENERIS,SUI GENERIS,SUI GENERIS,SUI GENERIS,32 HOWE STREET,EH3 6TH,3253
325004.797,674371.812000001,leather goods,Handbag Heaven,Class 1,Class 1,Class 1,Class 1,36 HOWE STREET,EH3 6TH,3254
325003.6015,674375.797,beauty salon,U Star,Class 1,Vacant,Class 1,Class 1,38 HOWE STREET,EH3 6TH,3255
325002.767,674379.421,solicitors & property agents,Hadden Rankin,Class 1,Class 2,Class 2,Class 2,40 HOWE STREET,EH3 6TH,3256
325000.609,674387.804500001,sandwich bar,appetite direct, , ,Class 1,Class 1,42-44 HOWE STREET,EH3 6TH,3257
324999.579,674391.376,n/t/c,News Corner,Class 1,Class 1,Class 1,Class 1,46 HOWE STREET,EH3 6TH,3258
324998.782,674395.759500001,restaurant (Thai),Ryan Siam, , ,Class 3,Class 3,48 HOWE STREET,EH3 6TH,3259
325902.3236,673609.7391,restaurant,Creelers,Class 1,Class 3,Class 3,Class 3,3 HUNTER SQUARE,EH1 1QW,3260
325904.4614,673601.4781,restaurant,Le Sept, , ,Class 3,Class 3,5 HUNTER SQUARE,EH1 1QW,3261
325908.4781,673588.231799999,public house,The Advocate,Vacant,Demolished,SUI GENERIS,SUI GENERIS,7 HUNTER SQUARE,EH1 1QW,3262
325934.2004,673589.183700001,public house,The Tron,Vacant,SUI GENERIS,SUI GENERIS,SUI GENERIS,9 HUNTER SQUARE,EH1 1QW,3263
325900.215,673615.5845,café,Chocolate Soup,Class 1,Class 1,Class 3,Class 3,2 HUNTER SQUARE,EH1 1QW,3264
325218.5823,675031.430299999,launderette,Canonmills Launderette,Class 1,Class 1,Class 1,Class 1,7-8 HUNTLY STREET,EH3 5HB,3265
322387.0123,671420.626800001,dwelling,dwelling,Class 4,Vacant,Class 9,Class 9, , ,3266
322393.7711,671424.9278,builders,Capital Maintenance Co Ltd,Class 1,Class 4,Class 4,Class 4,7 HUTCHISON PLACE,EH14 1QU,3267
322425.5423,671408.385600001,dental laboratory,Roslin Dental Laboratory, , ,Class 2,Class 2,9 HUTCHISON PLACE,EH14 1QR,3268
322426.1567,671404.698999999,dwelling,dwelling,Class 1,Class 1,Class 2,Class 9, , ,3269
322426.1567,671400.3979,dwelling,dwelling,Class 4,Class 1,Class 1,Class 9, , ,3270
322426.7711,671396.096899999,office,n/a,Class 1,Class 1,Vacant,UNKNOWN USE,19 HUTCHISON PLACE,EH14 1QR,3271
322367.8186,671395.3257,dwelling,dwelling, , ,Class 1,Class 9, , ,3272
322368.0,671389.385600001,dwelling,dwelling,Class 1,Vacant,Vacant,Class 9, , ,3273
322367.3856,671383.855599999,dwelling,dwelling,Class 1,Vacant,Vacant,Class 9, , ,3274
322398.8556,671364.1567,grocer,Hutchison Newsagents,Class 1,Class 1,Class 1,Class 1,10 HUTCHISON PLACE,EH14 1QS,3275
322405,671366,hairdresser (gents),Sandy's Barber Shop,Class 1,Class 1,Class 1,Class 1,14 HUTCHISON PLACE,EH14 1QS,3276
322272,671412,cleared site,cleared site, , ,Vacant,Demolished, , ,3277
322342.4701,671125.7711,bathroom furniture & fittings,Mister Bathrooms,Vacant,Class 2,Class 1,Class 1,1 HUTCHISON TERRACE,EH14 1QB,3278
322335.1567,671135.3134,funeral directors,William Purves,Class 2,Vacant,Class 1,Class 1,3 HUTCHISON TERRACE,EH14 1QB,3279
322330.8556,671140.2289,paint shop,The Paint Shed,Vacant,Class 1,Class 1,Class 1,4 HUTCHISON TERRACE,EH14 1QB,3280
322325.3856,671147.0845,bridal salon,Susan Gregory,Vacant,Class 1,Class 1,Class 1,5 HUTCHISON TERRACE,EH14 1QB,3281
322321.0845,671151.385600001,kilt and fancy dress hire,Highlander Kilt Hire Ltd / Characters,Class 2,Class 1,Class 1,Class 1,6 HUTCHISON TERRACE,EH14 1QB,3282
325591.5991,673483.922700001,night club,Espionage,SUI GENERIS,SUI GENERIS,SUI GENERIS,SUI GENERIS,4 INDIA BUILDINGS,EH1 2EX,3283
324818,674207,n/a,n/a,Vacant,Class 2,UNKNOWN USE,UNKNOWN USE,2 INDIA STREET,EH3 6EZ,3284
326021.5532,673417.246400001,public house,Royal Oak,SUI GENERIS,SUI GENERIS,SUI GENERIS,SUI GENERIS,1 INFIRMARY STREET,EH1 1LT,3285
326035.0918,673421.123199999,restaurant,Mother India Café, , ,SUI GENERIS,Class 3,3-5 INFIRMARY STREET,EH1 1LT,3286
321628.2783,670902.808700001,car showroom,Royal Mile Motor Co., , ,SUI GENERIS,SUI GENERIS,67 INGLIS GREEN ROAD,EH14 2EZ,3287
321604.6396,670919.1472,vacant,vacant,Class 2,Class 4,Class 4,Vacant,69 INGLIS GREEN ROAD,EH14 2EZ,3288
321603,670909,vacant,vacant, , ,Class 4,Vacant,73-79 INGLIS GREEN ROAD,EH14 2EZ,3289
321810,670823,vacant,vacant,Vacant,Class 4,Class 11,Vacant,81 INGLIS GREEN ROAD,EH14 2EZ,3290
321577,670887,vacant,vacant,Vacant,Class 1,UNKNOWN USE,Vacant,83 INGLIS GREEN ROAD,EH14 2EZ,3291
321578.0659,670891.9341,vacant,vacant,Class 4,Vacant,Class 4,Vacant,85 INGLIS GREEN ROAD,EH14 2EZ,3292
321581,670908,vacant,vacant,Class 4,Vacant,Class 4,Vacant,93 INGLIS GREEN ROAD,EH14 2EZ,3293
321583.5583,670921.0,hot food take-away,Mister Lees, , ,SUI GENERIS,SUI GENERIS,95-97 INGLIS GREEN ROAD,EH14 2EZ,3294
321906.252,670807.313200001,vacant,vacant, ,Class 1,Class 1,Vacant,(22) INGLIS GREEN ROAD,EH14 2ER,3295
321749.3564,670901.1131,car showroom,Central Car Sales,SUI GENERIS,Vacant,SUI GENERIS,SUI GENERIS,(28) INGLIS GREEN ROAD,EH14 2ER,3296
321659,670926,public house,Village Inn, , ,SUI GENERIS,SUI GENERIS,30 INGLIS GREEN ROAD,EH14 2ER,3297
314525.6853,673084.597200001,restaurant,Woodside Bistro and Steakhouse,Class 3, ,Class 3,Class 3, , ,3298
314506,673094,pubic house,Woodside Bistro, , ,SUI GENERIS,SUI GENERIS,(10) INGLISTON,EH28 8NB,3299
324628.9819,676004.436699999,financial services (accounting etc. for small businesses),Gillespie,Class 2,Class 1,Class 2,Class 2,1 INVERLEITH GARDENS,EH3 5PU,3300
324620.213,676004.0362,"stamp dealer, auctioneer & valuer (stamps, coins, banknotes, medals & other collectables)",Robert Murray Stamp Shop,Class 1,Class 1,Class 1,Class 1,1A INVERLEITH GARDENS,EH3 5PU,3301
324615.2311,676003.916999999,hot food take-away (Chinese),Palace Chinese Takeaway,SUI GENERIS,SUI GENERIS,SUI GENERIS,SUI GENERIS,1B INVERLEITH GARDENS,EH3 5PU,3302
324587.787,676001.2599,"stamp dealer, auctioneer & valuer (stamps, coins, banknotes, medals & other collectables)",Robert Murray Stamp Shop,Class 1,Class 1,Class 1,Class 1,5 INVERLEITH GARDENS,EH3 5PU,3303
325064.5012,673226.7523,organic food,Green Organics,Class 1,Class 1,Class 1,Class 1,28 LADY LAWSON STREET,EH3 9DS,3304
325069.2606,673222.2425,sandwiches,Peppers,Class 1,Class 4,Class 1,Class 1,32 LADY LAWSON STREET,EH3 9DS,3305
325105,673175,vacant,vacant,Class 1,Class 2, ,Vacant,46-52 LADY LAWSON STREET,EH3 9DW,3306
328808.7254,673144.2324,vacant,vacant, , ,Class 1,Vacant,11-13 LADY NAIRNE PLACE,EH8 7LZ,3307
328820,673149,hairdresser,Marion's,Class 1,Class 1,Class 1,Class 1,15 LADY NAIRNE PLACE,EH8 7LZ,3308
328832.5211,673153.260500001,vacant,vacant,Class 1,Class 1,Vacant,Vacant,19 LADY NAIRNE PLACE,EH8 7LZ,3309
325569.3236,673583.6472,"knitwear, tartans",Heritage of Scotland.com,Class 1,Class 1,Class 1,Class 1,459-463 LAWNMARKET,EH1 2NT,3310
324578.4441,676000.732799999,restaurant (Indian),In Touch,Class 1,Class 1,Class 1,Class 3,8 INVERLEITH GARDENS,EH3 5PU,3311
324651.0288,675960.527100001,grocer,Costcutter,Vacant,Class 1,Class 1,Class 1,58-59 INVERLEITH ROW,EH3 5PX,3312
324649.7509,675963.296,dry cleaner,Inverleith Dry Cleaners,Class 1,Class 1,Class 1,Class 1,60A INVERLEITH ROW,EH3 5PX,3313
324648.4729,675965.639,hairdresser (gents),Barbers,Class 1,Class 1,Class 1,Class 1,60B INVERLEITH ROW,EH3 5PX,3314
324645.704,675970.7509,n/t/c & grocer,best-one, , ,Class 1,Class 1,60C-D INVERLEITH ROW,EH3 5PX,3315
324641.5379,675980.083000001,vacant,vacant,Class 1,Class 1,Class 2,Vacant,61A INVERLEITH ROW,EH3 5PX,3316
324638.3429,675986.685900001,hot food take-away,Pizza Bazaar,Vacant,SUI GENERIS,SUI GENERIS,SUI GENERIS,62 INVERLEITH ROW,EH3 5PX,3317
324624.935,676004.2237,hairdresser & beauty salon,Zuba Hair & Beauty,Class 1,Class 1,Vacant,Class 1,63 INVERLEITH ROW,EH3 5PX,3318
324634.5198,675994.852,"computer systems, support, parts, repairs, consumables etc.",User 2 Computers,Class 1,Class 2,Class 2,Class 1,65 INVERLEITH ROW,EH3 5PX,3319
324972.4424,675401.487299999,sports clothing & footwear,Colin Campbell Sports,Class 1,Class 1,Class 3,Class 1,68 INVERLEITH ROW,EH3 5LT,3320
324969.8401,675406.1941,picture framing,Stuart Martin Framing,Class 4,Class 1,Class 4,Class 1,70 INVERLEITH ROW,EH3 5LT,3321
324967.3548,675410.934699999,furniture,Just Chairs,Class 1,Class 1,Class 1,Class 1,71 INVERLEITH ROW,EH3 5LT,3322
325051.6795,675214.0307,solicitors & estate agents,Connor Malcolm,Class 1,Class 2,Class 2,Class 2,1 INVERLEITH TERRACE,EH3 5NS,3323
326665.2854,675169.094599999,public house,Strathmore Bar,SUI GENERIS,SUI GENERIS,SUI GENERIS,SUI GENERIS,17 IONA STREET,EH6 8SG,3324
326696.307,675164.5669,vacant,vacant, , ,Class 2,Vacant,17A-19 IONA STREET,EH6 8SP,3325
326651.3339,675140.333900001,hot food take-away,The Harvest,SUI GENERIS,SUI GENERIS,SUI GENERIS,SUI GENERIS,16 IONA STREET,EH6 8SF,3326
326552,673717,restaurant,Pizza Express, , ,Class 3,Class 3,8-10 JACKSON'S ENTRY,EH8 8PJ,3327
325114.3553,674470.636499999,public house,Kays Bar,SUI GENERIS,SUI GENERIS,SUI GENERIS,SUI GENERIS,39 JAMAICA STREET,EH3 6HF,3328
324999,674306,public house,Iglu, , ,SUI GENERIS,SUI GENERIS,2B JAMAICA STREET,EH3 6HH,3329
325537,673586,public house,Jolly Judge,SUI GENERIS,SUI GENERIS,SUI GENERIS,SUI GENERIS,"7 JAMES' COURT, ( 493 LAW",EH1 2PB,3330
325537.5532,673569.077299999,clothing,Royal Mile Factory Outlet,Vacant,Class 1, ,Class 1,"11(A) JAMES' COURT, ( 493",EH1 2PB,3331
325548.597,673587.57,café,Sugar Cube,Class 3,Class 3,Class 3,Class 3,"2 JAMES' COURT, ( 493 LAW",EH1 2PB,3332
326855.2985,675743.7226,take away food,My Way,Class 1,Class 4,Vacant,Class 1,4 JANE STREET,EH6 5HD,3333
326663,675968,take-away food,The Snack Box, , ,Class 1,Class 1,96 JANE STREET,EH6 5HG,3334
326131.0605,673721.9541,tattoo artist,Studio XIII Gallery,Class 1,Class 1,Class 1,Class 2,3 JEFFREY STREET,EH1 1DR,3335
326129.3069,673726.338199999,vacant,vacant,Class 1,Class 1,Vacant,Vacant,7 JEFFREY STREET,EH1 1DR,3336
326127.5532,673730.7223,jewellers,Pebbles,Class 1,Class 1,Class 1,Class 1,9 JEFFREY STREET,EH1 1DR,3337
327579.1639,669525.109300001,public house,Liberton Inn,SUI GENERIS,SUI GENERIS,SUI GENERIS,SUI GENERIS,88-90 KIRK BRAE,EH16 6JA,3338
320054.0,672879.6249,public house,Winston Lounge Bar,SUI GENERIS,SUI GENERIS,SUI GENERIS,SUI GENERIS,20 KIRK LOAN,EH12 7HD,3339
327462.3191,674322.8608,vacant,vacant,Vacant,Vacant,UNKNOWN USE,Vacant,1 KIRKWOOD PLACE,EH7 5TG,3340
325162.8051,673144.955700001,take away food,Mel Boy's, , ,Class 1,Class 1,13A LADY LAWSON STREET,EH3 9DL,3341
325040.5036,673246.500700001,sports equipment & clothing (surfboarding),Boardwise,Class 1,Class 1,Class 1,Class 1,4-8 LADY LAWSON STREET,EH3 9DS,3342
326125.1378,673734.876800001,vacant,vacant,Class 1,Class 1,Class 3,Vacant,11 JEFFREY STREET,EH1 1DR,3343
326121.9687,673742.553200001,restaurant,Iggs, , ,Class 3,Class 3,15/19 JEFFREY STREET,EH1 1DR,3344
326119.1837,673747.5845,restaurant,Barioja Tapas Bar,Class 1,Class 1,Class 3,Class 3, , ,3345
326112.1691,673754.599099999,ladies clothing,Chique,Class 1,Class 1,Class 1,Class 1,23 JEFFREY STREET,EH1 1DR,3346
326104.5991,673761.215,real fires (wood burning stoves etc),The Hot Furniture Company,Class 1,Class 1,Class 1,Class 1,25-27 JEFFREY STREET,EH1 1DH,3347
326097.3185,673764.6401,restaurant,La Garrigue,Class 3,Class 3,Class 3,Class 3,31 JEFFREY STREET,EH1 1DH,3348
326083.4155,673767.553200001,furniture,Tangram, , ,Class 1,Class 1,33-37 JEFFREY STREET,EH1 1DH,3349
326154.6159,673721.1691,ladies clothing,Corniche,Class 1,Class 1,Class 1,Class 1,2 JEFFREY STREET,EH1 1DT,3350
326152.266,673727.229,soft furnishings,Moletamunro, ,Class 1,Class 1,Class 1,4 JEFFREY STREET,EH1 1DT,3351
326151.0969,673730.444,confectionary,Lickity Splits,Class 1,Class 1,Class 1,Class 1,6 JEFFREY STREET,EH1 1DT,3352
326149.6159,673734.292300001,hairdresser,Saks,Vacant,Class 1,Class 1,Class 1,10 JEFFREY STREET,EH1 1DT,3353
326143.1691,673751.292300001,ladies clothing,Conte of Florence, , ,Class 1,Class 1,12-14 JEFFREY STREET,EH1 1DT,3354
326144.6669,673747.3959,hot food take-away,Tempting Tattie,SUI GENERIS,SUI GENERIS,SUI GENERIS,SUI GENERIS,18 JEFFREY STREET,EH1 1DT,3355
328276.0446,674167.0891,public house,Limelite,SUI GENERIS,SUI GENERIS,SUI GENERIS,SUI GENERIS,15 JOCK'S LODGE,EH8 7AA,3356
328284.5247,674165.5644,Vacant,Vacant,Vacant,Class 4,Vacant,Vacant,19 JOCK'S LODGE,EH8 7AA,3357
328291.8168,674164.5644,Prince Qasim Indian Cottage Takeaway,Hot food take-away,Class 1,Class 1,Class 1,SUI GENERIS,23 JOCK'S LODGE,EH8 7AA,3358
328252.4703,674170.0396,betting shop,William Hill, , ,Class 2,Class 2,23A JOCK'S LODGE,EH8 7AA,3359
328302,674164,grocers (Asian),Super Asian Foods, , ,Class 3,Class 1,27 JOCK'S LODGE,EH8 7AA,3360
328313.4009,674163.2773,public house,Jock's Lodge Tavern,SUI GENERIS,SUI GENERIS,SUI GENERIS,SUI GENERIS,35 JOCK'S LODGE,EH8 7AA,3361
315602.6113,666044.521299999,converted to residential,dwellings,Class 3,Class 3,Class 3,Class 9,64 JOHNSBURN ROAD,EH14 7BB,3362
325506.1545,673494.876800001,hot food take-away,the little inn,SUI GENERIS,SUI GENERIS,SUI GENERIS,SUI GENERIS,1 JOHNSTON TERRACE,EH1 2PW,3363
325502.0918,673492.091800001,masonic regalia,Victoria Regalia,Class 1,Class 1,Class 1,Class 1,2B JOHNSTON TERRACE,EH1 2PW,3364
325498.5845,673488.876800001,restaurant (Kurdish),hanam's,Class 4,Class 4,Class 1,Class 3,3 JOHNSTON TERRACE,EH1 2PW,3365
325491.3382,673482.599099999,restaurant (Thai),Thai Orchard,Class 1,Class 1,Class 3,Class 3,5 JOHNSTON TERRACE,EH1 2PW,3366
325488.1232,673480.2609,restaurant,Maxie's Bistro, , ,Class 3,Class 3,5A JOHNSTON TERRACE,EH1 2PW,3367
325484.3236,673478.215,public house,Castle Arms,SUI GENERIS,SUI GENERIS,SUI GENERIS,SUI GENERIS,6 JOHNSTON TERRACE,EH1 2PW,3368
325395.1232,673464.340399999,vacant,vacant (formerly The Scarf Company),Vacant,Class 1,Vacant,Vacant,16A JOHNSTON TERRACE,EH1 2PR,3369
331438.7788,673435.318600001,hair & beauty,Bo Chic,Class 1,Class 1,Class 1,Class 1,31 JOPPA ROAD,EH15 2HB,3370
331447.8495,673432.2212,cleaning equipment,Cleen Rite,Class 1,Class 1,Class 2,Class 2,35 JOPPA ROAD,EH15 2HB,3371
331378.062,673490.1328,vacant,vacant, , ,Class 1,Vacant,2 JOPPA ROAD,EH15 2EU,3372
331402.5753,673470.787599999,health & beauty,Harmony,Class 1,Class 1,Class 2,Class 1,10 JOPPA ROAD,EH15 2EU,3373
331405.4513,673469.9027,t.v. aerial contractors,Surrey Aerials,Class 4,Class 4,Class 4,Class 4,12 JOPPA ROAD,EH15 2EU,3374
331407.8849,673469.0177,t.v. aerial contractors,Surrey Aerials,Class 4,Class 4,Class 4,Class 4,16 JOPPA ROAD,EH15 2EU,3375
331416.4602,673466.336300001,hairdresser,Headstart,Class 1,Class 1,Class 1,Class 1,20A JOPPA ROAD,EH15 2EU,3376
331419.5575,673465.451300001,accountants,Robin T.  Bond,Class 2,Class 2,Class 2,Class 2,22 JOPPA ROAD,EH15 2EU,3377
331422.4336,673464.566400001,n/t/c,Joppa Newsagent,Class 1,Class 1,Class 1,Class 1,24 JOPPA ROAD,EH15 2EU,3378
331488.5398,673445.6018,public house,Ormelie Tavern,SUI GENERIS,SUI GENERIS,SUI GENERIS,SUI GENERIS,44 JOPPA ROAD,EH15 2ET,3379
325319.757,673101.0,n/t/c,Shafiq & sons, , ,Class 1,Class 1,36 KEIR STREET,EH3 9EU,3380
323191.1234,673170.547599999,cleared site (informal parking),cleared site, , ,Class 1,Demolished, , ,3381
330235.4403,674474.7798,public house,The Forth View,Vacant,SUI GENERIS,SUI GENERIS,SUI GENERIS,3 KING'S PLACE,EH15 1DU,3382
330017.7721,674427.2787,property & security services,JSL Services,Vacant,Class 1,Class 1,Class 4,2 KING'S ROAD,EH15 1EA,3383
330250.1008,674462.1194,public art (Portobello),Big Things on the Beach,SUI GENERIS,SUI GENERIS,SUI GENERIS,Class 2,56 KING'S ROAD,EH15 1DX,3384
321311,669951,soft furnishings,Tracy Victoria,Class 1,Class 1,Class 1,Class 1,1 KINGSKNOWE PARK,EH14 2JQ,3385
321306.0,669952.808900001,dwelling,dwelling,Class 1,Class 1,Class 9,Class 9,3 KINGSKNOWE PARK,EH14 2JQ,3386
321299.0887,669955.382300001,building management control sysytems,Dannlimited. IDES, , ,Class 4,Class 4,5-7 KINGSKNOWE PARK,EH14 2JQ,3387
321293,669958,architects,Sinclair Hay Sutherland Partnership,Class 4,Class 4,Class 4,Class 4,9 KINGSKNOWE PARK,EH14 2JQ,3388
321289.7645,669959.4266,hot food take-away,Mr Lin,SUI GENERIS,SUI GENERIS,SUI GENERIS,SUI GENERIS,11 KINGSKNOWE PARK,EH14 2JQ,3389
321285.7645,669960.808900001,mortgage adviser,Duckworth Alexander,Class 4,Class 2, ,Class 2,13 KINGSKNOWE PARK,EH14 2JQ,3390
321280,669963,promotional products,Happy Smile Limited,Class 4,Class 2, ,Class 4,15 KINGSKNOWE PARK,EH14 2JQ,3391
321386,670944,hot food take-away (Chinese),Mei Dow,SUI GENERIS,SUI GENERIS,SUI GENERIS,SUI GENERIS,1 KINGSKNOWE ROAD NORTH,EH14 2BN,3392
321384.3297,670939.248400001,hairdresser,Helen Jeffrey,Class 1,Class 1,Class 1,Class 1,1A KINGSKNOWE ROAD NORTH,EH14 2BN,3393
321398.0154,670882.112,grocer / convenience store,Scotmid,Class 1,Class 1,Class 1,Class 1,7 KINGSKNOWE ROAD NORTH,EH14 2BN,3394
321056.8984,670352.491900001,public house,Kingsknowe Roadhouse,SUI GENERIS,SUI GENERIS,SUI GENERIS,SUI GENERIS,193 KINGSKNOWE ROAD NORTH,EH14 2ED,3395
321233,670714,office,Goldshield Electronic Security Ltd,Class 1,Class 1,Vacant,Class 4,102 KINGSKNOWE ROAD NORTH,EH14 2DG,3396
331244.3037,671781.6117,electrical goods,Comet, , ,Class 1,Class 1,1 KINNAIRD PARK,EH15 3RD,3397
331193.8854,671797.056700001,sports clothing,JJB Sports, , ,Class 1,Class 1,1A KINNAIRD PARK,EH15 3RD,3398
331171.5651,671803.8676,general household goods,Poundstretcher, ,Class 1,Class 1,Class 1,2 KINNAIRD PARK,EH15 3RD,3399
331150.4823,671970.446900001,furniture,Harveys / Benson's for Beds, ,Class 1,Class 1,Class 1,47 KINNAIRD PARK,EH15 3RD,3400
331170.4823,671965.1875,computers & computer accessories,PC World, ,Class 1,Class 1,Class 1,47/1 KINNAIRD PARK,EH15 3RD,3401
331204.3805,671956.929300001,mixed durable goods (catalogue store),Argos, , ,Class 1,Class 1,48 KINNAIRD PARK,EH15 3RD,3402
331227.6902,671950.1018,travel agent,First Choice Holiday Hypermarket, ,Class 1,Class 1,Class 1,49 KINNAIRD PARK,EH15 3RD,3403
331245.8274,671944.991,furniture & electrical goods,SCS Furniture, , ,Class 1,Class 1,50 KINNAIRD PARK,EH15 3RD,3404
331274.3451,671924.446900001,electrical goods,Currys, , ,Class 1,Class 1,51 KINNAIRD PARK,EH15 3RD,3405
331313.1018,671906.411599999,clothing,Marks and Spencer, ,Class 1,Class 1,Class 1,52 KINNAIRD PARK,EH15 3RD,3406
331329.3762,671833.690199999,toys,Toys-R-Us, ,Class 1,Class 1,Class 1,53 KINNAIRD PARK,EH15 3RD,3407
331284.5884,671721.8628,furniture,Reid Furniture, ,Class 1,Class 1,Class 1,54 KINNAIRD PARK,EH15 3RD,3408
331338,671760,restaurant & hot food take-away,McDonalds, , ,Class 3,Class 3,55 KINNAIRD PARK,EH15 3RD,3409
331068.9848,671696.289999999,photographic goods,Jessops, , ,Class 1,Class 1,56 KINNAIRD PARK,EH15 3RD,3410
331057.2749,671678.099099999,cosmetics,The Body Shop, , ,Class 1,Class 1,55C KINNAIRD PARK,EH15 3RD,3411
331065.9848,671685.832,outdoor equipment & clothing,Mountain Warehouse, , ,Class 1,Class 1,55D KINNAIRD PARK,EH15 3RD,3412
331071.0459,671702.915999999,mobile phones,Phones 4 U, , ,Class 1,Class 1,57 KINNAIRD PARK,EH15 3RD,3413
331072.7939,671709.374,ladies clothing - accessories,Claire's Accessories, , ,Class 1,Class 1,58 KINNAIRD PARK,EH15 3RD,3414
331074.7558,671715.518999999,café,Costa Coffee, , ,Class 2,Class 2,59 KINNAIRD PARK,EH15 3RD,3415
331077.6948,671725.518999999,sports clothing,JD Sports, , ,Class 1,Class 1,60 KINNAIRD PARK,EH15 3RD,3416
331114.4048,671768.4121,mobile phones,3 Store, , ,Class 1,Class 1,64(1) KINNAIRD PARK,EH15 3RD,3417
331116.4887,671774.664100001,clothing,Bank, , ,Class 1,Class 1,64(2) KINNAIRD PARK,EH15 3RD,3418
331119.8628,671784.518999999,confectionery,Thorntons, , , ,Class 1,65B KINNAIRD PARK,EH15 3RD,3419
331127.5498,671796.374,mobile phones,O2, , ,Class 1,Class 1,66 KINNAIRD PARK,EH15 3RD,3420
331145.2519,671805.374,restaurant,Pizza Hut, , ,Class 3,Class 3,67 KINNAIRD PARK,EH15 3RD,3421
331044.916,671826.129899999,outdoor clothing,Trespass, , ,Class 1,Class 1,68 KINNAIRD PARK,EH15 3RD,3422
331030.7481,671829.6489,cosmetics,The Perfume Shop, , ,Class 1,Class 1,69A KINNAIRD PARK,EH15 3RD,3423
331023.542,671831.481000001,optician,Vision Express, , , ,Class 1,69B KINNAIRD PARK,EH15 3RD,3424
331009.832,671835.6489,jeweller,Beaverbrooks, , ,Class 1,Class 1,70 KINNAIRD PARK,EH15 3RD,3425
330995.7481,671839.877900001,mobile phones,Carphone Warehouse, , ,Class 1,Class 1,71 KINNAIRD PARK,EH15 3RD,3426
330980.1143,671833.0459,arts and crafts supplies,Hobbycraft, , ,Class 1,Class 1,72 KINNAIRD PARK,EH15 3RD,3427
330976.1143,671819.4199,clothing general,USC, , ,Class 1,Class 1,73 KINNAIRD PARK,EH15 3RD,3428
330973.2593,671808.0229,shoes & footwear,Clarks, , ,Class 1,Class 1,74 KINNAIRD PARK,EH15 3RD,3429
330968.0074,671788.771,"Books, CDs, DVDs",HMV / Watrestones, , ,Class 1,Class 1,75 KINNAIRD PARK,EH15 3RD,3430
330960.5875,671759.9848,ladies clothing,H & M (Hennes & Mauritz), , ,Class 1,Class 1,76 KINNAIRD PARK,EH15 3RD,3431
330953.8394,671736.6719,ladies clothing and ornamental goods,Ethel Austin / Au natural, , ,Class 1,Class 1,77 KINNAIRD PARK,EH15 3RD,3432
325047.5002,673240.7513,restaurant & hot food take-away (Chinese),The Star Sea, , ,Class 3,Class 3,14-18 LADY LAWSON STREET,EH3 9DS,3433
325057.5012,673232.5002,vacant,vacant, , ,Class 1,Vacant,22 LADY LAWSON STREET,EH3 9DS,3434
325061.253,673229.4988,take-away food,Preachers Patisserie,SUI GENERIS,Class 1,Class 1,Class 1,24-26 LADY LAWSON STREET,EH3 9DS,3435
327411,671075,supermarket - large,Sainsbury, , ,Class 1,Class 1,6/19 LADY ROAD,EH16 5PB,3436
327364.1784,671022.643300001,mobile phones,Orange, , ,Class 1,Class 1,6/21 LADY ROAD,EH16 5PB,3437
327363.7675,671016.410800001,mobile phones,Carphone Warehouse, , ,Class 1,Class 1,6/23 LADY ROAD,EH16 5PB,3438
327363.3567,671010.0,jeweller,H. Samuel, , ,Class 1,Class 1,6/25 LADY ROAD,EH16 5PB,3439
327363.1784,671001.0,mixed durable goods,Poundsworth, , ,Class 1,Class 1,6/27 LADY ROAD,EH16 5PB,3440
327363.1243,670988.0,sports clothing & equipment,JJB Sports, , ,Class 1,Class 1,6/29 LADY ROAD,EH16 5PB,3441
327362.3026,670976.821599999,mixed durable goods,British Home Stores (BHS), , ,Class 1,Class 1,6/31 LADY ROAD,EH16 5PB,3442
327362.0702,670966.108200001,toiletries & cosmetics,Bodycare, , ,Class 1,Class 1,6/33 LADY ROAD,EH16 5PB,3443
327361.8377,670953.410800001,shoes & footwear,Clarks, , ,Class 1,Class 1,6/35 LADY ROAD,EH16 5PB,3444
327361.6594,670939.356699999,"books, stationery, periodicals etc.",W.H. Smith, , ,Class 1,Class 1,6/37 LADY ROAD,EH16 5PB,3445
327361.5351,670924.410800001,ladies clothing,New Look, , ,Class 1,Class 1,6/39 LADY ROAD,EH16 5PB,3446
327330.1784,671094.643300001,books,Waterstones, , ,Class 1,Class 1,6/2 LADY ROAD,EH16 5PB,3447
327329.9459,671100.178400001,jewellers,Henderson's, , ,Vacant,Class 1,6/2B LADY ROAD,EH16 5PB,3448
327330.5892,671105.821599999,bank,Lloyds TSB Scotland, , ,Class 2,Class 2,6/2C LADY ROAD,EH16 5PB,3449
327329.8216,671089.178400001,vacant,vacant, , ,Class 1,Vacant,6/4A LADY ROAD,EH16 5PB,3450
327329.1784,671082.356699999,barber,Mr. Man, , ,Class 2,Class 1,6/4B LADY ROAD,EH16 5PB,3451
327329.0,671076.356699999,vacant,vacant, , ,Class 1,Vacant,6/6 LADY ROAD,EH16 5PB,3452
327328,671064,coffee shop,Costa Coffee, , ,Class 1,Class 3,6/8 LADY ROAD,EH16 5PB,3453
327328.2325,671056.0,greeting cards,Dazzle, , ,Class 1,Class 1,6/10 LADY ROAD,EH16 5PB,3454
327328.2325,671047.0,chemist,Boots, , ,Class 1,Class 1,6/12 LADY ROAD,EH16 5PB,3455
327328.4649,671036.0,electronic games,Game, , ,Class 1,Class 1,6/14 LADY ROAD,EH16 5PB,3456
327328.0541,671029.0,gadget shop,Gimme Gizmo, , ,Class 1,Class 1,6/16 LADY ROAD,EH16 5PB,3457
327327.4649,671022.0,ladies clothing,Dorothy Perkins, , ,Class 1,Class 1,6/18 LADY ROAD,EH16 5PB,3458
327327.2865,671015.821599999,vacant,vacant, , ,Class 1,Vacant, , ,3459
327325.4649,670981.2325,mobile phones,3 Mobile, , ,Vacant,Class 1,6/26 LADY ROAD,EH16 5PB,3460
327325.2865,670974.643300001,M & Co,ladies/childrens clothing, , ,Class 1,Class 1,6/28 LADY ROAD,EH16 5PB,3461
327324.8757,670968.0,mobile phones,O2, , ,Class 1,Class 1,6/30 LADY ROAD,EH16 5PB,3462
327324.6433,670961.178400001,health food,Holland & Barrett, , ,Class 1,Class 1,6/32 LADY ROAD,EH16 5PB,3463
327324.7514,670953.3026,shoes,Shoe Zone, , ,Vacant,Class 1,6/34 LADY ROAD,EH16 5PB,3464
327324.2865,670945.945900001,greeting cards,Paperbox, , ,Class 1,Class 1,6/36 LADY ROAD,EH16 5PB,3465
327324.0541,670938.5351,vacant,vacant, , ,Class 1,Vacant,6/38 LADY ROAD,EH16 5PB,3466
327323.6433,670931.2325,chemist,Semi-Chem, , ,Vacant,Class 1,6/40 LADY ROAD,EH16 5PB,3467
327323,670924,optician,Optical Express, , ,Class 1,Class 1,6/42 LADY ROAD,EH16 5PB,3468
327353.9401,671046.6916,hairdresser,Headline Hairdressing,Class 1,Class 1,Class 1,Class 1,6/41 LADY ROAD,EH16 5PB,3469
327339.1507,671052.853800001,hot food take-away,Burger King,Class 3,SUI GENERIS,Vacant,SUI GENERIS,6/43-49 LADY ROAD,EH16 5PB,3470
327339.1507,671059.8377,hot food take-away,Potato More,SUI GENERIS,SUI GENERIS,SUI GENERIS,SUI GENERIS, , ,3471
327347,671031,hot food take-away,Traditional Favourites, , ,SUI GENERIS,SUI GENERIS, , ,3472
327338.7399,671046.6916,hot food take-away,Cafe Select,SUI GENERIS,SUI GENERIS,SUI GENERIS,SUI GENERIS, , ,3473
322221,670792,car showroom,Pentland Land Rover, , ,SUI GENERIS,SUI GENERIS,1 LANARK ROAD,EH14 1TG,3474
322187.6877,670759.9706,demolished,demolished, , ,Class 1,Demolished, , ,3475
322135.7186,670708.5001,public house,Tickled Trout,SUI GENERIS,SUI GENERIS,SUI GENERIS,SUI GENERIS,27(1) LANARK ROAD,EH14 1TG,3476
322030.0625,670652.468800001,public house,Cross Keys,SUI GENERIS,SUI GENERIS,SUI GENERIS,SUI GENERIS,43 LANARK ROAD,EH14 1TL,3477
322017.9687,670643.4376,"windows, door, hardware",EHS Architectural Services, , ,Class 4,Class 4,47-49 LANARK ROAD,EH14 1TL,3478
321997.0,670627.375,hairdresser (gents),Charlie's Barber,Class 1,Class 1,Class 1,Class 1,51A LANARK ROAD,EH14 1TL,3479
320411,668958,public house & restaurant,Tanners Lounge Bar,SUI GENERIS,SUI GENERIS,SUI GENERIS,SUI GENERIS,459 LANARK ROAD,EH14 5BA,3480
319776,668560,post office,Juniper Green Post Office,Class 1,Class 1,Class 1,Class 1,529 LANARK ROAD,EH14 5DE,3481
319742,668534,restaurant,Ali Borge,Class 1,Class 1,Class 3,Class 3,535 LANARK ROAD,EH14 5DE,3482
319723,668523,hot food take-away,Pentland Fry,SUI GENERIS,SUI GENERIS,SUI GENERIS,SUI GENERIS,539 LANARK ROAD,EH14 5DE,3483
319619.579,668455.0527,hot food take-away (Chinese),Swallow,SUI GENERIS,SUI GENERIS,SUI GENERIS,SUI GENERIS,555 LANARK ROAD,EH14 5DE,3484
319601.316,668444.5263,hairdresser,Mane Attraction,Class 1,Class 1,Class 1,Class 1,559 LANARK ROAD,EH14 5DE,3485
319597.6317,668441.8947,electrical shop,Byre's Electrians,Class 1,Class 1,Vacant,Class 1,559B LANARK ROAD,EH14 5DE,3486
319603.4737,668434.579,fishmonger,Norman Gallacher,Class 1,Class 1,Class 1,Class 1,561A LANARK ROAD,EH14 5DE,3487
319587.8947,668434.579,café,Ruth's Kitchen,Class 1,Class 1,Class 3,Class 3,563 LANARK ROAD,EH14 5DB,3488
319566.4737,668420.579,vacant,vacant,Class 4,Class 4,Class 4,Vacant,569 LANARK ROAD,EH14 5DB,3489
319507.6317,668385.158,hairdresser,Juniper Salon,Class 1,Class 1,Class 1,Class 1,583 LANARK ROAD,EH14 5DA,3490
319496.9473,668378.6317,optician,Margaret Best Optometrist,Class 1,Vacant,Class 1,Class 1,587A LANARK ROAD,EH14 5DA,3491
319477.0527,668367.7896,office,Scottish Hockey Union Ltd.,Class 3,Class 4,Class 4,Class 4,589 LANARK ROAD,EH14 5DA,3492
322185.0938,670817.0,hairdresser,Muse West,Class 1,Class 1,Class 1,Class 1,6 LANARK ROAD,EH14 1TQ,3493
319771,668597,chemist,office, , ,Class 1,Class 1,536 LANARK ROAD,EH14 5DJ,3494
319732,668570,hairdresser,Julie Maxwell Hairdressing,Class 1,Class 1,Class 1,Class 1,540 LANARK ROAD,EH14 5DJ,3495
319767,668585,bank,Royal Bank of Scotland,Class 2,Class 2,Class 2,Class 2,540A LANARK ROAD,EH14 5EL,3496
319726,668556,public house,Juniper Green Inn,SUI GENERIS,SUI GENERIS,SUI GENERIS,SUI GENERIS,542 LANARK ROAD,EH14 5EL,3497
319716,668548,computer repairs,Simplyfix IT,Class 1,Class 1,Class 1,Class 1,544 LANARK ROAD,EH14 5EL,3498
319702,668538,hairdresser,Railway Barbers, , ,Class 1,Class 1,546C LANARK ROAD,EH14 5EL,3499
319702,668538,betting shop,Scotbet, , ,Class 2,Class 2,546D LANARK ROAD,EH14 5EL,3500
319608.4737,668477.9473,"grocer, butcher & delicatessen",Scott of Juniper Green,Class 1,Class 1,Class 1,Class 1,574-576 LANARK ROAD,EH14 5EL,3501
319564.7896,668451.263,frozen food,Iceland,Class 1,Class 1,Class 1,Class 1,594-600 LANARK ROAD,EH14 5EN,3502
319536.4737,668435.9473,public house,Kinleith Arms,SUI GENERIS,SUI GENERIS,SUI GENERIS,SUI GENERIS,604 LANARK ROAD,EH14 5EN,3503
319473.6843,668394.6843,beauty salon,The Juniper Beauty Salon, , ,Class 1,Class 1,624(A) LANARK ROAD,EH14 5EW,3504
319354,668313,demolished,demolished,Class 1,Vacant,Vacant,Demolished, , ,3505
318977,668120,petrol filling station & shop,The Co-operative Food,SUI GENERIS,SUI GENERIS,Class 1,Class 1,57 LANARK ROAD WEST,EH14 5JX,3506
318494.5494,667861.255899999,public house,Woodhall Arms,SUI GENERIS,SUI GENERIS,SUI GENERIS,SUI GENERIS,137 LANARK ROAD WEST,EH14 5NZ,3507
318546.7441,667910.201300001,vacant,vacant (formerly Thresher),Class 1,Class 1,Class 1,Vacant,120 LANARK ROAD WEST,EH14 5NY,3508
318539.5842,667907.348099999,grocer,H & S Stores,Class 1,Class 1,Class 1,Class 1,122 LANARK ROAD WEST,EH14 5NY,3509
318533.746,667905.1336,butcher,Mark Mcgill,Class 1,Class 1,Class 1,Class 1,124 LANARK ROAD WEST,EH14 5NY,3510
318401.2691,667857.5842,bank,Bank of Scotland,Class 2,Class 2,Class 2,Class 2,158A LANARK ROAD WEST,EH14 5NY,3511
318388.1138,667852.671700001,chemist,Lloyds Pharmacy,Class 1,Class 1,Class 1,Class 1,162 LANARK ROAD WEST,EH14 5NY,3512
318379.3086,667849.778899999,vacant,vacant,Class 1,Class 1,Class 1,Vacant,164 LANARK ROAD WEST,EH14 5NY,3513
318260,667829,post office & gifts,n/a,Class 1,Class 1,Class 1,Class 1,190 LANARK ROAD WEST,EH14 5NX,3514
327645.5492,669472.608200001,stock control systems,Lapsley Ltd,Class 2,Class 1,Class 4,Class 4,19 LASSWADE ROAD,EH16 6JB,3515
327649.0984,669464.5098,plumbers & financial services,A.S.S.M,Class 4,Class 4,Class 4,Class 4,21 LASSWADE ROAD,EH16 6JB,3516
327651.5689,669459.3631,grocer (lic.),Your Local Store,Class 1,Class 1,Class 1,Class 1,25 LASSWADE ROAD,EH16 6JB,3517
327663.0984,669436.9016,hairdresser,Kurlz,Class 1,Class 1,Class 1,Class 1,27 LASSWADE ROAD,EH16 6TD,3518
327665.3041,669432.4902,n/t/c,Lasswade News Plus,Class 1,Class 1,Class 1,Class 1,31 LASSWADE ROAD,EH16 6TD,3519
327667.2648,669427.8336,estate agent,Allan McDougall,Class 1,Vacant,Class 2,Class 2,33 LASSWADE ROAD,EH16 6TD,3520
327695.2254,669363.177100001,vacant,vacant, , ,Class 1,Vacant,43 LASSWADE ROAD,EH16 6TD,3521
327699.3918,669346.511600001,car sales,Cochranes Motor Company, , ,Class 1,SUI GENERIS,43A LASSWADE ROAD,EH16 6TD,3522
320541,676094,restaurant,Toby Carvery, , ,Class 3,Class 3,69 LAURISTON FARM ROAD,EH4 5EX,3523
325693.1884,673100.086100001,coffee bar,Post Box Coffee Bar, , ,Class 3,Class 3,1(G) LAURISTON PLACE,EH3 9EE,3524
325686.5882,673105.7434,take-away food,Elaines, , ,Class 1,Class 1, , ,3525
325060.556,673020.3586,car parts & accessories,Car Audio Tyre & Battery Depot,Class 1,Class 1,Class 1,Class 1,91 LAURISTON PLACE,EH3 9JB,3526
325056.2506,673019.376,sandwiches,Scott's Sandwich Bar,Class 1,Class 1,Class 1,Class 1,93 LAURISTON PLACE,EH3 9JB,3527
325052.1685,673017.9915,vacant,vacant,Class 4,Vacant,Vacant,Vacant,97 LAURISTON PLACE,EH3 9JB,3528
325048.0953,673017.035800001,hairdresser (gents),Bob's Barber Shop,Class 1,Class 1,Class 1,Class 1,99 LAURISTON PLACE,EH3 9JB,3529
325043.468,673015.4191,cafe & residential letting agency,Glen House Coffee & Apartments,Vacant,Vacant,Class 2,Class 3,101 LAURISTON PLACE,EH3 9JB,3530
325026.5021,673008.5021,public house,Brauhaus,SUI GENERIS,SUI GENERIS,SUI GENERIS,SUI GENERIS,105-107 LAURISTON PLACE,EH3 9JG,3531
325022.5002,673007.251499999,delicatessen,Pendleton's,Class 1,Class 1,Class 1,Class 1,109 LAURISTON PLACE,EH3 9JG,3532
325003.2501,672994.7513,copy shop,Communications Point,SUI GENERIS,Class 1,Class 1,Class 4,117 LAURISTON PLACE,EH3 9JN,3533
324998.2592,672991.2577,residential letting agency,Littlejohns,Class 1,Class 1,Vacant,Class 2,121 LAURISTON PLACE,EH3 9JN,3534
324992.7508,672987.750800001,Chinese supermarket incorporating travel agent,Edinburgh Trading Ltd. (ETL),Class 1,Vacant,Class 1,Class 1,125 LAURISTON PLACE,EH3 9JN,3535
324983.2506,672981.500700001,vacant,vacant,Class 1,Class 1,Class 4,Vacant,129 LAURISTON PLACE,EH3 9JN,3536
324974.9995,672975.4998,solicitors,Crawford Gowans,Class 2,Class 2,Class 2,Class 2,133 LAURISTON PLACE,EH3 9JN,3537
324967.9962,672967.996200001,vacant,vacant,Class 1,Class 2,Class 2,Vacant,137 LAURISTON PLACE,EH3 9JN,3538
324962,672956,vacant,vacant,Class 1,Vacant,Class 1,Vacant,141 LAURISTON PLACE,EH3 9JN,3539
325117.3059,673064.4824,pawnbrokers & jewellers,Harvey & Thompson,Vacant,Demolished,Class 2,Class 2,106 LAURISTON PLACE,EH3 9HX,3540
325093.0347,673123.7589,"company services (company formations, searches etc.)",Peter Trainer,Class 1,Class 4,Class 4,Class 4,27 LAURISTON STREET,EH3 9DQ,3541
325098.0994,673118.453,leather goods & repairs,Leather Work,Class 1,Class 1,Class 1,Class 1,31 LAURISTON STREET,EH3 9DQ,3542
325030,673159,public house,Hooters Showbar,SUI GENERIS,SUI GENERIS,SUI GENERIS,SUI GENERIS,2 LAURISTON STREET,EH3 9DJ,3543
325035.9647,673154.135299999,second-hand books,Main Point Books,Class 4,Vacant,Class 1,Class 1,8 LAURISTON STREET,EH3 9DJ,3544
325039.5823,673151.0,vacant,vacant,Class 4,Vacant,Class 1,Vacant,10 LAURISTON STREET,EH3 9DJ,3545
325228.6384,676948.0,vacant,vacant,Class 4,Class 4,Class 4,Vacant,9 LAVEROCKBANK AVENUE,EH5 3BP,3546
325084.0996,676977.0922,public house,Starbank Inn,SUI GENERIS,SUI GENERIS,SUI GENERIS,SUI GENERIS,64(02) LAVEROCKBANK ROAD,EH5 3BZ,3547
330932.5996,671663.886499999,mixed durable goods,Boots, , ,Class 1,Class 1,1 LAWHOUSE TOLL,EH15 3RH,3548
330911.9422,671653.429400001,greeting cards,Clinton Cards, , ,Class 1,Class 1,2A LAWHOUSE TOLL,EH15 3RH,3549
330870.5139,671638.6007,clothing general,Republic, , ,Class 1,Class 1,3B LAWHOUSE TOLL,EH15 3RH,3550
326872.6805,675766.827199999,hot food take-away,The Tattie Creel,SUI GENERIS,Class 1,SUI GENERIS,SUI GENERIS,80 LEITH WALK,EH6 5HB,3551
326869.9789,675760.523600001,vacant,vacant, , ,Class 1,Vacant,84-90 LEITH WALK,EH6 5HB,3552
326865.8795,675752.052300001,"specialist tobacconist, confectioner",The Pipe Shop,Class 1,Class 1,Class 1,Class 1,92 LEITH WALK,EH6 5HB,3553
326863.6282,675746.874399999,driving school,Able Driving School,Vacant,Class 4,Class 4,Class 4,94 LEITH WALK,EH6 5HB,3554
326861.1518,675741.246200001,public house,Bar Seinne,SUI GENERIS,SUI GENERIS,SUI GENERIS,SUI GENERIS,96-98 LEITH WALK,EH6 5HB,3555
326852.9891,675728.0733,musical instruments,Rikki's Music Shop,Vacant,Class 1,Class 1,Class 1,100 LEITH WALK,EH6 5DT,3556
326851.1881,675724.4713,musical instruments,Rikki's Music Shop,Class 1,Class 1,Class 1,Class 1,102 LEITH WALK,EH6 5DT,3557
326849.162,675721.7698,carpets,Carpet Bargain Store,Class 1,Class 1,Class 1,Class 1,104 LEITH WALK,EH6 5DT,3558
326845.4292,675711.5287,vacant,vacant,Class 1,Class 4,Class 2,Vacant,106 LEITH WALK,EH6 5DT,3559
330855.4283,671632.2291,ladies & mens clothing,Burton Menswear / Dorothy Perkins, , ,Class 1,Class 1,4 LAWHOUSE TOLL,EH15 3RH,3560
330839.3426,671622.943299999,sports clothing & equipment,Sport Direct.com, , ,Class 1,Class 1,5 LAWHOUSE TOLL,EH15 3RH,3561
330829.3137,671600.428300001,vacant,vacant, , ,Class 1,Vacant,6 LAWHOUSE TOLL,EH15 3RH,3562
330848.0567,671564.7141,ladies & mens clothing,Next, , ,Class 1,Class 1,7-8 LAWHOUSE TOLL,EH15 3RH,3563
330855.5139,671545.256999999,ladies clothing,Evans, , ,Class 1,Class 1,9 LAWHOUSE TOLL,EH15 3RH,3564
330859.8854,671534.799799999,ladies clothing,Wallis, , ,Class 1,Class 1,10 LAWHOUSE TOLL,EH15 3RH,3565
330882.9711,671511.799799999,clothing general,River Island, , ,Class 1,Class 1,12 LAWHOUSE TOLL,EH15 3RH,3566
325557.5845,673580.785,clothing,Cashmere Outlet Factory,Class 1,Vacant,Class 1,Class 1,479 LAWNMARKET,EH1 2NT,3567
325552.0459,673578.492699999,vacant,vacant, , ,Class 1,Vacant, , ,3568
325547.2464,673574.137800001,knitwear,Cashmere Direct,Class 1,Class 1,Class 1,Class 1,491 LAWNMARKET,EH1 2NT,3569
325542.215,673571.400900001,"knitwear, tartans, t shirts",Scotland T shirt Company / Highland House,Class 1,Class 1,Class 1,Class 1,495-497 LAWNMARKET,EH1 2PE,3570
325532.5845,673567.2004,n/t/c,J & S Newsagent,Class 1,Class 1,Class 1,Class 1,499 LAWNMARKET,EH1 2PE,3571
325526.7536,673564.785,restaurant (Scottish),Crag and Tail,Class 3,Class 3,Vacant,Class 3,503 LAWNMARKET,EH1 2PE,3572
325520.7536,673561.908199999,"gifts, souvenirs",House of Scotland,Class 1,Class 1,Class 1,Class 1,509-513 LAWNMARKET,EH1 2PE,3573
325514.0459,673558.492699999,"gifts, souvenirs",Edinburgh Gift & Whisky Shop,Class 1,Class 1,Class 1,Class 1,515 LAWNMARKET,EH1 2PE,3574
325509,673556,"antiques, curios",The Court Curio Shop,Class 1,Class 1,Class 1,Class 1,519 LAWNMARKET,EH1 2PE,3575
325502.7536,673553.7391,public house,Ensign Ewart,SUI GENERIS,SUI GENERIS,SUI GENERIS,SUI GENERIS,521-523 LAWNMARKET,EH1 2PE,3576
325554.1545,673545.3069,"gifts, souvenirs",Scottish Experience,Class 3,Class 3,Class 1,Class 1,324-326 LAWNMARKET,EH1 2PH,3577
325547.6764,673543.553200001,"gifts, clothing",Clans of Scotland,Class 1,Class 1,Class 1,Class 1,328 LAWNMARKET,EH1 2PH,3578
325540.9541,673541.7996,antiques,Castle Antiques,Class 1,Class 1,Class 1,Class 1,330 LAWNMARKET,EH1 2PH,3579
325534.2464,673539.6305,clothing,Edinburgh Factory Outlet,Class 1,Class 1,Class 1,Class 1,334 LAWNMARKET,EH1 2PH,3580
325528.2004,673537.292300001,clothing,Ness Scotland Clothing Co.,Class 1,Class 1,Class 1,Class 1,336-340 LAWNMARKET,EH1 2PH,3581
324738.3214,672292.354900001,chiropodist,T.G. Kelly / A1 Chiropody,Class 2,Class 2,Class 2,Class 2, , ,3582
323770.8687,674650.878799999,furniture,n/a,Vacant,Class 1,Vacant,Class 1,3-5 LEARMONTH AVENUE,EH4 1DG,3583
323742.303,674643.545399999,butcher & poulterer,Shaw Fine Meats,Class 1,Class 1,Class 1,Class 1,4-8 LEARMONTH AVENUE,EH4 1DF,3584
323864.2727,674660.4242,chiropodist,Comely Bank Chiropody Surgery,Class 1,Class 2,Class 2,Class 2,50 LEARMONTH GROVE,EH4 1BN,3585
323862.6263,674664.929300001,physiotherapy,Treatment Room,Class 1,Class 1,Class 1,Class 2, , ,3586
325903.8826,674056.351299999,public house,The Newsroom,SUI GENERIS,SUI GENERIS,SUI GENERIS,SUI GENERIS,5-11 LEITH STREET,EH1 3AT,3587
325922.5444,674071.753599999,office,The Access Point, ,Vacant, ,Class 4,17-25 LEITH STREET,EH1 3AT,3588
325939.3188,674085.471899999,n/t/c,Central News, , ,Class 1,Class 1,29 LEITH STREET,EH1 3AT,3589
325944.8669,674091.4728,bridal salon,Emma Roy of Edinburgh, , ,Class 1,Class 1,31-33 LEITH STREET,EH1 3AT,3590
325947.9049,674095.226399999,hairdresser,Be-Ba-Boom, , ,Class 1,Class 1,37 LEITH STREET,EH1 3AT,3591
325951,674099,mens clothing & formalwear hire,Christopher Ross, , ,Class 1,Class 1,39 LEITH STREET,EH1 3AT,3592
325952.9429,674101.51,café / coffee shop,Deli Fresco, ,Class 1,Class 1,Class 3,41 LEITH STREET,EH1 3AT,3593
325957.3999,674106.4,public house,Black Bull, ,Class 1,SUI GENERIS,SUI GENERIS,43 LEITH STREET,EH1 3AT,3594
326078.0883,674365.6985,public house,Loylds Bar, , ,SUI GENERIS,SUI GENERIS,61/1 LEITH STREET,EH1 3AT,3595
326090.6418,674356.818399999,restaurant,La Tasca, , ,Class 3,Class 3,61/2 LEITH STREET,EH1 3AT,3596
326098.7185,674340.313899999,restaurant,Frankie & Benny's, , ,Class 3,Class 3,61/3 LEITH STREET,EH1 3AT,3597
326099.4208,674324.160499999,restaurant,Chinois Teppenyaki, , ,Class 3,Class 3,61/4 LEITH STREET,EH1 3AT,3598
326093.4511,674306.953600001,restaurant,Pizza Hut, , ,Class 3,Class 3,61/5 LEITH STREET,EH1 3AT,3599
326078.0,674276.4025,public house,Walkabout, , ,SUI GENERIS,SUI GENERIS,61/6-7 LEITH STREET,EH1 3AT,3600
326076.2442,674340.313899999,public house,The Slug and Lettuce, , ,SUI GENERIS,SUI GENERIS,61/8 LEITH STREET,EH1 3AT,3601
326971.3769,675886.4815,public house,The Central Bar,SUI GENERIS,SUI GENERIS,SUI GENERIS,SUI GENERIS,7-9 LEITH WALK,EH6 8LN,3602
326968.0,675879.2774,moneylender,The money shop,Class 1,Class 2,Class 2,Class 2,11 LEITH WALK,EH6 8LN,3603
326964.398,675872.7487,grocer,Naihus,Class 1,Class 1,Class 1,Class 1,13 LEITH WALK,EH6 8LN,3604
326560.7135,675100.609999999,vacant,vacant,Class 1,Class 2,Class 4,Vacant,23 LEITH WALK,EH6 8LN,3605
326937.7015,675822.7589,public house,The Spey Lounge,SUI GENERIS,SUI GENERIS,SUI GENERIS,SUI GENERIS,39 LEITH WALK,EH6 8LS,3606
326935.2251,675817.8061,hot food take-away,The Mermaid Fish Bar,SUI GENERIS,Class 3,SUI GENERIS,SUI GENERIS,43-45 LEITH WALK,EH6 8LS,3607
326932.5236,675812.8533,grocer & n/t/c,Clarke's Foodstore,Class 1,Class 1,Class 1,Class 1,47-49 LEITH WALK,EH6 8LS,3608
326923.3508,675795.706599999,bank,Lloyds TSB Scotland, , ,Class 2,Class 2,53-59 LEITH WALK,EH6 8LS,3609
326920.6492,675789.6282,vacant,vacant,Class 2,Class 2,Class 2,Vacant,61 LEITH WALK,EH6 8LS,3610
326909.1467,675769.6754,hot food take away,Pappa Johns Pizza,SUI GENERIS,SUI GENERIS,SUI GENERIS,SUI GENERIS,77A-79 LEITH WALK,EH6 8LX,3611
326905.7487,675761.8061,baker,Greggs,Class 1,Vacant,Class 1,Class 1,81 LEITH WALK,EH6 8LX,3612
326903.0472,675756.8533,dental surgery,P.J. Ferry,Class 2,Class 2,Class 2,Class 2, , ,3613
326901.0211,675752.125600001,furniture,World of Pine,Class 1,Class 1,Class 1,Class 1,87 LEITH WALK,EH6 8LX,3614
326898.0944,675746.272299999,wine merchant,Top Cellar,Vacant,Class 1,Class 1,Class 1,91 LEITH WALK,EH6 8LX,3615
326887.7487,675726.9528,second-hand furniture,Leith Sale Rooms,Class 1,Class 1,Class 1,Class 1,99 LEITH WALK,EH6 8NP,3616
326885.4975,675723.3508,solicitor,Gilfredder and McInnes,Vacant,Class 1,Class 1,Class 2,101 LEITH WALK,EH6 8NP,3617
326881.7335,675716.931700001,hairdresser,Tip Top Tresses,Class 1,Class 1,Vacant,Class 1,103 LEITH WALK,EH6 8NP,3618
326879.4822,675712.2041,baker,Douglas's Bakery,Class 1,Class 1,Class 1,Class 1,105 LEITH WALK,EH6 8NP,3619
326876.7807,675706.801000001,charity shop,Salvation Army, , ,Class 1,Class 1,107(02)-109 LEITH WALK,EH6 8NP,3620
326871.199,675695.2302,hairdresser,Purusha,Class 1,Class 1,Class 1,Class 1,111 LEITH WALK,EH6 8NP,3621
326868.4975,675690.052300001,greeting cards,Royal Artizana,Class 1,Class 1,Vacant,Class 1,115 LEITH WALK,EH6 8NP,3622
326862.5447,675677.727700001,hot food take-away,Domino's Pizza,SUI GENERIS,SUI GENERIS,SUI GENERIS,SUI GENERIS,121 LEITH WALK,EH6 8NP,3623
326859.1728,675672.6282,property letting,Click-Let,Class 2,Class 2,Vacant,Class 2,123 LEITH WALK,EH6 8NP,3624
326857.1467,675668.801000001,bank,Abbey,Class 4,Class 2,Class 2,Class 2,125A-127 LEITH WALK,EH6 8NP,3625
326816.7226,675585.827199999,computer accessories,Flying Computers,Class 1,Class 1,Vacant,Class 1,167 LEITH WALK,EH6 8NR,3626
326814.1728,675579.827199999,vacant,vacant,Class 4,Class 4,Class 1,Vacant,169 LEITH WALK,EH6 8NR,3627
326811.9216,675575.0995,hot food take-away,Qupi,Class 1,Class 1,SUI GENERIS,SUI GENERIS,171 LEITH WALK,EH6 8NR,3628
326809.4452,675570.1467,flooring,Millers Linoleum Warehouse,Class 1,Class 1,Class 1,Class 1,175-177 LEITH WALK,EH6 8NR,3629
326796.9216,675543.9267,mortgage brokers,Mortgage Centre Partnership,Vacant,Class 1,Class 2,Class 2,185 LEITH WALK,EH6 8NX,3630
326793.0995,675534.654300001,grocer,lifestyle express, , ,Class 1,Class 1,187-189 LEITH WALK,EH6 8NX,3631
326822.2513,675668.1467,vacant,vacant,Class 1,Vacant,Vacant,Vacant,126 LEITH WALK,EH6 5DT,3632
326819.1518,675661.921599999,café,Leith Walk Café,Class 3,Class 3,Class 3,Class 3,128 LEITH WALK,EH6 5DT,3633
326816.9005,675657.644099999,solarium,Consol Sun Centre,Class 1,Vacant,Class 11,Class 11,132 LEITH WALK,EH6 5DT,3634
326815.2513,675653.4713,hot food take-away,Kentucky Fried Chicken (KFC),Class 1,Class 3,SUI GENERIS,SUI GENERIS,134-136 LEITH WALK,EH6 5DT,3635
326811.7015,675646.6231,public house,Meridian,SUI GENERIS,SUI GENERIS,SUI GENERIS,SUI GENERIS,138-140 LEITH WALK,EH6 5DT,3636
326808.0261,675640.7487,computer hardware,Scott Micro,Class 1,Class 1,Class 1,Class 1,142 LEITH WALK,EH6 5DT,3637
326789.2723,675527.0,amusement arcade,Slot Casino,Class 11,Class 11,Class 11,Class 11,193 LEITH WALK,EH6 8NX,3638
326786.7647,675520.8061,Chinese supermarket,Pats Chung Ying,Class 1,Class 1,Class 1,Class 1,199-201 LEITH WALK,EH6 8NX,3639
326780.9165,675508.6282,grocer / convenience store,Scotmid,Class 2,Vacant,Class 1,Class 1,209 LEITH WALK,EH6 8NX,3640
326770.8482,675488.2774,sandwich shop,Subway,Vacant,Class 1,Class 1,Class 1,219 LEITH WALK,EH6 8NX,3641
326769.2723,675484.9005,florist,Panache,Class 1,Class 4,Class 1,Class 1,221 LEITH WALK,EH6 8NX,3642
326767.6964,675481.2985,Tattoo parlour,Blue Tiger,Vacant,Class 1,Class 1,Class 2,225 LEITH WALK,EH6 8NX,3643
326765.8954,675477.6964,public house,Alhambra Bar,SUI GENERIS,SUI GENERIS,SUI GENERIS,SUI GENERIS,227 LEITH WALK,EH6 8NX,3644
326755.0,675458.8061,public house,Boda,SUI GENERIS,SUI GENERIS,SUI GENERIS,SUI GENERIS,229 LEITH WALK,EH6 8NY,3645
326753.6492,675455.654300001,Community assistance for Polish,Polak W Szkoji,Class 1,Class 1,Vacant,Class 2,231 LEITH WALK,EH6 8NY,3646
326744.7226,675436.7015,jeweller,Ubaid,Vacant,Class 1,Vacant,Class 1,245 LEITH WALK,EH6 8NY,3647
326742.4713,675431.7487,jeweller,Gold 4 U,Class 1,Class 1,Class 1,Class 1,247 LEITH WALK,EH6 8NY,3648
326736.7226,675420.7015,greengrocer,City Fruit Supply, , ,Class 1,Class 1,249-251 LEITH WALK,EH6 8NY,3649
326732.8954,675413.497500001,Sandwich Bar,The Bagueete Bar,Class 1,Class 1,SUI GENERIS,Class 1,255-257 LEITH WALK,EH6 8NY,3650
326729.4713,675407.151799999,chemist,Lindsay & Gilmour,Class 1,Class 1,Class 1,Class 1,257A LEITH WALK,EH6 8NY,3651
326726.3195,675400.6231,café,Sea Breeze,Class 3,Class 3,Class 3,Class 3,261-261A LEITH WALK,EH6 8NY,3652
326723.3929,675393.644099999,accountant,Ahmad and Abi McMillan,Class 1,Class 1,Class 2,Class 2,263A LEITH WALK,EH6 8NY,3653
326713.1819,675373.6765,public house,Victoria Bar,SUI GENERIS,SUI GENERIS,SUI GENERIS,SUI GENERIS,265 LEITH WALK,EH6 8PD,3654
326711.1558,675368.948799999,internet café,A to B,Class 1,Class 1,Vacant,Class 1,267A LEITH WALK,EH6 8PD,3655
326709.1296,675364.221100001,science shop,Paradigm Shift,Class 1,Class 1,Class 1,Class 1,267B LEITH WALK,EH6 8PD,3656
326706.7658,675360.0,soft funishing,The Home Essentials,Class 1,Class 1,Class 1,Class 1,269A LEITH WALK,EH6 8PD,3657
326703.1558,675353.4553,greengrocer,Leith Walk Fruits,Class 1,Class 1,Class 1,Class 1,271-273 LEITH WALK,EH6 8PD,3658
326701.1296,675349.065400001,café,Bigos,Class 3,Class 3,Class 3,Class 3,277 LEITH WALK,EH6 8PD,3659
326699.1035,675344.6754,baker,Storries Home Bakery,Class 1,Class 1,Class 1,Class 1,279 LEITH WALK,EH6 8PD,3660
326695.5065,675338.4553,hot food take-away,Los Cardos,Class 1,Class 1,Class 1,SUI GENERIS,281 LEITH WALK,EH6 8PD,3661
326694.1558,675335.078400001,tatto parlour,Devils ink,Class 1,Vacant,Class 1,Class 2,283 LEITH WALK,EH6 8PD,3662
326692.6362,675331.8704,computer games,Gamesmaster,Class 1,Class 1,Class 1,Class 1,287 LEITH WALK,EH6 8PD,3663
326691.1166,675328.6623,hairdresser,Alan Scott Hairdressing,Vacant,Class 1,Class 1,Class 1,289 LEITH WALK,EH6 8PD,3664
326688.415,675322.883400001,hairdresser,Braiding World,Class 1,Class 1,Class 1,Class 1,291 LEITH WALK,EH6 8PD,3665
326686.22,675317.9869,estate agents,Your Move,Class 2,Class 2,Class 2,Class 2,293-295 LEITH WALK,EH6 8PE,3666
326671.9216,675290.247300001,public house,Dalmeny Bar,SUI GENERIS,SUI GENERIS,SUI GENERIS,SUI GENERIS,297-299 LEITH WALK,EH6 8SA,3667
326667.1427,675280.922700001,grocer,Lifestyle,Class 1,Class 1,Class 1,Class 1,301 LEITH WALK,EH6 8SA,3668
326664.4412,675275.5196,café,Simply Thai,Class 3,Class 3,Class 3,Class 3,305 LEITH WALK,EH6 8SA,3669
326662.415,675270.9608,jeweller,Aslam Jewellery,Vacant,Class 1,Class 1,Class 1,307 LEITH WALK,EH6 8SA,3670
326659.2985,675264.935699999,financial services,Swinton,Class 11,Class 1,Class 2,Class 2,309 LEITH WALK,EH6 8SA,3671
326656.9346,675260.0392,hot food take-away,Silver Bowl,SUI GENERIS,SUI GENERIS,SUI GENERIS,SUI GENERIS,311 LEITH WALK,EH6 8SA,3672
326654.402,675254.805,domestic appliances,Vacuum Exchange,Class 1,Class 1,Class 1,Class 1,315-317 LEITH WALK,EH6 8SA,3673
326650.6231,675248.909600001,veterinary surgery,Braid Vets,Class 2,Class 1,Class 2,Class 2, , ,3674
326647.5839,675243.6754,hot food take-away,La Favorita,Class 1,Vacant,Vacant,SUI GENERIS,321 LEITH WALK,EH6 8SA,3675
326644.8823,675238.609999999,restaurant (Italian),La Favorita,Class 3,Class 3,Class 3,Class 3,325-331 LEITH WALK,EH6 8SA,3676
326638.415,675227.5196,grocer,Kussian and Baltic foods, , ,Class 1,Class 1,335-337 LEITH WALK,EH6 8SD,3677
326632.1296,675216.9619,computer hardware,Hi-tech Computers,Class 4,Vacant,Class 1,Class 1,339 LEITH WALK,EH6 8SD,3678
326630.1035,675213.416099999,grocer,K and L,Class 1,Class 1,Vacant,Class 1,341 LEITH WALK,EH6 8SD,3679
326628.0773,675209.8704,books and records,Elvis Shakespear,Class 1,Class 1,Vacant,Class 1,347 LEITH WALK,EH6 8SD,3680
326625.8823,675205.8181,hairdresser (gents),Traditional Barbers,Class 1,Class 1,Class 1,Class 1,349 LEITH WALK,EH6 8SD,3681
326623.1296,675201.429199999,vacant,vacant,Vacant,Vacant,Vacant,Vacant,351 LEITH WALK,EH6 8SD,3682
326620.2593,675196.8704,vacant,vacant,Class 1,Class 1,Class 1,Vacant,353 LEITH WALK,EH6 8SD,3683
326617.3889,675192.1427,baker,Greggs,Class 1,Class 1,Vacant,Class 1,357-359 LEITH WALK,EH6 8SD,3684
326613.2723,675185.909600001,solicitors & estate agents,Fraser Brooks,Class 2,Class 2,Class 2,Class 2,361 LEITH WALK,EH6 8SD,3685
326611.415,675182.8704,shoe repairs,Shoe Repairs,Class 1,Class 1,Class 1,Class 1,363 LEITH WALK,EH6 8SD,3686
326610.7396,675178.4804,grover,S H Store,Class 1,Class 1,Class 1,Class 1,365 LEITH WALK,EH6 8SD,3687
326591.4281,675151.597999999,public house,Robbie's,SUI GENERIS,SUI GENERIS,SUI GENERIS,SUI GENERIS,367 LEITH WALK,EH6 8SE,3688
326588.5577,675146.5327,"clothing alterations, tailoring",Oscars,Class 2,Class 2,Class 1,Class 1,371 LEITH WALK,EH6 8SE,3689
326584.4673,675139.896500001,furniture,Ma Maison,Class 1,Class 1,Class 1,Class 1,373-375 LEITH WALK,EH6 8SE,3690
326581.0904,675133.8181,public house,City Limits,SUI GENERIS,SUI GENERIS,SUI GENERIS,SUI GENERIS,379-381 LEITH WALK,EH6 8SE,3691
326935.984,675900.3718,n/t/c,Barr & Sons,Class 1,Class 1,Class 1,Class 1,2 LEITH WALK,EH6 5AE,3692
326935.0835,675896.7698,vacant,vacant,Class 2,Class 2,Class 2,Vacant,4 LEITH WALK,EH6 5AE,3693
326903.801,675852.9267,bank,Royal Bank of Scotland, , ,Class 2,Class 2,34 LEITH WALK,EH6 5AA,3694
326882.3297,675787.272299999,solicitors,Beverage & Kellas, , ,Class 2,Class 2,68 LEITH WALK,EH6 5HB,3695
326880.5287,675783.670299999,undertakers,Leith Funeral Service,Class 2,Class 1,Class 1,Class 1,72 LEITH WALK,EH6 5HB,3696
326877.1518,675776.2411,vacant,vacant,Class 4,Class 1,Class 1,Vacant,76 LEITH WALK,EH6 5HB,3697
326797.0523,675616.4713,hot food take-away,The Yummy House,SUI GENERIS,SUI GENERIS,SUI GENERIS,SUI GENERIS,154 LEITH WALK,EH6 5DT,3698
326784.1779,675595.827199999,carpets,The Carpet Shop, , ,Class 1,Class 1,166 LEITH WALK,EH6 5EA,3699
326780,675588,hot food take-away,Pizza Hut, , ,SUI GENERIS,SUI GENERIS,170A LEITH WALK,EH6 5EA,3700
326770.9267,675569.895400001,solarium,Easy Tan,Class 2,Class 1, ,Class 11,174-176 LEITH WALK,EH6 5EA,3701
326766.2462,675559.811899999,public house,Volunteer Arms,SUI GENERIS,SUI GENERIS,SUI GENERIS,SUI GENERIS,180 LEITH WALK,EH6 5EA,3702
326751.3297,675531.8795,betting shop,Ladbrokes,Class 1,Class 2,Class 2,Class 2,202-204 LEITH WALK,EH6 5EQ,3703
326747.2774,675523.774900001,florist,All Season's Flowers, , ,Class 1,Class 1,208-210 LEITH WALK,EH6 5EQ,3704
329142.9504,670367.8627,vacant,vacant, , ,Class 1,Vacant,(51/8) LITTLE FRANCE CRES,EH16 4SA,3705
325978,674306,coffee kiosk,California Coffee Company, , ,Class 3,Class 3,(A) LITTLE KING STREET,EH1 3TT,3706
327733.0177,675010.9318,hot food take-away (Chinese),Yong Hau Gardens,Vacant,SUI GENERIS,SUI GENERIS,SUI GENERIS,1(A) LOCHEND AVENUE,EH7 6DT,3707
327297.0896,675686.8135,hot food take-away,Sea Bass,SUI GENERIS,SUI GENERIS,SUI GENERIS,SUI GENERIS,13 LOCHEND ROAD,EH6 8DT,3708
327302.8812,675677.118799999,grocer & n/t/c,Links Express, , ,Class 1,Class 1,15-19 LOCHEND ROAD,EH6 8DT,3709
327927.3779,674661.1763,advice/food co-op,Community Resource Centre,Class 1,Class 1,Vacant,Class 2,"4 LOCHEND ROAD, SOUTH",EH7 6BP,3710
327923.3652,674655.5288,hot food take-away,Angelo's,SUI GENERIS,SUI GENERIS,SUI GENERIS,SUI GENERIS,"8 LOCHEND ROAD, SOUTH",EH7 6BP,3711
327914.7154,674654.3928,hot food take-away (tandoori),Madras Cottage,Class 1,Class 1,SUI GENERIS,SUI GENERIS,"10A LOCHEND ROAD, SOUTH",EH7 6BP,3712
327906.8387,674654.3928,veterinary surgery,Dundas Veterinary Group,Class 2,Class 2,Class 2,Class 2, , ,3713
327898.0806,674656.6094,chemist,Co-operative Pharmacy,Vacant,Class 1,Class 1,Class 1,"12A LOCHEND ROAD, SOUTH",EH7 6BP,3714
327893.7707,674662.1083,n/t/c,Anwar Newsagents,Class 1,Class 1,Class 1,Class 1,"14 LOCHEND ROAD, SOUTH",EH7 6BP,3715
327784.043,674888.5626,grocer,The Pond Mini Market,Class 1,Class 1,Class 1,Class 1,"58 LOCHEND ROAD, SOUTH",EH7 6DE,3716
327781.4336,674896.716800001,n/t/c,Lochend Newsagents,Class 1,Vacant,Class 1,Class 1,"62 LOCHEND ROAD, SOUTH",EH7 6DE,3717
327724.7598,675015.845799999,public house,The Loch Inn,SUI GENERIS,SUI GENERIS,SUI GENERIS,SUI GENERIS,"74 LOCHEND ROAD, SOUTH",EH7 6DR,3718
324907.4983,672766.248199999,restaurant (Indian),Iman's,Class 3,Class 3,Vacant,Class 3,4-8 LOCHRIN BUILDINGS,EH3 9NB,3719
324897.7527,672764.249199999,kitchen furniture & kitchen design,Craighead & Woolf,Class 1,Class 1,Class 1,Class 1,12-14 LOCHRIN BUILDINGS,EH3 9NB,3720
324891.2496,672762.248199999,ladies clothing,Aroosa,Class 1,Vacant,Vacant,Class 1,16 LOCHRIN BUILDINGS,EH3 9NB,3721
324885.7565,672760.750399999,n/t/c & grocer,Costcutter,Class 1,Class 1,Class 1,Class 1,18 LOCHRIN BUILDINGS,EH3 9NB,3722
324879.7537,672759.4998,wind instrument repair,Andrew May,Class 1,Class 1,Vacant,Class 1,20 LOCHRIN BUILDINGS,EH3 9NB,3723
324875.7518,672758.249199999,vacant,vacant,Class 2,Class 2,Class 1,Vacant,24 LOCHRIN BUILDINGS,EH3 9NB,3724
324870.9995,672757.2487,charity shop,The Thrift Shop 2,Class 1,Class 1,Class 1,Class 1,26 LOCHRIN BUILDINGS,EH3 9NB,3725
324866.2473,672756.248199999,knitting & sewing products,Pins & Needles,Class 1,Vacant,Class 1,Class 1,28 LOCHRIN BUILDINGS,EH3 9NB,3726
324860.7627,672754.5021,bathrooms,Portland Stone & Bathroom Co.,Class 4,Class 4,Vacant,Class 1,30-32 LOCHRIN BUILDINGS,EH3 9ND,3727
324856.2515,672753.499299999,solicitors,McGill & Co.,Class 4,Class 4,Class 4,Class 2,34 LOCHRIN BUILDINGS,EH3 9ND,3728
324835.2496,672748.2487,"hairdresser & beauty parlour (Afro-Caribbean extensions, braiding etc.)",A Touch of Silk,Class 1,Class 4,Class 1,Class 1,48 LOCHRIN BUILDINGS,EH3 9ND,3729
324829.747,672746.2477,hairdresser,Hannah McLure,Class 1,Class 1,Class 1,Class 1,50 LOCHRIN BUILDINGS,EH3 9ND,3730
326739.2774,675506.2985,lighting,David Browns,SUI GENERIS,SUI GENERIS,Class 1,Class 1,222 LEITH WALK,EH6 5EQ,3731
326736.0784,675499.9789,hot food take-away,Capital,SUI GENERIS,SUI GENERIS,SUI GENERIS,SUI GENERIS,224 LEITH WALK,EH6 5EQ,3732
326734.5236,675496.691299999,printers,Arkay Imaging,Vacant,Vacant,Class 4,Class 4,228 LEITH WALK,EH6 5EQ,3733
326732.7015,675493.0,fishmonger,Richard Bee,Class 1,Class 1,Class 1,Class 1,230 LEITH WALK,EH6 5EQ,3734
326731.1256,675489.398,hot food take-away,Lan Thai,Class 1,Class 1,SUI GENERIS,SUI GENERIS,232 LEITH WALK,EH6 5EQ,3735
326715.8272,675461.151799999,elctrical appliances,White Goods,Vacant,Class 1,Class 1,Class 1,238 LEITH WALK,EH6 5EL,3736
326712.9005,675455.9739,Beauty salon,Inner City Sanctum,Class 1,Class 1,Class 1,Class 1,240 LEITH WALK,EH6 5EL,3737
326709.5025,675449.602,hairdresser (gents),Pelaquero de Hombres,Class 1,Class 1,Class 1,Class 1,244 LEITH WALK,EH6 5EL,3738
326707.0261,675444.4241,nail salon,Sunset Nails,Vacant,Vacant,Class 1,Class 1,246 LEITH WALK,EH6 5EL,3739
326704.3246,675439.0211,second-hand furniture,Crawfords Furniture Salesrooms,Class 1,Class 1,Class 1,Class 1,250-252 LEITH WALK,EH6 5EL,3740
326698.602,675426.1779,hot food take-away,The Spicy pot,Class 1,Vacant,Class 3,SUI GENERIS,256 LEITH WALK,EH6 5EL,3741
326695.4503,675418.9739,public house,Balfours,SUI GENERIS,SUI GENERIS,SUI GENERIS,SUI GENERIS,260-262 LEITH WALK,EH6 5EL,3742
326689.0784,675406.9267,hot food take-away,Best Kebab,SUI GENERIS,SUI GENERIS,SUI GENERIS,SUI GENERIS,266 LEITH WALK,EH6 5EL,3743
326687.0523,675403.3246,pet shop,Dog Gone Purfect,Class 1,Class 1,Class 1,Class 1,268 LEITH WALK,EH6 5EL,3744
326685.0261,675399.497500001,hairdresser,International Barber,Class 1,Class 1,Class 1,Class 1,272 LEITH WALK,EH6 5EL,3745
326683.0,675395.4452,letting agent,Brick Letting,Class 2,Class 2,Vacant,Class 2,274 LEITH WALK,EH6 5EL,3746
326667.7538,675364.6623,bicycles,Leith Cycle Co.,Vacant,Class 1,Class 1,Class 1,276 LEITH WALK,EH6 5BX,3747
326665.7277,675359.765799999,vacant,vacant,Class 1,Class 1,Class 1,Vacant,278 LEITH WALK,EH6 5BX,3748
326662.7407,675353.6362,hairdresser (gents),Leith Walk Barber's Salon,Class 1,Class 1,Class 1,Class 1,280 LEITH WALK,EH6 5BX,3749
326660.0392,675347.557700001,t.v. & hi-fi repair,Sound and Vision,Class 1,Class 1,Class 1,Class 1,284 LEITH WALK,EH6 5BX,3750
326651.9488,675331.0,restaurant (Chinese),Chimei,Vacant,Class 3,Class 3,Class 3,294 LEITH WALK,EH6 5BX,3751
326647.5065,675322.0,public house,The Harp and Castle,SUI GENERIS,SUI GENERIS,SUI GENERIS,SUI GENERIS,298-300 LEITH WALK,EH6 5BU,3752
326635,675297,Chinese supermarket,Hing Sing, , ,Class 1,Class 1,310 LEITH WALK,EH6 5BU,3753
326614.7157,675256.8442,car parts & accessories,Pilrig Motors,Class 1,Class 1,Class 1,Class 1,328(PF)-330 LEITH WALK,EH6 5BU,3754
326611.8573,675250.5065,advocacy service,Advocard, , ,Vacant,Class 2,332 LEITH WALK,EH6 5BR,3755
326605.5196,675239.4804,grocer,Polypak continental foods, , ,Class 1,Class 1,336B LEITH WALK,EH6 5BR,3756
326601.195,675230.0,second-hand goods,The Wee Leith Shop, , ,Class 1,Class 1,340A LEITH WALK,EH6 5BR,3757
326597.5327,675224.8181,launderette,Launderette,Class 1,Class 1,Class 1,Class 1,342-346 LEITH WALK,EH6 5BR,3758
326591.7407,675215.934599999,financial services - mortgages,First Mortgage Direct Ltd,Class 2,Class 2,Class 2,Class 2,348 LEITH WALK,EH6 5BR,3759
326588.3638,675210.5316,charity shop,St. Columba's Doo'cot,Class 1,Class 1,Class 1,Class 1,352 LEITH WALK,EH6 5BR,3760
326583.9357,675202.805,n/t/c,Amir and Sons,Class 1,Class 1,Class 1,Class 1,354 LEITH WALK,EH6 5BR,3761
326581.4031,675198.246200001,hot food take-away,Moon Room,Class 1,Vacant,Class 2,SUI GENERIS,356 LEITH WALK,EH6 5BR,3762
326578.5076,675193.740700001,tropical fish,Ocean Life,Class 1,Class 1,Class 1,Class 1,360 LEITH WALK,EH6 5BR,3763
326573.2734,675185.6362,public house,Horseshoe,SUI GENERIS,SUI GENERIS,SUI GENERIS,SUI GENERIS,362 LEITH WALK,EH6 5BR,3764
326570.4031,675180.570800001,photograph processing,Photoprintz,Class 1,Class 1,Class 2,Class 1,366 LEITH WALK,EH6 5BR,3765
326538.6765,675131.6754,second-hand goods / cheque cashing,Cash Converters,Class 1,Class 1,Class 1,Class 1,368 LEITH WALK,EH7 4PE,3766
326533.2734,675122.895400001,supermarket,Scotmid Late Shop,Class 1,Class 1,Class 1,Class 1,370 LEITH WALK,EH7 4PE,3767
324916.0019,672742.999,beauty salon,Lulu Beauty Spa,Class 2,Class 3,Class 1,Class 1,1-1A LEVEN STREET,EH3 9LH,3768
324909.2482,672709.4902,supermarket,Scotmid,Class 1,Class 1,Class 1,Class 1,5(01)-21 LEVEN STREET,EH3 9LH,3769
324913.2506,672693.2501,internet café,Here!,Class 1,Class 1,Class 1,Class 1,23 LEVEN STREET,EH3 9LH,3770
324912.7508,672688.249600001,residential letting agency,Capital Lettings,Vacant,Vacant,Class 2,Class 2,25 LEVEN STREET,EH3 9LH,3771
324912.5026,672682.999500001,hairdresser,King's Barbers,Class 1,Vacant,Class 1,Class 1,25B LEVEN STREET,EH3 9LH,3772
324912.2506,672679.000499999,vacant,vacant,Class 1,Class 1,Vacant,Vacant,27 LEVEN STREET,EH3 9LH,3773
324911.7504,672676.249199999,"clothing (retro, streetwear)",Joolz,Vacant,Class 1,Class 1,Class 1,29 LEVEN STREET,EH3 9LH,3774
324911.5002,672671.000499999,"jewellery, crafts",Joolz,Class 1,Class 1,Class 1,Class 1,31 LEVEN STREET,EH3 9LH,3775
324911.2501,672666.498299999,herbalist/acupuncture,Naturalway,Class 1,Class 1,Vacant,Class 2,35 LEVEN STREET,EH3 9LH,3776
324910.7508,672661.0,public house,The Auld Toll, , ,SUI GENERIS,SUI GENERIS,37-39 LEVEN STREET,EH3 9LH,3777
324909.2525,672650.000499999,vacant,vacant,SUI GENERIS,Class 1,Class 1,Vacant,43 LEVEN STREET,EH3 9LH,3778
324942.2468,672729.0024,public house,Bennets Bar,SUI GENERIS,SUI GENERIS,SUI GENERIS,SUI GENERIS,8 LEVEN STREET,EH3 9LG,3779
324941.7465,672721.7489,cafe,Cafe Ruby, ,Class 1,Class 1,Class 3,12 LEVEN STREET,EH3 9LG,3780
324939.4993,672701.2544,"pillows, cushions, duvets, eiderdowns",The Feather Company,Class 1,Class 1,Class 1,Class 1,14 LEVEN STREET,EH3 9LJ,3781
324938.999,672696.7523,New Age products,Monkey Temple,Class 1,Class 1,Vacant,Class 1,16 LEVEN STREET,EH3 9LJ,3782
324938.4988,672692.0,vacant,vacant,Class 1,Class 1,Vacant,Vacant,20 LEVEN STREET,EH3 9LJ,3783
324938.2487,672687.2477,tailors (repairs/alterations),Tailoring,Class 1,Class 1,Vacant,Class 1,22 LEVEN STREET,EH3 9LJ,3784
324937.4969,672680.2511,delicatessen (Mexican / Spanish),Lupe Pintos,Class 1,Class 1,Class 1,Class 1,24 LEVEN STREET,EH3 9LJ,3785
324937.2468,672675.999,"clothing alterations, tailoring, dressmaking",Italian Style,Class 2,Class 2,Class 1,Class 1,28 LEVEN STREET,EH3 9LJ,3786
324936.7475,672669.253,restaurant (Thai),Leven's,Class 3,Class 3,Class 3,Class 3,30-32 LEVEN STREET,EH3 9LJ,3787
324936.2473,672663.0,restaurant (Chinese),Panda Inn,Class 3,Class 3,Class 3,Class 3,36 LEVEN STREET,EH3 9LJ,3788
324935.4964,672642.748500001,restaurant & kebab house,Efes,Class 3,Class 3,Class 3,Class 3,42 LEVEN STREET,EH3 9LJ,3789
324935.4964,672638.7465,café & take-away food,The Tree House,Class 1,Class 2,Class 3,Class 3,44 LEVEN STREET,EH3 9LJ,3790
327259.4335,669711.409600001,hot food take-away,New Fortune Cookie Take Away,Class 1,Class 2,Class 1,SUI GENERIS,129 LIBERTON BRAE,EH16 6LD,3791
327261.024,669708.8649,chemist,Flemming Pharmacy,Class 1,Class 1,Class 1,Class 1,131 LIBERTON BRAE,EH16 6LD,3792
327264.024,669704.6819,hairdresser,Denis Equi,Class 1,Class 1,Class 1,Class 1,135 LIBERTON BRAE,EH16 6LD,3793
327265.7734,669701.8192,baker,Mathieson,Class 1,Class 1,Class 1,Class 1,135A LIBERTON BRAE,EH16 6LD,3794
327268.5011,669697.067500001,estate agent,Edinburgh Property Shop,Class 1,Class 1,Class 1,Class 2,137 LIBERTON BRAE,EH16 6LD,3795
327270.2505,669694.045700001,"greengrocer, florist",Capricorn,Class 1,Class 1,Class 1,Class 1,139 LIBERTON BRAE,EH16 6LD,3796
327274.6144,669687.932499999,wine merchant,Wine Rack,Vacant,Class 1,Class 1,Class 1,143 LIBERTON BRAE,EH16 6LD,3797
327278.6601,669681.5229,n/t/c,Paper Rack,Class 1,Class 1,Class 1,Class 1,145 LIBERTON BRAE,EH16 6LD,3798
327280.5686,669678.6601,office,no name on fascia,Class 1,Class 1,Class 2,Class 4,147 LIBERTON BRAE,EH16 6LD,3799
327284.7734,669671.886700001,grocer (lic.),"Food, News & Wine",Class 1,Class 1,Class 1,Class 1,151 LIBERTON BRAE,EH16 6LD,3800
327150.0,670329.836100001,hot food take-away and restaurant,Maharajas, , ,SUI GENERIS,SUI GENERIS,1-2 LIBERTON DAMS,EH16 6AJ,3801
327362.0,669406.5955,bank,Bank of Scotland,Class 2,Class 2,Class 2,Class 2,1 LIBERTON DRIVE,EH16 6NL,3802
326458,669506,golfing equipment,American Golf Discount Centre, , ,Class 1,Class 1,91A LIBERTON DRIVE,EH16 6NS,3803
327259,668617,petrol filling station & shop,BP + Store,SUI GENERIS,SUI GENERIS,Class 1,Class 1,105 LIBERTON GARDENS,EH16 6ND,3804
327368.0,669380.0112,n/t/c (lic),Liberton News,Class 1,Class 1,Class 1,Class 1,2 LIBERTON GARDENS,EH16 6JR,3805
327368.236,669375.3795,butcher,K.Baird,Class 1,Class 1,Class 1,Class 1,2A LIBERTON GARDENS,EH16 6JR,3806
327368.236,669370.337099999,post office,Liberton Gardens Post Office,Class 1,Class 1,Class 1,Class 1,4A LIBERTON GARDENS,EH16 6JR,3807
327095.25,670312.793400001,car service center,Ace Car Repairs, , ,Vacant,Class 1, , ,3808
326199.5287,676852.429199999,printers,Image Printers,Vacant,Class 4,Class 4,Class 4,5 LINDSAY ROAD,EH6 4DT,3809
326193.2251,676852.2041,office,SF (Joiners and Builders) Ltd,Class 4,Class 4,Vacant,Class 4,6 LINDSAY ROAD,EH6 4DT,3810
326105.4503,676854.2041,dwelling,dwelling,Vacant,Vacant,Vacant,Class 9, , ,3811
326080.7277,676854.827199999,vacant,vacant,Vacant,Vacant,Vacant,Vacant,23 LINDSAY ROAD,EH6 4DR,3812
326075.0995,676855.502499999,vacant,vacant,Vacant,Vacant,Vacant,Vacant,24 LINDSAY ROAD,EH6 4DR,3813
327385.8886,676198.3705,n/t/c,Links Convenience Store,Class 1,Class 1,Class 1,Class 1,1 LINKS PLACE,EH6 7EZ,3814
312242.3092,674502.8969,grocer,Star,Class 1,Vacant,Vacant,Class 1,1 LISTON PLACE,EH29 9BU,3815
329143.7786,670391.8817,unknown,unknown, , ,UNKNOWN USE,UNKNOWN USE,(51/1) LITTLE FRANCE CRES,EH16 4SA,3816
329146.2634,670415.0726,bank,Royal Bank of Scotland, , ,UNKNOWN USE,Class 2,(51/9-11) LITTLE FRANCE C,EH16 4SA,3817
329147.9199,670436.606899999,restaurant,Stoller, , ,UNKNOWN USE,Class 3,(51/2) LITTLE FRANCE CRES,EH16 4SA,3818
329149.5763,670458.9695,unknown,unknown, , ,UNKNOWN USE,UNKNOWN USE,(51/3) LITTLE FRANCE CRES,EH16 4SA,3819
324811.4969,672740.9976,grocer,Khyber Stores,Class 1,Class 1,Class 1,Class 1,60 LOCHRIN BUILDINGS,EH3 9ND,3820
324900.9976,672813.001399999,hairdresser (gents),Alfonsos,Class 1,Class 1,Class 1,Class 1,3 LOCHRIN PLACE,EH3 9QX,3821
324893.5026,672812.0019,delicatessen,Made in France,Class 1,Class 1,Class 1,Class 1,5 LOCHRIN PLACE,EH3 9QX,3822
324887.2525,672810.749399999,"bicycle sales, hire & repairs",Bike Trax, , ,Class 1,Class 1,11-13 LOCHRIN PLACE,EH3 9QX,3823
324900.2506,672834.747500001,public house,Cameo Bar,Class 1,Class 4,SUI GENERIS,SUI GENERIS, , ,3824
324878.0,672832.248199999,beads & crafts,The Bead Shop,Class 2,Vacant,Class 1,Class 1,14 LOCHRIN PLACE,EH3 9QY,3825
324887.0,672873.001399999,restaurant (Indian),Indaba,Class 3,Class 3,Class 3,Class 3,3 LOCHRIN TERRACE,EH3 9QJ,3826
324871.2492,672870.751800001,restaurant (Chinese),Szechuan Chinese Restaurant,Class 3,Class 3,Class 3,Class 3,11 LOCHRIN TERRACE,EH3 9QJ,3827
317965.1125,671818.5507,grocer,Naisha's, , , ,Class 1,7 LOCHSIDE PLACE,EH12 9DF,3828
325492.8159,675150.0529,hot food take-away,Piece Box,SUI GENERIS,SUI GENERIS,SUI GENERIS,SUI GENERIS,1 LOGIE GREEN ROAD,EH7 4EY,3829
325485.0793,675225.6545,cleared site,cleared site,Class 1,Class 1,Class 1,Demolished, , ,3830
326935.3645,674477.303400001,grocer,London Road Mini Market,Class 1,Class 1,Class 1,Class 1,1 LONDON ROAD,EH7 5AP,3831
326940.9389,674476.322000001,hot food take-away,Ruchi,Class 2,Class 2,Class 1,SUI GENERIS,3-4 LONDON ROAD,EH7 5AP,3832
326947.1699,674475.5163,Computer sales and repairs,Escape,Class 1,Class 1,Vacant,Class 1,5 LONDON ROAD,EH7 5AP,3833
326951.3921,674474.895400001,driving school,Alan's School of Motoring,Class 4,Class 4,Class 4,Class 4,6 LONDON ROAD,EH7 5AP,3834
326956.2353,674474.1503,n/t/c,M.Y. Newsagent,Class 1,Class 1,Class 1,Class 1,8-9 LONDON ROAD,EH7 5AP,3835
326961.2614,674473.267899999,hairdresser,Ice Hairdressing,Vacant,Class 1,Class 1,Class 1,10 LONDON ROAD,EH7 5AP,3836
326964.8628,674472.895400001,vacant,vacant,Vacant,Class 1,Vacant,Vacant,11 LONDON ROAD,EH7 5AP,3837
326968.3399,674472.274499999,ladies clothing,Natalia Messlin,Class 1,Class 1,Class 1,Class 1,13 LONDON ROAD,EH7 5AP,3838
326980.6405,674468.764699999,hairdresser,Dune,Class 1,Class 1,Class 1,Class 1,15-16 LONDON ROAD,EH7 5AT,3839
329151.2328,670479.6755,health foods,Julian Graves, , ,Class 1,Class 1,(51/4) LITTLE FRANCE CRES,EH16 4SA,3840
329152.8893,670521.915999999,vacant,vacant, , ,Class 1,Vacant,(51/5) LITTLE FRANCE CRES,EH16 4SA,3841
329152.0611,670500.3816,hairdresser,J & L Hair Design, , ,Class 1,Class 1,(51/6) LITTLE FRANCE CRES,EH16 4SA,3842
324824.0029,672744.499299999,Asian dress fabrics,Crystal Fabrics & Jewellery,Vacant,Vacant,Class 1,Class 1,52 LOCHRIN BUILDINGS,EH3 9ND,3843
324820.5012,672743.2487,beauty parlour,2 U Beauty,Class 1,Vacant,Class 1,Class 1,54 LOCHRIN BUILDINGS,EH3 9ND,3844
324816.2492,672742.248199999,videotape hire (Asian),Video Mahal,Class 1,Class 1,Class 1,Class 1,58 LOCHRIN BUILDINGS,EH3 9ND,3845
326988.3987,674467.385600001,office,Action for Children,Class 1,Class 4, ,Class 2,17-18 LONDON ROAD,EH7 5AT,3846
326999.4902,674465.013,barber,Classic Barber, , ,Class 1,Class 1, , ,3847
327016.4967,674461.274499999,pictures,The Art Mart,Class 1,Class 4,Class 1,Class 1,21-22 LONDON ROAD,EH7 5AY,3848
327025.2745,674459.261399999,grocer (lic.),Booze n News,Class 1,Class 1,Class 1,Class 1,23-24 LONDON ROAD,EH7 5AY,3849
327032.0065,674457.1438,tattoo parlour,Assylum,Class 1,Class 1,Class 2,Class 2,25 LONDON ROAD,EH7 5AY,3850
327034.6144,674456.274499999,design studio,Birght City Design,Class 1,Class 1,Class 1,Class 4,26 LONDON ROAD,EH7 5AY,3851
327055.2288,674451.6601,bank,Lloyds TSB Scotland,Class 2,Class 2,Class 2,Class 2,29-30 LONDON ROAD,EH7 5BB,3852
327085.9063,674446.8868,public house,Artisan Bar,SUI GENERIS,SUI GENERIS,SUI GENERIS,SUI GENERIS,35-36 LONDON ROAD,EH7 5BQ,3853
327109.6731,674445.1307,podiatrist,Abbeyhill Footcare,Vacant,Vacant,Class 2,Class 2,41 LONDON ROAD,EH7 5SW,3854
327117.6209,674444.1372,betting shop,Scotbet,Class 2,Class 2,Class 2,Class 2,42 LONDON ROAD,EH7 5SW,3855
327141.5489,674442.5294,café,Bumbles,Class 3,Class 3,Class 3,Class 3,45-46 LONDON ROAD,EH7 5SP,3856
327148.8758,674441.908399999,financial services - cheque cashing,The Cheque Shop,Class 1,Vacant,Class 2,Class 2,47 LONDON ROAD,EH7 5SP,3857
327155.085,674440.914999999,solicitors & estate agents,Campbells,Class 1,Class 2,Class 2,Class 2,49 LONDON ROAD,EH7 5SP,3858
327675.4582,674254.59,restaurant & hot food take-away,McDonalds, , ,Class 3,Class 3,59 LONDON ROAD,EH7 6AA,3859
327744,674232,kitchen and bathrooms,Ashley Ann, , ,Class 1,Class 1,63 LONDON ROAD,EH7 6AA,3860
325711.0783,674644.817299999,sauna & massage parlour,London Street Sauna, , ,Class 11,Class 11,40-41 LONDON STREET,EH3 6LX,3861
325722.4812,674648.168099999,vacant,vacant,Class 1,Class 2,Class 1,Vacant,42 LONDON STREET,EH3 6LX,3862
325728.0,674649.142000001,housing association,Cairn Housing Association, , ,Class 2,Class 2,43-46 LONDON STREET,EH3 6LX,3863
325733.5188,674648.6493,vacant,vacant, , ,Class 1,Vacant,44 LONDON STREET,EH3 6LX,3864
325730.5971,674649.037599999,grocer,London Street Grocery,Class 1,Class 1,Class 1,Class 1,47 LONDON STREET,EH3 6LX,3865
325741.2464,674646.4144,public house,Mezz,SUI GENERIS,SUI GENERIS,SUI GENERIS,SUI GENERIS,49-51 LONDON STREET,EH3 6LX,3866
325743.8434,674644.791200001,tattoo parlour,Tribe 3 Tattoo,Class 1,Class 4,Class 2,Class 2, , ,3867
325750.4144,674637.2203,dvd hire,Moviebank,Class 1,Class 1,Vacant,Class 1,53 LONDON STREET,EH3 6LX,3868
321356.9187,670949.705499999,betting shop,Ladbrokes,Class 2,Class 2,Class 2,Class 2,41 LONGSTONE ROAD,EH14 2BB,3869
321350.0967,670948.213199999,hot food take-away,Gino's Fish & Chip Shop,SUI GENERIS,SUI GENERIS,SUI GENERIS,SUI GENERIS,43 LONGSTONE ROAD,EH14 2BB,3870
321337.3297,670942.523,grocer & n/t/c,Khalsa Superstore,Class 1,Class 1,Class 1,Class 1,45-47 LONGSTONE ROAD,EH14 2BB,3871
321422.1933,670988.674799999,public house,Longstone Inn,SUI GENERIS,SUI GENERIS,SUI GENERIS,SUI GENERIS,30 LONGSTONE ROAD,EH14 2BH,3872
321406.7209,670985.243899999,hot food take-away,Jaflong,Class 1,Class 1,SUI GENERIS,SUI GENERIS,38 LONGSTONE ROAD,EH14 2BH,3873
321387.2945,670980.329700001,flooring,Carpets EC Flooring Ltd,Class 4,Class 4,Class 1,Class 1,44 LONGSTONE ROAD,EH14 2BH,3874
321377.4878,670977.9187,hairdresser,Short & Curly's,Class 1,Class 1,Class 1,Class 1,48 LONGSTONE ROAD,EH14 2BH,3875
316349.0836,666390.7075,education centre,Kip McGrath,Class 1,Class 1,Class 1,Class 4,44B MAIN STREET,EH14 7EH,3876
314367.9258,677378.117900001,dwelling,dwelling,Class 1,Class 1,Class 9,Class 9, , ,3877
314419.3406,677393.170299999,joinery workshop,Dalmeny Joinery,Class 1,Class 1,Class 1,Class 4, , ,3878
320562.4963,675459.4879,optician,Black & Lizars,Class 1,Class 1,Class 1,Class 1, , ,3879
320575.001,675458.9948,take-away food,Cafferty's, , ,Class 1,Class 1,"19 MAIN STREET, DAVIDSON'",EH4 5BZ,3880
326244.6322,672412.6851,hairdresser,Urban Angel,Class 4,Class 4,Class 1,Class 1,6 LORD RUSSELL PLACE,EH9 1NQ,3881
326845.9523,675410.810000001,vacant,vacant,Class 1,Class 1,Vacant,Vacant,31 LORNE STREET,EH6 8QW,3882
326877.1908,675394.5715,dwelling,dwelling,Class 1,Vacant,Vacant,Class 9, , ,3883
327034.6192,675347.9531,dwelling,dwelling,Class 4,Class 4,Vacant,Class 9, , ,3884
327030.4285,675349.000800001,n/t/c,Lorne Newsagents,Class 1,Class 1,Class 1,Class 1,73 LORNE STREET,EH6 8QG,3885
326777.4452,675470.848200001,vacant,vacant, ,Class 1,Vacant,Vacant,4 LORNE STREET,EH6 8QU,3886
326831.7138,675445.285399999,vacant,vacant, , ,Vacant,Vacant,16 LORNE STREET,EH6 8QP,3887
324752.5257,673651.8972,café,Cornerstone Café,Class 1,Class 1,Class 3,Class 3,3A(3) LOTHIAN ROAD,EH1 2EP,3888
324771.2056,673652.8057,community facility,Peace & Justice Resource Centre, , ,Class 2,Class 2,3A(5) LOTHIAN ROAD,EH1 2EP,3889
324779.0685,673655.2629,crafts / gifts,One World Shop, , ,Class 1,Class 1,3A(6) LOTHIAN ROAD,EH1 2EP,3890
324786.926,673657.548699999,books,Cornerstone Bookshop,Class 4,Class 1,Class 1,Class 1,3B LOTHIAN ROAD,EH1 2EP,3891
324768.7418,673480.747500001,public house,Vat & Fiddle,SUI GENERIS,SUI GENERIS,SUI GENERIS,SUI GENERIS,21 LOTHIAN ROAD,EH1 2DJ,3892
324770.2425,673471.9933,betting shop,William Hill,Class 11,Class 11,Class 11,Class 2,25 LOTHIAN ROAD,EH1 2DJ,3893
324777.2473,673446.7523,hearing aids,Amplivox Ultratone,Class 2,Class 2,Class 2,Class 2,37 LOTHIAN ROAD,EH1 2DJ,3894
324778.2477,673440.749399999,jewellery,Ocean Jewellery,Class 1,Class 1,Class 3,Class 1,39 LOTHIAN ROAD,EH1 2DJ,3895
324779.7485,673434.7465,coffee shop,Café Nero,Class 1,Class 1,Class 3,Class 3,43-45 LOTHIAN ROAD,EH1 2DJ,3896
324781.001,673429.252499999,solicitors & estate agents,Drummond Miller WS, , ,Class 2,Class 2,47 LOTHIAN ROAD,EH1 2DJ,3897
324782.5007,673422.252499999,"n/t/c, souvenirs & gifts",The Latest News, , ,Class 1,Class 1,49 LOTHIAN ROAD,EH1 2DJ,3898
324783.7485,673416.750800001,stationery,Paper Tiger,Class 1,Class 1,Class 1,Class 1,53 LOTHIAN ROAD,EH1 2DJ,3899
324784.7489,673410.9981,vacant,vacant,Class 1,Class 1,Class 1,Vacant,55 LOTHIAN ROAD,EH1 2DJ,3900
324785.9971,673405.006200001,sandwiches,Frsh Cut,Class 1,Class 1,Class 1,Class 1,57 LOTHIAN ROAD,EH1 2DJ,3901
324787.4979,673397.0024,take-away food,Simply Sandwiches,Class 1,Class 1,Class 1,Class 1,59 LOTHIAN ROAD,EH1 2DJ,3902
324788.7485,673389.7489,sandwiches,Baguette Express,SUI GENERIS,SUI GENERIS,Vacant,Class 1,63 LOTHIAN ROAD,EH1 2DJ,3903
324790.4993,673382.4955,public house,Shakespeares,SUI GENERIS,SUI GENERIS,SUI GENERIS,SUI GENERIS,65 LOTHIAN ROAD,EH1 2DJ,3904
324803.9895,673303.252499999,restaurant,Nando's,Vacant,Class 1,Class 1,Class 3,71 LOTHIAN ROAD,EH3 9AW,3905
324806.5007,673292.749399999,sandwiches & outside catering,La Baguette, , ,Class 1,Class 1,75 LOTHIAN ROAD,EH3 9AW,3906
324807.2515,673288.249600001,hairdresser,Cheynes, , ,Class 1,Class 1,77 LOTHIAN ROAD,EH3 9AW,3907
324808.4912,673280.252499999,public house,Sapphire Rooms,SUI GENERIS,SUI GENERIS,SUI GENERIS,SUI GENERIS,81-83 LOTHIAN ROAD,EH3 9AW,3908
324810.4917,673270.249600001,restaurant & hot food take-away (Italian),Darios Pizzeria Ristorante,Class 3,Class 3,Class 3,Class 3,85-87 LOTHIAN ROAD,EH3 9AW,3909
324812.4912,673259.498299999,public house,Bottoms Up Showbar,SUI GENERIS,SUI GENERIS,SUI GENERIS,SUI GENERIS,93 LOTHIAN ROAD,EH3 9AW,3910
324813.7399,673252.2477,restaurant (Italian),Lazio,Class 3,Class 3,Class 3,Class 3,95 LOTHIAN ROAD,EH3 9AW,3911
324815.2396,673243.4988,toys,Wonderland, , ,Class 1,Class 1,97-101 LOTHIAN ROAD,EH3 9AN,3912
324816.4888,673236.251499999,vacant,vacant,Class 1,Class 11,Class 1,Vacant,103 LOTHIAN ROAD,EH3 9AN,3913
324817.4907,673228.999500001,restaurant (Indian),Club India,Class 3,Class 3,Class 3,Class 3,105-109 LOTHIAN ROAD,EH3 9AN,3914
324818.4941,673222.2544,restaurant & hot food take-away,Illegal Jack's,Vacant,Class 3,Class 3,Class 3,113-117 LOTHIAN ROAD,EH3 9AN,3915
324820.4941,673213.253900001,restaurant (Japanese & Chinese),Izzi,Class 1,Class 3,Class 3,Class 3,119 LOTHIAN ROAD,EH3 9AN,3916
324822.9919,673200.5131,coffee shop,Starbucks,Class 2,Vacant,Class 3,Class 3,123 LOTHIAN ROAD,EH3 9AN,3917
324830.7456,673171.749399999,grocer / convenience store,Costcutter,Class 2,Vacant,Class 1,Class 1,125 LOTHIAN ROAD,EH3 9AD,3918
324830.747,673162.7489,hairdresser,Paterson SA,Class 1,Class 1,Class 1,Class 1,127(GF)-131 LOTHIAN ROAD,EH3 9AD,3919
324832.4974,673153.7489,public house,Mr Modo's,SUI GENERIS,SUI GENERIS,SUI GENERIS,SUI GENERIS,133-135 LOTHIAN ROAD,EH3 9AD,3920
324833.9981,673146.0,household goods,Ali's Cave,Class 1,Class 1,Class 1,Class 1,139-145 LOTHIAN ROAD,EH3 9AD,3921
324835.9981,673134.2501,shoe repairs / key cutting / watch repairs / nameplates / engraving etc.,Timpson,Class 1,Class 1,Class 1,Class 1,149 LOTHIAN ROAD,EH3 9AA,3922
324838.2473,673122.5021,shoes & footwear,Jones,Class 1,Class 1,Class 1,Class 1,151-153 LOTHIAN ROAD,EH3 9AA,3923
324839.748,673114.498299999,betting shop,William Hill,Class 3,Class 3,Class 3,Class 2,157-159 LOTHIAN ROAD,EH3 9AA,3924
324841.4926,673104.249600001,public house,Anderson's,SUI GENERIS,SUI GENERIS,Vacant,SUI GENERIS,161 LOTHIAN ROAD,EH3 9AA,3925
324843.2435,673095.4955,bank,Lloyds TSB Scotland,Class 2,Class 2,Class 2,Class 2,165 LOTHIAN ROAD,EH3 9AA,3926
324747.5121,673388.2511,bank,Clydesdale Bank, , ,Class 2,Class 2,50 LOTHIAN ROAD,EH3 9BT,3927
324719.7699,673371.7432,public house,All Bar One, , ,SUI GENERIS,SUI GENERIS,50(B) LOTHIAN ROAD,EH3 9BT,3928
324780.0024,673246.752699999,vacant,vacant,Vacant,Class 2,Class 2,Vacant,90-92 LOTHIAN ROAD,EH3 9BE,3929
324781.5031,673239.249199999,optician,Black & Lizars,Class 1,Class 1,Class 1,Class 1,98 LOTHIAN ROAD,EH3 9BE,3930
324783.7465,673227.9981,restaurant (Italian),Bar Italia,Class 3,Class 3,Class 3,Class 3,100-104 LOTHIAN ROAD,EH3 9BE,3931
324785.7532,673219.498299999,sports equipment & clothing,Run 4 It,Class 1,Class 1,Class 1,Class 1,108-110 LOTHIAN ROAD,EH3 9BE,3932
324787.2606,673209.7523,funeral directors,W.T. Dunbar & Sons, , ,Class 1,Class 1,112 LOTHIAN ROAD,EH3 9BE,3933
324788.2611,673201.998600001,café,Espresso Mondo,Class 4,Class 1,Class 3,Class 3,116 LOTHIAN ROAD,EH3 9BE,3934
324791.7527,673159.250600001,sandwiches,Subway,Class 1,Class 1,Class 1,Class 1,122 LOTHIAN ROAD,EH3 9BG,3935
324793.2506,673153.753699999,vacant,vacant,Class 1,Class 1,Class 1,Vacant,126 LOTHIAN ROAD,EH3 9BG,3936
324794.5012,673148.2511,sporting goods,Football Nation,Class 1,Class 1, ,Class 1,128 LOTHIAN ROAD,EH3 9BG,3937
324797.2525,673135.745100001,vacant,vacant,Class 1,Class 1, ,Vacant,130 LOTHIAN ROAD,EH3 9BG,3938
324798.7532,673129.242000001,sandwiches,Philpott's,Class 1,Class 1,Class 1,Class 1,132 LOTHIAN ROAD,EH3 9BG,3939
324799.7537,673122.4888,tanning studio,Indigo Sun,Class 1,Class 1,Class 11,Class 11,134 LOTHIAN ROAD,EH3 9BG,3940
324800.7542,673114.735099999,grocer / convenience store,Scotmid,Class 1,Class 1,Class 1,Class 1,136 LOTHIAN ROAD,EH3 9BG,3941
324802.0048,673107.481699999,beauty salon,Pure Nail & Beauty,Class 1,Class 1,Class 1,Class 1,138 LOTHIAN ROAD,EH3 9BG,3942
324803.2554,673100.728499999,vacant,vacant,Class 1,Class 1,Vacant,Vacant,140 LOTHIAN ROAD,EH3 9BG,3943
324804.5059,673094.225400001,mixed durable goods,Poundstretcher,Class 1,Class 1,Class 1,Class 1,142 LOTHIAN ROAD,EH3 9BG,3944
324805.7565,673086.721799999,chemist,Superdrug,Class 1,Class 1,Class 1,Class 1,144 LOTHIAN ROAD,EH3 9BG,3945
325831.8341,673220.2652,public house,Assembly,SUI GENERIS,SUI GENERIS,SUI GENERIS,SUI GENERIS,41 LOTHIAN STREET,EH1 1HB,3946
325826.0,673213.3704,restaurant & bar,Negociants, ,Class 3,Class 3,Class 3,47 LOTHIAN STREET,EH1 1HB,3947
324203.6029,677005.2553,dwellings,dwellings,SUI GENERIS,SUI GENERIS,SUI GENERIS,Class 9, , ,3948
323853,677060,vacant,vacant, , ,Vacant,Vacant, , ,3949
323777.1974,677094.7939,vacant,vacant,SUI GENERIS,SUI GENERIS,Class 2,Vacant,160 LOWER GRANTON ROAD,EH5 1EY,3950
326404.1086,672534.770400001,beauty salon,Myra Crawford, , ,Class 1,Class 1,3A-3B LUTTON PLACE,EH8 9PD,3951
326409.9541,672537.1086,hairdressers,VIP, ,Class 1,Vacant,Class 1,3C LUTTON PLACE,EH8 9PD,3952
327000.6274,674383.0,printer,Crescent Print ltd.,Class 1,Class 1,Class 4,Class 4,3 LYNE STREET,EH7 5DN,3953
324367.8623,673846.744899999,residential letting agency,Edinburgh Property Management,Class 1,Class 1,Class 2,Class 2,1A(GF)-1B LYNEDOCH PLACE,EH3 7PX,3954
324374.7763,673854.7653,n/t/c,Sweetservice Newsagents,Class 1,Class 1,Class 1,Class 1,2B LYNEDOCH PLACE,EH3 7PX,3955
324369.5619,673857.372500001,hairdresser (gents),His Hair (Charlie Mearns),Class 1,Class 1,Class 1,Class 1,2A LYNEDOCH PLACE,EH3 7PX,3956
326293.7715,676561.7125,furniture removal,Meadows International Removals,Vacant,Vacant,Vacant,Class 2, , ,3957
326288.1965,676570.810799999,furniture removal,Meadows International Removals,Class 4,Class 2, ,Class 2,56-58 MADEIRA STREET,EH6 4AU,3958
330449.1329,672622.1381,hot food take-away,Magdalene Fry,SUI GENERIS,SUI GENERIS,SUI GENERIS,SUI GENERIS,1/B MAGDALENE DRIVE,EH15 3DA,3959
330454.1339,672623.567,hot food take-away (Chinese),Chinese Flavour,Class 11,SUI GENERIS,SUI GENERIS,SUI GENERIS,1/C MAGDALENE DRIVE,EH15 3DA,3960
330938.1925,672738.608899999,grocer (lic.),Best One,Class 1,Class 1,Class 1,Class 1,23A MAGDALENE DRIVE,EH15 3DT,3961
330946.6445,672740.4871,vacant,vacant,Class 1,Class 1,Vacant,Vacant,23B MAGDALENE DRIVE,EH15 3DT,3962
330827.4957,672674.2607,baker,Alexander's,Class 1,Class 1,Class 1,Class 1,40 MAGDALENE DRIVE,EH15 3DZ,3963
330832.4348,672675.1998,vacant,vacant,Vacant,Vacant,Vacant,Vacant,42 MAGDALENE DRIVE,EH15 3DZ,3964
330842.4001,672677.321599999,grocer (lic.),Magdalene Mini Market,Vacant,Class 1,Vacant,Class 1,44 MAGDALENE DRIVE,EH15 3DZ,3965
330859.226,672672.226,n/t/c,no name on fascia,Class 1,Class 1,Class 1,Class 1,46 MAGDALENE DRIVE,EH15 3DZ,3966
330862.5738,672664.817299999,hot food take-away,Hideaway Takeaway,Class 1,Class 1,SUI GENERIS,SUI GENERIS,48 MAGDALENE DRIVE,EH15 3DZ,3967
330863.539,672659.565199999,hairdresser,Bluntz,Class 1,Class 1,Class 1,Class 1,50 MAGDALENE DRIVE,EH15 3DZ,3968
316367.312,666449.0,public house,Malleny  Arms,SUI GENERIS,SUI GENERIS,SUI GENERIS,SUI GENERIS,15 MAIN STREET,EH14 7EQ,3969
316371.0,666431.4791,hot food take-away (Indian),Spicy Village,Class 1,Class 1,SUI GENERIS,SUI GENERIS,17 MAIN STREET,EH14 7EQ,3970
316374.5627,666410.9164,hairdresser,Ian Cameron,Class 1,Class 1,Class 1,Class 1,27 MAIN STREET,EH14 7EQ,3971
316279.0836,666499.874600001,bank,Royal Bank of Scotland,Class 2,Class 2,Class 2,Class 2,4 MAIN STREET,EH14 7EH,3972
316302.4511,666483.626800001,grocer / convenience store,Scotmid,Class 1,Class 1,Class 1,Class 1,6 MAIN STREET,EH14 7EH,3973
316336,666464,public house & restaurant,Grey Horse Inn,SUI GENERIS,SUI GENERIS,SUI GENERIS,SUI GENERIS,20-22 MAIN STREET,EH14 7EH,3974
316344.3343,666448.646299999,chemist,Balerno Pharmacy,Class 1,Class 1,Class 1,Class 1,24 MAIN STREET,EH14 7EH,3975
316347.6463,666443.0,hardware,Balerno Hardware,Class 1,Class 1,Class 1,Class 1,26 MAIN STREET,EH14 7EH,3976
316352.6045,666425.4791,vacant,vacant,Class 2,Class 2,Class 2,Vacant,34 MAIN STREET,EH14 7EH,3977
316354.2089,666415.9164,post office,Balerno Post Office,Class 1,Class 1,Class 1,Class 1,36 MAIN STREET,EH14 7EH,3978
316351.0836,666404.4791,finacial planning,Honour,Class 1,Class 1,Vacant,Class 4,42 MAIN STREET,EH14 7EH,3979
316350.1254,666397.4791,hot food take-away (Chinese),Ying,Class 1,SUI GENERIS,SUI GENERIS,SUI GENERIS,44 MAIN STREET,EH14 7EH,3980
320579.5016,675459.495300001,baker,Greggs,Class 1,Class 1,Class 1,Class 1,"21 MAIN STREET, DAVIDSON'",EH4 5BZ,3981
320586.9948,675460.4859,public house,Ye Olde Inn,SUI GENERIS,SUI GENERIS,SUI GENERIS,SUI GENERIS,"23 MAIN STREET, DAVIDSON'",EH4 5BZ,3982
320623.001,675464.987400001,bank,Clydesdale Bank,Class 2,Class 2,Class 2,Class 2,"29-33 MAIN STREET, DAVIDS",EH4 5BZ,3983
320658.8771,675461.8936,public house,Norhet,SUI GENERIS,SUI GENERIS,SUI GENERIS,SUI GENERIS,"45 MAIN STREET, DAVIDSON'",EH4 5BZ,3984
320669.7761,675462.0386,undertakers,Barcalys Funeral Service,Class 2,Class 1,Class 1,Class 1,"49 MAIN STREET, DAVIDSON'",EH4 5BZ,3985
320748.1413,675464.611,hairdresser,Hebe,Class 1,Class 1,Class 1,Class 1,"61 MAIN STREET, DAVIDSON'",EH4 5AD,3986
320753.6936,675464.611,dental surgery,Dental Practice, , ,Class 2,Class 2, , ,3987
320761.8973,675464.9376,vacant,(formerly Victoria Wine),Class 1,Class 1,Class 1,Vacant,"67-69 MAIN STREET, DAVIDS",EH4 5AD,3988
320785.2037,675465.998199999,vacant,(formerly Iceland),Class 1,Class 1,Class 1,Vacant,"75 MAIN STREET, DAVIDSON'",EH4 5AD,3989
320794.0789,675466.170499999,solicitors & estate agents,Arbuthnott & McLanachan,Class 2,Class 2, ,Class 2,"77 MAIN STREET, DAVIDSON'",EH4 5AD,3990
320827.0807,675470.897299999,beauty salon,Mains Beauty,Class 1,Class 1,Vacant,Class 1,"83 MAIN STREET, DAVIDSON'",EH4 5AD,3991
320859.4679,675468.7927,property developer,bl developments,Class 1,Vacant, ,Class 4,"89 MAIN STREET, DAVIDSON'",EH4 5AD,3992
320561.7011,675426.8386,dry cleaner & launderette,Care Clean,Class 1,Class 1,Vacant,Class 1,"8 MAIN STREET, DAVIDSON'S",EH4 5BY,3993
320728.4074,675437.715600001,dvd hire,Blockbuster Video,Class 1,Class 1,Class 1,Class 1,"44 MAIN STREET, DAVIDSON'",EH4 5AA,3994
320733.2257,675438.042199999,florist,Gloriosa,Class 1,Class 1,Class 1,Class 1,"46 MAIN STREET, DAVIDSON'",EH4 5AA,3995
320735.4697,675438.082599999,betting shop,Macbet,Class 2,Class 2,Class 2,Class 2,"48 MAIN STREET, DAVIDSON'",EH4 5AA,3996
320750.2055,675438.4092,ladies clothing,Change of 'A' Dress, , ,Class 1,Class 1,"50A MAIN STREET, DAVIDSON",EH4 5AA,3997
320762.7927,675439.001800001,n/t/c,McColls,Class 1,Class 1,Class 1,Class 1,"54 MAIN STREET, DAVIDSON'",EH4 5AA,3998
320777.3266,675439.654999999,chemist,Boots,Class 1,Class 1,Class 1,Class 1,"58-60 MAIN STREET, DAVIDS",EH4 5AA,3999
320790.2989,675440.001800001,charity shop,Cancer Research Campaign,Class 1,Class 1,Class 1,Class 1,"64 MAIN STREET, DAVIDSON'",EH4 5AA,4000
320795.2055,675440.165100001,hairdresser,D'Mains Hair,Class 1,Class 1,Class 1,Class 1,"68 MAIN STREET, DAVIDSON'",EH4 5AA,4001
320800.4312,675439.1853,opticians,Vision World,Class 1,Class 1,Class 1,Class 1,"70 MAIN STREET, DAVIDSON'",EH4 5AA,4002
320843.3872,675442.979800001,hot food take-away,Corbie Takeaway,SUI GENERIS,SUI GENERIS,SUI GENERIS,SUI GENERIS,"72 MAIN STREET, DAVIDSON'",EH4 5AB,4003
320879.2797,675449.092399999,public house,McKenzies,SUI GENERIS,SUI GENERIS,SUI GENERIS,SUI GENERIS,"80 MAIN STREET, DAVIDSON'",EH4 5AB,4004
312456.6844,674592.490900001,vacant,vacant,SUI GENERIS,SUI GENERIS,SUI GENERIS,Vacant,(15A) MAIN STREET,EH29 9AE,4005
312528.7193,674579.314999999,hot food take-away,Fourways Fish Bar,SUI GENERIS,SUI GENERIS,SUI GENERIS,SUI GENERIS,27 MAIN STREET,EH29 9AE,4006
312550.1753,674578.403000001,tanning & beauty salon,Bewitched Salon, ,Class 1,Class 11,Class 11,33 MAIN STREET,EH29 9AE,4007
312554.6669,674578.403000001,hot food take-away (Chinese),Wok Cottage,Class 2,SUI GENERIS,SUI GENERIS,SUI GENERIS,35 MAIN STREET,EH29 9AE,4008
312312.1957,674596.6338,hairdresser,George's,Class 1,Class 1,Class 1,Class 1,12 MAIN STREET,EH29 9AA,4009
312364.433,674586.359999999,n/t/c,Kirkliston News,Class 1,Class 1,Class 1,Class 1,22 MAIN STREET,EH29 9AA,4010
312374.7225,674583.9825,café / bistro,Carpe Diem, , ,Vacant,Class 3,28 MAIN STREET,EH29 9AA,4011
312410.7723,674576.070499999,chemist,Co-operative Pharmacy, , ,Class 1,Class 1,38 MAIN STREET,EH29 9AA,4012
312469.4211,674558.596999999,post office,Kirkliston Post Office,Vacant,Class 1,Class 1,Class 1,66 MAIN STREET,EH29 9AB,4013
313805.9591,670682.1228,grocer (lic.) & n/t/c,M & J Forrest,Class 1,Class 1,Class 1,Class 1,77 MAIN STREET,EH28 8RT,4014
313677.8772,670629.081900001,dwelling,dwelling,SUI GENERIS,SUI GENERIS,SUI GENERIS,Class 9, , ,4015
326893.602,675723.801000001,domestic appliance sales & service,Leith Domestic Appliances,Class 1,Class 1,Class 1,Class 1,4 MANDERSTON STREET,EH6 8LY,4016
319832,672883,frozen food,Iceland,Class 1,Class 1,Class 1,Class 1,10 MANSE ROAD,EH12 7SN,4017
319879.9872,672746.721899999,hot food take-away (Chinese),Magic Kitchen,SUI GENERIS,SUI GENERIS,SUI GENERIS,SUI GENERIS,60 MANSE ROAD,EH12 7SS,4018
325706.1159,674681.429,charity,Waverley Care,Vacant,Class 4, ,Class 2,1-3 MANSFIELD PLACE,EH3 6NB,4019
325690.2203,674731.0,financial advisers,Ethical Futures,Class 2,Class 4,Class 4,Class 2,9 MANSFIELD PLACE,EH3 6NB,4020
325460.3702,672469.5769,lettings agent/solicitor,Umega,Class 1,Class 1,Class 1,Class 2,1-1A MARCHMONT CRESCENT,EH9 1HN,4021
325549.3653,672301.632200001,beauty salon,Dolly & Mop,Class 1,Class 1,Class 1,Class 1,25 MARCHMONT CRESCENT,EH9 1HQ,4022
325550.786,672297.370200001,charity shop,DebRA,Vacant,Class 4,Class 1,Class 1,27 MARCHMONT CRESCENT,EH9 1HQ,4023
325551.7331,672292.6347,pottery sales & studio (pant your own),Doodles,Class 1,Vacant,Class 1,Class 1,29 MARCHMONT CRESCENT,EH9 1HQ,4024
325580.0025,672302.156199999,public house,Earl of Marchmont,SUI GENERIS,SUI GENERIS,SUI GENERIS,SUI GENERIS,22 MARCHMONT CRESCENT,EH9 1HG,4025
325580.0025,672295.5264,Tea room,Emphemeris,Class 4,Class 1,Vacant,Class 3,24 MARCHMONT CRESCENT,EH9 1HG,4026
325580.476,672288.8967,pottery studio & café,Ceramic Experience,Class 1,Vacant,Class 1,Class 1,28-30 MARCHMONT CRESCENT,EH9 1HG,4027
325507.3964,672118.657099999,ladies clothing,Felix & Oscar,Class 1,Class 1,Vacant,Class 1,92 MARCHMONT CRESCENT,EH9 1HD,4028
325504.0768,672114.4321,internet café,Café Artista, , ,Class 3,Class 3,94-96 MARCHMONT CRESCENT,EH9 1HD,4029
325502.8697,672109.905400001,butcher,Michael Field,Class 1,Class 1,Class 1,Class 1,100 MARCHMONT CRESCENT,EH9 1HD,4030
325502.8697,672107.4911,fishmonger,Shiela's,Class 1,Class 1,Class 1,Class 1,102 MARCHMONT CRESCENT,EH9 1HD,4031
325503.1714,672104.775,hairdresser and beaty salon,bdbu,Class 1,Class 4,Class 2,Class 1,104 MARCHMONT CRESCENT,EH9 1HD,4032
325460.8438,672464.8413,beauty salon,Serene Beauty Therapy,Class 4,Class 2,Class 1,Class 1,3 MARCHMONT ROAD,EH9 1HY,4033
325461.3173,672460.579299999,vacant,vacant,Class 4,Class 2,Class 4,Vacant,5 MARCHMONT ROAD,EH9 1HY,4034
325462.2644,672455.420700001,vacant,vacant,Class 1,Class 1,Class 4,Vacant,7 MARCHMONT ROAD,EH9 1HY,4035
325471.7909,672364.4736,hot food take-away (Italian),Delicious Italian,Class 1,SUI GENERIS,SUI GENERIS,SUI GENERIS,27A MARCHMONT ROAD,EH9 1HY,4036
325472.2644,672360.6851,optician,Lyndsay Brown Optician,Class 1,Class 1,Class 1,Class 1,27B MARCHMONT ROAD,EH9 1HY,4037
325472.738,672356.8967,financial services - mortgage advisers,Mortgage Boutique,Class 1,Class 1,Class 2,Class 2,27C MARCHMONT ROAD,EH9 1HY,4038
325477.476,672316.7356,kitchen furniture & design service,Newcastle Furniture Company/ Kitchen Plus, , ,Class 1,Class 1,31-35 MARCHMONT ROAD,EH9 1HU,4039
325514.2661,671976.7929,hairdresser (gents),Dukes of Marchmont Barbers,Class 1,Vacant,Class 4,Class 1,123 MARCHMONT ROAD,EH9 1HA,4040
325514.5679,671972.5679,chiropodist,Marchmont Chiropody & Podiatary Services,Vacant,Class 4,Class 2,Class 2, , ,4041
325438.7884,672376.0,videotape hire,Alphabet Video,Class 4,Class 1,Class 1,Class 1,22 MARCHMONT ROAD,EH9 1HZ,4042
325440.0529,672368.891799999,"hot food take-away (curries, pizzas, kebabs)",Kasbah,Class 1,SUI GENERIS,SUI GENERIS,SUI GENERIS,24 MARCHMONT ROAD,EH9 1HZ,4043
325440.5264,672363.682700001,chemist,Marchmont Pharmacy,Class 1,Class 1,Class 1,Class 1,26 MARCHMONT ROAD,EH9 1HZ,4044
325441.0,672358.4736,bookbinder,Sporting & Racing,Class 1,Class 1,Class 2,Class 4,30 MARCHMONT ROAD,EH9 1HZ,4045
325445.6827,672324.997500001,housing advice to landlords (houses in multiple occupation),Complete Solutions,Class 4,Class 4,Vacant,Class 4,32/38 MARCHMONT ROAD,EH9 1HX,4046
325445.6827,672319.7884,decorators and interior designers,Henderson & Paterson,Class 1,Class 4,Class 4,Class 4,36 MARCHMONT ROAD,EH9 1HX,4047
325445.6827,672314.579299999,housing advice to landlords (houses in multiple occupation),Complete Solutions,Class 2,Class 1,Class 4,Class 4,32/38 MARCHMONT ROAD,EH9 1HX,4048
327066.1639,670376.163899999,public house & restaurant,Braidburn Inn, , ,SUI GENERIS,SUI GENERIS,(200) MAYFIELD ROAD,EH9 3BE,4049
326288,674965,public house,Hopetoun Inn, , ,SUI GENERIS,SUI GENERIS,8 MCDONALD ROAD,EH7 4LU,4050
326023.8906,675202.1314,cleared site,cleared site, ,Class 1,Class 1,Demolished, , ,4051
327060.5163,674408.4641,art gallery,Amber Arts,Class 1,Class 1,Class 1,Class 1,78 MONTROSE TERRACE,EH7 5DP,4052
327065.582,674409.5557,launderette,Abbey Hill Launderette Limited.,Class 1,Class 1,Class 1,Class 1,80 MONTROSE TERRACE,EH7 5DP,4053
326253.1688,674666.402000001,vacant,vacant,Class 1,Class 1,Vacant,Vacant,1 MONTGOMERY STREET,EH7 5JU,4054
326260.9357,674666.908500001,hot food take-away,Montgomery Fish Bar,SUI GENERIS,SUI GENERIS,SUI GENERIS,SUI GENERIS,3-7 MONTGOMERY STREET,EH7 5JU,4055
326502.373,674690.953400001,café,Ranroc Café,Class 1,Class 1,Class 1,Class 3,89-91 MONTGOMERY STREET,EH7 5HZ,4056
326633.1865,674673.766899999,accountants,Norman Gregg & Co.,Class 1,Class 2,Class 2,Class 2,119 MONTGOMERY STREET,EH7 5EX,4057
326244.3115,674634.052300001,hairdresser,Larry's,Class 1,Class 1,Class 1,Class 1,10 MONTGOMERY STREET,EH7 5JS,4058
326249.8834,674634.727700001,travel agent,Sphere Travel,Class 1,Class 1,Class 1,Class 1,12A MONTGOMERY STREET,EH7 5JS,4059
326256.2996,674635.065400001,wedding dresses,Bliss Studio,Class 1,Class 1,Class 1,Class 1,12B MONTGOMERY STREET,EH7 5JS,4060
326920.4255,674363.5745,public house,Inverarity,SUI GENERIS,SUI GENERIS,SUI GENERIS,SUI GENERIS,1-7 MONTROSE TERRACE,EH7 5DJ,4061
326941.1074,674395.1719,petrol filling station & shop,Shell + Select Shop, , ,Class 1,Class 1,11-23 MONTROSE TERRACE,EH7 5DJ,4062
326991.4967,674414.353,vacant,vacant,Class 1,Class 2,Vacant,Vacant,37-39 MONTROSE TERRACE,EH7 5DJ,4063
327000.7386,674418.411699999,vacant,vacant,Vacant,Vacant,Class 4,Vacant,41 MONTROSE TERRACE,EH7 5DJ,4064
327004.8367,674419.7777,dental surgery,Edinburgh Denture Clinic,Vacant,Class 2,Class 2,Class 2, , ,4065
327009.0589,674421.1438,plumber,Jackson Hart,Class 2,Class 2,Vacant,Class 4,49-51 MONTROSE TERRACE,EH7 5DJ,4066
327039.9937,674429.875800001,antiques,Antiques and Objects D'art,Class 1,Class 1,Class 1,Class 1,61 MONTROSE TERRACE,EH7 5DJ,4067
326921.0587,674322.098099999,public house,Regent,SUI GENERIS,SUI GENERIS,SUI GENERIS,SUI GENERIS,2-4 MONTROSE TERRACE,EH7 5DL,4068
326929.3921,674334.8628,upholsterer,Cameron re-upholserer,Class 2,Class 1,Class 4,Class 4,6-8 MONTROSE TERRACE,EH7 5DL,4069
326931.5163,674337.3595,locksmith,ETC locksmith,Class 1,Class 1,Vacant,Class 4,10 MONTROSE TERRACE,EH7 5DL,4070
326933.7712,674340.235300001,joiner,joiner,Vacant,Vacant,Class 4,Class 4,12 MONTROSE TERRACE,EH7 5DL,4071
326936.0457,674343.091600001,vacant,vacant, , ,Class 1,Vacant,14 MONTROSE TERRACE,EH7 5DL,4072
326938.6862,674346.3726,bicycles,East Side Bikes,Class 2,Vacant,Vacant,Class 1,16 MONTROSE TERRACE,EH7 5DL,4073
326940.9215,674348.732100001,florist,Flowerevelotion,Class 1,Vacant,Class 1,Class 1,18 MONTROSE TERRACE,EH7 5DL,4074
326943.0326,674351.3399,hairdresser,Escape,Class 1,Class 1,Class 1,Class 1,22 MONTROSE TERRACE,EH7 5DL,4075
326953.5489,674361.8562,vacant,vacant,Vacant,Vacant,Vacant,Vacant, , ,4076
326956.1568,674364.091600001,manicurist,Top Nails,Class 2,Vacant,Class 1,Class 1,30 MONTROSE TERRACE,EH7 5DL,4077
326958.7647,674366.451099999,hairdresser,Salon 328,Class 2,Class 1,Class 2,Class 1,32 MONTROSE TERRACE,EH7 5DL,4078
326964.7843,674371.3399,grocer / convenience store,Janatha food store,Class 2,Class 1,Class 1,Class 1,34-36 MONTROSE TERRACE,EH7 5DL,4079
326972.5622,674377.2027,massage clinic,Back to Balance Ltd., , ,Class 2,Class 2,40-42 MONTROSE TERRACE,EH7 5DL,4080
325464.8643,672144.225,hairdresser,The Edge,Class 1,Class 1,Class 1,Class 1,94 MARCHMONT ROAD,EH9 1HR,4081
325465.4678,672140.3018,hot food take-away (fish & chips),Marchmont Take Away,SUI GENERIS,SUI GENERIS,SUI GENERIS,SUI GENERIS,98 MARCHMONT ROAD,EH9 1HR,4082
325465.7696,672135.775,vacant,vacant,Class 1,Class 1,Vacant,Vacant,100 MARCHMONT ROAD,EH9 1HR,4083
325470.6393,672098.3375,grocer / convenience store,Margiotta, , ,Class 1,Class 1,102-104 MARCHMONT ROAD,EH9 1BG,4084
325471.2428,672092.0,café,Black Medicine Coff Co.,Class 1,Class 1,Class 3,Class 3,108-110 MARCHMONT ROAD,EH9 1BG,4085
325480.1893,672004.7929,grcoer / convenience store,Scotmid, , ,Class 1,Class 1,126-128 MARCHMONT ROAD,EH9 1AQ,4086
326001.785,673178.492699999,grocer,Red Sea Food Store,Class 1,Class 4,Class 2,Class 1,35 MARSHALL STREET,EH8 9BJ,4087
325998.9854,673151.615900001,hot food take away (Italian),Naymnyan, , ,Class 1,SUI GENERIS,14 MARSHALL STREET,EH8 9BU,4088
326004.7201,673154.1713,hot food take-away,Beiruit Express,Class 2,Vacant,Class 1,SUI GENERIS,20 MARSHALL STREET,EH8 9BU,4089
324277.366,674679.3092,restaurant,Ristorante San Marco, , ,Class 3,Class 3,9-11 MARY'S PLACE,EH4 1JH,4090
325994.3748,670986.1874,pet grooming parlour,Jacks Grooming,Class 1,Class 1,Vacant,Class 2,1 MAURICE PLACE,EH9 3EP,4091
324519.6573,671043.059,public house,Bennets of Morningside,SUI GENERIS,SUI GENERIS,SUI GENERIS,SUI GENERIS,1A MAXWELL STREET,EH10 5HT,4092
326873.5648,671539.296700001,security systems,Castle Security Group Ltd.,Class 2,Class 4,Class 4,Class 4,34 MAYFIELD GARDENS,EH9 2BY,4093
326876.8011,671534.625299999,"medical equipment suppliers (stethoscopes, diagnostic sets etc.)",Horizon Medical Technologies,Class 1,Class 1,Class 2,Class 2,36 MAYFIELD GARDENS,EH9 2BY,4094
326878.4956,671531.236300001,hot food take-away (Indian),Delhi Diner,Class 1,Vacant,SUI GENERIS,SUI GENERIS,38 MAYFIELD GARDENS,EH9 2BY,4095
326879.4121,671528.0,office - cultural activities,Edinburgh People's Theatre,Class 1,Class 1,Class 2,Class 2, , ,4096
326614.0231,671470.129699999,vacant,vacant,Class 2,Class 2,Class 2,Vacant,55 MAYFIELD ROAD,EH9 3AA,4097
326619.3055,671452.328600001,chemist,Co-operative Pharmacy, , ,Class 1,Class 1,55A-57A MAYFIELD ROAD,EH9 3AA,4098
326615.9626,671463.870300001,n/t/c,Mini Market,Class 1,Class 1,Class 1,Class 1,59 MAYFIELD ROAD,EH9 3AA,4099
326621.4582,671447.4352,vacant,vacant,Class 1,Class 4,Class 4,Vacant,59A MAYFIELD ROAD,EH9 3AA,4100
326617.7637,671458.870300001,hot food take-away,Pacific Fish & Chips,Class 1,SUI GENERIS,SUI GENERIS,SUI GENERIS,61 MAYFIELD ROAD,EH9 3AA,4101
326630.4726,671445.5967,vacant,vacant,Class 1,Class 4,Vacant,Vacant,61A MAYFIELD ROAD,EH9 3AA,4102
326627,671435,greengrocer,5-a-Day,Class 1,Class 1,Class 1,Class 1,65 MAYFIELD ROAD,EH9 3AA,4103
326630,671429,hot food take-away (Chinese),Mayfield Village,Class 1,SUI GENERIS,SUI GENERIS,SUI GENERIS,67 MAYFIELD ROAD,EH9 3AA,4104
326632,671425,baker,Mathieson,Class 1,Class 1,Class 1,Class 1,69(01) MAYFIELD ROAD,EH9 3AA,4105
326632,671425,vacant,vacant,Class 1,Demolished,Vacant,Vacant,69A(1) MAYFIELD ROAD,EH9 3AA,4106
326632,671425,building contractor,Ian McLaren Building Maintenance Ltd.,Class 4,Class 4,Class 4,Class 4,69C MAYFIELD ROAD,EH9 3AA,4107
326638.4121,671345.8934,grocer & n/t/c,A.P Saville Stores, , ,Class 1,Class 1,86-88 MAYFIELD ROAD,EH9 3AF,4108
326641.1066,671338.694499999,hairdresser (ladies & gents),Jaxx,Class 1,Class 1,Class 1,Class 1,92 MAYFIELD ROAD,EH9 3AF,4109
326642.8011,671334.740700001,café,Mums Kitchen Café,Class 1,Class 4,Vacant,Class 3,94 MAYFIELD ROAD,EH9 3AF,4110
327289.6971,674450.2578,mixed durable goods,Poundstretcher, , ,Class 1,Class 1,1 MORAY PARK,EH7 5TS,4111
327294.3747,674470.979599999,household goods,TK Maxx Home, , ,Class 1,Class 1,3-5 MORAY PARK,EH7 5TS,4112
325480.7929,671996.6447,stationery,Marchmont Stationery,Class 1,Class 1,Class 1,Class 1,132 MARCHMONT ROAD,EH9 1AQ,4113
325481.0946,671993.0233,solicitors & estate agents,Allingham & Co.,Class 2,Class 2,Class 4,Class 2,134 MARCHMONT ROAD,EH9 1AQ,4114
325481.7518,671987.828600001,arts & craft supplies,The Imagination Workshop,Class 1,Class 1,Class 1,Class 1,136 MARCHMONT ROAD,EH9 1AQ,4115
325482.0535,671983.905400001,greengrocer,D. Fraser McLeod,Class 1,Class 1,Class 1,Class 1,138 MARCHMONT ROAD,EH9 1AQ,4116
325482.3553,671980.2839,chemist,W. King & Son,Class 1,Class 1,Class 1,Class 1,142 MARCHMONT ROAD,EH9 1AQ,4117
325482.9404,671973.8257,bank,Bank of Scotland/HBOS,Class 2,Class 2,Class 2,Class 2,144 MARCHMONT ROAD,EH9 1AQ,4118
325486.0535,671961.8215,restaurant & café,Toast,Class 2, ,Class 3,Class 3,146-148 MARCHMONT ROAD,EH9 1AQ,4119
320214,677003,vacant,vacant, , ,Vacant,Vacant,(50) MARINE DRIVE,EH4 5ES,4120
327529.8362,674428.6173,showroom,K. Construction Ltd,UNKNOWN USE,Vacant,Vacant,Class 4,15 MARIONVILLE ROAD,EH7 5TY,4121
327534.2005,674429.0537,hot food take-away (Chinese),Dragon City,SUI GENERIS,SUI GENERIS,SUI GENERIS,SUI GENERIS,19 MARIONVILLE ROAD,EH7 5TY,4122
327555.5269,674432.580600001,public house,The Hoppy,SUI GENERIS,SUI GENERIS,SUI GENERIS,SUI GENERIS,21-23 MARIONVILLE ROAD,EH7 5UD,4123
327583.1822,674435.471799999,n/t/c,Marionville Newsagent,Class 1,Class 1,Class 1,Class 1,31 MARIONVILLE ROAD,EH7 5UD,4124
327594.3277,674436.5452,vacant,vacant,SUI GENERIS,SUI GENERIS,SUI GENERIS,Vacant,33-35 MARIONVILLE ROAD,EH7 5UD,4125
327618.3997,674438.653999999,waste disposal office,Dirty Work Clearances,Class 1,Class 4,Class 4,Class 4,37 MARIONVILLE ROAD,EH7 6AG,4126
327799.4263,674549.808800001,vacant,vacant, ,Class 1,Vacant,Vacant,69 MARIONVILLE ROAD,EH7 6AH,4127
327553.2175,674406.9463,dwelling,dwelling,Class 1,Class 1,Vacant,Class 9, , ,4128
327557.4364,674407.528200001,dwelling,dwelling,Class 1,Class 1,Vacant,Class 9, , ,4129
327598.5085,674412.091800001,dwelling,dwelling,Class 2,Class 4,Class 1,Class 9, , ,4130
327602.291,674412.528200001,dwelling,dwelling,Class 2,Class 2,Vacant,Class 9, , ,4131
327605.7825,674413.110099999,curtains,Curtain Boutique,Class 1,Class 1,Class 1,Class 1,46 MARIONVILLE ROAD,EH7 5UB,4132
322116.0,674492.9318,"chiropody, podiatry, osteopathy",Blackhall Podiatry & Chiropody + Osteopathic Clinic,Class 1,Class 2,Class 2,Class 2,5 MARISCHAL PLACE,EH4 3NE,4133
322107.7522,674500.324899999,grocer,Blackhall Late Store,Vacant,Class 1,Class 1,Class 1,7 MARISCHAL PLACE,EH4 3NE,4134
322082.7522,674517.9155,post office,Blackhall Post Office,Class 2,Class 1,Class 1,Class 1,11 MARISCHAL PLACE,EH4 3NF,4135
322071.3501,674519.095100001,bicycles,Blackhall Cycles,Class 4,Class 1,Class 1,Class 1,15 MARISCHAL PLACE,EH4 3NF,4136
322097.2998,674508.086100001,dwelling,dwelling,Class 1,Class 1,Class 1,Class 9, , ,4137
322086.684,674515.1633,florist,Lothian Flower Studio,Class 2,Class 2,Class 1,Class 1,10 MARISCHAL PLACE,EH4 3NF,4138
322079.2136,674520.6678,plumbers & electrical contractors,James L Choules,Class 1,Class 4,Class 4,Class 4,12 MARISCHAL PLACE,EH4 3NF,4139
322075.2819,674523.42,café,Café Citron,Class 1,Class 1,Class 3,Class 3,14 MARISCHAL PLACE,EH4 3NF,4140
322067.4183,674514.770099999,hot food take-away (Indian),Jaipur of India,Class 1,Class 3,SUI GENERIS,SUI GENERIS,16 MARISCHAL PLACE,EH4 3NF,4141
327144.2131,676294.6852,take-away food,Tickety Boo Catering,Class 4,Vacant,Class 1,SUI GENERIS,2 MARITIME STREET,EH6 6SB,4142
325848.7391,673759.2777,restaurant,City Art Centre Café,Class 3,Class 3,Class 3,Class 3,1 MARKET STREET,EH1 1DE,4143
320214,677003,public house,Belushis, , ,SUI GENERIS,SUI GENERIS,1A MARKET STREET,EH1 1DE,4144
325759.0,673738.3683,public house,Doric Bar,SUI GENERIS,SUI GENERIS,SUI GENERIS,SUI GENERIS,14-16 MARKET STREET,EH1 1DE,4145
325742.9038,673734.011399999,public house,Hebrides Bar,SUI GENERIS,SUI GENERIS,SUI GENERIS,SUI GENERIS,17 MARKET STREET,EH1 1DE,4146
325977.2464,673169.077299999,restaurant,Double Dutch,Class 1,Class 1,Vacant,Class 3,27-29 MARSHALL STREET,EH8 9BJ,4147
325991.1691,673173.661800001,hairdresser,Graham Anthony Hairdressing,Class 1,Class 1,Class 1,Class 1,31 MARSHALL STREET,EH8 9BJ,4148
325480.1611,672493.420700001,converted to residential,dwelling,Vacant,Vacant,UNKNOWN USE,Class 9, , ,4149
319338.26,672781.907500001,golfing equipment,American Golf Discount Centre,SUI GENERIS,Class 1,Class 1,Class 1,16 MEADOW PLACE ROAD,EH12 7UQ,4150
319230.4863,672682.172,supermarket - large,Tesco Extra, , ,Class 1,Class 1,30 MEADOW PLACE ROAD,EH12 7UQ,4151
327824.6194,674145.0,vacant,vacant,Vacant,Vacant,Vacant,Vacant,1 MEADOWBANK,EH8 8JE,4152
327964.3309,674169.955600001,accountant,The Gillespie Partnership,Class 1,Class 1,Class 2,Class 2,1 MEADOWBANK AVENUE,EH8 7AP,4153
327952.6932,674178.0407,Hairdresser,Kute Kutz,Class 1,Class 1,Vacant,Class 1,4 MEADOWBANK AVENUE,EH8 7AP,4154
327983.5212,674184.488,vacant,vacant,SUI GENERIS,SUI GENERIS,SUI GENERIS,Vacant,1 MEADOWBANK PLACE,EH8 7AW,4155
327990.1146,674185.292099999,vacant,vacant,Class 1,Class 2,Class 2,Vacant, , ,4156
327994.6174,674184.9704,clothing alterations,Tailor Made for Style,Vacant,Class 1,Class 1,Class 1,5 MEADOWBANK PLACE,EH8 7AW,4157
327999.6026,674184.809599999,n/t/c,The Paper Rack,Class 1,Class 1,Class 1,Class 1,9 MEADOWBANK PLACE,EH8 7AW,4158
328003.9445,674184.648800001,domestic appliance electrical repairs,Willow Brae Service Centre,Class 1,Class 1,Class 1,Class 1,4 MEADOWBANK PLACE,EH8 7AW,4159
328008.9298,674184.1664,vacant,vacant,Vacant,Class 1,Vacant,Vacant, , ,4160
328013.4325,674183.844699999,hot food take-away,Loonwah,SUI GENERIS,SUI GENERIS,SUI GENERIS,SUI GENERIS,8 MEADOWBANK PLACE,EH8 7AW,4161
327961.6987,674180.292099999,Beaty Salon,Face-It,Class 1,Class 1,Class 1,Class 1,1 MEADOWBANK TERRACE,EH8 7AR,4162
327957.1811,674179.286499999,physiotherapy clinic,Meadowbank Clinic, , ,Class 2,Class 2,2-3 MEADOWBANK TERRACE,EH8 7AR,4163
327834.9273,674125.2509,soft furnishings,Interior Motives - bespoke soft furnishings, , ,Class 1,Class 1,26-28 MEADOWBANK TERRACE,EH8 7AS,4164
327833.0043,674118.874600001,dwelling,dwelling,Vacant,Class 4,Vacant,Class 9, , ,4165
325696.1997,674963.466499999,residential letting & property management,Mclean Forth Properties Limited,Class 1,Class 4,Class 2,Class 2,2 MELGUND TERRACE,EH7 4BU,4166
324468.0767,673791.2347,estate agents,Boyd Property,Class 1,Class 1,Class 2,Class 2,1-2 MELVILLE PLACE,EH3 7PR,4167
324463.9797,673795.7042,public house,The West Room,SUI GENERIS,SUI GENERIS,SUI GENERIS,SUI GENERIS,3 MELVILLE PLACE,EH3 7PR,4168
324458.3928,673799.4288,wine merchant,Wine House,Class 1,Class 1,Class 1,Class 1,5-6 MELVILLE PLACE,EH3 7PR,4169
324450.5462,673803.862299999,grocer & n/t/c,Westend Store, , ,Class 1,Class 1,7-8 MELVILLE PLACE,EH3 7PR,4170
324445.3318,673806.842,vacant,vacant (formerly Scottish Restaurant),Class 3,Class 3,Vacant,Vacant,10 MELVILLE PLACE,EH3 7PR,4171
324442.7246,673808.331800001,"clocks, watches",Watch,Class 1,Class 1,Class 1,Class 1,12 MELVILLE PLACE,EH3 7PR,4172
324440.1174,673809.821599999,hairdresser (gents),Boombarbers,Class 1,Class 1,Class 1,Class 1,13 MELVILLE PLACE,EH3 7PR,4173
324437.5102,673811.3115,public house,Randolph Bar,SUI GENERIS,SUI GENERIS,SUI GENERIS,SUI GENERIS,13A-14 MELVILLE PLACE,EH3 7PR,4174
326199.6298,672491.209100001,wine merchant,Meadows Wine,Class 1,Class 1,Class 1,Class 1,1-3 MELVILLE TERRACE,EH9 1ND,4175
326193.0,672489.7884,"computer repairs, internet, e-mail",Edinburgh Computer Repairs,Class 1,Class 1,Class 4,Class 1,5 MELVILLE TERRACE,EH9 1ND,4176
326185.8967,672488.367799999,computer repairs,Edinburgh Computer Repairs,Class 1,Class 1,Class 4,Class 1,6 MELVILLE TERRACE,EH9 1ND,4177
326176.4736,672478.8413,photographic studio,Photo Express,Class 2,Class 2,Class 2,Class 2,7 MELVILLE TERRACE,EH9 1ND,4178
325937.8942,672450.1033,delicatessen,Victor Hugo,Class 1,Class 1,Class 1,Class 1,26-27 MELVILLE TERRACE,EH9 1LP,4179
325931.2644,672450.1033,electricians,LPS Electrical (Contracting) Ltd.,Class 4,Class 4,Class 4,Class 4,29 MELVILLE TERRACE,EH9 1LP,4180
325924.1611,672449.629799999,religious centre,Edinburgh Buddhist Centre,Class 4,Class 4,Class 4,Class 2, , ,4181
325643.9778,673378.331800001,restaurant & bar,Under the Stairs, , ,Vacant,Class 3,3A MERCHANT STREET,EH1 2QD,4182
325699.0385,673400.2267,public house,Drop Kick Murphys,Class 3,Class 3,SUI GENERIS,SUI GENERIS,7 MERCHANT STREET,EH1 2QD,4183
325663,673366,restaurant,Merchants,Class 3,Class 3,Class 3,Class 3,17 MERCHANT STREET,EH1 2QD,4184
324135.6285,672262.7106,shoe repairs,no name on fascia,Class 1,Class 1,Class 1,Class 1,30 MERCHISTON AVENUE,EH10 4NZ,4185
324130.1857,672269.967700001,dry cleaner,Merchiston Dry Cleaners, , ,Class 1,Class 1,34-36 MERCHISTON AVENUE,EH10 4NZ,4186
324125.8964,672277.6285,architects,"Matthew, Hamilton, Maclean",Class 1,Class 1,Class 4,Class 4,38 MERCHISTON AVENUE,EH10 4NZ,4187
324123.6285,672281.257099999,"postage stamps, model railways",Tom Brown's Stamp Shop,Class 2,Class 1,Class 1,Class 1,40 MERCHISTON AVENUE,EH10 4NZ,4188
324120.9071,672285.339199999,vacant,vacant,Class 1,Class 1,Class 4,Vacant,42 MERCHISTON AVENUE,EH10 4NZ,4189
324483.2247,672082.887599999,"post office, greeting cards, stationery",Boroughmuirhead Post Office,Class 1,Class 1,Class 1,Class 1,1 MERCHISTON PLACE,EH10 4NP,4190
324478.7697,672080.4888,plumbers,W.F. Wightman,Class 4,Class 4,Class 4,Class 4,3 MERCHISTON PLACE,EH10 4NP,4191
323944.0929,672299.8358,hairdresser,Salon Dorcas,Class 1,Class 1,Class 1,Class 1,35 MERTOUN PLACE,EH11 1JX,4192
313026,678313,café,Picnic Coffee Shop,Class 1,Class 1,Class 3,Class 3,5 MID TERRACE,EH30 9LH,4193
314776,672440,petrol filling station & shop,Ingliston Filling Station (with BP Connect shop),SUI GENERIS,SUI GENERIS,Class 1,Class 1,2 MIDDLE NORTON,EH28 8NH,4194
326506.3377,675079.8562,curtains,Leith Curtain & Upholstery Factory,Class 1,Class 1,Class 1,Class 1,6 MIDDLEFIELD,EH7 4PF,4195
326508.7015,675083.739600001,vacant,vacant,Class 1,Class 1,Vacant,Vacant, , ,4196
326635.3246,676362.220000001,carpets,Central Carpets, ,Class 1,Class 1,Class 1,1A MILL LANE,EH6 6TJ,4197
326616.1046,676363.549699999,public house,Gladstones, , ,SUI GENERIS,SUI GENERIS,1-2 MILL LANE,EH6 6TJ,4198
324514.7978,671101.426999999,dentist,Ian F. James,Vacant,Vacant,Class 1,Class 2,1 MILLAR CRESCENT,EH10 5HN,4199
324509.8287,671100.912900001,hairdresser,Solution,Class 2,Class 1,Class 1,Class 1,3 MILLAR CRESCENT,EH10 5HN,4200
324504.0281,671100.426999999,holistic healing centre,Henrietta's,Class 2,Class 2,Class 2,Class 2,5 MILLAR CRESCENT,EH10 5HN,4201
324499.573,671100.0843,hairdresser (ladies & gents),Avril,Class 1,Class 1,Class 1,Class 1,7 MILLAR CRESCENT,EH10 5HN,4202
331263.7463,672679.168299999,vacant,vacant, , ,Class 1,Vacant,25 MILTON LINK,EH15 3QH,4203
331310.0561,672407.1976,furniture,D.F.S., , ,Class 1,Class 1,26A MILTON LINK,EH15 3QH,4204
331337,672413,carpets,CarpetWise, , ,Class 1,Class 1,26B MILTON LINK,EH15 3QH,4205
332555.2442,673166.421499999,hot food take-away (Chinese),Tiger-In,SUI GENERIS,SUI GENERIS,SUI GENERIS,SUI GENERIS,"303 MILTON ROAD, EAST",EH15 2LA,4206
330300.8432,672866.208699999,MOT/tyres/exhausts,National Tyres & Autocare, , ,Class 1,Class 1,"2 MILTON ROAD, WEST",EH15 1LF,4207
330296.965,672854.4812,grocer & post office,Milton Road Post Office,Class 1,Class 1,Class 1,Class 1,"4-4A MILTON ROAD, WEST",EH15 1LF,4208
330288.7546,672852.9816,chemist,Lindsay & Gilmour,Class 1,Class 1,Class 1,Class 1,"6 MILTON ROAD, WEST",EH15 1LF,4209
330283.0,672851.6043,hot food take-away,The Milton Fry,Class 1,SUI GENERIS,SUI GENERIS,SUI GENERIS,"6A MILTON ROAD, WEST",EH15 1LF,4210
330276.7546,672850.6043,chemist,Lindsay & Gilmour (consultation suite),Class 1,Class 1,Class 1,Class 1,"8 MILTON ROAD, WEST",EH15 1LF,4211
330267.2487,672849.271500001,pine furniture,Omni Furnishing, , ,Class 1,Class 1,"8A MILTON ROAD, WEST",EH15 1LF,4212
330235.9284,672849.765900001,hairdresser,Elle-n,Class 1,Class 1,Class 1,Class 1,"10 MILTON ROAD, WEST",EH15 1LE,4213
330240.0414,672851.0812,grocer (lic.),Milton Convenience Store (Lifestyle), , ,Class 1,Class 1,"10B MILTON ROAD, WEST",EH15 1LE,4214
326714.8473,671827.671399999,political office,Ian Murray MP,Vacant,Class 4,Class 2,Class 2,31 MINTO STREET,EH9 2BT,4215
326711.5879,671834.0,goldsmith workshop,K.Milligan,Class 1,Class 2,Vacant,Class 1,31B MINTO STREET,EH9 2BT,4216
326708.9165,671839.250600001,n/t/c,Newstrader,Class 1,Class 1,Class 1,Class 1,31C-31D MINTO STREET,EH9 2BT,4217
326704.8703,671847.259299999,"scottish goods (ceramics, homewares etc)",Craft House Concept,Class 1,Class 1,Vacant,Class 1,31E MINTO STREET,EH9 2BT,4218
326699.8791,671854.5012,furniture,Omni Pine & Cane Furnishings,Class 1,Class 1,Class 1,Class 1,31F-31G MINTO STREET,EH9 2BT,4219
326502.2464,672194.8309,bank,Royal Bank of Scotland,Class 2,Class 2,Class 2,Class 2,52 MINTO STREET,EH9 2BR,4220
327419.0046,676263.522500001,public house,Bowlers Rest,SUI GENERIS,SUI GENERIS,SUI GENERIS,SUI GENERIS,24 MITCHELL STREET,EH6 7BD,4221
322779.9155,671653.0845,public house,Oscars,SUI GENERIS,SUI GENERIS,SUI GENERIS,SUI GENERIS,1-2 MOAT PLACE,EH14 1NY,4222
322758.9155,671622.9278,n/t/c,Moat Newsagent, , ,Class 1,Class 1,7-8 MOAT PLACE,EH14 1NY,4223
324667.2491,676005.3068,café,Muffins,Class 3,Class 3,Class 3,Class 3,1 MONTAGU TERRACE,EH3 5QX,4224
324661.7113,676001.8989,charity shop,Marie Curie Cancer care,Class 1,Class 1,Class 1,Class 1,2 MONTAGU TERRACE,EH3 5QX,4225
324663.4152,675993.166099999,second-hand designer handbages,Xchange Handbags,Class 1,Class 1,Class 1,Class 1,3 MONTAGU TERRACE,EH3 5QX,4226
324666.9531,675986.527100001,bank,Bank of Scotland,Class 2,Class 2,Class 2,Class 2,5-6 MONTAGU TERRACE,EH3 5QX,4227
324671.9062,675978.472899999,chemist,Vantage Goldenacre Pharmacy,Class 1,Class 1,Class 1,Class 1,6A MONTAGU TERRACE,EH3 5QX,4228
324674.8881,675972.509,hot food take-away (Bangladeshi & Indian),Bengal Spice,Class 1,Vacant,Class 3,SUI GENERIS,8 MONTAGU TERRACE,EH3 5QX,4229
324678.296,675966.758199999,baker,Mathiesons,Class 1,Class 1,Class 1,Class 1,8A MONTAGU TERRACE,EH3 5QX,4230
324691.9712,675940.0469,café,Café Montagu,Class 1,Class 1,Class 1,Class 3,12 MONTAGU TERRACE,EH3 5QX,4231
324693.8881,675936.213,café,Yummy Patisserie & Snack Bar,Class 1,Class 1,Class 1,Class 3,12A MONTAGU TERRACE,EH3 5QX,4232
324696.0181,675932.3791,fishing tackle,The Craftye Fisherman,Class 1,Class 1,Class 1,Class 1,13 MONTAGU TERRACE,EH3 5QX,4233
324698.361,675927.4802,florist,Elliott Clark,Class 1,Class 1,Class 1,Class 1,14 MONTAGU TERRACE,EH3 5QX,4234
324709.3322,675906.0469,charity shop (books),St. Columba's Hospice Bookshop,Class 2,Class 2,Class 2,Class 1,15 MONTAGU TERRACE,EH3 5QR,4235
324711.6751,675901.361,hairdresser,Craig Davidson Hairdressing,Class 1,Class 1,Class 1,Class 1,17 MONTAGU TERRACE,EH3 5QR,4236
324714.2311,675897.1011,beauty salon & hairdresser,Beauty Haven,Class 1,Class 1,Class 1,Class 1,18 MONTAGU TERRACE,EH3 5QR,4237
324716.6932,675891.6028,grocer,Lifestyle Express,Class 1,Class 1,Class 1,Class 1,19 MONTAGU TERRACE,EH3 5QR,4238
324718.8232,675887.129899999,vacant,vacant,Class 1,Class 1,Class 1,Vacant,20 MONTAGU TERRACE,EH3 5QR,4239
324720.7401,675883.083000001,wine merchant,Nicolas,Class 1,Class 1,Class 1,Class 1,22 MONTAGU TERRACE,EH3 5QR,4240
324723.083,675878.3972,hot food take-away (Chinese),Hing Tai,SUI GENERIS,SUI GENERIS,SUI GENERIS,SUI GENERIS,23 MONTAGU TERRACE,EH3 5QR,4241
324726.4802,675871.472899999,hairdresser (gents),Botanic Barbers,Class 2,Vacant,Vacant,Class 1,24 MONTAGU TERRACE,EH3 5QR,4242
324729.0362,675866.573999999,vacant,"vacant (formerly Theodore David jewellery, coins, medals etc.)",Class 1,Class 1,Class 1,Vacant,25 MONTAGU TERRACE,EH3 5QR,4243
324731.3791,675862.1011,fishmonger,J. Brown,Class 1,Class 1,Class 1,Class 1,26 MONTAGU TERRACE,EH3 5QR,4244
324733.509,675858.4802,"alternative therapies (massage, naturotherapy, neuro-linguistic programming etc.)",Robert Stone Therapeutics,Class 2,Class 1,Class 1,Class 1,27 MONTAGU TERRACE,EH3 5QR,4245
326424.4614,672771.7391,dwelling,dwelling,Vacant,Class 1,UNKNOWN USE,Class 9, , ,4246
326429.5386,672774.231799999,political office,Scottish Nationalist Party,Class 4,Class 2,Class 2,Class 2,55 MONTAGUE STREET,EH8 9QS,4247
326980.0196,674381.3465,builder,John McMenamin, , ,Class 2,Class 4,44-46 MONTROSE TERRACE,EH7 5DL,4248
326985.3595,674384.6994,Advocate,Acumen,Class 4,Class 4,Class 4,Class 4,50 MONTROSE TERRACE,EH7 5DL,4249
326997.0916,674390.451099999,property services,property repair,Vacant,Class 2,Class 2,Class 4,52 MONTROSE TERRACE,EH7 5DL,4250
327015.7451,674396.764699999,Chiropractor,Health for Life, , ,Class 11,Class 2,56 MONTROSE TERRACE,EH7 5DP,4251
324543.6882,671225.0253,gifts & greeting cards,Out of the Blue,Class 2,Vacant,Class 1,Class 1,213 MORNINGSIDE ROAD,EH10 4QT,4252
324544.2022,671219.713500001,hairdresser & beauty salon,Tim Galloway,Class 1,Class 1,Class 1,Class 1,215 MORNINGSIDE ROAD,EH10 4QT,4253
324545.1742,671212.8287,jeweller,Margaret A. King,Class 1,Class 1,Class 1,Class 1,217 MORNINGSIDE ROAD,EH10 4QT,4254
324545.6882,671207.688200001,café,Café Blush,Class 1,Vacant,Class 3,Class 3,219 MORNINGSIDE ROAD,EH10 4QT,4255
324545.8595,671203.4045,florist,Cornflower Blue,Class 1,Class 1,Class 1,Class 1,223 MORNINGSIDE ROAD,EH10 4QT,4256
324546.2022,671199.292099999,vacant,vacant,Class 2,Class 2,Class 2,Vacant,225 MORNINGSIDE ROAD,EH10 4QT,4257
324546.7444,671194.426999999,shoe repairs / key cutting / watch repairs / nameplates / engraving etc.,Timpson,Class 1,Class 1,Class 1,Class 1,227 MORNINGSIDE ROAD,EH10 4QT,4258
324547.2584,671189.6292,hairdresser (ladies),Loxx,Class 1,Class 1,Class 1,Class 1,229 MORNINGSIDE ROAD,EH10 4QT,4259
324547.2584,671185.3455,charity shop (books),St. Columba's Hospice Bookshop,Class 1,Class 1,Class 1,Class 1,233 MORNINGSIDE ROAD,EH10 4QT,4260
324547.4298,671181.061799999,vacant,vacant,Class 1,Class 1,Class 1,Vacant,235 MORNINGSIDE ROAD,EH10 4QT,4261
324549.7669,671162.5449,public house,Canny Man's,SUI GENERIS,SUI GENERIS,SUI GENERIS,SUI GENERIS,237 MORNINGSIDE ROAD,EH10 4QU,4262
324548.5168,671152.0,"hot food take-away (fish & chips, pizzas, kebabs, burgers)",Stefano's,SUI GENERIS,SUI GENERIS,SUI GENERIS,SUI GENERIS,241 MORNINGSIDE ROAD,EH10 4QU,4263
324548.8595,671148.059,clothing alterations & repairs,Morningside Tailors,Class 1,Class 1,Class 1,Class 1,241A MORNINGSIDE ROAD,EH10 4QU,4264
324549.0309,671145.1461,stationery,Stationery Express, , ,Class 1,Class 1,243A MORNINGSIDE ROAD,EH10 4QU,4265
324549.2837,671139.657299999,n/t/c,The News, , ,Class 1,Class 1,245 MORNINGSIDE ROAD,EH10 4QU,4266
324549.7978,671132.2303,optician,Rifkind & Brophy, , ,Class 1,Class 1,247-247A MORNINGSIDE ROAD,EH10 4QU,4267
324550.3455,671125.803400001,ladies shoes,Ann Brownlie Shoes,Class 1,Class 1,Class 1,Class 1,251 MORNINGSIDE ROAD,EH10 4QU,4268
324550.1461,671109.713500001,hairdresser (gents hot shave),The Brothers Barbers,Class 1,Class 1,Class 1,Class 1,253 MORNINGSIDE ROAD,EH10 4RD,4269
324550.4888,671105.9438,health foods,Good Food,Class 1,Class 1,Class 1,Class 1,255 MORNINGSIDE ROAD,EH10 4RD,4270
324551.1152,671101.342700001,picture framer,edge,Class 4,Class 1,Class 1,Class 1,257 MORNINGSIDE ROAD,EH10 4RD,4271
324551.4579,671097.486,"jeweller, prints, picture framing",Angles,Class 1,Class 1,Class 1,Class 1,259 MORNINGSIDE ROAD,EH10 4RD,4272
324551.8006,671093.657299999,"mobile phones, accessories & services",Mobyitel.com,Class 1,Class 1,Class 1,Class 1,261 MORNINGSIDE ROAD,EH10 4RD,4273
324552.1433,671090.1713,veterinary surgery,West End Veterinary Partnership,Class 2,Class 2,Class 2,Class 2, , ,4274
324560.7135,671082.0309,post office,Post Office,Class 1,Class 1,Class 1,Class 1,265 MORNINGSIDE ROAD,EH10 4RD,4275
324535,670896,contractors,KM Contracts,Class 2,Class 4,Vacant,Class 4,271 MORNINGSIDE ROAD,EH10 4RW,4276
324472.514,671911.8848,bank,Bank of Scotland,Class 2,Class 2,Class 2,Class 2,8 MORNINGSIDE ROAD,EH10 4DD,4277
324478.0,671860.713500001,"kitchen, bedroom & bathroom furniture",Moben / Sharps / Dolphin,Class 3,Class 1,Class 1,Class 1,14 MORNINGSIDE ROAD,EH10 4DB,4278
324477.8287,671843.9157,"confectionery, ice cream, café",S. Luca, , ,Class 1,Class 1,16 MORNINGSIDE ROAD,EH10 4DB,4279
324478.2837,671802.426999999,bathroom furniture,Bubbles - Luxury Fitted Bathrooms,Class 1,Class 1,Class 1,Class 1,20 MORNINGSIDE ROAD,EH10 4DA,4280
324478.4551,671796.9438,lingerie & swimwear,Bravado Underwear,Class 2,Class 1,Class 1,Class 1,22 MORNINGSIDE ROAD,EH10 4DA,4281
324478.6264,671791.118000001,vacant,vacant (formerly Mrs. Smith fashions),Class 1,Class 1,Class 1,Vacant,26 MORNINGSIDE ROAD,EH10 4DA,4282
324478.8848,671782.8848,school uniforms & sports equipment,Clan House,Class 1,Class 1,Class 1,Class 1,28-30 MORNINGSIDE ROAD,EH10 4DA,4283
327021.2549,674398.8367,hot food take-away,Abbeyhill take away,SUI GENERIS,SUI GENERIS,SUI GENERIS,SUI GENERIS,58 MONTROSE TERRACE,EH7 5DP,4284
327026.9215,674400.725500001,upholsterer,Houseproud Upholsterers,Class 4,Class 4,Class 4,Class 4,60 MONTROSE TERRACE,EH7 5DP,4285
327031.7647,674401.967399999,camera repairs,J.P. Camera Repair Co.,Class 1,Class 1,Class 1,Class 1,64 MONTROSE TERRACE,EH7 5DP,4286
327036.2353,674403.085000001,vacant,vacant,Class 1,Vacant,Vacant,Vacant,66 MONTROSE TERRACE,EH7 5DP,4287
327043.5294,674404.614399999,glaziers / joiners,Abbet Contracts,Class 4,Vacant,Class 4,Class 4,68 MONTROSE TERRACE,EH7 5DP,4288
327048.4967,674405.8562,vacant,vacant,Class 1,Class 1,Class 1,Vacant,70 MONTROSE TERRACE,EH7 5DP,4289
327053.3399,674406.9739,hairdresser,Quinsey's,Class 1,Class 1,Class 1,Class 1,74-76 MONTROSE TERRACE,EH7 5DP,4290
327310.9443,674541.701300001,mixed durable goods,B&M Home Store, , ,Class 1,Class 1,6 MORAY PARK,EH7 5TS,4291
327344.9722,674565.972200001,ladies & mens clothing,Marks & Spencer Outlet, ,Class 1,Class 1,Class 1,7 MORAY PARK,EH7 5TS,4292
327373.2301,674568.5418,ladies & mens clothing,Peacocks, , ,Class 1,Class 1,8 MORAY PARK,EH7 5TS,4293
327413.091,674573.5418,supermarket - large,Sainsbury, , ,Class 1,Class 1,9-10 MORAY PARK,EH7 5TS,4294
327368.3082,674442.793,restaurant,Kentucky Fried Chicken (KFC), , ,Class 3,Class 3,11 MORAY PARK,EH7 5TS,4295
328822.8936,669509.925100001,beauty salon,Sunflower Beauty,Class 1,Class 1,Class 1,Class 1,33 MOREDUN PARK ROAD,EH17 7ES,4296
328833.5158,669511.043299999,chemist,Lindsay & Gilmour,Class 1,Class 1,Class 1,Class 1,37 MOREDUN PARK ROAD,EH17 7ES,4297
328845.4526,669513.807,hairdresser,Barrie Jon Hairstyles,Class 1,Class 1,Class 1,Class 1,39 MOREDUN PARK ROAD,EH17 7ES,4298
328864.1114,669516.602299999,grocer,Key Store, , ,Class 1,Class 1,43-45 MOREDUN PARK ROAD,EH17 7ES,4299
328878.5184,669518.9167,baker,Morrison's Home Bakery,Class 1,Vacant,Class 1,Class 1,49 MOREDUN PARK ROAD,EH17 7ES,4300
329210.4226,669539.9781,baker,Ferguson's Home Bakery,Class 1,Class 1,Class 1,Class 1,101 MOREDUN PARK ROAD,EH17 7HJ,4301
329220.0,669532.7577,grocer,Fazal Convenience Store (Premier), , ,Class 1,Class 1,105-107 MOREDUN PARK ROAD,EH17 7HJ,4302
329239.7887,669517.5592,hairdresser,Jon McMahon Hair,Class 1,Class 1,Class 1,Class 1,111 MOREDUN PARK ROAD,EH17 7HJ,4303
329247.674,669511.8106,vacant,vacant,Class 1,Class 1,Class 4,Vacant,113 MOREDUN PARK ROAD,EH17 7HJ,4304
324485.9129,671642.1742,natural floorcoverings (wooden),Surface+,Class 1,Class 1,Class 1,Class 1,98 MORNINGSIDE ROAD,EH10 4BY,4305
324485.8848,671637.1713,hairdresser,Technik,Class 1,Class 1,Class 1,Class 1,102 MORNINGSIDE ROAD,EH10 4BY,4306
324486.0562,671631.1713,charity shop,Shelter,Class 1,Class 1,Class 1,Class 1,104 MORNINGSIDE ROAD,EH10 4BY,4307
324490.823,671548.112400001,photographic goods,Cameratiks,Class 1,Class 1,Class 1,Class 1,120-122 MORNINGSIDE ROAD,EH10 4BX,4308
324490.9129,671541.0,prints & picture framing,The Framework Gallery,Class 2,Class 1,Class 1,Class 1,124 MORNINGSIDE ROAD,EH10 4BX,4309
324491.0843,671537.0,"oriental therapies (acupuncture, herbal remedies, massage, reflexology)",Chinese Doctor,Class 1,Class 2,Class 2,Class 2,126 MORNINGSIDE ROAD,EH10 4BX,4310
324492.7697,671520.9157,hot food take-away (Chinese),Rice Bowl,SUI GENERIS,SUI GENERIS,SUI GENERIS,SUI GENERIS,128A MORNINGSIDE ROAD,EH10 4BX,4311
324493.7107,671514.483200001,"fabrics, curtains",Dingwall Fabrics,Class 1,Class 1,Class 1,Class 1,130 MORNINGSIDE ROAD,EH10 4BX,4312
324497.7135,671503.887599999,pine furniture,Studio One Furniture,Class 1,Class 1,Class 1,Class 1,132 MORNINGSIDE ROAD,EH10 4BX,4313
324506.5702,671378.6854,florist,Arrangements Direct,Class 1,Class 1,Class 1,Class 1,156 MORNINGSIDE ROAD,EH10 4PX,4314
324506.7416,671374.6854,"jewellery, handbags & accessories",Amore Mio,Class 4,Class 1,Class 1,Class 1,158 MORNINGSIDE ROAD,EH10 4PX,4315
324506.9691,671368.8287,beauty salon,Callidora,Class 1,Class 1,Class 1,Class 1,162 MORNINGSIDE ROAD,EH10 4PX,4316
324495.8848,671346.918500001,public house & restaurant,The Merlin,SUI GENERIS,Class 3,SUI GENERIS,SUI GENERIS,168(05)-172 MORNINGSIDE R,EH10 4PU,4317
324509.7416,671334.342700001,hot food take-away (Indian),India Today,Class 2,Class 1,SUI GENERIS,SUI GENERIS,176 MORNINGSIDE ROAD,EH10 4PU,4318
324509.9129,671325.8287,funeral directors / undertakers,W.T. Dunbar & Sons, , ,Vacant,Class 1,178-182 MORNINGSIDE ROAD,EH10 4PU,4319
324511.1124,671293.2837,betting shop,William Hill,Class 1,Class 1,Class 1,Class 2,190 MORNINGSIDE ROAD,EH10 4PU,4320
324511.2837,671286.4298,bank,Santander,Class 2,Class 2,Class 2,Class 2,194-196 MORNINGSIDE ROAD,EH10 4PU,4321
329114.4535,669526.599300001,supermarket & post office,Scotmid / Post Office,Class 1,Class 1,Class 1,Class 1,80-88 MOREDUN PARK ROAD,EH17 7HG,4322
328929.0611,670092.3741,public house,The Royal,SUI GENERIS,SUI GENERIS,SUI GENERIS,SUI GENERIS,50 MOREDUNVALE ROAD,EH17 7RZ,4323
328937.8282,670075.5153,grocer,Afe Minimart, , ,Class 1,Class 1,50A MOREDUNVALE ROAD,EH17 7RZ,4324
328939,670107,betting shop,Scotbet, , ,Class 2,Class 2,(50B) MOREDUNVALE ROAD,EH17 7RZ,4325
324461.7135,670785.6545,hairdresser,Muir's Hair Salon,Class 1,Class 1,Class 1,Class 1,3 MORNINGSIDE DRIVE,EH10 5LZ,4326
324456.0843,670785.741599999,ceramic tiles,G. Henderson,Class 1,Class 2,Class 1,Class 1,7 MORNINGSIDE DRIVE,EH10 5LZ,4327
324452.6573,670785.5702,hairdresser,Claire's Hair Shop,Class 1,Class 1,Class 1,Class 1,9 MORNINGSIDE DRIVE,EH10 5LZ,4328
324446.8258,670785.1994,vacant,vacant,Class 1,Class 4,Class 4,Vacant,13-15 MORNINGSIDE DRIVE,EH10 5LZ,4329
324437.4017,670782.971899999,educational / tutoring service,Whizzkidz Multimedia Learning Centre for Children,Class 2,Class 2,Class 4,Class 4,19 MORNINGSIDE DRIVE,EH10 5LZ,4330
324432.4326,670781.4298,painters & decorators,Alldec,Class 1,Class 4,Class 4,Class 4,21 MORNINGSIDE DRIVE,EH10 5LZ,4331
324470.4132,670814.423900001,restaurant (Chinese),Heaven's Kitchen,Class 3,Class 3,Class 3,Class 3,6-8 MORNINGSIDE DRIVE,EH10 5LY,4332
324463.4551,670813.832599999,hypnotherapist,Morningside Hypnotherapy Centre,Class 1,Class 1,Class 2,Class 2,10 MORNINGSIDE DRIVE,EH10 5LY,4333
324459.0,670813.6097,vacant,vacant,Class 1,Class 1,Class 2,Vacant,14-16 MORNINGSIDE DRIVE,EH10 5LY,4334
324448.8212,670812.9805,vacant,vacant,Class 1,Class 2,Class 2,Vacant,20 MORNINGSIDE DRIVE,EH10 5LY,4335
324445.0168,670812.7576,nursing & residential care services,Lynedoch Care,Class 2,Class 2,Class 4,Class 4,22 MORNINGSIDE DRIVE,EH10 5LY,4336
323702.8272,670632.7807,dwelling,dwelling,Class 1,Class 1,Class 1,Class 9, , ,4337
324513.3455,671702.2556,clothing & homeware,bohemia,Class 1,Class 1,Class 1,Class 1,33A MORNINGSIDE ROAD,EH10 4DR,4338
324513.6882,671695.9157,lighting,Studio Design Italia (October 1st Ltd.), , ,Class 1,Class 1,37-39 MORNINGSIDE ROAD,EH10 4DR,4339
324514.2865,671688.0,café,Rocket Café,Class 1,Class 1,Class 1,Class 3,41 MORNINGSIDE ROAD,EH10 4DR,4340
324515.4298,671680.6854,residential letting agency,Arden Property management,Class 2,Class 2,Class 2,Class 2,43 MORNINGSIDE ROAD,EH10 4DS,4341
324516.2303,671655.426999999,restaurant,Nonna's Kitchen,Class 2,Class 1,Class 3,Class 3,45 MORNINGSIDE ROAD,EH10 4BB,4342
324516.4017,671644.4607,bedroom furniture,feather & black,Class 1,Class 1,Class 1,Class 1,47-49 MORNINGSIDE ROAD,EH10 4BA,4343
324516.5449,671636.1461,bathroom furniture & fittings,bathstore.com,Class 1,Class 1,Class 1,Class 1,53-57 MORNINGSIDE ROAD,EH10 4BA,4344
324516.7163,671622.856699999,vacant,vacant,Class 1,Class 1,Class 1,Vacant,61-63 MORNINGSIDE ROAD,EH10 4AZ,4345
324520.2303,671518.309,furniture,Studio One Furniture,Class 1,Class 1,Class 1,Class 1,71 MORNINGSIDE ROAD,EH10 4AY,4346
324520.7444,671513.682600001,chiropodist,Morningside Podiatry Service,Class 2,Class 2,Class 2,Class 2, , ,4347
324521.2584,671509.0562,"gifts, crafts, greeting cards",Mulberry Bush,Class 1,Class 1,Class 1,Class 1,77 MORNINGSIDE ROAD,EH10 4AY,4348
324521.6826,671504.5112,homeware,Context Interiors,Class 2,Class 1,Class 11,Class 1,79 MORNINGSIDE ROAD,EH10 4AY,4349
324522.1152,671500.831499999,"artists materials, prints, art gallery",Just Art,Class 1,Class 1,Class 1,Class 1,81 MORNINGSIDE ROAD,EH10 4AY,4350
324523.4888,671494.5702,ladies clothing,Wilkies,Class 1,Class 1,Class 1,Class 1,83-85 MORNINGSIDE ROAD,EH10 4AY,4351
324524.1742,671485.317399999,charity shop,Cancer Research UK,Class 1,Class 1,Class 1,Class 1,87 MORNINGSIDE ROAD,EH10 4AY,4352
324525.2022,671475.3792,plumbers & heating engineers,Haggart,Class 1,Vacant,Class 4,Class 4,89 MORNINGSIDE ROAD,EH10 4AY,4353
324526.059,671464.412900001,charity shop,Bethany shop,Class 1,Vacant,Class 1,Class 1,93 MORNINGSIDE ROAD,EH10 4AY,4354
324526.9157,671453.2752,travel agent,Thomas Cook,Class 1,Class 1,Class 1,Class 1,95 MORNINGSIDE ROAD,EH10 4AY,4355
324539.9747,671417.856699999,supermarket - large,Waitrose,Class 1,Class 1,Class 1,Class 1,145 MORNINGSIDE ROAD,EH10 4AX,4356
324530.6039,671388.112400001,mobile phone shop,O2,Class 1,Class 1,Class 1,Class 1,147 MORNINGSIDE ROAD,EH10 4AX,4357
324530.7753,671383.8287,optician,Visionary Eyecare,Class 2,Class 1,Class 1,Class 1,151 MORNINGSIDE ROAD,EH10 4AX,4358
324531.4607,671379.202199999,chemist,Lorimer Pharmacy,Class 1,Class 1,Class 1,Class 1,153 MORNINGSIDE ROAD,EH10 4AX,4359
324532.2893,671371.5702,restaurant (Chinese),Pine Garden,SUI GENERIS,Class 3,Class 3,Class 3,155 MORNINGSIDE ROAD,EH10 4AX,4360
324532.9747,671365.573000001,betting shop,Ladbrokes,Class 2,Class 2,Class 2,Class 2,159-161 MORNINGSIDE ROAD,EH10 4AX,4361
324533.8034,671356.7697,charity shop,Kidney Research UK,Class 1,Class 1,Class 1,Class 1,163 MORNINGSIDE ROAD,EH10 4AX,4362
324534.3174,671351.8006,café,Café Brunchies,SUI GENERIS,SUI GENERIS,SUI GENERIS,Class 3,165 MORNINGSIDE ROAD,EH10 4AX,4363
324536.4017,671331.547700001,coffee shop,Caffé Nero,Class 2,Class 1,Class 3,Class 3,177 MORNINGSIDE ROAD,EH10 4AX,4364
324540.8595,671304.5702,charity shop,Capability Scotland,Class 4,Class 1,Class 1,Class 1,179 MORNINGSIDE ROAD,EH10 4QP,4365
324541.0309,671299.6011,hearing aids,Amplifon,Class 1,Class 1,Class 1,Class 1,183 MORNINGSIDE ROAD,EH10 4QP,4366
324541.5449,671294.4607,dry cleaner,Scotcleen,Class 1,Class 1,Class 1,Class 1,185 MORNINGSIDE ROAD,EH10 4QP,4367
324542.059,671287.7697,grocer,Costcutter,Class 1,Class 1,Class 1,Class 1,187 MORNINGSIDE ROAD,EH10 4QP,4368
324542.2303,671282.971899999,hot food take-away (Chinese),Food for U,Vacant,Class 1,SUI GENERIS,SUI GENERIS,189 MORNINGSIDE ROAD,EH10 4QP,4369
324542.573,671278.002800001,toys,Toys Galore,Class 1,Class 1,Class 1,Class 1,193 MORNINGSIDE ROAD,EH10 4QP,4370
324542.7725,671270.3708,charity shop,St. Columba's Hospice,Class 1,Class 1,Class 1,Class 1,195-197 MORNINGSIDE ROAD,EH10 4QP,4371
324543.1152,671265.059,hairdressers (gents - Turkish style hot shaves),First Class barbers,Class 1,Class 1,Vacant,Class 1,199 MORNINGSIDE ROAD,EH10 4QP,4372
324543.4579,671259.5758,ladies clothing,GreenSleeves,Class 1,Class 1,Class 1,Class 1,203 MORNINGSIDE ROAD,EH10 4QP,4373
324543.8006,671255.1208,estate agents,Jardine Phillips,Class 2,Class 2,Class 2,Class 2,205 MORNINGSIDE ROAD,EH10 4QP,4374
324543.5168,671231.1938,chemist,Boots,Class 1,Class 1,Class 1,Class 1,207-209 MORNINGSIDE ROAD,EH10 4QT,4375
324479.2275,671776.887599999,oriental rugs & ornaments,Persian Rug Village,Class 1,Class 1,Class 1,Class 1,34 MORNINGSIDE ROAD,EH10 4DA,4376
324479.3989,671770.205,hairdresser (ladies & gents),Kid's Stop,Class 1,Class 1,Class 1,Class 1,36 MORNINGSIDE ROAD,EH10 4DA,4377
324479.8848,671762.227499999,photographic studio,Images of Morningside,Class 1,Class 1,Class 2,Class 2,38 MORNINGSIDE ROAD,EH10 4DA,4378
324480.0562,671757.772500001,hairdresser,Panache,Class 1,Class 1,Class 1,Class 1,40 MORNINGSIDE ROAD,EH10 4DA,4379
324480.3736,671753.1405,"office services (mail boxes, packing, shipping, copying, laminating, binding, office supplies etc.)",Mail Boxes Etc., , ,Class 4,Class 4,44-46 MORNINGSIDE ROAD,EH10 4BZ,4380
324481.6292,671735.4298,"t.v., hi-fi, computers, digital cameras",Sony Centre, , ,Class 1,Class 1,48-50 MORNINGSIDE ROAD,EH10 4BZ,4381
324482.2556,671726.6348,vacant,vacant,Class 1,Class 1,Class 1,Vacant,54-56 MORNINGSIDE ROAD,EH10 4BZ,4382
324482.3118,671716.1713,"greengrocer, florist, delicatessen, confectioner",The Harvest Garden,Class 1,Class 1,Class 1,Class 1,58-60 MORNINGSIDE ROAD,EH10 4BZ,4383
324482.6545,671711.0309,n/t/c,Morningside News,Class 1,Class 1,Class 1,Class 1,62 MORNINGSIDE ROAD,EH10 4BZ,4384
324482.8258,671706.233100001,ladies clothing (bridal & evening wear),Kudos,Class 1,Class 1,Class 2,Class 1,66 MORNINGSIDE ROAD,EH10 4BZ,4385
324482.4551,671698.856699999,dressmaker,Helen Rennie,Class 1,Class 1,Class 1,Class 1,68 MORNINGSIDE ROAD,EH10 4BZ,4386
324482.7978,671693.7163,hairdresser,MacGregor,Class 1,Class 1,Class 1,Class 1,70 MORNINGSIDE ROAD,EH10 4BZ,4387
324483.1405,671688.4045,restaurant (Indian),Morningside Spice,Vacant,Vacant,Class 3,Class 3,74 MORNINGSIDE ROAD,EH10 4BY,4388
324483.427,671680.971899999,solicitors & estate agents,Hunters Residential,Class 1,Vacant,Class 2,Class 2,76-80 MORNINGSIDE ROAD,EH10 4BY,4389
324483.941,671674.631999999,hairdresser,Fleming Smith,Class 1,Class 1,Class 1,Class 1,84 MORNINGSIDE ROAD,EH10 4BY,4390
324484.2837,671668.1208,restaurant (Indian),The Clay Oven Restaurant,Class 3,Class 3,Class 3,Class 3,86-88 MORNINGSIDE ROAD,EH10 4BY,4391
324484.7416,671659.342700001,residential letting agency,Charles White Property management,Class 2,Class 2,Class 2,Class 2,92 MORNINGSIDE ROAD,EH10 4BY,4392
324485.2275,671651.0843,fine art,Morningside Gallery,Class 1,Class 1,Class 1,Class 1,94 MORNINGSIDE ROAD,EH10 4BY,4393
324485.5702,671646.457900001,carpets,Kristoffersen Carpets,Vacant,Class 1,Class 1,Class 1,96 MORNINGSIDE ROAD,EH10 4BY,4394
324512.9101,671264.856699999,bank,Lloyds TSB Scotland,Class 2,Class 2,Class 2,Class 2,200 MORNINGSIDE ROAD,EH10 4QQ,4395
324513.573,671254.286499999,charity shop,Oxfam, , ,Class 1,Class 1,204-206 MORNINGSIDE ROAD,EH10 4QQ,4396
324514.1966,671246.6601,charity shop (books),Oxfam,Class 3,Class 3,Class 3,Class 1,210 MORNINGSIDE ROAD,EH10 4QQ,4397
324503.7444,671234.837099999,chemist,Superdrug,Vacant,Class 1,Class 1,Class 1,212-214 MORNINGSIDE ROAD,EH10 4QQ,4398
324504.677,671220.8062,supermarket - small,Marks & Spencer - Simply Food,Class 1,Class 1,Class 1,Class 1,216 MORNINGSIDE ROAD,EH10 4QQ,4399
324514.5084,671210.4944,coffee kiosk,unknown - no name, , ,Class 3,Class 3,216(A) MORNINGSIDE ROAD,EH10 4QQ,4400
324516.6517,671189.5702,optician,Specsavers,Class 1,Class 1,Class 1,Class 1,302 MORNINGSIDE ROAD,EH10 4QH,4401
324516.823,671186.657299999,baker,Goodfellow & Steven,Class 1,Class 1,Class 1,Class 1,306 MORNINGSIDE ROAD,EH10 4QH,4402
324516.9944,671183.059,"clothing, astrology, tarot, tai-chi etc. (New Age services)",Fool Clothing,Class 1,Vacant,Class 1,Class 1,308 MORNINGSIDE ROAD,EH10 4QH,4403
324517.1657,671179.803400001,greeting cards & gifts,Mellstock Quire,Vacant,Class 1,Class 1,Class 1,310 MORNINGSIDE ROAD,EH10 4QH,4404
324517.5674,671174.0309,specialist cakes (celebration cakes),The Edinburgh Cake Shop,Class 1,Class 1,Class 1,Class 1,312 MORNINGSIDE ROAD,EH10 4QH,4405
324517.9129,671167.3708,greengrocer,Fruit-a-licious,Class 1,Class 1,Class 1,Class 1,314 MORNINGSIDE ROAD,EH10 4QH,4406
324518.2556,671161.373600001,candles & gifts,Candle-it,Class 1,Class 1,Class 1,Class 1,318 MORNINGSIDE ROAD,EH10 4QH,4407
324518.427,671153.741599999,building society,Nationwide,Class 2,Class 2,Class 2,Class 2,320 MORNINGSIDE ROAD,EH10 4QJ,4408
324518.5983,671149.6292,café & delicatessen,The Deli,Class 1,Class 1,Class 3,Class 3,324 MORNINGSIDE ROAD,EH10 4QJ,4409
324519.1124,671145.1742,grocer,Costcutter,Class 1,Class 1,Class 1,Class 1,326 MORNINGSIDE ROAD,EH10 4QJ,4410
324519.4832,671137.7388,fishmonger,Welch,Class 1,Class 1,Class 1,Class 1,328 MORNINGSIDE ROAD,EH10 4QJ,4411
324519.9972,671132.7697,cheesemonger,Ian J. Mellis,Class 1,Class 1,Class 1,Class 1,330 MORNINGSIDE ROAD,EH10 4QJ,4412
324520.3399,671127.8006,greeting cards,Hallmark,Class 1,Class 1,Class 1,Class 1,334 MORNINGSIDE ROAD,EH10 4QJ,4413
324520.6826,671123.1742,hot food take-away,Pizza Hut,Class 1,Vacant,SUI GENERIS,SUI GENERIS,336 MORNINGSIDE ROAD,EH10 4QJ,4414
324522.3371,671101.598300001,charity shop,Marie Curie Cancer Care,Class 1,Class 1,Class 1,Class 1,340 MORNINGSIDE ROAD,EH10 4QL,4415
324522.8511,671096.971899999,pets & pet supplies,Morningside Pets,Class 1,Class 1,Class 1,Class 1,344 MORNINGSIDE ROAD,EH10 4QL,4416
324523.1938,671092.002800001,"ladies clothing, accessories, handbags & jewellery",Ivies,Class 1,Class 1,Class 1,Class 1,346 MORNINGSIDE ROAD,EH10 4QL,4417
324523.7079,671087.7191,travel agent,Morningside Travel,Class 1,Class 1,Class 1,Class 1,348 MORNINGSIDE ROAD,EH10 4QL,4418
324523.7697,671083.797800001,vacant,vacant,Class 1,Class 1,Class 1,Vacant,350 MORNINGSIDE ROAD,EH10 4QL,4419
324524.1124,671078.486,baker (artisan baker),Bakery Andante,Class 1,Class 1,Class 1,Class 1,352 MORNINGSIDE ROAD,EH10 4QL,4420
324524.4551,671073.688200001,building society,Alliance & Leicester,Class 2,Class 2,Class 2,Class 2,356 MORNINGSIDE ROAD,EH10 4QN,4421
324525.1405,671064.657299999,vacant,vacant (formerly Chatterbox bakery & take-away),Class 1,Class 1,Class 1,Vacant,358 MORNINGSIDE ROAD,EH10 4QN,4422
324525.4832,671061.573000001,vacant,vacant,Class 1,Class 1,Class 1,Vacant,360 MORNINGSIDE ROAD,EH10 4QN,4423
325765,674227,vacant,vacant, , , ,Vacant, , ,4424
325763.0,674208.507300001,ladies lingerie,Bravissimo, , , ,Class 1,17 MULTREES WALK,EH1 3DQ,4425
325749.4927,674205.0,jeweller,Azendi, , , ,Class 1,19 MULTREES WALK,EH1 3DQ,4426
325738.0147,674202.0,pens,The Pen Shop, , ,Class 1,Class 1,21 MULTREES WALK,EH1 3DQ,4427
325721.9853,674206.492699999,fashion clothing,Replay, , , ,Class 1,23 MULTREES WALK,EH1 3DQ,4428
325706.5073,674202.9706,general clothing,Emporio Armani, , , ,Class 1,25 MULTREES WALK,EH1 3DQ,4429
325698.0,674201.1698,accessories / bags,Mulbery, , , ,Class 1,26 MULTREES WALK,EH1 3DQ,4430
325714.4927,674204.9706,general clothing,Reiss, , ,Class 1,Class 1,24 MULTREES WALK,EH1 3DQ,4431
325079.739,673984.5865,restaurant,Café Andaluz, , , ,Class 3,77B GEORGE STREET,EH2 3EE,4432
325667,674212,jeweller,Links of London, , ,Class 1,Class 1,3 MULTREES WALK,EH1 3DQ,4433
325672,674214,ladies clothing,Anne Fontaine, , ,Class 1,Class 1,4 MULTREES WALK,EH1 3DQ,4434
325686.0,674217.014699999,general clothing,Calvin Klein, , ,Class 1,Class 1,6 MULTREES WALK,EH1 3DQ,4435
324351.5751,673245.9234,vacant,vacant,Class 1,Class 4,Class 1,Vacant,202 MORRISON STREET,EH3 8EA,4436
324347.367,673246.0549,speciality tea & coffee merchant,The Better Beverage Company,Vacant,Class 9,Class 1,Class 1,204 MORRISON STREET,EH3 8EA,4437
324343.0275,673246.3179,graphic design studio,River Design,Class 2,Class 2,Class 4,Class 4,208 MORRISON STREET,EH3 8EA,4438
324338.9509,673246.4494,vacant,vacant,Class 1,Class 1, ,Vacant,210 MORRISON STREET,EH3 8EA,4439
324330.1864,673247.367000001,dental surgery,Stuart F. Steven & Associates, , ,Vacant,Class 2, , ,4440
324316.9696,673247.896,books,Robbie's Bookshop,Class 1,Class 1,Class 1,Class 1,220 MORRISON STREET,EH3 8EA,4441
324313.4191,673248.0275,hot food take-away,No. 1 Kebab,SUI GENERIS,Vacant,SUI GENERIS,SUI GENERIS,222 MORRISON STREET,EH3 8EA,4442
324310.1315,673248.159,specialist whiskies,Special Scotch Whisky,Class 1,Class 1,Class 1,Class 1,224 MORRISON STREET,EH3 8EA,4443
324307.2385,673248.159,vacant,vacant,Class 1,Class 1,Class 2,Vacant,226 MORRISON STREET,EH3 8EA,4444
324301.052,673248.4494,residential letting agency,Orchard & Shipman,Class 1,Class 1,Class 2,Class 2,230 MORRISON STREET,EH3 8EA,4445
324279.5535,673249.367000001,electrical goods,The Home Cinema Centre, , ,Class 1,Class 1,234-240 MORRISON STREET,EH3 8EA,4446
324253.4564,673251.852700001,computer components,Microlink,Class 4,Class 4,Class 4,Class 1,244 MORRISON STREET,EH3 8DT,4447
324245.0403,673251.984200001,restaurant,Papoli,Vacant,SUI GENERIS,SUI GENERIS,Class 3,244A MORRISON STREET,EH3 8DT,4448
324235.4407,673252.510199999,restaurant (Chinese),Chop Chop,Class 2,Vacant,Vacant,Class 3,248 MORRISON STREET,EH3 8DT,4449
324225.7095,673252.7732,restaurant (Indian),Mumbai Mansion,Class 1,Class 1,Class 1,Class 3,250 MORRISON STREET,EH3 8DT,4450
324199.6575,673254.5809,public house,Spider's Web,SUI GENERIS,SUI GENERIS,SUI GENERIS,SUI GENERIS,256-260 MORRISON STREET,EH3 8DT,4451
324177.474,673254.104,bedroom furniture,Grove Bedding, , ,Class 1,Class 1,266 MORRISON STREET,EH3 8DT,4452
324169.0,673254.367000001,flooring,Peter Young Flooring Ltd., , ,Class 1,Class 1,270 MORRISON STREET,EH3 8DT,4453
324525.8258,671057.8258,vacant,vacant,Class 1,Class 1,Class 1,Vacant,364 MORNINGSIDE ROAD,EH10 4QN,4454
324525.9972,671052.514,coffee shop / hot food take-away (South African),Zulu Lounge,Class 3,Class 1,Class 3,Class 3,366 MORNINGSIDE ROAD,EH10 4QN,4455
325704.478,674222.014699999,fashion clothing (denim),G Star, , , ,Class 1,8 MULTREES WALK,EH1 3DQ,4456
325726.0,674228.507300001,hairdresser,Vidal Sassoon, , ,Class 1,Class 1,10 MULTREES WALK,EH1 3DQ,4457
325743.478,674233.014699999,luxury footwear,Kurt Geiger, , , ,Class 1,12 MULTREES WALK,EH1 3DQ,4458
325769.0147,674210.492699999,footwear,Sole, , , ,Class 1,16 MULTREES WALK,EH1 3DQ,4459
325687.1059,673937.037,vacant,vacant, , , ,Vacant, , ,4460
324526.3989,671044.772500001,tea house / café,Loopy Lorna's,Class 3,Class 3,Class 3,Class 3,370-372 MORNINGSIDE ROAD,EH10 5HS,4461
324520.2528,670999.3708,delicatessen (importer of French food & wine),Henri's of Morningside,Class 1,Class 1,Class 1,Class 1,376 MORNINGSIDE ROAD,EH10 5HX,4462
324519.3961,670993.887599999,pottery & craft goods,South Lissens Pottery & Silk Art,Class 4,Class 1,Class 1,Class 1,380 MORNINGSIDE ROAD,EH10 5HX,4463
324518.5393,670989.2612,gifts & fancy goods,Heros,Class 1,Class 1,Class 1,Class 1,382 MORNINGSIDE ROAD,EH10 5HX,4464
324517.6573,670983.682600001,vacant,"vacant (formerly Curvy Girl, ladies clothing)",Class 1,Class 1,Class 1,Vacant,384 MORNINGSIDE ROAD,EH10 5HX,4465
324516.9719,670979.3989,greeting cards,Four Seasons,Class 1,Class 1,Vacant,Class 1,386 MORNINGSIDE ROAD,EH10 5HX,4466
324516.2865,670975.457900001,books,Kay's Bookshop,Class 1,Class 1,Class 1,Class 1,390 MORNINGSIDE ROAD,EH10 5HX,4467
324515.4298,670971.516799999,"ethnic homeware (art, textiles, crafts)",Azalay,Class 1,Class 1,Class 1,Class 1,392 MORNINGSIDE ROAD,EH10 5HX,4468
324514.7416,670966.252800001,café,The Clock Café & Bistro,Class 1,Vacant,Class 3,Class 3,394 MORNINGSIDE ROAD,EH10 5HX,4469
324514.0562,670961.797800001,delicatessen,Morningside Delicatessen,Class 1,Class 1,Class 1,Class 1,396 MORNINGSIDE ROAD,EH10 5HX,4470
324513.1994,670957.514,baker,Greggs,Class 1,Class 1,Class 1,Class 1,400 MORNINGSIDE ROAD,EH10 5HY,4471
324512.6854,670953.7444,dry cleaner & ironing service,Johnsons,Class 1,Class 1,Class 1,Class 1,402 MORNINGSIDE ROAD,EH10 5HY,4472
324511.6854,670949.168500001,hairdresser,404 Hair Design,Class 1,Class 1,Class 1,Class 1,404 MORNINGSIDE ROAD,EH10 5HY,4473
324510.8287,670945.5702,vacant,vacant (formerly Himalayan Footsteps / OJM Travel),Class 1,Class 1,Vacant,Vacant,406 MORNINGSIDE ROAD,EH10 5HY,4474
324510.1433,670941.8006,ladies clothing (knitwear design studio),Ginger Morar,Class 1,Class 1,Class 1,Class 1,410 MORNINGSIDE ROAD,EH10 5HY,4475
324509.6292,670938.373600001,"natural therapies (acupuncture, herbal remedies, weight loss)",Acuremedy,Class 1,Class 1,Class 2,Class 2,412 MORNINGSIDE ROAD,EH10 5HY,4476
324509.1152,670935.4607,arts & crafts (Polish),Beautiful Things,Class 1,Class 1,Class 1,Class 1,414 MORNINGSIDE ROAD,EH10 5HY,4477
324508.3708,670931.2837,residential letting agency,Belvoir Lettings,Class 1,Vacant,Class 11,Class 2,416 MORNINGSIDE ROAD,EH10 5HY,4478
324507.514,670926.8287,coffee shop & Christian community centre,The Open Door,Class 4,Class 3,Class 3,Class 3,420 MORNINGSIDE ROAD,EH10 5HY,4479
324507.6292,670912.227499999,hairdresser (gents),The Barber,Class 1,Class 1,Class 1,Class 1,422 MORNINGSIDE ROAD,EH10 5HY,4480
324509,670910,n/t/c,Newslink of Morningside,Class 1,Class 1,Class 1,Class 1,424 MORNINGSIDE ROAD,EH10 5HY,4481
324486.0506,670903.841600001,bank,Bank of Scotland,Class 2,Class 2,Class 2,Class 2,426 MORNINGSIDE ROAD,EH10 5HY,4482
324762.0052,673172.7513,grocer / convenience store,Sainsbury Local, , ,Class 1,Class 1,3 MORRISON STREET,EH3 8BH,4483
324605,673132,vacant,vacant, , ,Class 3,Vacant,(71) MORRISON STREET,EH3 8BU,4484
324594,673151,vacant,vacant, , ,Class 3,Vacant,(73) MORRISON STREET,EH3 8BU,4485
324563.5017,673171.249600001,ceramic tiles,Ceramic Tiles,Class 1,Class 1,Class 1,Class 1,79 MORRISON STREET,EH3 8BU,4486
324556.9986,673173.000499999,hardware,Murray's Tool Store,Class 1,Class 1,Class 1,Class 1,83 MORRISON STREET,EH3 8BU,4487
324549.2539,673175.249600001,t.v. & electrical goods,Hi-Tec Television,Class 1,Class 1,Class 1,Class 1,85 MORRISON STREET,EH3 8BU,4488
324526.2477,673183.5021,sandwich shop,Sandwich Deli,Class 1,Class 1,Class 1,Class 1,95 MORRISON STREET,EH3 8BX,4489
324521.7456,673185.253,cafe,Olly Bongo's,Class 4,Class 2,Vacant,Class 3,97-101 MORRISON STREET,EH3 8BX,4490
324513.7523,673187.5002,office,Ethnic Minorities Law Centre,Class 4,Class 2,Class 2,Class 4,103 MORRISON STREET,EH3 8BX,4491
324508.2496,673190.001399999,café,All Good Coffee Bar,Class 1,Class 1,Class 3,Class 3,107-109 MORRISON STREET,EH3 8BX,4492
324495.2463,673195.751800001,vacant,vacant,Class 1,Class 4,Class 2,Vacant,113-115 MORRISON STREET,EH3 8BX,4493
324465.0766,673204.1315,hot food take-away,Pierino's,SUI GENERIS,SUI GENERIS,SUI GENERIS,SUI GENERIS,121 MORRISON STREET,EH3 8AJ,4494
324455.4711,673209.734099999,n/t/c,123 News,Class 1,Class 1,Class 1,Class 1,123 MORRISON STREET,EH3 8AJ,4495
324451.1315,673210.7861,barber,Moroccan Barber,Vacant,Class 1,Class 1,Class 1,127 MORRISON STREET,EH3 8AJ,4496
324444.4465,673212.104,sandwich bar,PG's Sandwich Bar,Class 1,Vacant,Class 1,Class 1,129 MORRISON STREET,EH3 8AJ,4497
324425.0549,673215.2875,drugs campaign office,Scottish Drugs Forum,Class 2,Class 2,Class 2,Class 2,139 MORRISON STREET,EH3 8AJ,4498
324387.8656,673216.997099999,baker,Morrison's Bakery,Class 1,Class 1,Class 1,Class 1,147 MORRISON STREET,EH3 8AG,4499
324379.737,673217.422,restaurant,McKirdy's Steakhouse, , ,Class 3,Class 3,151-155 MORRISON STREET,EH3 8AG,4500
324370.9205,673217.602600001,denture repairs,Dentacare,Class 2,Class 2,Class 2,Class 2,157 MORRISON STREET,EH3 8AG,4501
324367.107,673217.865599999,restaurant,Umair,Class 1,Class 1,Class 3,Class 3,159/161 MORRISON STREET,EH3 8AG,4502
324360.474,673218.1227,printers,Promptpress,Vacant,Class 4,Class 4,Class 4,165 MORRISON STREET,EH3 8AG,4503
324355.3945,673217.657500001,vacant,vacant, , ,Class 1,Vacant,167 MORRISON STREET,EH3 8AG,4504
324328,673220,carpets,Carpet Rite Ltd., , ,Class 1,Class 1,181-183 MORRISON STREET,EH3 8DZ,4505
324322,673215,public house,Carter's,SUI GENERIS,SUI GENERIS,SUI GENERIS,SUI GENERIS,185 MORRISON STREET,EH3 8DZ,4506
324777.9962,673201.750800001,restaurant (Chinese),Rainbow Arch & Ho Ho Mei Noodle Shack, , ,Class 3,Class 3,8 MORRISON STREET,EH3 8BJ,4507
324752.9943,673202.2487,public house,Lebowski's, , ,SUI GENERIS,SUI GENERIS,16-20A MORRISON STREET,EH3 8BJ,4508
324746.2501,673202.248199999,copy shop,Cpoy Stop,Class 1,Class 1,Class 1,Class 4,22-22A MORRISON STREET,EH3 8BJ,4509
324733.5017,673201.998600001,bicycles,MacDonald for Raleigh, , ,Class 1,Class 1,26-28 MORRISON STREET,EH3 8BJ,4510
324723.747,673202.2487,driving school,British School of Motoring,Class 4,Class 4,Class 4,Class 4,32 MORRISON STREET,EH3 8BJ,4511
324387.3916,673244.1864,public house,Thomson's Bar,SUI GENERIS,SUI GENERIS,SUI GENERIS,SUI GENERIS,182-184 MORRISON STREET,EH3 8EB,4512
324381.8685,673244.5809,n/t/c & grocer,Morrison Street Newsagent,Class 1,Class 1,Class 1,Class 1,188 MORRISON STREET,EH3 8EB,4513
324375.9509,673244.7125,second hand goods,Morrison Street Sales,Class 1,Class 4,Class 1,Class 1,190 MORRISON STREET,EH3 8EB,4514
324369.4681,673245.0549,bar/restaurant,The Scotch of St. James,Class 1,Class 3,Class 3,Class 3,192-194 MORRISON STREET,EH3 8EB,4515
324360.9971,673245.314999999,grocer,Accha Oriental Food Company, , ,Class 1,Class 1,198-200 MORRISON STREET,EH3 8EB,4516
324159.8136,673254.6055,restaurant,Ignite,Class 3,Class 3,Class 3,Class 3,272-274 MORRISON STREET,EH3 8DT,4517
324152.0549,673255.0,café & take-away food,Cafe Konak,Class 1,Class 1,Class 3,Class 3,278 MORRISON STREET,EH3 8DT,4518
331438.5575,673423.1505,vacant,vacant,Class 1,Vacant,Vacant,Vacant,21 MORTON STREET,EH15 2HN,4519
331437.6726,673427.354,vacant,vacant,Vacant,Class 11,Class 1,Vacant,23 MORTON STREET,EH15 2HN,4520
331437.2301,673431.557499999,IFA,Integrity,Class 1,Class 1,Class 4,Class 4,25 MORTON STREET,EH15 2HN,4521
326478.9541,672316.4155,letting agency,EH Lettings,Class 1,Class 1,Class 1,Class 2,47 NEWINGTON ROAD,EH9 1QW,4522
326485.9541,672301.123199999,tattoo artist,Love Hate Tattoo,Class 1,Class 1,Class 1,Class 2,59-61 NEWINGTON ROAD,EH9 1QW,4523
326488.3236,672295.3695,dry cleaner,Johnsons,Class 1,Class 1,Class 1,Class 1,65 NEWINGTON ROAD,EH9 1QW,4524
326491.1232,672289.4155,hairdresser,GB Hairdressing,Class 1,Class 1,Class 1,Class 1,69 NEWINGTON ROAD,EH9 1QW,4525
326493.2464,672285.123199999,hot food take-away,Pizza Hut,Class 1,Class 3,SUI GENERIS,SUI GENERIS,73 NEWINGTON ROAD,EH9 1QW,4526
326496.0,672280.4614,sandwich bar,Picnics,Vacant,Class 1,Class 1,Class 1,75 NEWINGTON ROAD,EH9 1QW,4527
326498.3382,672276.077299999,ladies clothing,Trouve,Class 1,Class 1,Class 1,Class 1,77 NEWINGTON ROAD,EH9 1QW,4528
326502.2464,672268.123199999,hot food take-away (Italian),Positano,Class 3,SUI GENERIS,SUI GENERIS,SUI GENERIS,85-87 NEWINGTON ROAD,EH9 1QW,4529
326505.9541,672261.8309,wine and whisky merchant,Wood Winters,Class 1,Class 1,Class 1,Class 1,91 NEWINGTON ROAD,EH9 1QW,4530
326508.9541,672257.292300001,vacant,vacant,Class 1,Class 1,Class 1,Vacant,95 NEWINGTON ROAD,EH9 1QW,4531
326509.5386,672254.9541,hairdresser (gents),Bernies Barber Shop,Class 1,Class 1,Class 1,Class 1,97 NEWINGTON ROAD,EH9 1QW,4532
326512.7077,672250.0,vacant,vacant,Class 1,Class 1,Class 1,Vacant,101 NEWINGTON ROAD,EH9 1QW,4533
326516.2464,672244.0,restaurant (Bengali & Indian),Voujon,Class 1,Class 1,Vacant,Class 3,107 NEWINGTON ROAD,EH9 1QW,4534
326519.9541,672236.8309,bicycle repairs and sales,Bicycle Repair Man,Class 1,Class 1,Class 1,Class 1,111 NEWINGTON ROAD,EH9 1QW,4535
326523.8309,672229.785,grocer,Choices,Vacant,Class 1,Class 1,Class 1,113-115 NEWINGTON ROAD,EH9 1QW,4536
326404.5532,672400.384099999,betting shop,Ladbrokes,Class 1,Class 2,Class 2,Class 2,2-4 NEWINGTON ROAD,EH9 1QS,4537
326407.7137,672394.4583,hot food take-away,Goodwill,SUI GENERIS,SUI GENERIS,SUI GENERIS,SUI GENERIS,6 NEWINGTON ROAD,EH9 1QS,4538
326422.7996,672363.5386,accountants,Pollock & Co. Accountants,Class 2,Class 2,Class 2,Class 2, , ,4539
326442.215,672323.031300001,gifts and cards,Best Wishes,Class 2,Class 2,Vacant,Class 1,22-24 NEWINGTON ROAD,EH9 1QS,4540
326443.9687,672318.0627,chemist,Boots,Class 1,Class 1,Class 1,Class 1,28-30 NEWINGTON ROAD,EH9 1QS,4541
326458.8768,672291.338199999,optician,Dollond & Aitchison,Class 1,Class 1,Class 1,Class 1,56 NEWINGTON ROAD,EH9 1QN,4542
326463.785,672283.3069,vacant,vacant,Class 1,SUI GENERIS,Vacant,Vacant,58 NEWINGTON ROAD,EH9 1QN,4543
326465.5386,672278.922700001,signmakers,Sign a rama,Class 1,Class 1,Class 1,Class 4,60 NEWINGTON ROAD,EH9 1QN,4544
326467.5845,672274.246400001,residential letting agency,The Property Letting Centre,Class 1,Class 1,Class 2,Class 2,64 NEWINGTON ROAD,EH9 1QN,4545
326469.3382,672270.7391,image consultant,Danielle Carr,Class 1,Class 1,Class 1,Class 4,66 NEWINGTON ROAD,EH9 1QN,4546
326473.215,672265.876800001,chiropractor,Optimal Health Chiropractor, , ,Class 1,Class 2, , ,4547
326476.215,672258.5845,public house,The Steamie, , ,SUI GENERIS,SUI GENERIS,72-74 NEWINGTON ROAD,EH9 1QN,4548
326479.8768,672253.292300001,charity shop,"Chest, Heart & Stroke Association Scotland",Class 1,Class 1,Class 1,Class 1,76 NEWINGTON ROAD,EH9 1QN,4549
326481.8768,672249.292300001,vacant,vacant,Class 1,Class 1,Class 1,Vacant,78 NEWINGTON ROAD,EH9 1QN,4550
326484.4614,672244.5845,grocer,Costcutter,Class 1,Class 1,Class 1,Class 1,80 NEWINGTON ROAD,EH9 1QN,4551
326487.2923,672240.0,bank,Santander,Class 2,Class 2,Class 2,Class 2,82 NEWINGTON ROAD,EH9 1QN,4552
326489.8768,672235.876800001,signmakers,Signage,Vacant,Vacant,Class 4,Class 4,84 NEWINGTON ROAD,EH9 1QN,4553
326505,668105,garden centre,Klondyke Garden Centre, , ,Class 1,Class 1,7 MORTONHALL GATE,EH16 6TJ,4554
326230,668508,public house,Stables Bar, , ,SUI GENERIS,SUI GENERIS,50 MORTONHALL GATE,EH16 6TJ,4555
319399,669786,grocer (lic.),Morning Noon and Night, , ,Class 1,Class 1,25 MORVENSIDE CLOSE,EH14 2SH,4556
329099.0999,673857.185699999,hairdressers,Pure Hair,Class 1,Class 1,Vacant,Class 1,"3 MOUNTCASTLE DRIVE, NORT",EH8 7SA,4557
329128.4571,673822.378900001,n/t/c,Sophie's Newsagents,Class 4,Class 1,Class 1,Class 1,"2A MOUNTCASTLE DRIVE, NOR",EH8 7SJ,4558
321259.512,676172.0,hot food take-away,Turkish Kebabs,Vacant,Vacant,SUI GENERIS,SUI GENERIS,49 MUIRHOUSE GARDENS,EH4 4TD,4559
321260,676179,n/t/c,Premier Express,Class 1,Class 1,Vacant,Class 1,51 MUIRHOUSE GARDENS,EH4 4TD,4560
321260.6506,676184.976,n/t/c & post office,Costless Express/ Muirhouse Post Office,Class 1,Class 1,Class 1,Class 1,53-55 MUIRHOUSE GARDENS,EH4 4TD,4561
321261.7893,676200.0,grocer,Premier,Class 1,Class 1,Class 1,Class 1,57 MUIRHOUSE GARDENS,EH4 4TD,4562
325659,674210,"handbags, luggage",LVMH Fashion Group (Louis Vuitton), , ,Class 1,Class 1,1-2 MULTREES WALK,EH1 3DQ,4563
325678.478,674215.507300001,ladies clothing (specialises in large sizes),Marina Rinaldi, , ,Vacant,Class 1,5 MULTREES WALK,EH1 3DQ,4564
325692.9853,674219.507300001,general clothing,AKA Woman, , ,Class 1,Class 1,7 MULTREES WALK,EH1 3DQ,4565
325716.4927,674226.0,maternity wear and childrens clothing,JoJo Maman Bebe, , ,Vacant,Class 1,9 MULTREES WALK,EH1 3DQ,4566
325734.9853,674230.522,restaurant & take-away food,Vin Caffé (Valvona & Crolla), , , ,Class 3,11 MULTREES WALK,EH1 3DQ,4567
325751,674227,designer clothing,Firetrap, , , ,Class 1,13-14 MULTREES WALK,EH1 3DQ,4568
325756.478,674207.0,jeweller,Pandora, , ,Class 1,Class 1,18 MULTREES WALK,EH1 3DQ,4569
325744.0,674203.507300001,optician,Oscar and Fitch (fashion eyeglasses), , , ,Class 1,20 MULTREES WALK,EH1 3DQ,4570
325732.9706,674200.492699999,shoes & footwear,Daniel Footwear, , , ,Class 1,22 MULTREES WALK,EH1 3DQ,4571
323408,672634,vacant,vacant,Class 4,Class 4,Class 4,Vacant,1 MURIESTON PLACE,EH11 2LT,4572
323491.2767,672504.4681,take-away food,Snax Corner,Class 1,Class 1,Class 1,Class 1,2 MURIESTON ROAD,EH11 2JH,4573
322887.6709,673274.6394,launderette,The Murrayfield Launderette,Class 1,Class 1,Class 1,Class 1,1 MURRAYFIELD PLACE,EH12 6AA,4574
322891.696,673275.3103,hairdresser,www.idhair.com,Class 1,Class 1,Class 1,Class 1,3 MURRAYFIELD PLACE,EH12 6AA,4575
322898.6771,673276.9749,jeweller & horologist,Brendan Haddock,Class 1,Class 1,Class 1,Class 1,4 MURRAYFIELD PLACE,EH12 6AA,4576
322903.7086,673278.3166,florist,bloemen ecke,Class 1,Class 1,Class 1,Class 1,6 MURRAYFIELD PLACE,EH12 6AA,4577
322908.7086,673279.2663,chartered surveyors,Shields & Co.,Class 1,Class 4,Class 4,Class 4,8 MURRAYFIELD PLACE,EH12 6AA,4578
322212,671036,supermarket - large,Asda, , ,Class 1,Class 1,3 NEW MARKET ROAD,EH14 1RH,4579
323672,668297,supermarket - large,Morrisons, ,Class 1,Class 1,Class 1,30 NEW SWANSTON,EH10 7AA,4580
331773.7468,671836.0887,kitchen showroom,Farrell Kitchens, , ,Class 1,Class 1,93 NEWCRAIGHALL ROAD,EH21 8RX,4581
331483.5177,671683.411599999,mixed durable goods,Tesco Home, ,Class 1,Class 1,Class 1,(80) NEWCRAIGHALL ROAD,EH15 3HS,4582
331513.1768,671548.588400001,d.i.y. and garden centre,B & Q Warehouse, , ,Class 1,Class 1,80B NEWCRAIGHALL ROAD,EH15 3HS,4583
313699,678353,public house,Hawes Inn,SUI GENERIS,SUI GENERIS,SUI GENERIS,SUI GENERIS,7 NEWHALLS ROAD,EH30 9TA,4584
326963.5287,675988.0363,supermarket,Lidl,Class 1,Class 1,Vacant,Class 1,35 NEWKIRKGATE,EH6 6AA,4585
326961,675979,shoes & footwear,shoes & footwear,Class 1,Class 1,Class 1,Class 1,36 NEWKIRKGATE,EH6 6AA,4586
326957.9005,675968.225099999,vacant,vacant, , ,Class 1,Vacant,37-38 NEWKIRKGATE,EH6 6AA,4587
326955.1256,675960.0,vacant,vacant,Class 1,Class 1,Class 1,Vacant,39 NEWKIRKGATE,EH6 6AA,4588
326953.1939,675953.523600001,optician,Specsavers,Class 1,Class 1,Class 1,Class 1,41 NEWKIRKGATE,EH6 6AA,4589
326950.2513,675943.848200001,chemist,Boots,Class 1,Class 1,Class 1,Class 1,42 NEWKIRKGATE,EH6 6AA,4590
329172.8933,668604.633400001,taxi office,Bluebird Taxi's,Class 1,Vacant,Class 4,Class 4,15 NEWTOFT STREET,EH17 8RG,4591
329169.5232,668601.213400001,hot food take-away,HUI,Class 1,SUI GENERIS,SUI GENERIS,SUI GENERIS,17 NEWTOFT STREET,EH17 8RG,4592
329163.2599,668596.4768,betting shop,William Hill,Class 2,Class 2,Class 2,Class 2,19 NEWTOFT STREET,EH17 8RG,4593
329114.6833,668554.4234,hot food take-away (Chinese),Good Cooking,Class 3,Class 3,SUI GENERIS,SUI GENERIS,39 NEWTOFT STREET,EH17 8RB,4594
329111.5232,668550.210000001,vacant,vacant, , ,Class 11,Vacant,39B NEWTOFT STREET,EH17 8RB,4595
326044.2923,673212.661800001,grocer,Bismillah Foodstore,Vacant,Class 1,Class 1,Class 1,3 NICOLSON SQUARE,EH8 9BH,4596
326038.7536,673210.292300001,office,Victim Support Scotland,Class 1,Class 1,Vacant,Class 2,5 NICOLSON SQUARE,EH8 9BH,4597
326034.6618,673207.9541,vacant,vacant,Class 1,Class 1,Class 1,Vacant,6 NICOLSON SQUARE,EH8 9BH,4598
326028.7682,673205.123199999,hot food take-away,Kebab Mahal,SUI GENERIS,SUI GENERIS,SUI GENERIS,SUI GENERIS,7 NICOLSON SQUARE,EH8 9BH,4599
313538.0,678288.188100001,public house,Two Bridges, , ,SUI GENERIS,SUI GENERIS,2 NEWHALLS ROAD,EH30 9TA,4600
313669.885,678345.807600001,"restaurant, bar & gift shop",The Rail Bridge,Class 3,Class 3,Class 3,Class 3,4 NEWHALLS ROAD,EH30 9TA,4601
313641.5067,678337.199100001,antiques,Cobwebs Antiques, , ,Class 1,Class 1,6(A1) NEWHALLS ROAD,EH30 9TA,4602
313642.4381,678334.840700001,clothing,Bridge View, , ,Class 1,Class 1,6(A2) NEWHALLS ROAD,EH30 9TA,4603
313651.3584,678330.3938,kilt hire,Scotia Kilts, , ,Class 1,Class 1,6(B) NEWHALLS ROAD,EH30 9TA,4604
325629.9705,676999.1919,vacant,vacant,Vacant,Class 2,Vacant,Vacant,7 NEWHAVEN MAIN STREET,EH6 4LJ,4605
325521.0,677012.269400001,vacant,vacant,Class 2,Class 1,Vacant,Vacant,21 NEWHAVEN MAIN STREET,EH6 4NA,4606
325363.8229,677004.630999999,dwelling,dwelling,Class 1,Class 1,Class 1,Class 9, , ,4607
325356.9078,677004.177100001,cafe,Porto & Fi,Class 2,Class 2,Class 2,Class 3,47 NEWHAVEN MAIN STREET,EH6 4NQ,4608
325643.4539,677018.084899999,grocer (lic.),Crollas of Newhaven,Class 1,Class 1,Class 1,Class 1,8 NEWHAVEN MAIN STREET,EH6 4HY,4609
325581.8709,677450.9705,hairdresser,Cheynes, , ,Class 1,Class 1,55(1F) NEWHAVEN PLACE,EH6 4TX,4610
325569.3469,677464.3248,sports clothing,Sweatshop, , ,Class 1,Class 1,55(GF) NEWHAVEN PLACE,EH6 4TX,4611
326104,675769,dwellings,dwellings,Class 1,Class 1,Class 1,Class 9, , ,4612
326044.0613,675757.237600001,dwellings,dwellings,Class 1,Class 1,Class 1,Class 9, , ,4613
326025.9387,675741.1743,dwellings,dwellings,Class 1,Class 1,Vacant,Class 9, , ,4614
325960.7612,676127.911599999,hot food take-away (Chinese),Oriental Kitchen, , ,SUI GENERIS,SUI GENERIS,87-89 NEWHAVEN ROAD,EH6 5QJ,4615
325866.1331,676305.911599999,estate agents,Duncan & Wallace,Class 4,Class 2,Class 2,Class 2,131 NEWHAVEN ROAD,EH6 4NP,4616
325865.4959,676311.2215,bathroom products (display only),Special Care Bathing Ltd,Class 1,Class 1,Class 1,Class 4,133 NEWHAVEN ROAD,EH6 4NP,4617
326139.705,675778.293099999,vacant,vacant,Class 1,Class 1,Class 1,Vacant,8 ELIZAFIELD,EH6 5PY,4618
325999.8774,676007.588099999,audio equipment,Loud & Clear @ The Mill, , ,Class 1,Class 1,70/10 NEWHAVEN ROAD,EH6 5QG,4619
325994.7967,676084.749399999,public house,vacant,SUI GENERIS,SUI GENERIS,SUI GENERIS,Vacant,74-76 NEWHAVEN ROAD,EH6 5QG,4620
325972.814,676163.1149,grocer,Newhaven Licensed Grocer,Class 1,Class 1,Class 1,Class 1,96-98 NEWHAVEN ROAD,EH6 4BS,4621
325970.0529,676168.0,hot food take-away (tandoori),Ahmed Tandoori Takeaway,Class 1,Class 1,SUI GENERIS,SUI GENERIS,100 NEWHAVEN ROAD,EH6 4BS,4622
325966.3273,676175.813999999,vacant,vacant,Class 4,Class 2,Class 2,Vacant,102 NEWHAVEN ROAD,EH6 4BS,4623
325963.9909,676180.4868,hot food take-away,Mulberry Bush,Class 1,SUI GENERIS,SUI GENERIS,SUI GENERIS,104 NEWHAVEN ROAD,EH6 4BS,4624
325915.1768,676273.840500001,veterinary surgery,Batchelor Davidson & Watson,Class 2,Class 2,Class 2,Class 2,124 NEWHAVEN ROAD,EH6 4BR,4625
325912.8405,676278.300799999,joiner,Iain Jones Joinery Services,Class 1,Class 1,Class 4,Class 4,126 NEWHAVEN ROAD,EH6 4BR,4626
325910.9289,676282.548800001,grocer,The Village Store (Premier),Class 1,Class 1,Class 1,Class 1,128 NEWHAVEN ROAD,EH6 4BR,4627
325643.2322,676773.230699999,n/t/c & post office,Newhaven Road Post Office,Class 1,Class 1,Class 1,Class 1,210 NEWHAVEN ROAD,EH6 4QE,4628
325641.8497,676777.385399999,hairdresser,Special Effects,Class 1,Class 1,Class 1,Class 1,210A NEWHAVEN ROAD,EH6 4QE,4629
325640.695,676781.9955,cafe,Ollie's,Class 1,Class 4,Class 4,Class 3,210B NEWHAVEN ROAD,EH6 4QE,4630
325636.8527,676803.001499999,grocer,Lifestyle Stop & Shop,Class 1,Class 1,Class 1,Class 1,218 NEWHAVEN ROAD,EH6 4QE,4631
325637.3095,676823.538699999,antiques,J & J Hardie,Class 4,Class 4,Vacant,Class 1,222-224 NEWHAVEN ROAD,EH6 4JY,4632
325666.4391,676986.8783,hot food take-away (Chinese),Wok Inn,Class 4,SUI GENERIS,SUI GENERIS,SUI GENERIS,258-260 NEWHAVEN ROAD,EH6 4LH,4633
326439.9563,672402.442399999,public house,Reverie, ,SUI GENERIS,SUI GENERIS,SUI GENERIS,1-5 NEWINGTON ROAD,EH9 1QR,4634
326455.7077,672396.4155,self catering units,Southside apartments, , ,Class 3,Demolished, , ,4635
326444.8936,672390.862199999,n/t/c,Samal's Newsagent,Vacant,Vacant,Class 11,Class 1,9 NEWINGTON ROAD,EH9 1QR,4636
326448.2923,672383.9541,restaurant (Chinese),Yak & Yeti,Class 3,Class 3,Class 3,Class 3,13 NEWINGTON ROAD,EH9 1QR,4637
326451.1232,672376.8309,dry cleaner,Euroclean,Vacant,Class 1,Class 1,Class 1,17 NEWINGTON ROAD,EH9 1QR,4638
326454.7077,672370.5845,restaurant,The Wild Elephant,Class 1,Vacant,Class 3,Class 3,21 NEWINGTON ROAD,EH9 1QR,4639
326458,672363,gifts,Casablanca,Class 1,Class 1,Class 1,Class 1,25 NEWINGTON ROAD,EH9 1QR,4640
326462.2923,672352.077299999,café,Metropole Coffee House,Class 2,Class 3,Class 3,Class 3,29-33 NEWINGTON ROAD,EH9 1QR,4641
326473.57,672328.553200001,heath and diet centre,Jan de Vries,Class 2,Class 2,Class 1,Class 2,43 NEWINGTON ROAD,EH9 1QW,4642
326477.094,672321.031300001,ladies clothing,Twice as Nice,Vacant,Vacant,Class 1,Class 1, , ,4643
326492.5073,672230.507300001,charity Shop,Visualise,Class 1,Class 1,Class 1,Class 1,86 NEWINGTON ROAD,EH9 1QN,4644
326496,672222,letting agency,Steynlettings,Class 1,Class 1,Class 1,Class 2,88 NEWINGTON ROAD,EH9 1QN,4645
326968.3457,675945.3036,hairdresser,Barber Shop (R.Kiero),Class 1,Class 1,Class 1,Class 1,2 NEWKIRKGATE,EH6 6AA,4646
326970.5969,675953.125600001,white goods,Bright House, , ,Class 1,Class 1, , ,4647
326978.8584,675978.287599999,chemist,Superdrug,UNKNOWN USE,Class 1,Class 1,Class 1,4(B) NEWKIRKGATE,EH6 6AA,4648
326982.0944,675986.6391,vacant,vacant,Class 1,Class 1,Vacant,Vacant, , ,4649
326984.7959,675993.8431,pawnbroker,H & T,Class 1,Class 1,Class 1,Class 2,6 NEWKIRKGATE,EH6 6AD,4650
326986.1467,675998.570800001,optician,Optical Express,Class 1,Class 1,Class 1,Class 1,7 NEWKIRKGATE,EH6 6AD,4651
326988.398,676006.225099999,chemist,Semi-Chem, , ,Class 1,Class 1,8-9 NEWKIRKGATE,EH6 6AD,4652
326991.8744,676017.125600001,clothing,Peacocks, , ,Class 1,Class 1,10-11 NEWKIRKGATE,EH6 6AD,4653
326989.6856,676059.2455,community centre,Leith Community Education Centre,Class 1,Class 1, ,Class 2,12 NEWKIRKGATE,EH6 6AD,4654
326985.6543,676045.4241,frozen food,Farmfoods, , ,Class 1,Class 1,13 NEWKIRKGATE,EH6 6AD,4655
326967.565,676023.910700001,mixed durable goods,Poundstretcher,Class 1,Class 1,Class 1,Class 1,14 NEWKIRKGATE,EH6 6AD,4656
326964.8693,676016.381999999,charity shop,Cancer Research U.K.,Class 1,Class 1,Class 1,Class 1,15 NEWKIRKGATE,EH6 6AD,4657
326963.5127,676010.6282,n/t/c,R.S. McColl,Class 1,Class 1,Class 1,Class 1,16 NEWKIRKGATE,EH6 6AD,4658
328958.4309,671743.398800001,cleared site,cleared site, , ,Vacant,Demolished, , ,4659
328856.8198,671635.635399999,cleared site,cleared site, , ,Vacant,Demolished, , ,4660
328835.3657,671632.363,credit union office,Craigmillar Credit Union,Class 1,Class 1,Class 2,Class 2,2 NIDDRIE MAINS ROAD,EH16 4BG,4661
328839.927,671632.910399999,hot food take-away,Niko's Cafe,Class 1,Class 1,SUI GENERIS,SUI GENERIS,4 NIDDRIE MAINS ROAD,EH16 4BG,4662
328844.2895,671633.637499999,n/t/c & grocer,New Munira Store,Class 1,Class 1,Class 1,Class 1,8-10 NIDDRIE MAINS ROAD,EH16 4BG,4663
328849.379,671634.546399999,clothing,A. Cunningham,Class 1,Class 1,Class 1,Class 1,12-14 NIDDRIE MAINS ROAD,EH16 4BG,4664
328862.2729,671636.362500001,vacant,vacant,Class 1,Class 1,Class 1,Vacant,18 NIDDRIE MAINS ROAD,EH16 4BG,4665
328867.9078,671637.089600001,hot food take-away,Sunrise,Class 2,Class 2,SUI GENERIS,SUI GENERIS,20 NIDDRIE MAINS ROAD,EH16 4BG,4666
328874.911,671638.0901,baker,Greggs,Class 1,Class 1,Class 1,Class 1,22 NIDDRIE MAINS ROAD,EH16 4BG,4667
328879.0917,671638.635399999,hardware,R. Cameron,Class 1,Class 1,Class 1,Class 1,24 NIDDRIE MAINS ROAD,EH16 4BG,4668
326024.0918,673202.785,mobile phones,TMT Mobile Communications,Class 1,Class 1,Class 1,Class 1,9 NICOLSON SQUARE,EH8 9BH,4669
326020.5845,673201.031300001,grocer,Al Medina,Class 1,Class 1,Class 1,Class 1,10 NICOLSON SQUARE,EH8 9BH,4670
326017.0773,673199.2777,vacant,vacant,Class 1,Vacant,Vacant,Vacant,11 NICOLSON SQUARE,EH8 9BH,4671
326005.5845,673182.0,café,Elephant Bagels One Ltd.,Class 1,Class 1,Class 3,Class 3, , ,4672
326063.43,673158.7996,bank,Clydesdale Bank,Class 2,Class 2,Class 2,Class 2,30 NICOLSON SQUARE,EH8 9BX,4673
326017.0,673301.43,art & picture framing,Edinburgh Arts & Picture Framers,Class 1,Class 1,Class 1,Class 1,1-3 NICOLSON STREET,EH8 9BE,4674
326019.3382,673292.3695,stationery,Ryman Stationery,Class 1,Class 2,Class 4,Class 1,7 NICOLSON STREET,EH8 9BE,4675
326044.0,673238.7223,restaurant,City Restaurant,SUI GENERIS,Class 3,Class 3,Class 3,35 NICOLSON STREET,EH8 9BE,4676
326047.7996,673229.3695,"fancy goods, gifts",Pound Savers,Class 1,Class 1,Class 1,Class 1,37-41 NICOLSON STREET,EH8 9BE,4677
326053.3382,673215.9541,betting shop,Ladbrokes,Class 3,Class 2,Class 2,Class 2,43-45 NICOLSON STREET,EH8 9BE,4678
326086.9082,673154.1691,clothes alterations,Tailor Shop,Class 1,Class 1,Class 1,Class 1,51 NICOLSON STREET,EH8 9BZ,4679
326088.6618,673150.3695,n/t/c & greeting cards,Southside Newsagent,Class 1,Class 1,Class 1,Class 1,53 NICOLSON STREET,EH8 9BZ,4680
326090.8768,673144.922700001,money exchange / photcopy services,Money Gram, , ,Class 2,Class 2,55 NICOLSON STREET,EH8 9BZ,4681
326092.9227,673140.5386,take-away food,Baguette King,Class 1,Class 1,Class 1,Class 1,59 NICOLSON STREET,EH8 9BZ,4682
326096.0,673134.1691,charity shop,Capability Scotland,Class 1,Class 1,Class 1,Class 1,61-63 NICOLSON STREET,EH8 9BZ,4683
326101.2464,673125.553200001,café (Indian),10 to 10 in Dehli,Class 1,Class 1,Class 3,Class 3,67 NICOLSON STREET,EH8 9BZ,4684
326103.2923,673120.876800001,hairdresser,Mode,Class 1,Class 1,Class 1,Class 1,69 NICOLSON STREET,EH8 9BZ,4685
326105.6305,673116.492699999,"café, internet access",New Wings Internet Café,Vacant,Class 1,Class 1,Class 3,71 NICOLSON STREET,EH8 9BZ,4686
326107.6764,673112.1086,café and take-away food,Deli Italia,SUI GENERIS,Class 1,Class 3,Class 3,75 NICOLSON STREET,EH8 9BZ,4687
326110.0146,673107.139900001,grocer,R B Food Store,Class 1,Class 1,Class 1,Class 1,77 NICOLSON STREET,EH8 9BZ,4688
326115.7536,673095.1691,chemist,Vantage / Southside Pharmacy,Class 1,Class 1,Class 1,Class 1,79-81 NICOLSON STREET,EH8 9BZ,4689
326118.6764,673089.615900001,charity shop,PDSA,Vacant,Class 1,Class 1,Class 1,85-87 NICOLSON STREET,EH8 9BZ,4690
326136.0313,673057.691,grocer / convenience store,Scotmid, , ,Class 1,Class 1,91-93 NICOLSON STREET,EH8 9BY,4691
326143.9227,673038.400900001,computer equipment (apple products),Cancom, , ,Class 1,Class 1,95-97 NICOLSON STREET,EH8 9BY,4692
326146.8455,673024.664000001,café,Beanscene, ,Vacant,Class 3,Class 3,99 NICOLSON STREET,EH8 9BY,4693
326148.3069,673017.9417,hot food take-away,Domino's Pizza, ,Vacant,SUI GENERIS,SUI GENERIS,101 NICOLSON STREET,EH8 9BY,4694
326153,672977,café,Café Torquaz,Class 1,Class 1,Class 1,Class 3,119 NICOLSON STREET,EH8 9ER,4695
326153,672977,shoe repairs / key cutting / engraving,Shoeperior / A & E Locksmiths,Class 1,Class 1,Class 1,Class 1,121 NICOLSON STREET,EH8 9ER,4696
326160,672965,vacant,vacant,Class 1,Vacant,Vacant,Vacant,125 NICOLSON STREET,EH8 9ER,4697
326160,672965,vacant,vacant,Class 2,Class 2,Class 2,Vacant,127-129 NICOLSON STREET,EH8 9ER,4698
326040.6931,673314.922700001,café and take-away food,Black Medicine Coffee Co.,Class 1,Vacant,Class 3,Class 3,2 NICOLSON STREET,EH8 9DH,4699
326043.6305,673307.707699999,textiles,Lokaah, , ,Class 1,Class 1,4-6 NICOLSON STREET,EH8 9DH,4700
326042.4468,673310.246400001,café / bistro,Spoon Café Bistro,Class 1,Class 3,Class 3,Class 3,6A NICOLSON STREET,EH8 9DH,4701
326045.7536,673299.4614,health foods,Jordan Valley, , ,Class 1,Class 1,8 NICOLSON STREET,EH8 9DH,4702
326048.0459,673293.0,musical instruments,Varsity Music, , ,Class 1,Class 1,10(GF) NICOLSON STREET,EH8 9DH,4703
326050.2631,673286.4155,sandwich shop & café,Subway,Class 4,Vacant,Class 3,Class 1,12 NICOLSON STREET,EH8 9DH,4704
326054.0619,673277.2728,restaurant (Indian),Suruchi,Class 3,Class 3,Class 3,Class 3,14A NICOLSON STREET,EH8 9DH,4705
326051.5845,673282.4614,restaurant,Thai Basil, , ,Class 3,Class 3,14B NICOLSON STREET,EH8 9DH,4706
326054.9395,673275.016799999,restaurant,Ti'Amo,Class 11,Class 11,Class 3,Class 3,16 NICOLSON STREET,EH8 9DH,4707
326075.6931,673231.292300001,take-away food,Baguette Express,Class 1,Class 1,Vacant,Class 1,18(GF) NICOLSON STREET,EH8 9DH,4708
326078.0313,673226.031300001,vacant,vacant,Class 1,Class 1,Class 1,Vacant,20 NICOLSON STREET,EH8 9DH,4709
326083.4468,673216.7391,restaurant,El Oaar,SUI GENERIS,SUI GENERIS,Class 3,Class 3,22 NICOLSON STREET,EH8 9DH,4710
326082.2777,673219.3695,restaurant,Palmyra,Class 3,Class 3,Class 3,Class 3,22(A) NICOLSON STREET,EH8 9DH,4711
326085.2004,673213.816299999,café,Babelon Café,Class 3,Class 3,Class 3,Class 3,26 NICOLSON STREET,EH8 9DH,4712
326090.2777,673205.9541,bank,Royal Bank of Scotland,Class 2,Class 2,Class 2,Class 2,30 NICOLSON STREET,EH8 9DL,4713
326101.5845,673186.246400001,hot food take-away,Kentucky Fried Chicken (KFC), , ,SUI GENERIS,SUI GENERIS,36 NICOLSON STREET,EH8 9DT,4714
326105.1232,673179.123199999,n/t/c,R.S. McColl, , ,Class 1,Class 1,38 NICOLSON STREET,EH8 9DT,4715
326109.9103,673170.8936,greengrocer,Southside Greengrocer,Class 1,Class 1,Class 1,Class 1,44A NICOLSON STREET,EH8 9DT,4716
326113.0627,673165.7391,amusement centre,Cashino,SUI GENERIS,Class 1,Class 11,Class 11,48 NICOLSON STREET,EH8 9DT,4717
326120.215,673152.3695,household goods,Poundland, , ,Class 1,Class 1,52 NICOLSON STREET,EH8 9DT,4718
326127.4614,673138.876800001,supermarket - small,Lidl, , ,Class 1,Class 1,56-58 NICOLSON STREET,EH8 9DT,4719
326132.4781,673127.1064,chemist,Superdrug,Class 1,Class 1,Class 1,Class 1,70 NICOLSON STREET,EH8 9DT,4720
326135.1086,673120.968699999,charity shop,Your Local Hospice Shop,Class 1,Class 1,Class 1,Class 1,72 NICOLSON STREET,EH8 9DT,4721
329688,671543,grocer (lic.),Jazz Licensed Grocers, , ,Class 1,Class 1,36 NIDDRIE MARISCHAL PLAC,EH16 4LS,4722
330355.4098,671911.687899999,baker,J. Ferguson Bakery & dairy,Class 4,Class 1,Class 1,Class 1,40 NIDDRIE MILL DRIVE,EH15 3EW,4723
330363.1954,671911.687899999,grocer (lic.),Niddrie Mill Licensed Grocer, , ,Class 1,Class 1,44-46 NIDDRIE MILL DRIVE,EH15 3EW,4724
330374.3609,671911.278100001,vacant,vacant,Class 1,Class 1,UNKNOWN USE,Vacant,50 NIDDRIE MILL DRIVE,EH15 3EW,4725
325965.8768,673610.6305,public house,The Globe, , ,SUI GENERIS,SUI GENERIS,13 NIDDRY STREET,EH1 1LG,4726
325987.7536,673527.922700001,office,Auld Reekie Tours,Vacant,Vacant,Class 4,Class 4,45 NIDDRY STREET,EH1 1LG,4727
325991.6305,673504.1545,public house,Bannerman's Bar,SUI GENERIS,SUI GENERIS,SUI GENERIS,SUI GENERIS,53-57 NIDDRY STREET,EH1 1LG,4728
325568.6931,673631.0459,"clothing, gifts",Best of Scotland,Class 1,Class 3,Class 1,Class 1,2-3 BANK STREET NORTH,EH1 2LP,4729
325574.8309,673631.338199999,"clothing, gifts, n/t/c",Just Scottish,Class 1,Class 1,Class 1,Class 1,4-6 BANK STREET NORTH,EH1 2LP,4730
325533.5386,673622.6764,public house,The Wash,SUI GENERIS,SUI GENERIS,SUI GENERIS,SUI GENERIS,11 BANK STREET NORTH,EH1 2LP,4731
326138.0313,673115.4155,baker,Greggs,Class 1,Class 1,Class 1,Class 1,74 NICOLSON STREET,EH8 9DT,4732
326143.0,673108.400900001,frozen food,Farmfoods,Class 1,Class 1,Class 1,Class 1,76 NICOLSON STREET,EH8 9DT,4733
326157.8309,673083.8309,shoe repairs / key cutting / watch repairs / nameplates / engraving etc.,Timpson,Class 1,Class 1,Class 1,Class 1,78 NICOLSON STREET,EH8 9EW,4734
326155.2004,673087.922700001,jeweller,H&T Pawnbrokers,Class 1,Class 1,Class 1,Class 1,78A NICOLSON STREET,EH8 9EW,4735
326160.4155,673078.123199999,residential letting agency,Grant Management,Class 1,Class 1,Class 2,Class 2,80 NICOLSON STREET,EH8 9EW,4736
326164.0773,673071.9541,vacant,vacant (formerly Victoria Wine),Class 1,Class 1,Class 1,Vacant,84 NICOLSON STREET,EH8 9EW,4737
326168.449,673060.1086,print cartridges,Cartridge Recycle,Class 1,Class 1,Class 1,Class 1,86 NICOLSON STREET,EH8 9EW,4738
326166.9395,673065.292300001,money lenders,Cheque Centre,Class 1,Class 1,Class 1,Class 2,90 NICOLSON STREET,EH8 9EW,4739
326171.3717,673049.0022,supermarket,Tesco Metro,Class 1,Class 1,Class 1,Class 1,94 NICOLSON STREET,EH8 9EW,4740
326172.5408,673030.296599999,charity shop,British Heart Foundation,Class 1,Class 1,Class 1,Class 1,102 NICOLSON STREET,EH8 9EW,4741
326173.2004,673026.9395,café,Kilimangaro Coffee,Class 1,Class 1,Class 1,Class 3,104 NICOLSON STREET,EH8 9EJ,4742
326174.3695,673021.57,charity shop,Barnardo's,Class 1,Class 1,Class 1,Class 1,106 NICOLSON STREET,EH8 9EJ,4743
326175.57,673014.476,chemist,Semi-Chem,Class 1,Class 1,Class 1,Class 1,112 NICOLSON STREET,EH8 9EJ,4744
326177.6159,673003.661800001,t.v. & video,Radioshack,Class 1,Class 1,Class 1,Class 1,114 NICOLSON STREET,EH8 9EJ,4745
326179.6472,672994.215,charity shop (books),Oxfam,Class 1,Class 1,Class 1,Class 1,116 NICOLSON STREET,EH8 9EJ,4746
326181.4009,672988.077299999,charity shop,Oxfam,Class 1,Class 1,Class 1,Class 1,120-122 NICOLSON STREET,EH8 9EJ,4747
326183.3549,672978.137800001,health foods,Holland & Barrett,Class 1,Class 1,Class 1,Class 1,124 NICOLSON STREET,EH8 9EH,4748
326184.2318,672973.753599999,café,The Grind House,Vacant,Vacant,Class 1,Class 3,126 NICOLSON STREET,EH8 9EH,4749
326185.5845,672965.8309,charity shop,Cancer Research U.K., , ,Class 1,Class 1,130-132 NICOLSON STREET,EH8 9EH,4750
326186.9395,672959.922700001,charity shop,Shelter,Class 1,Class 1,Class 1,Class 1,134 NICOLSON STREET,EH8 9EH,4751
326188.1086,672954.9541,vacant,vacant,Class 1,Class 1,Class 1,Vacant,136 NICOLSON STREET,EH8 9EH,4752
326188.9854,672949.6931,coffee shop,Starbucks,Class 3,Class 3,Class 3,Class 3,140 NICOLSON STREET,EH8 9EH,4753
329979.9778,671372.5778,grocer (lic.),Best-one, , ,Class 1,Class 1,60 NIDDRIE HOUSE PARK,EH16 4UT,4754
329396.3964,671794.0,cleared site,cleared site,SUI GENERIS,SUI GENERIS,Vacant,Demolished, , ,4755
329404.6336,671792.099099999,cleared site,cleared site,Class 1,Class 1,Class 1,Demolished, , ,4756
328882.9088,671639.1807,bank,Lloyds TSB Scotland,Class 2,Class 2,Class 2,Class 2,28 NIDDRIE MAINS ROAD,EH16 4BG,4757
328887.2713,671639.726,vacant,vacant,Class 1,Class 3,Vacant,Vacant,30 NIDDRIE MAINS ROAD,EH16 4BG,4758
328913.9072,671643.089600001,n/t/c,Motiya Variety Corner,Class 11,Class 11,Class 11,Class 1,44 NIDDRIE MAINS ROAD,EH16 4BG,4759
328920.6365,671644.453600001,n/t/c,I.M. Newsagents,Class 1,Class 1,Class 1,Class 1,46 NIDDRIE MAINS ROAD,EH16 4BG,4760
328925.2729,671645.2719,hot food take-away (Chinese),Season,Vacant,SUI GENERIS,SUI GENERIS,SUI GENERIS,48 NIDDRIE MAINS ROAD,EH16 4BG,4761
328929.0,671645.908299999,hot food take-away (Indian),Kemer Kebab and Pizza House,SUI GENERIS,SUI GENERIS,SUI GENERIS,SUI GENERIS,50 NIDDRIE MAINS ROAD,EH16 4BG,4762
328934.0906,671646.453600001,hot food take-away,Tony's Pizza & Kebabs, , ,SUI GENERIS,SUI GENERIS,52-54 NIDDRIE MAINS ROAD,EH16 4BG,4763
328940.1818,671647.453600001,hot food take away,Nikki Jaks,Class 1,Class 1,Class 1,SUI GENERIS,56 NIDDRIE MAINS ROAD,EH16 4BG,4764
328945.0912,671648.544199999,community office,Adult Learning Link,Class 1,Class 1,Class 2,Class 2,58-60 NIDDRIE MAINS ROAD,EH16 4BG,4765
328950.2729,671649.635399999,optician,For Eyes,Class 1,Class 1,Class 1,Class 1,62 NIDDRIE MAINS ROAD,EH16 4BG,4766
328955.169,671650.542099999,hairdresser,Sophia Stevens,Class 1,Vacant,Class 1,Class 1,64 NIDDRIE MAINS ROAD,EH16 4BG,4767
328960.9094,671651.635399999,grocer,Niddrie Bargain Stores,Class 11,Class 1,Class 1,Class 1,66 NIDDRIE MAINS ROAD,EH16 4BG,4768
329006.0043,671660.907199999,vacant,vacant,SUI GENERIS,SUI GENERIS,SUI GENERIS,Vacant,70 NIDDRIE MAINS ROAD,EH16 4BG,4769
329012.0027,671662.1796,grocer (lic.),Londis, , ,Class 1,Class 1,72-74 NIDDRIE MAINS ROAD,EH16 4BG,4770
329025.4536,671665.2697,betting shop,William Hill, , ,Class 2,Class 2,76 NIDDRIE MAINS ROAD,EH16 4BG,4771
329150.4415,671543.153100001,supermarket,Lidl, , ,Class 1,Class 1,80 NIDDRIE MAINS ROAD,EH16 4DT,4772
329074.4542,671663.270300001,vacant,vacant,SUI GENERIS,SUI GENERIS,SUI GENERIS,Vacant,82 NIDDRIE MAINS ROAD,EH16 4DT,4773
328884.1742,674178.978599999,public house,Broadfields Bar, , ,SUI GENERIS,SUI GENERIS,96-98 NORTHFIELD BROADWAY,EH8 7RU,4774
328881.4134,674188.565300001,public house,Scotties,SUI GENERIS,SUI GENERIS,SUI GENERIS,SUI GENERIS,100 NORTHFIELD BROADWAY,EH8 7RU,4775
329164.0,673326.7184,betting shop,Scotbet, , ,Class 2,Class 2,2B NORTHFIELD DRIVE,EH8 7RW,4776
329160.9974,673324.1447,hot food take away,Baracuda, , ,Vacant,SUI GENERIS,2C NORTHFIELD DRIVE,EH8 7RW,4777
329325.8605,673599.4263,grocer / convenience store,Spar,Class 1,Class 1,Class 1,Class 1,25 NORTHFIELD FARM AVENUE,EH8 7QY,4778
329126.4213,673814.6428,hairdresser,Annaricci,Class 1,Class 1,Class 1,Class 1,1A NORTHFIELD FARM ROAD,EH8 7QS,4779
325457.0,674459.6423,public house,Star Bar,SUI GENERIS,SUI GENERIS,SUI GENERIS,SUI GENERIS,1 NORTHUMBERLAND PLACE,EH3 6LQ,4780
325251.4103,674430.0517,wine merchant,Wine House,Class 1,Class 1,Class 1,Class 1,35 NORTHUMBERLAND STREET,EH3 6LR,4781
325049.2479,674373.346100001,grocer,Margiotta,Class 4,Class 1,Class 1,Class 1,71(GF)-75 NORTHUMBERLAND,EH3 6JG,4782
325261.5259,674405.537900001,public house,Wally Dug,SUI GENERIS,SUI GENERIS,SUI GENERIS,SUI GENERIS,32 NORTHUMBERLAND STREET,EH3 6LS,4783
325257.1034,674404.0638,fine art,The Gallery on the Corner,Class 1,Class 1,Class 1,Class 1, , ,4784
326697.5283,677160.6228,mixed durable goods,Debenhams, , ,Class 1,Class 1,98(STA) OCEAN DRIVE,EH6 6JJ,4785
326689.0565,677122.207599999,jeweller,Chisholm Hunter, , ,Class 1,Class 1,98(RU1A) OCEAN DRIVE,EH6 6JJ,4786
326681.3206,677115.2641,vacant,vacant, , ,Vacant,Vacant, , ,4787
326674.2641,677108.5283,books,Waterstones, , ,Class 1,Class 1,98(RU2A) OCEAN DRIVE,EH6 6JJ,4788
326666.0,677101.056500001,shoes & footwear,Schuh, , ,Class 1,Class 1,98(RU3) OCEAN DRIVE,EH6 6JJ,4789
326659,677095,video games,Game, , ,Vacant,Class 1,98(RU4) OCEAN DRIVE,EH6 6JJ,4790
326653.6228,677090.5283,Ornamental goods,Zamboo, , ,Class 1,Class 1,98(RU5) OCEAN DRIVE,EH6 6JJ,4791
326649.6978,677086.453299999,confectionery,Thorntons, , ,Class 1,Class 1,98(RU6) OCEAN DRIVE,EH6 6JJ,4792
329091.0016,671662.724400001,office,Sheila Gilmore M.P.,Class 2,Class 2,Class 2,Class 2,84 NIDDRIE MAINS ROAD,EH16 4DT,4793
329120.0917,671656.816099999,office,CEC East Local Office,Class 1,Class 1, ,Class 2,86-88 NIDDRIE MAINS ROAD,EH16 4DT,4794
329125.5448,671655.3619,hot food take-away (Chinese),Golden Ho's,SUI GENERIS,SUI GENERIS,SUI GENERIS,SUI GENERIS,90 NIDDRIE MAINS ROAD,EH16 4DT,4795
329130.7265,671653.180199999,vacant,vacant,Class 1,Class 1,Class 1,Vacant,92 NIDDRIE MAINS ROAD,EH16 4DT,4796
329135.9995,671651.6349,community office,Community Ability Network,Class 1,Class 2,Class 2,Class 2,94 NIDDRIE MAINS ROAD,EH16 4DT,4797
329141.7404,671650.2719,chemist,John A. Smith,Class 2,Class 2,Class 1,Class 1,96 NIDDRIE MAINS ROAD,EH16 4DT,4798
325925.9541,673764.659600001,ladies & mens clothing,Cult, , ,Class 1,Class 1,7-9 NORTH BRIDGE,EH1 1SB,4799
325930.4176,673749.181500001,catalogue showroom,Argos,Class 1,Class 1,Class 1,Class 1,11-15 NORTH BRIDGE,EH1 1SB,4800
325931.879,673741.5824,"gifts, souvenirs",Best of Scottish, ,Class 1,Class 1,Class 1,17 NORTH BRIDGE,EH1 1SB,4801
325938.309,673717.3236,restaurant,Pizza Express, ,Class 3,Class 3,Class 3,23 NORTH BRIDGE,EH1 1SB,4802
325940.9395,673707.970799999,general clothing,Star, ,Class 1,Class 1,Class 1,25 NORTH BRIDGE,EH1 1SB,4803
325943.57,673696.864399999,optitians,Specsavers, ,Class 1,Class 1,Class 1,27 NORTH BRIDGE,EH1 1SB,4804
325947.785,673679.7223,bank,Royal Bank of Scotland, , ,Class 2,Class 2,29-31 NORTH BRIDGE,EH1 1SB,4805
325847.0745,673939.0999,vacant,vacant,Class 3,Redeveloped,Class 1,Vacant,18 NORTH BRIDGE,EH1 1TR,4806
325897.5678,673741.091800001,kilts,Victor Scott,Class 1,Class 1,Class 1,Class 1,26 NORTH BRIDGE,EH1 1QG,4807
325901.0751,673727.9395,dwelling,dwelling,Class 1,Class 1,Class 1,Class 9, , ,4808
325899.3214,673734.9541,betting shop,Ladbrokes,Class 2,Class 2,Class 2,Class 2,30 NORTH BRIDGE,EH1 1QG,4809
325902.5365,673721.8017,shoes & footwear,Schuh,Class 1,Class 1,Class 1,Class 1,32 NORTH BRIDGE,EH1 1QG,4810
325904.5824,673715.079399999,artists supplies & cards,Miller's Graphic Centres,Class 1,Class 1,Class 1,Class 1,36 NORTH BRIDGE,EH1 1QG,4811
325907.8768,673703.9519,travel agent,The Flight Centre,Class 1,Class 1,Class 1,Class 1,40 NORTH BRIDGE,EH1 1QN,4812
325910.9541,673692.553200001,chemist,Boots, , ,Class 1,Class 1,44 NORTH BRIDGE,EH1 1QN,4813
325913.6618,673683.292300001,restaurant,Pizza Hut, , ,Class 3,Class 3,46 NORTH BRIDGE,EH1 1QN,4814
325915.476,673677.0627,n/t/c,J & S Newsagents,Class 1,Class 1,Class 1,Class 1,52 NORTH BRIDGE,EH1 1QN,4815
325893.7682,673711.5721,café,Pasta Fresca,Class 1,Class 1,Class 3,Class 3,7-9 NORTH BRIDGE ARCADE, ,4816
325888.5073,673709.5262,café,Pasta Fresca,Class 1,UNKNOWN USE,Class 3,Class 3, , ,4817
325890.0,673695.772600001,general clothing,Who's Who,Class 1,Class 1,Class 1,Class 1,8-10 NORTH BRIDGE ARCADE,EH1 1QL,4818
324946.956,673992.0,restaurant (Thai),Time 4 Thai, , ,Class 3,Class 3,"45 CASTLE STREET, NORTH",EH2 3BG,4819
324925.4135,674064.1525,take-away food,Well Hung Beef,SUI GENERIS,Class 1,Class 1,Class 1,"67 CASTLE STREET, NORTH",EH2 3LJ,4820
324916.9119,673951.522,public house,Tonic,SUI GENERIS,SUI GENERIS,SUI GENERIS,SUI GENERIS,"34A CASTLE STREET, NORTH",EH2 3BN,4821
324892.695,674044.237400001,restaurant,Tony's Table,Class 3,Class 3,Class 3,Class 3,"58A CASTLE STREET, NORTH",EH2 3LU,4822
324882.5016,674062.739,delicatessen & take-away food,Circus Express, , ,Class 1,Class 1,"62 CASTLE STREET, NORTH",EH2 3LU,4823
324729.5865,673998.739,delicatessen,Food Glorious Food,Class 2,Class 1,Class 1,Class 1,"5(GF) CHARLOTTE STREET, N",EH2 4HR,4824
326160.1307,676484.2985,vacant,vacant,Class 1,Class 1,Vacant,Vacant,"19A FORT STREET, NORTH",EH6 4HB,4825
326157.2041,676489.2513,grocer,Ali's Store,Class 1,Class 1,Class 1,Class 1,"23 FORT STREET, NORTH",EH6 4HB,4826
326014.0523,676761.3246,event caterer,Heritage Portfolio,Class 1,Class 1,Class 1,Class 4,"49-49(A) FORT STREET, NOR",EH6 4HJ,4827
326035.1779,676852.727700001,hairdresser,KMK,Class 1,Class 1,Class 1,Class 1,"61 FORT STREET, NORTH",EH6 4HJ,4828
326055.6703,676847.727700001,vacant,vacant,Class 2,Class 2,Vacant,Vacant,"70 FORT STREET, NORTH",EH6 4HL,4829
326058.5969,676855.607100001,public house,Halfway House,SUI GENERIS,SUI GENERIS,SUI GENERIS,SUI GENERIS,"72 FORT STREET, NORTH",EH6 4HL,4830
326464.2774,676628.403100001,grocer (lic.),S & S Licensed Store,Class 1,Class 1,Class 1,Class 1,39-41 NORTH JUNCTION STRE,EH6 6HR,4831
326459.9789,676653.0733,public house,Vine Bar,SUI GENERIS,SUI GENERIS,SUI GENERIS,SUI GENERIS,43-47 NORTH JUNCTION STRE,EH6 6HS,4832
326456.5025,676666.3036,dwelling,dwelling,Class 1,Class 1,Vacant,Class 9, , ,4833
326530.0733,676463.994899999,opticians,Downes Leith Opticians,Class 2,Class 2,Class 2,Class 1,2 NORTH JUNCTION STREET,EH6 6HN,4834
326528.801,676468.801000001,n/a,Mindscreen, , ,UNKNOWN USE,UNKNOWN USE, , ,4835
326526.4713,676478.6282,hairdresser (gents),Nuthoose,Vacant,Class 1,Class 1,Class 1,12 NORTH JUNCTION STREET,EH6 6HN,4836
326516.3246,676523.246200001,vacant,vacant,Class 1,Class 1,Vacant,Vacant,22 NORTH JUNCTION STREET,EH6 6HN,4837
326515.4241,676527.2985,dwelling,dwelling,Vacant,Vacant,Vacant,Class 9, , ,4838
326507.7487,676557.921599999,public house,Swanny's,SUI GENERIS,SUI GENERIS,SUI GENERIS,SUI GENERIS,32 NORTH JUNCTION STREET,EH6 6HP,4839
326505.9477,676564.6754,hot food take-away,Dolphin Fish Bar,SUI GENERIS,SUI GENERIS,SUI GENERIS,SUI GENERIS,36-38 NORTH JUNCTION STRE,EH6 6HP,4840
325637.5558,674260.567500001,restaurant (Indian),Zest,Class 1,Class 1,Class 3,Class 3,"15 ST. ANDREW STREET, NOR",EH2 1HJ,4841
325635.7036,674266.099300001,sandwich bar,The Square,Class 1,Class 1,Class 1,Class 1,"17 ST. ANDREW STREET, NOR",EH2 1HJ,4842
325636.4511,674263.374199999,hairdresser,Kenneth Kim,Class 1,Class 1,Class 1,Class 1,16(1F2) ST. ANDREW STREET,EH2 1HJ,4843
313728.9181,670720.532099999,dwelling,dwelling,Class 1,Class 1,Class 1,Class 9, , ,4844
313733.0819,670710.1228,grocer & post office,The Village Shop,Class 1,Class 1,Class 1,Class 1,62 NORTH STREET,EH28 8RR,4845
313737.2456,670699.713500001,chemist,Ratho Pharmacy (Vantage),Class 1,Class 1,Class 1,Class 1,64 NORTH STREET,EH28 8RR,4846
313747.6548,670691.3861,office,Clerwood,Class 1,Class 4, ,Class 4,68 NORTH STREET,EH28 8RR,4847
324821.3357,674456.111199999,kitchenware,CookingMania.co.uk,Class 1,Class 1,Class 1,Class 1,1 NORTH WEST CIRCUS PLACE,EH3 6ST,4848
324812.8392,674458.432700001,residential letting agency,Slater Hogg & Howison Lettings,Class 1,Class 1,Class 2,Class 2,3 NORTH WEST CIRCUS PLACE,EH3 6ST,4849
324808.8109,674459.6076,kitchen furniture & fittings,New Town Design,Class 1,Class 1,Class 1,Class 1,4 NORTH WEST CIRCUS PLACE,EH3 6ST,4850
324802.7564,674461.579299999,baker & café,Patisserie Florentin,Class 1,Class 1,Class 1,Class 1,5 NORTH WEST CIRCUS PLACE,EH3 6ST,4851
324797.5531,674463.4256,residential letting agency,O'Neill Letting,Class 1,Class 1,Class 2,Class 2,6 NORTH WEST CIRCUS PLACE,EH3 6ST,4852
324773.3924,674471.418500001,bank,Royal Bank of Scotland,Class 2,Class 2,Class 2,Class 2,11-12 NORTH WEST CIRCUS P,EH3 6SX,4853
324760.1678,674475.510600001,restaurant (Italian diner),Zanzero, , ,Class 3,Class 3,15 NORTH WEST CIRCUS PLAC,EH3 6SX,4854
324753.6714,674477.839199999,"kitchen, bedroom & bathroom furniture",Smallbone of Devizes, , ,Class 1,Class 1,17 NORTH WEST CIRCUS PLAC,EH3 6SX,4855
324749.0142,674479.600500001,ladies clothing,Eden,Class 2,Class 2,Class 1,Class 1,18 NORTH WEST CIRCUS PLAC,EH3 6SX,4856
326547.15,676996.6217,ladies clothing,H & M, , ,Class 1,Class 1,98(LSU2) OCEAN DRIVE,EH6 6JJ,4857
326528.1869,677013.8858,supermarket - small,Marks & Spencer - Simply Food, , ,Class 1,Class 1,98(ST3) OCEAN DRIVE,EH6 6JJ,4858
326546.0565,677033.3956,café,O'Brien's Sandwich Bar, , ,Class 1,Class 3,98(RU56A) OCEAN DRIVE,EH6 6JJ,4859
326552.9054,677040.036900001,ladies clothing,Rival Clothing, , ,Class 1,Class 1,98(RU56B) OCEAN DRIVE,EH6 6JJ,4860
326561,677049,furniture,Sofa Works, , ,Class 1,Class 1,98(R2A) OCEAN DRIVE,EH6 6JJ,4861
326557,677043,Scottish produce,Baxters, , ,Class 1,Class 1,98(REST2A) OCEAN DRIVE,EH6 6JJ,4862
326590.1511,677075.113,food terrace,food terrace, , ,Class 3,Class 3, , ,4863
326574.0565,677060.0,restaurant,Zizzi, , ,Class 3,Class 3,98(R3) OCEAN DRIVE,EH6 6JJ,4864
326602.9435,677088.3587,restaurant,Ocean Kitchen Bar and Grill, , ,Class 3,Class 3,98(R4A) OCEAN DRIVE,EH6 6JJ,4865
326616.8489,677093.812000001,ladies clothing,Jane Norman, , ,Class 1,Class 1,98(RU57) OCEAN DRIVE,EH6 6JJ,4866
326622.7924,677107.6228,off license,Whisky Shop, , ,Class 1,Class 1,98(RU58) OCEAN DRIVE,EH6 6JJ,4867
326628.55,677114.308700001,clothing,Xile, , ,Class 1,Class 1,98(RU59) OCEAN DRIVE,EH6 6JJ,4868
324744.4823,674481.111199999,wallcoverings,New Collection - The Baroque Paper,Class 1,Class 1,Vacant,Class 1,20 NORTH WEST CIRCUS PLAC,EH3 6SX,4869
324732.461,674484.460999999,hairdresser,Vincent Bell,Class 1,Class 2,Class 1,Class 1,23-24 NORTH WEST CIRCUS P,EH3 6SX,4870
324684.3144,674482.0142,kitchen furniture & fittings,Sculleries of Stockbridge,Class 1,Class 1,Class 1,Class 1,25 NORTH WEST CIRCUS PLAC,EH3 6TP,4871
324693.6926,674475.524800001,fine art gallery / sales,Flaubert,Class 1,Class 1,Class 1,Class 1,26 NORTH WEST CIRCUS PLAC,EH3 6TP,4872
324703.0071,674470.6997,stress relief and natural therapy centre,Skindulgence Spa - The Floatarium, , ,Class 2,Class 1,28-29 NORTH WEST CIRCUS P,EH3 6TP,4873
324709.1678,674468.357000001,wine merchant,Nicolas,Class 1,Class 1,Class 1,Class 1,30 NORTH WEST CIRCUS PLAC,EH3 6TP,4874
324712.8605,674467.5177,hot food take-away,Take It Away Spud,SUI GENERIS,SUI GENERIS,SUI GENERIS,SUI GENERIS,31 NORTH WEST CIRCUS PLAC,EH3 6TP,4875
324719.3428,674465.9858,"luggage, storage, carpets",Anta,Class 1,Class 11,Class 11,Class 1,32 NORTH WEST CIRCUS PLAC,EH3 6TP,4876
328891.5002,674155.1305,take-away food,La Pannini,Class 1,Class 1,Class 1,Class 1,88 NORTHFIELD BROADWAY,EH8 7RU,4877
328889.6307,674160.695800001,florist,Wilma's Flower Shop,Class 1,Class 1,Class 1,Class 1,90 NORTHFIELD BROADWAY,EH8 7RU,4878
328887.522,674166.695800001,hot food take-away (Chinese),Hung Wai,SUI GENERIS,SUI GENERIS,SUI GENERIS,SUI GENERIS,92 NORTHFIELD BROADWAY,EH8 7RU,4879
328886.0004,674171.8913,hot food take-away,Giovanni's Fish Bar,SUI GENERIS,SUI GENERIS,SUI GENERIS,SUI GENERIS,94 NORTHFIELD BROADWAY,EH8 7RU,4880
326637.4717,677073.943499999,clothing,Burton / Top Shop / Dorothy Perkins, , ,Class 1,Class 1,98(RU7A) OCEAN DRIVE,EH6 6JJ,4881
326621.3206,677058.094599999,"home entertainment (records, tapes, cds etc.)",HMV, , ,Class 1,Class 1,98(RU8A) OCEAN DRIVE,EH6 6JJ,4882
326613.5848,677050.1511,café / coffee shop,Costa Coffee, , ,Class 3,Class 3,98(R1) OCEAN DRIVE,EH6 6JJ,4883
326585.5501,677023.2468,vacant,vacant, , ,Class 1,Vacant,98(RU10) OCEAN DRIVE,EH6 6JJ,4884
326526.9054,676996.6228,clothing,GAP, , ,Class 1,Class 1,98(ST2) OCEAN DRIVE,EH6 6JJ,4885
326580.3587,677018.584799999,clothing,New Look, , ,Vacant,Class 1,98(RU11) OCEAN DRIVE,EH6 6JJ,4886
326575.9435,677014.169600001,photograph processing,Kodak Express, , ,Vacant,Class 1, , ,4887
326590.7924,677028.679400001,clothing,British Home Stores (BHS), , ,Class 1,Class 1,98(ST1) OCEAN DRIVE,EH6 6JJ,4888
326549.4717,677029.5283,cosmetics,The Body Shop, , ,Class 1,Class 1,98(RU14) OCEAN DRIVE,EH6 6JJ,4889
326556.7739,677036.6413,perfumes & fragrances,The Perfume Shop, , ,Class 1,Class 1,98(RU15) OCEAN DRIVE,EH6 6JJ,4890
326562.6228,677041.8489,general clothing (leather),Korress Leather, , ,Class 1,Class 1,98(RU16) OCEAN DRIVE,EH6 6JJ,4891
326568.6413,677046.7739,mobile phones,Phones 4 U, , ,Class 1,Class 1,98(RU17) OCEAN DRIVE,EH6 6JJ,4892
326573.6413,677051.3402,bank,Bank of Scotland / HBOS, , ,Class 2,Class 2,98(RU18) OCEAN DRIVE,EH6 6JJ,4893
326582.7543,677060.094599999,mobile phones,O2, , ,Class 1,Class 1,98(RU19) OCEAN DRIVE,EH6 6JJ,4894
326590.4337,677067.830399999,travel agent,Thomson, , ,Class 1,Class 1,98(RU20A) OCEAN DRIVE,EH6 6JJ,4895
326599.6413,677076.717399999,chemist,Boots, , ,Class 1,Class 1,98(RU21A) OCEAN DRIVE,EH6 6JJ,4896
326603.8489,677081.566299999,jeweller,Goldsmiths, , ,Class 1,Class 1,98(RU22) OCEAN DRIVE,EH6 6JJ,4897
326613.0185,677089.717399999,greeting cards,Clinton Cards, , ,Class 1,Class 1,98(RU23A) OCEAN DRIVE,EH6 6JJ,4898
326622.4717,677100.094599999,jeweller,Herbert Samuel, , ,Class 1,Class 1,98(RU24) OCEAN DRIVE,EH6 6JJ,4899
326634.6228,677111.3772,ladies clothing - accessories,Claire's Accessories, , ,Class 1,Class 1,98(RU25) OCEAN DRIVE,EH6 6JJ,4900
326637.8304,677114.3772,mobile phones,Orange, , ,Class 1,Class 1,98(RU26) OCEAN DRIVE,EH6 6JJ,4901
326645.1511,677120.5283,mobile phones,Carphone Warehouse, , ,Class 1,Class 1,98(RU27A) OCEAN DRIVE,EH6 6JJ,4902
326648.7359,677123.8489,health food,Holland and Barratt, , ,Class 1,Class 1,98(RU27B) OCEAN DRIVE,EH6 6JJ,4903
326653.0565,677127.943499999,ladies clothing,Wallis, , ,Class 1,Class 1,98(RU28) OCEAN DRIVE,EH6 6JJ,4904
326659.2641,677133.943499999,lingerie,La Senza, , ,Class 1,Class 1,98(RU29) OCEAN DRIVE,EH6 6JJ,4905
326663.3206,677137.943499999,vacant,vacant, , ,Vacant,Vacant, , ,4906
326691.6413,677119.566299999,vacant,vacant, , ,Vacant,Vacant,98(RU31) OCEAN DRIVE,EH6 6JJ,4907
326686.9054,677114.830399999,sports goods,Extra Time, , ,Vacant,Class 1,98(RU32-33) OCEAN DRIVE,EH6 6JJ,4908
326677.4337,677105.6228,vacant,vacant, , ,Vacant,Vacant, , ,4909
326673.2261,677101.679400001,ladies clothing,Joy, , ,Vacant,Class 1,98(RU35) OCEAN DRIVE,EH6 6JJ,4910
326666.6413,677095.3587,vacant,vacant, , ,Vacant,Vacant,98(RU36) OCEAN DRIVE,EH6 6JJ,4911
326662.6978,677091.1511,mens clothing,Crew clothing, , ,Class 1,Class 1,98(RU37) OCEAN DRIVE,EH6 6JJ,4912
326654.0369,677082.3402,ladies clothing,Viviene Rose, , ,Class 1,Class 1,98(RU38) OCEAN DRIVE,EH6 6JJ,4913
326646.0185,677075.0381,ladies clothing,French Connection, , ,Class 1,Class 1,98(RU40) OCEAN DRIVE,EH6 6JJ,4914
326641.1696,677070.0381,ladies & mens clothing,Fat Face, , ,Class 1,Class 1,98(RU41) OCEAN DRIVE,EH6 6JJ,4915
326634.2826,677063.0381,ladies & mens clothing,Xile, , ,Vacant,Class 1,98(RU42) OCEAN DRIVE,EH6 6JJ,4916
326624.3772,677054.0381,toy / decorative bears,Bear Factory, , ,Class 1,Class 1,98(RU43) OCEAN DRIVE,EH6 6JJ,4917
326616.6413,677046.9815,Bags,Domo Bags, , ,Vacant,Class 1,98(RU44) OCEAN DRIVE,EH6 6JJ,4918
326611.4902,677040.9815,clothing,Trespass, , ,Class 1,Class 1,98(RU45) OCEAN DRIVE,EH6 6JJ,4919
326606.5467,677035.6228,musical instruments,Imported Instruments, , ,Class 1,Class 1,98(RU46) OCEAN DRIVE,EH6 6JJ,4920
326600.4337,677030.302200001,café / coffee shop,Starbucks, , ,Class 3,Class 3,98(RU47) OCEAN DRIVE,EH6 6JJ,4921
326594.7543,677025.0381,clothing,Ness Clothing, , ,Class 1,Class 1,98(RU48) OCEAN DRIVE,EH6 6JJ,4922
326589.9619,677019.302200001,jewellery,Ortak, , ,Class 1,Class 1,98(RU49) OCEAN DRIVE,EH6 6JJ,4923
326584.4902,677014.5098,clothing,Mostyn McKenzie, , ,Vacant,Class 1,98(RU50) OCEAN DRIVE,EH6 6JJ,4924
326580.3391,677009.830399999,toys and games,Hawkins Bazaar, , ,Vacant,Class 1,98(RU51) OCEAN DRIVE,EH6 6JJ,4925
326574.6782,677005.076099999,artwork & paintings,Thomas Kincade Gallery, , ,Class 1,Class 1,98(RU52) OCEAN DRIVE,EH6 6JJ,4926
326569.9424,677000.0196,health foods,Herbal Inn, , ,Class 1,Class 1,98(RU53) OCEAN DRIVE,EH6 6JJ,4927
326647.5848,677133.113,vacant,vacant, , ,Vacant,Vacant, , ,4928
326654.6978,677137.792400001,vacant,vacant, , ,Vacant,Vacant, , ,4929
326669,677111,vacant,vacant, , ,Vacant,Vacant,98(R5A) OCEAN DRIVE,EH6 6JJ,4930
326657,677105,vacant,vacant, , ,Vacant,Vacant,98(R6A) OCEAN DRIVE,EH6 6JJ,4931
326583.3022,677068.074999999,n/a,Ma Potters, , ,UNKNOWN USE,UNKNOWN USE,98(K11) OCEAN DRIVE,EH6 6JJ,4932
326605.8304,677091.584799999,restaurant,Ma Potters, , ,Class 3,Class 3,98(R8A) OCEAN DRIVE,EH6 6JJ,4933
326664.3772,677148.453299999,vacant,vacant, , ,Vacant,Vacant, , ,4934
326643.9054,677128.5283,gifts,Britannia Visitor Centre and Shop, , ,Class 1,Class 1,98(BR1) OCEAN DRIVE,EH6 6JJ,4935
326672.3022,677154.7555,restaurant,Palace Chine, , ,Class 3,Class 3,98(R11) OCEAN DRIVE,EH6 6JJ,4936
326658,677121,Juice bar,Rio Juice, , ,Vacant,Class 1,98(K1) OCEAN DRIVE,EH6 6JJ,4937
326658,677121,jewelery,Moonstone, , ,Class 1,Class 1,98(K2) OCEAN DRIVE,EH6 6JJ,4938
326658,677121,n/t/c,Bishops newsagent, , ,UNKNOWN USE,Class 1,98(K3) OCEAN DRIVE,EH6 6JJ,4939
327427.5898,667301.753799999,dwellings,dwellings,SUI GENERIS,SUI GENERIS,Vacant,Class 9, , ,4940
328858.2824,670282.767200001,petrol filling station & shop,Esso + shop,SUI GENERIS,SUI GENERIS,Class 1,Class 1,211 OLD DALKEITH ROAD,EH16 4SU,4941
325821,673563,restaurant,Café Marlayne,Class 3,Class 3,Vacant,Class 3,"7 OLD FISHMARKET CLOSE, (",EH1 1RW,4942
312128.7992,672607.207,bank,Royal Bank of Scotland,Class 2,Class 2,Class 2,Class 2,30 OLD LISTON ROAD,EH28 8SS,4943
312984.3081,678361.0075,redeveloped,redeveloped - part of Orocco Pier Hotel, , ,Class 3,Demolished, , ,4944
319948.7086,672930.373199999,hot food take-away,Domino's Pizza,Class 1,Class 1,SUI GENERIS,SUI GENERIS,"1 ORMISTON TERRACE, ( ST.",EH12 7SJ,4945
319943.3417,672931.3794,herbal remedies,Discover Herbs and Health,Class 1,Class 1,Class 1,Class 1,"4 ORMISTON TERRACE, ( ST.",EH12 7SJ,4946
319937.392,672932.031400001,optician,Visionary Eyecare,Class 1,Class 1,Class 1,Class 1,"5 ORMISTON TERRACE, ( ST.",EH12 7SJ,4947
319933.0314,672932.696,florist,The Flower Bomb,Class 1,Class 1,Class 1,Class 1,"6 ORMISTON TERRACE, ( ST.",EH12 7SJ,4948
319929.3417,672933.031400001,alternative medicine,Acupuncture &Herbal Centre,Class 1,Class 1,Class 1,Class 1,"8 ORMISTON TERRACE, ( ST.",EH12 7SJ,4949
319925.9874,672933.702299999,charity shop,Cancer Research U.K.,Class 1,Class 1,Class 1,Class 1,"9-10 ORMISTON TERRACE, (",EH12 7SJ,4950
319917.0063,672935.044,hairdresser/beauty salon,The Beauty Works,Class 1,Class 1,Class 1,Class 1,"12 ORMISTON TERRACE, ( ST",EH12 7SJ,4951
323928.6595,672933.202099999, , ,Class 1,Class 9,residential,residential, , ,4952
323930.7979,672930.5319,converted to residential,dwelling,Class 1,Vacant,Vacant,Class 9,5 ORWELL PLACE,EH11 2AD,4953
323605.0983,668702.398700001,public house,Good Companions,SUI GENERIS,SUI GENERIS,SUI GENERIS,SUI GENERIS,2 OXGANGS BANK,EH13 9JT,4954
323661,668753,n/t/c,B.P. Finn, , ,Class 1,Class 1,2 OXGANGS BROADWAY,EH13 9LQ,4955
323666.5298,668753.264900001,vacant,vacant,Class 1,Class 1,Class 1,Vacant,3 OXGANGS BROADWAY,EH13 9LQ,4956
323672.3244,668754.0,baker,Ford the Bakers,Class 1,Class 1,Class 1,Vacant,4 OXGANGS BROADWAY,EH13 9LQ,4957
323677.2649,668754.9405,hairdresser (gents),Barber Shop,Class 2,Class 2,Class 1,Class 1,4A OXGANGS BROADWAY,EH13 9LQ,4958
323682.5298,668755.735099999,vacant,vacant,Class 1,Class 1,Class 1,Vacant,5 OXGANGS BROADWAY,EH13 9LQ,4959
323690.6161,668756.6756,chemist,Taylor Pharmacy, , ,Class 1,Class 1,6-7 OXGANGS BROADWAY,EH13 9LQ,4960
323698.3244,668758.0,post office,Oxgangs Post Office,Class 1,Class 1,Class 1,Class 1,8 OXGANGS BROADWAY,EH13 9LQ,4961
323689.5893,668738.648800001,grocer,Broadway Convenience Store, , ,Class 1,Class 1,9-10 OXGANGS BROADWAY,EH13 9LQ,4962
323667.7946,668732.410700001,hot food take-away,Natural Spice, , ,SUI GENERIS,SUI GENERIS,13 OXGANGS BROADWAY,EH13 9LQ,4963
323673.0595,668732.880899999,hot food take-away (Chinese),Chinese Delight, , ,SUI GENERIS,SUI GENERIS,14 OXGANGS BROADWAY,EH13 9LQ,4964
323684.2977,668734.2916,betting shop,Coral, , ,Class 2,Class 2,15-17 OXGANGS BROADWAY,EH13 9LQ,4965
323692.7946,668735.410700001,hairdresser,L.S. Hair,Class 2,Class 1,Class 1,Class 1,18 OXGANGS BROADWAY,EH13 9LQ,4966
323589,669296,vacant,vacant,Class 1,Class 1,Vacant,Vacant,17(2)-19 OXGANGS CRESCENT,EH13 9HJ,4967
323588,669301,vacant,vacant,Class 1,Class 1,Class 1,Vacant,21 OXGANGS CRESCENT,EH13 9HJ,4968
323587,669307,vacant,vacant,Class 1,Vacant,Vacant,Vacant,23 OXGANGS CRESCENT,EH13 9HJ,4969
323587,669311,vacant,vacant,Class 1,Class 1,Class 4,Vacant,25 OXGANGS CRESCENT,EH13 9HJ,4970
323587,669317,vacant,vacant,Vacant,Class 1,Vacant,Vacant,27 OXGANGS CRESCENT,EH13 9HJ,4971
323586,669328,grocer/convenience store,Costcutter,Vacant,Class 1, ,Class 1,29-33 OXGANGS CRESCENT,EH13 9HJ,4972
323602,669334,vacant,vacant,Class 1,Vacant,Class 2,Vacant,35 OXGANGS CRESCENT,EH13 9HJ,4973
323764,668358,public house & restaurant,Hunter's Tryst,SUI GENERIS,Class 3,SUI GENERIS,SUI GENERIS,97(05) OXGANGS ROAD,EH13 9NG,4974
322640.8244,669757.6183,dwellings,dwellings,SUI GENERIS,SUI GENERIS,Class 1,Class 9, , ,4975
323288.9405,669099.860200001,grocer / convenience store,Scotmid Late Shop,Class 1,Class 1,Class 1,Class 1,230 OXGANGS ROAD NORTH,EH13 9BQ,4976
323295.5625,669076.815400001,hot food take-away (Chinese),Taste H.K.,SUI GENERIS,SUI GENERIS,SUI GENERIS,SUI GENERIS,232 OXGANGS ROAD NORTH,EH13 9BQ,4977
323299.2709,669064.630799999,hot food take-away,Chip Inn,SUI GENERIS,SUI GENERIS,SUI GENERIS,SUI GENERIS,234 OXGANGS ROAD NORTH,EH13 9BQ,4978
323403.3839,668877.205399999,dental surgery,Callum Jack Dental Surgery, , ,Class 2,Class 2, , ,4979
324212.1759,673361.5145,coffee shop,Starbucks,Class 2,Vacant,Class 3,Class 3,1 PALMERSTON PLACE,EH12 5AF,4980
325074.5002,672856.5021,disco equipment (storage only),Spiro Sound,Vacant,UNKNOWN USE,Class 1,Class 4,3 PANMURE PLACE,EH3 9HP,4981
319633.2388,674849.830600001,n/t/c & grocer,Max News Xtra,Class 1,Class 1,Class 1,Class 1,17 PARKGROVE STREET,EH4 7NT,4982
319634.5944,674844.6611,hairdresser,Freestyle,Class 1,Class 1,Class 1,Class 1,19 PARKGROVE STREET,EH4 7NT,4983
319635.9166,674837.489,dwelling,dwelling,Class 1,Class 1,Vacant,Class 9, , ,4984
319636.7638,674832.913899999,dwelling,dwelling,Class 1,Class 1,Class 1,Class 9, , ,4985
319637.6111,674828.0,sandwich bar,The Grove Deli,Class 1,Class 1,Vacant,Class 1,27 PARKGROVE STREET,EH4 7NT,4986
319638.6278,674823.2555,barber,Barber S,Class 1,Class 1,Class 1,Class 1,29 PARKGROVE STREET,EH4 7NT,4987
319639.6444,674817.8806,chemist,Parkgrove Pharmacy,Class 1,Class 1,Class 1,Class 1,31 PARKGROVE STREET,EH4 7NT,4988
319640.8306,674812.966600001,vacant,vacant,Class 1,Vacant,Vacant,Vacant,33 PARKGROVE STREET,EH4 7NT,4989
320310.8553,670847.942500001,public house,Silver Wing,SUI GENERIS,SUI GENERIS,SUI GENERIS,SUI GENERIS,(2) PARKHEAD GARDENS,EH11 4AH,4990
320312.7106,670843.912799999,hot food take-away,Bodrum Express,SUI GENERIS,SUI GENERIS,SUI GENERIS,SUI GENERIS,6 PARKHEAD GARDENS,EH11 4SQ,4991
320313.6382,670841.593699999,money lenders,Cheque Centre,Class 2,Class 2,Class 2,Class 2,6A PARKHEAD GARDENS,EH11 4SQ,4992
320315.102,670837.7532,baker,Parkhead Bakers,Class 1,Class 1,Class 1,Class 1,8 PARKHEAD GARDENS,EH11 4SQ,4993
328038.8595,674177.327199999,vacant,vacant,Class 1,Class 1,Class 1,Vacant,4/5 PARSONS GREEN TERRACE,EH8 7AN,4994
328045.1312,674173.950099999,grocer,Lifestyle 8 Days a Week Convenience Store,Class 4,Class 1,Class 1,Class 1,7 PARSONS GREEN TERRACE,EH8 7AN,4995
328073.1201,674168.3124,Hairdresser,Lynette Daly,Class 2,Class 2,Class 2,Class 1,14 PARSONS GREEN TERRACE,EH8 7AG,4996
328082.2865,674166.221799999,flooring,Style Flooring,Class 1,Class 1,Class 1,Class 1,16 PARSONS GREEN TERRACE,EH8 7AG,4997
328144.658,674153.2015,hot food take-away (Indian),New Masala Pot,Class 1,SUI GENERIS,SUI GENERIS,SUI GENERIS,25 PARSONS GREEN TERRACE,EH8 7AF,4998
328152.5379,674152.397399999,hot food take-away,Deli-express,Class 2,Class 4,SUI GENERIS,SUI GENERIS,28 PARSONS GREEN TERRACE,EH8 7AF,4999
328159.9797,674151.5934,vacant,vacant,Class 1,Class 1,Class 1,Vacant,29-31 PARSONS GREEN TERRA,EH8 7AF,5000
328165.1257,674151.1109,driving school,Meadowbank School of Motoring,SUI GENERIS,SUI GENERIS,Class 4,Class 4,33 PARSONS GREEN TERRACE,EH8 7AF,5001
328170.4325,674150.467700001,Barber,McLean,Class 1,Class 1,Vacant,Class 1,34 PARSONS GREEN TERRACE,EH8 7AF,5002
328175.7486,674149.844699999,hairdresser,June Carol Hair Design,Class 1,Class 1,Class 1,Class 1,35 PARSONS GREEN TERRACE,EH8 7AF,5003
328179.6081,674149.362299999,florist,Taylor Made Flowers, , ,Class 1,Class 1,37 PARSONS GREEN TERRACE,EH8 7AF,5004
328183.4677,674148.879899999,hairdresser,J.C. Melrose, , ,Class 1,Class 1,38 PARSONS GREEN TERRACE,EH8 7AF,5005
328907.5531,671896.2565,beds,Blindcraft Beds, ,Class 1,Class 1,Class 1,2 PEFFER PLACE,EH16 4BB,5006
328961.0902,671920.6734,vacant,vacant, , ,Class 3,Vacant,40/37C PEFFER PLACE,EH16 4BB,5007
328762.5572,671872.4453,public house,Oman's,SUI GENERIS,SUI GENERIS,SUI GENERIS,SUI GENERIS,1 PEFFER STREET,EH16 4BA,5008
327827.0531,671482.920299999,motorbike showroom,Two Wheels,Class 1,Redeveloped,SUI GENERIS,SUI GENERIS,36 PEFFERMILL ROAD,EH16 5LL,5009
321901.9286,676087.3496,grocer & post office,Post Office, , ,Class 1,Class 1,1-5 PENNYWELL COURT,EH4 4TZ,5010
321886.9156,676083.4209,vacant,vacant, , ,Vacant,Vacant,7 PENNYWELL COURT,EH4 4TZ,5011
321881.3163,676082.2093,vacant,vacant,SUI GENERIS,SUI GENERIS,SUI GENERIS,Vacant,9 PENNYWELL COURT,EH4 4TZ,5012
321864.8597,676078.770500001,office,Community Renewal,Class 2,Class 2,Class 4,Class 2,11 PENNYWELL COURT,EH4 4TZ,5013
321889.6659,676103.755100001,vacant,vacant,Class 1,Class 1,Class 1,Vacant,2 PENNYWELL COURT,EH4 4TZ,5014
321881.176,676101.9311,household goods,Baba's Cave, , ,Class 1,Class 1,4-6 PENNYWELL COURT,EH4 4TZ,5015
321872.9643,676100.089199999,advice centre,North Edinburgh Drug Advice Centre,Class 2,Class 4, ,Class 2,(17) PENNYWELL COURT,EH4 4TZ,5016
321867.3852,676098.808599999,advice centre,North Edinburgh Drug Advice Centre,Class 4,Class 2,Class 2,Class 2,10 PENNYWELL COURT,EH4 4TZ,5017
321859.0357,676096.8443,n/t/c,Newsagent, , ,SUI GENERIS,Class 1,12-14 PENNYWELL COURT,EH4 4TZ,5018
321939.2806,676027.0,hot food take-away (Chinese),New Suen Moon, , ,SUI GENERIS,SUI GENERIS,39 PENNYWELL ROAD,EH4 4QR,5019
321937.5256,676034.5077,optician,Pennywell Opticians,Class 2,Class 1,Class 1,Class 1,41A PENNYWELL ROAD,EH4 4QR,5020
321928.5588,676057.459000001,supermarket,The Co-operative Food, , ,Class 1,Class 1,43-45 PENNYWELL ROAD,EH4 4QR,5021
321925.3317,676068.459000001,baker,Greggs,Class 1,Class 1,Class 1,Class 1,45A PENNYWELL ROAD,EH4 4QR,5022
328835.2396,674211.152799999,betting shop,Coral Racing,Class 1,Class 1,Class 2,Class 2,175 PIERSFIELD TERRACE,EH8 7BR,5023
328841.2174,674212.6744,funeral director,McKenzie & Millar,Class 4,Class 1,Class 1,Class 1,177 PIERSFIELD TERRACE,EH8 7BR,5024
328769.9473,674081.3135,supermarket - large,Morrisons, ,Class 1,Class 1,Class 1,6 PIERSFIELD TERRACE, ,5025
330428.6777,673933.998400001,hairdresser,Jon Paul Hair Studio,Class 1,Class 1,Class 1,Class 1,125 PORTOBELLO HIGH STREE,EH15 1AF,5026
330435.1636,673926.333900001,delicatessen & café,Kitcheners Delicatessen, , ,Class 1,Class 1,127-129 PORTOBELLO HIGH S,EH15 1AF,5027
330440.6711,673920.1719,chiropodist,Portobello foot care,Class 1,Class 1,Class 1,Class 2,131 PORTOBELLO HIGH STREE,EH15 1AF,5028
330443.676,673916.8331,travel agent,Thomson,Class 1,Class 1,Class 1,Class 1,135 PORTOBELLO HIGH STREE,EH15 1AQ,5029
328837.0825,674167.703,frozen food,Iceland,Class 1,Class 1,Class 1,Class 1,40-42 PIERSFIELD TERRACE,EH8 7BJ,5030
328393.653,674142.282,hot food take-away,The Belmonte,SUI GENERIS,SUI GENERIS,SUI GENERIS,SUI GENERIS,1 PIERSHILL PLACE,EH8 7EH,5031
328403.1087,674142.716700001,chiropodist,Dunedin Chiropody,Class 1,Vacant,Class 2,Class 2,3 PIERSHILL PLACE,EH8 7EH,5032
328432.7176,674144.3475,vacant,vacant,SUI GENERIS,SUI GENERIS,Vacant,Vacant,5 PIERSHILL PLACE,EH8 7EH,5033
328445.5434,674143.9991,public house,"Porters, Piershill Tavern",SUI GENERIS,SUI GENERIS,SUI GENERIS,SUI GENERIS,7 PIERSHILL PLACE,EH8 7EH,5034
328461.6966,674144.455700001,betting shop,Ladbrokes,Vacant,Class 4,Class 2,Class 2,9 PIERSHILL PLACE,EH8 7EH,5035
328468.2178,674144.6731,hot food take-away,Zoom Express,Class 1,Vacant,SUI GENERIS,SUI GENERIS,11 PIERSHILL PLACE,EH8 7EH,5036
328398.4352,674142.607999999,hot food take-away,Modern Taste,Class 4,Vacant,SUI GENERIS,SUI GENERIS,2 PIERSHILL PLACE,EH8 7EH,5037
328412.9782,674143.3466,vacant,vacant,Class 1,Class 4,Class 1,Vacant,4 PIERSHILL PLACE,EH8 7EH,5038
328455.6739,674144.1951,hot food take-away (Chinese),May flower,Class 1,SUI GENERIS,SUI GENERIS,SUI GENERIS,8A PIERSHILL PLACE,EH8 7EH,5039
321921.1225,676085.8573,betting shop,William Hill,Class 1,Class 1,Vacant,Class 2,47A PENNYWELL ROAD,EH4 4QR,5040
321905.6634,676106.5612,unknown,U save,Class 1,Class 1,Class 1,UNKNOWN USE,49 PENNYWELL ROAD,EH4 4TY,5041
321900.296,676130.331700001,hairdresser,CMS Hair & Beauty,Class 1,Class 1,Class 1,Class 1,53A PENNYWELL ROAD,EH4 4TY,5042
321895.9108,676138.9822,n/t/c,R.S. McColl,Class 1,Class 1,Class 1,Class 1,55 PENNYWELL ROAD,EH4 4TY,5043
321894.3674,676145.8573,chemist,Lloyds Pharmacy,Class 1,Class 1,Class 1,Class 1,55A-57 PENNYWELL ROAD,EH4 4TY,5044
321892.6302,676153.0,butcher,Pork Sausage Ltd,Class 1,Class 1,Class 1,Class 1,57A PENNYWELL ROAD,EH4 4TY,5045
321891.9108,676157.5612,hot food take-away,Gerry's Fish Bar,SUI GENERIS,SUI GENERIS,SUI GENERIS,SUI GENERIS,59 PENNYWELL ROAD,EH4 4TY,5046
321889.9501,676166.9154,café (fish & chips),Gerry's,Class 1,Class 1,Vacant,Class 3,61 PENNYWELL ROAD,EH4 4TY,5047
321884.7788,676178.2454,public house,The Gunner,SUI GENERIS,SUI GENERIS,SUI GENERIS,SUI GENERIS,63 PENNYWELL ROAD,EH4 4TY,5048
318036.2689,667720.039000001,hot food take-away (fish and chips),Sofias,Class 1,Class 1,SUI GENERIS,SUI GENERIS,1 PENTLAND VIEW COURT,EH14 5NP,5049
318025.4614,667713.3079,greeting cards & gifts,That Shop (Hallmark),Class 1,Class 1,Class 1,Class 1,3 PENTLAND VIEW COURT,EH14 5NP,5050
318004.7311,667726.1162,grocer / convenience store,Scotmid,Class 1,Class 1,Class 1,Class 1,7 PENTLAND VIEW COURT,EH14 5NP,5051
317996.772,667764.066400001,hot food take-away (Chinese),Golden Chopsticks,Class 1,SUI GENERIS,SUI GENERIS,SUI GENERIS,9 PENTLAND VIEW COURT,EH14 5NP,5052
318031.2307,667716.769300001,chemist,Lindsay & Gilmour,Class 1,Class 1,Class 1,Class 1,2 PENTLAND VIEW COURT,EH14 5NP,5053
318015.1934,667707.770199999,public house,Pentland View,SUI GENERIS,SUI GENERIS,SUI GENERIS,SUI GENERIS,4-5 PENTLAND VIEW COURT,EH14 5NP,5054
318010.9618,667714.1544,vacant,vacant,Class 1,Class 1,Class 1,Vacant,6 PENTLAND VIEW COURT,EH14 5NP,5055
317991.4659,667760.952,hot food take away (Indian),The Rannaghor,SUI GENERIS,SUI GENERIS,Class 1,SUI GENERIS,8 PENTLAND VIEW COURT,EH14 5NP,5056
325938.8319,674398.3653,public house,The Street,SUI GENERIS,Vacant,SUI GENERIS,SUI GENERIS,2 PICARDY PLACE,EH1 3JT,5057
325947.6232,674400.8695,solicitors & estate agents,Neilsons,Class 2,Class 2,Class 2,Class 2,2A PICARDY PLACE,EH1 3JT,5058
325954.1942,674405.8726,bar/restaurant,GHQ, , ,Class 3,Class 3,4 PICARDY PLACE,EH1 3JT,5059
325963.571,674407.8465,bank,Bank of Scotland / HBOS,Class 2,Class 2,Class 2,Class 2,6 PICARDY PLACE,EH1 3JT,5060
325973.5856,674410.817299999,vacant,vacant,Class 1,Class 1,Class 1,Vacant,8(GF) PICARDY PLACE,EH1 3JT,5061
325508,677060,café,The Market Buffet,Class 3,Class 3,Class 3,Class 3,3 PIER PLACE,EH6 4LP,5062
325544,677118,restaurant (Italian),Prezzo, , ,Vacant,Class 3,25 PIER PLACE,EH6 4LP,5063
328681.3947,674178.635199999,financial services,Female independent ltd.,Class 2,Class 2,Class 2,Class 2,113 PIERSFIELD TERRACE,EH8 7BS,5064
328686.5399,674179.442299999,design office,Mayburn Design,Class 4,Class 4,Class 4,Class 4,117 PIERSFIELD TERRACE,EH8 7BS,5065
328695.0743,674180.736099999,n/t/c,M. Afzal & Son,Class 1,Class 1,Class 1,Class 1,119 PIERSFIELD TERRACE,EH8 7BS,5066
328700.3204,674181.543199999,beauty salon,Tanz,Class 2,Class 2,Class 1,Class 1,123 PIERSFIELD TERRACE,EH8 7BS,5067
328823.1305,674208.1746,tools,Machine Mart, , ,Class 1,Class 1,171 PIERSFIELD TERRACE,EH8 7BR,5068
328847.3038,674214.087300001,chemist,Nuchem,Class 1,Class 1,Class 1,Class 1,173 PIERSFIELD TERRACE,EH8 7BR,5069
323221.2177,675904.2542,supermarket - large,Morrisons, ,Class 1,Class 1,Class 1,102-104 PILTON DRIVE, ,5070
330346,674085,showroom,amusement arcade, , ,UNKNOWN USE,Class 11,49-51 PIPE STREET,EH15 1BR,5071
326849.7226,675996.9789,hairdresser,Beatrice McShee,Class 1,Class 1,Class 1,Class 1,3 PIRRIE STREET,EH6 5HY,5072
325965.4777,676184.309900001,contract cleaners,Dunedin Contract,Class 4,Class 4,Class 4,Class 4,2 PITT STREET,EH6 4BU,5073
326271.7536,673292.0459,wholesale wines,Laurence Smith & Son,Class 2,Class 2,Class 2,Class 2,61 PLEASANCE,EH8 9TQ,5074
326272.3382,673287.077299999,vacant,vacant,Vacant,Vacant,Class 3,Vacant,65 PLEASANCE,EH8 9TG,5075
326317.1691,673009.0,vacant,vacant,Vacant,Class 1,Vacant,Vacant,193 PLEASANCE,EH8 9RU,5076
326323.0459,672999.661800001,vacant,vacant,Vacant,Vacant, ,Vacant,201 PLEASANCE,EH8 9RU,5077
326325.1691,672988.215,photographer/studio hire,Studio 203,Vacant,Class 1,Class 1,Class 2,203 PLEASANCE,EH8 9RU,5078
326327.5073,672983.5386,office,Scottish Pensions Association,Class 4,Vacant,Class 4,Class 4,207 PLEASANCE,EH8 9RU,5079
326361.1232,672982.5386,licensed club,Lismore Rugby Football Club,Vacant,SUI GENERIS,SUI GENERIS,SUI GENERIS,192 PLEASANCE,EH8 9RT,5080
324003.9287,672344.2678,grocer,Polwarth Fruit Market & Grocers,Class 4,Class 1,Class 1,Class 1,29 POLWARTH CRESCENT,EH11 1HR,5081
324006.2678,672338.907099999,vacant,vacant (boarded up), , ,Vacant,Vacant,33 POLWARTH CRESCENT,EH11 1HR,5082
323995.1642,672380.9892,vacant,vacant, , ,Vacant,Vacant,43-45 POLWARTH CRESCENT,EH11 1HS,5083
324105.7106,672304.6393,vacant,vacant,Class 1,Class 1,Class 1,Vacant,2 POLWARTH CRESCENT,EH11 1HW,5084
324101.6285,672301.9179,travel agent,Bryton Travel,Class 1,Class 1,Class 1,Class 1,4 POLWARTH CRESCENT,EH11 1HW,5085
324094.6178,672297.814300001,vacant,vacant,Class 2,Class 2,Class 2,Vacant,6 POLWARTH CRESCENT,EH11 1HW,5086
324090.0821,672295.092900001,grocer (lic.) & n/t/c,Polwarth Superstore,Class 1,Class 1,Class 1,Class 1,8 POLWARTH CRESCENT,EH11 1HW,5087
324085.0929,672294.185699999,vacant,vacant (boarded up),Vacant,Vacant,Vacant,Vacant, , ,5088
324080.5572,672295.092900001,residential property management,Alba Residential,Class 1,Class 1,Vacant,Class 2,12A POLWARTH CRESCENT,EH11 1HW,5089
324075.1144,672298.2678,restaurant & hot food take-away (Chinese),Maxin's,Vacant,Class 3,Class 3,Class 3,14 POLWARTH CRESCENT,EH11 1HW,5090
324026.7322,672369.7214,office,Mowco Ltd.,Class 2,Vacant,Class 4,Class 4,36 POLWARTH CRESCENT,EH11 1HN,5091
324009.393,672404.257099999,grocers,Al-Halal Food Store,SUI GENERIS,Vacant, ,Class 1,42 POLWARTH CRESCENT,EH11 1HL,5092
324014.2786,672394.568,office,vacant,Class 1,Class 4, ,Vacant,46-50(BF) POLWARTH CRESCE,EH11 1HL,5093
324017.4536,672388.218,office (social care staff agency),SCRT,Class 4,Class 4, ,Class 4,46-50(GF) POLWARTH CRESCE,EH11 1HL,5094
324065.8143,672268.814300001,grocer (lic.) & n/t/c,Santangeli,Class 2,Class 2,Class 1,Class 1,1 POLWARTH GARDENS,EH11 1JS,5095
324062.2463,672263.3715,veterinary surgery,Happy Pets,Class 1,Class 1,Class 2,Class 2, , ,5096
324058.2463,672260.907099999,veterinary surgery,Happy Pets, , ,Class 2,Class 2, , ,5097
324054.5357,672258.8358,vacant,vacant,Class 4,Class 1,Class 1,Vacant,7 POLWARTH GARDENS,EH11 1JS,5098
323794.9785,672113.814300001,fireplace surrounds,Traditional Fire Surrounds, , ,Class 1,Class 1,81-83 POLWARTH GARDENS,EH11 1LQ,5099
324117.2786,672286.246300001,hairdresser,Preston Hair,Class 1,Class 1,Vacant,Class 1,2 POLWARTH GARDENS,EH11 1LW,5100
324113.1965,672283.524900001,"business services - accounting, tax etc.",Facts & Figures - Business Solutions Centre,Class 1,Vacant,Class 4,Class 4,4 POLWARTH GARDENS,EH11 1LW,5101
324109.1144,672280.8035,hairdresser (gents),EH11,Class 1,Class 1,Class 1,Class 1,6 POLWARTH GARDENS,EH11 1LW,5102
324104.5787,672277.6285,"hot food take-away (pizzas, kebabs)",Pizza Corner,SUI GENERIS,SUI GENERIS,SUI GENERIS,SUI GENERIS,8 POLWARTH GARDENS,EH11 1LW,5103
324098.4643,672263.9179,restaurant & hot food take-away (Chinese),South China Inn,Class 1,Class 1,Class 3,Class 3,16 POLWARTH GARDENS,EH11 1LW,5104
324097.5572,672259.8358,launderette,Munro - Suds 'R' Us,Class 1,Class 1,Class 1,Class 1,20 POLWARTH GARDENS,EH11 1LW,5105
323803.3715,672086.257099999,grocer / convenience store,Scotmid, , ,Class 1,Class 1,116B POLWARTH GARDENS,EH11 1LH,5106
324769.0105,672953.4945,insurance brokers,Giles Insurance Brokers Ltd.,Class 1,Class 11, ,Class 2,5 PONTON STREET,EH3 9QQ,5107
312297.543,678672.506100001,boats,Production Yachts (Port Edgar) Ltd., , ,SUI GENERIS,SUI GENERIS,(J) PORT EDGAR,EH30 9TD,5108
312242.0,678640.975400001,marine equipment,Forth Area Marine Electronics Ltd., , ,Class 2,Class 2,(J/1) PORT EDGAR,EH30 9TD,5109
312269.4324,678638.4816,vacant,vacant, , ,Class 3,Vacant,(U) PORT EDGAR,EH30 9TD,5110
326446.5708,676705.983999999,vacant,vacant,Vacant,Vacant,Vacant,Vacant,1B-3 PORTLAND PLACE,EH6 6LA,5111
326441.5548,676722.4241,take away food,Derrick's Takeaway,Class 1,Class 1,Class 1,Class 1,6 PORTLAND PLACE,EH6 6LA,5112
326439.9789,676727.602,café,Snax Cafe,Vacant,Class 1,Class 3,Class 3,8 PORTLAND PLACE,EH6 6LA,5113
326436.2041,676735.0995,hairdressers,Red Hair & Beauty,Vacant,Class 2,Class 2,Class 1,10 PORTLAND PLACE,EH6 6LA,5114
326434.8533,676738.476399999,vacant,vacant,Vacant,Vacant,Class 1,Vacant,12 PORTLAND PLACE,EH6 6LA,5115
326433.5025,676741.8533,computer consumables,Inkredible Cartridges,Vacant,Class 1,Class 1,Class 1,13 PORTLAND PLACE,EH6 6LA,5116
326430.2041,676745.602,hot food take-away (Chinese),Samuel's,SUI GENERIS,SUI GENERIS,SUI GENERIS,SUI GENERIS,14 PORTLAND PLACE,EH6 6LA,5117
326426.602,676747.6282,tailors & dry cleaning,Zig Zag,Class 1,Class 1,Class 2,Class 1,15 PORTLAND PLACE,EH6 6LA,5118
326421.7277,676750.1779,public house,Rumba,SUI GENERIS,SUI GENERIS,SUI GENERIS,SUI GENERIS,17 PORTLAND PLACE,EH6 6LA,5119
326414.2302,676753.801000001,grocer,Best One,Class 1,Class 1,Class 1,Class 1,18 PORTLAND PLACE,EH6 6LA,5120
326408.8272,676755.827199999,betting shop,William Hill,Class 2,Class 2,Class 2,Class 2,20 PORTLAND PLACE,EH6 6LA,5121
326397.78,676759.884500001,vacant,vacant,SUI GENERIS,SUI GENERIS,SUI GENERIS,Vacant,21 PORTLAND PLACE,EH6 6LA,5122
326390.2774,676763.6282,vacant,vacant,Class 1,SUI GENERIS,SUI GENERIS,Vacant,23 PORTLAND PLACE,EH6 6LA,5123
330415.8265,674005.8347,craft materials,Get Creative,Class 1,Class 1,Class 1,Class 1,100 PORTOBELLO HIGH STREE,EH15 1AL,5124
330417.9967,674003.6645,hot food take-away,Golden Bite,SUI GENERIS,SUI GENERIS,SUI GENERIS,SUI GENERIS,102 PORTOBELLO HIGH STREE,EH15 1AL,5125
330422.4975,673998.327299999,charity shop,Friends of the Edinburgh Dog & Cat Home,Class 1,Class 1,Class 1,Class 1,104 PORTOBELLO HIGH STREE,EH15 1AL,5126
330429.8281,673990.157,hot food take-away (Chinese),108,SUI GENERIS,SUI GENERIS,SUI GENERIS,SUI GENERIS,108 PORTOBELLO HIGH STREE,EH15 1AL,5127
330425.4942,673995.0066,stationery,Portobello Stationers, , ,Class 1,Class 1,110 PORTOBELLO HIGH STREE,EH15 1AL,5128
330435.6546,673983.9967,"butcher, delicatessen",Findlays, , ,Class 1,Class 1,112-116 PORTOBELLO HIGH S,EH15 1AL,5129
330456.4909,673960.6579,n/t/c,R.S. McColl,Class 1,Class 1,Class 1,Class 1,120-122 PORTOBELLO HIGH S,EH15 1AH,5130
330462.6546,673954.323999999,betting shop,William Hill,SUI GENERIS,SUI GENERIS,SUI GENERIS,Class 2,124 PORTOBELLO HIGH STREE,EH15 1AH,5131
330488.9868,673925.662799999,hairdresser,Bluto and Olive's,Class 1,Class 1,Class 1,Class 1,126 PORTOBELLO HIGH STREE,EH15 1AH,5132
330468.9901,673947.662799999,hot & cold food take-away,Izzy's,Class 1,Class 1,SUI GENERIS,SUI GENERIS,128 PORTOBELLO HIGH STREE,EH15 1AH,5133
330472.6628,673943.4893,sandwich shop,Popeye's Sandwich Bar,Class 1,Class 1,Class 1,Class 1,132 PORTOBELLO HIGH STREE,EH15 1AH,5134
330483.9868,673931.6579,cheque cashing,Cheque Centre,Class 1,Class 1,Class 1,Class 2,134 PORTOBELLO HIGH STREE,EH15 1AH,5135
330479.157,673937.1603,greengrocer,Banana Republic (Budget Fruit Supplies),Class 1,Class 1,Class 1,Class 1,134A PORTOBELLO HIGH STRE,EH15 1AH,5136
330486.324,673929.1537,bank,Lloyds TSB Scotland,Class 2,Class 2,Class 2,Class 2,134C PORTOBELLO HIGH STRE,EH15 1AJ,5137
330490.9901,673923.3256,chemist,Semi-Chem,Class 1,Class 1,Class 1,Class 1,136 PORTOBELLO HIGH STREE,EH15 1AH,5138
330495.481,673918.666099999,mobile phones,unnamed,Class 1,Class 1,Vacant,Class 1,140 PORTOBELLO HIGH STREE,EH15 1AH,5139
330497.9852,673915.6612,n/t/c,Porto News,Class 1,Class 1,Class 1,Class 1,144 PORTOBELLO HIGH STREE,EH15 1AH,5140
330500.3223,673913.157,fishmonger,John Williamson,Class 1,Class 1,Class 1,Class 1,146 PORTOBELLO HIGH STREE,EH15 1AH,5141
330504.8248,673908.3355,greeting cards,Special Thoughts,Class 1,Class 1,Class 1,Class 1,150 PORTOBELLO HIGH STREE,EH15 1AH,5142
326387.1256,676765.429199999,vacant,vacant,SUI GENERIS,SUI GENERIS,SUI GENERIS,Vacant,24 PORTLAND PLACE,EH6 6LA,5143
326334.7911,676691.516000001,vacant,vacant,Class 2,Vacant,Vacant,Vacant,25 PORTLAND STREET,EH6 4BB,5144
330144,674235,car sales / car wash,Roger Clark / Pro Clean, , ,Class 1,SUI GENERIS,3(01) PORTOBELLO HIGH STR,EH15 1DW,5145
330241.4867,674159.5471,bicycles & roller blades,BG Cycles & Blades,Class 4,Class 1,Class 1,Class 1,25 PORTOBELLO HIGH STREET,EH15 1DE,5146
330245.3545,674155.679300001,computer repairs,Data,Class 1,Class 4,Vacant,Class 1,27 PORTOBELLO HIGH STREET,EH15 1DE,5147
330355.1686,674042.1686,vacant,vacant,Vacant,Class 3,Class 3,Vacant,79 PORTOBELLO HIGH STREET,EH15 1AW,5148
330363.5058,674032.6777,public house,Three Monkeys,SUI GENERIS,SUI GENERIS,SUI GENERIS,SUI GENERIS,87 PORTOBELLO HIGH STREET,EH15 1AW,5149
330369.0115,674025.193299999,financial services,Four Seasons,Class 1,Class 1,Class 1,Class 2,91 PORTOBELLO HIGH STREET,EH15 1AW,5150
330373.519,674020.018100001,hairdresser,Tangles,Vacant,Class 2,Class 4,Class 1,95 PORTOBELLO HIGH STREET,EH15 1AW,5151
330390.6694,674002.1653,doll houses,It's a small world,Class 1,Class 1,Class 1,Class 1,99 PORTOBELLO HIGH STREET,EH15 1AR,5152
330394.3421,673998.3256,charity shop,Lifeline Charity Shop,Vacant,Class 1,Vacant,Class 1,103 PORTOBELLO HIGH STREE,EH15 1AR,5153
330051,674320,charity shop,"Chest, heart and stroke",Class 1,Class 1,Vacant,Class 1,113 PORTOBELLO HIGH STREE,EH15 1AR,5154
330398.6694,673979.998400001,hairdresser,Ooh la la,Class 1,Class 4,Vacant,Class 1,115 PORTOBELLO HIGH STREE,EH15 1AR,5155
330402.5008,673976.0033,beauty salon,Body Beautiful,Class 1,Class 1,Class 1,Class 1,117 PORTOBELLO HIGH STREE,EH15 1AR,5156
330407.5239,673970.796800001,wine merchant,fine wine company,Class 1,Class 4,Class 1,Class 1,119 PORTOBELLO HIGH STREE,EH15 1AR,5157
330424.6711,673938.3388,vacant,vacant,Class 2,Class 1,Class 1,Vacant,121 PORTOBELLO HIGH STREE,EH15 1AF,5158
330482.3454,673874.3256,bank,Bank of Scotland / HBOS, , ,Class 2,Class 2,151 PORTOBELLO HIGH STREE,EH15 1AF,5159
330517.242,673860.579700001,public house,The Glassblower,SUI GENERIS,SUI GENERIS,SUI GENERIS,SUI GENERIS,163 PORTOBELLO HIGH STREE,EH15 1EU,5160
330521.3351,673857.2446,vacant,vacant,SUI GENERIS,SUI GENERIS,Vacant,Vacant,165 PORTOBELLO HIGH STREE,EH15 1EU,5161
330527.3058,673851.6064,pets & pet supplies,Acorn Pet Centres, , ,Class 1,Class 1,167-171 PORTOBELLO HIGH S,EH15 1EU,5162
330536.0345,673843.7872,veterinary surgery,Abercorn Veterinary Clinics,Class 2,Class 2,Class 2,Class 2, , ,5163
330544.1861,673838.0612,bank,Royal Bank of Scotland,Class 2,Class 2,Class 2,Class 2,177 PORTOBELLO HIGH STREE,EH15 1EU,5164
330552.3669,673832.0956,public house,Portobello Bar,SUI GENERIS,SUI GENERIS,SUI GENERIS,SUI GENERIS,187 PORTOBELLO HIGH STREE,EH15 1EU,5165
330556.4548,673829.6116,vacant,vacant,Class 2,Class 2,Class 2,Vacant,191-193 PORTOBELLO HIGH S,EH15 1EU,5166
330569.3377,673821.821699999,hot food take-away,Pizza Hut, , ,SUI GENERIS,SUI GENERIS,195 PORTOBELLO HIGH STREE,EH15 1EU,5167
330576.3988,673818.2206,grocer and general store,Portobello Costcutter,Class 3,Class 3,Class 1,Class 1,201 PORTOBELLO HIGH STREE,EH15 1EU,5168
330583.2128,673814.877699999,betting shop,William Hill, , ,Class 2,Class 2,203 PORTOBELLO HIGH STREE,EH15 1EU,5169
330601.3351,673807.6994,florist,Demi's,Class 2,Class 4,Class 1,Class 1,209(A) PORTOBELLO HIGH ST,EH15 1EU,5170
330606.1724,673806.2368,hairdresser (gents),Gerrys Barbers,Class 1,Class 1,Class 1,Class 1,211(A) PORTOBELLO HIGH ST,EH15 1EU,5171
330621.093,673800.608999999,videotape hire,Blockbuster,Class 1,Class 1,Class 1,Class 1,215-217 PORTOBELLO HIGH S,EH15 1EU,5172
330624.8829,673799.093,n/t/c,A & A Newsagent,Class 1,Class 1,Class 1,Class 1,219 PORTOBELLO HIGH STREE,EH15 1EU,5173
330681.5797,673774.8829,"hot food take-away (fish & chips, pizzas, kebabs)",Carlo's,SUI GENERIS,SUI GENERIS,SUI GENERIS,SUI GENERIS,227 PORTOBELLO HIGH STREE,EH15 2AN,5174
330688.1542,673772.058599999,property letting,Annan property, , ,Class 2,Class 2,229 PORTOBELLO HIGH STREE,EH15 2AN,5175
330698.5159,673768.122300001,hairdresser (ladies & gents),Buddys,Class 1,Class 1,Class 1,Class 1,237 PORTOBELLO HIGH STREE,EH15 2AN,5176
330703.0638,673766.303200001,vacant,vacant,Class 2,Vacant,Class 4,Vacant,239 PORTOBELLO HIGH STREE,EH15 2AN,5177
330709.8191,673763.5426,vacant,vacant,SUI GENERIS,SUI GENERIS,SUI GENERIS,Vacant,241-243 PORTOBELLO HIGH S,EH15 2AW,5178
330715.9096,673760.6994,vacant,vacant,Vacant,SUI GENERIS,Class 4,Vacant,247 PORTOBELLO HIGH STREE,EH15 2AW,5179
330719.6968,673758.973300001,hot food take-away (pizzas),Cinnamon,Vacant,Class 3,SUI GENERIS,Vacant,249 PORTOBELLO HIGH STREE,EH15 2AW,5180
330723.1835,673757.4574,charity shop,Hearing Dogs for the Deaf,Vacant,Class 1,Class 1,Class 1,251 PORTOBELLO HIGH STREE,EH15 2AW,5181
330271.668,674158.916999999,vacant,vacant,Class 4,Class 4, ,Vacant,26-28 PORTOBELLO HIGH STR,EH15 1DD,5182
330276.1547,674154.8945,dog grooming parlour,Joanne's Dog  Grooming Salon,Vacant,Vacant,Class 2,Class 2,32 PORTOBELLO HIGH STREET,EH15 1DD,5183
330280.7961,674150.8719,vacant,vacant,Vacant,Class 4,Class 2,Vacant,34 PORTOBELLO HIGH STREET,EH15 1DD,5184
330298.5464,674135.9508,public house,Foresters Arms,SUI GENERIS,SUI GENERIS,SUI GENERIS,SUI GENERIS,40 PORTOBELLO HIGH STREET,EH15 1DA,5185
330313.0314,674121.937200001,fishing tackle & outdoor clothing,Mike's Tackle Shop, , ,Class 1,Class 1, , ,5186
330321.444,674112.4344,bicycles & roller blades,BG Cycles & Blades,Class 1,Class 1,Class 1,Class 1,48 PORTOBELLO HIGH STREET,EH15 1DA,5187
330325.0943,674108.3715,fair trade crafts & household goods,Just World Shop,Class 4,Class 1,Class 1,Class 1,52-54 PORTOBELLO HIGH STR,EH15 1DA,5188
330329.22,674103.8333,contractor,City Roofing,Class 4,Vacant,Class 2,Class 4,56 PORTOBELLO HIGH STREET,EH15 1DA,5189
330333.5519,674099.295,funeral directors,Scotmid Funeral Service,Class 1,Vacant,Class 1,Class 1,60 PORTOBELLO HIGH STREET,EH15 1DA,5190
330350,674088,vacant,vacant,Class 1,Class 1,Class 1,Vacant,62 PORTOBELLO HIGH STREET,EH15 1AN,5191
330350.2555,674078.556,"hot food take-away (curries, pizzas, kebabs, burgers)",Mint,Class 1,Class 1,SUI GENERIS,SUI GENERIS,64 PORTOBELLO HIGH STREET,EH15 1AN,5192
330352.5246,674075.874299999,Restaurant/hot food take away,China Café,Class 1,Class 1,Vacant,Class 3,66 PORTOBELLO HIGH STREET,EH15 1AN,5193
330357.0806,674070.874299999,"grocer, convenience store, n/t/c",Premier Convenience Store,Class 1,Vacant,Class 1,Class 1,72 PORTOBELLO HIGH STREET,EH15 1AN,5194
330372.1229,674053.751700001,vacant,vacant,Class 11,Class 11,Class 11,Vacant, , ,5195
330378.2317,674047.642899999,café,Lorraine's diner,Class 3,Vacant,Class 3,Class 3,78 PORTOBELLO HIGH STREET,EH15 1AN,5196
330380.8836,674044.784700001,hot food take-away,Istanbul,SUI GENERIS,SUI GENERIS,SUI GENERIS,SUI GENERIS,80 PORTOBELLO HIGH STREET,EH15 1AN,5197
330385.2903,674039.628599999,vacant,vacant,Class 1,Class 2,Class 2,Vacant,84 PORTOBELLO HIGH STREET,EH15 1AN,5198
330388.7309,674035.7937,public house,The Galleon,SUI GENERIS,SUI GENERIS,SUI GENERIS,SUI GENERIS,88 PORTOBELLO HIGH STREET,EH15 1AN,5199
330394.4522,674029.7872,florist,Little Petals,Vacant,Class 1,Vacant,Class 1,90 PORTOBELLO HIGH STREET,EH15 1AN,5200
330397.3325,674026.603800001,vacant,vacant,Class 1,Class 1,Class 1,Vacant,94 PORTOBELLO HIGH STREET,EH15 1AN,5201
330400.8191,674022.5107,carpets,discount carper centre,Class 1,Class 1,Class 2,Class 1,96 PORTOBELLO HIGH STREET,EH15 1AN,5202
330405.0638,674018.266100001,vacant,vacant,Class 1,Class 1,Class 2,Vacant,98 PORTOBELLO HIGH STREET,EH15 1AN,5203
330507.162,673905.497500001,money lending,cash brokers,Class 1,Class 1,Class 1,Class 2,152-154 PORTOBELLO HIGH S,EH15 1AH,5204
330511.8083,673900.8314,solicitors & estate agents,McIntyre Lewis,Class 2,Class 2,Class 2,Class 2,158 PORTOBELLO HIGH STREE,EH15 1AH,5205
327140.0,676287.523,osteopath,Soma Osteopathy, , ,Class 2,Class 2,19-21 QUEEN CHARLOTTE STR,EH6 6BA,5206
327191.7918,676228.842599999,vacant,vacant,Class 1,SUI GENERIS,Class 3,Vacant,40-42 QUEEN CHARLOTTE STR,EH6 6AT,5207
327213,676222,public house,Compass,SUI GENERIS,SUI GENERIS,SUI GENERIS,SUI GENERIS,44 QUEEN CHARLOTTE STREET,EH6 7EX,5208
327223,676216,restaurant,e.s.i., , ,Class 3,Class 3,46 QUEEN CHARLOTTE STREET,EH6 7EX,5209
327238,676214,hot food take-away,Rumbletums,SUI GENERIS,SUI GENERIS,SUI GENERIS,SUI GENERIS,52 QUEEN CHARLOTTE STREET,EH6 7EX,5210
327238,676214,chiropractor,Leith Chiropractic Clinic,Class 4,Class 2,Class 2,Class 2,56 QUEEN CHARLOTTE STREET,EH6 7EX,5211
327284.1574,676201.842599999,motorbike sales,Carrick (Yamaha), , ,SUI GENERIS,SUI GENERIS,58-66 QUEEN CHARLOTTE STR,EH6 7ET,5212
325326,674185,"clothing alterations, tailoring",City Alterations & Professional Tailoring,Class 3,Class 3,Class 1,Class 1,16A QUEEN STREET,EH2 1JE,5213
325281.8035,674176.0,optician,20/20 Opticians, , ,Class 1,Class 1,17 QUEEN STREET,EH2 1JX,5214
325113.6745,674129.020400001,pawnbroker,Duncanson & Edwards Pawnbrokers,Class 1,Vacant,Class 2,Class 2,38 QUEEN STREET,EH2 1JX,5215
325077,674111,take-away food,Brown Sugar,Class 1,Class 1,Class 1,Class 1,39 QUEEN STREET,EH2 3NH,5216
325077,674111,wine bar,Drinkies,Class 1,Class 1,Class 1,SUI GENERIS,39A QUEEN STREET,EH2 3NH,5217
325047.261,674108.8035,vacant,vacant, , ,Class 1,Vacant,43(A) QUEEN STREET,EH2 3NH,5218
325037.6305,674105.8035,"lighting, homeware",Ottimo, ,Class 1,Class 1,Class 1,44(GF) QUEEN STREET,EH2 3NL,5219
324922.8271,674073.389900001,restaurant,Librizzi,Class 2,Class 3,Class 3,Class 3,59 QUEEN STREET,EH2 3NS,5220
324888.956,674064.193399999,clothing for motor cyclists,Hein Gericke,Class 1,Class 1,Class 1,Class 1,60 QUEEN STREET,EH2 4NA,5221
324874.5424,674058.389900001,printers,XIC.com /  Xpress Print,Class 4,Class 4,Class 4,Class 4,61A QUEEN STREET,EH2 4NA,5222
324866.783,674056.172900001,clothing,Stewart Christie & Co. Ltd.,Class 1,Class 1,Class 1,Class 1,63-63A QUEEN STREET,EH2 4NA,5223
324742.1525,674021.911900001,n/t/c,Sweet Service Newsagent,Class 1,Class 1,Class 1,Class 1,78(GF) QUEEN STREET,EH2 4NF,5224
324737.7186,674018.5865,hairdresser (gents),HIM,UNKNOWN USE,Class 1,Class 1,Class 1,78A QUEEN STREET,EH2 4NF,5225
330515.648,673896.8248,baker,Fords,Class 1,Vacant,Class 1,Class 1,160 PORTOBELLO HIGH STREE,EH15 1AH,5226
330519.4876,673892.985200001,charity shop,Marie Curie cancer,Class 2,Class 1,Class 1,Class 1,162 PORTOBELLO HIGH STREE,EH15 1AH,5227
330536.08,673875.271299999,baker,Greggs, , ,Class 1,Class 1,164 PORTOBELLO HIGH STREE,EH15 1EX,5228
325338.1438,673879.675000001,greeting cards,Scribble, , ,Class 1,Class 1,80 PRINCES STREET,EH2 2ER,5229
325327.4748,673876.806299999,shoes & footwear,Barratts,Class 1,Class 1,Class 1,Class 1,81 PRINCES STREET,EH2 2ER,5230
325321.9062,673875.4563,chemist,Superdrug,Class 1,Class 1,Class 1,Class 1,81A-82 PRINCES STREET,EH2 2ER,5231
325310.9875,673872.4374,general clothing,GAP,Class 1,Class 1,Class 1,Class 1,84-84A PRINCES STREET,EH2 2ER,5232
325296.9686,673867.944,ladies clothing,H & M (Hennes & Mauritz),Class 1,Class 1,Class 1,Class 1,85 PRINCES STREET,EH2 2ER,5233
325272.6937,673859.056500001,sports footwear (trainers etc),Foot Locker,Class 1,Class 1,Class 1,Class 1,87 PRINCES STREET,EH2 2ER,5234
325265.9248,673857.3752,sports clothing & equipment,JJB Sports,Class 1,Class 1,Class 1,Class 1,88 PRINCES STREET,EH2 2ER,5235
325261.3375,673855.944,lingerie,Ann Summers,Class 1,Class 1,Class 1,Class 1,89 PRINCES STREET,EH2 2ER,5236
325258.9499,673855.181500001,vacant,vacant,SUI GENERIS,Class 1,Vacant,Vacant,90(GF) PRINCES STREET,EH2 2ER,5237
325256.6437,673854.6752,cosmetics & toiletries,The Body Shop,Class 1,Class 3,Class 1,Class 1,90A PRINCES STREET,EH2 2ER,5238
324577.2551,673749.020300001,"photo processing, frames, albums",Snappy Snaps, , ,Class 1,Class 1,36 QUEENSFERRY STREET,EH2 4QS,5239
324573.158,673752.744899999,jeweller,James Ness & Son,Class 1,Class 1,Class 1,Class 1,38 QUEENSFERRY STREET,EH2 4QY,5240
324580.6275,673745.7653,fishmonger,Welch's Quality Fish,Class 1,Class 1,Class 1,Class 1,39 QUEENSFERRY STREET,EH2 4QS,5241
324594.8059,673743.903000001,restaurant,Bar Roma, , ,Class 3,Class 3,39A-40A QUEENSFERRY STREE,EH2 4RA,5242
324599.061,673732.020300001,vacant,"vacant (formerly MYO, sandwich shop)",Class 1,Class 1,Vacant,Vacant,40 QUEENSFERRY STREET,EH2 4RA,5243
328330.0822,674611.3287,sandwich shop,Caroline's Takeaway,Vacant,Class 1,Class 4,Class 1,"80 RESTALRIG ROAD, SOUTH",EH7 6JB,5244
328297.1985,674654.376700001,n/t/c,M. Amin,Class 1,Class 1,Class 1,Class 1,"110 RESTALRIG ROAD, SOUTH",EH7 6JB,5245
328192.6488,674855.648800001,grocer / convenience store,Scotmid,Class 1,Class 1,Class 1,Class 1,"160-162 RESTALRIG ROAD, S",EH7 6EH,5246
317967,669658,bank,Royal Bank of Scotland,Class 2,Class 2,Class 2,Class 2,12 RICCARTON,EH14 4AP,5247
317538,669267,hairdresser,n/a, , ,UNKNOWN USE,UNKNOWN USE,13 RICCARTON,EH14 4AP,5248
317538,669267,grocer,n/a, , ,UNKNOWN USE,Class 1,14 RICCARTON,EH14 4AP,5249
318083,668532,garden centre,Plantastic, , ,Class 1,Class 1,(81) RICCARTON MAINS ROAD,EH14 5NB,5250
325377.3257,675011.976199999,betting shop,William Hill,Class 2,Class 2,Class 2,Class 2,1 RODNEY STREET,EH7 4EN,5251
325380.9533,675010.0229,art gallery,Saorsa,Class 1,Class 1,Class 1,Class 1,5 RODNEY STREET,EH7 4EN,5252
325388.279,675004.953299999,cake shop,Joyce's Cake Shop,Class 1,Class 1,Class 1,Class 1,7 RODNEY STREET,EH7 4EN,5253
324100.7322,672271.175000001,chemist,Polwarth Pharmacy, , , ,Class 1,10-14 POLWARTH GARDENS,EH11 1LW,5254
325391.0695,675003.0,vacant,vacant,Class 1,Class 1,Class 1,Vacant,9 RODNEY STREET,EH7 4EN,5255
325393.7676,675001.0,joiner,B & M Joiners, , ,Class 4,Class 4,13 RODNEY STREET,EH7 4EN,5256
325399.0,674997.4419,joiners,B & M Joiners, , ,Class 4,Class 4,15 RODNEY STREET,EH7 4EN,5257
330542.4815,673869.907,chemist,G.W. Allan, , ,Class 1,Class 1,166-168 PORTOBELLO HIGH S,EH15 1EX,5258
330547.8165,673865.452199999,optician,Portobello Optician,Class 1,Class 1,Class 1,Class 1,172 PORTOBELLO HIGH STREE,EH15 1EX,5259
330551.6942,673862.026699999,chemist,Boots,Class 1,Class 1,Class 1,Class 1,174 PORTOBELLO HIGH STREE,EH15 1EX,5260
330556.149,673858.4815,solicitors & estate agents,Warners,Class 2,Class 2,Class 2,Class 2,176 PORTOBELLO HIGH STREE,EH15 1EX,5261
330560.6942,673855.026699999,café,The Scranary,Class 3,Class 3,Class 3,Class 3,180 PORTOBELLO HIGH STREE,EH15 1EX,5262
330565.3299,673851.5426,betting shop,Ladbrokes,Class 2,Class 2,Class 2,Class 2,182 PORTOBELLO HIGH STREE,EH15 1EX,5263
330570.7235,673847.603800001,clothing alterations,Heather's Alteration Shop,Vacant,Class 1,Class 1,Class 1,186 PORTOBELLO HIGH STREE,EH15 1EX,5264
330574.3617,673845.4815,clothing,C & M Seconds,Vacant,Class 1,Class 1,Class 1,188 PORTOBELLO HIGH STREE,EH15 1EX,5265
330580.4841,673842.9681,jeweller,A. McAlpine,Class 1,Class 1,Class 1,Class 1,190 PORTOBELLO HIGH STREE,EH15 1EX,5266
330586.2687,673839.696799999,delicatessen & coffee shop,Deli 194,Class 1,Class 1,Class 1,Class 1,194 PORTOBELLO HIGH STREE,EH15 1EX,5267
330589.7554,673837.877699999,charity shop,Barnardo's,Vacant,Class 1,Class 1,Class 1,196 PORTOBELLO HIGH STREE,EH15 1EX,5268
330597.6038,673834.422900001,hairdresser,Gerard Howley,Class 4,Class 1,Class 1,Class 1,198 PORTOBELLO HIGH STREE,EH15 1EX,5269
330605.0586,673831.149,charity shop,British Heart Foundation,Vacant,Class 1,Class 1,Class 1,202-204 PORTOBELLO HIGH S,EH15 1EX,5270
330609.6064,673829.178300001,charity shop,Cancer Research U.K.,Vacant,Class 1,Class 1,Class 1,208 PORTOBELLO HIGH STREE,EH15 1EX,5271
330633.2713,673818.9362,jewellery,Silver Jewellery,Class 1,Class 1,Class 1,Class 1,210 PORTOBELLO HIGH STREE,EH15 2AU,5272
330636.6649,673817.5426,"mobile phones, computer accessories",Internuts,Class 3,Class 1,Class 1,Class 1,212 PORTOBELLO HIGH STREE,EH15 2AU,5273
330641.8113,673815.359099999,dentist,High Street Dental Surgery,Class 2,Class 2,Vacant,Class 2, , ,5274
330649.3858,673813.205,curtains,The Front Room,Class 1,Class 1,Class 1,Class 1,218 PORTOBELLO HIGH STREE,EH15 2AU,5275
330663.2102,673807.9629,"d.i.y., hardware & garden supplies",Home Hardware, , ,Class 1,Class 1,222-228 PORTOBELLO HIGH S,EH15 2AU,5276
330676.3006,673802.5426,financial services,The Mortgage,Class 1,SUI GENERIS,Class 1,Class 2,230 PORTOBELLO HIGH STREE,EH15 2AU,5277
330679.6357,673801.3299,hot food take-away (Chinese),keane's House,SUI GENERIS,Class 1,SUI GENERIS,SUI GENERIS,230A PORTOBELLO HIGH STRE,EH15 2AU,5278
330685.8777,673798.149,carpets,Kristoffersen Carpets,Class 1,Class 1,Class 1,Class 1,234 PORTOBELLO HIGH STREE,EH15 2AU,5279
330692.4841,673795.9044,grocer,Kost Konscious,Class 1,Class 1,Class 1,Class 1,236 PORTOBELLO HIGH STREE,EH15 2AU,5280
330698.9681,673793.1171,hairdresser,Urban Igloo,Class 1,Class 2,Class 1,Class 1,240 PORTOBELLO HIGH STREE,EH15 2AU,5281
330701.6968,673792.056,Furniture (kitchens and bathrooms),Fairport Property,Class 1,Class 1,Class 1,Class 1,240A PORTOBELLO HIGH STRE,EH15 2AU,5282
330718.1809,673783.271299999,"building trades office (builders, joiners, roofers, electricians, painters, plumbers etc.)",Acorn Services Property Care,Class 1,Vacant,Class 4,Class 4,242 PORTOBELLO HIGH STREE,EH15 2AT,5283
330723.4496,673780.997400001,"knitting wool, haberdashery, shoe repairs",C.H. Robertson,Class 1,Class 1,Class 1,Class 1,244 PORTOBELLO HIGH STREE,EH15 2AT,5284
330728.2342,673778.784600001,hairdresser,Phoenix Hair,Class 1,Class 1,Class 1,Class 1,248 PORTOBELLO HIGH STREE,EH15 2AT,5285
330735.5107,673775.9044,Jewellery,unnamed,Class 1,Class 1,Class 1,Class 1,250 PORTOBELLO HIGH STREE,EH15 2AT,5286
330740.7502,673773.5133,hot food take-away,Red's Bistro,SUI GENERIS,SUI GENERIS,SUI GENERIS,SUI GENERIS,254 PORTOBELLO HIGH STREE,EH15 2AT,5287
330750.7554,673769.2687,glaziers,Mark Smith Glazing - PVC Window & Door Centre,Class 2,Vacant,Class 4,Class 4,258 PORTOBELLO HIGH STREE,EH15 2AT,5288
330755.8458,673766.9362,Restaurant,Select, , ,Vacant,Class 3,262 PORTOBELLO HIGH STREE,EH15 2AT,5289
318320.0819,668195.509400001,driving test centre,Driving Test Centre, , , ,Class 4,13-15 BRYCE ROAD,EH14 5LT,5290
323840.2573,673230.162799999,Highland dress sale & hire,The Kilt Hire Company, , , ,Class 1,54-56 HAYMARKET TERRACE,EH12 5LA,5291
330778.8165,673756.4815,café,Blue Bean Coffee House,Class 3,Class 3,Class 3,Class 3,272 PORTOBELLO HIGH STREE,EH15 2AT,5292
330785.0397,673753.1119,dentist,portobello dental clinic,Class 2,Class 2,Class 2,Class 2, , ,5293
330792.7261,673749.3299,clothing (mens),Top Hat Menswear,Class 1,Vacant,Class 1,Class 1,278 PORTOBELLO HIGH STREE,EH15 2AT,5294
330802.8777,673745.1119,restaurant & hot food take-away (Italian),St. Andrews,Vacant,Class 3,Class 3,Class 3,280-284 PORTOBELLO HIGH S,EH15 2AT,5295
330826.0267,673731.813899999,hollistic therapy,community foundation for planetry healing,Class 1,Class 1,Class 11,Class 11, , ,5296
330829.0293,673730.2739,dentures,no name, , ,Class 1,Class 2,292 PORTOBELLO HIGH STREE,EH15 2AS,5297
330834.1783,673727.784600001,fireplaces,Fireplace Studio,Class 1,Class 1,Class 1,Class 1,294 PORTOBELLO HIGH STREE,EH15 2AS,5298
330837.0267,673726.5133,picture framing,mcCrea gallery,Class 1,Class 1,Class 4,Class 4,298 PORTOBELLO HIGH STREE,EH15 2AS,5299
330851.3032,673719.813899999,bric a brack,Friday Street,Vacant,Class 1,Class 1,Class 1,304 PORTOBELLO HIGH STREE,EH15 2AS,5300
330883.3006,673705.3617,n/t/c,Julia's,Class 1,Class 1,Class 1,Class 1,306 PORTOBELLO HIGH STREE,EH15 2DA,5301
330892.0586,673701.633099999,butcher,Gordons Fresh & Cooked Meat Specialist,Class 1,Class 1,Class 1,Class 1,308(GF) PORTOBELLO HIGH S,EH15 2DA,5302
330905.0241,673696.1731,Dentist,Dental express,Class 1,Class 1,Class 1,Class 2, , ,5303
330923.7554,673687.5107,grocer,Joppa Foodstore,Class 1,Class 1,Class 1,Class 1,318 PORTOBELLO HIGH STREE,EH15 2DA,5304
330931.4815,673684.1171,interior design,inhouse design,Class 4,Class 4,Class 4,Class 4,322 PORTOBELLO HIGH STREE,EH15 2DA,5305
330934.3617,673682.601199999,restaurant (Chinese),Chi-Wai,Class 3,Class 3,Class 3,Class 3,324 PORTOBELLO HIGH STREE,EH15 2DA,5306
330939.5452,673679.6942,hairdresser,Mancini,Class 1,Class 1,Class 1,Class 1,328 PORTOBELLO HIGH STREE,EH15 2DA,5307
330947.1249,673676.6623,chemist,H.S. Kidd, , ,Class 1,Class 1,330-332 PORTOBELLO HIGH S,EH15 2DA,5308
328609.1746,674138.760399999,hot food take-away (Chinese),Mr. So,SUI GENERIS,SUI GENERIS,SUI GENERIS,SUI GENERIS,42 PORTOBELLO ROAD,EH8 7EL,5309
328613.8913,674138.543,optician,J. & S. Brown & Partners,Class 1,Class 1,Class 1,Class 1,44 PORTOBELLO ROAD,EH8 7EL,5310
328618.5653,674138.5648,amusement centre,Dark Ocean,SUI GENERIS,SUI GENERIS,Class 3,Class 11,46A PORTOBELLO ROAD,EH8 7EL,5311
325986.5386,673132.9541,restaurant,Koi, , ,Class 3,Class 3,26-30 POTTERROW,EH8 9BT,5312
325994.6618,673110.4155,public house,KoKo, ,SUI GENERIS,SUI GENERIS,SUI GENERIS,32-34 POTTERROW,EH8 9BT,5313
327550.2495,671809.286699999,n/t/c,Key Store,Class 1,Class 1,Class 1,Class 1,31 PRESTONFIELD AVENUE,EH16 5EG,5314
327560.1796,671806.6786,hot food take-away,Top No. 1,SUI GENERIS,SUI GENERIS,SUI GENERIS,SUI GENERIS,33 PRESTONFIELD AVENUE,EH16 5EG,5315
326390.0393,676583.574899999,drug prevention office,The Drug Prevention Group,Class 4,Class 2,Class 2,Class 2,53 PRINCE REGENT STREET,EH6 4AR,5316
325821.775,674020.675000001,newspaper kiosk,Scotsman / Evening News, , ,Class 1,Class 1, , ,5317
325796.55,674011.025,restaurant,Burger King, , ,Class 3,Class 3,10 PRINCES STREET,EH2 2AN,5318
325790.5499,674008.925000001,chemist,Boots, , ,Class 1,Class 1,11 PRINCES STREET,EH2 2AN,5319
325784.1749,674007.100099999,"gifts, clothing, souvenirs",Scotch House,SUI GENERIS,Class 3,Class 1,Class 1,12 PRINCES STREET,EH2 2AN,5320
325765.9,674002.125,books,Waterstones, , ,Class 1,Class 1,13-14 PRINCES STREET,EH2 2AN,5321
325754.775,673999.0,mobile phones,Phones 4 U,Class 1,Class 1,Class 1,Class 1,16/17 PRINCES STREET,EH2 2AN,5322
325743.9752,673995.625,gifts & novelties,The Disney Store,Class 1,Class 1,Class 1,Class 1,18-19 PRINCES STREET,EH2 2AN,5323
325732.5999,673992.975199999,mobile phones,T Mobile,Class 1,Class 1,Class 1,Class 1,21-22 PRINCES STREET,EH2 2AN,5324
325727.55,673991.4001,"speciality tea, coffee and ancillary items",Whittard of Chelsea,Class 4,Class 3,Class 1,Class 1,23 PRINCES STREET,EH2 2AN,5325
325719.775,673989.425000001,mobile phones,Vodafone,Class 1,Class 1,Class 1,Class 1,24 PRINCES STREET,EH2 2AN,5326
325713.1,673987.5001,mobile phones,Carphone Warehouse,Class 1,Class 1,Class 1,Class 1,25 PRINCES STREET,EH2 2AN,5327
325676.7747,673976.4001,general clothing,Top Shop / Top Man,Class 1,Class 1,Class 1,Class 1,30(01)-31 PRINCES STREET,EH2 2BY,5328
325639.9749,673966.350099999,optician,Optical Express,Class 1,Class 1,Vacant,Class 1,33 PRINCES STREET,EH2 2BY,5329
325625.8001,673961.850199999,clothing,H&M,Class 1,Class 1,Vacant,Class 1,41 PRINCES STREET,EH2 2BY,5330
325606.9499,673957.450099999,watches,Swatch,Class 1,Class 1,Class 1,Class 1,42A PRINCES STREET,EH2 2BY,5331
325602.225,673956.100099999,cosmetics & toiletries,Lush Handmade Cosmetics,Class 1,Class 1,Class 1,Class 1,44 PRINCES STREET,EH2 2BY,5332
325592.75,673953.175100001,ladies clothing,Monsoon and Accessorize, , ,Class 1,Class 1,45-46 PRINCES STREET,EH2 2BY,5333
325538.5249,673994.0999,department store - restaurant,Jenners (House of Fraser),Class 3,Class 3,Class 3,Class 3,47-52 PRINCES STREET,EH2 2DF,5334
325552.9247,673942.125600001,department store - mixed durable goods,Jenners (House of Fraser),Class 1,Class 1,Class 1,Class 1,47-52 PRINCES STREET,EH2 2DF,5335
325534.7,673937.1757,department store - food hall,Jenners (House of Fraser),Class 1,Class 1,Class 1,Class 1,47-52 PRINCES STREET,EH2 2DF,5336
325499.9498,673927.9252,ladies lingerie,Marks & Spencer, , ,Class 1,Class 1,54-60 PRINCES STREET,EH2 2DF,5337
325493.6499,673925.9002,department store - mixed durable goods,Marks & Spencer, , ,Class 1,Class 1,54-60 PRINCES STREET,EH2 2DF,5338
325487.125,673924.100299999,department store - food hall,Marks & Spencer, , ,Class 1,Class 1,54-60 PRINCES STREET,EH2 2DF,5339
325467.925,673917.3003,clothing,Romanes & Paterson (Edinburgh Woollen Mill),Class 1,Class 1,Class 1,Class 1,62(01) PRINCES STREET,EH2 2DF,5340
325460.0499,673915.3003,books,Bookworld,Class 1,Class 1,Class 1,Class 1,63 PRINCES STREET,EH2 2DF,5341
325448.2748,673911.750299999,department store - restaurant,British Home Stores (BHS),Class 3,Class 3,Class 3,Class 3,64 PRINCES STREET,EH2 2DJ,5342
325438.15,673908.600299999,department store - mixed durable goods,British Home Stores (BHS),Class 1,Class 1,Class 1,Class 1,64 PRINCES STREET,EH2 2DJ,5343
325422.9499,673902.7751,"greeting cards, wrapping paper, gifts",Clinton Cards,Class 1,Class 1,Class 1,Class 1,70 PRINCES STREET,EH2 2DF,5344
325415.7,673900.800100001,mobile phones,O2,Class 1,Class 1,Class 1,Class 1,72-73 PRINCES STREET,EH2 2DF,5345
325408.925,673898.925100001,mobile phones,3 Store,Class 1,Class 1,Class 1,Class 1,74-75 PRINCES STREET,EH2 2DF,5346
325400.325,673896.425000001,watches,Watches of Switzerland, , ,Class 1,Class 1,76 PRINCES STREET,EH2 2DF,5347
325394,673895,jeweller,Fraser Hart, , ,Class 1,Class 1,77 PRINCES STREET,EH2 2DF,5348
325361.4998,673886.1313,jeweller,Ernest Jones,Class 1,Class 1,Class 1,Class 1,78 PRINCES STREET,EH2 2ER,5349
325354.4124,673884.1063,shoes & footwear,Clarks,Class 1,Class 1,Class 1,Class 1,79 PRINCES STREET,EH2 2ER,5350
325347.4938,673882.4188,shoes & footwear,Office Shoes,Class 1,Class 1,Class 1,Class 1,79A PRINCES STREET,EH2 2ER,5351
325228.1811,673846.368799999,mobile phones,T Mobile,Class 1,Class 1,Class 1,Class 1,94 PRINCES STREET,EH2 2ER,5352
325221.9374,673845.4125,Highland wear,Hector Russell,Class 1,Class 1,Class 1,Class 1,95-96 PRINCES STREET,EH2 2ER,5353
325218.9562,673844.287599999,vacant,vacant, , ,Class 1,Vacant,(96A) PRINCES STREET,EH2 2ER,5354
325209.1155,673841.182800001,general clothing,USC, , ,Class 1,Class 1,97-98 PRINCES STREET,EH2 2ER,5355
325172.6875,673830.9625,ladies clothing,All Saints,Class 1,Class 1,Class 1,Class 1,99 PRINCES STREET,EH2 3AA,5356
325164.1812,673828.7563,ladies clothing accessories,Accessorize (Monsoon),Class 1,Class 1,Class 1,Class 1,99A PRINCES STREET,EH2 3AA,5357
325156.8188,673826.506200001,confectionery,Thorntons, , ,Class 1,Class 1,99B PRINCES STREET,EH2 3AA,5358
325148.7,673823.925100001,jeweller,Swarovski,Class 1,Class 1,Class 1,Class 1,100A PRINCES STREET,EH2 3AA,5359
325133.4249,673819.450300001,mixed durable goods,Boots,Class 1,Class 1,Class 1,Class 1,101-103 PRINCES STREET,EH2 3AA,5360
325115.0435,673814.244000001,ladies clothing,Zara,Class 1,Class 1,Class 1,Class 1,104-106 PRINCES STREET,EH2 3AA,5361
325101.5437,673810.0254,shoes & footwear,Russell & Bromley,Class 1,Class 1,Class 1,Class 1,106 PRINCES STREET,EH2 3AA,5362
325086.2626,673805.987500001,ladies & mens clothing,Next, , ,Class 1,Class 1,107 PRINCES STREET,EH2 3AA,5363
325058.8558,673797.956499999,clothing,Levi Strauss,Class 1,Class 1,Vacant,Class 1,109 PRINCES STREET,EH2 3AA,5364
325044.006,673793.7378,department store - mixed durable goods,Debenhams,Class 1,Class 1,Class 1,Class 1,110 PRINCES STREET,EH2 3AA,5365
325050.3379,673795.394300001,restaurant,Debenhams,Class 1,Redeveloped,Class 3,Class 3,110 PRINCES STREET,EH2 3AA,5366
325037.0874,673791.7128,ladies clothing,River Island,Class 1,Class 1,Class 1,Class 1,111 PRINCES STREET,EH2 3AA,5367
325023.2936,673787.9625,vacant,vacant,Class 1,Class 1,Class 1,Vacant,113 PRINCES STREET,EH2 3AA,5368
325018.5124,673786.556299999,photo processing,Your Image,Class 1,Class 1,Class 1,Class 1,114 PRINCES STREET,EH2 3AA,5369
325013.5102,673785.303099999,clothing,Butterflies,Class 1,Class 1,Class 1,Class 1,115 PRINCES STREET,EH2 3AA,5370
325008.8472,673783.8243,ladies & mens clothing,Tie Rack,Class 1,Class 1,Class 1,Class 1,116 PRINCES STREET,EH2 3AA,5371
325003.2126,673782.3939,lingerie,La Senza,Class 1,Class 1,Class 1,Class 1,117 PRINCES STREET,EH2 3AA,5372
324970.2312,673772.9625,bank,HSBC,SUI GENERIS,Class 3,Vacant,Class 2,118 PRINCES STREET,EH2 4AA,5373
324952.5437,673767.406400001,sports clothing,Build a Bear, , ,Class 1,Class 1,119 PRINCES STREET,EH2 4AA,5374
324947.0499,673765.9001,mobile phones,Phones 4 U,Class 1,Class 1,Class 1,Class 1,119A PRINCES STREET,EH2 4AA,5375
324931.9875,673761.200200001,café / coffee shop,Starbucks, , ,Class 3,Class 3,120B PRINCES STREET,EH2 4AD,5376
324936.5437,673762.550100001,café / coffee shop,Starbucks, , ,Class 2,Class 3,120B(GF) PRINCES STREET,EH2 4AD,5377
324940.9311,673763.9001,electrical goods,Currys Digital,Class 1,Class 1,Class 1,Class 1,120-120A PRINCES STREET,EH2 4AD,5378
324894.2187,673749.944,clothing,Urban Outfitters,Class 1,Class 1,Class 1,Class 1,124 PRINCES STREET,EH2 4AD,5379
324898.9436,673751.4627,hotel,Easy Hotel,Class 1,SUI GENERIS,Vacant,Demolished,125A PRINCES STREET,EH2 4AD,5380
324879.5437,673745.944,outdoor clothing,Mountain Warehouse,Class 1,Class 1,Class 1,Class 1,126 PRINCES STREET,EH2 4AD,5381
324882.7499,673746.787699999,electronic games,Game, , ,Class 1,Class 1,127 PRINCES STREET,EH2 4AD,5382
324865.3375,673741.956499999,books,Waterstones,Class 1,Class 3,Class 1,Class 1,128 PRINCES STREET,EH2 4AD,5383
324851.5936,673738.1941,"home entertainment (records, tapes, cds etc.)",HMV,Class 1,Class 1,Class 1,Class 1,129 PRINCES STREET,EH2 4AH,5384
324841.4748,673735.4442,vacant,vacant, , ,Class 1,Vacant,131-132 PRINCES STREET,EH2 4AH,5385
324823.7,673730.1877,mobile phones,Orange,Class 1,Class 1,Class 1,Class 1,133 PRINCES STREET,EH2 4AH,5386
324818.3874,673728.5876,mobile phones,Carphone Warehouse,Class 1,Class 1,Class 1,Class 1,134 PRINCES STREET,EH2 4AH,5387
324805.5626,673724.368899999,"game consoles, video games",Game Station,Class 1,Class 1,Vacant,Class 1,134A PRINCES STREET,EH2 4AH,5388
324771.9875,673718.000399999,mobile phones,O2,Class 1,Class 1,Class 1,Class 1,135 PRINCES STREET,EH2 4BL,5389
324761.2312,673715.156300001,bank,Alliance & Leicester, , ,Class 2,Class 2,135A-136 PRINCES STREET,EH2 4BL,5390
324748.9062,673711.1502,restaurant & hot food take-away,McDonalds,Class 1,Class 3,Class 3,Class 3,137 PRINCES STREET,EH2 4BL,5391
324741.0125,673709.012499999,ladies & mens clothing,Edinburgh Woollen Mill,Class 1,Class 1,Class 1,Class 1,139(01) PRINCES STREET,EH2 4BL,5392
324734.3375,673707.012499999,leather clothing & bags,Fabiano Leather, , ,Class 1,Class 1,139(05) PRINCES STREET,EH2 4BL,5393
324726.7193,673705.302100001,souvenirs / gifts,Scotch House,UNKNOWN USE,Class 2,Class 1,Class 1,141 PRINCES STREET,EH2 4BL,5394
324713.4386,673701.413899999,bank,Royal Bank of Scotland,Class 2,Class 2,Class 2,Class 2,142-144 PRINCES STREET,EH2 4EQ,5395
324699.4655,673697.669600001,department store - mixed durable goods,Frasers (House of Fraser), , ,Class 1,Class 1,146 PRINCES STREET,EH2 4BL,5396
330606.0906,674196.353499999,amusement arcade,Nobles Amusements,Class 11,Class 11, ,Class 11,8(05) PROMENADE,EH15 1HH,5397
330726.8809,674111.505799999,hot food take-away,Porto Cafe / Traditional Fish & Chips,SUI GENERIS,SUI GENERIS,SUI GENERIS,SUI GENERIS,25-25A PROMENADE,EH15 1HH,5398
320564.6191,675404.7118,shoe repairs,Timpson,Class 1,Class 1,Class 1,Class 1,51 QUALITY STREET,EH4 5BX,5399
320564.2381,675409.7698,hairdresser,Granger,Class 1,Class 1,Vacant,Class 1,53 QUALITY STREET,EH4 5BX,5400
320563.4683,675415.0,café,Village Café,Class 3,Class 3,Class 3,Class 3,55 QUALITY STREET,EH4 5BX,5401
320527,675367,dwelling,dwelling,SUI GENERIS,SUI GENERIS,Vacant,Class 9, , ,5402
320581.537,675403.8519,vacant,vacant,Class 1,Vacant,Vacant,Vacant,20 QUALITY STREET LANE,EH4 5BU,5403
327115.2082,676298.050799999,vacant,vacant,Vacant,Vacant,Vacant,Vacant,5 QUEEN CHARLOTTE STREET,EH6 6BA,5404
327119.8426,676296.365599999,vacant,vacant,Vacant,Vacant,Vacant,Vacant,9 QUEEN CHARLOTTE STREET,EH6 6BA,5405
327124.8935,676294.050799999,vacant,vacant,Class 4,Class 4,Class 4,Vacant,11 QUEEN CHARLOTTE STREET,EH6 6BA,5406
327128.2639,676292.365599999,hairdresser,Charlotte Hair,Class 1,Class 1,Class 1,Class 1,13 QUEEN CHARLOTTE STREET,EH6 6BA,5407
327132,676291,dwelling,dwelling,SUI GENERIS,SUI GENERIS,SUI GENERIS,Class 9, , ,5408
324727.3695,674011.349099999,public house & restaurant,Eighty Queen Street,Class 3,SUI GENERIS,SUI GENERIS,SUI GENERIS,79-80 QUEEN STREET,EH2 4NF,5409
324555.4695,673767.178400001,vacant,vacant, , ,UNKNOWN USE,Vacant,30(BB30) QUEENSFERRY ROAD,EH4 2HS,5410
322373.0568,674451.3883,corporate art consultants,Buro Art,Class 1,Class 4,Class 4,Class 4,132 QUEENSFERRY ROAD,EH4 2BG,5411
322368.5944,674451.8698,architects,Urban Creatures,Class 1,Class 1,Class 4,Class 4,134 QUEENSFERRY ROAD,EH4 2BG,5412
322362.318,674452.656400001,design & build,Ballina Construction,Class 2,Class 4,Class 4,Class 4,136 QUEENSFERRY ROAD,EH4 2BG,5413
322357.4061,674453.153999999,undertakers,W.T. Dunbar & Sons,Class 1,Class 1,Class 1,Class 1,138 QUEENSFERRY ROAD,EH4 2BG,5414
322264.0629,674468.1171,advertising services,Baillie Designs,Class 1,Class 4,Class 4,Class 4,184-186 QUEENSFERRY ROAD,EH4 2BW,5415
322252.5857,674469.0,charity fundraising consultants,Winning Leishman,Class 4,Class 4,Class 2,Class 4,190 QUEENSFERRY ROAD,EH4 2BW,5416
322206.7657,674475.468499999,wheels and tyres,Farmers Tyres & Wheels,SUI GENERIS,SUI GENERIS,Class 1,Class 1,192 QUEENSFERRY ROAD,EH4 2BN,5417
322165.1416,674489.014900001,beauty salon,Beautique,Class 1,Class 1,Class 1,Class 1,202 QUEENSFERRY ROAD,EH4 2BN,5418
322093.3769,674540.3071,clothing,Aitken & Niven, , ,Class 1,Class 1,232-234 QUEENSFERRY ROAD,EH4 2BP,5419
324562.5102,673802.7042,public house,SYGN,Class 3,Class 3,Class 3,SUI GENERIS, , ,5420
324546.6116,673798.3444,ladies clothing,Geiger, , ,Class 1,Class 1,12(GF)-12A RANDOLPH PLACE,EH3 7TA,5421
324538.2551,673796.489800001,vacant,vacant,Class 4,Class 4,Class 4,Vacant,13 RANDOLPH PLACE,EH3 7TA,5422
319833.231,674300.7137,public house,Clermiston Inn,SUI GENERIS,SUI GENERIS,SUI GENERIS,SUI GENERIS,7 RANNOCH ROAD,EH4 7EG,5423
319826.5336,674325.360099999,betting shop,Scotbet,Class 2,Class 2,Class 2,Class 2,(7A) RANNOCH ROAD,EH4 7EG,5424
319789.7484,674283.5011,grocer / convenience store,Scotmid,Class 1,Class 1,Class 1,Class 1,1 RANNOCH TERRACE,EH4 7ER,5425
326450.3286,671932.129699999,public house,Swany's Lounge Bar,SUI GENERIS,SUI GENERIS,SUI GENERIS,SUI GENERIS,1 RATCLIFFE TERRACE,EH9 1SX,5426
326453.611,671924.740700001,sandwich bar,Layzee Latte,Class 1,Class 1,Class 1,Class 1,3 RATCLIFFE TERRACE,EH9 1SX,5427
326456.0923,671919.0835,hot food take-away (fish & chips etc),Tony's Fish Bar,SUI GENERIS,Vacant,SUI GENERIS,SUI GENERIS,7 RATCLIFFE TERRACE,EH9 1SX,5428
326458.9165,671914.0,"paints, wallpapers & decorating supplies",Caledonian Paint Company,Class 4,Class 1,Class 2,Class 2,9 RATCLIFFE TERRACE,EH9 1SX,5429
326461.6889,671909.227499999,"paints, wallpapers & decorating supplies",Caledonian Paint Company,Class 1,Class 1,Class 1,Class 1,13 RATCLIFFE TERRACE,EH9 1SX,5430
326524,671852,grocers and café,Earthy Food Market, , ,Class 1,Class 1,33-41 RATCLIFFE TERRACE,EH9 1SX,5431
326491.3516,671847.4582,betting shop,Scotbet,Vacant,Class 2,Class 2,Class 2,43 RATCLIFFE TERRACE,EH9 1SU,5432
326495.9252,671837.204399999,public house,John Leslie Wine & Spirit Merchants,SUI GENERIS,SUI GENERIS,SUI GENERIS,SUI GENERIS,45-47 RATCLIFFE TERRACE,EH9 1SU,5433
326500.2681,671828.9769,office equipement,Welgo Office Equipement Ltd/ Brother business Centre,Class 2,Class 2,Class 4,Class 4,51 RATCLIFFE TERRACE,EH9 1SU,5434
326503.6571,671822.4813,property management,Woodstar Property Management,Class 1,Class 1,Class 1,Class 4,55 RATCLIFFE TERRACE,EH9 1SU,5435
326508.4901,671813.259299999,vacant,vacant,SUI GENERIS,SUI GENERIS,Vacant,Vacant, , ,5436
326511.8791,671805.129699999,dwelling,dwelling,Vacant,Vacant,Vacant,Class 9, , ,5437
326517.7637,671794.282400001,property developers,Seaforth Properties,Class 1,Vacant,Vacant,Class 4,67 RATCLIFFE TERRACE,EH9 1SU,5438
326426,671904,petrol filling station & shop,BP, , ,Class 1,Class 1,2-26 RATCLIFFE TERRACE, ,5439
326464.0,671852.1527,grocer (lic.),Sadiq Stores,Class 1,Class 1,Class 1,Class 1,42 RATCLIFFE TERRACE,EH9 1SS,5440
326477.8473,671821.0605,restaurant (Chinese),Kwok Brasserie,Class 1,Class 3,Class 3,Class 3,44 RATCLIFFE TERRACE,EH9 1ST,5441
326479.8242,671815.9769,florist,Sarah Menzies Flowers,Class 1,Vacant,Class 1,Class 1,46(GF)-48 RATCLIFFE TERRA,EH9 1ST,5442
322084.7271,674545.8115,optician,Optometry,Class 1,Class 1,Class 1,Class 1,238 QUEENSFERRY ROAD,EH4 2BP,5443
322080.0089,674549.350099999,chiropractor,Discover Chiropractic,Class 2,Vacant,Class 2,Class 2,240 QUEENSFERRY ROAD,EH4 2BP,5444
322075.684,674552.4955,structural engineers,Fergus Gilles Associates, , ,Class 4,Class 4,240A QUEENSFERRY ROAD,EH4 2BP,5445
322070.9659,674555.640900001,architects,The Morrison Partnership,Class 4,Class 4,Class 4,Class 4,242 QUEENSFERRY ROAD,EH4 2BP,5446
322066.6409,674558.7864,hot food take-away (Chinese),Sky Garden,SUI GENERIS,SUI GENERIS,SUI GENERIS,SUI GENERIS,246 QUEENSFERRY ROAD,EH4 2BP,5447
322063.1024,674561.5386,take-away food,The Caterers,Class 1,Class 1,Class 1,Class 1,248 QUEENSFERRY ROAD,EH4 2BP,5448
318544.3932,674992.675100001,bank,Bank of Scotland,Class 2,Class 2,Class 2,Class 2,564 QUEENSFERRY ROAD,EH4 6AT,5449
324618.842,673682.6072,public house,Mather's Bar,SUI GENERIS,SUI GENERIS,SUI GENERIS,SUI GENERIS,1 QUEENSFERRY STREET,EH2 4PA,5450
324610.7449,673688.331800001,betting shop,Scotbet,Class 2,Class 2,Class 2,Class 2,2 QUEENSFERRY STREET,EH2 4PA,5451
324603.0767,673694.821599999,wine merchant,Oddbins,Class 1,Class 1,Class 1,Class 1,5 QUEENSFERRY STREET,EH2 4PA,5452
324597.4695,673699.0767,"musical instruments, sheet music",Rae Macintosh,Class 1,Class 1,Class 1,Class 1,6 QUEENSFERRY STREET,EH2 4PA,5453
324753,674068,restaurant (gourmet burgers),Wannaburger,Class 1,Class 1,Class 3,Class 3,7-8 QUEENSFERRY STREET,EH2 4PA,5454
324581.4288,673714.2754,travel agent,Thomson,Class 1,Class 1,Class 1,Class 1,10 QUEENSFERRY STREET,EH2 4PG,5455
324577.7042,673717.255100001,restaurant (Chinese),Rendezvous Peking Cuisine,Class 3,Class 3,Class 3,Class 3,10A(1F1) QUEENSFERRY STRE,EH2 4PG,5456
324573.9797,673720.6072,n/t/c,W.H. Smith,Class 1,Class 1,Class 1,Class 1,10B QUEENSFERRY STREET,EH2 4PG,5457
324571.0,673723.214400001,optician,McGrath,Class 1,Class 1,Class 1,Class 1,11 QUEENSFERRY STREET,EH2 4PG,5458
324567.1941,673726.862299999,baker,Greggs,Class 1,Class 1,Class 1,Class 1,12 QUEENSFERRY STREET,EH2 4PG,5459
324563.842,673729.4695,travel agent,Flight Centre,Class 1,Class 1,Class 1,Class 1,13 QUEENSFERRY STREET,EH2 4PG,5460
324560.1174,673732.0767,estate agents,Blackie Ballantyre,Vacant,Class 1,Class 2,Class 2,14 QUEENSFERRY STREET,EH2 4PG,5461
324541.5665,673749.255100001,antiques,Goodwins,Class 1,Class 1,Class 1,Class 1,15-16 QUEENSFERRY STREET,EH2 4QW,5462
324537.842,673752.2347,restaurant,L'escargot Blanc,Class 1,Class 3,Class 3,Class 3,17 QUEENSFERRY STREET,EH2 4QW,5463
324533.7449,673755.214400001,take-away food,Bread and Olives,Class 1,Class 1,Class 1,Class 1,17A QUEENSFERRY STREET,EH2 4QW,5464
324527.939,673759.214400001,hairdresser,James Alexander,SUI GENERIS,Class 1,Class 1,Class 1,19 QUEENSFERRY STREET,EH2 4QW,5465
324525.3318,673761.449200001,letting agency,Martin and Co,Class 4,Class 4,Class 4,Class 4,19A QUEENSFERRY STREET,EH2 4QW,5466
324522.3521,673763.3115,vacant,vacant,Class 1,Class 1,Class 1,Vacant,20 QUEENSFERRY STREET,EH2 4QW,5467
324518.0767,673766.842,bank,Clydesdale Bank,Class 2,Class 2,Class 2,Class 2,21-22 QUEENSFERRY STREET,EH2 4QW,5468
324524.903,673792.744899999,vacant,vacant,Class 1,Vacant,Class 1,Vacant,23 QUEENSFERRY STREET,EH2 4QS,5469
324530.1174,673788.2754,hairdresser,City Barbers,Class 1,Class 1,Class 1,Class 1,24 QUEENSFERRY STREET,EH2 4QS,5470
324541.2551,673779.2754,shoe repairs / key cutting / watch repairs / nameplates / engraving etc.,Timpson,Class 1,Class 1,Class 1,Class 1,26 QUEENSFERRY STREET,EH2 4QS,5471
324536.7856,673782.627499999,grocer,Alizy News,Class 1,Class 1,Class 1,Class 1,27 QUEENSFERRY STREET,EH2 4QS,5472
324552.4898,673769.4131,vacant,vacant (formerly Finnigans sandwiches),Class 1,Class 1,Vacant,Vacant,28 QUEENSFERRY STREET,EH2 4QS,5473
324549.5102,673772.020300001,office,Big Issue, , ,Class 2,Class 4,31 QUEENSFERRY STREET,EH2 4QS,5474
324546.5305,673774.627499999,vacant,vacant (formerly Herbert Love),Class 1,Class 1,Class 1,Vacant,31A QUEENSFERRY STREET,EH2 4QS,5475
324561.7653,673762.785599999,restaurant,Pizza Express,Class 1,Class 1,Class 3,Class 3,32 QUEENSFERRY STREET,EH2 4QS,5476
324569.2347,673756.0407,office,Wright Financial Consutancy,Class 1,Class 4, ,Class 2,33(1F) QUEENSFERRY STREET,EH2 4QS,5477
324566.2551,673759.020300001,bureau de change,No1 Currency,Class 1,Class 1,Class 1,Class 2,34-35 QUEENSFERRY STREET,EH2 4QS,5478
324603.2958,673727.3928,vacant,vacant (Cockburn West End Delicatessen),Class 1,Class 1,Class 1,Vacant,41 QUEENSFERRY STREET,EH2 4RA,5479
324607.0203,673723.668199999,restaurant,Zizzi,Class 1,Class 3,SUI GENERIS,Class 3,42-45 QUEENSFERRY STREET,EH2 4RA,5480
324583.6275,673694.744899999,night club,The Lane,SUI GENERIS,SUI GENERIS,SUI GENERIS,SUI GENERIS,1 QUEENSFERRY STREET LANE,EH2 4PF,5481
324531.0561,674632.380100001,restaurant,Buffalo Grill (chargrill restaurant),Class 3,Class 3,Class 3,Class 3,1-3 RAEBURN PLACE,EH4 1HU,5482
324527.3801,674637.014,"children's clothing, toys & books",Bliss,Class 1,Class 1,Class 1,Class 1,5 RAEBURN PLACE,EH4 1HU,5483
324523.662,674637.858999999,hairdresser (ladies),Capelli hair Design,Vacant,Class 1,Class 1,Class 1,7 RAEBURN PLACE,EH4 1HU,5484
324515.507,674639.380100001,optician,Chetty & Das,Class 1,Class 1,Class 1,Class 1,9A-11 RAEBURN PLACE,EH4 1HU,5485
324505.014,674641.5491,charity shop,Age Scotland,Class 1,Class 1,Vacant,Class 1,13-13A RAEBURN PLACE,EH4 1HU,5486
324497.352,674642.689999999,hot food take-away (fish & chips etc.),L'Aquila Bianca,SUI GENERIS,SUI GENERIS,SUI GENERIS,SUI GENERIS,17-17A RAEBURN PLACE,EH4 1HU,5487
324486.183,674644.084100001,sandwich shop,Subway,Class 1,Class 1,Vacant,Class 1,21 RAEBURN PLACE,EH4 1HU,5488
324480.7181,674644.619200001,shoe repairs / key cutting / watch repairs / nameplates / engraving etc.,Timpson,Class 1,Class 1,Class 1,Class 1,23 RAEBURN PLACE,EH4 1HU,5489
324477.845,674645.1262,charity shop (books),Oxfam,Class 1,Class 1,Class 1,Class 1,25 RAEBURN PLACE,EH4 1HU,5490
324470.859,674646.4081,baker,Greggs,Class 1,Class 1,Class 1,Class 1,27A RAEBURN PLACE,EH4 1HU,5491
324467.986,674646.915100001,vacant,vacant (formerly Madeleine Patisserie & Espresso bar),Class 1,Class 1,Class 1,Vacant,27B RAEBURN PLACE,EH4 1HU,5492
324462.352,674647.7601,betting shop,William Hill,Class 1,Vacant,Class 2,Class 2,29 RAEBURN PLACE,EH4 1HU,5493
324453.8731,674650.633199999,hairdresser,Zeena Hair Design,Class 1,Class 1,Class 1,Class 1,31 RAEBURN PLACE,EH4 1HX,5494
324445.352,674652.1262,café & delicatessen,Maxi's,Class 2,Class 1,Class 3,Class 3,33 RAEBURN PLACE,EH4 1HX,5495
324435.859,674653.281199999,chemist,Semi-Chem,Class 1,Vacant,Class 1,Class 1,35A-39 RAEBURN PLACE,EH4 1HX,5496
324419.7742,674655.8731,stationery,The Write Stuff,Class 1,Class 1,Class 1,Class 1,43 RAEBURN PLACE,EH4 1HX,5497
324414.8731,674656.7181,hot food take-away (Indian),Shanas,Class 1,Class 1,SUI GENERIS,SUI GENERIS,45 RAEBURN PLACE,EH4 1HX,5498
324409.972,674657.563100001,hairdresser (ladies),Kim McGregor,Class 1,Class 1,Class 1,Class 1,49 RAEBURN PLACE,EH4 1HX,5499
324404.7329,674658.577099999,vacant,vacant,Class 1,Class 1,Class 1,Vacant,51 RAEBURN PLACE,EH4 1HX,5500
324400.1698,674659.2531,hot food take-away (Indian & Bangladeshi),Sitara Spice,Class 1,Class 1,SUI GENERIS,SUI GENERIS,53 RAEBURN PLACE,EH4 1HX,5501
324395.7757,674659.929099999,"printer cartridges, paper, photocopying",Capital Cartridges,Class 1,Class 1,Class 1,Class 1,55 RAEBURN PLACE,EH4 1HX,5502
324391.0436,674660.7742,"laundrette, dry cleaner & ironing service",Raeburn Laundrette & Dry Cleaning,Class 1,Vacant,Class 1,Class 1,59 RAEBURN PLACE,EH4 1HX,5503
324379.2812,674662.5491,artwork,Sarah Dallas Gallery,Class 1,Class 1,Class 1,Class 1,63 RAEBURN PLACE,EH4 1JF,5504
324375.3941,674663.225099999,tailoring & curtain making,Orange Seamstress,Class 1,Class 1,Class 1,Class 1,65 RAEBURN PLACE,EH4 1JF,5505
324371.507,674663.9011,"travel agent (specialist Italian cooking, painting & pilates holidays)",Flavours Holidays, , ,Class 1,Class 1,67A-69 RAEBURN PLACE,EH4 1JF,5506
324349.5911,674667.5491,"residential letting, solicitors & estate agents",U Mega Lettings,Class 1,Class 1,Class 1,Class 4,71-73 RAEBURN PLACE,EH4 1JG,5507
324345.028,674668.563100001,"butcher, poulterer & game dealer",George Bower,Class 1,Class 1,Class 1,Class 1,75 RAEBURN PLACE,EH4 1JG,5508
324340.465,674669.4081,hairdresser (gents),Rock Paper Scissors,Class 1,Class 1,Class 1,Class 1,77 RAEBURN PLACE,EH4 1JG,5509
324552.2111,674652.9439,public house,The Stockbridge,SUI GENERIS,SUI GENERIS,SUI GENERIS,SUI GENERIS,2-6 RAEBURN PLACE,EH4 1HN,5510
324545.7889,674655.310000001,public house,St. Bernard's Bar,SUI GENERIS,SUI GENERIS,SUI GENERIS,SUI GENERIS,10 RAEBURN PLACE,EH4 1HN,5511
324538.6908,674657.506999999,cafe & sandwich shop,Ravenous,Class 1,Class 1,Class 1,Class 3,12 RAEBURN PLACE,EH4 1HN,5512
324530.5631,674659.563899999,solicitors & estate agents,Russel & Aitken,Class 2,Class 2,Class 2,Class 2,16 RAEBURN PLACE,EH4 1HN,5513
324525.493,674660.7469,jeweller,Annie Smith,Class 1,Class 1,Class 1,Class 1,20 RAEBURN PLACE,EH4 1HN,5514
324519.9159,674661.9299,"jewellery, paintings & photographs",Lucie Fenton Gallery,Class 4,Class 4,Class 1,Class 1,20A RAEBURN PLACE,EH4 1HN,5515
324511.8871,674663.2258,beauty products,Dolly Leo Apothecary,Vacant,Class 1,Class 1,Class 1,22 RAEBURN PLACE,EH4 1HN,5516
324508.169,674663.732899999,hot food take-away,The Sizzler,SUI GENERIS,SUI GENERIS,SUI GENERIS,SUI GENERIS,22A RAEBURN PLACE,EH4 1HN,5517
324504.2819,674664.4089,ladies & mens tailoring (made-to-measure),Sergio Tosarati Couture & Tailors,Vacant,Class 1,Class 1,Class 1,26 RAEBURN PLACE,EH4 1HN,5518
324498.831,674665.267899999,hairdresser (gents),O.A. Goll,Class 1,Class 1,Class 1,Class 1,28 RAEBURN PLACE,EH4 1HN,5519
324494.352,674665.7609,artists supplies,Henderson Art Shop,Class 1,Class 1,Class 1,Class 1,28A RAEBURN PLACE,EH4 1HN,5520
324490.803,674666.436899999,florist,Banks Florists,Class 1,Class 1,Class 1,Class 1,30A RAEBURN PLACE,EH4 1HN,5521
324486.662,674667.0989,wine merchants,Edinburgh Wine Merchants,Class 1,Class 1,Class 1,Class 1,30B RAEBURN PLACE,EH4 1HN,5522
324483.0,674667.746099999,charity shop,Cancer Research UK,Class 1,Class 1,Class 1,Class 1,30D RAEBURN PLACE,EH4 1HN,5523
324470.338,674669.9439,charity shop,Mary's Living & Giving Shop,Class 2,Class 2,Class 2,Class 1,34A RAEBURN PLACE,EH4 1HN,5524
324456.2959,674675.7897,supermarket,Scotmid Co-operative,Class 1,Class 1,Class 1,Class 1,36-38 RAEBURN PLACE,EH4 1HN,5525
324429.141,674676.3956,"t.v., hi-fi equipment, computers, digital cameras etc.",Sony Centre,Class 1,Class 1,Class 1,Class 1,44(01) RAEBURN PLACE,EH4 1HL,5526
324410.366,674679.7048,"delicatessen, wine merchant & café",Peckhams,Class 1,Class 1,Class 1,Class 1,48 RAEBURN PLACE,EH4 1HL,5527
324404.1129,674680.718800001,coffee shop,Costa,Class 1,Class 1,Class 1,Class 3,52-54 RAEBURN PLACE,EH4 1HL,5528
324394.535,674682.0568,"household goods, furnishings",Caoba,Class 1,Class 1,Class 1,Class 1,56 RAEBURN PLACE,EH4 1HJ,5529
324390.986,674682.732899999,beauty parlour,wo:mankind,Vacant,Class 1,Class 1,Class 1,58 RAEBURN PLACE,EH4 1HJ,5530
324387.4369,674683.2399,hardware,Corson Hardware,Class 1,Class 1,Class 1,Class 1,62 RAEBURN PLACE,EH4 1HJ,5531
324380.69,674684.2118,charity shop (music),Oxfam,Class 1,Class 1,Class 1,Class 1,64 RAEBURN PLACE,EH4 1HJ,5532
324375.7889,674685.0568,delicatessen,Herbie,Class 1,Class 1,Class 1,Class 1,66 RAEBURN PLACE,EH4 1HJ,5533
324369.0561,674686.2258,grocer / convenience store & post office,Costcutter / Stockbridge Post Office,Class 1,Class 1,Class 1,Class 1,70-72 RAEBURN PLACE,EH4 1HJ,5534
324365.0,674686.901900001,hot food take-away (Chinese),Food Village,SUI GENERIS,SUI GENERIS,SUI GENERIS,SUI GENERIS,74 RAEBURN PLACE,EH4 1HJ,5535
324361.1129,674687.5779,jewellery & gifts,Gifted,Class 1,Class 1,Class 1,Class 1,78 RAEBURN PLACE,EH4 1HJ,5536
324355.8871,674688.2118,fishmonger,G. Armstrong,Class 1,Class 1,Vacant,Class 1,80 RAEBURN PLACE,EH4 1HH,5537
324351.493,674688.887800001,veterinary surgery,Abercorn Veterinary Clinics (J. & S. Penman),Class 2,Class 2,Class 2,Class 2, , ,5538
324347.4369,674689.563899999,baker,Goodfellow & Steven,Class 1,Class 1,Class 1,Class 1,86 RAEBURN PLACE,EH4 1HH,5539
324339.155,674691.070900001,soft furnishings,James Wilson Interiors,Class 1,Class 1,Class 1,Class 1,88-92 RAEBURN PLACE,EH4 1HH,5540
324331.8871,674691.9299,travel agent,Jimmy Martin,UNKNOWN USE,Class 1,Class 1,Class 1,94 RAEBURN PLACE,EH4 1HH,5541
324328.845,674692.436899999,café,Café Plum,Class 3,Class 3,Class 3,Class 3,96 RAEBURN PLACE,EH4 1HH,5542
324325.803,674692.774900001,"soft furnishings (throws, cushions & pashminas)",Calzeat Home,Class 1,Class 1,Class 1,Class 1,98 RAEBURN PLACE,EH4 1HH,5543
324322.5919,674693.4509,hairdresser (gents),Moda Barbers,Class 4,Vacant,Class 1,Class 1,100 RAEBURN PLACE,EH4 1HH,5544
324319.5498,674693.957900001,florist,The White Petal Company, , ,Class 1,Class 1,100A RAEBURN PLACE,EH4 1HH,5545
324303.338,674698.634,charity shop,Shelter, , ,Class 1,Class 1,104 RAEBURN PLACE,EH4 1HH,5546
324290.5731,674700.5635,charity shop (books),Shelter,Class 1,Class 1,Class 1,Class 1,106A RAEBURN PLACE,EH4 1HH,5547
324286.1269,674701.2258,dry cleaner,New Town Executive Dry Cleaners & Launderers,Class 1,Class 1,Class 1,Class 1,106B RAEBURN PLACE,EH4 1HH,5548
324280.207,674701.880999999,hot food take-away (Chinese),Green Kitchen,Class 1,Class 3,SUI GENERIS,SUI GENERIS,108 RAEBURN PLACE,EH4 1HH,5549
324275.8458,674702.5635,restaurant,Pizza Hut,Class 3,Class 3,Class 3,Class 3,110 RAEBURN PLACE,EH4 1HH,5550
324534.6072,673824.158,public house,Harry's Bar, ,SUI GENERIS,SUI GENERIS,SUI GENERIS,7A RANDOLPH PLACE,EH3 7TE,5551
324546.6072,673825.903000001,restaurant (French),La Petite Folle,Class 1,Class 1,Class 3,Class 3,9(GF) RANDOLPH PLACE,EH3 7TE,5552
326482.0231,671811.731899999,Chinese supermarket,Hua Sing Ltd.,Class 1,Class 1,Vacant,Class 1,50-52 RATCLIFFE TERRACE,EH9 1ST,5553
326483.7176,671807.778000001,office,n/a,Class 4,Class 2,Class 2,Class 4,54 RATCLIFFE TERRACE,EH9 1TJ,5554
326485.9769,671803.824200001,dental workshop,Cosmetic Dentures,Class 1,Class 1,Class 2,Class 2,56 RATCLIFFE TERRACE,EH9 1ST,5555
326489.0231,671797.8846,hairdresser & beauty salon,Spirit,Class 1,Class 1,Class 1,Class 1,58 RATCLIFFE TERRACE,EH9 1ST,5556
326491.5648,671792.5187,restaurant & hot food take-away (Chinese),Good Year,SUI GENERIS,SUI GENERIS,Class 3,Class 3,62 RATCLIFFE TERRACE,EH9 1ST,5557
326494.1066,671786.5879,take-away food,La Croissanterie,Class 1,Class 1,Class 1,Class 1,64 RATCLIFFE TERRACE,EH9 1ST,5558
326496.7637,671780.365900001,hairdresser,Lucia Barrett Hairdressing,Class 1,Class 1,Class 1,Class 1,66 RATCLIFFE TERRACE,EH9 1ST,5559
326498.4121,671776.259299999,chiropodist,Chiropody,Class 1,Class 2,Class 2,Class 2,68 RATCLIFFE TERRACE,EH9 1ST,5560
326500.1066,671772.0231,solicitors & estate agents,PLS Property,Class 4,Class 1,Class 2,Class 2,72 RATCLIFFE TERRACE,EH9 1ST,5561
326501.5648,671768.221999999,butcher,Mathieson,Class 1,Class 1,Class 1,Class 1,74 RATCLIFFE TERRACE,EH9 1ST,5562
326503.4121,671763.1066,finanical advisers,Dow Financial Services,Class 1,Class 1,Class 2,Class 2,76 RATCLIFFE TERRACE,EH9 1ST,5563
326505.6714,671759.4352,shoe repairs / key cutting / locksmiths,Shoe Repairs,Class 1,Class 1,Class 1,Class 1,78 RATCLIFFE TERRACE,EH9 1ST,5564
329321.2134,668570.473300001,n/t/c,Higginson Newsagent, , ,Class 1,Class 1,1 RAVENSCROFT STREET,EH17 8QJ,5565
329270,668530,post office,Gilmerton Post Office,Class 1,Class 1,Class 1,Class 1,17 RAVENSCROFT STREET,EH17 8QJ,5566
327009.0027,676857.991900001,bank,Bank of Scotland, , ,Class 2,Class 2,"1 RENNIE'S ISLE, ( VICTOR",EH6 6QT,5567
327711.5645,675797.354800001,chemist,Co-operative Pharmacy,Class 1,Class 1,Class 1,Class 1,1 RESTALRIG ROAD,EH6 8BB,5568
327714.6129,675791.596799999,office,no name visible,Class 1,Class 1,Vacant,Class 4,3 RESTALRIG ROAD,EH6 8BB,5569
327721.1451,675782.0645,public house,Links Tavern,SUI GENERIS,SUI GENERIS,SUI GENERIS,SUI GENERIS,5-7 RESTALRIG ROAD,EH6 8BB,5570
327725.2097,675775.967700001,office,Electrical Testing Services,Class 1,Class 1,Class 1,Class 4,11-13 RESTALRIG ROAD,EH6 8BB,5571
327731.629,675765.6613,betting shop,Lothian Racing,Class 1,Class 2,Class 2,Class 2,19 RESTALRIG ROAD,EH6 8BB,5572
327749.2742,675736.5484,hot food take-away,Olympic,SUI GENERIS,SUI GENERIS,SUI GENERIS,SUI GENERIS,29 RESTALRIG ROAD,EH6 8BB,5573
327752.2258,675731.016100001,vacant,vacant,Vacant,SUI GENERIS,Class 4,Vacant,31 RESTALRIG ROAD,EH6 8BD,5574
327779.4839,675671.2904,n/t/c,M. Paget,Class 1,Class 1,Class 1,Class 1,51 RESTALRIG ROAD,EH6 8BE,5575
327781.5161,675664.1774,hairdressers,Buddha,Class 1,Class 4,Class 1,Class 1,53 RESTALRIG ROAD,EH6 8BE,5576
327797.7742,675622.2097,grocer,McColls, , ,Class 1,Class 1,59-63 RESTALRIG ROAD,EH6 8BE,5577
327895.6233,675491.541099999,hairdresser,Hair by Lydia,Class 1,Vacant,Class 1,Class 1,95 RESTALRIG ROAD,EH6 7NY,5578
327930.1644,675440.539100001,vacant,vacant,SUI GENERIS,SUI GENERIS,SUI GENERIS,Vacant,107 RESTALRIG ROAD,EH6 7NY,5579
327956.5391,675391.040100001,hot food take-away (Chinese),Silver Bowl,SUI GENERIS,SUI GENERIS,SUI GENERIS,SUI GENERIS,135 RESTALRIG ROAD,EH7 6HN,5580
327964.1644,675374.7476,public house,The Tor,SUI GENERIS,SUI GENERIS,SUI GENERIS,SUI GENERIS,137(1) RESTALRIG ROAD,EH7 6HN,5581
327978.5391,675348.086100001,funeral directors,John McGillivray,Class 1,Class 1,Class 1,Class 1,139-141 RESTALRIG ROAD,EH7 6HW,5582
327984.547,675332.6634,betting shop,William Hill, , ,Class 2,Class 2,145-149 RESTALRIG ROAD,EH7 6HW,5583
327988.3728,675322.667300001,hairdresser,Style Line,Vacant,Class 1,Class 1,Class 1,151 RESTALRIG ROAD,EH7 6HW,5584
327992.3327,675314.539100001,grocer (inc. post office),Lochend Express,Class 1,Class 1,Class 1,Class 1,155-157 RESTALRIG ROAD,EH7 6HW,5585
327995.2505,675307.869899999,vacant,vacant,Class 1,Class 1,Class 1,Vacant,161 RESTALRIG ROAD,EH7 6HW,5586
328001.1644,675293.456900001,vacant,vacant,Class 1,Class 1,Class 1,Vacant,165 RESTALRIG ROAD,EH7 6HW,5587
327685.2903,675794.7903,bistro,Bijou,Class 1,Vacant,Class 3,Class 3,2 RESTALRIG ROAD,EH6 8BN,5588
328303.7193,674607.787599999,public house,Bunch of Roses,SUI GENERIS,SUI GENERIS,SUI GENERIS,SUI GENERIS,"79 RESTALRIG ROAD, SOUTH",EH7 6JD,5589
328278.048,674639.623299999,hairdressers,Attractions,Class 1,Class 1,Class 1,Class 1,"91 RESTALRIG ROAD, SOUTH",EH7 6JD,5590
328274.8356,674642.8356,vacant,vacant,Class 2,Class 2,Class 2,Vacant,"93 RESTALRIG ROAD, SOUTH",EH7 6JD,5591
328272.0822,674646.9659,grocer (lic.),A.Q.Q.A. Stores,Class 1,Class 1,Class 1,Class 1,"97 RESTALRIG ROAD, SOUTH",EH7 6JD,5592
328335.4093,674417.442299999,grocer,Restalrig Village Shop,Class 1,Class 1,Class 1,Class 1,"40 RESTALRIG ROAD, SOUTH",EH7 6LE,5593
325401.7905,674995.301899999,hairdresser,Hershaws,Class 1,Class 1,Class 1,Class 1,17 RODNEY STREET,EH7 4EN,5594
325404.86,674993.3486,tailors,Tailor Design,Class 1,Class 4,Class 4,Class 1,21 RODNEY STREET,EH7 4EN,5595
325407.9296,674990.837099999,vacant,vacant,Class 1,Class 1,Class 1,Vacant,23 RODNEY STREET,EH7 4EN,5596
325384.581,675007.7905,florist,Fioritalia,Class 1,Class 1,Class 1,Class 1,6 RODNEY STREET,EH7 4EA,5597
325418.5819,675026.511399999,optician,David Crystal,Class 1,Class 1,Class 1,Class 1,8 RODNEY STREET,EH7 4EA,5598
325419.419,675023.721000001,n/t/c,no name on fascia,Class 1,Class 1,Class 1,Class 1,10 RODNEY STREET,EH7 4EA,5599
325420.721,675020.9067,hairdresser,Bellevue, , ,Class 1,Class 1,14 RODNEY STREET,EH7 4EA,5600
325423.3952,675012.278999999,solicitors & estate agents,Botanic Financial, , ,Class 2,Class 2,16 RODNEY STREET,EH7 4EA,5601
325424.6514,675008.930500001,barber,London 1,Class 2,Class 1,Class 2,Class 1,18 RODNEY STREET,EH7 4EA,5602
325427.4419,675004.465700001,restaurant (Chinese),Shangri-La,Class 3,Class 3,Class 3,Class 3,22 RODNEY STREET,EH7 4EA,5603
325433.1171,675000.2324,non-alcoholic beers & wines,inxs kicked,Class 1,Class 1,Vacant,Class 1,24 RODNEY STREET,EH7 4EA,5604
325458.0704,674983.488600001,residential letting agency,Ravenstone Property,Class 1,Class 1,Class 2,Class 2,32 RODNEY STREET,EH7 4DX,5605
325461.6981,674981.256200001,fishmonger,Bruce Robertson,Class 1,Class 1,Class 1,Class 1,34 RODNEY STREET,EH7 4DX,5606
325465.3257,674979.3028,vacant,vacant,Class 1,Class 1,Vacant,Vacant,38 RODNEY STREET,EH7 4DX,5607
325468.6743,674977.0704,gift shop,Cloud 9,Class 1,Class 4,Vacant,Class 1,40 RODNEY STREET,EH7 4DX,5608
325472.0229,674975.1171,Hairdresser (gents),Rodney St. Barbers,Class 1,Class 1,Class 1,Class 1,42 RODNEY STREET,EH7 4DX,5609
325475.9542,674973.046700001,chiropractor,chiropractor,Class 1,Class 1,Class 2,Class 2,44 RODNEY STREET,EH7 4DX,5610
325479.0238,674971.372400001,vacant,vacant,Vacant,Class 1,Class 1,Vacant,46 RODNEY STREET,EH7 4DX,5611
325482.0933,674969.419,ski equipment & hire,Lothian Ski Services,Class 1,Class 1,Class 1,Class 1,50 RODNEY STREET,EH7 4DX,5612
325485.1629,674967.465700001,hot food take-away,Sami,Class 1,SUI GENERIS, ,SUI GENERIS,52 RODNEY STREET,EH7 4DX,5613
325489.0695,674964.9542,hot food take-away,Bodrum Express,Class 3,SUI GENERIS, ,SUI GENERIS,54 RODNEY STREET,EH7 4DX,5614
325501.875,674004.575099999,public house,Abbotsford,SUI GENERIS,SUI GENERIS,SUI GENERIS,SUI GENERIS,3-5 ROSE STREET,EH2 2PR,5615
325482.1,673999.35,"home entertainment - records, cds, dvds, books",Fopp, , ,Class 1,Class 1,9-15 ROSE STREET,EH2 2PR,5616
325308.575,673948.600099999,public house,Robertsons Bar,SUI GENERIS,SUI GENERIS,SUI GENERIS,SUI GENERIS,37 ROSE STREET,EH2 2NH,5617
325297.575,673945.975,restaurant,Seadogs, , ,SUI GENERIS,Class 3,39-47 ROSE STREET,EH2 2NH,5618
325285.8249,673942.300000001,public house,Black Rose Tarven,SUI GENERIS,SUI GENERIS,SUI GENERIS,SUI GENERIS,49 ROSE STREET,EH2 2NH,5619
325235.0265,673927.3236,public house,Rose Street Brewery,SUI GENERIS,SUI GENERIS,SUI GENERIS,SUI GENERIS,55 ROSE STREET,EH2 2NH,5620
325224.8706,673924.9471,restaurant,Mussel Inn,Class 3,Class 3,Class 3,Class 3,61-65 ROSE STREET,EH2 2NH,5621
325199.3146,673918.247099999,take-away food,Gourmet Grub,Class 3,Class 1,Class 1,Class 1,71 ROSE STREET,EH2 2NH,5622
325129.4412,673898.2588,"clothing alterations, tailoring",Quickstitch,Class 1,Class 1,Class 1,Class 1,79 ROSE STREET,EH2 3DT,5623
325126.4794,673897.4794,take away food,Baguette to Go,SUI GENERIS,Class 1,Class 1,Class 1,81 ROSE STREET,EH2 3DT,5624
325113.7794,673893.1941,baker,Greggs,Class 1,Class 1,Class 1,Class 1,85-87 ROSE STREET,EH2 3DT,5625
325106.9882,673891.1559,kithen utensils,Creative Cookware,Class 1,Class 1,Class 1,Class 1,89 ROSE STREET,EH2 3DT,5626
325102.0,673889.9088,take away food,Baguette Express,Class 1,Class 1,Class 1,Class 1,93 ROSE STREET,EH2 3DT,5627
325094.8706,673888.0647,sandwich shop,Zea,Class 1,Class 1,Class 1,Class 1,95 ROSE STREET,EH2 3DT,5628
325090.35,673886.9735,jeweller (silver jewellery),Palenque,Class 1,Class 1,Class 1,Class 1,99 ROSE STREET,EH2 3DT,5629
325083.5853,673885.0,binoculars & telescopes,Viking Opitical Centre,Class 1,Class 1,Class 1,Class 1,101 ROSE STREET,EH2 3DT,5630
325079.3765,673883.9088,jeweller,Argentium,Class 1,Class 1,Class 1,Class 1,105 ROSE STREET,EH2 3DT,5631
325072.1559,673881.9735,shoes & footwear,Ecco,Class 1,Class 1,Class 1,Class 1,107-109 ROSE STREET,EH2 3DT,5632
325066.4823,673880.2206,confectionery,Rock Candy,Class 1,Class 1,Class 1,Class 1,111 ROSE STREET,EH2 3DT,5633
325061.65,673878.9735,shoes & footwear,Shuropody,Class 1,Class 1,Class 1,Class 1,115-117 ROSE STREET,EH2 3DT,5634
325058.2206,673877.8824,public house,El Barrio,SUI GENERIS,SUI GENERIS,SUI GENERIS,SUI GENERIS,119 ROSE STREET,EH2 3DT,5635
325054.9471,673876.9471,betting shop,Ladbrokes,Class 1,Class 1,Class 2,Class 2,121 ROSE STREET,EH2 3DT,5636
325039.0912,673873.103,outdoor equipment & clothing,Graham Tiso, , ,Class 1,Class 1,121A-121B ROSE STREET,EH2 3DT,5637
325034.059,673871.4912,hi-fi equipment,Hi Fi Corner,Class 1,Class 1,Class 1,Class 1,121C ROSE STREET,EH2 3DT,5638
325027.5735,673869.247099999,nail salon,Cute-icle,Class 1,Class 1,Vacant,Class 1,125 ROSE STREET,EH2 3DT,5639
325018.1294,673866.441199999,"ticket agents (live shows, events, attractions)ticket agents (live shows, events, attractions)",Tickets Scotland,SUI GENERIS,Class 1,Class 1,Class 1,127A ROSE STREET,EH2 3DT,5640
324997.7,673860.4794,take away food,Cracow Cottage,Class 1,Class 1,Class 1,Class 1,129 ROSE STREET,EH2 3DT,5641
325004.2471,673862.1941,restaurant (Indian),Indian Lounge,Class 3,Class 3,Class 3,Class 3,129(BF) ROSE STREET,EH2 3DT,5642
324928.2853,673840.752900001,jeweller,Clelland Brown,Class 1,Class 1,Class 1,Class 1,131 ROSE STREET,EH2 3DT,5643
324939.5088,673843.8706,public house,Amber Rose, , ,SUI GENERIS,SUI GENERIS,133 ROSE STREET,EH2 4LS,5644
324915.6264,673837.505899999,vacant,vacant,Class 1,Class 1,Vacant,Vacant,133(01) ROSE STREET,EH2 4LS,5645
324910.7941,673836.2588,public house,Gordon Arms,SUI GENERIS,SUI GENERIS,SUI GENERIS,SUI GENERIS,133(05) ROSE STREET,EH2 4LS,5646
324905.8059,673834.855900001,barbers,Rose Street Barbers,Class 1,Class 1,Class 1,Class 1,137 ROSE STREET,EH2 4LS,5647
324896.1906,673827.0989,vacant,vacant, , ,Vacant,Vacant,(139A) ROSE STREET,EH2 4LS,5648
324852.8588,673819.8177,public house,Dirty Dicks,SUI GENERIS,SUI GENERIS,SUI GENERIS,SUI GENERIS,159 ROSE STREET,EH2 4LS,5649
324846.4676,673818.103,hairdresser,The Player Lounge,Class 1,Class 1,Class 1,Class 1,161A ROSE STREET,EH2 4LS,5650
324832.4412,673813.9735,restaurant,1780,Class 3,Class 3,Class 3,Class 3,167 ROSE STREET,EH2 4LS,5651
325445.1877,673976.2138,drinks kiosk,Kool Drinks, , ,Class 3,Class 1,(22) ROSE STREET,EH2 2QA,5652
325397.2034,673958.423699999,betting shop,Ladbrokes,Class 2,Class 2,Class 2,Class 2,40 ROSE STREET,EH2 2QA,5653
325304.2295,673930.728700001,amusement arcade,Slots, , ,Class 11,Class 11,64 ROSE STREET,EH2 2NN,5654
325289.4321,673926.524900001,betting shop,William Hill, , ,Vacant,Class 2,68 ROSE STREET,EH2 2NN,5655
325280.6337,673923.5065,health foods & vitamin supplements,Holland & Barrett, , ,Class 1,Class 1,70 ROSE STREET,EH2 2NN,5656
325272.1353,673921.2895,vacant,vacant, , ,Class 1,Vacant,72 ROSE STREET,EH2 2NN,5657
325263.2673,673918.703,public house & restaurant,Filling Station, , ,SUI GENERIS,SUI GENERIS,74 ROSE STREET,EH2 2NN,5658
325254.7689,673916.1165,ladies clothing,Goodstead, , ,Class 1,Class 4,76 ROSE STREET,EH2 2NN,5659
325203.1559,673902.6117,public house,Auld Hundred,SUI GENERIS,SUI GENERIS,SUI GENERIS,SUI GENERIS,100-102 ROSE STREET,EH2 2NN,5660
325146.8313,673887.712400001,"hot food take-away (fish & chips, pizzas, kebabs)",Rose Street Take Away,SUI GENERIS,SUI GENERIS,SUI GENERIS,SUI GENERIS,106 ROSE STREET,EH2 3JF,5661
325139.4124,673885.5812,jeweller,Goodwins, , ,Class 1,Class 1,106A-108A ROSE STREET,EH2 3JF,5662
325130.8063,673883.049900001,jeweller,Robert Anthony,Class 1,Class 1,Class 1,Class 1,108B ROSE STREET,EH2 3JF,5663
325116.3911,673878.5853,public house,Elements,SUI GENERIS,SUI GENERIS,SUI GENERIS,SUI GENERIS,110-114 ROSE STREET,EH2 3JF,5664
325107.6235,673876.0529,jeweller,Alistir Wood Tait,Class 1,Class 1,Class 1,Class 1,116A ROSE STREET,EH2 3JF,5665
325103.4147,673874.8059,jeweller,John Whyte,Class 1,Class 1,Class 1,Class 1,116B ROSE STREET,EH2 3JF,5666
325092.7265,673871.5853,hairdresser & beauty salon,Murdo Macleans, , ,Class 1,Class 1,118-120 ROSE STREET,EH2 3JF,5667
325084.6235,673869.300000001,ladies & mens clothing,Fat Face,Class 1,Class 1,Class 1,Class 1,122-124 ROSE STREET,EH2 3JF,5668
325079.4676,673868.0765,shoes & footwear,Rogerson Footwear,Class 1,Class 1,Class 1,Class 1,126-128 ROSE STREET,EH2 3JF,5669
325074.1795,673866.338199999,"clothing alterations & repairs, tailoring, curtain making, dry cleaner",Master Tailor,Class 1,Class 1,Class 1,Class 1,130 ROSE STREET,EH2 3JD,5670
325069.0354,673864.9353,vacant,vacant,Class 4,Class 1,Class 1,Vacant,134 ROSE STREET,EH2 3JD,5671
325063.5795,673863.376499999,golf equipment,Rose Street Golf Shop,Class 1,Class 1,Class 1,Class 1,136 ROSE STREET,EH2 3JD,5672
325056.5324,673861.208799999,ladies clothing,Enigma,Class 1,Class 1,Class 1,Class 1,138 ROSE STREET,EH2 3JD,5673
325051.0765,673859.65,optician,Black & Lizars,Class 4,Class 1,Class 1,Class 1,142 ROSE STREET,EH2 3JD,5674
325022.4147,673851.6117,public house,The Kenilworth,SUI GENERIS,SUI GENERIS,SUI GENERIS,SUI GENERIS,152-154 ROSE STREET,EH2 3JD,5675
325004.9697,673846.915999999,vacant,vacant,Class 3,Class 3,Class 3,Vacant,158-162 ROSE STREET,EH2 3JD,5676
324920.4294,673822.7941,vacant,vacant,SUI GENERIS,SUI GENERIS,SUI GENERIS,Vacant,168 ROSE STREET,EH2 3JD,5677
324916.2206,673821.7029,public house,Rose & Crown,SUI GENERIS,SUI GENERIS,SUI GENERIS,SUI GENERIS,170 ROSE STREET,EH2 4BA,5678
324909.6764,673819.7412,take-away food,Eatings,Class 1,Class 1,Class 1,Class 1,172 ROSE STREET,EH2 4BA,5679
324905.4676,673818.494100001,restaurant (Japanese),Oishii,Vacant,Class 3,Class 3,Class 3,176 ROSE STREET,EH2 4BA,5680
324899.7529,673816.755799999,dental surgery,West End Private Dental Practice,Class 1,Class 1,Class 2,Class 2, , ,5681
324895.8559,673815.6646,vacant,vacant,SUI GENERIS,SUI GENERIS,SUI GENERIS,Vacant,178A ROSE STREET,EH2 4BA,5682
324890.7529,673814.1176,dancewear,Dancewear,Vacant,Class 1,Class 1,Class 1,182 ROSE STREET,EH2 4BA,5683
324884.3647,673812.455800001,restaurant (Mexican),Miro's,SUI GENERIS,Class 3,Class 3,Class 3,184 ROSE STREET,EH2 4BA,5684
324878.7529,673810.7412,clothing,Solo (closing down due to relocation),Class 1,Class 1,Class 1,Class 1,188 ROSE STREET,EH2 4BA,5685
324872.1559,673808.8323,restaurant,Wildfire Restaurant & Grill,Class 3,Class 3,Class 3,Class 3,192 ROSE STREET,EH2 4AZ,5686
324869.0383,673807.897,vacant,vacant,Class 2,Class 2,Class 2,Vacant,192A ROSE STREET,EH2 4AZ,5687
324861.4676,673805.623500001,specialist whiskies & cigars,Robert Graham,Class 1,Vacant,Class 1,Class 1,194A ROSE STREET,EH2 4AZ,5688
324852.4558,673803.014699999,"office services (mail boxes, packing, shipping, copying, laminating, binding, office supplies etc.)",Mail Boxes Etc.,Class 1,Class 1,Class 4,Class 4,196 ROSE STREET,EH2 4AT,5689
324847.6235,673801.6117,café,Wolfits,SUI GENERIS,Class 3,Class 3,Class 3,200 ROSE STREET,EH2 4AZ,5690
324837.8559,673798.9617,public house,Scotts,SUI GENERIS,SUI GENERIS,SUI GENERIS,SUI GENERIS,202 ROSE STREET,EH2 4AZ,5691
325314.3321,673972.618799999,restaurant,New York Steam Packet,Class 3,Class 3,Class 3,Class 3,"31(01) ROSE STREET LANE,",EH2 2NP,5692
325024.9735,673877.364700001,sauna,Executive Sauna,Class 1,Class 11,Class 11,Class 11, , ,5693
325012.9971,673872.688200001,public house,Frenchies Bar,SUI GENERIS,SUI GENERIS,SUI GENERIS,SUI GENERIS,87(GF)-89 ROSE STREET LAN,EH2 3DX,5694
325124.0,673904.8706,n/a,n/a, , ,UNKNOWN USE,UNKNOWN USE,"(52A) ROSE STREET LANE, N",EH2 3DX,5695
325062.2088,673900.532400001,restaurant,Calistoga,SUI GENERIS,Class 3,Class 3,Class 3,"70-72 ROSE STREET LANE, N",EH2 3DX,5696
324924.9056,673810.705800001,take away food,Turkish Kitchen,UNKNOWN USE,Vacant,Vacant,Class 1,120(PF)-122 ROSE STREET L,EH2 4BB,5697
313078.0712,677850.0614,chemist,Lloyds Pharmacy,Class 1,Class 1,Class 1,Class 1,(A) ROSEBERY AVENUE,EH30 9QS,5698
323005,673137,take-away food (Chinese),Emily,SUI GENERIS,Vacant,Class 1,Class 1,2 ROSEBURN PLACE,EH12 5NN,5699
322871,672879,furniture,J.B. McLean Interiors, ,Class 1,Class 1,Class 1,27 ROSEBURN STREET,EH12 5PE,5700
323036.0503,673168.677100001,public house,Roseburn Bar, , ,SUI GENERIS,SUI GENERIS,1 ROSEBURN TERRACE,EH12 5NG,5701
323025.3166,673171.3606,betting shop,Scotbet,Class 2,Class 2,Class 2,Class 2,9-11 ROSEBURN TERRACE,EH12 5NG,5702
325631.3149,672333.2116,hairdresser and beauty salon,Ishi Hair & Beauty,Class 1,Vacant,Class 4,Class 1,4 ROSENEATH STREET,EH9 1JH,5703
325621.3702,672333.2116,vacant,vacant,Class 1,Class 1,Class 1,Vacant,6 ROSENEATH STREET,EH9 1JH,5704
325626.1058,672333.2116,fishmonger,Eddie's Seafood Market,Class 1,Class 1,Class 1,Class 1,7 ROSENEATH STREET,EH9 1JH,5705
325616.8942,672333.2116,greengrocer,unknown,Class 1,Class 1,Class 4,Class 1,8 ROSENEATH STREET,EH9 1JH,5706
325612.1587,672333.6851,hairdresser (gents),Mackintosh,Class 1,Class 1,Class 1,Class 1,10 ROSENEATH STREET,EH9 1JH,5707
323020.044,673173.341700001,vacant (ex barber),vacant,Class 4,Class 4,Class 4,Vacant,13 ROSEBURN TERRACE,EH12 5NG,5708
323016.3543,673174.347999999,hairdresser,Headway,Class 1,Class 1,Class 1,Class 1,15 ROSEBURN TERRACE,EH12 5NG,5709
323012.5703,673175.3857,pictures & picture framing,Art et Facts,Class 1,Class 1,Class 1,Class 1,19 ROSEBURN TERRACE,EH12 5NG,5710
323008.6394,673176.696,hairdresser,Hairdressing,Class 1,Class 1,Class 1,Class 1,21 ROSEBURN TERRACE,EH12 5NG,5711
323003.3669,673178.341700001,vacant,vacant,Class 1,Class 1,Class 1,Vacant,23 ROSEBURN TERRACE,EH12 5NG,5712
322998.304,673180.0063,hot food take-away (Indian),Delta,Class 1,SUI GENERIS,SUI GENERIS,SUI GENERIS,27 ROSEBURN TERRACE,EH12 5NG,5713
322991.696,673182.6834,grocer / convenience store,SPAR,Class 1,Class 1,Class 3,Class 1,29 ROSEBURN TERRACE,EH12 5NQ,5714
322987.3354,673184.0251,n/t/c & grocer,Edinburgh Newsagents / Licensed Grocer, ,Class 1,Class 1,Class 1,33 ROSEBURN TERRACE,EH12 5NQ,5715
322980.7023,673186.6897,hairdresser,Ikina Hair Studio,Class 1,Class 1,Class 1,Class 1,35 ROSEBURN TERRACE,EH12 5NQ,5716
322976.6771,673188.0251,dressmaker - tailoring,Savoir Faire,Class 1,Class 1,Class 1,Class 1,39 ROSEBURN TERRACE,EH12 5NQ,5717
322972.652,673189.7086,beauty salon,Beauty Therapy,Class 2,Vacant,Vacant,Class 1,41 ROSEBURN TERRACE,EH12 5NQ,5718
322967.044,673191.347999999,butcher,R & W Quality Meats,Class 1,Class 1,Class 1,Class 1,43 ROSEBURN TERRACE,EH12 5NQ,5719
322960.6709,673193.3606,grocer / convenience store,Scotmid,Class 1,Class 1,Class 1,Class 1,47 ROSEBURN TERRACE,EH12 5NQ,5720
322954.044,673196.012599999,hot food take-away (chippie),Ben Hur,SUI GENERIS,SUI GENERIS,SUI GENERIS,SUI GENERIS,49 ROSEBURN TERRACE,EH12 5NQ,5721
322949.6834,673197.3543,coffee shop / delicatessen,Buna,Class 1,Class 1,Class 3,Class 3,53 ROSEBURN TERRACE,EH12 5NQ,5722
322945.3229,673198.696,sauna,Paradise Sauna,Class 11,Class 11,Class 11,Class 11,55 ROSEBURN TERRACE,EH12 5NQ,5723
322934.0126,673202.6897,public house,Murrayfield Bar,SUI GENERIS,SUI GENERIS,SUI GENERIS,SUI GENERIS,57-59 ROSEBURN TERRACE,EH12 5NQ,5724
323035.3732,673196.3166,accountants,Johnston Smillie,Class 2,Class 2,Class 4,Class 2,2B ROSEBURN TERRACE,EH12 6AW,5725
323022.8868,673198.0063,delicatessen,Vigo,Class 4,Vacant,Class 1,Class 1,2-2A ROSEBURN TERRACE,EH12 6AW,5726
323015.1949,673200.8994,vacant,vacant,Class 1,Class 1,Class 1,Vacant,4 ROSEBURN TERRACE,EH12 6AW,5727
323011.1697,673202.2411,shoe repairs / key cutting,Roseburn Key Cutting & Shoe Repairs,Class 1,Class 1,Class 1,Class 1,6 ROSEBURN TERRACE,EH12 6AW,5728
323006.8092,673203.582800001,hot food take-away & café,Roseburn Café,Class 1,SUI GENERIS,SUI GENERIS,SUI GENERIS,8 ROSEBURN TERRACE,EH12 6AW,5729
323002.5766,673205.304,hot food take-away (Chinese),Dragon Village,SUI GENERIS,SUI GENERIS,SUI GENERIS,SUI GENERIS,10 ROSEBURN TERRACE,EH12 6AW,5730
322998.7589,673206.937100001,"computer repairs, television sales & repairs",PC Doctor / Moving Pictures,Class 1,Class 1,Class 1,Class 1,12 ROSEBURN TERRACE,EH12 6AW,5731
322994.652,673208.304,"printing, litho, copying",Mainstream Print,Class 1,Class 1,Class 1,Class 4,14 ROSEBURN TERRACE,EH12 6AW,5732
322991.044,673209.956,ice sports equipment,Penalty Box,Class 1,Class 1,Class 1,Class 1,16 ROSEBURN TERRACE,EH12 6AW,5733
322987.0189,673210.962300001,chemist,Right Medicine Pharmacy,Class 1,Class 1,Class 1,Class 1,18 ROSEBURN TERRACE,EH12 6AW,5734
322983.6646,673212.304,cake design and making,3 D Cakes,Class 1,Class 1,Class 1,Class 1,20 ROSEBURN TERRACE,EH12 6AW,5735
322980.6457,673213.3103,vacant,vacant,Class 1,SUI GENERIS,SUI GENERIS,Vacant,22 ROSEBURN TERRACE,EH12 6AW,5736
322977.3354,673214.6709,carpet & upholstery cleaning,Chores @ Work, , ,Class 1,Class 4,26 ROSEBURN TERRACE,EH12 6AW,5737
322973.6017,673215.658299999,bank,Bank of Scotland / HBOS,Class 2,Class 2,Class 2,Class 2,28 ROSEBURN TERRACE,EH12 6AW,5738
325569.5793,672400.7884,vacant,vacant,Vacant,Vacant,Vacant,Vacant,21 ROSENEATH PLACE,EH9 1JD,5739
325576.8967,672342.370200001,computer repairs,FAQ Computer Services,Class 2,Class 2,UNKNOWN USE,Class 1,26 ROSENEATH PLACE,EH9 1JD,5740
325575.476,672346.1587,hot food take-away (Chinese),The GY Chinese Takeout,SUI GENERIS,SUI GENERIS,SUI GENERIS,SUI GENERIS,27 ROSENEATH PLACE,EH9 1JD,5741
325606.476,672333.6851,restaurant,Sweet Melindas,Class 1,Class 3,Class 3,Class 3,11 ROSENEATH STREET,EH9 1JH,5742
325600.4207,672334.2644,grocer,Marchmont Food & Wine,Class 1,Class 1,Class 1,Class 1,12 ROSENEATH STREET,EH9 1JH,5743
325595.6851,672334.738,vacant,vacant,Class 1,Class 1,Class 1,Vacant,14 ROSENEATH STREET,EH9 1JH,5744
325590.9496,672334.738,delicatessen,Haddows,Class 1,Class 1,Class 1,Class 1,15 ROSENEATH STREET,EH9 1JH,5745
325584.0,672334.1587,"hot food take-away (fish & chips, pizzas)",Salvatore's,Class 1,Class 1,SUI GENERIS,SUI GENERIS,16 ROSENEATH STREET,EH9 1JH,5746
325578.3173,672335.579299999,ladies & childrens clothing,Bohemia,Class 1,Class 1,Class 1,Class 1,17 ROSENEATH STREET,EH9 1JH,5747
326962.0286,674601.965600001,dwelling,dwelling,Class 1,Class 1,Class 1,Class 9, , ,5748
326376.7461,674384.3594,restaurant,21212, , ,Class 3,Class 3,3 ROYAL TERRACE,EH7 5AB,5749
324705.1768,675931.7401,plumbers,Cumming & Hendry,Class 1,Class 4,Class 4,Class 4,1A ROYSTON TERRACE,EH3 5QU,5750
324707.5198,675933.4441,"shoe repairs, key cutting, luggage",Lionel W. Wilson,Class 1,Class 1,Class 1,Class 1,1B ROYSTON TERRACE,EH3 5QU,5751
324662.9412,673645.0482,restaurant / bar,The Rutland Bar and Restaurant,Class 1,UNKNOWN USE, ,Class 3,2-3 RUTLAND STREET,EH1 2AE,5752
325654.675,674042.3499,public house,Tiles, , ,SUI GENERIS,SUI GENERIS,1-2 ST. ANDREW SQUARE,EH2 2BD,5753
325532.7749,674017.350099999,supermarket,Sainsbury, , ,Class 1,Class 1,9-10 ST. ANDREW SQUARE,EH2 2AF,5754
325521.0499,674066.449899999,public house,Grape, , ,SUI GENERIS,SUI GENERIS,12-13(GF) ST. ANDREW SQUA,EH2 2AF,5755
325692.1908,674227.7568,coffee shop,Coffee Stop, , ,Class 3,Class 3,30/1 ST. ANDREW SQUARE,EH2 2AD,5756
325698.5954,674229.2348,n/t/c,W.H. Smith, , ,Class 1,Class 1,30/2-3 ST. ANDREW SQUARE,EH2 2AD,5757
325681,674182,department store,Harvey Nichols, , ,Class 1,Class 1,30-34 ST. ANDREW SQUARE,EH2 2AD,5758
324300.7141,674486.5604,office,unknown,Class 1,Class 1,Class 4,Class 4,41 ST. BERNARD'S CRESCENT,EH4 1NR,5759
325669.0,673606.8477,"cashmere, knitwear",House of Edinburgh,Class 1,Class 1,Class 1,Class 1,2-4 ST. GILES STREET,EH1 1PT,5760
325665.5386,673619.8309,café,St. Giles Café & bar,Class 1,Class 3,Class 3,Class 3,8-10 ST. GILES STREET,EH1 1PT,5761
325817.9395,674232.9497,Satellite TV,Sky, , ,Vacant,Class 1,(A) ST. JAMES CENTRE,EH1 3SR,5762
325790.8025,674235.3827,sports equipment / clothing,JD Sports,Class 1,Class 1,Class 1,Class 1,1-3 ST. JAMES CENTRE,EH1 3SS,5763
325805.6049,674239.209899999,chemist,Boots,Class 1,Class 1,Class 1,Class 1,5-9 ST. JAMES CENTRE,EH1 3SS,5764
325815.7901,674241.8148,sports clothing & equipment,Sports Direct,Class 1,Class 1,Class 1,Class 1,11(GF)-13 ST. JAMES CENTR,EH1 3SS,5765
325825.5926,674244.604900001,ladies clothing,Internacionale,Class 1,Class 1,Class 1,Class 1,15-17 ST. JAMES CENTRE,EH1 3SS,5766
325838.5926,674247.8148,clothing,Bank Fashion,Class 1,Class 1,Vacant,Class 1,19-21 ST. JAMES CENTRE,EH1 3SS,5767
325849.6557,674254.0096,photo booth (instant photos & business cards),Photo-me,Class 1,Class 1,Class 2,Class 2,23 ST. JAMES CENTRE,EH1 3SS,5768
325846.2361,674250.865499999,cookies & ice cream,Millies Cookies, , ,Class 1,Class 1,23(A) ST. JAMES CENTRE,EH1 3SS,5769
325856.3592,674261.0682,take away food,Subway,Class 1,Class 3,Class 1,Class 1,27 ST. JAMES CENTRE,EH1 3SS,5770
325859.1189,674264.0507,Travel Agent,Barrhead Travel,Class 3,Class 3, ,Class 1,29 ST. JAMES CENTRE,EH1 3SS,5771
325861.9731,674266.860300001,eco living advice,Start Living,Class 1,Class 1,Vacant,Class 2,31 ST. JAMES CENTRE,EH1 3SS,5772
325864.7427,674269.535700001,eco living advice,Start Living,Class 1,Vacant,Vacant,Class 2,33 ST. JAMES CENTRE,EH1 3SS,5773
325867.0595,674271.9584,educational advice,The Academy @ St. James Shopping,Class 1,Class 1,Vacant,Class 2,35 ST. JAMES CENTRE,EH1 3SS,5774
325869.2593,674274.2752,tattoo artist,Plus 48 Tattoo Salon,Class 1,Class 1,Vacant,Class 2,37 ST. JAMES CENTRE,EH1 3SS,5775
325880.8628,674260.0535,vacant,vacant,Class 1,Vacant,Class 1,Vacant,39 ST. JAMES CENTRE,EH1 3SS,5776
325870.7023,674249.9465,ladies clothing,Past Times, , ,Class 1,Class 1,43-49 ST. JAMES CENTRE,EH1 3SS,5777
325874.3951,674246.395099999,stationery,Ryman Stationery, , ,Class 1,Class 1,51 ST. JAMES CENTRE,EH1 3SS,5778
325878.6173,674241.987600001,ladies & mens clothing,River Island, , ,Class 1,Class 1,53-55 ST. JAMES CENTRE,EH1 3SS,5779
325883.2099,674237.592599999,mobile phones,O2,Class 1,Vacant,Class 1,Class 1,57 ST. JAMES CENTRE,EH1 3SS,5780
325888.3951,674233.012399999,ladies clothing,Quiz,Class 1,Class 1,Class 1,Class 1,59 ST. JAMES CENTRE,EH1 3SS,5781
325893.1852,674228.209899999,sports clothing / equipment,Mountain Warehouse,Class 1,Class 1,Class 1,Class 1,61 ST. JAMES CENTRE,EH1 3SS,5782
325896.5076,674225.041099999,ladies & mens clothing,Next,Class 1,Vacant,Class 1,Class 1,63-67 ST. JAMES CENTRE,EH1 3SS,5783
325907.0676,674199.5721,department store - mixed durable goods,John Lewis,Class 1,Class 1,Class 1,Class 1,69 ST. JAMES CENTRE,EH1 3SP,5784
325892.0742,674214.9506,fruit juice (freshly squeezed),Zumo Juice Bar, , ,Class 1,Class 1,(69C) ST. JAMES CENTRE,EH1 3SP,5785
325889,674212,coffee shop,Costa Coffee, , ,Class 1,Class 3,(69D) ST. JAMES CENTRE,EH1 3SP,5786
325943.0782,674160.6667,furniture clearence,John Lewis Clearance Store,Class 3,Vacant,Vacant,Class 1,71-73 ST. JAMES CENTRE,EH1 3SJ,5787
325937.1221,674162.598099999,hairdresser,Supercuts,Class 1,Vacant,Class 1,Class 1,75 ST. JAMES CENTRE,EH1 3SJ,5788
325930.6516,674164.0933,baker,Greggs,Class 1,Class 1,Class 1,Class 1,77 ST. JAMES CENTRE,EH1 3SJ,5789
325925.4068,674165.4581,optician,Optical Express,Class 1,Class 1,Class 1,Class 1,79 ST. JAMES CENTRE,EH1 3SJ,5790
325921,674162,electronic games,Game,Class 1,Class 1,Class 1,Class 1,81 ST. JAMES CENTRE,EH1 3SJ,5791
325916.0124,674156.8148,mobile phones,Phones 4 U,Class 1,Class 1,Class 1,Class 1,83 ST. JAMES CENTRE,EH1 3SJ,5792
325911.1975,674151.629699999,childrens clothing,Monsoon Childrenswear,Class 1,Class 1,Class 1,Class 1,85 ST. JAMES CENTRE,EH1 3SJ,5793
325905.6544,674142.555500001,perfumes & fragrances,The Perfume Shop,Class 1,Class 1,Class 1,Class 1,93 ST. JAMES CENTRE,EH1 3SJ,5794
325903.8643,674134.7654,mobile phones,Car Phone Warehouse,Class 1,Class 1,Class 1,Class 1,95 ST. JAMES CENTRE,EH1 3SJ,5795
325902.1975,674126.592599999,jeweller,Ernest Jones,Class 1,Class 1,Class 1,Class 1,97-99 ST. JAMES CENTRE,EH1 3SJ,5796
325900.5802,674118.8025,Heath and Beauty (fish which rejuvenate your feet),Appy Feet,Class 1,Class 1,Class 2,Class 2,101 ST. JAMES CENTRE,EH1 3SJ,5797
325899.1234,674108.975299999,Ernest Jones,Thorntons,Class 1,Class 1,Class 1,Class 1,103-105 ST. JAMES CENTRE,EH1 3SJ,5798
325792.3209,674218.1852,football clud merchendise,Hearts City Store,Class 1,Class 2,Vacant,Class 1,2(BF) ST. JAMES CENTRE,EH1 3SR,5799
325801.9629,674220.5679,chemist,Superdrug,Class 1,Class 1,Class 1,Class 1,4-6 ST. JAMES CENTRE,EH1 3SR,5800
325809.2909,674222.187899999,post office,Post Office,Class 2,Class 1,Class 1,Class 1,8-10 ST. JAMES CENTRE,EH1 3SR,5801
325821.6887,674225.6708,optician,Vision Express, , ,Class 1,Class 1,12-14 ST. JAMES CENTRE,EH1 3SR,5802
325837.4046,674229.4581,"toys, games, puzzles, gifts, novelties",Hawkins Bazaar,Class 1,Class 1,Class 1,Class 1,16 ST. JAMES CENTRE,EH1 3SR,5803
325844.1907,674231.614499999,household goods,Poundland,Class 1,Class 1,Vacant,Class 1,18 ST. JAMES CENTRE,EH1 3SR,5804
325856.4637,674235.0,jeweller,Warren James,Class 1,Class 1,Class 1,Class 1,22 ST. JAMES CENTRE,EH1 3SR,5805
325862,674236,shoe repairs / key cutting / watch repairs / nameplates / engraving etc.,Timpson, , ,Class 1,Class 1,24 ST. JAMES CENTRE,EH1 3SR,5806
325865.5926,674233.0,ladies clothing & accessories,Putting on the Glitz,Class 1,Class 1,Class 1,Class 1,24A ST. JAMES CENTRE,EH1 3SR,5807
325871.2482,674227.332,n/t/c,McColl's,SUI GENERIS,Class 1,Class 1,Class 1,26 ST. JAMES CENTRE,EH1 3SR,5808
325874.5802,674224.282500001,bank,Bank of Scotland, , ,Class 2,Class 2,28 ST. JAMES CENTRE,EH1 3SR,5809
325880.9533,674217.8464,optician,Dollond & Aitchison, , ,Class 1,Class 1,30 ST. JAMES CENTRE,EH1 3SR,5810
325873,674201,clothing,Madhouse,Class 1,Class 1,Class 1,Class 1,32 ST. JAMES CENTRE,EH1 3SL,5811
325878.1852,674195.012399999,ladies clothing,Dorothy Perkins,Class 1,Class 1,Class 1,Class 1,34-36 ST. JAMES CENTRE,EH1 3SL,5812
325885.1852,674188.1852,toys,Early Learning Centre,Class 1,Class 1,Class 1,Class 1,38 ST. JAMES CENTRE,EH1 3SL,5813
325891.5926,674181.407400001,ladies & mens clothing,Burton / Wallis,Class 1,Class 1,Class 1,Class 1,40-42 ST. JAMES CENTRE,EH1 3SL,5814
325901.107,674171.8093,jeweller,H. Samuel,Class 1,Class 1,Class 1,Class 1,44-48 ST. JAMES CENTRE,EH1 3SL,5815
325896.9163,674167.2674,ladies clothing - accessories,Claire's Accessories,Class 1,Class 1,Class 1,Class 1,50 ST. JAMES CENTRE,EH1 3SL,5816
325887.9629,674149.222200001,shoes & footwear,Garage Shoes,Class 1,Class 1,Class 1,Class 1,54-56 ST. JAMES CENTRE,EH1 3SL,5817
325891.9382,674145.1975,greeting cards,Clinton Cards, , ,Class 1,Class 1,58 ST. JAMES CENTRE,EH1 3SL,5818
325889.2606,674134.384199999,mobile phones,The Orange Shop, , ,Class 1,Class 1,60 ST. JAMES CENTRE,EH1 3SL,5819
325887.3827,674127.926100001,chemist,Semi-Chem,Class 1,Class 1,Class 1,Class 1,62 ST. JAMES CENTRE,EH1 3SL,5820
325884.4198,674116.173,ladies & mens clothing,Republic, , ,Class 1,Class 1,64-68 ST. JAMES CENTRE,EH1 3SL,5821
325875.9657,674101.257999999,"home entertainment (records, tapes, cds etc.)",HMV, , ,Class 1,Class 1,70-74 ST. JAMES CENTRE,EH1 3SL,5822
326194.6618,672920.292300001,grocer,Bilaal Food Store,Class 1,Class 1,Class 1,Class 1,9 ST. PATRICK STREET,EH8 9HB,5823
324384.1857,672530.475099999,grocer,Viewforth Licensed Grocer,Vacant,Class 1,Class 1,Class 1,1 ST. PETER'S BUILDINGS,EH3 9PG,5824
324388.2678,672533.6501,painters & decorators,William Swanson & Sons,Class 4,Class 4,Class 4,Class 4,3 ST. PETER'S BUILDINGS,EH3 9PG,5825
324391.8964,672536.3715,hairdresser,Rhythmik,Class 1,Class 1,Class 1,Class 1,4 ST. PETER'S BUILDINGS,EH3 9PG,5826
324397.6393,672540.6501,vacant,vacant,Class 1,Class 1,Class 2,Vacant,5 ST. PETER'S BUILDINGS,EH3 9PG,5827
320208.9811,672880.3543,grocer (licensed),Premier Express,Class 1,Class 1,Class 1,Class 1,109-111 ST. JOHN'S ROAD,EH12 6NN,5828
320182.0503,672883.031400001,ladies & childrens clothing,Happit, , ,Class 1,Class 1,111-113 ST. JOHN'S ROAD,EH12 6NN,5829
320167.2389,672885.9811,dancewear,Bliss Dancewear,Class 1,Class 1,Class 1,Class 1,113D ST. JOHN'S ROAD,EH12 7SB,5830
320162.2075,672886.987400001,prams & baby equipment,Raeburn & Corstorphine Pram Centre,Class 1,Class 1,Class 1,Class 1,115-117 ST. JOHN'S ROAD,EH12 7SB,5831
320157.6771,672888.0189,optician,Dollond & Aitchison,Class 1,Class 1,Class 1,Class 1,119 ST. JOHN'S ROAD,EH12 7SB,5832
320153.652,672888.6897,barber,The Turk's Head,Class 1,Class 1,Class 1,Class 1,119A ST. JOHN'S ROAD,EH12 7SB,5833
320143.2977,672889.9937,hairdresser & beauty salon,White Hollow, , ,Class 1,Class 1,119B-119C ST. JOHN'S ROAD,EH12 7SB,5834
320134.7023,672891.6897,tailoring alterations,Smart Stitch,Class 1,Vacant,Class 1,Class 1,121A ST. JOHN'S ROAD,EH12 7SB,5835
320128.6646,672893.031400001,sandwich shop,Subway,Class 2,Vacant,Class 2,Class 1,121B ST. JOHN'S ROAD,EH12 7SB,5836
320122.6268,672894.366900001,charity shop,Marie Curie,Class 1,Class 1,Class 1,Class 1,125 ST. JOHN'S ROAD,EH12 7SB,5837
320115.9183,672896.044,window replacement,Anglian Window Centres,Class 4,Class 4,Class 4,Class 4,125A ST. JOHN'S ROAD,EH12 7SB,5838
320108.8743,672897.7212,chemist,Boots,Class 1,Class 1,Class 1,Class 1,129 ST. JOHN'S ROAD,EH12 7SB,5839
320102.5011,672899.062899999,florist,Wm. Williamson,Class 1,Class 1,Class 1,Class 1,129A ST. JOHN'S ROAD,EH12 7SB,5840
320071.3166,672908.6834,solicitors & estate agents,Leslie Deans & Co, , ,Class 1,Class 2,135-137 ST. JOHN'S ROAD,EH12 7SB,5841
320052.6709,672898.696,"butcher, poulterer & game dealer",Charles Wilson,Class 1,Class 1,Class 1,Class 1,139 ST. JOHN'S ROAD,EH12 7SD,5842
320047.304,672899.366900001,baker,Greggs,Class 1,Class 1,Class 1,Class 1,139A ST. JOHN'S ROAD,EH12 7SD,5843
320036.6771,672901.746300001,food store,Sainsbury Local,Class 1,Class 1,Class 1,Class 1,141 ST. JOHN'S ROAD,EH12 7SD,5844
320026.6143,672904.0943,hot food take-away (Indian),Chilli Grill,Class 2,Class 2,SUI GENERIS,SUI GENERIS,141A ST. JOHN'S ROAD,EH12 7SD,5845
320021.304,672905.341700001,vacant,Vacant, , ,Class 11,Vacant,143 ST. JOHN'S ROAD,EH12 7SD,5846
320013.6646,672917.702299999,grocer / convenience store,Scotmid, , ,Class 1,Class 1,145-147 ST. JOHN'S ROAD,EH12 7SD,5847
320002.6897,672919.3606,vacant,Vacant,Class 1,Class 1,Class 1,Vacant,151 ST. JOHN'S ROAD,EH12 7SD,5848
319998.9749,672920.0063,printer cartridge refill centre,Capital Cartridges,Class 1,Class 1,Class 4,Class 1,153 ST. JOHN'S ROAD,EH12 7SD,5849
319994.6435,672920.347999999,hairdresser,Flaunt,Class 1,Class 1,Class 1,Class 1,155 ST. JOHN'S ROAD,EH12 7SD,5850
319988.3857,672921.6897,charity shop,Oxfam,Class 1,Class 1,Class 1,Class 1,159 ST. JOHN'S ROAD,EH12 7SD,5851
319981.6771,672923.031400001,charity shop,Shelter,Class 1,Class 1,Class 1,Class 1,161 ST. JOHN'S ROAD,EH12 7SD,5852
319972.1697,672924.7086,bank,Lloyds TSB Scotland,Class 2,Class 2,Class 2,Class 2,163 ST. JOHN'S ROAD,EH12 7SD,5853
319904.0063,672932.417199999,beds,The Bed Shop,Class 1,Class 1,Class 1,Class 1,181 ST. JOHN'S ROAD,EH12 7SL,5854
319893.6709,672933.7149,shoe repairs / key cutting / watch repai,Timpson,Class 1,Class 1,Class 1,Class 1,183 ST. JOHN'S ROAD,EH12 7SL,5855
319888.348,672934.3794,greeting cards,Clinton Cards,Class 1,Class 1,Class 1,Class 1,185 ST. JOHN'S ROAD,EH12 7SL,5856
319883.3417,672934.7086,hot food take-away,Pizza Hut,Class 1,Class 1,SUI GENERIS,SUI GENERIS,187 ST. JOHN'S ROAD,EH12 7SL,5857
319878.0063,672934.7086,chemist,Semi-Chem,Class 1,Class 1,Class 1,Class 1,189 ST. JOHN'S ROAD,EH12 7SL,5858
319868.6646,672935.7149,house furnishings / coffee shop,Ivory & Willow,Class 1,Class 1,Class 1,Class 1,191 ST. JOHN'S ROAD,EH12 7SL,5859
319856.6834,672937.056600001,chemist,Lloyds Pharmacy,Class 1,Class 1,Class 1,Class 1,193-195 ST. JOHN'S ROAD,EH12 7SL,5860
319766.0943,672954.677100001,tanning studio,Tanz,Class 1,Vacant,Class 11,Class 11,201 ST. JOHN'S ROAD,EH12 7UU,5861
319761.3983,672955.6834,hairdresser,Blondie Kerr,Class 1,Class 1,Class 1,Class 1,205 ST. JOHN'S ROAD,EH12 7UU,5862
319756.0314,672956.3543,estate agents,Hunters Residential,Class 1,Class 1,Vacant,Class 2,207 ST. JOHN'S ROAD,EH12 7UU,5863
319750.6646,672957.0251,cards & gifts,Cards & Things,Class 1,Class 1,Class 1,Class 1,209 ST. JOHN'S ROAD,EH12 7UU,5864
319745.9686,672957.696,beauty salon,Heaven Beauty,Class 1,Class 1,Class 1,Class 1,213 ST. JOHN'S ROAD,EH12 7UU,5865
319738.3669,672958.7149,coffee shop,Café Rosa,Class 1,Class 1,Class 1,Class 3,215 ST. JOHN'S ROAD,EH12 7UU,5866
319733.6709,672959.3857,charity shop,Capability Scotland,Class 1,Class 1,Class 1,Class 1,217-219 ST. JOHN'S ROAD,EH12 7UU,5867
319728.6394,672960.056600001,restaurant (Chinese),Wongs,Class 1,Class 1,Class 3,Class 3,221 ST. JOHN'S ROAD,EH12 7UU,5868
319724.6143,672960.392000001,vacant,vacant,Class 4,Class 1,Class 1,Vacant,221A ST. JOHN'S ROAD,EH12 7UU,5869
319673.7274,672968.3606,betting shop,William Hill,Class 4,Class 2,Vacant,Class 2,229-229A ST. JOHN'S ROAD,EH12 7XA,5870
319663.3291,672969.031400001,café,Rumblin' Tum,Class 1,Vacant,Class 3,Class 3,235 ST. JOHN'S ROAD,EH12 7XA,5871
319649.912,672970.037699999,bank,Royal Bank of Scotland,Class 2,Class 2,Class 2,Class 2,235A-239 ST. JOHN'S ROAD,EH12 7XA,5872
319615.348,672961.037699999,public house,Centurion,SUI GENERIS,SUI GENERIS,SUI GENERIS,SUI GENERIS,243 ST. JOHN'S ROAD,EH12 7XD,5873
319602.9286,672961.6709,betting shop,Ladbrokes,Class 1,Class 2,Class 2,Class 2,245A ST. JOHN'S ROAD,EH12 7XD,5874
319595.5492,672962.0063,hair & beauty products,Sally Hair & Beauty,Class 1,Class 2,Class 1,Class 1,245B ST. JOHN'S ROAD,EH12 7XD,5875
319587.1006,672971.0189,vacant,vacant, , ,Class 4,Vacant,247 ST. JOHN'S ROAD,EH12 7XD,5876
319583.1383,672970.727399999,hairdresser,KSH,Class 1,Class 2,Class 1,Class 1,247B ST. JOHN'S ROAD,EH12 7XD,5877
319578.7149,672971.0189,solicitors & estate agents,Warners, , ,Class 2,Class 2,247C ST. JOHN'S ROAD,EH12 7XD,5878
319574.0189,672971.0189,vintage toys & models,Edinburgh Vintage Toys,Class 1,Class 1,Class 1,Class 1,249A ST. JOHN'S ROAD,EH12 7XD,5879
319561.6646,672971.037699999,"pictures, picture framing, jewellery",Angles,Class 1,Class 1,Class 1,Class 1,253 ST. JOHN'S ROAD,EH12 7XD,5880
319557.9811,672970.056600001,vacant,vacant,Class 1,Class 1,Class 1,Vacant,255 ST. JOHN'S ROAD,EH12 7XD,5881
319552.608,672970.031400001,restaurant & hot food take-away (Italian restaurant + chip shop),St. John's, , ,Class 3,Class 3,259-261 ST. JOHN'S ROAD,EH12 7XD,5882
319542.216,672968.044,undertakers,W.T. Dunbar & Sons,UNKNOWN USE,Class 2,Class 1,Class 1,263 ST. JOHN'S ROAD,EH12 7XD,5883
319530.1405,672964.3543,n/t/c + post office,R.S. McColl,Class 1,Class 1,Class 1,Class 1,265-267 ST. JOHN'S ROAD,EH12 7XD,5884
319505.3188,672957.6457,wine merchant,Winehouse,Class 1,Class 1,Class 1,Class 1,277 ST. JOHN'S ROAD,EH12 7XD,5885
319492.7714,672954.7149,dry cleaner,Care Clean, , ,Class 1,Class 1,279 ST. JOHN'S ROAD,EH12 7XF,5886
319488.4109,672954.044,vacant,vacant, , ,Class 1,Vacant,279A ST. JOHN'S ROAD,EH12 7XF,5887
319476.7064,672951.1132,musical instruments (guitars),guitarguitar,Class 1,Class 1,Class 1,Class 1,283-287 ST. JOHN'S ROAD,EH12 7XF,5888
319464.2955,672948.0943,sandwiches & outside catering,Benny's,Vacant,Class 1,Class 1,Class 1,291 ST. JOHN'S ROAD,EH12 7XF,5889
319458.2578,672946.752599999,carpets,Kristofferson Carpets,Class 1,Class 1,Class 1,Class 1,293 ST. JOHN'S ROAD,EH12 7XF,5890
319451.2138,672945.0754,restaurant (Indian & Thai),Abida,Class 1,Class 1,Class 1,Class 3,295 ST. JOHN'S ROAD,EH12 7XF,5891
319445.176,672943.3983,kitchen & bathroom furniture & fittings,Edinburgh Kitchen and Bathroom Centre,Class 1,Class 1,Class 1,Class 1,295B ST. JOHN'S ROAD,EH12 7XF,5892
320154,672913,solicitors & estate agents,"Dickson, McNiven & Dunn",Class 4,Class 2,Class 2,Class 2,38 ST. JOHN'S ROAD,EH12 6PA,5893
320148.7652,672916.9246,n/t/c & post office,Corstorphine Post Office,Class 1,Class 1,Class 1,Class 1,40 ST. JOHN'S ROAD,EH12 6PA,5894
320141.2663,672918.9246,restaurant (Chinese),Peach Garden,Class 3,Class 3,Class 3,Class 3,44 ST. JOHN'S ROAD,EH12 6PA,5895
320133.3354,672920.9497,restaurant (Indian),Eastern Pavilion,Vacant,Vacant,Class 3,Class 3,46 ST. JOHN'S ROAD,EH12 6PA,5896
320125.956,672922.2914,bank,Santander,Class 2,Class 2,Class 2,Class 2,50 ST. JOHN'S ROAD,EH12 6PA,5897
320098.3291,672931.987400001,hairdresser,Philip Politi, , ,Class 1,Class 1,56-58 ST. JOHN'S ROAD,EH12 8AT,5898
320066.9623,672936.5703,baker,P. & S. Donnachie,Class 1,Class 1,Class 1,Class 1,62-64 ST. JOHN'S ROAD,EH12 8AT,5899
320048.304,672941.3103,bank,Bank of Scotland / HBOS,Vacant,Class 2,Class 2,Class 2,70 ST. JOHN'S ROAD,EH12 8AT,5900
320032.3291,672944.3354,betting shop,Ladbrokes,Class 2,Class 2,Class 2,Class 2,74-76 ST. JOHN'S ROAD,EH12 8AT,5901
320025.3354,672945.6457,betting shop,William Hill,Class 2,Class 2,Class 2,Class 2,82 ST. JOHN'S ROAD,EH12 8AT,5902
320019.2977,672946.652000001,accountancy & tax services,Tax Assist Accountants,Class 1,Class 1,Class 1,Class 2,84 ST. JOHN'S ROAD,EH12 8AT,5903
320012.3229,672948.304,charity shop,Bethany Shop,Class 1,Class 1,Class 1,Class 1,88 ST. JOHN'S ROAD,EH12 8AT,5904
319981.3417,672949.9749,restaurant & hot food take-away,St. John's Curry Club,Class 1,Class 1,Class 3,Class 3,100 ST. JOHN'S ROAD,EH12 8AT,5905
319977.3166,672950.6457,hairdresser,Salon Hair Fashions,Class 1,Class 1,Class 1,Class 1,102 ST. JOHN'S ROAD,EH12 8AT,5906
319972.6206,672951.3166,café,Café Anfora,Class 1,Class 1,Class 1,Class 3,104 ST. JOHN'S ROAD,EH12 8AT,5907
319959.2914,672957.563999999,public house,Oak Inn,SUI GENERIS,SUI GENERIS,SUI GENERIS,SUI GENERIS,108-110 ST. JOHN'S ROAD,EH12 8AX,5908
319870.6646,672967.956,vacant,vacant,Class 1,Class 1,Class 1,Vacant,128 ST. JOHN'S ROAD,EH12 8AX,5909
319865.9937,672968.626800001,shoe repairs / key cutting / engraving / trophies,Sole City,Class 1,Class 1,Class 1,Class 1,130 ST. JOHN'S ROAD,EH12 8AX,5910
319862.3291,672969.297700001,children's clothing,Blessings & Blossoms,Class 1,Class 4,Class 1,Class 1,132 ST. JOHN'S ROAD,EH12 8AX,5911
319850.652,672967.9937,solicitors & estate agents,Neilsons, , ,Class 2,Class 2,138 ST. JOHN'S ROAD,EH12 8AY,5912
319845.9874,672968.6206,hairdresser & beauty salon,Pinkk,Class 1,Vacant,Class 1,Class 1,140 ST. JOHN'S ROAD,EH12 8AY,5913
319839.3229,672969.5954,solicitors & estate agents,Neilsons,Class 1,Class 1,Class 1,Class 2,142 ST. JOHN'S ROAD,EH12 8AY,5914
319734.0314,672994.6709,"kitchen & bedroom furniture, conservatories, windows & doors",Magnet, , ,Class 1,Class 1,164-170 ST. JOHN'S ROAD,EH12 8AZ,5915
319683.3229,672995.987400001,financial services,first mortgate.co.uk, , ,Class 2,Class 2,172 ST. JOHN'S ROAD,EH12 8AZ,5916
319648.0,673003.956,dental surgery,Mathewson & Associates, , ,Class 2,Class 2, , ,5917
319339.6646,672963.626800001,bank,Bank of Scotland / HBOS,Class 2,Class 2,Class 2,Class 2,206 ST. JOHN'S ROAD,EH12 8SH,5918
326508.9491,672894.9746,public house,Jeanie Deans Tryste,SUI GENERIS,SUI GENERIS,SUI GENERIS,SUI GENERIS,67 ST. LEONARD'S HILL,EH8 9SB,5919
326514.0448,672884.726399999,hairdresser,New Image, , ,Class 1,Class 1,71-73 ST. LEONARD'S HILL,EH8 9SB,5920
326542.5544,672876.4903,tribal arts,Nomad Tent, , ,Class 1,Class 1,21-23 ST. LEONARD'S LANE,EH8 9SH,5921
326395.3841,672880.707699999,public house,The Auld Hoose,SUI GENERIS,SUI GENERIS,SUI GENERIS,SUI GENERIS,23-25 ST. LEONARD'S STREE,EH8 9QN,5922
326397.9227,672876.753599999,vacant,vacant,Class 4,Vacant,Vacant,Vacant,39 ST. LEONARD'S STREET,EH8 9QN,5923
326404.5073,672864.5845,printers,Greenprint,Class 4,Class 4,Class 4,Class 4,49-53 ST. LEONARD'S STREE,EH8 9QN,5924
326410.0918,672851.8309,n/t/c,Ben's Newsagent,Class 1,Class 1,Class 1,Class 1,55 ST. LEONARD'S STREET,EH8 9QN,5925
326431.6305,672797.2609,vacant,vacant,Class 2,Class 1,Class 1,Vacant,67 ST. LEONARD'S STREET,EH8 9QR,5926
326435.1232,672786.077299999,restaurant,Blonde, , ,Class 3,Class 3,71-75 ST. LEONARD'S STREE,EH8 9QR,5927
326437.7223,672778.031300001,bathroom fittings,Edinburgh Bathroom Design,Class 4,Class 4,Class 4,Class 1,77-79 ST. LEONARD'S STREE,EH8 9QR,5928
326446.7391,672752.596999999,public house,The Montague,SUI GENERIS,SUI GENERIS,SUI GENERIS,SUI GENERIS,81-85 ST. LEONARD'S STREE,EH8 9QY,5929
326450.5073,672743.2609,vacant,vacant,SUI GENERIS,SUI GENERIS,Vacant,Vacant,87 ST. LEONARD'S STREET,EH8 9QY,5930
326451.9687,672739.1691,vacant,vacant,Vacant,Class 4,Vacant,Vacant,91 ST. LEONARD'S STREET,EH8 9QY,5931
326453.43,672735.661800001,restaurant,Rice Terraces,Vacant,Class 3,Class 3,Class 3,93 ST. LEONARD'S STREET,EH8 9QY,5932
326456.5991,672727.5386,office,no sign on fascia,Vacant,Class 4,Class 2,Class 4,95-97 ST. LEONARD'S STREE,EH8 9QY,5933
326458.2464,672724.5386,office,no sign on fascia, , ,Class 2,Class 4,101 ST. LEONARD'S STREET,EH8 9QY,5934
326460.4155,672720.5386,travel agent,Russia Travel, , ,Class 1,Class 1,103 ST. LEONARD'S STREET,EH8 9QY,5935
326464.1232,672714.292300001,restaurant,Karen Wong's, , ,Class 3,Class 3,107-109 ST. LEONARD'S STR,EH8 9QY,5936
326470.5991,672704.5386,vacant,vacant, , ,Vacant,Vacant,111 ST. LEONARD'S STREET,EH8 9QY,5937
326532.8768,672631.091800001,glaziers,A. Jack,Vacant,Class 4,Class 4,Class 4,133 ST. LEONARD'S STREET,EH8 9RB,5938
326534.6305,672628.4614,conference equipement interpretation service,Brahler-ics,Class 4,Class 4, ,Class 4,135-135A ST. LEONARD'S ST,EH8 9RB,5939
326541.3841,672621.6305,charity office,Alzheimer Scotland,Class 4,Class 1, ,Class 2,139 ST. LEONARD'S STREET,EH8 9RB,5940
326545.7536,672616.922700001,n/t/c,St Leonards Store Newsagent, , ,Class 1,Class 1,141A ST. LEONARD'S STREET,EH8 9RB,5941
326559.0459,672605.338199999,hairdresser (gents),PJ's Barbershop,SUI GENERIS,SUI GENERIS,Class 1,Class 1,147A ST. LEONARD'S STREET,EH8 9RB,5942
326595.8768,672647.4155,d.i.y,Homebase, ,Class 1,Class 1,Class 1,106(05) ST. LEONARD'S STR,EH8 9RD,5943
326145.3382,673681.661800001,The Waverley,The Waverley,SUI GENERIS,SUI GENERIS,SUI GENERIS,SUI GENERIS,3-5 ST. MARY'S STREET,EH1 1TA,5944
326147.3382,673675.0459,hot food take-away,Wee Bite,Class 1,Vacant,Class 1,SUI GENERIS,9 ST. MARY'S STREET,EH1 1TA,5945
326148.215,673671.246400001,antiques,Antiques,Class 1,Class 1,Class 1,Class 1,11 ST. MARY'S STREET,EH1 1TA,5946
326151.9687,673665.876800001,hairdresser,Oliver Stone,Class 1,Class 1,Class 1,Class 1,13 ST. MARY'S STREET,EH1 1TA,5947
326155.7536,673655.1691,vacant,vacant,Class 1,Class 1,Class 1,Vacant,17-21 ST. MARY'S STREET,EH1 1TA,5948
326160.215,673642.876800001,vacant,vacant,Class 1,Class 1,Vacant,Vacant,27 ST. MARY'S STREET,EH1 1TA,5949
326167.172,673683.3879,florist,Wm. Williamson,Class 1,Class 1,Class 1,Class 1,4 ST. MARY'S STREET,EH1 1SU,5950
326167.1378,672912.6305,musical instruments,Scayles,Class 1,Class 1,Class 1,Class 1,5 ST. PATRICK STREET,EH8 9ES,5951
326192.9541,672934.0459,chemist,Boots,Class 1,Class 1,Class 1,Class 1,6 ST. PATRICK STREET,EH8 9HB,5952
326193.5386,672928.492699999,optician,Optical Express,Class 1,Class 1,Class 1,Class 1,6A ST. PATRICK STREET,EH8 9HB,5953
326195.8309,672915.615900001,vacant,vacant,Class 1,Class 1,Class 1,Vacant,7 ST. PATRICK STREET,EH8 9HB,5954
324400.8143,672542.9179,hairdresser,Highlight Hairdressing,Class 1,Class 1,Class 1,Class 1,6 ST. PETER'S BUILDINGS,EH3 9PG,5955
324404.4428,672545.6393,taxi office,Central Taxis,Class 4,Class 4, ,Class 4,8 ST. PETER'S BUILDINGS,EH3 9PG,5956
324408.1857,672549.103599999,taxi office,Central Taxis,Class 1,Class 1,Class 1,Class 4,9 ST. PETER'S BUILDINGS,EH3 9PG,5957
324411.3607,672551.824999999,vacant,vacant,Class 1,Class 4, ,Vacant,11 ST. PETER'S BUILDINGS,EH3 9PG,5958
324415.4428,672554.546399999,insurance brokers,Westminster Insurance,Class 1,Class 4,Class 1,Class 2,12 ST. PETER'S BUILDINGS,EH3 9PG,5959
324345.9071,672580.2073,builder,Build Solutions,Class 4,Class 4,Class 2,Class 4,13 ST. PETER'S PLACE,EH3 9PH,5960
324349.0821,672576.1251,vacant,vacant,Class 4,Vacant, ,Vacant,14 ST. PETER'S PLACE,EH3 9PH,5961
324358.7214,672563.4858,vacant,vacant,Class 4,Class 4,Vacant,Vacant,17 ST. PETER'S PLACE,EH3 9PH,5962
324727.8463,674525.007099999,vacant,vacant, ,Class 1, ,Vacant,3 ST. STEPHEN PLACE,EH3 5AJ,5963
324743.8109,674533.146600001,art gallery & art consultancy,scotlandart.com,Class 1,Class 1,Class 1,Class 1,2 ST. STEPHEN PLACE,EH3 5AJ,5964
324720.6785,674532.6643,jewellery,(unknown - no nameplate), , ,Class 1,Class 1,6 ST. STEPHEN PLACE,EH3 5AJ,5965
324710.0496,674497.174900001,restaurant,Bell's Diner,Class 3,Class 3,Class 3,Class 3,7 ST. STEPHEN STREET,EH3 5AN,5966
324712.7352,674499.524800001,interior design consultants,J. Stewart & Son,Class 4,Class 4,Class 4,Class 4,9 ST. STEPHEN STREET,EH3 5AN,5967
324715.2529,674502.2104,hot food take-away (Chinese),Rice King,SUI GENERIS,SUI GENERIS,SUI GENERIS,SUI GENERIS,11 ST. STEPHEN STREET,EH3 5AN,5968
324718.442,674504.8959,antiques,Antiques,Class 1,Class 1,Class 1,Class 1,13 ST. STEPHEN STREET,EH3 5AN,5969
324721.182,674507.4539,second-hand baby clothing & equipment,relove, , ,Class 1,Class 1,17 ST. STEPHEN STREET,EH3 5AN,5970
324723.8676,674509.9717,old gramophone records,Gramophone Emporium / Backroom Vinyl,Class 1,Class 1,Class 1,Class 1,21 ST. STEPHEN STREET,EH3 5AN,5971
324725.0425,674511.4823,unknown use,(unknown - no nameplate), , ,Class 9,UNKNOWN USE,23 ST. STEPHEN STREET,EH3 5AN,5972
324732.5248,674519.174900001,office,Edinburgh International Jazz Festival,Vacant,UNKNOWN USE,Class 1,Class 4,29 ST. STEPHEN STREET,EH3 5AN,5973
324745.8251,674531.1324,restaurant (Californian),Redwood,Class 1,Class 3,Class 3,Class 3,33 ST. STEPHEN STREET,EH3 5AH,5974
324748.0071,674532.978700001,vacant,vacant,Class 1,Class 1,Class 1,Vacant,35 ST. STEPHEN STREET,EH3 5AH,5975
324750.1891,674534.992900001,unknown use,(unknown - no nameplate),Class 11,Vacant, ,UNKNOWN USE,37 ST. STEPHEN STREET,EH3 5AH,5976
324754.721,674539.021299999,café,Sprio & Co.,Class 1,Vacant, ,Class 3,39 ST. STEPHEN STREET,EH3 5AH,5977
324758.1466,674541.9504,art gallery,The Laurel Gallery,Class 4,Class 1,Class 1,Class 1,41 ST. STEPHEN STREET,EH3 5AH,5978
326170.1545,673676.5386,vacant,vacant,Class 1,Class 4, ,Vacant,8 ST. MARY'S STREET,EH1 1SU,5979
326172.4322,673669.8309,dry cleaner,Kleen Cleaners,Class 1,Class 1,Class 1,Class 1,10 ST. MARY'S STREET,EH1 1SU,5980
326174.1859,673664.862199999,clothing,Slanj,Class 1,Class 1,Class 1,Class 1,14 ST. MARY'S STREET,EH1 1SU,5981
326176.7077,673656.7996,gifts & curios,The Russian Shop,Class 1,Class 1,Class 1,Class 1,18 ST. MARY'S STREET,EH1 1SU,5982
326178.1399,673652.3528,ladies clothing (boutique),State of Mind, , ,Class 4,Class 1,20 ST. MARY'S STREET,EH1 1SU,5983
326181.6472,673643.5845,ladies clothing,Psychomoda, , ,Class 1,Class 1,22 ST. MARY'S STREET,EH1 1SU,5984
326183.1086,673639.2004,café,Empires,Class 1,Class 4,Class 1,Class 3,24 ST. MARY'S STREET,EH1 1SU,5985
326184.3754,673635.605599999,gifts,Present,Class 1,Class 1,Class 1,Class 1,26 ST. MARY'S STREET,EH1 1SU,5986
326188.5554,673625.0,jeweller,Rene Walrus,Class 1,Vacant,Vacant,Class 1,30 ST. MARY'S STREET,EH1 1SU,5987
326190.309,673620.031300001,printers,Girdwood Display,Class 4,Class 4, ,Class 4,34 ST. MARY'S STREET,EH1 1SU,5988
326193.0168,673613.0459,gallery,Schop,Class 2,Class 4,Class 1,Class 1,36 ST. MARY'S STREET,EH1 1SX,5989
326194.4781,673608.9541,restaurant,Stac Polly,Class 4,Class 1,Class 3,Class 3,38 ST. MARY'S STREET,EH1 1SX,5990
326195.9395,673604.862199999,computer training,Abobe Training,Class 1,Class 1, ,Class 4,42 ST. MARY'S STREET,EH1 1SX,5991
326196.9708,673600.292300001,office,Valley Technology,Class 4,Class 4, ,Class 4,44 ST. MARY'S STREET,EH1 1SX,5992
326198.3695,673596.8309,post office,Saint Mary's St. Post Office,Class 1,Class 1,Class 1,Class 1,46 ST. MARY'S STREET,EH1 1SX,5993
326200.1859,673592.400900001,office,Criminal Defense Lawyers,Class 1,Class 1,Class 1,Class 4,50 ST. MARY'S STREET,EH1 1SX,5994
326202.5554,673585.707699999,reprographics,Edinburgh Copy Shop,Class 1,Class 1,Class 1,Class 4,52 ST. MARY'S STREET,EH1 1SX,5995
326204.6013,673579.862199999,restaurant,David Bann,Class 3,Class 3,Class 3,Class 3,56 ST. MARY'S STREET,EH1 1SX,5996
326208.0168,673569.57,funeral directors,T. Marin,Class 1,Class 1,Class 1,Class 1,62-64 ST. MARY'S STREET,EH1 1SX,5997
326212.3549,673558.9541,hot food take away,Coffee Corner,Vacant,Class 1,Class 1,SUI GENERIS,68 ST. MARY'S STREET,EH1 1SX,5998
326198.785,672907.123199999,window blinds,Apollo,Class 4,Class 1,Class 1,Class 1,1 ST. PATRICK SQUARE,EH8 9EZ,5999
326200.5386,672902.446799999,restaurant (Indian),Kalpna,Class 3,Class 3,Class 3,Class 3,2-3 ST. PATRICK SQUARE,EH8 9EZ,6000
326205.785,672891.908199999,household goods/fancy dress,Edinburgh Bargain Stores / Party Zone,Vacant,Class 1,Class 1,Class 1,5-9 ST. PATRICK SQUARE,EH8 9EZ,6001
326212.8309,672876.2004,reprographics,Saver Spot,Vacant,Class 1,Class 1,Class 4,11 ST. PATRICK SQUARE,EH8 9EZ,6002
326215.9541,672867.4614,"haberdashery, dress materials",Edinburgh Fabrics, ,Class 1,Class 1,Class 1,12-14 ST. PATRICK SQUARE,EH8 9EZ,6003
326218.8768,672861.3236,"cake decorations, trimmings etc.",The Finishing Touch, ,Class 1,Class 1,Class 1,17 ST. PATRICK SQUARE,EH8 9EZ,6004
326193.8768,672832.0,solicitors,Warners,Class 2,Class 2, ,Class 2,22-24 ST. PATRICK SQUARE,EH8 9EY,6005
326195,672858,vacant,vacant, , ,Class 3,Vacant,22(A) ST. PATRICK SQUARE,EH8 9EY,6006
326174.0459,672830.5845,solicitors,Warners,Class 4,Class 2, ,Class 2,26 ST. PATRICK SQUARE,EH8 9EY,6007
326170.2464,672839.9373,office,The Edinburgh Psychology Centre,Class 2,Class 2, ,Class 4,29 ST. PATRICK SQUARE,EH8 9EY,6008
326134.215,672902.077299999,restaurant,Ann Purna,Class 3,Class 3,Class 3,Class 3,45 ST. PATRICK SQUARE,EH8 9ET,6009
326167.0,672933.922700001,solicitors & estate agents,Leslie Deans,Class 1,Class 2, ,Class 2,1-3 ST. PATRICK STREET,EH8 9ES,6010
324766.8747,674550.174900001,restaurant,The Blue Parrot Cantina,Class 3,Class 3,Class 3,Class 3,49 ST. STEPHEN STREET,EH3 5AH,6011
324769.0567,674552.357000001,art gallery,RM art (Rosie Mackenzie),Class 1,Class 1,Class 1,Class 1,51 ST. STEPHEN STREET,EH3 5AH,6012
324773.0,674555.475199999,second-hand clothing,(no nameplate),Class 1,Class 1,Class 1,Class 1,55 ST. STEPHEN STREET,EH3 5AH,6013
324776.1891,674558.8322,antique lampstands and lamp shades,Mr. Purves,Class 1,Class 1,Class 1,Class 1,59 ST. STEPHEN STREET,EH3 5AH,6014
324781.5177,674563.825099999,residential letting agency,Anna Harper Lettings, , ,Class 2,Class 2,63/1 ST. STEPHEN STREET,EH3 5AH,6015
324730.279,674489.8322,public house,The Bailie,SUI GENERIS,SUI GENERIS,SUI GENERIS,SUI GENERIS,2-6 ST. STEPHEN STREET,EH3 5AL,6016
324733.4681,674493.021299999,artist's studio,The Studio,Class 1,Class 1,Class 1,Class 4,8 ST. STEPHEN STREET,EH3 5AL,6017
324737.8109,674496.4823,old gramophone records,Gramophone Emporium,Vacant,Class 1,Class 1,Class 1,12 ST. STEPHEN STREET,EH3 5AL,6018
324742.3428,674500.342800001,jeweller,Sheila Fleet,UNKNOWN USE,Class 1,Class 1,Class 1,18 ST. STEPHEN STREET,EH3 5AL,6019
324744.7967,674502.160800001,hairdresser,Frank Lindsay Hairdressing,Class 1,Class 1,Class 1,Class 1,20 ST. STEPHEN STREET,EH3 5AL,6020
324747.1466,674504.342800001,café,The Proper Tea Shop,Class 1,Class 1,Class 2,Class 3,24 ST. STEPHEN STREET,EH3 5AL,6021
324748.8251,674505.853399999,internet marketing,Attacat,UNKNOWN USE,Class 1, ,Class 4,26 ST. STEPHEN STREET,EH3 5AL,6022
324750.6076,674507.796700001,vacant,vacant,UNKNOWN USE,Vacant,Vacant,Vacant,28 ST. STEPHEN STREET,EH3 5AL,6023
324752.6856,674509.5461,residential letting office,Zone Letting,Class 1,Class 1,Class 4,Class 2,30 ST. STEPHEN STREET,EH3 5AL,6024
324754.8676,674511.3924,chandeliers,Crystal Chandelier Company,Vacant,Class 1,Class 1,Class 1,36 ST. STEPHEN STREET,EH3 5AL,6025
324756.7139,674513.070900001,vacant,vacant,UNKNOWN USE,Vacant,Vacant,Vacant,38-40 ST. STEPHEN STREET,EH3 5AL,6026
324758.8959,674514.581499999,restaurant (Thai),Sing Thai,Class 3,Class 1,Class 3,Class 3,42 ST. STEPHEN STREET,EH3 5AL,6027
324761.4469,674516.839199999,public house / restaurant,The Saint,SUI GENERIS,SUI GENERIS,SUI GENERIS,SUI GENERIS,44 ST. STEPHEN STREET,EH3 5AL,6028
324763.1253,674518.3499,hairdresser,Four Point Three,Class 1,Class 1,Class 1,Class 1,46 ST. STEPHEN STREET,EH3 5AL,6029
324764.8038,674519.8605,ladies clothing (fair trade / ethical),Hibiscus Flower,Class 1,Class 1,Class 1,Class 1,48 ST. STEPHEN STREET,EH3 5AL,6030
324771.1678,674525.8322,restaurant,The Stockbridge Restaurant, , ,Class 3,Class 3,54-60 ST. STEPHEN STREET,EH3 5AL,6031
324769.6714,674524.5602,beauty clinic,The Face & Body Clinic,Class 1,Vacant,Class 1,Class 1,56 ST. STEPHEN STREET,EH3 5AL,6032
324772.4539,674526.853399999,beauty salon,Lux Clinics,Class 1,Class 1,Class 1,Class 1,58 ST. STEPHEN STREET,EH3 5AL,6033
324777.7684,674532.021299999,beauty salon,3 Sixty Health & Beauty - The Remedy Rooms,Class 1,Class 1,Class 1,Class 1,66 ST. STEPHEN STREET,EH3 5AQ,6034
324779.9504,674534.035399999,photography studio,Moments Preserved,Vacant,Class 1,Class 1,Class 2,68(GF) ST. STEPHEN STREET,EH3 5AQ,6035
324784.4823,674537.7281,public house,The Antiquary,SUI GENERIS,SUI GENERIS,SUI GENERIS,SUI GENERIS,68-76 ST. STEPHEN STREET,EH3 5AQ,6036
324782.4681,674535.8818,manicures & nail extensions,elite nails,UNKNOWN USE,Vacant,Class 1,Class 1,72 ST. STEPHEN STREET,EH3 5AQ,6037
324786.1608,674539.238700001,vacant,vacant,Vacant,Vacant,Class 1,Vacant,74 ST. STEPHEN STREET,EH3 5AQ,6038
324854.8677,674597.0414,residential property management,Bruce Rae Property Management,Class 1,Vacant, ,Class 2,110B ST. STEPHEN STREET,EH3 5AQ,6039
324866.8594,674601.917400001,restaurant (Chinese),Karen's Unicorn,Vacant,Class 3,Class 3,Class 3,112 ST. STEPHEN STREET,EH3 5AD,6040
324870.876,674601.6943,vacant,vacant,Class 1,Class 1,Vacant,Vacant,114 ST. STEPHEN STREET,EH3 5AD,6041
324894.1406,674599.132300001,office,Murrayfield Construction Ltd.,Class 1,Class 1,Class 4,Class 4,130 ST. STEPHEN STREET,EH3 5AD,6042
324899.4297,674597.810000001,office,Matrix Management Ltd.,Class 1,Class 4,Class 1,Class 4,132 ST. STEPHEN STREET,EH3 5AA,6043
320211.0033,672229.671,hot food take-away,Ginos,SUI GENERIS,SUI GENERIS,SUI GENERIS,SUI GENERIS,"77 SAUGHTON ROAD, NORTH",EH12 7JB,6044
320212.6678,672225.0,hairdresser,Dianward,Class 1,Class 1,Class 1,Class 1,"79 SAUGHTON ROAD, NORTH",EH12 7JB,6045
320219.0066,672205.6776,grocer,Spar,Vacant,Class 1,Class 1,Class 1,"85-87 SAUGHTON ROAD, NORT",EH12 7JB,6046
320217.2994,672194.1644,hairdresser (gents),Derek's Barber Shop,Class 2,Class 1,Class 1,Class 1,"89 SAUGHTON ROAD, NORTH",EH12 7JB,6047
320184.3257,672177.6973,builders,J.Wood Joiners & Builders, , ,Class 11,Class 4,"100A SAUGHTON ROAD, NORTH",EH12 7JN,6048
320182.9934,672182.3585,chiropodist,Foot Care at Natural Therapies, , ,Class 2,Class 2,"100B SAUGHTON ROAD, NORTH",EH12 7JN,6049
320181.6612,672186.3552,butcher,Harry Simpson,Class 1,Class 1,Class 1,Class 1,"100C SAUGHTON ROAD, NORTH",EH12 7JN,6050
320180.329,672191.0164,baker,McArthurs1,Class 1,Class 1,Class 1,Class 1,"100D SAUGHTON ROAD, NORTH",EH12 7JN,6051
320178.6645,672195.3454,n/t/c,MHL Newsagents,Class 1,Class 1,Class 1,Class 1,"100E SAUGHTON ROAD, NORTH",EH12 7JN,6052
320177.3322,672200.3388,hot food take-away,Feryy Good Food,Class 1,Class 1,SUI GENERIS,SUI GENERIS,"100F SAUGHTON ROAD, NORTH",EH12 7JN,6053
320176,672205,t.v. sales and repairs,Abercorn TV Ltd, , ,Class 1,Class 1,"100G SAUGHTON ROAD, NORTH",EH12 7JN,6054
320334.2987,671981.2752,n/t/c & post office,Newsagent & Carrick Knowe Post Office,Class 1,Class 1,Class 1,Class 1,"142 SAUGHTON ROAD, NORTH",EH12 7DS,6055
320336.943,671977.691299999,chemist,Carrick Knowe Pharmacy,Class 1,Class 1,Class 1,Class 1,"146 SAUGHTON ROAD, NORTH",EH12 7DS,6056
324956.3306,674542.132300001,public house,St. Vincent Bar,SUI GENERIS,SUI GENERIS,SUI GENERIS,SUI GENERIS,11 ST. VINCENT STREET,EH3 6SW,6057
327444.4926,676431.054099999,n/a,n/a,Class 4,Vacant, ,UNKNOWN USE,2-4 SALAMANDER STREET,EH6 7HR,6058
327485,676405,vacant,vacant,SUI GENERIS,SUI GENERIS,SUI GENERIS,Vacant,18-20 SALAMANDER STREET,EH6 7HR,6059
327954,676118,ceramic tiles,Ceramic Tile Warehouse, , ,Class 1,Class 1,106 SALAMANDER STREET,EH6 7LA,6060
328093.2197,676020.339299999,bedroom furniture / soft furnishings,The Bed Shed / Harveys,Class 1,Class 1,Class 1,Class 1,126 SALAMANDER STREET,EH6 7LA,6061
328160.6607,675987.154100001,vacant,vacant,Class 1,Class 1,Class 1,Vacant,126(1) SALAMANDER STREET,EH6 7LA,6062
326486.8309,672191.4614,café,Vicent Café,Class 1,Vacant,Class 3,Class 3,5 SALISBURY PLACE,EH9 1SL,6063
326477.9687,672189.0459,hairdresser,Gordon Wilson, , ,Class 1,Class 1,9-11 SALISBURY PLACE,EH9 1SL,6064
326471.8309,672187.876800001,hairdresser (gents),Crew,Class 1,Class 1,Class 1,Class 1,13 SALISBURY PLACE,EH9 1SL,6065
326467.7391,672186.8455,restaurant,Hellers Kitchen,Class 3,Class 3,Class 3,Class 3,15 SALISBURY PLACE,EH9 1SL,6066
326462.1232,672185.922700001,n/t/c,Grange Post Office,Class 1,Class 1,Class 1,Class 1,17 SALISBURY PLACE,EH9 1SL,6067
326489,672217,hot food take-away (Chinese),Lucky Star, ,Class 3,SUI GENERIS,SUI GENERIS,6-8 SALISBURY PLACE,EH9 1SH,6068
326539.0,672233.123199999,charity shop,Barnardos,Class 1,Vacant,Vacant,Class 1,53 SALISBURY ROAD,EH16 5AA,6069
326866.1889,676510.261399999,public house,Roseleaf,SUI GENERIS,SUI GENERIS,SUI GENERIS,SUI GENERIS,23-24 SANDPORT PLACE,EH6 6EW,6070
326983.7256,676564.847999999,bistro,Café Domenico's,Class 3,Class 3,Class 3,Class 3,30 SANDPORT STREET,EH6 6EP,6071
320859.086,671500.498400001,vacant,vacant,SUI GENERIS,SUI GENERIS,SUI GENERIS,Vacant,36 SAUGHTON MAINS GARDENS,EH11 3QE,6072
320909.5609,671506.3709,hot food take-away,Zack Oulden Fish & Chips,Class 1,Vacant,SUI GENERIS,SUI GENERIS,52 SAUGHTON MAINS GARDENS,EH11 3QE,6073
320907,671511,hot food take-away (Chinese),Treasure Cottage,Vacant,SUI GENERIS,SUI GENERIS,SUI GENERIS,54 SAUGHTON MAINS GARDENS,EH11 3QE,6074
320905,671515,n/t/c,Mr Oul,Vacant,Vacant,Class 1,Class 1,56 SAUGHTON MAINS GARDENS,EH11 3QE,6075
320902.457,671520.0,vacant,vacant,Class 2,Class 2,Vacant,Vacant,58 SAUGHTON MAINS GARDENS,EH11 3QE,6076
320896.4659,671530.5787,vacant,vacant,Class 1,Class 1,Vacant,Vacant,60 SAUGHTON MAINS GARDENS,EH11 3QE,6077
320646,671393,hairdresser,Time, , ,Class 1,Class 1,30 SAUGHTON ROAD,EH11 3PT,6078
320206.6973,672245.0,public house,Carrickknowe Inn,SUI GENERIS,SUI GENERIS,SUI GENERIS,SUI GENERIS,"73 SAUGHTON ROAD, NORTH",EH12 7JB,6079
320209.3421,672234.6678,doubel galzing & building contractor,Invision,Class 1,Class 1,Class 4,Class 4,"75 SAUGHTON ROAD, NORTH",EH12 7JB,6080
320339.3658,671974.5537,sandwich bar,Suzis Kitchen,Class 1,Class 1,Class 1,Class 1,"148 SAUGHTON ROAD, NORTH",EH12 7DS,6081
320342.4866,671969.7718,grocer (lic),Carrick Knowe Licensed Grocer,Class 1,Class 1,Class 1,Class 1,"150 SAUGHTON ROAD, NORTH",EH12 7DS,6082
320345.1074,671966.238299999,hot food take-away,Horners,Class 1,Class 1,Class 1,SUI GENERIS,"154 SAUGHTON ROAD, NORTH",EH12 7DS,6083
320348.4262,671961.6544,electrical parts,Vac-Electrics,Class 1,Class 1,Class 1,Class 1,"156 SAUGHTON ROAD, NORTH",EH12 7DS,6084
320351.7919,671957.1007,computer sales and support,Beeline Computer Services Ltd.,Class 1,Class 1,Class 1,Class 1,"158 SAUGHTON ROAD, NORTH",EH12 7DS,6085
320355.3557,671952.348999999,hairdressers (gents),Ross Barbers,Class 1,Class 1,Class 1,Class 1,"162 SAUGHTON ROAD, NORTH",EH12 7DS,6086
320358.9664,671947.4296,financial services,Hurley Financial Services,Class 3,Class 1,Class 2,Class 2,"164 SAUGHTON ROAD, NORTH",EH12 7DS,6087
321967.9434,673030.3354,citizen advocate,Powerful Partnerships Citizen Advocacy Org.,Class 1,Class 2,Class 2,Class 2,21 SAUGHTONHALL DRIVE,EH12 5TW,6088
321944.0116,672699.391899999,hairdresser and beauty salon,Sphere,Class 1,Class 1,Class 1,Class 1,101-103 SAUGHTONHALL DRIV,EH12 5TS,6089
321939.6081,672692.397700001,IT specialist,System Wise,Class 1,Class 1,Class 1,Class 4,105 SAUGHTONHALL DRIVE,EH12 5TS,6090
321937.6139,672688.795399999,IT specialist,System Wise,Class 1,Class 2,Class 4,Class 4,107 SAUGHTONHALL DRIVE,EH12 5TS,6091
321911.7874,672517.6379,grocer / convenience store,Scotmid,Class 1,Class 1,Class 1,Class 1,(140-144) SAUGHTONHALL DR,EH12 5TT,6092
326204.0,672473.8413,hot food take-away,Meadows Fish Bar, , ,SUI GENERIS,SUI GENERIS,3-5A SCIENNES,EH9 1NH,6093
325997.4736,672301.476,vacant,vacant,Class 4,Class 4,Vacant,Vacant, , ,6094
326008.3149,672300.2116,accountants,Knowles & Co.,Class 4,Class 2,Class 2,Class 2,20 SCIENNES ROAD,EH9 1NX,6095
326015.8967,672299.738,n/t/c,Shiraz Newsagent,Class 1,Class 1,Class 1,Class 1,21 SCIENNES ROAD,EH9 1NX,6096
326041.1587,672296.5264,restaurant & outside caterers,Annabelle's Restaurant,Class 4,Class 3,Class 3,Class 3,27 SCIENNES ROAD,EH9 1NX,6097
326046.8413,672296.0529,office - various,"Ciao Roma, Property Connection, Universal Connections, Air innovation Technology, Associazone e Campani In Scozia a In Irlanda del Norde",Class 4,Class 4,Class 3,Class 4,29 SCIENNES ROAD,EH9 1NX,6098
313259.3633,677619.6809,snooker centre,Bridges Pool Centre,Class 1,Class 1,Class 1,Class 11,1-3 SCOTSTOUN GROVE,EH30 9PH,6099
313260.8947,677601.7906,hot food take away,Bodrum Fry and Turkish Kebab House,Class 1,Class 1,Vacant,SUI GENERIS,2 SCOTSTOUN GROVE,EH30 9PH,6100
313256.0855,677601.769099999,hot food take-away (Chinese),Lucky House,SUI GENERIS,SUI GENERIS,SUI GENERIS,SUI GENERIS,4 SCOTSTOUN GROVE,EH30 9PH,6101
313249.1086,677619.850099999,hardware,Scotstoun Hardware,Class 1,Class 1,Vacant,Class 1,5 SCOTSTOUN GROVE,EH30 9PH,6102
313238.7681,677601.2951,public house,Queen's Retreat,SUI GENERIS,SUI GENERIS,SUI GENERIS,SUI GENERIS,6 SCOTSTOUN GROVE,EH30 9PH,6103
313243.87,677619.953199999,grocer,Sunshine Supermarket,Class 1,Vacant,Class 1,Class 1,7 SCOTSTOUN GROVE,EH30 9PH,6104
313233.6009,677619.9277,grocer / convenience store,Scotmid,Class 1,Class 1,Class 1,Class 1,9 SCOTSTOUN GROVE,EH30 9PH,6105
328222,675964,public house,Mother Aitkens,SUI GENERIS,SUI GENERIS,SUI GENERIS,SUI GENERIS,1-2 SEAFIELD PLACE,EH6 7QP,6106
328331,675948,petrol filling station & shop,Shell + Select Shop, , ,Class 1,Class 1,7 SEAFIELD ROAD,EH6 7LE,6107
328647.6806,675742.5606,vacant,vacant,Class 3,Class 3,Class 3,Vacant,36 SEAFIELD ROAD,EH6 7LQ,6108
328652.6454,675740.610099999,vacant,vacant, , ,Class 2,Vacant,38-40 SEAFIELD ROAD,EH6 7LQ,6109
328719.5504,675667.602700001,carpets,Allied Carpets,Class 1,Class 1,Class 1,Class 1,50 SEAFIELD ROAD,EH6 7LQ,6110
328948.6233,675616.1886,vacant,vacant, , ,Class 1,Vacant,74 SEAFIELD ROAD,EH6 7LW,6111
330005.5442,674445.7117,n/t/c & post office,MS Saleemi Seafield Newsagent,Class 1,Class 1,Class 1,Class 1,6 SEAFIELD ROAD EAST,EH15 1EB,6112
330000.5066,674453.737299999,dwelling,dwelling,Class 11,Vacant,Class 11,Class 9, , ,6113
329994.7373,674463.0668,restaurant & hot food take-away,Prince Balti House,Class 3,Class 3,Class 3,Class 3,11-12 SEAFIELD ROAD EAST,EH15 1EB,6114
329986.9544,674475.7871,public house,The First & Last,SUI GENERIS,SUI GENERIS,SUI GENERIS,SUI GENERIS,14-16 SEAFIELD ROAD EAST,EH15 1EB,6115
328637.3525,675691.352499999,vacant,vacant, , ,Class 1,Vacant,1 SEAFIELD STREET,EH6 7LG,6116
329273.0159,675446.7007,clothing,Matalan - discount club,Class 1,Class 1,Class 1,Class 1,1 SEAFIELD WAY,EH15 1TB,6117
329358.6233,675347.7247,golfing equipment,Nevada Bobs Golf Superstore, , ,Class 1,Class 1,2/1 SEAFIELD WAY,EH15 1TB,6118
329372.4059,675330.9421,"ceramic tiles, laminated & hardwood flooring","Topps Tiles, Topps Floorstore", , ,Class 1,Class 1,2/3(B) SEAFIELD WAY,EH15 1TB,6119
329394.9277,675301.840600001,flooring,Direct Flooring, , ,Class 1,Class 1,2/4 SEAFIELD WAY,EH15 1TB,6120
329404.6668,675289.362400001,curtains and fabric,Remnant Kings, , ,Class 1,Class 1,2/5 SEAFIELD WAY,EH15 1TB,6121
322053.7864,674567.7864,hot food take away (Chinese),Golden Pond,Class 3,Class 3,Class 3,SUI GENERIS,1 SEAFORTH TERRACE,EH4 2BS,6122
322048.1795,674572.179500001,hairdresser,Angus Gordon,Class 1,Class 1,Class 1,Class 1,3-4 SEAFORTH TERRACE,EH4 2BS,6123
322041.7864,674576.675100001,domestic appliances,Trinity Domestics Ltd,Class 1,Class 1,Class 1,Class 1,5 SEAFORTH TERRACE,EH4 2BS,6124
323140.1431,671955.818399999,bank,Royal Bank of Scotland,Class 2,Class 2,Class 2,Class 2,1A SHANDON CRESCENT,EH11 1QE,6125
323150.26,671944.0261,video services & agents,Heriot Video,Class 1,Class 4,Class 4,Class 4,8-10 SHANDON PLACE,EH11 1QL,6126
324640.842,673637.178400001,sandwich shop,Subway, , ,Class 1,Class 1,3 SHANDWICK PLACE,EH2 4RG,6127
324636.939,673644.975,travel information office,Lothian Buses, , ,Class 1,Class 1,7 SHANDWICK PLACE,EH2 4RG,6128
324634.0203,673642.449200001,public house,The Rat Pack Piano,Class 3,Class 3,Class 3,SUI GENERIS,9 SHANDWICK PLACE,EH2 4RG,6129
324626.4898,673636.510199999,shoes & footwear,Clarks / K Shoes, , ,Class 1,Class 1,13-15 SHANDWICK PLACE,EH2 4RG,6130
324621.3521,673632.255100001,audio visual centre (Sony products),Sony Centre, , ,Class 1,Class 1,17 SHANDWICK PLACE,EH2 4RG,6131
324615.3364,673627.4695,optician,Optical Express,Vacant,Class 1,Class 1,Class 1,23 SHANDWICK PLACE,EH2 4RG,6132
324612.3568,673625.2347,vacant,vacant,Class 4,Class 2,Class 2,Vacant,23(B) SHANDWICK PLACE,EH2 4RG,6133
324608.0203,673622.173699999,betting shop,Coral Racing,Class 4,Class 1,Vacant,Class 2,25 SHANDWICK PLACE,EH2 4RG,6134
324587.8059,673606.5462,restaurant,Kasturi,Class 3,Class 3,Class 3,Class 3,35-37 SHANDWICK PLACE,EH2 4RG,6135
325966.5073,673590.091800001,"office services (mail boxes, packing, shipping, copying, laminating, binding, office supplies etc.)",Mail Boxes Etc.,Class 1,Class 1,Class 4,Class 4,12-13 SOUTH BRIDGE,EH1 1LL,6136
325975.8768,673553.8017,baker,Greggs,Class 1,Class 1,Class 1,Class 1,21 SOUTH BRIDGE,EH1 1LL,6137
325977.6305,673547.2609,"n/t/c, gifts",News 4 U,Class 1,Class 1,Class 1,Class 1,24-25 SOUTH BRIDGE,EH1 1LL,6138
325979.6764,673539.9541,mobile phones & accessories,Phone Box,Class 1,Class 1,Class 1,Class 1,26 SOUTH BRIDGE,EH1 1LL,6139
325981.1378,673534.400900001,hairdresser,Cutc Barbers,Class 1,Vacant,Class 1,Class 1,28 SOUTH BRIDGE,EH1 1LL,6140
325982.6764,673527.707699999,Chinese goods,Spirit of China (closing down),Class 1,Class 1,Class 2,Class 1,29-30 SOUTH BRIDGE,EH1 1LL,6141
325984.5845,673520.9395,hair & beauty products,Sally Hair & Beauty, , ,Class 1,Class 1,32-33 SOUTH BRIDGE,EH1 1LL,6142
325987.8309,673507.9541,charity shop,Save The Children, , ,Vacant,Class 1,34-36 SOUTH BRIDGE,EH1 1LL,6143
325993.2004,673486.4614,"clothes, tattoo artist",Applejack,Class 1,Class 1,Vacant,Class 1,37 SOUTH BRIDGE,EH1 1LL,6144
325994.3695,673481.2004,hot food take-away,Piemaker,Class 1,SUI GENERIS,SUI GENERIS,SUI GENERIS,38 SOUTH BRIDGE,EH1 1LL,6145
325996.9854,673470.9541,sci-fi gifts & memorabilia,Forbidden Planet,Class 1,Vacant,Class 1,Class 1,39-41 SOUTH BRIDGE,EH1 1LL,6146
326000.4468,673456.785,general clothing,Xile,Class 1,Class 1,Class 1,Class 1,42-44 SOUTH BRIDGE,EH1 1LL,6147
325999.2923,673461.753599999,"n/t/c, grocer",Mace, , ,Class 1,Class 1,43-44 SOUTH BRIDGE,EH1 1LL,6148
326004.5386,673442.1713,vacant,vacant (formerly Costcutter),Class 1,Vacant,Class 1,Vacant,45-46 SOUTH BRIDGE,EH1 1LL,6149
326006.8622,673433.0,second-hand goods,Cash Generator, , ,Class 1,Class 1,47-49 SOUTH BRIDGE,EH1 1LL,6150
326010.1545,673420.753599999,court lawyers,Thorley Stephenson,Class 1,Vacant,Class 11,Class 4,51 SOUTH BRIDGE,EH1 1LL,6151
326012.2004,673414.615900001,take-away food & café,Brunch,Class 1,Class 1,Class 1,Class 1,52 SOUTH BRIDGE,EH1 1LL,6152
326020.9854,673387.246400001,books,Blackwells (including Caffe Nero), , ,Class 1,Class 1,53-56 SOUTH BRIDGE,EH1 1LS,6153
326023.0313,673380.231799999,hairdresser,Cheynes,Class 1,Class 1,Class 1,Class 1,57 SOUTH BRIDGE,EH1 1LS,6154
326024.785,673374.6786,Cheynes,Southside Books,Class 1,Class 1,Class 1,Class 1,58 SOUTH BRIDGE,EH1 1LS,6155
326027.6472,673365.5386,supermarket,Tesco Express,Class 1,Class 1,Class 1,Class 1,60-62 SOUTH BRIDGE,EH1 1LS,6156
326029.7536,673355.0962,restaurant (Italian),Ciao Roma,Class 2,Class 3,Class 3,Class 3,64 SOUTH BRIDGE,EH1 1LS,6157
326034.4614,673337.388499999,public house,Aspen,Class 3,Class 3,SUI GENERIS,SUI GENERIS,65-67 SOUTH BRIDGE,EH1 1LS,6158
325980.9687,673428.0022,public house & restaurant,Biblos,Class 1,Class 1,SUI GENERIS,SUI GENERIS,74 SOUTH BRIDGE,EH1 1HN,6159
325981.2609,673435.8936,café,Aroma Coffee Bar & Takeaway,Class 2,Class 3,Class 3,Class 3,75 SOUTH BRIDGE,EH1 1HN,6160
325979.215,673443.492699999,"computer assessories, mobile phones, cameras",Netversal,Class 1,Class 1,Vacant,Class 1,76 SOUTH BRIDGE,EH1 1HN,6161
325964.0146,673501.2631,advice centre (CEC),Advice Shop,Class 2,Class 2, ,Class 2,85-87 SOUTH BRIDGE,EH1 1HN,6162
325961.0918,673511.785,shoes & footwear,Shoefayre,Class 1,Class 1,Class 1,Class 1,88-89 SOUTH BRIDGE,EH1 1HN,6163
325959.6305,673518.215,records,Ripping Records,Class 1,Class 1,Class 1,Class 1,91 SOUTH BRIDGE,EH1 1HN,6164
325956.6764,673526.615900001,general clothing,Obc,Class 1,Class 1,Class 1,Class 1,93 SOUTH BRIDGE,EH1 1HN,6165
325955.2732,673532.1359,n/t/c,Global News,Class 1,Class 1,Class 1,Class 1,95 SOUTH BRIDGE,EH1 1HN,6166
324581.8059,673602.291099999,photgraphic equipment,Jacobs,Class 1,Class 1,Class 1,Class 1,41 SHANDWICK PLACE,EH2 4RG,6167
324575.6885,673597.9187,hearing aids,Amplifon,Class 1,Class 1,Class 1,Class 2,45-47 SHANDWICK PLACE,EH2 4RG,6168
324564.1784,673588.4288,supermarket,The Co-operative Food,Class 1,Class 1,Class 1,Class 1,49-61 SHANDWICK PLACE,EH2 4RG,6169
324552.2958,673581.291099999,hairdresser,Headline Hairdressing,Class 1,Class 1,Class 1,Class 1,63(1F)-65 SHANDWICK PLACE,EH2 4SD,6170
324548.5712,673578.3115,forces recruitment office,Armed Forces,Class 3,Class 4,Class 2,Class 4,63(GF)-65 SHANDWICK PLACE,EH2 4SD,6171
324538.6885,673569.0767,vacant,vacant, , ,Class 1,Vacant,77 SHANDWICK PLACE,EH2 4SD,6172
324533.1017,673564.979699999,career advice,Careers Scotland,Class 1,Class 1,Class 1,Class 2,79 SHANDWICK PLACE,EH2 4SD,6173
324528.2597,673561.255100001,vacant,vacant,Class 1,Class 1,Class 1,Vacant,81 SHANDWICK PLACE,EH2 4SD,6174
324520.9233,673555.683900001,charity shop,British Heart Foundation, , ,Class 1,Class 1,85 SHANDWICK PLACE,EH2 4SD,6175
324513.0407,673548.938999999,vacant,vacant,Class 1,Class 1,Class 1,Vacant,89 SHANDWICK PLACE,EH2 4SD,6176
324508.9436,673545.9593,pictures & picture framing,Fast Frame,Class 4,Class 1,Class 1,Class 1,91-93 SHANDWICK PLACE,EH2 4SD,6177
324501.2958,673539.821599999,restaurant (Italian),La Piazza Ristorante Pizzeria,Class 1,Vacant,Class 3,Class 3,97 SHANDWICK PLACE,EH2 4SD,6178
324495.8826,673535.627499999,public house,Au Bar,SUI GENERIS,SUI GENERIS,SUI GENERIS,SUI GENERIS,101(01) SHANDWICK PLACE,EH2 4SD,6179
324625.0,673674.5305,bank,Santander,Class 2,Class 2,Class 2,Class 2,2-4 SHANDWICK PLACE,EH2 4RN,6180
324614.3521,673667.668199999,confectionery,Sugar Cane (opening Dec 2010),Class 1,Class 1,Class 1,Class 1,6 SHANDWICK PLACE,EH2 4RN,6181
324608.097,673663.0407,chemist (health foods),Holland and Barrett,Class 1,Class 1,Class 1,Class 1,10 SHANDWICK PLACE,EH2 4RN,6182
324602.4085,673659.6885,optician,Specsavers,Class 1,Class 1,Class 1,Class 1,14-16 SHANDWICK PLACE,EH2 4RN,6183
324597.5665,673656.3364,amusement centre,Quicksilver,Class 2,Class 2,Class 11,Class 11,18(01) SHANDWICK PLACE,EH2 4RN,6184
324587.4288,673647.780999999,bank,Bank of Scotland, , ,Class 2,Class 2,22 SHANDWICK PLACE,EH2 4RN,6185
324577.9797,673641.356799999,public house,The Grosvenor,SUI GENERIS,SUI GENERIS,SUI GENERIS,SUI GENERIS,26-28 SHANDWICK PLACE,EH2 4RT,6186
324573.1377,673637.2597,take away food,Baguette Express,Class 1,Class 1,Vacant,Class 1,30 SHANDWICK PLACE,EH2 4RT,6187
324567.5665,673634.061000001,"furniture, soft furnishings and homeware",Habitat,Class 1,Class 1,Class 1,Class 1,32-36 SHANDWICK PLACE,EH2 4RT,6188
324553.8983,673622.785599999,n/t/c,McColls,Class 1,Class 1,Class 1,Class 1,38 SHANDWICK PLACE,EH2 4RT,6189
324550.1737,673619.433499999,mixed durable goods,Poundstretcher,Class 1,Class 1,Class 1,Class 1,42 SHANDWICK PLACE,EH2 4RT,6190
324546.0767,673616.4538,designer leather clothing,Prego (leather goods),Class 1,Class 1,Class 1,Class 1,44 SHANDWICK PLACE,EH2 4RT,6191
324536.8013,673609.1987,chemist,Boots, , ,Class 1,Class 1,46-50 SHANDWICK PLACE,EH2 4RT,6192
324528.0564,673602.708900001,"toiletries, cosmetics",Superdrug,Class 2,Class 2,Class 1,Class 1,52(GF) SHANDWICK PLACE,EH2 4RT,6193
324519.6072,673596.061000001,café & take-away food,Pret a Manger,Class 2,Class 2,Class 3,Class 1,56 SHANDWICK PLACE,EH2 4RT,6194
327152.0027,676681.991900001,public house & restaurant,Fishers,SUI GENERIS,SUI GENERIS,SUI GENERIS,SUI GENERIS,1 SHORE,EH6 6QW,6195
327150.0054,676669.0013,public house & restaurant,The Shore,SUI GENERIS,SUI GENERIS,SUI GENERIS,SUI GENERIS,3 SHORE,EH6 6QW,6196
327129.1525,676578.0,public house,The Ship, , ,SUI GENERIS,SUI GENERIS,24-26 SHORE,EH6 6QN,6197
327124.7312,676555.8935,public house,The Granary, , ,SUI GENERIS,SUI GENERIS,32-34 SHORE,EH6 6QN,6198
327120.9952,676543.0,"delicatessen, take away food",The Clock,Class 2,Class 1,Class 1,Class 1,35 SHORE,EH6 6QN,6199
327111.6295,676525.004799999,public house,King's Wark,SUI GENERIS,SUI GENERIS,SUI GENERIS,SUI GENERIS,36 SHORE,EH6 6QU,6200
327102.3705,676511.527799999,restaurant,Pizza Express, , ,Class 3,Class 3,38 SHORE,EH6 6QU,6201
327090.2639,676493.1065,public house,Malt & Hops,SUI GENERIS,SUI GENERIS,SUI GENERIS,SUI GENERIS,45 SHORE,EH6 6QU,6202
327064.6804,676455.6852,delicatessen,Fleur's Deli,Vacant,Class 1,Class 1,Class 1,52 SHORE,EH6 6RA,6203
327061.7312,676451.472200001,restaurant,Martin Wishart,Vacant,Class 3, ,SUI GENERIS,54-55 SHORE,EH6 6RA,6204
327058.5739,676435.7918,public house,Waterline,SUI GENERIS,SUI GENERIS,SUI GENERIS,SUI GENERIS,57-58 SHORE,EH6 6RA,6205
327015.6901,676407.477,restaurant,Mimi's, , ,Class 3,Class 3,63 SHORE,EH6 6RA,6206
326988,676383,restaurant,Café Truva,Vacant,Vacant,Class 3,Class 3,77 SHORE,EH6 6RG,6207
327031.7312,676361.319599999,restaurant,Tapa Barray Restaurant, ,Class 3,SUI GENERIS,Class 3,19 SHORE PLACE,EH6 6SW,6208
319585,670756,public house,The Crofters, , ,SUI GENERIS,SUI GENERIS,1 SIGHTHILL COURT,EH11 4BW,6209
319913.395,670911.07,vacant,vacant,Class 1,Class 1,Class 1,Vacant, , ,6210
319905.5478,670909.808900001,vacant,vacant,Class 1,Class 1,Vacant,Vacant, , ,6211
319899.6624,670908.547700001,vacant,vacant,Class 1,Vacant,Vacant,Vacant, , ,6212
319894.0573,670907.5668,vacant,vacant,Class 1,Vacant,SUI GENERIS,Vacant,5 SIGHTHILL WYND,EH11 4BL,6213
320832.7987,675863.537900001,travel agent,Connoisseur,Class 1,Class 2,Class 1,Class 1,38 SILVERKNOWES ROAD,EH4 5LF,6214
320829.4851,675870.0,hairdresser,AK,Class 1,Class 1,Vacant,Class 1,40 SILVERKNOWES ROAD,EH4 5LF,6215
320827.5973,675873.9703,charity office,Hopscotch,Class 4,Class 4,Class 4,Class 2,42 SILVERKNOWES ROAD,EH4 5LF,6216
320825.5676,675877.768999999,estate agents,Wilson,Class 4,Class 2,Class 2,Class 2,44 SILVERKNOWES ROAD,EH4 5LF,6217
320823.9406,675881.9703,weight loss clinic,The Life Balance Studio,Class 1,Class 1,Class 4,Class 2,46 SILVERKNOWES ROAD,EH4 5LF,6218
320821.1122,675887.9703,vacant,vacant,Class 1,Class 1,Class 1,Vacant,48 SILVERKNOWES ROAD,EH4 5LF,6219
320817.4488,675896.231000001,n/t/c,Silverknowes Stores,Class 1,Class 1,Class 1,Class 1,52 SILVERKNOWES ROAD,EH4 5LF,6220
323311.3246,672113.8638,art & craft products,Edinburgh Craft Shop,Class 2,Class 4,Class 4,Class 1,23-25 SLATEFORD ROAD,EH11 1PA,6221
323296.5585,672102.9092,ladies & mens clothing,Bespoke Tailor,Class 4,Vacant,Class 1,Class 1,33 SLATEFORD ROAD,EH11 1PA,6222
323292.6492,672099.8377,signmakers,The Sign Shop,Class 1,Class 4,Class 4,Class 4,37 SLATEFORD ROAD,EH11 1PA,6223
323190.7662,672021.8638,vacant,formerly Scotia UK,Class 1,Class 2,Class 1,Vacant,39-41 SLATEFORD ROAD,EH11 1PR,6224
323187.4154,672019.3508,hairdresser,Angel,Class 1,Class 1,Class 1,Class 1,45 SLATEFORD ROAD,EH11 1PR,6225
323183.9808,672016.2861,n/t/c,Ramzan & Sons,Class 1,Class 4,Class 1,Class 1,47 SLATEFORD ROAD,EH11 1PR,6226
323177.0,672010.4223,dental surgery,Slateford Dental Care, , ,Class 2,Class 2, , ,6227
323171.6946,672005.954600001,hairdresser,Just Alans,Class 1,Class 1,Class 1,Class 1,55 SLATEFORD ROAD,EH11 1PR,6228
323169.1816,672003.441500001,vacant,formerly Shandon Place Sub Post Office,Class 1,Class 1,Class 1,Vacant,57 SLATEFORD ROAD,EH11 1PR,6229
323166.11,672000.6492,hot food take-away (Chinese),connected to Taste Good restaurant,Class 1,SUI GENERIS,Vacant,SUI GENERIS,59 SLATEFORD ROAD,EH11 1PR,6230
326378.5073,672473.8455,hot food take-away,Potatoland,SUI GENERIS,SUI GENERIS,SUI GENERIS,SUI GENERIS,"82 CLERK STREET, SOUTH",EH8 9PT,6231
326381.7223,672465.9541,musical instruments (drums),Zetlander (opening 2010),Class 1,Class 1,Class 1,Class 1,"84 CLERK STREET, SOUTH",EH8 9PT,6232
326385.2464,672458.645099999,deli (Polish),Bona Deli,Class 1,Class 1,Class 1,Class 1,"86 CLERK STREET, SOUTH",EH8 9PT,6233
326387.5845,672453.968699999,letting agent,International Phone Booth / CPM Edinburgh Letting Agency,Class 1,Class 1,Vacant,Class 2,"88 CLERK STREET, SOUTH",EH8 9PT,6234
326389.6305,672449.876800001,charity shop,SANDS Lothian,Class 1,Class 1,Class 1,Class 1,"92 CLERK STREET, SOUTH",EH8 9PT,6235
326391.3841,672445.785,hairdresser,McKenzie Knight,Class 1,Class 1,Class 1,Class 1,"94 CLERK STREET, SOUTH",EH8 9PT,6236
326393.1378,672441.985400001,take-away food,Snacks,Class 1,Class 1,Class 1,Class 1,"94A CLERK STREET, SOUTH",EH8 9PT,6237
326395.2923,672436.014599999,hot food take-away (Chinese),Hung Lam,Class 3,SUI GENERIS,SUI GENERIS,SUI GENERIS,"96 CLERK STREET, SOUTH",EH8 9PT,6238
326397.3382,672431.0459,carpets,G & C Carpets,Class 1,Class 1,Class 1,Class 1,"98 CLERK STREET, SOUTH",EH8 9PT,6239
325997.2464,673300.137800001,public house,The Captain's Bar,SUI GENERIS,SUI GENERIS,SUI GENERIS,SUI GENERIS,"4 COLLEGE STREET, SOUTH",EH8 9AA,6240
323163.1623,671998.0908,bin store,connected to Taste Good restaurant,Class 2,Vacant,Vacant,Class 1,61 SLATEFORD ROAD,EH11 1PR,6241
323159.5323,671995.2985,food preparation,connected to Taste Good restaurant,SUI GENERIS,SUI GENERIS,Vacant,Class 1,65 SLATEFORD ROAD,EH11 1PR,6242
323151.7208,671988.980799999,restaurant (Chinese),Taste Good Restaurant, , ,Class 3,Class 3,67-75 SLATEFORD ROAD,EH11 1PR,6243
323142.7854,671980.3246,wine merchant,Thresher Wine Shop,Class 1,Class 1,Class 1,Class 1,77 SLATEFORD ROAD,EH11 1PR,6244
323030.699,671892.6866,restaurant (Chinese),I-Ching, , ,Class 3,Class 3,81-83 SLATEFORD ROAD,EH11 1QR,6245
323023.2289,671888.144400001,property maintenance,Paragon Trade Services,Class 1,Class 1,Class 2,Class 4,85 SLATEFORD ROAD,EH11 1QR,6246
323018.3134,671883.8433,café & take-away food,Olly's,Class 1,Class 3,Class 1,Class 3,87 SLATEFORD ROAD,EH11 1QR,6247
323012.169,671878.9278,bicycles,Freewheelin',Class 2,Class 1,Class 1,Class 1,91 SLATEFORD ROAD,EH11 1QR,6248
322946.1444,671822.420700001,public house,Gray's Mill,SUI GENERIS,SUI GENERIS,SUI GENERIS,SUI GENERIS,101-105 SLATEFORD ROAD,EH11 1QY,6249
322938.1567,671815.661900001,vacant,vacant, , ,Class 1,Vacant,107 SLATEFORD ROAD,EH11 1QY,6250
322929.5546,671807.6743,hot food take-away,Jacob's,SUI GENERIS,SUI GENERIS,Vacant,SUI GENERIS,109 SLATEFORD ROAD,EH11 1QY,6251
322920.9525,671799.0722,baker,R. & J. Malone,Class 1,Class 1,Class 1,Class 1,113-115 SLATEFORD ROAD,EH11 1QY,6252
322912.9648,671791.698999999,betting shop,Scotbet,Class 2,Class 2,Class 2,Class 2,119 SLATEFORD ROAD,EH11 1QY,6253
322868.3856,671740.216499999,hairdresser,Doll's House,Vacant,Class 1,Class 1,Class 1,143 SLATEFORD ROAD,EH14 1NW,6254
322863.4701,671734.0722,furniture removal,Kerr's Removals,Class 4,Class 2,Class 2,Class 2,145 SLATEFORD ROAD,EH14 1NW,6255
322856.7113,671725.470100001,vacant,vacant,Vacant,Class 4,Vacant,Vacant,147 SLATEFORD ROAD,EH14 1NW,6256
322852.4102,671718.096899999,hot food take-away,Hot Pot,SUI GENERIS,SUI GENERIS,SUI GENERIS,SUI GENERIS,149 SLATEFORD ROAD,EH14 1NW,6257
322886.169,671605.059800001,clothing,Matalan,Class 1,Vacant,Class 4,Class 1,155 SLATEFORD ROAD,EH14 1NZ,6258
322552.2764,671274.1567,petrol filling station & shop,B.P. (M&S Simply Food), , ,Class 1,Class 1,187 SLATEFORD ROAD,EH11 1PU,6259
322244.0674,670930.988500001,hot food take-away (pizza),Dominos, , ,SUI GENERIS,SUI GENERIS,134-136 SLATEFORD ROAD,EH14 1LR,6260
322240.2165,670923.321900001,hairdresser & beauty salon,Studio Hair & Beauty,Class 1,Class 1,Vacant,Class 1,138 SLATEFORD ROAD,EH14 1LR,6261
326839.7623,675236.476199999,printers,Paragon Print Co.,Class 1,Class 1,Vacant,Class 4,42A SLOAN STREET,EH6 8RQ,6262
325954.6886,673639.546700001,hotel bar,Bank Hotel,Class 2,SUI GENERIS,SUI GENERIS,SUI GENERIS,1-3 SOUTH BRIDGE,EH1 1LL,6263
325956.1545,673625.7996,public house,Whistle Binkies,SUI GENERIS,SUI GENERIS,SUI GENERIS,SUI GENERIS,(4A) SOUTH BRIDGE,EH1 1LL,6264
325958.2004,673619.3695,restaurant & hot food take-away,Pizza Paradise,Class 3,Class 3,Class 3,Class 3,4-6 SOUTH BRIDGE,EH1 1LL,6265
325962.43,673603.231799999,hot food take away,Subway,Class 1,Class 1,Vacant,SUI GENERIS,10 SOUTH BRIDGE,EH1 1LL,6266
325953.7536,673538.8914,clothing and assessories,Yekta,Class 1,Class 1,SUI GENERIS,Class 1,96 SOUTH BRIDGE,EH1 1HN,6267
325952.0459,673544.753599999,amusement centre,Slot Casino,Class 1,Class 1,Class 1,Class 11,97-99 SOUTH BRIDGE,EH1 1HN,6268
325946.785,673564.0437,mixed durable goods,Poundstretcher,Class 1,Class 1,Class 1,Class 1,98-106 SOUTH BRIDGE,EH1 1HN,6269
325941.215,673588.599099999,"clothing, gifts, household goods",The Scotland Shop,Class 1,Class 1,Class 1,Class 1,107-108 SOUTH BRIDGE,EH1 1HN,6270
324804.0439,673729.431299999,building society,Dunfermline Building Society, , ,Class 2,Class 2,"3 CHARLOTTE STREET, SOUTH",EH2 4AN,6271
324797.4029,673763.8177,restaurant (Spanish),La Tasca Spanish Tapas Bar & Restaurant, , ,Class 3,Class 3,"9 CHARLOTTE STREET, SOUTH",EH2 4AS,6272
324768.35,673731.3693,public house,Edwards,Class 3,Class 3,SUI GENERIS,SUI GENERIS,"4 CHARLOTTE STREET, SOUTH",EH2 4AW,6273
326310.0627,672693.384099999,grocer,AA Bargain Store,Class 1,Class 1,Class 1,Class 1,"1 CLERK STREET, SOUTH",EH8 9JD,6274
326312.4009,672688.707699999,vacant,vacant,Class 1,Class 1,Class 1,Vacant,"3 CLERK STREET, SOUTH",EH8 9JD,6275
326315.0313,672684.3236,vacant,vacant,Class 1,Class 1,Vacant,Vacant,"7 CLERK STREET, SOUTH",EH8 9JD,6276
326317.0773,672680.231799999,baker,Greggs,Class 1,Class 1,Class 1,Class 1,"9 CLERK STREET, SOUTH",EH8 9JD,6277
326320.0627,672673.8455,charity shop,Cancer Research,Vacant,Class 1,Class 1,Class 1,"11 CLERK STREET, SOUTH",EH8 9JD,6278
326322.4009,672668.5845,launderette,Cleaning Centre,Class 1,Class 1,Class 1,Class 1,"13-13A CLERK STREET, SOUT",EH8 9JD,6279
326324.7391,672663.615900001,hairdresser,KHD,Class 1,Class 1,Class 1,Class 1,"17 CLERK STREET, SOUTH",EH8 9JD,6280
326326.4927,672658.354900001,printers,Pace Print,Class 4,Class 4,Class 4,Class 4,"19 CLERK STREET, SOUTH",EH8 9JD,6281
326330.9854,672651.753599999,money lenders,Cash Converters,Class 1,Class 1,Class 1,Class 2,"21 CLERK STREET, SOUTH",EH8 9JD,6282
326333.3236,672645.908199999,restaurant,The Newington Traditional Fish Bar,Class 1,Class 1,Vacant,Class 3,"23 CLERK STREET, SOUTH",EH8 9JD,6283
326335.6618,672639.770400001,take-away food,Baguette to go,Class 1,Class 1,Class 1,Class 1,"27 CLERK STREET, SOUTH",EH8 9JD,6284
326342.0773,672633.2777,stationery,Newington Staioners,Class 11,Class 1,Class 1,Class 1,"29 CLERK STREET, SOUTH",EH8 9JD,6285
326352.8936,672602.229599999,"DVD, computer games hire",Blockbuster,Class 1,Class 1,Class 1,Class 1,"31-35 CLERK STREET, SOUTH",EH8 9NZ,6286
326357.8622,672587.615900001,confectionery,Choco Latte,Class 1,Class 1,Class 1,Class 1,"39 CLERK STREET, SOUTH",EH8 9NZ,6287
326360.6931,672581.123199999,post office,Post Office,Class 1,Class 1,Class 1,Class 1,"41 CLERK STREET, SOUTH",EH8 9NZ,6288
326376.4781,672547.0,tanning studio,Body Bronzing, , ,Class 11,Class 11,"43-43A CLERK STREET, SOUT",EH8 9NZ,6289
326378.8163,672542.3236,hot food take-away,Chilli Connection,Class 1,Class 3,SUI GENERIS,SUI GENERIS,"47 CLERK STREET, SOUTH",EH8 9NZ,6290
326380.8622,672537.9395,bric-a-brac,Le Chariot Express Shop,Class 1,Class 1,Class 1,Class 1,"47A CLERK STREET, SOUTH",EH8 9NZ,6291
326385.0627,672528.242000001,"delicatessen, wine merchant, café",Peckhams,Class 1,Class 3,Class 1,Class 1,"49-49A CLERK STREET, SOUT",EH8 9NZ,6292
326398.215,672500.768200001,bank,Bank of Scotland / HBOS,Class 1,Class 2,Class 2,Class 2,"51-53 CLERK STREET, SOUTH",EH8 9PP,6293
326404.3528,672488.492699999,sports equipment & clothing,The Tri Centre,Class 1,Class 1,Class 1,Class 1,"57-59 CLERK STREET, SOUTH",EH8 9PP,6294
326408.9854,672480.014599999,musical instruments,Drum Central, , ,Class 1,Class 1,"61 CLERK STREET, SOUTH",EH8 9PP,6295
325463.9589,672132.1536,vacant,vacant,Vacant,Class 2, ,Vacant,2-6 SPOTTISWOODE ROAD,EH9 1BQ,6296
327250.6432,674199.188899999,builders,Forbes Davidson & Co. Ltd.,Class 1,Class 4,Class 4,Class 4,102 SPRING GARDENS,EH8 8EY,6297
327241.2469,674204.113600001,n/t/c,R.F. Newsagents,Class 1,Class 1,Class 1,Class 1,110 SPRING GARDENS,EH8 8EY,6298
327237.416,674205.963,vacant,vacant,Vacant,Vacant,Vacant,Vacant,112 SPRING GARDENS,EH8 8EY,6299
327231.7358,674208.604900001,vacant,vacant,Class 1,Class 1,Class 2,Vacant,116 SPRING GARDENS,EH8 8EY,6300
327228.5654,674210.058,hot food take away (Chinese),Eating Plus,Class 1,Class 1,Class 1,SUI GENERIS,118 SPRING GARDENS,EH8 8EY,6301
326412.4927,672472.123199999,tanning studio,The Tan Stand,Class 1,Class 1,Class 11,Class 11,"65A CLERK STREET, SOUTH",EH8 9PP,6302
326415.7077,672464.816299999,public house,The Abbey,SUI GENERIS,SUI GENERIS,SUI GENERIS,SUI GENERIS,"65-67 CLERK STREET, SOUTH",EH8 9PP,6303
326419.7391,672454.1691,café,Newington Coffee Shop,Class 1,Class 1,Class 3,Class 3,"69 CLERK STREET, SOUTH",EH8 9PP,6304
326427.0773,672438.785,grocer / convenience store,Your Store, , ,Class 1,Class 1,"73-75 CLERK STREET, SOUTH",EH8 9PP,6305
326305.215,672637.4614,office,Queen's Hall (office),Class 1,Class 1,Class 4,Class 4,"2 CLERK STREET, SOUTH",EH8 9JE,6306
326308.2923,672631.014599999,computer equipment,User 2 Computers,Class 2,Vacant,Class 1,Class 1,"4 CLERK STREET, SOUTH",EH8 9JE,6307
326310.9227,672625.4614,hairdresser,JFK,Class 1,Class 1,Class 1,Class 1,"8-8A CLERK STREET, SOUTH",EH8 9JE,6308
326313.5073,672618.753599999,solicitors / estate agent,Valente McCombie & Hunters,Class 2,Class 2, ,Class 2,"10 CLERK STREET, SOUTH",EH8 9JE,6309
326326.9687,672591.507300001,hot food take-away,Papa John's Pizza,Class 4,SUI GENERIS,SUI GENERIS,SUI GENERIS,"12 CLERK STREET, SOUTH",EH8 9PR,6310
326329.0146,672586.246400001,hairdresser (gents),Metro Barbers,Class 1,Class 1,Class 1,Class 1,"14 CLERK STREET, SOUTH",EH8 9PR,6311
326331.7536,672578.507300001,take-away food,Olive,Class 1,Class 1,Vacant,Class 1,"18 CLERK STREET, SOUTH",EH8 9PR,6312
326333.215,672574.707699999,charity shop / café,Himalaya,Class 1,Class 1,Vacant,Class 1,"20 CLERK STREET, SOUTH",EH8 9PR,6313
326334.5532,672570.338199999,public house,The Southern Bar,SUI GENERIS,SUI GENERIS,SUI GENERIS,SUI GENERIS,"22-26 CLERK STREET, SOUTH",EH8 9PR,6314
326336.5532,672565.507300001,shoe repairs / key cutting,Cobblers Key,Class 1,Class 1,Class 1,Class 1,"30 CLERK STREET, SOUTH",EH8 9PR,6315
326337.7223,672562.292300001,letting agent,ELS (Edinburgh Letting Solutions),Class 1,Class 1,Vacant,Class 2,"32 CLERK STREET, SOUTH",EH8 9PR,6316
326339.1837,672559.3695,hairdresser & beauty salon,Cube Hair & Beauty,Class 1,Vacant,Class 1,Class 1,"34 CLERK STREET, SOUTH",EH8 9PS,6317
326349.5845,672538.905999999,dancing outfits,Dancia, ,Vacant,Vacant,Class 1,"42 CLERK STREET, SOUTH",EH8 9PS,6318
326351.9227,672532.183700001,hot food take-away (Indian),K2,SUI GENERIS,SUI GENERIS,SUI GENERIS,SUI GENERIS,"44 CLERK STREET, SOUTH",EH8 9PS,6319
326353.3841,672528.6764,hot food take-away,Esha's,Class 1,SUI GENERIS,SUI GENERIS,SUI GENERIS,"46 CLERK STREET, SOUTH",EH8 9PS,6320
326354.8455,672525.4614,vacant,vacant,Class 1,Class 1,Class 1,Vacant,"50-54 CLERK STREET, SOUTH",EH8 9PS,6321
326358.1378,672518.507300001,hot food take-away,Noor Take-Away,Class 1,Class 1,SUI GENERIS,SUI GENERIS,"56 CLERK STREET, SOUTH",EH8 9PS,6322
326360.0459,672513.7223,wholesale and retail foods,Ala Foods,Class 1,Class 1,Class 1,Class 1,"58 CLERK STREET, SOUTH",EH8 9PS,6323
326361.7996,672509.922700001,"second-hand records, tapes",Hoggs Head,Class 1,Class 1,Class 1,Class 1,"62 CLERK STREET, SOUTH",EH8 9PS,6324
326363.8455,672505.8309,hair and Beauty,Colours,Class 1,Class 1,Class 1,Class 1,"64 CLERK STREET, SOUTH",EH8 9PS,6325
326368.2923,672494.8455,grocer,Kamco, , ,Class 1,Class 1,"66-68 CLERK STREET, SOUTH",EH8 9PS,6326
326371.7996,672486.077299999,grocer,Fresh Choice,Class 1,Class 1,Class 1,Class 1,"72 CLERK STREET, SOUTH",EH8 9PT,6327
326373.6931,672481.5386,restaurant (Chinese),Dragon Way,SUI GENERIS,Class 3,Class 3,Class 3,"74-78 CLERK STREET, SOUTH",EH8 9PT,6328
325991.8768,673299.215,University of Edinburgh,University of Edinburgh,Vacant,Vacant, ,Class 2,"6 COLLEGE STREET, SOUTH",EH8 9AA,6329
325986.9082,673297.4614,University of Edinburgh,University of Edinburgh,SUI GENERIS,Class 2, ,Class 2,"7-8 COLLEGE STREET, SOUTH",EH8 9AA,6330
325980.2923,673295.922700001,Russian Culture Centre,Scotland Russia Institute,Class 4,Class 4, ,Class 2,"9 COLLEGE STREET, SOUTH",EH8 9AA,6331
325975.9082,673294.1691,restaurant,Saffrani,Class 1,Vacant,Class 3,Class 3,"11 COLLEGE STREET, SOUTH",EH8 9AA,6332
326250.7725,676314.0635,public house,Village Inn,SUI GENERIS,SUI GENERIS,SUI GENERIS,SUI GENERIS,"16 FORT STREET, SOUTH",EH6 4DN,6333
322546.3667,674625.550899999,restaurant & hot food take-away,Kentucky Fried Chicken (KFC), , ,Class 3,Class 3,22 SOUTH GROATHILL AVENUE,EH4 2LN,6334
322628.0,674600.8829,baby goods,Mamas & Papas Ltd., , ,Class 1,Class 1,22B SOUTH GROATHILL AVENU,EH4 2LN,6335
322630.2387,674628.1995,mixed durable goods,Boots, ,Class 1,Class 1,Class 1,24 SOUTH GROATHILL AVENUE,EH4 2LN,6336
322634.653,674660.865499999,mixed durable goods (catalogue store),Argos, ,Class 1,Class 1,Class 1,26 SOUTH GROATHILL AVENUE,EH4 2LN,6337
322637.3016,674684.7028,electrical goods,Currys, ,Class 1,Class 1,Class 1,28-30 SOUTH GROATHILL AVE,EH4 2LN,6338
322640.8331,674726.1974,ladies & mens clothing,TK Maxx, ,Class 1,Class 1,Class 1,32 SOUTH GROATHILL AVENUE,EH4 2LN,6339
322594.0413,674766.8092,d.i.y.,Homebase, ,Class 1,Class 1,Class 1,36 SOUTH GROATHILL AVENUE,EH4 2LN,6340
322546.3667,674770.340600001,sports clothing & equipment,JJB Sports, ,Class 1,Class 1,Class 1,38 SOUTH GROATHILL AVENUE,EH4 2LN,6341
322512.8178,674728.846000001,large mixed durable + food,Marks & Spencer, , , ,Class 1,40-42 SOUTH GROATHILL AVE,EH4 2LN,6342
318884.2421,671515.0474,vacant,vacant, , ,Class 3,Vacant,17F/4 SOUTH GYLE CRESCENT,EH12 9EB,6343
318893.8628,671516.8046,n/t/c,Gyle News, , ,Vacant,Class 1,17F/3 SOUTH GYLE CRESCENT,EH12 9EB,6344
318903.4836,671518.476199999,baker,Gregs, , ,Class 1,Class 1,17F/2 SOUTH GYLE CRESCENT,EH12 9EB,6345
318912.033,671520.0187,hairdresser & nail salon,Gyle Style, , ,Class 1,Class 1,17F/1 SOUTH GYLE CRESCENT,EH12 9EB,6346
319062,672136,grocer,n/a, , ,Class 1,Class 1,135 SOUTH GYLE MAINS,EH12 9HU,6347
312745.0,670923.6118,sports equipment & clothing,Graham Tiso, , ,Class 1,Class 1,1(A) SOUTH PLATT HILL,EH28 8AA,6348
325709.325,673999.274900001,restaurant & hot food take-away,McDonalds, , ,Class 3,Class 3,"3-5 ST. ANDREW STREET, SO",EH2 2AU,6349
325705.2,674013.8004,public house,Burns Bothy,SUI GENERIS,SUI GENERIS,SUI GENERIS,SUI GENERIS,"7 ST. ANDREW STREET, SOUT",EH2 2AU,6350
325699.5751,674034.950099999,betting shop,Scotbet, ,Class 1,Class 1,Class 2,"15-17 ST. ANDREW STREET,",EH2 2AU,6351
325697.3251,674042.375,"souvenirs, gifts",The Pride of Scotland,Class 1,Class 1,Class 1,Class 1,"19 ST. ANDREW STREET, SOU",EH2 2AU,6352
325673.475,674006.65,hairdresser,Charlie Miller, ,Class 1,Class 1,Class 1,"8 ST. ANDREW STREET, SOUT",EH2 2AZ,6353
325670.225,674018.25,restaurant (Chinese),Saigon Saigon, , ,Class 3,Class 3,"14 ST. ANDREW STREET, SOU",EH2 2AZ,6354
325667.3,674028.0,bank,Barclays, , ,Class 2,Class 2,"16(GF) ST. ANDREW STREET,",EH2 2AZ,6355
325580.0503,673980.6252,vacant,vacant,SUI GENERIS,SUI GENERIS,SUI GENERIS,Vacant, , ,6356
325578.0254,673988.2751,vacant,vacant,Class 1,Class 1,Class 1,Vacant, , ,6357
325576.075,673994.199999999,vacant,vacant,Vacant,Class 1,Class 1,Vacant, , ,6358
325574.2751,674000.7249,vacant,vacant, , ,Class 1,Vacant, , ,6359
324604.6551,676376.2686,chemist,L.E. Hartley,Class 1,Class 1,Class 1,Class 1,37 SOUTH TRINITY ROAD,EH5 3PN,6360
324602.9237,676383.5788,grocer (lic.),A & A Stores,Class 1,Class 1,Class 1,Class 1,41 SOUTH TRINITY ROAD,EH5 3PN,6361
324728.0181,676038.267200001,"ornaments, gifts & greeting cards",Classic Collections,Class 1,Class 1,Class 1,Class 1,4 SOUTH TRINITY ROAD,EH5 3NR,6362
324726.3141,676043.3791,hairdresser (ladies & gents),Joseph Quigley,Class 1,Class 1,Class 1,Class 1,8 SOUTH TRINITY ROAD,EH5 3NR,6363
324725.2491,676048.278000001,"fabrics, soft furnishings, curtain making etc.",Miss Sew N Sew,Class 1,Vacant,Vacant,Class 1,10 SOUTH TRINITY ROAD,EH5 3NR,6364
324722.4586,676058.124299999,take-away food,Good Food,Class 1,Class 1,Class 1,Class 1,14 SOUTH TRINITY ROAD,EH5 3NR,6365
324721.4468,676063.183499999,hairdresser (ladies & gents),Russman Hair Design,Class 1,Class 1,Class 1,Class 1,16 SOUTH TRINITY ROAD,EH5 3NR,6366
324720.0976,676068.2426,chiropodist / podiatrist,Mary O'Sullivan,Class 1,Vacant,Class 2,Class 2,18 SOUTH TRINITY ROAD,EH5 3NR,6367
329890.5276,672788.4823,dental surgery,Dental Surgery,Class 2,Class 2,Class 2,Class 2, , ,6368
329889.3957,672803.196900001,funeral directors,M&F Funeral Services,Class 2,Class 2,Vacant,Class 1,12-16 SOUTHFIELD LOAN,EH15 1QR,6369
330202.4169,673554.6873,grocer & n/t/c,Southfield Stores,Class 1,Class 1,Class 1,Class 1,16 SOUTHFIELD PLACE,EH15 1LZ,6370
327779.5144,668173.4191,grocer (lic.) / post office,Key Store / Gracemount Post Office (Broadway Supermarket),Class 1,Class 1,Class 1,Class 1,3 SOUTHHOUSE BROADWAY,EH17 8DR,6371
327783.0953,668165.5809,hot food take-away,Spicy Hut,Class 1,Class 1,Class 1,SUI GENERIS,5 SOUTHHOUSE BROADWAY,EH17 8DR,6372
325065.7122,675192.6449,solarium,Tanz,Class 11,Class 11,Class 11,Class 11,1 SUMMER PLACE,EH3 5NR,6373
325167.739,674084.6745,optician,Eyes,Class 1,Vacant,Class 1,Class 1,63 THISTLE STREET,EH2 1DY,6374
325162.9355,674083.566,sandwich bar,Thistle Sandwich Bar,SUI GENERIS,Class 1,Class 1,Class 1,67 THISTLE STREET,EH2 1DY,6375
325292.1965,674102.739,designer accessories,Covet,Class 1,Class 1,Class 1,Class 1,20 THISTLE STREET,EH2 1EN,6376
325283.261,674100.434,ladies clothing,Basler,Class 4,Class 4,Class 1,Class 1,22 THISTLE STREET,EH2 1EN,6377
325222.1085,674082.8475,kilts,21st Century Kilts,Class 1,Class 1,Class 1,Class 1,48 THISTLE STREET,EH2 1EN,6378
325213.6305,674080.8475,lingerie,Jane Davidson,Class 1,Class 1,Class 1,Class 1,50(GF)-52 THISTLE STREET,EH2 1EN,6379
325195.6541,674075.478,restaurant,Fishers in the City, , ,Class 3,Class 3,58 THISTLE STREET,EH2 1EN,6380
325184.956,674072.956,"clothing alterations, tailoring",Tailors,Class 1,Class 1,Class 1,Class 1,60 THISTLE STREET,EH2 1EN,6381
325178.305,674071.1085,restaurant (Mexican),Tex Mex,SUI GENERIS,Class 3,Class 3,Class 3,64 THISTLE STREET,EH2 1EN,6382
325168.4135,674068.1085,hairdresser,Pride Hair and Beauty,Class 1,Class 4,Class 1,Class 1,66-68 THISTLE STREET,EH2 1EN,6383
325154.739,674064.0645,jeweller,Joseph Bonnar,Class 1,Class 1,Class 1,Class 1,72 THISTLE STREET,EH2 1EN,6384
325149.566,674062.217,café,Cafe Marlayne,Class 1,Class 3,Class 3,Class 3,76 THISTLE STREET,EH2 1EN,6385
325153.3695,674102.457599999,restaurant,Café St. Honore, , ,Class 3,Class 3,"34 THISTLE STREET LANE,,",EH2 1EA,6386
327069.7623,675540.380799999,roofing contractors,McKenzie & Flynn,Class 1,Class 4, ,Class 4,5-7 THORNTREE STREET,EH6 8PY,6387
326992.8935,676374.5787,architects,Dignan Read Dewar Architects,Class 4,Class 4,Class 4,Class 4,3 TOLBOOTH WYND,EH6 6DN,6388
326995.8426,676370.365599999,accountants,Carmichael Stewart,Class 1,Class 1,Class 2,Class 2,7-9 TOLBOOTH WYND,EH6 6DN,6389
324279.4494,673254.6821,hair & beauty,Indigo,Class 2,Class 1,Class 1,Class 1,19 TORPHICHEN PLACE,EH3 8DY,6390
324255.63,673290.473999999,hot food take-away (Indian),Spice-tacular,Class 3,SUI GENERIS,SUI GENERIS,SUI GENERIS,6 TORPHICHEN PLACE,EH3 8DU,6391
324255.4436,673276.2905,public house,DV's,SUI GENERIS,SUI GENERIS,SUI GENERIS,Vacant,8 TORPHICHEN PLACE,EH3 8DU,6392
326089.0,676277.3791,public house,Lord Nelson,SUI GENERIS,SUI GENERIS,SUI GENERIS,SUI GENERIS,8 TRAFALGAR STREET,EH6 4DG,6393
327785.2572,668160.4191,betting shop,Ladbrokes,Class 2,Class 2,Class 2,Class 2,7 SOUTHHOUSE BROADWAY,EH17 8DR,6394
327697,667859,church,Burdiehouse and Southhouse Community Church,Class 1,Class 1,Class 1,Class 2,47 SOUTHHOUSE BROADWAY,EH17 8AS,6395
327694,667854,n/t/c,Evening Newsagents,Class 1,Class 1,Class 1,Class 1,49 SOUTHHOUSE BROADWAY,EH17 8AS,6396
327744.7716,668155.8093,public house,Waverley Inn,SUI GENERIS,SUI GENERIS,SUI GENERIS,SUI GENERIS,8 SOUTHHOUSE BROADWAY,EH17 8HG,6397
327707,667855,hot food takeaway,Wonderful Place,Vacant,SUI GENERIS,SUI GENERIS,SUI GENERIS,40 SOUTHHOUSE ROAD,EH17 8EW,6398
327714,667849,grocer,Mace, , ,Class 1,Class 1,42-44 SOUTHHOUSE ROAD,EH17 8EW,6399
326345.4119,675257.0019,grocer (lic.),The Corner Store,Class 1,Class 1,Class 1,Class 1,26 SPEY TERRACE,EH7 4PL,6400
324911.001,673200.747500001,betting shop,Scotbet,Class 2,Class 2,Class 2,Class 2,1 SPITTAL STREET,EH3 9DY,6401
324917.504,673203.999,ladies clothes,Aquarius,Vacant,Class 1,Vacant,Class 1,3 SPITTAL STREET,EH3 9DY,6402
324922.0062,673209.001399999,public house,Footlights,SUI GENERIS,SUI GENERIS,SUI GENERIS,SUI GENERIS,7 SPITTAL STREET,EH3 9DY,6403
324940.0038,673233.0,office,Artlink,Class 1,Class 4,Class 2,Class 4,13A SPITTAL STREET,EH3 9DY,6404
324948.0033,673245.7513,furniture workshop,Remus,Vacant,Class 1,Class 1,Class 1,17-19 SPITTAL STREET,EH3 9DY,6405
324953.747,673205.001,n/t/c,GT2,Class 1,Class 1,Class 1,Class 1,4 SPITTAL STREET,EH3 9DX,6406
324956.7494,673209.505000001,vacant,vacant,Class 1,Class 11, ,Vacant,8-10 SPITTAL STREET,EH3 9DX,6407
321438.1974,669000.3948,public house,The Spylaw Tavern,SUI GENERIS,SUI GENERIS,SUI GENERIS,SUI GENERIS,27 SPYLAW STREET,EH13 0JT,6408
321376,668972,office (political),Edinburgh South West Conservatives,Class 2,Class 2,Vacant,Class 2,20 SPYLAW STREET,EH13 0JX,6409
321459.4772,669009.4078,architects,Novo,Class 1,Class 1, ,Class 4,30 SPYLAW STREET,EH13 0JT,6410
324469.6479,673622.2958,hairdresser,Charlie Miller,Class 1,Class 1,Class 1,Class 1,13B STAFFORD STREET,EH3 7BR,6411
324445.8623,673651.2347,ladies clothing,Mrs Smith, , ,Class 1,Class 1,17 STAFFORD STREET,EH3 7BJ,6412
324426.0203,673678.137700001,office,Vialex,Class 3,UNKNOWN USE, ,Class 4,27A-29A STAFFORD STREET,EH3 7BJ,6413
324479.097,673571.489800001,hearing aids,House of Hearing,Class 2,Class 2,Class 2,Class 2,2B STAFFORD STREET,EH3 7AU,6414
324473.5869,673579.7246,sandwich bar,O'Brien's, , ,Class 1,Class 1,4 STAFFORD STREET,EH3 7AU,6415
324468.5869,673584.979699999,"greeting cards, gifts",Paper Tiger, , ,Class 1,Class 1,6(1F) STAFFORD STREET,EH3 7AU,6416
324465.2144,673588.489800001,"greeting cards, gifts",Paper Tiger, , ,Class 1,Class 1,6(GF)-8(GF) STAFFORD STRE,EH3 7AU,6417
324460.3725,673593.3928,"homeware, decorative goods",Studio One, , ,Class 1,Class 1,8(BF)-14 STAFFORD STREET,EH3 7AU,6418
324450.6072,673606.2347,solicitor and estate agent,David Johnston &Co,Class 4,Class 1,Class 2,Class 2,14 STAFFORD STREET,EH3 7AU,6419
324446.9797,673612.627499999,ladies clothing,Frontiers, , ,Class 1,Class 1,16 STAFFORD STREET,EH3 7AU,6420
324443.2551,673616.3521,"fabrics, wallpapers, furnishings",Remus,Class 1,Class 1,Class 1,Class 1,16A-16B STAFFORD STREET,EH3 7AU,6421
324431.7246,673631.489800001,ladies clothing,Sam Thomas,Class 1,Class 1,Class 1,Class 1,18 STAFFORD STREET,EH3 7BD,6422
324419.9797,673645.3521,capital management,Aubrey,Class 3,Class 4,Class 2,Class 4,22 STAFFORD STREET,EH3 7BD,6423
324415.6072,673651.6072,restaurant (Thai),Songkran,Class 3,Class 3,Class 3,Class 3,24A STAFFORD STREET,EH3 7BD,6424
325618.5146,676810.7952,roofing contractors,Advanced Roofing Penplaid Ltd,Class 4,Class 4,Class 4,Class 4,2 STANLEY ROAD,EH6 4SJ,6425
325614.2307,676809.693499999,antiques,Trinity Curios,Vacant,Class 1,Class 1,Class 1,4-6 STANLEY ROAD,EH6 4SJ,6426
325607.5387,676807.6176,plumbers & heating engineers,James Munro & Son,Class 4,Class 4,Class 4,Class 4,8 STANLEY ROAD,EH6 4SJ,6427
325328.5388,677001.7159,baker (retail & wholesale),Masons Home Bakery,Class 1,Class 1,Class 1,Class 1,1-1A STARBANK ROAD,EH5 3BN,6428
325229.369,676996.269400001,dwelling,dwelling,Class 1,Class 2,Class 2,Class 9, , ,6429
325218.4612,676994.630999999,dwelling,dwelling,Class 4,Class 4,Class 4,Class 9, , ,6430
320205,672877,hairdresser,Salon Nouveau,Class 1,Class 1,Class 1,Class 1,3 STATION ROAD,EH12 7AA,6431
320203.9749,672870.677100001,coffee shop,Café Citro,Class 3,Class 3,Class 3,Class 3,5-7 STATION ROAD,EH12 7AA,6432
312586.4036,674555.895199999,grocer / convenience store,Scotmid,Class 1,Class 1,Class 1,Class 1,1-5 STATION ROAD,EH29 9BE,6433
313178.7449,672455.4899,grocer,Vic & Dot McLeod, , ,Class 1,Class 1,30 STATION ROAD,EH28 8PT,6434
321401.4392,671730.0561,n/t/c,Stenhouse Newsagents,Class 1,Class 1,Class 1,Class 1,1 STENHOUSE CROSS,EH11 3JY,6435
321394.0,671728.243000001,butcher,John Bain & Sons,Class 1,Class 1,Class 1,Class 1,2 STENHOUSE CROSS,EH11 3JY,6436
321386.6262,671727.4299,hairdresser,Brian Girdwood,Class 1,Class 1,Class 1,Class 1,3 STENHOUSE CROSS,EH11 3JY,6437
321351.243,671757.2991,chemist,Co-operative Pharmacy, , ,Class 1,Class 1,4-5 STENHOUSE CROSS,EH11 3JY,6438
321349.9907,671767.6262,hot food take-away,Ali's,Class 1,Class 1,SUI GENERIS,SUI GENERIS,6 STENHOUSE CROSS,EH11 3JY,6439
321375.6262,671802.009299999,hairdresser,K.H.M Hairdressing,Class 1,Class 1,Class 1,Class 1,7 STENHOUSE CROSS,EH11 3JU,6440
321383.0654,671803.9439,hot food take-away,SWS,Class 1,Class 1,Class 1,SUI GENERIS,8 STENHOUSE CROSS,EH11 3JU,6441
321390.5608,671804.383099999,hairdressers (gents),Redz Barbers,Class 1,Class 1,Class 1,Class 1,9 STENHOUSE CROSS,EH11 3JU,6442
321423.8224,671778.6916,n/t/c,n/a,Class 1,Class 1,Class 1,Class 1,10 STENHOUSE CROSS,EH11 3JU,6443
321426.1962,671771.495300001,grocer,Premier Store,Class 1,Class 1,Class 1,Class 1,11 STENHOUSE CROSS,EH11 3JU,6444
321426.5701,671764.065400001,hot food take-away,Dino's,SUI GENERIS,SUI GENERIS,SUI GENERIS,SUI GENERIS,12 STENHOUSE CROSS,EH11 3JU,6445
321639,671379,carpets,Saughton Mill Carpets, , ,Class 1,Class 1,5(A/1) STENHOUSE MILL LAN,EH11 3LR,6446
321759,671354,plumbing supplies,City Plumbing Supplies Holdings, ,Class 1,Class 2,Class 2,23 STENHOUSE MILL WYND,EH11 3XX,6447
321564,671446,petrol filling station & shop,Shell + Select Shop, , ,Class 1,Class 1,1 STENHOUSE ROAD,EH11 3LW,6448
322426,672371,vacant,vacant,Class 1,Class 1,Class 1,Vacant,45 STEVENSON ROAD,EH11 2SL,6449
322367,672165,furniture,Mackays,Class 1,Class 1,Class 1,Class 1,60 STEVENSON ROAD,EH11 2SG,6450
322511.7216,672330.773800001,car sales,Edward Labinjoh Car Sales,Class 1,Class 1,Class 1,SUI GENERIS,96 STEVENSON ROAD,EH11 2SJ,6451
321522.9318,674898.820499999,fitness studio,Personal Best Fitness,Class 4,Class 1,Vacant,Class 11,2 STRACHAN ROAD,EH4 3RE,6452
321522.5386,674893.179500001,hairdresser,Penny,Class 1,Class 1,Class 1,Class 1,4 STRACHAN ROAD,EH4 3RE,6453
325465.4267,671948.189300001,financial services,McCreath & Co.,Class 2,Class 2,Class 2,Class 2,20A STRATHEARN ROAD,EH9 2AB,6454
325472.0,671950.3607,Kitchen furniture & design services,Blueberry Kitchens,Class 1,Class 1,Class 1,Class 1,21 STRATHEARN ROAD,EH9 2AB,6455
325476.775,671951.319599999,beauty salon,Purity Beauty Clinic,Class 1,Class 1,Class 1,Class 1,21A STRATHEARN ROAD,EH9 2AB,6456
325483.0178,671953.455399999,bakers (speciality cakes),Have Your Cake & Eat It,Class 1,Class 1,Class 1,Class 1,21C STRATHEARN ROAD,EH9 2AB,6457
325486.9411,671954.964299999,coffee shop,Empire,Class 1,Class 1,Class 1,Class 3,21D STRATHEARN ROAD,EH9 2AB,6458
325063.5932,675196.3532,books & bookbinding,Edinburgh Bookcrafts,Class 1,Class 1,Vacant,Class 1,2 SUMMER PLACE,EH3 5NR,6459
325061.6488,675199.8215,musical instruments - pianos,Allan Makin & Sons, , ,Class 1,Class 1,4-5 SUMMER PLACE,EH3 5NR,6460
326268.2464,672443.6305,charity shop & café,Bethany Christian Trust,Class 4,Class 1,Class 1,Class 1,1-3 SUMMERHALL PLACE,EH9 1QE,6461
326270.0,672438.077299999,antiques,Suite Sale,Class 1,Class 1,Vacant,Class 1,7 SUMMERHALL PLACE,EH9 1QE,6462
326272.3382,672432.524,hot food take-away (Chinese),Summer Hall Kitchen,Class 1,SUI GENERIS,SUI GENERIS,SUI GENERIS,9 SUMMERHALL PLACE,EH9 1QE,6463
326274.8309,672426.4155,hot food take-away,Franco's Fish & Chip Shop,Vacant,SUI GENERIS,SUI GENERIS,SUI GENERIS,11 SUMMERHALL PLACE,EH9 1QE,6464
326276.2172,672422.2675,pottery,Meadows Pottery,Vacant,Class 1,Class 1,Class 1,11A SUMMERHALL PLACE,EH9 1QE,6465
326066.3131,676354.445,vacant,vacant,Class 1,Class 2,Vacant,Vacant,27 SUMMERSIDE PLACE,EH6 4NY,6466
327581.243,674286.0482,stonemason,Stonecraft Edinburgh, , ,Class 4,Class 4,3 LOWER LONDON ROAD,EH7 5TE,6467
325085.4226,675173.232799999,bric-a-brac,Duncan & Reid,Class 1,Class 1,Class 1,Class 1,5 TANFIELD,EH3 5DA,6468
325082.9643,675175.997,books,Aurora Books,Vacant,Class 2,Class 1,Class 1,6 TANFIELD,EH3 5DA,6469
325078.2406,675181.447000001,wigs & hairpieces / hairdresser,A & A Studios, , ,Class 1,Class 1,8-10 TANFIELD,EH3 5HF,6470
324955.2558,672780.999500001,restaurant & hot food take-away (Chinese),North China,Class 3,Class 3,Class 3,Class 3,3 TARVIT STREET,EH3 9LB,6471
324960.5083,672781.7499,vacant,vacant,Class 1,Class 1,Class 1,Vacant,7-9 TARVIT STREET,EH3 9LB,6472
324979.5017,672797.7499,public house,Burlington Bertie,SUI GENERIS,SUI GENERIS,SUI GENERIS,SUI GENERIS,11-13 TARVIT STREET,EH3 9LB,6473
325001.4998,672770.5021,vacant,vacant,Vacant,Class 1,Class 1,Vacant,2A TARVIT STREET,EH3 9JY,6474
326666.3144,676286.2092,undertakers,Dignity Funerals Ltd.,Class 1,Class 1,Class 1,Class 1,2B TAYLOR GARDENS,EH6 6TG,6475
326673.9688,676292.512700001,undertakers,Dignity  Funerals Ltd.,Vacant,Class 1,Class 1,Class 1,4 TAYLOR GARDENS,EH6 6TG,6476
322646.776,675315.4827,grocer & n/t/c,n/a,Class 1,Class 1,Class 1,Class 1,25(3) TELFORD DRIVE,EH4 2NJ,6477
321526.2136,674952.2819,sandwich bar & outside catering,Catering Solutions,Class 1,Class 1,Class 1,Class 1,3 TELFORD ROAD,EH4 2AQ,6478
321529.7522,674950.7092,beauty salon,Joy Beauty Therapy,Class 1,Class 1,Class 1,Class 1,5 TELFORD ROAD,EH4 2AQ,6479
321534.6409,674948.102399999,florist,Fleur of Blackhall,Class 1,Class 1,Class 1,Class 1,7 TELFORD ROAD,EH4 2AQ,6480
321537.7864,674946.5296,hairdresser,Bensons,Class 1,Class 1,Class 1,Class 1,9 TELFORD ROAD,EH4 2AQ,6481
322840,675627,dwelling,dwelling,SUI GENERIS,SUI GENERIS,Vacant,Class 9, , ,6482
321651.9569,674889.9659,hairdresser,Sonya Moore,Class 1,Class 1,Class 1,Class 1,4 TELFORD ROAD,EH4 2BA,6483
321656.2819,674889.572699999,paint shop,The Peffer Paint Company, , ,Vacant,Class 1,6 TELFORD ROAD,EH4 2BA,6484
321667.5727,674887.9659,paint shop,The Peffer Paint Company, , ,Vacant,Class 1,8 TELFORD ROAD,EH4 2BA,6485
321703.8635,674881.5548,vacant,vacant,Class 1,Class 1,Class 1,Vacant,14/1-2 TELFORD ROAD,EH4 2BA,6486
322542.0347,674953.661599999,restaurant & hot food take-away,McDonalds,SUI GENERIS,SUI GENERIS,Class 3,Class 3,74A TELFORD ROAD,EH4 2NF,6487
322585.9154,674972.357799999,public house,Telford Arms,SUI GENERIS,SUI GENERIS,SUI GENERIS,SUI GENERIS,(78) TELFORD ROAD,EH4 2NF,6488
324001.4711,672351.0283,public house,Polwarth Tavern,SUI GENERIS,SUI GENERIS,SUI GENERIS,SUI GENERIS,1 TEMPLE PARK CRESCENT,EH11 1JF,6489
323938.6501,672309.3607,french polisher,David Dott,Class 4,Class 4,Class 4,Class 4,29 TEMPLE PARK CRESCENT,EH11 1JF,6490
323912.6393,672293.896400001,vacant,vacant,Class 4,Class 2,Class 2,Vacant,35 TEMPLE PARK CRESCENT,EH11 1JE,6491
323996.9785,672376.0,vacant,vacant,Class 1,Class 1,Class 1,Vacant,2 TEMPLE PARK CRESCENT,EH11 1HT,6492
323993.8035,672373.7322,community / welfare office,Idara Trust - Islamic Community Centre,Class 1,Vacant,Class 2,Class 2,4 TEMPLE PARK CRESCENT,EH11 1HT,6493
323987.4536,672369.1965,community centre,Idara Trust Islamic Centre, , ,Class 2,Class 2,8-10 TEMPLE PARK CRESCENT,EH11 1HT,6494
323773.2678,672193.103599999,bathroom furniture & fittings,Graham Bathroom and Tile Showroom, , ,Class 1,Class 1,96 TEMPLE PARK CRESCENT,EH11 1HZ,6495
325792.5689,673167.6578,beauty salon,zen-lifestyle,Class 1,Class 1,Vacant,Class 1,2-3 TEVIOT PLACE,EH1 2QZ,6496
325785.7733,673162.4089,restaurant,Olly Bongo's,Class 1,Class 1,Class 3,Class 3,4 TEVIOT PLACE,EH1 2QZ,6497
325781.0,673158.6963,hairdresser,Medusa,Class 1,Class 1,Class 1,Class 1,6-7 TEVIOT PLACE,EH1 2QZ,6498
325773.0385,673154.613299999,vacant,vacant,Class 1,Class 1,Class 1,Vacant,8-9 TEVIOT PLACE,EH1 2QZ,6499
325768.0,673152.2267,workwear,Hewat of Edinburgh, , ,Class 1,Class 1,11-12 TEVIOT PLACE,EH1 2QZ,6500
325758.9333,673149.5526,retro clothing,W. Armstrong & Son,Class 1,Vacant,Class 1,Class 1,14 TEVIOT PLACE,EH1 2QZ,6501
325750.7126,673147.4311,hot food take-away,Central, , ,SUI GENERIS,SUI GENERIS,15-16 TEVIOT PLACE,EH1 2QZ,6502
325742.3259,673144.9615,grocer (French),Salut (Le Petit marche),Class 1,Class 1,Class 1,Class 1,18 TEVIOT PLACE,EH1 2QZ,6503
325733.2044,673142.9615,café,Favorit (Montpeliers),Class 1,Class 1,Class 3,Class 3,19-20 TEVIOT PLACE,EH1 2QZ,6504
331205.2765,672277.5748,supermarket - large,Asda,Class 1,Class 1,Class 1,Class 1,100 THE JEWEL,EH15 3AR,6505
325541.8622,673519.7391,charity / community office,Edinburgh City Youth Café (office),Class 4,Class 4,Class 2,Class 2,5 UPPER BOW,EH1 2JN,6506
325006.2492,672704.505000001,youth organisation,City of Edinburgh Scout Council,Class 1,Class 1, ,Class 2,15 VALLEYFIELD STREET,EH3 9LP,6507
324966.2463,672723.7465,children's nursery,Busy Bees,Vacant,Vacant,Class 10,Class 10, , ,6508
324974.7504,672724.2468,restaurant (Thai),Absolute,Class 3,Class 3,Class 3,Class 3,22 VALLEYFIELD STREET,EH3 9LR,6509
324982,672725,converted to residential,dwelling, , ,Vacant,Class 9, , ,6510
325528.8309,673468.507300001,ladies clothing,Long Tall Sally,Class 1,Class 1,Class 1,Class 1,1 VICTORIA STREET,EH1 2HE,6511
325538.1232,673473.338199999,restaurant,Maiachi,Class 3,Class 3,Class 3,Class 3,7 VICTORIA STREET,EH1 2HE,6512
325559.1232,673480.968699999,night club,The Liquid Room,Class 3,Class 1,SUI GENERIS,SUI GENERIS, , ,6513
325550.9395,673477.753599999,public house,Finnegan's Wake,SUI GENERIS,SUI GENERIS,SUI GENERIS,SUI GENERIS, , ,6514
325585.4176,673507.215,books,Old Town Bookshop,Class 1,Class 1,Class 1,Class 1,8 VICTORIA STREET,EH1 2HG,6515
325576.5845,673507.123199999,restaurant (Scottish),Howies, , ,Class 3,Class 3,10-14 VICTORIA STREET,EH1 2HG,6516
325566.1275,673506.338199999,restaurant (Scottish),Howies,Class 1,Class 1,Class 3,Class 3,16 VICTORIA STREET,EH1 2HG,6517
325558.9227,673504.292300001,clothing,Walker Slater,Class 1,Class 1,Class 1,Class 1,18 VICTORIA STREET,EH1 2HG,6518
325553.0773,673502.8309,clothing,Walker Slater,Vacant,Class 1,Class 1,Class 1,20 VICTORIA STREET,EH1 2HG,6519
325545.7969,673500.4242,clothing,Swish, , ,Class 1,Class 1,22-24 VICTORIA STREET,EH1 2JW,6520
325532.2296,673494.8455,speciality tea & coffee merchant,Cuttea Sark,Class 1,Class 1,Class 1,Class 1,26 VICTORIA STREET,EH1 2JW,6521
325528.7223,673493.091800001,The Whisky Shop,The Whisky Shop,Class 1,Class 1,Class 1,Class 1,28 VICTORIA STREET,EH1 2JW,6522
325525.215,673491.0459,restaurant,The Grain Store,Class 1,Class 3,Class 3,Class 3,30 VICTORIA STREET,EH1 2JW,6523
325521.1232,673488.707699999,cheesemonger,Ian J. Mellis,Class 3,Class 1,Class 1,Class 1,30A VICTORIA STREET,EH1 2JW,6524
325517.6159,673486.9541,delicatessen,Demijohn,Class 1,Class 1,Class 1,Class 1,32 VICTORIA STREET,EH1 2JW,6525
325514.4009,673485.492699999,café,Pink,Class 4,Class 1,Class 1,Class 3,34 VICTORIA STREET,EH1 2JW,6526
325500.524,673477.031300001,restaurant,Maison Bleu, , ,Class 3,Class 3,36-38 VICTORIA STREET,EH1 2JW,6527
331146.5752,672268.3408,shoes & footwear,Shoe Zone,Class 1,Class 1,Class 1,Class 1,100/2 THE JEWEL,EH15 3AR,6528
331169.0004,672275.596100001,hairdresser,Supercuts,Class 1,Class 1,Class 1,Class 1,(100/5) THE JEWEL, ,6529
331160.4261,672301.978700001,optician,Specsavers,Class 1,Class 1,Class 1,Class 1,100/6 THE JEWEL,EH15 3AR,6530
312857,678331,chemist,Lloyds Pharmacy, , ,Class 1,Class 1,33 THE LOAN,EH30 9SD,6531
312800,678271,supermarket,Scotmid, ,Class 1,Class 1,Class 1,55 THE LOAN,EH30 9SD,6532
325064.4739,672027.691,weight loss clinic,Tina O' Doherty's, , ,Class 4,Class 2,120-122 THIRLESTANE ROAD,EH9 1AS,6533
325281.5865,674116.522,n/a,n/a,Class 3,Class 3,Class 1,UNKNOWN USE,25 THISTLE STREET,EH2 1DX,6534
325276.4135,674115.044,take away food,Lime,SUI GENERIS,Class 1,Vacant,Class 1,25A THISTLE STREET,EH2 1DX,6535
325246.1729,674106.9355,jeweller,Alchemia Studio,Class 1,Class 1,Class 1,Class 1,37 THISTLE STREET,EH2 1DY,6536
325238.4135,674104.349099999,public house,Thistle Street Bar,SUI GENERIS,SUI GENERIS,SUI GENERIS,SUI GENERIS,39 THISTLE STREET,EH2 1DY,6537
325226.739,674101.044,shoes & footwear,Pam Jenkins,Class 1,Class 11,Class 1,Class 1,41 THISTLE STREET,EH2 1DY,6538
325222.305,674099.9355,ladies clothing,Kakeo by K,Class 3,SUI GENERIS,Class 1,Class 1,45 THISTLE STREET,EH2 1DY,6539
325211.3695,674096.8915,restaurant,Iris, , ,Class 4,Class 3,47(PF3) THISTLE STREET,EH2 1DY,6540
325200.478,674094.044,restaurant (Thai),Dusit,Class 1,Class 1,Vacant,Class 3,49A THISTLE STREET,EH2 1DY,6541
325192.0,674091.566,beauty salon,Camargue,Class 1,Class 1,Class 1,Class 1,51 THISTLE STREET,EH2 1DY,6542
325187.1965,674090.088099999,public house,The Bon Vivant,SUI GENERIS,SUI GENERIS,SUI GENERIS,SUI GENERIS,55-59 THISTLE STREET,EH2 1DY,6543
325177.739,674087.522,"clothing alterations, tailoring",Stitch and Go,Class 2,Class 1,Class 1,Class 1,61 THISTLE STREET,EH2 1DY,6544
326094.511,676255.423,café,Bonita's,SUI GENERIS,Class 3,Class 3,Class 3,13 TRAFALGAR STREET,EH6 4DG,6545
326118.7749,676269.555,n/a,n/a,Class 1,Vacant, ,UNKNOWN USE,20 TRAFALGAR STREET,EH6 4DF,6546
324850.738,676998.6457,electrical engineers,D.H. Morris & Co. (Edin.) Ltd.,Class 4,Class 4,Class 4,Class 4,2 TRINITY CRESCENT,EH5 3ED,6547
325926.7999,674046.199999999,vacant,vacant, ,Class 1,Class 2,Vacant, , ,6548
325941.4,674050.4001,vacant,vacant,Class 2,Class 2,Class 1,Vacant, , ,6549
326068.1998,674089.199999999,restaurant,Howies,SUI GENERIS,Class 3,Class 3,Class 3,29A WATERLOO PLACE,EH1 3BQ,6550
325904.2,674009.0,bridal salon,Caroline Castigliano, , ,Class 1,Class 1,4 WATERLOO PLACE,EH1 1AA,6551
323971.8143,672426.4428,diving equipement,Edinburgh Diving Centre Ltd.,Class 1,Class 1,Class 1,Class 1,1 WATSON CRESCENT,EH11 1HD,6552
323966.0713,672448.185699999,dwelling,dwelling,Class 4,Class 1,Class 1,Class 9, , ,6553
323729.4471,672275.464299999,grocer & n/t/c,V & S Sharma,Class 1,Class 1,Class 1,Class 1,44 WATSON CRESCENT,EH11 1ET,6554
329375.7237,671692.991,cleared site,cleared site,Class 1,Vacant,Vacant,Demolished, , ,6555
329377.6246,671700.594599999,cleared site,cleared site,Class 1,Vacant,Vacant,Demolished, , ,6556
329383.6336,671691.2973,cleared site,cleared site, , ,Class 1,Demolished, , ,6557
324955.0922,676996.0922,public house,Old Chain Pier,SUI GENERIS,SUI GENERIS,SUI GENERIS,SUI GENERIS,32 TRINITY CRESCENT,EH5 3ED,6558
315752,674108,restaurant,The Flying Club Restaurant, , ,Class 3,Class 3,45(99) TURNHOUSE ROAD,EH12 0AG,6559
317960,672788,model toys,Marionville Models,Class 1,Class 1,Class 1,Class 1,42 TURNHOUSE ROAD,EH12 8LX,6560
326057.6679,674439.1985,restaurant,Giuliano's,Vacant,Class 3,Class 3,Class 3,18 UNION PLACE,EH1 3NQ,6561
326065.4007,674450.032500001,restaurant,Passage to India,Class 3,Class 3,Class 3,Class 3,20 UNION PLACE,EH1 3NQ,6562
326068.8015,674454.5668,restaurant (Italian),Al Fresco,Class 3,Class 3,Class 3,Class 3,21-22 UNION PLACE,EH1 3NQ,6563
326075.3682,674463.732799999,restaurant (Indian),Shezan Tandoori,Vacant,Class 3,Class 3,Class 3,24-25 UNION PLACE,EH1 3NQ,6564
326078.2996,674503.1985,restaurant,The Sicilian,Class 3,Class 3,Class 3,Class 3,5A(BF1) UNION STREET,EH1 3LT,6565
326066.935,674476.166099999,hairdresser,K & K Hairdressing,Class 1,Class 1,Class 1,Class 1,4 UNION STREET,EH1 3LU,6566
326061,674485,restaurant,Phuket Pavilion, , ,Class 3,Class 3,8 UNION STREET,EH1 3LU,6567
325531.0773,673527.9541,souvenirs,Thistle do Nicely,Vacant,Class 1,Class 1,Class 1,2 UPPER BOW,EH1 2JN,6568
325533.3236,673524.661800001,souvenirs,Thistle do Nicely,Vacant,Class 2,Class 1,Class 1,3 UPPER BOW,EH1 2JN,6569
325504.1713,673479.0627,ladies clothing,Totty Rocks,Class 1,Class 1,Vacant,Class 1,40 VICTORIA STREET,EH1 2JW,6570
325497.1378,673474.3069,fine art,Red Door Gallery,Class 1,Class 1,Class 1,Class 1,42 VICTORIA STREET,EH1 2JW,6571
325493.3382,673471.384099999,gallery,Victoria Gallery,Class 1,Class 1,Class 1,Class 4,44 VICTORIA STREET,EH1 2JW,6572
325491.2923,673468.1691,Victorian café,The Bakehouse Co,Class 1,Class 1,Class 1,Class 3,46 VICTORIA STREET,EH1 2JW,6573
325580.3695,673511.9352,café,Edinburgh City Youth Café, , ,Class 3,Class 3,4-6 VICTORIA TERRACE,EH1 2JL,6574
325529.3301,673498.4614,masonic regalia,Victoria Regalia Ltd.,Class 4,Class 4,Class 1,Class 1,9 VICTORIA TERRACE,EH1 2JL,6575
325465.3221,673452.282,ancestral research resource centre,Family History Centre,Class 3,Class 3,Class 2,Class 2,15-16 VICTORIA TERRACE,EH1 2JL,6576
324631.8132,672189.3674,restaurant,Le Mouton Noir, , ,Class 3,Class 3,3-5 VIEWFORTH,EH10 4JD,6577
325762.8127,673928.7106,coffee shop,Coffee Stop, , , ,Class 3,3/L15 WAVERLEY BRIDGE,EH1 1BQ,6578
325727.4432,673912.596899999,"bags, handbags",Betty Bags, , , ,Class 1,3/L19 WAVERLEY BRIDGE,EH1 1BQ,6579
325709.9068,673907.9845,printed tee-shirts,Tee Shirt Print, , , ,Class 1,3/L20 WAVERLEY BRIDGE,EH1 1BQ,6580
325688.8888,673902.873299999,clothing,Xile, , , ,Class 1,3/L21-L22 WAVERLEY BRIDGE,EH1 1BQ,6581
325677.6243,673937.258300001,clothing,New Look, , , ,Class 1,3/L23 WAVERLEY BRIDGE,EH1 1BQ,6582
325698.3966,673940.8553,general clothing,Swish, , , ,Class 1,3/L4 WAVERLEY BRIDGE,EH1 1BQ,6583
325713.0335,673945.024499999,vacant,vacant, , , ,Vacant, , ,6584
325733.4121,673949.661499999,vacant,vacant, , , ,Vacant,3/L8 WAVERLEY BRIDGE,EH1 1BQ,6585
325748.2984,673954.0646,"nuts, dried fruit",Julian Graves, , , ,Class 1,3/L9 WAVERLEY BRIDGE,EH1 1BQ,6586
325715.9509,673931.735099999,coffee shop,Costa Coffee, , , ,Class 3,3/P1-P2 WAVERLEY BRIDGE,EH1 1BQ,6587
325762.323,673944.162699999,vacant,vacant, , , ,Vacant,3/P3 WAVERLEY BRIDGE,EH1 1BQ,6588
325675.1292,673926.233899999,ladies clothing,Oasis, , , ,Class 1,3/U1 WAVERLEY BRIDGE,EH1 1BQ,6589
325736.9199,673956.532299999,children's clothing,Junior Station, , , ,Class 1,3/U10 WAVERLEY BRIDGE,EH1 1BQ,6590
325747.9599,673959.637,toiletries & cosmetics,The Body Shop, , , ,Class 1,3/U11 WAVERLEY BRIDGE,EH1 1BQ,6591
325759.4031,673962.741599999,vacant,vacant, , , ,Vacant,3/U12 WAVERLEY BRIDGE,EH1 1BQ,6592
325771.1693,673965.8062,vacant,vacant, , , ,Vacant,3/U13 WAVERLEY BRIDGE,EH1 1BQ,6593
325696.8463,673945.5078,ladies clothes,Joy, , , ,Class 1,3/U5-U6 WAVERLEY BRIDGE,EH1 1BQ,6594
325713.5168,673950.363,vacant,vacant, , , ,Vacant,3/U7-U8 WAVERLEY BRIDGE,EH1 1BQ,6595
325726.3966,673953.661499999,ladies ckothing,Warehouse, , , ,Class 1,3/U9 WAVERLEY BRIDGE,EH1 1BQ,6596
325677.9534,673900.3991,currency exchange,The Exchange Business, , ,Class 2,Class 2,5 WAVERLEY BRIDGE,EH1 1BQ,6597
325697.57,673833.8309,restaurant (Chinese buffet),Jimmy Chungs, ,SUI GENERIS,SUI GENERIS,Class 3,17 WAVERLEY BRIDGE,EH1 1BQ,6598
326068.524,673161.123199999,restaurant (grill),Imans, , , ,Class 3, , ,6599
325715.7077,673756.137800001,bus tour ticket sales kiosk,Lothian Buses, , ,Class 1,Class 1,2 WAVERLEY BRIDGE,EH1 1BQ,6600
325852.3207,673892.0305,public house,Nor Loch,SUI GENERIS,SUI GENERIS,SUI GENERIS,SUI GENERIS,4(01) WAVERLEY BRIDGE,EH1 1BQ,6601
325842.0985,673840.5043,hotel booking agency,Hotel World, , ,Class 1,Class 1,4(02) WAVERLEY BRIDGE,EH1 1BQ,6602
325834,673871,take-away food,Millie's Cookies, , ,Class 1,Class 1,4(03) WAVERLEY BRIDGE,EH1 1BQ,6603
325844.5717,673874.9234,café / coffee shop,Costa Coffee, , ,Class 3,Class 3,4(06) WAVERLEY BRIDGE,EH1 1BQ,6604
325835.8244,673891.4122,food & wine,Whistlestop, , ,Class 1,Class 1,4(07) WAVERLEY BRIDGE,EH1 1BQ,6605
325857.8624,673899.8244,grocer / convenience store,Marks & Spencer - Simply Food, , ,Class 1,Class 1, , ,6606
324441.5464,672424.896400001,grocer & n/t/c,Lifestyle Stop & Shop,Class 1,Class 1,Class 1,Class 1,67 VIEWFORTH,EH10 4LQ,6607
324438.825,672428.978499999,car parts & accessories,Pentland Component Parts Ltd.,Vacant,Class 1,Class 1,Class 1,69 VIEWFORTH,EH10 4LQ,6608
324641.3308,672210.312100001,"shoe repairs, key cutting",The Shoe Shop, , ,Class 1,Class 1,8 VIEWFORTH,EH10 4JF,6609
324638.9116,672213.7249,graphic design office,Eskimo,Class 1,Vacant,Class 2,Class 4,10 VIEWFORTH,EH10 4JF,6610
324597.073,672268.881200001,café,Café Citron,Class 2,Class 4,Class 4,Class 3,24 VIEWFORTH,EH10 4JG,6611
324696.4547,672250.479499999,hairdresser (gents),Esq. Barbers,Class 1,Class 2,Class 1,Class 1,1 VIEWFORTH GARDENS,EH10 4ET,6612
324694.4436,672252.643100001,hot food take-away (baked potatoes),The Tattie Shop,Class 1,Class 1,Class 1,SUI GENERIS,3 VIEWFORTH GARDENS,EH10 4ET,6613
324326.3499,672371.896400001,n/a,n/a, , ,Vacant,UNKNOWN USE,42 VIEWFORTH TERRACE,EH10 4LJ,6614
328016.5107,670507.4822,betting shop,Laidlaws, , ,Class 2,Class 2,62-64 WALTER SCOTT AVENUE,EH16 5RL,6615
328008.9501,670502.5178,grocer,Key Store,Class 1,Class 1,Class 1,Class 1,68-70 WALTER SCOTT AVENUE,EH16 5RL,6616
327997.7055,670494.9858,hot food take-away,The China Express,Class 1,SUI GENERIS,SUI GENERIS,SUI GENERIS,72 WALTER SCOTT AVENUE,EH16 5RL,6617
328002.9929,670498.2589,hot food take-away,Eastern Fast Food,Vacant,SUI GENERIS,SUI GENERIS,SUI GENERIS,74 WALTER SCOTT AVENUE,EH16 5RL,6618
327994.0641,670492.251800001,tanning studio & nail salon,Sun Factor,Class 1,Class 1,Class 11,Class 11,78 WALTER SCOTT AVENUE,EH16 5RL,6619
327989.0285,670488.978599999,post office,Inch Post Office,Class 1,Class 1,Class 1,Class 1,80 WALTER SCOTT AVENUE,EH16 5RL,6620
327983.5392,670484.748199999,café,Daisy's Diner,Class 1,Vacant,Class 1,Class 3,82 WALTER SCOTT AVENUE,EH16 5RL,6621
327978.5036,670481.223300001,hairderesser,Serenity,Vacant,Class 1,Class 1,Class 1,84 WALTER SCOTT AVENUE,EH16 5RL,6622
327973.7197,670477.6984,vacant,vacant,Class 1,Class 1,Class 1,Vacant,86 WALTER SCOTT AVENUE,EH16 5RL,6623
327968.9359,670474.676999999,hot food take-away,Happy House,Class 2,Class 2,Class 1,SUI GENERIS,88 WALTER SCOTT AVENUE,EH16 5RL,6624
327957.2732,670467.0,hot food take-away,The Friery,SUI GENERIS,SUI GENERIS,SUI GENERIS,SUI GENERIS,90 WALTER SCOTT AVENUE,EH16 5RL,6625
327962.8123,670470.524900001,pet grooming salon,Pucci Pet Pampers,Vacant,Class 1,Vacant,Class 2,90A WALTER SCOTT AVENUE,EH16 5RL,6626
327950.0,670461.805199999,grocer / convenience store,Scotmid,Class 1,Class 1,Class 1,Class 1,94-98 WALTER SCOTT AVENUE,EH16 5RL,6627
327928.9573,670448.446599999,chemist,Inch Pharmacy, , ,Class 1,Class 1,102-104 WALTER SCOTT AVEN,EH16 5RL,6628
323761.184,676584.184,bakery & takeaway,Quinn's bakery and Takeaway,Class 1,Class 1,Vacant,Vacant,2 WARDIEBURN DRIVE,EH5 1BU,6629
323760.3888,676590.2048,hot food take-away (Chinese),Hong Kong,SUI GENERIS,SUI GENERIS,Vacant,SUI GENERIS,6 WARDIEBURN DRIVE,EH5 1BU,6630
323759.3888,676594.8576,vacant,vacant,Class 1,Class 1,Class 1,Vacant,8 WARDIEBURN DRIVE,EH5 1BU,6631
323757.4305,676603.8576,credit union,North Edinburgh Credit Union,Class 1,Vacant, ,Class 2,10-12 WARDIEBURN DRIVE,EH5 1BU,6632
322997.9255,672264.0,hairdresser (ladies & gents),The Real McCoy,Vacant,Class 1,Class 1,Class 1,2 WARDLAW PLACE,EH11 1UB,6633
323001,672260,hot food take-away,Highland Takeaway,SUI GENERIS,SUI GENERIS,SUI GENERIS,SUI GENERIS,4 WARDLAW PLACE,EH11 1UB,6634
323064.6488,672290.127599999, , ,Class 1,Class 4,residential,residential, , ,6635
325473.1082,672352.476,wine merchant,Peter Green & Co.,Class 1,Class 1,Class 1,Class 1,37A-37B WARRENDER PARK RO,EH9 1HJ,6636
325436.2644,672359.420700001,hairdresser (ladies & gents),Odyssey,Class 1,Class 1,Class 1,Class 1,39 WARRENDER PARK ROAD,EH9 1EU,6637
325428.214,672360.8413,solicitors & estate agents,Currie Gilmour & Co. (The Marchmont Law Shop), , ,Class 2,Class 2,41-43 WARRENDER PARK ROAD,EH9 1EU,6638
325295.2091,672363.2116,paints,Russell Paints,Class 1,Class 1,Class 1,Class 1,71 WARRENDER PARK ROAD,EH9 1ES,6639
325290.0,672362.738,paints,Russell Paints,Class 1,Class 1,Class 1,Class 1,73 WARRENDER PARK ROAD,EH9 1ES,6640
325283.8438,672361.843800001,grocer (lic.),Margiotta,Class 1,Class 1,Class 1,Class 1,77 WARRENDER PARK ROAD,EH9 1ES,6641
324974.148,672244.5184,office for bicycle sale / repair business,Edinburgh Bicycle Co-operative, , ,Class 4,Class 4,155-159 WARRENDER PARK RO,EH9 1DT,6642
324970.0735,672242.814300001,office,n/a,Class 1,Class 1,Class 4,Class 4,161 WARRENDER PARK ROAD,EH9 1DT,6643
325667.9975,672301.894200001,florist,The Lily Pad,Class 1,Vacant,Class 1,Class 1,2 WARRENDER PARK ROAD,EH9 1JQ,6644
325661.8413,672301.894200001,Builders / Slaters / Plumbers,Moncrieff Building & Roofing Ltd.,Class 4,Vacant,Vacant,Class 4,4 WARRENDER PARK ROAD,EH9 1JQ,6645
325655.6851,672301.894200001,hardware,Marchmont Hardware,Class 1,Class 1,Class 1,Class 1,8 WARRENDER PARK ROAD,EH9 1JQ,6646
325591.8413,672301.682700001,opticians,The Opticians at Machmont,Class 1,Class 1,Class 1,Class 1,26 WARRENDER PARK ROAD,EH9 1JG,6647
325586.1587,672302.156199999,hot food take-away (Chinese),Yummy Yummy,Class 1,Class 1,SUI GENERIS,SUI GENERIS,28 WARRENDER PARK ROAD,EH9 1JG,6648
325542.0529,672307.262,grocer / convenience store,Scotmid, , ,Class 1,Class 1,32-34 WARRENDER PARK ROAD,EH9 1HH,6649
325488.3678,672319.5769,antique lamps,Meadows Lamp Gallery,Class 2,Class 1,Class 1,Class 1,48 WARRENDER PARK ROAD,EH9 1HH,6650
325482.6851,672320.524,bank,Royal Bank of Scotland,Class 2,Class 2,Class 2,Class 2,52-54 WARRENDER PARK ROAD,EH9 1HH,6651
325442.3678,672325.471100001,pictures & picture framing,Marchmont Gallery,Class 2,Class 2,Class 1,Class 1,56 WARRENDER PARK ROAD,EH9 1EX,6652
325438.5793,672326.418199999,vacant,vacant,Class 1,Class 1,Class 1,Vacant,58 WARRENDER PARK ROAD,EH9 1EX,6653
325434.3173,672326.891799999,vacant,vacant,Class 1,Class 1,Class 1,Vacant,60 WARRENDER PARK ROAD,EH9 1EX,6654
325169.8762,675112.3694,vacant,vacant,Class 1,Class 1,Vacant,Vacant,4 WARRISTON PLACE,EH3 5LE,6655
325456.9739,675478.129699999,d.i.y. & garden centre,B & Q,Class 1,Class 1,Class 1,Class 1,(13) WARRISTON ROAD,EH7 4HL,6656
325897.0,674038.200099999,restaurant (Italian),Maritone,Class 2,Class 1,Class 3,Class 3,1 WATERLOO PLACE,EH1 3BG,6657
325909.3999,674041.4001,public house,Waterloo Buffet,SUI GENERIS,SUI GENERIS,SUI GENERIS,SUI GENERIS,5-7 WATERLOO PLACE,EH1 3BG,6658
325919.2,674044.200099999,grocer / convenience store,Town and City Newsagent,Class 1,Class 3,Class 1,Class 1,9 WATERLOO PLACE,EH1 3BG,6659
325769.3295,673923.8463,hot food take away,Spud-U-Like, , , ,SUI GENERIS,3/F4 WAVERLEY BRIDGE,EH1 1BQ,6660
325772.8217,673922.403100001,sandwich bar,O'Briens, , , ,Class 1,3/F5 WAVERLEY BRIDGE,EH1 1BQ,6661
325777.986,673923.9199,take away food,Sweet by Scot, , , ,Class 1,3/F6 WAVERLEY BRIDGE,EH1 1BQ,6662
325786.2739,673926.0891,sandwich bar,Subway, , , ,Class 1,3/F8 WAVERLEY BRIDGE,EH1 1BQ,6663
325739.0245,673951.387599999,hot food take away,Harry Ramsdens, , , ,SUI GENERIS,3/L10 WAVERLEY BRIDGE,EH1 1BQ,6664
325757.7506,673957.452199999,hot food take away,Kentucky Fried Chicken (KFC), , , ,SUI GENERIS,3/L11 WAVERLEY BRIDGE,EH1 1BQ,6665
325772.2494,673961.0891,restaurant,McDonalds, , , ,Class 3,3/L12 WAVERLEY BRIDGE,EH1 1BQ,6666
325864,673883,hot food take-away,Burger King,SUI GENERIS,SUI GENERIS,SUI GENERIS,SUI GENERIS, , ,6667
325822.9165,673908.374199999,hot food take-away,The Pasty Shop,Class 1,Class 1,Class 1,SUI GENERIS,4(52) WAVERLEY BRIDGE,EH1 1BQ,6668
325952.1573,673884.610300001,car hire,Europcar,Vacant,Vacant,SUI GENERIS,SUI GENERIS,4(60) WAVERLEY BRIDGE,EH1 1BQ,6669
325789.5268,673869.145099999,chemist,Boots, , ,Class 1,Class 1,4(A1) WAVERLEY BRIDGE,EH1 1BQ,6670
325801.9085,673874.098999999,sandwich shop,Upper Crust, , ,Class 1,Class 1,4(A2) WAVERLEY BRIDGE,EH1 1BQ,6671
325809.5878,673848.8474,n/t/c,W.H. Smith, , ,Class 1,Class 1,4(B) WAVERLEY BRIDGE,EH1 1BQ,6672
325795.7031,673948.722899999,vacant,vacant,Class 1,Class 1,Class 1,Vacant,1 WAVERLEY STEPS,EH2 2EH,6673
325797.1892,673942.601199999,gifts / souviners,n/a, , ,Class 3,Class 3,3-5 WAVERLEY STEPS,EH2 2EH,6674
325799.3497,673935.4432,vacant,vacant,Class 1,Class 1,Class 1,Vacant,7 WAVERLEY STEPS,EH2 2EH,6675
325800.4302,673931.528100001,shoe repairs / key cutting,Master Cobbler, , ,Class 1,Class 1,9 WAVERLEY STEPS,EH2 2EH,6676
325776.2475,675134.0,office,Renaissance Resortation,Class 4,UNKNOWN USE, ,Class 4,"30 ANNANDALE STREET, WEST",EH7 4JY,6677
325489.0957,673461.259400001,jeweller,Clarkson,Class 1,Class 1,Class 1,Class 1,87 WEST BOW,EH1 2JP,6678
325488.215,673456.5845,"wool, threads, etc",K1yarns,Class 1,Class 1,Class 1,Class 1,89 WEST BOW,EH1 2JP,6679
325488.215,673451.615900001,ladies clothing,Anta,Vacant,Class 1,Class 1,Class 1,93 WEST BOW,EH1 2JP,6680
325487.3382,673444.5386,antiques,Bacchus,Class 1,Class 1,Class 1,Class 1,95 WEST BOW,EH1 2JP,6681
325486.7996,673438.4155,"jokes, novelties & fancy goods",Aha Ha Ha,Class 1,Class 1,Class 1,Class 1,99 WEST BOW,EH1 2JP,6682
325484.8455,673426.3695,juice bar,Hula Juice Bar, , ,Class 1,Class 1,103 WEST BOW,EH1 2JP,6683
325523.1232,673466.0,public house,The Bow Bar,SUI GENERIS,SUI GENERIS,SUI GENERIS,SUI GENERIS,80 WEST BOW,EH1 2HH,6684
325517.3841,673464.215,ladies clothing,Big Ideas,Class 1,Class 1,Class 2,Class 1,82 WEST BOW,EH1 2HH,6685
325514.1691,673463.0459,tour agent for guided walks,The Cadies & Witchery Tours,Class 1,Class 1,Class 1,Class 1,84 WEST BOW,EH1 2HH,6686
325508.0918,673459.753599999,Christmas decorations,The Christmas Shop, , ,Class 1,Class 1,88-92 WEST BOW,EH1 2HH,6687
325506.3695,673451.246400001,"jeweller, accessories",The Work Shop,Class 1,Class 1,Class 1,Class 1,96 WEST BOW,EH1 2HH,6688
325508.3236,673443.753599999,vacant,vacant (formerly Internet Café),Class 1,Class 1,Class 1,Vacant,98 WEST BOW,EH1 2HH,6689
325510.9541,673438.2004,"records, tapes, cds",Analogue,Class 1,Class 1,Class 1,Class 1,102 WEST BOW,EH1 2HH,6690
325515.4927,673430.5386,gifts,The Mutts Nutts,Vacant,Class 1,Class 1,Class 1,108 WEST BOW,EH1 2HH,6691
325521.0773,673423.661800001,restaurant,Mussel and Steak Bar,Vacant,Class 3,Class 3,Class 3,110 WEST BOW,EH1 2HH,6692
325524.9876,673416.3695,charity shop,Vintage,Class 1,Class 1,Class 1,Class 1,116 WEST BOW,EH1 2HH,6693
325527.9103,673413.1545,café,Auld Jock's Pie Shoppe,Class 1,Class 1,Class 4,Class 3,118 WEST BOW,EH1 2HH,6694
315705,676450,farm produce and restaurant,West Craigie Farm Shop, , ,Class 1,Class 1,(B) WEST CRAIGIE,EH30 9TR,6695
326121.6618,672934.338199999,"antiques, old telephones",Now & Then Antiques, , ,Class 1,Class 1,"7 CROSSCAUSEWAY, WEST",EH8 9JW,6696
326129.2609,672934.0459,"antiques, old telephones",Now & Then Antiques, , ,Class 1,Class 1,"9 CROSSCAUSEWAY, WEST",EH8 9JW,6697
326133.9541,672934.1691,coins,Edinburgh Coin Shop,Class 1,Vacant,Class 1,Class 1,"11 CROSSCAUSEWAY, WEST",EH8 9JW,6698
326137.7536,672934.1691,hot food take-away (noodle bar),WaWa,Class 1,Class 1, ,SUI GENERIS,"13 CROSSCAUSEWAY, WEST",EH8 9JW,6699
326141.5532,672933.876800001,vacant,vacant,Class 4,Vacant,Vacant,Vacant,"17 CROSSCAUSEWAY, WEST",EH8 9JW,6700
326074.6764,672971.3695,public house,56 North,Class 1,Class 1,SUI GENERIS,SUI GENERIS,"2 CROSSCAUSEWAY, WEST",EH8 9JP,6701
326140.5386,672953.3236,Chinese supermarket,Aihua, , ,Class 1,Class 1,"34-36 CROSSCAUSEWAY, WEST",EH8 9JP,6702
326151.7077,672952.785,musical instruments,Live Music,Class 1,Class 1,Vacant,Class 1,"40-42 CROSSCAUSEWAY, WEST",EH8 9JP,6703
326161.9957,672952.0627,public house,Greenmantle,SUI GENERIS,SUI GENERIS,SUI GENERIS,SUI GENERIS,"44 CROSSCAUSEWAY, WEST",EH8 9JP,6704
323232,676860,grocer (lic),Granton Food & Wine,Class 1,Class 1,Class 1,Class 1,201-203 WEST GRANTON ROAD,EH5 1PD,6705
323222.1887,676857.193,grocer (lic.),West Granton Superstore,Class 1,Class 1,Class 1,Class 1,205 WEST GRANTON ROAD,EH5 1PD,6706
323212.2105,676854.3991,hot food take-away,Javitt's Takeaway, , ,SUI GENERIS,SUI GENERIS,207-211 WEST GRANTON ROAD,EH5 1PD,6707
323303.3904,677031.0044,joiners,Livingston & Low,Class 4,Class 4,Class 4,Class 4,68 WEST GRANTON ROAD,EH5 1HR,6708
323258.3599,676939.724099999,public house,The Anchor Inn,SUI GENERIS,SUI GENERIS,SUI GENERIS,SUI GENERIS,114 WEST GRANTON ROAD,EH5 1PF,6709
323253.0087,676925.9913,hot food take-away (Chinese),Good Choice,Class 1,Class 1,SUI GENERIS,SUI GENERIS,116 WEST GRANTON ROAD,EH5 1PF,6710
323247.9826,676909.3904,hot food take-away,Jubliee Supper Room, , ,SUI GENERIS,SUI GENERIS,122-124 WEST GRANTON ROAD,EH5 1PF,6711
323241.9956,676901.4078,betting shop,Ladbrokes,Class 2,Class 2,Class 2,Class 2,126 WEST GRANTON ROAD,EH5 1PF,6712
323238.0044,676898.2148,n/t/c,West Granton Newsagents,Class 1,Class 1,Class 1,Class 1,128 WEST GRANTON ROAD,EH5 1PF,6713
323234.0131,676894.2235,sandwich bar,Roll Up,Class 1,Class 1,Class 1,Class 1,132 WEST GRANTON ROAD,EH5 1PF,6714
323230.4209,676891.0305,advice centre,Granton Information Centre,Class 4,Class 2, ,Class 2,134-138 WEST GRANTON ROAD,EH5 1PE,6715
319774.1767,669899.1423,bank,Bank of Scotland,Class 2,Class 2,Class 2,Class 2,18 WESTER HAILES CENTRE,EH14 2SW,6716
319770.2758,669910.0647,vacant,vacant,Class 1,Class 4,Class 1,Vacant,19 WESTER HAILES CENTRE,EH14 2SW,6717
319776.5172,669936.2006,frozen food,Iceland, , ,Class 1,Class 1,19B WESTER HAILES CENTRE,EH14 2SW,6718
319747.2606,669942.442,hot food take-away,Samaro, , ,SUI GENERIS,SUI GENERIS,19C WESTER HAILES CENTRE,EH14 2SW,6719
319801.0927,669951.6338,vacant,vacant,Class 1,Class 2,Vacant,Vacant,20 WESTER HAILES CENTRE,EH14 2SW,6720
319772.8729,669943.653100001,mixed durable goods,Poundstretcher,Vacant,Class 1,Class 1,Class 1,20(A) WESTER HAILES CENTR,EH14 2SW,6721
319807.7242,669933.299699999,vacant,vacant,Class 1,Vacant,Vacant,Vacant,21 WESTER HAILES CENTRE,EH14 2SW,6722
319811.235,669924.888,charity shop,British Heart Foundation, , ,Class 1,Class 1,22 WESTER HAILES CENTRE,EH14 2SW,6723
319815.916,669915.525900001,butcher,Quality Fare Butcher, , ,Class 1,Class 1,23 WESTER HAILES CENTRE,EH14 2SW,6724
319819.0367,669905.9936,chemist,Semi-Chem, , ,Class 1,Class 1,24 WESTER HAILES CENTRE,EH14 2SW,6725
319823.3277,669896.6315,financial services - cheque cashing,Albemarle & Bond Pawnbrokers,Class 1,Class 1,Class 2,Class 2,25 WESTER HAILES CENTRE,EH14 2SW,6726
323212.7939,676883.2105,gifts,Gifts 'R' Us,Vacant,Class 1,Class 1,Class 1,142 WEST GRANTON ROAD,EH5 1PE,6727
323207.193,676881.8113,hot food take-away (Chinese),Nine Dragons,SUI GENERIS,SUI GENERIS,SUI GENERIS,SUI GENERIS,144 WEST GRANTON ROAD,EH5 1PE,6728
323200.5965,676879.6052,fishmonger,Alison's Plaice,Class 1,Class 1,Class 1,Class 1,146 WEST GRANTON ROAD,EH5 1PE,6729
323196.1974,676878.2061,hot food take-away,Monsoon,Class 1,Class 1,Vacant,SUI GENERIS,148 WEST GRANTON ROAD,EH5 1PE,6730
323189.0044,676876.0087,hairdresser,Jims Barbers & hair by J Brannan,Class 11,Class 1,Class 11,Class 1,150-152 WEST GRANTON ROAD,EH5 1PE,6731
323092.4035,676905.1974,supermarket,Lidl, ,Class 1,Class 1,Class 1,160 WEST GRANTON ROAD,EH5 1PE,6732
323055.2846,676896.8157,frozen food,Iceland, ,Class 1,Class 1,Class 1,162 WEST GRANTON ROAD,EH5 1PE,6733
322766.0,676731.182499999,vacant,vacant,Class 1,SUI GENERIS,SUI GENERIS,Vacant,306 WEST GRANTON ROAD,EH5 1HY,6734
322721.407,676713.902799999,household goods,Terry's,Class 1,Class 1,Class 1,Class 1,316 WEST GRANTON ROAD,EH5 1QN,6735
322713.8761,676711.0591,vacant,vacant,SUI GENERIS,SUI GENERIS,Vacant,Vacant,318 WEST GRANTON ROAD,EH5 1QN,6736
322709.9704,676709.5901,vacant,vacant,Class 1,Vacant,Vacant,Vacant,320 WEST GRANTON ROAD,EH5 1QN,6737
322705.1916,676707.6845,vacant,vacant,Class 1,Class 1,Vacant,Vacant,322 WEST GRANTON ROAD,EH5 1QN,6738
322701.2831,676705.9648,vacant,vacant,Class 1,Class 2,Class 2,Vacant,326 WEST GRANTON ROAD,EH5 1QN,6739
322695.5014,676704.026799999,vacant,vacant,Class 1,Class 1,Class 1,Vacant,328 WEST GRANTON ROAD,EH5 1QN,6740
323639.8433,677179.810000001,take away food,Derek's Snack Bar, , ,Class 1,Class 3,63(C) WEST HARBOUR ROAD,EH5 1PW,6741
323596.5687,677338.8169,outdoor equipment,Go Outdoors,Class 1,Class 1,Vacant,Class 1, , ,6742
323607.9216,677380.444499999,vacant,vacant,Class 1,Class 1,Class 1,Vacant, , ,6743
326683.0197,670714.587200001,bank,unknown, , ,Class 2,Class 2,(40X) WEST MAINS ROAD,EH9 3JF,6744
326696.8336,670713.774599999,vacant,vacant, , ,Class 1,Vacant,(40Y) WEST MAINS ROAD,EH9 3JF,6745
326713.8978,670712.5557,n/a,n/a, , ,UNKNOWN USE,UNKNOWN USE,(40Z) WEST MAINS ROAD,EH9 3JF,6746
324198.0,673310.283399999,photocopying service,Copy Shop,Class 4,Class 4,Class 4,Class 4,"3 MAITLAND STREET, WEST",EH12 5DS,6747
324190.3517,673302.837200001,post office,West Maitland Street Post Office,Class 1,Class 1,Class 1,Class 1,"4A MAITLAND STREET, WEST",EH12 5DS,6748
324178.9869,673293.931700001,restaurant (Chinese),China Star,Class 3,Class 3,Class 3,Class 3,"6A MAITLAND STREET, WEST",EH12 5DS,6749
324173.811,673290.837200001,hairdresser (gents) & internet access,Salon Café,Class 1,Class 1,Class 1,Class 1,"7 MAITLAND STREET, WEST",EH12 5DS,6750
324170.8924,673288.283399999,dry cleaning,Le Me,Class 1,Class 1,Class 1,Class 1,"7A MAITLAND STREET, WEST",EH12 5DS,6751
324165.9186,673285.755799999,restaurant,The Khukuri,Class 3,Class 3,Class 3,Class 3,"8 MAITLAND STREET, WEST",EH12 5DS,6752
324162.6352,673282.4724,beautician,Total Nails,Vacant,Class 1,Vacant,Class 1,"8A MAITLAND STREET, WEST",EH12 5DS,6753
324158.9869,673279.5538,delicatessen,Le Marché Francais,Class 1,Vacant,Class 1,Class 1,"9A MAITLAND STREET, WEST",EH12 5DS,6754
324154.2864,673276.119000001,café & take-away food,Golden Grill Café,Class 1,Vacant,Class 3,Class 3,"10 MAITLAND STREET, WEST",EH12 5DS,6755
324151.6052,673273.6415,vacant,vacant,Class 1,Class 3,Class 1,Vacant,"10A MAITLAND STREET, WEST",EH12 5DS,6756
324143.2311,673266.983100001,public house,Haymarket,SUI GENERIS,SUI GENERIS,SUI GENERIS,SUI GENERIS,"11A-14 MAITLAND STREET, W",EH12 5DS,6757
324125.9055,673293.703500001,take-away food,Dimitri's,Class 1,Class 1,Class 1,Class 1,"16 MAITLAND STREET, WEST",EH12 5EA,6758
324129.9186,673297.3517,takeaway food,Gregg's,Class 1,Class 1,Vacant,Class 1,"17 MAITLAND STREET, WEST",EH12 5EA,6759
324133.5669,673299.9055,grocer,Costcutter,Class 1,Class 1,Class 3,Class 1,"18 MAITLAND STREET, WEST",EH12 5EA,6760
324140.5276,673305.3256,betting shop,William Hill, , ,Class 2,Class 2,"19-20 MAITLAND STREET, WE",EH12 5EA,6761
324147.0945,673310.068299999,n/t/c,R.S. McColl,Class 1,Class 1,Class 1,Class 1,"22 MAITLAND STREET, WEST",EH12 5EA,6762
324150.3779,673312.622099999,betting shop,Ladbrokes,Class 1,Class 1,Vacant,Class 2,"23 MAITLAND STREET, WEST",EH12 5EA,6763
324153.6613,673315.175899999,barber,Istanbul VIP,Class 1,Vacant,Class 1,Class 1,"24 MAITLAND STREET, WEST",EH12 5DX,6764
324161.4855,673320.8663,bank,Lloyds TSB Scotland,Class 2,Class 2,Class 2,Class 2,"25-26 MAITLAND STREET, WE",EH12 5DX,6765
324170.0945,673326.8794,public house,The Mercat,SUI GENERIS,SUI GENERIS,SUI GENERIS,SUI GENERIS,"28 MAITLAND STREET, WEST",EH12 5DX,6766
324173.7427,673330.162799999,restaurant (Italian),Gali,Class 1,Class 3,Class 3,Class 3,"29 MAITLAND STREET, WEST",EH12 5DX,6767
324186.3096,673340.270300001,chemist,Boots,Class 2,Class 2,Class 1,Class 1,"32 MAITLAND STREET, WEST",EH12 5DZ,6768
326529.6166,674755.3368,n/a,n/a, , ,Vacant,Class 4,"17 MONTGOMERY PLACE, WEST",EH7 5HA,6769
326090.1691,673063.246400001,hairdresser,Hot head,Class 1,Class 1,Class 1,Class 1,"17 NICOLSON STREET, WEST",EH8 9DA,6770
326076.5532,673050.753599999,advice centre,City of Edinburgh Local Area Co-ordination, ,Class 2, ,Class 2,"25-27 NICOLSON STREET, WE",EH8 9DB,6771
326073.6305,673047.8309,hot food take-away & outside caterers,Picnic Basket,SUI GENERIS,SUI GENERIS,SUI GENERIS,SUI GENERIS,"31 NICOLSON STREET, WEST",EH8 9DB,6772
326070.1232,673045.2004,café & take-away,Beetle Juice,Class 1,Class 1,Class 1,Class 3,"33 NICOLSON STREET, WEST",EH8 9DB,6773
326065.1378,673041.4614,gifts,Digger,Class 1,Class 1,Class 1,Class 1,"35 NICOLSON STREET, WEST",EH8 9DB,6774
326061.9227,673039.123199999,take-away food,Good 2 Go,Vacant,Class 2,Class 1,Class 1,"37 NICOLSON STREET, WEST",EH8 9DB,6775
326058.7077,673036.2004,restaurant,Home Bistro,Class 1,Class 3,Class 3,Class 3,"41 NICOLSON STREET, WEST",EH8 9DB,6776
326048.9227,673027.9541,tattoo studio,Tribe,Class 1,Class 1,Class 2,Class 2,"47 NICOLSON STREET, WEST",EH8 9DB,6777
326046.2923,673025.908199999,restaurant,Red Box Noodle Bar,Class 1,Class 3,Class 3,Class 3,"51-53 NICOLSON STREET, WE",EH8 9DB,6778
326039.0918,673019.123199999,restaurant,Pink Olive,Vacant,Class 3,Class 3,Class 3,"55 NICOLSON STREET, WEST",EH8 9DB,6779
326082.3382,673030.691,party goods & novelties,Party Mania, , ,Class 1,Class 1,"30 NICOLSON STREET, WEST",EH8 9DD,6780
326072.6931,673021.922700001,restaurant,Khushis,Class 3,SUI GENERIS,SUI GENERIS,Class 3,"32/1 NICOLSON STREET, WES",EH8 9DD,6781
326077.0773,673026.3069,public house,The Counting House,SUI GENERIS,SUI GENERIS,SUI GENERIS,SUI GENERIS,"32/2 NICOLSON STREET, WES",EH8 9DD,6782
326068.6013,673011.1086,public house,The Blind Poet,SUI GENERIS,SUI GENERIS,SUI GENERIS,SUI GENERIS,"34 NICOLSON STREET, WEST",EH8 9DD,6783
326067.7245,673017.246400001,public house,The Pear Tree, , ,SUI GENERIS,SUI GENERIS,"38 NICOLSON STREET, WEST",EH8 9DD,6784
325283.5532,673305.014599999,clothing,Godiva,Class 1,Class 1,Class 1,Class 1,9 WEST PORT,EH1 2JA,6785
325274,673293,ladies clothing,Lady Jojo's Boutique,Class 1,Class 1,Class 1,Class 1,11 WEST PORT,EH1 2JA,6786
325269.1691,673290.123199999,hairdresser,Saints Hair Design, , ,Class 1,Class 1,13 WEST PORT,EH1 2JA,6787
325259.7536,673284.661800001,bridal salon,Butterflies, , ,Class 1,Class 1,17-19 WEST PORT,EH1 2JA,6788
325242,673276,public house,The Grassmarket Bar, , ,SUI GENERIS,SUI GENERIS,27-31 WEST PORT,EH1 2JA,6789
325067.5026,673218.248199999,vintage jewellery,Cabaret,Class 1,Class 1,Class 2,Class 1,137 WEST PORT,EH3 9DP,6790
325064.001,673215.997099999,n/t/c,West Port News,Class 1,Class 1,Class 1,Class 1,139 WEST PORT,EH3 9DP,6791
325059.7489,673213.2458,take-away food,Alexanders Sandwich Bar,Class 1,Class 1,Class 1,Class 1,141 WEST PORT,EH3 9DP,6792
325054.7489,673210.246300001,florist,Lily West,Class 1,Vacant,Class 1,Class 1,143 WEST PORT,EH3 9DP,6793
325048.7542,673206.750800001,second-hand books,Edinburgh Books,Class 1,Class 1,Class 1,Class 1,145-147 WEST PORT,EH3 9DP,6794
325042.7513,673203.249199999,ladies clothing,Herman Brown,Class 1,Vacant,Class 1,Class 1,151 WEST PORT,EH3 9DP,6795
325035.9981,673199.747500001,nail salon,Edinburgh Nail Factory,Class 2,Class 1,Class 1,Class 1,155 WEST PORT,EH3 9DP,6796
325031.7461,673197.496400001,public house,Western Bar,SUI GENERIS,SUI GENERIS,SUI GENERIS,SUI GENERIS,157-159 WEST PORT,EH3 9DP,6797
325260.9541,673262.553200001,hot food take-away (Chinese),Canton, ,SUI GENERIS,SUI GENERIS,SUI GENERIS,18-20 WEST PORT,EH1 2JE,6798
325255.9854,673258.753599999,solicitors,V. Good & Co, ,Class 1,Class 2,Class 2, , ,6799
325220.6764,673247.985400001,tattoo studio,Bizarre Ink, ,Vacant,Class 2,Class 2,36 WEST PORT,EH1 2LD,6800
325210.1545,673247.400900001,hairdresser,Jonny 5 Star, ,Vacant,Class 1,Class 1,44 WEST PORT,EH1 2LD,6801
325188.2777,673242.9373,public house,Dragonfly Cocktail Bar, , ,Vacant,SUI GENERIS,50/52 WEST PORT,EH1 2LD,6802
325180.6305,673242.507300001,café,The Coffee Mill, ,Vacant,Class 1,Class 3,54 WEST PORT,EH1 2LD,6803
325176.8309,673241.922700001,café,The Coffee Mill, ,Vacant,Class 1,Class 3,56 WEST PORT,EH1 2LD,6804
325171.1232,673240.215,books,European Bookshop, ,Class 1,Class 1,Class 1,60 WEST PORT,EH1 2LD,6805
325163.6618,673237.922700001,"antiquarian books, maps & prints",Pringle Booksellers,Vacant,Class 1,Class 1,Class 1,62 WEST PORT,EH1 2LD,6806
325166.5845,673238.507300001,"antiquarian books, maps & prints",Scottish Pictures, ,Vacant,Class 1,Class 1,64 WEST PORT,EH1 2LD,6807
325160.7391,673237.0459,antiques,Handcraft, ,Vacant,Class 1,Class 1,66 WEST PORT,EH1 2LD,6808
325157.524,673236.1691,books,Peter Bell Books, ,Class 1,Class 1,Class 1,68 WEST PORT,EH1 2LD,6809
325151.4155,673234.2609,books,Armchair Books, ,Class 1,Class 1,Class 1,72 WEST PORT,EH1 2LE,6810
325147.0313,673232.7996,books,Armchair Books, ,Class 1,Class 1,Class 1,74 WEST PORT,EH1 2LE,6811
325143.2318,673231.338199999,hairdresser,Afrin Barbers, ,Class 2,Class 2,Class 1,76 WEST PORT,EH1 2LE,6812
325093.5145,673191.7623,redeveloped,redeveloped,SUI GENERIS,SUI GENERIS,SUI GENERIS,Demolished, , ,6813
326279.0043,672415.816299999,public house,Drouthy Neebors,SUI GENERIS,SUI GENERIS,SUI GENERIS,SUI GENERIS,1-2 WEST PRESTON STREET,EH8 9PX,6814
326334.2464,672421.492699999,dwellings,dwellings,Class 1,Class 1,Class 1,Class 9, , ,6815
326398.7996,672426.9541,betting shop,William Hill,Class 2,Class 2,Class 2,Class 2,19-20 WEST PRESTON STREET,EH8 9PU,6816
326397.5386,672400.384099999,florist,Simpsons,Class 1,Class 1,Class 1,Class 1,23 WEST PRESTON STREET,EH8 9PZ,6817
326387.0918,672399.384099999,public house,Cask and Barrel (Southside),SUI GENERIS,SUI GENERIS,SUI GENERIS,SUI GENERIS,24-26 WEST PRESTON STREET,EH8 9PZ,6818
326372.4155,672398.091800001,restaurant,Los Argentinos (opening 2010), , ,Class 1,SUI GENERIS, , ,6819
326341.5073,672394.8455,computer consultants,Delphi Computer Consultants,Class 1,Vacant, ,Class 4,31-32 WEST PRESTON STREET,EH8 9PY,6820
326335.9541,672394.553200001,"marketing, PR specialising in sustainable tourism",Dunira Strategy,Class 1,Class 1,Class 1,Class 4,33 WEST PRESTON STREET,EH8 9PY,6821
326328.2609,672393.922700001,restaurant,Happiness,Class 3,Class 3,Class 3,Class 3,34 WEST PRESTON STREET,EH8 9PY,6822
326321.2464,672393.338199999,restaurant,Café Daiblo,Vacant,Class 1,Class 1,Class 3,36-37 WEST PRESTON STREET,EH8 9PY,6823
326313.4155,672392.6305,"beauty consutant, make-up",The Studio,Class 2,Class 2, ,Class 1,38-39 WEST PRESTON STREET,EH8 9PY,6824
326306.2609,672392.446799999,restaurant,Hanedan,Class 3,Vacant,Class 3,Class 3,41-42 WEST PRESTON STREET,EH8 9PY,6825
326297.7996,672391.753599999,vacant,vacant,Vacant,Class 1,Class 1,Vacant, , ,6826
326293.2464,672391.1691,vacant,vacant,Class 4,Class 1,Class 1,Vacant,44 WEST PRESTON STREET,EH8 9PY,6827
325779.8749,674045.700099999,public house,Guildford Arms,SUI GENERIS,SUI GENERIS,SUI GENERIS,SUI GENERIS,"1 REGISTER STREET, WEST",EH2 2AA,6828
325766.975,674042.074999999,hairdresser (ladies & gents),7 West,Class 1,Class 1,Class 1,Class 1,"7 REGISTER STREET, WEST",EH2 2AA,6829
325761.35,674040.5001,pawnbrokers,Cash Brokers, , ,Class 2,Class 2,"(9A) REGISTER STREET, WES",EH2 2AA,6830
325756.625,674040.950099999,public house,Penny Black Lounge Bar,SUI GENERIS,SUI GENERIS,SUI GENERIS,SUI GENERIS,"13 REGISTER STREET, WEST",EH2 2AA,6831
325755.1,674046.425000001,hot food take-away,Snax,SUI GENERIS,Vacant,SUI GENERIS,SUI GENERIS,"15-17 REGISTER STREET, WE",EH2 2AA,6832
325751.7251,674060.5998,public house,Café Royal,SUI GENERIS,SUI GENERIS,SUI GENERIS,SUI GENERIS,"19 REGISTER STREET, WEST",EH2 2AA,6833
325752.85,674056.324899999,public house,The Voodoo Rooms,Class 3,Class 3, ,SUI GENERIS,"19A REGISTER STREET, WEST",EH2 2AA,6834
325763.15,674025.875299999,beauty salon,Mary Reid, , ,Class 1,Class 1,"16(2F) REGISTER STREET, W",EH2 2AA,6835
325710.8249,674048.2249,baker,Greggs,Class 1,Class 1,Class 1,Class 1,"50 REGISTER STREET, WEST",EH2 2AA,6836
326165.0459,673096.4614,public house,Southsider,SUI GENERIS,SUI GENERIS,SUI GENERIS,SUI GENERIS,"3-7 RICHMOND STREET, WEST",EH8 9EF,6837
326173.8943,673103.2234,office,n/a,Class 1,Class 1,Vacant,Class 4,"9 RICHMOND STREET, WEST",EH8 9EF,6838
326180.6472,673109.507300001,restaurant,YumYum HK Diner,Class 2,Class 2, ,Class 3,"13 RICHMOND STREET, WEST",EH8 9EF,6839
326183.1545,673111.8455,hairdresser (gents),Richmond Barbers,Class 1,Class 1,Class 1,Class 1,"15 RICHMOND STREET, WEST",EH8 9EF,6840
326185.8776,673114.037599999,hairdresser,n/a,Class 1,Vacant,Vacant,Class 1,"15A RICHMOND STREET, WEST",EH8 9EF,6841
326272.0773,673186.0,restaurant,Bonsai,Class 3,Class 3,Class 3,Class 3,"46 RICHMOND STREET, WEST",EH8 9DZ,6842
326279.3841,673186.0,n/t/c,Richies,Vacant,Class 3,Class 1,Class 1,"50 RICHMOND STREET, WEST",EH8 9DZ,6843
326289.1691,673186.123199999,café,The Richmond Café,Class 1,Class 1,Class 3,Class 3,"52 RICHMOND STREET, WEST",EH8 9DZ,6844
329669,674194,n/a,n/a, , ,UNKNOWN USE,UNKNOWN USE,8C WEST TELFERTON,EH7 6UL,6845
312984.9775,678334.6994,guest house,Hawthorne House,Class 1,Class 1, ,Demolished,15 WEST TERRACE,EH30 9LL,6846
312978.0757,678338.1874,vacant,vacant,Class 4,Class 4,Vacant,Vacant,19 WEST TERRACE,EH30 9LL,6847
312999.015,678327.496300001,hairdresser,Sebastians,Class 1,Class 1,Class 1,Class 1,12 WEST TERRACE,EH30 9LL,6848
312990.985,678331.706900001,financial services,Peter McKinney Associates,Class 2,Class 2,Class 2,Class 2,14(A) WEST TERRACE,EH30 9LL,6849
319797.1918,669962.726500001,betting shop,Ladbrokes, , ,Class 2,Class 2,3A WESTER HAILES CENTRE,EH14 2SW,6850
319792.1207,669960.605799999,betting shop,William Hill, , ,Class 1,Class 2,4 WESTER HAILES CENTRE,EH14 2SW,6851
324417.9593,673601.214400001,ladies clothing (larger sizes),The Extra Inch,Class 1,Class 1,Class 1,Class 1,12 WILLIAM STREET,EH3 7NH,6852
324408.2754,673595.627499999,ladies shoes & accessories,Helen Bateman,Class 1,Class 1,Class 1,Class 1,16 WILLIAM STREET,EH3 7NH,6853
324400.8826,673590.7246,"clothing accessories, gifts",Trinket,Class 1,Class 1,Class 1,Class 1,18 WILLIAM STREET,EH3 7NH,6854
324395.2958,673586.627499999,hairdresser,Brian Rafferty,Class 1,Class 1,Class 1,Class 1,20 WILLIAM STREET,EH3 7NH,6855
324389.8826,673583.862299999,public house,Teuchters,Class 3,SUI GENERIS,SUI GENERIS,SUI GENERIS,26 WILLIAM STREET,EH3 7NH,6856
324303.4462,673518.188999999,hairdresser,Lindsey Gillies,Vacant,Class 1,Class 1,Class 1,28 WILLIAM STREET,EH3 7LJ,6857
324289.5276,673506.0131,take-away food,William Street Food Co.,Class 1,Class 1,Class 1,Class 1,34 WILLIAM STREET,EH3 7LJ,6858
324282.811,673500.9055,restaurant (Chinese),Lune Town,Class 3,Class 3,Class 3,Class 3,38 WILLIAM STREET,EH3 7LJ,6859
328330.6636,674129.809599999,florist,Bloom Fresh,Class 1,Class 1,Class 1,Class 1,3 WILLOWBRAE ROAD,EH8 7DB,6860
319787.0496,669958.2653,vacant,vacant, , ,Class 1,Vacant,(4A) WESTER HAILES CENTRE,EH14 2SW,6861
319795.2414,669940.7114,hairdresser,gls hairdressing,Class 1,Class 10,Class 1,Class 1,5 WESTER HAILES CENTRE,EH14 2SW,6862
319798.7522,669931.349300001,coffee shop,Coffee Express,Class 1,Vacant,Class 1,Class 3,6 WESTER HAILES CENTRE,EH14 2SW,6863
319806.944,669912.0152,money lenders,The Money Box,Class 1,Class 1,Vacant,Class 2,7 WESTER HAILES CENTRE,EH14 2SW,6864
319802.6531,669921.987199999,charity shop,Barnardo's,Class 1,Vacant,Class 1,Class 1,7A WESTER HAILES CENTRE,EH14 2SW,6865
319811.235,669902.653100001,post office,Wester Hailes Post Office,Class 1,Class 1,Class 1,Class 1,8 WESTER HAILES CENTRE,EH14 2SW,6866
319814.7458,669892.900900001,slot casino,Cashino,Class 1,Class 1,Class 11,Class 11,9 WESTER HAILES CENTRE,EH14 2SW,6867
319818.6466,669883.7586,vacant,vacant,Class 1,Class 1,Class 1,Vacant,10 WESTER HAILES CENTRE,EH14 2SW,6868
319823.3277,669874.396500001,"t.v., hi-fi, furniture",Bright House,Class 1,Class 1,Class 1,Class 1,11 WESTER HAILES CENTRE,EH14 2SW,6869
319820.9224,669862.971999999,indoor market hall,market hall,Class 1,Vacant,Class 1,Class 1,12 WESTER HAILES CENTRE,EH14 2SW,6870
319790.1703,669861.3038,dental surgery,Westside Dental Care,Class 1,Vacant,Vacant,Class 2, , ,6871
319778.4676,669888.6099,optician,Jack Brown Eyecare, , ,Class 1,Class 1,16-17 WESTER HAILES CENTR,EH14 2SW,6872
319827.2286,669887.269400001,n/t/c,Plaza News, ,Vacant,Class 1,Class 1,25A WESTER HAILES CENTRE,EH14 2SW,6873
319831.9096,669878.0776,chemist,Lloyds Pharmacy,Class 1,Class 1,Class 1,Class 1,26 WESTER HAILES CENTRE,EH14 2SW,6874
319830.3493,669855.842599999,supermarket,Lidl,Class 1,Class 1,Class 1,Class 1,26A WESTER HAILES CENTRE,EH14 2SW,6875
319782.2694,669857.517200001,frozen food,Farmfoods, , ,Class 1,Class 1,27-28 WESTER HAILES CENTR,EH14 2SW,6876
319773.0064,669880.6379,baker,Greggs,Class 1,Class 1,Class 1,Class 1,29 WESTER HAILES CENTRE,EH14 2SW,6877
319767.9353,669893.681,money lenders,Cheque Centre,Class 1,Class 1,Class 1,Class 2,30 WESTER HAILES CENTRE,EH14 2SW,6878
319763.6443,669905.9936,clothing,Ethel Austin,Class 1,Class 1,Vacant,Class 1,31-34 WESTER HAILES CENTR,EH14 2SW,6879
318418,666629,farm produce,Wester Kinleith Farm Shop, , ,Class 1,Class 1,(A) WESTER KINLEITH FARM,EH14 6AT,6880
321980.652,673109.3543,window blinds,House of Blinds,Class 1,Class 4,Class 1,Class 1,1 WESTERN CORNER,EH12 5PY,6881
321979.9811,673103.652000001,carpets,Murrayfield Carpets,Class 1,Class 1,Class 1,Class 1,3 WESTERN CORNER,EH12 5PY,6882
321978.9749,673097.6143,vacant,vacant,Class 4,Class 1,Vacant,Vacant,4 WESTERN CORNER,EH12 5PY,6883
321977.9686,673091.912,vacant,vacant,Class 4,Class 4,Class 2,Vacant,5 WESTERN CORNER,EH12 5PY,6884
321974.9749,673079.6709,dwelling,dwelling,Class 1,Class 1,Vacant,Class 9, , ,6885
322421.7479,672414.826099999,vacant,vacant,Class 1,Class 1,Vacant,Vacant,(7) WESTFIELD AVENUE,EH11 2QQ,6886
322534.5391,672324.165200001,public house,Murrayfield Sports Bar,SUI GENERIS,SUI GENERIS,SUI GENERIS,SUI GENERIS,20 WESTFIELD ROAD,EH11 2QR,6887
322504,672415,furniture,Sterling Select, , ,Class 1,Class 1,24 WESTFIELD ROAD,EH11 2QB,6888
322585,672521,petrol filling station & shop,Sainsbury, , ,Class 1,Class 1,(26) WESTFIELD ROAD, ,6889
322606,672550,office,Wolfson Electronics, , ,SUI GENERIS,Class 4,44 WESTFIELD ROAD,EH11 2QB,6890
319728.7802,669989.340500001,n/t/c,no name on fascia, , ,Class 1,Class 1,11 WESTSIDE PLAZA,EH14 2ST,6891
319728.0,669985.0496,hot food take-away,n/a, , ,SUI GENERIS,SUI GENERIS,12 WESTSIDE PLAZA,EH14 2ST,6892
323023.7126,672314.9255,hot food take-away (Chinese),Jade House,SUI GENERIS,SUI GENERIS,SUI GENERIS,SUI GENERIS,3 WHEATFIELD STREET,EH11 2NZ,6893
330977.1991,671478.1424,car showroom,Western Volkswagon, , ,SUI GENERIS,SUI GENERIS,(1) WHITEHILL ROAD,EH15 3QR,6894
331050.515,671379.570599999,car showroom,Glenvargill, , ,SUI GENERIS,SUI GENERIS,8 WHITEHILL ROAD,EH15 3QR,6895
331930.7853,671873.848300001,grocer,Village Shop,Class 1,Class 1,Class 1,Class 1,2B WHITEHILL STREET,EH21 8RA,6896
325053.0,672052.1962,dentist,Links Dental Practice, , ,Class 2,Class 2, , ,6897
318567.4183,675087.3518,haridresser,Raymonds,Class 1,Class 1,Class 1,Class 1,185 WHITEHOUSE ROAD,EH4 6BU,6898
318569.3842,675079.8814,grocer / convenience store,Scotmid,Class 1,Class 1,Class 1,Class 1,187-189 WHITEHOUSE ROAD,EH4 6BU,6899
318566.632,675069.6588,gift shop,Cloudberry,Class 1,Class 2,Class 2,Class 1,193 WHITEHOUSE ROAD,EH4 6BU,6900
318568.9911,675061.0089,chemist,Barnton Pharmacy,Class 1,Class 1,Class 1,Class 1,195 WHITEHOUSE ROAD,EH4 6BU,6901
318571.3501,675052.7522,hot food take-away (Chinese),Royal Dynasty,Class 1,Class 1,SUI GENERIS,SUI GENERIS,197 WHITEHOUSE ROAD,EH4 6BU,6902
318572.9228,675046.854599999,baker & post office,Barnton Bakery & Post Office,Class 1,Class 1,Class 1,Class 1,199 WHITEHOUSE ROAD,EH4 6BU,6903
318909.4546,676599.5778,vacant,vacant,Class 1,Class 1,Class 1,Vacant,20 WHITEHOUSE ROAD,EH4 6HX,6904
324426.8826,673628.137700001,"ladies clothing, accessories & shoes",Sam Thomas,Class 1,Vacant,Class 1,Class 1,5 WILLIAM STREET,EH3 7NG,6905
324419.6072,673626.255100001,florist,Lilium,Class 1,Class 1,Class 1,Class 1,5A WILLIAM STREET,EH3 7NG,6906
324416.2551,673624.3928,sandwich bar,Herbie,Class 1,Class 1,Class 1,Class 1,7 WILLIAM STREET,EH3 7NG,6907
324412.5305,673622.158,vacant,vacant,Class 3,Class 3,Class 3,Vacant,11(BF)-15 WILLIAM STREET,EH3 7NG,6908
324409.1784,673619.9233,sandwich bar,Nikki's,Class 1,Class 1,Class 1,Class 1,11-13 WILLIAM STREET,EH3 7NG,6909
324404.3318,673616.862299999,vacant,vacant,Class 4,Class 1,Class 4,Vacant,15 WILLIAM STREET,EH3 7NG,6910
324394.2754,673610.903000001,public house,The Melville,SUI GENERIS,SUI GENERIS,SUI GENERIS,SUI GENERIS,19-25 WILLIAM STREET,EH3 7NG,6911
324383.097,673604.255100001,public house,Bert's Bar,SUI GENERIS,SUI GENERIS,SUI GENERIS,SUI GENERIS,29-31 WILLIAM STREET,EH3 7NG,6912
324294.9186,673534.811000001,coffee shop,Kg's,SUI GENERIS,Class 1,Class 1,Class 3,33 WILLIAM STREET,EH3 7LW,6913
324291.8503,673533.0,letting agent,The Edinburgh Letting Company,Class 1,Class 1,Class 1,Class 2,35 WILLIAM STREET,EH3 7LW,6914
324287.4724,673529.3517,ladies clothing,Odessey Boutique, , ,Class 1,Class 1,39-41 WILLIAM STREET,EH3 7LW,6915
324276.391,673520.5407,specialist cake shop,Liggy's Cake,Class 1,Class 1,Class 1,Class 1,45 WILLIAM STREET,EH3 7LW,6916
324273.1076,673517.9869,gallery,Audalde Gallery,Class 1,Class 1,Class 1,Class 1,49 WILLIAM STREET,EH3 7LW,6917
324268.4593,673514.4462,jeweller,Liam Ross,Class 1,Class 1,Class 1,Class 1,51 WILLIAM STREET,EH3 7LW,6918
324436.9233,673612.627499999,ladies clothing,Arkangel & Fallon,Class 1,Class 1,Class 1,Class 1,4 WILLIAM STREET,EH3 7NH,6919
324431.3364,673609.2754,ladies clothing,Vanilla Bloom,Class 2,Class 2,Class 2,Class 1,4A-6 WILLIAM STREET,EH3 7NH,6920
324425.7653,673606.0,ladies clothing,The Cupboard,Class 1,Class 1,Class 1,Class 1,10 WILLIAM STREET,EH3 7NH,6921
328375.4122,674079.146,hairdresser,Master Cut,Class 1,Class 1,Class 1,Class 1,15 WILLOWBRAE ROAD,EH8 7DB,6922
328769.9642,673762.928300001,hot food take-away (Indian),Shahi Manzil,SUI GENERIS,SUI GENERIS,SUI GENERIS,SUI GENERIS,157 WILLOWBRAE ROAD,EH8 7JB,6923
328774.0999,673760.928300001,hot food take-away (Chinese),Kam Lo,SUI GENERIS,SUI GENERIS,SUI GENERIS,SUI GENERIS,159 WILLOWBRAE ROAD,EH8 7JB,6924
329125.8526,673259.844699999,restaurant & bar,Radical Road,SUI GENERIS,SUI GENERIS,SUI GENERIS,SUI GENERIS,(229) WILLOWBRAE ROAD,EH8 7ND,6925
329124.8553,673231.2842,grocer & post office,Londis & Northfield Post Office,Class 1,Class 1,Class 1,Class 1,231 WILLOWBRAE ROAD,EH8 7ND,6926
329157,673206,car showroom,Western Mercedes/Jeep/Chrysler,SUI GENERIS,SUI GENERIS,SUI GENERIS,SUI GENERIS,235 WILLOWBRAE ROAD,EH8 7ND,6927
328339.7893,674123.879899999,greengrocer,Multifresh,Class 1,Class 1,Class 1,Class 1,4 WILLOWBRAE ROAD,EH8 7DB,6928
328342.6839,674120.502800001,plasterers,Edinburgh plastering and tiling,Class 1,Vacant,Vacant,Class 4,6 WILLOWBRAE ROAD,EH8 7DB,6929
328345.9002,674116.160800001,n/t/c,M. Azhar,Class 1,Class 1,Class 1,Class 1,8 WILLOWBRAE ROAD,EH8 7DB,6930
328372.0351,674083.327199999,chemist,Pharmacy,Class 1,Class 1,Class 1,Class 1,14 WILLOWBRAE ROAD,EH8 7DB,6931
328379.4325,674075.286499999,hairdresser,Master cut,Class 1,Class 1,Class 1,Class 1,16A WILLOWBRAE ROAD,EH8 7DB,6932
328270.7542,674139.2717,Fancy dress,Stir Crazy,Class 2,Class 1,Class 1,Class 1,1 WOLSELEY PLACE,EH8 7AD,6933
328254.427,674142.0407,bank,Bank of Scotland / HBOS,Class 2,Class 2,Class 2,Class 2,5-7 WOLSELEY PLACE,EH8 7AD,6934
328240.0056,674143.914999999,financial services,Clarity,Class 1,Class 1,Class 1,Class 4,9 WOLSELEY PLACE,EH8 7AD,6935
328228.3752,674145.256899999,beauty salon,Not Just Nails,Class 2,Class 2,Class 1,Class 1,13 WOLSELEY PLACE,EH8 7AD,6936
328262.8743,674140.5582,financial services,MJP Properties,Class 1,Vacant,Class 2,Class 2,4 WOLSELEY PLACE,EH8 7AD,6937
328235.9852,674144.397399999,travel agent,Destinations,Class 1,Vacant,Class 1,Class 1,10 WOLSELEY PLACE,EH8 7AD,6938
328231.9649,674144.879899999,hot food take-away,Mr. Hot Potato,Class 4,SUI GENERIS,SUI GENERIS,SUI GENERIS,12 WOLSELEY PLACE,EH8 7AD,6939
328288.281,674136.256899999,Grocer,Premier, , ,Class 1,Class 1,1-2 WOLSELEY TERRACE,EH8 7AB,6940
324921.7518,672536.001399999,public house,Ye Olde Golf Tavern,SUI GENERIS,SUI GENERIS,SUI GENERIS,SUI GENERIS,30 WRIGHT'S HOUSES,EH10 4HR,6941
326878.6071,676111.172800001,public house,Anderson's Bar,SUI GENERIS,SUI GENERIS,SUI GENERIS,SUI GENERIS,1-2 YARDHEADS,EH6 6BU,6942
326867.0784,676119.125600001,vacant,vacant,Class 4,Class 1,Vacant,Vacant,5 YARDHEADS,EH6 6BU,6943
326872.8482,676115.403100001,vacant,vacant,Class 2,Class 2,Vacant,Vacant,4 YARDHEADS,EH6 6BU,6944
326863.0261,676121.827199999,office,Hotel Portfolio Ii Uk Ltd.,Class 4,Vacant,Class 4,Class 4,6 YARDHEADS,EH6 6BU,6945
326859.4241,676124.3036,dwelling,dwelling,Class 4,Vacant,Vacant,Class 9, , ,6946
323949.3715,672550.3715,hot food take-away,Aqua Marina,SUI GENERIS,SUI GENERIS,SUI GENERIS,SUI GENERIS,3 YEAMAN PLACE,EH11 1BR,6947
323954.1036,672539.092900001,dwelling,dwelling, , ,Class 1,Class 9, , ,6948
323976.3499,672428.257099999,public house,Golden Rule,SUI GENERIS,SUI GENERIS,SUI GENERIS,SUI GENERIS,30 YEAMAN PLACE,EH11 1BU,6949
323982.2678,672415.092900001,car parts & accessories,Car Parts, , ,Class 1,Class 1,36-38 YEAMAN PLACE,EH11 1BT,6950
325570.7708,674291.0277,bathroom furniture & fittings,Bath Store, , ,Class 1,Class 1,4 YORK BUILDINGS,EH2 1HY,6951
325549.7406,674285.5416,furniture,Chalon, , ,Class 1,Class 1,6 YORK BUILDINGS,EH2 1HY,6952
325632.5384,674272.4387,ladies clothing,Troon, , ,Class 1,Class 1,1 YORK PLACE,EH1 3EB,6953
325633.0062,674274.590500001,hairdresser,Blunted Barbers, , ,Class 1,Class 1,1A YORK PLACE,EH1 3EB,6954
325638.0353,674275.7422,restaurant (Indian),9 Cellars, , ,Class 3,Class 3,3(BF) YORK PLACE,EH1 3EB,6955
325639.4387,674276.0229,shoe repairs / key cutting,Robbie's Services,Class 1,Class 1,Class 1,Class 1,3C YORK PLACE,EH1 3EB,6956
325839.3804,674332.332699999,hairdresser,Cheynes, , ,Class 1,Class 1,45A-B YORK PLACE,EH1 3HP,6957
325861.632,674337.1976,take away food,Chicken Cottage,Class 1,Class 1, ,Class 1,51-59 YORK PLACE,EH1 3JD,6958
325932.2372,674358.5656,public house,Conan Doyle,SUI GENERIS,SUI GENERIS,SUI GENERIS,SUI GENERIS,71-73 YORK PLACE,EH1 3JD,6959
325632.3715,674314.513900001,hairdresser (gents),York Barbers,Class 2,Class 1,Class 1,Class 1,4B YORK PLACE,EH1 3EP,6960
324862.478,673997.1525,preowned designer clothes,Stock Exchange,Class 1,Class 1,Class 1,Class 1,5 YOUNG STREET,EH2 4HU,6961
324874,673984,public house,Oxford Bar,SUI GENERIS,SUI GENERIS,SUI GENERIS,SUI GENERIS,8 YOUNG STREET,EH2 4JB,6962
324792.9355,673960.956,public house,Cambridge Bar,SUI GENERIS,SUI GENERIS,SUI GENERIS,SUI GENERIS,20 YOUNG STREET,EH2 4JB,6963
312800,678271,restaurant,Bamboo, , , ,Class 3,55(UNIT1) THE LOAN,EH30 9SD,6964
325771.5971,674607.0637,bar/cafe,Nom de Plume, , , ,SUI GENERIS,60 BROUGHTON STREET,EH1 3SA,6965
324247.169,674670.858999999,residential property managers,NorthwoodUK.com, , , ,Class 2,3-5 DEAN PARK STREET,EH4 1JN,6966
324748.3219,674733.0,beauty salon,Lisa V, , , ,Class 1,25 HAMILTON PLACE,EH3 5BA,6967
326137.6472,672793.613700001,solicitors,Good & Stewart, , , ,Class 2,73 BUCCLEUCH STREET,EH8 9LS,6968
330753.1171,673768.149,tattoo studio,Dragonheart Tattoo, , , ,Class 2,260 PORTOBELLO HIGH STREE,EH15 2AT,6969
326104,672841,takeaway food,Green's Deli, , , ,Class 1,34 BUCCLEUCH STREET,EH8 9LP,6970
330840.8165,673724.6942,glazer,Mark Smithh, , , ,Class 4,300 PORTOBELLO HIGH STREE,EH15 2AS,6971
330845.0612,673722.571900001,education,Computer School, , , ,Class 4,302 PORTOBELLO HIGH STREE,EH15 2AS,6972
322566.3332,676000.816,community office & shop,Community Employabilty / Community Thrift Shop, , , ,Class 4,28-30 FERRY ROAD DRIVE,EH4 4BR,6973
324786.1678,674467.328600001,interior designers,Jeffreys Interiors, , , ,Class 4,8 NORTH WEST CIRCUS PLACE,EH3 6ST,6974
324744.8676,674452.510600001,chemist,Lindsay & Gilmour, , , ,Class 1,34-36 NORTH WEST CIRCUS P,EH3 6TW,6975
321482.4902,668964.7072,Post office/cards + confectionery,Colinton Post Office, , , ,Class 1,46 BRIDGE ROAD,EH13 0LQ,6976
324458.8826,673595.627499999,ladies clothing,Frontiers No.10, , , ,Class 1,10(GF) STAFFORD STREET,EH3 7AU,6977
324282.7297,673526.068299999,weight loss centre,All About, , , ,Class 2,43 WILLIAM STREET,EH3 7LW,6978
325945.0436,673540.0273,gift shop and booking office,Mercat Tours, , , ,Class 1,(28) BLAIR STREET,EH1 1QR,6979
326075.3695,673704.292300001,bar and restaurant,Monteiths Bar and Restaurant, , , ,SUI GENERIS,(61) HIGH STREET,EH1 1SR,6980
324597.1174,673613.250499999,photographic goods,Jessops, , , ,Class 1,27-31 SHANDWICK PLACE,EH2 4RG,6981
325967.3382,673604.785,public house,Banshee Labyrinth, , , ,SUI GENERIS,29-35 NIDDRY STREET,EH1 1LG,6982
325968.8455,673581.615900001,café (halal Mediterannean food),Zenobia, , , ,Class 3,14 SOUTH BRIDGE,EH1 1LL,6983
325970.3069,673575.770400001,coffee shop,Captain Taylors Coffee House, , , ,Class 3,18 SOUTH BRIDGE,EH1 1LL,6984
326276.2777,672752.5386,chemist,Newington Pharmacy, , , ,Class 1,46-50 CLERK STREET,EH8 9JB,6985
324052.0,673190.068299999,cafe,Starbucks, , , ,Class 3,1A HAYMARKET,EH12 5EY,6986
323894.1076,673228.0814,lingerie,Beautifully Boudoir, , , ,Class 1,30 HAYMARKET TERRACE,EH12 5JZ,6987
323884.6221,673228.4462,beautician,Anthyllis, , , ,Class 1,32 HAYMARKET TERRACE,EH12 5JZ,6988
323865.7035,673228.9869,car rental,Dollar / Thrifty, , , ,SUI GENERIS,42(02) HAYMARKET TERRACE,EH12 5LA,6989
324322.2963,673247.630000001,moneylender,Cheque Centre, , , ,Class 2,218 MORRISON STREET,EH3 8EA,6990
324295.9234,673248.844000001,vacant,vacant, , , ,Vacant,232 MORRISON STREET,EH3 8EA,6991
324184.8794,673298.4593,financial services,Telemortgages, , , ,Class 2,"5/5A MAITLAND STREET, WES",EH12 5DS,6992
325804.3768,674545.4405,café / bar,Blue Moon, , , ,SUI GENERIS, , ,6993
319796.7234,672979.658299999,consulting engineers,David R Murray & Associates, , , ,Class 4,150-154 ST. JOHN'S ROAD,EH12 8AY,6994
319748.7903,672995.677100001,solicitors & estate agents,Neilsons, , , ,Class 2,162 ST. JOHN'S ROAD,EH12 8AZ,6995
325769.6493,674610.310000001,solicitors,Colin Blaikie & Co., , , ,Class 2,62 BROUGHTON STREET,EH1 3SA,6996
325768.0261,674612.907099999,ladies clothing,Threadbare, , , ,Class 1,64(BF) BROUGHTON STREET,EH1 3SA,6997
312800,678271,hot food take-away,Chilli Waves, , , ,SUI GENERIS,55(UNIT2B) THE LOAN,EH30 9SD,6998
312800,678271,"protective motor bike clothing, accessories",Girls Bike 2, , , ,Class 1,55(UNIT3) THE LOAN,EH30 9SD,6999
312800,678271,vacant,vacant (formerly a soft play centre), , , ,Vacant,55(UNIT4-5) THE LOAN,EH30 9SD,7000
324012.4681,673060.883099999,leisure activity,Laserquest, , , ,Class 11,56B DALRY ROAD,EH11 2BA,7001
325489.6305,673375.0,"furniture, soft furnishings",Anta, , , ,Class 1,73 GRASSMARKET,EH1 2HJ,7002
325319.3069,673351.8309,hairdresser,Sublime Hair Design, , , ,Class 1,16 GRASSMARKET,EH1 2JU,7003
325917.8455,673448.785,office,Link Net Mentoring / Edinburgh University Settlement, , , ,Class 4,31 GUTHRIE STREET,EH1 1JG,7004
325688.1691,673612.354900001,clothing,Marchbrae, , , ,Class 1,375 HIGH STREET,EH1 1PW,7005
325661.1545,673646.135600001,restaurant,The Glasshouse of the Mile, , , ,Class 3,18-22(GF) ST. GILES STREE,EH1 1PT,7006
317938.0639,672558.324999999,books,W.H. Smith, , , ,Class 1,42B GYLE AVENUE,EH12 8NG,7007
325597.4111,673554.659600001,bank,Bank of Scotland, , , ,Class 2,300 LAWNMARKET,EH1 2PH,7008
325617.7806,673505.505100001,restaurant,Pizza Express, , , ,Class 3,1 VICTORIA TERRACE,EH1 2JL,7009
325614.0168,673516.9789,restaurant,Ondine, , , ,Class 3,2 GEORGE IV BRIDGE,EH1 1EE,7010
325714.1378,673619.7391,restaurant,Angels with Bagpipes, , , ,Class 3,343 HIGH STREET,EH1 1PW,7011
320040.2537,672942.652000001,building society,Nationwide, , , ,Class 2,72 ST. JOHN'S ROAD,EH12 8AT,7012
322931.3125,673268.9016,architects,Iain Gaul Architects, , , ,Class 4,4 COLTBRIDGE AVENUE,EH12 6AH,7013
322930.9771,673274.2685,public relations and events,KD Media, , , ,Class 4,6 COLTBRIDGE AVENUE,EH12 6AH,7014
324988.5031,673196.997099999,architects,Buro Happold, , , ,Class 4,57-59 BREAD STREET,EH3 9AH,7015
324517.6011,671966.401699999,residential property agency,Trinity Factoring Services Ltd., , , ,Class 2,209-211 BRUNTSFIELD PLACE,EH10 4DH,7016
324457.6958,671899.2948,supermarket,Tesco Metro, , , ,Class 1,2(A) COLINTON ROAD,EH10 5DN,7017
324853.0128,673018.992900001,employment services,Remploy, , , ,Class 2,22-24 EARL GREY STREET,EH3 9BN,7018
324446.3926,671892.188100001,hairdresser,Charlie Miller hairdressing, , , ,Class 1,2B COLINTON ROAD,EH10 5DN,7019
324438.7859,671886.8945,coffee shop,Starbucks, , , ,Class 1,2C COLINTON ROAD,EH10 5DN,7020
324645.9101,672204.5546,home brewing equipment,Alba Homebrew, , , ,Class 1,6 VIEWFORTH,EH10 4JF,7021
324744.2535,673042.0033,vacant,vacant, , , ,Vacant,54A(3F) FOUNTAINBRIDGE,EH3 9PT,7022
324736.2496,673036.500700001,vacant,vacant, , , ,Vacant,54A(4F) FOUNTAINBRIDGE,EH3 9PT,7023
324634.7537,672944.749399999,coffee shop,Cuthbert's, , , ,Class 3,96(GF2) FOUNTAINBRIDGE,EH3 9QA,7024
324640.5064,672947.500700001,vacant,vacant, , , ,Vacant,96(GF1) FOUNTAINBRIDGE,EH3 9QA,7025
323815.6501,672524.6393,tile shop,Stile, , , ,Class 1,185 DUNDEE STREET,EH11 1DH,7026
324935.9967,672650.0019,butcher,John Saunderson, , , ,Class 1,38-40 LEVEN STREET,EH3 9LJ,7027
324846.9971,672751.248199999,dental surgery,Edinburgh Orthodontics, , , ,Class 2, , ,7028
327327.1082,671010.6974,ladies and mens clothing,Peacocks, , , ,Class 1, , ,7029
326951.3645,674598.5725,pharmacy,Dear Pharmacy, , , ,Class 1,92-96 EASTER ROAD,EH7 5RQ,7030
326969.3034,674719.3321,hot food take-away,Turkish Carry Out, , , ,SUI GENERIS, , ,7031
318010.6112,672523.8529,take-away food (pizzas),Pizza Hut Express, , , ,Class 1,105 GYLE AVENUE,EH12 8NG,7032
317987.9111,672517.5473,take-away food,Burger King, , , ,Class 1,105(A) GYLE AVENUE,EH12 8NG,7033
318013.6306,672438.9749,restaurant,Frankie & Benny's, , , ,Class 3,(C) GYLE AVENUE,EH12 8NG,7034
318626.1873,673977.616699999,grocer / convenience store,The Co-operative Food, , , ,Class 1, , ,7035
318656.1441,673973.683,chemist,Lloyds, , , ,Class 1,5X BUGHTLIN MARKET,EH12 8XP,7036
318026.5416,672511.0,mobile phone / ipod accessories,Fone Active, , , ,Class 1,(RMU2) GYLE AVENUE,EH12 8NG,7037
317938.2634,672543.789000001,handbags,Personalize, , , ,Class 1,(STANCE-PERSO) GYLE AVENU,EH12 8NG,7038
317964.7469,672533.069599999,jewellery,no name, , , ,Class 1, , ,7039
326950.6652,675845.508300001,building society,Alliance and Liecester, , , ,Class 2,15-21 LEITH WALK,EH6 8LN,7040
326972.398,675958.3036,mixed durable goods,Poundland, , , ,Class 1, , ,7041
326980.2513,676028.989800001,bank,Bank of Scotland, , , ,Class 2,13A NEWKIRKGATE,EH6 6AD,7042
317993.7526,672524.241699999,sandwiches,Baguette Express, , , ,Class 1,(LIFT-KIOSK1) GYLE AVENUE,EH12 8NG,7043
318005.7332,672532.438999999,Fruit juice bar,Zumo, , , ,Class 1,(LIFT-KIOSK2) GYLE AVENUE,EH12 8NG,7044
318006.3637,672513.5222,coffee & cookies,Millies Cookies, , , ,Class 3,(LIFT-KIOSK3) GYLE AVENUE,EH12 8NG,7045
322482.0998,674713.639900001,shoes,Clarks, , , ,Class 1,44 SOUTH GROATHILL AVENUE,EH4 2LN,7046
320214,672220,betting shop,William Hill, , , ,Class 2,"81-83 SAUGHTON ROAD, NORT",EH12 7JB,7047
322480.334,674702.162699999,coffee shop,Costa, , , ,Class 3,46A SOUTH GROATHILL AVENU, ,7048
322478.5683,674686.2711,"ladies, gents, children's clothing",New Look, , , ,Class 1,48-50 SOUTH GROATHILL AVE,EH4 2LN,7049
322476.8026,674664.1995,"ladies, gents, children's clothing",Next, , , ,Class 1,52 SOUTH GROATHILL AVENUE,EH4 2LN,7050
322475.0369,674642.127900001,"ladies, gents, children's clothing","Burtons, Wallis, Dorothy Perkins, Evans", , , ,Class 1,54 SOUTH GROATHILL AVENUE,EH4 2LN,7051
325055.3299,672036.052100001,audio-visual consultants,Electrosonic, , , ,Class 4,107-109 WHITEHOUSE LOAN,EH9 1AT,7052
325056.4844,672029.289999999,childrens seats,Totseat, , , ,Class 4,111 WHITEHOUSE LOAN,EH9 1AT,7053
324522.6854,671725.3146,tea room,Loopy Lorna's Tea House, , , ,Class 3, , ,7054
324341.3715,672586.5572,Letting agents,Scottish Vocational Lettings, , , ,Class 4,11 ST. PETER'S PLACE,EH3 9PH,7055
324535.2022,671341.486,hardware,Houseproud of Morningside, , , ,Class 1,169-173 MORNINGSIDE ROAD,EH10 4AX,7056
324491.7416,671530.401699999,restaurant (Nepalese),The Gurkha, , , ,Class 3,126A-128 MORNINGSIDE ROAD,EH10 4BX,7057
321677.7522,674886.179500001,paint shop,The Peffer Paint Company, , , ,Class 1,10-12 TELFORD ROAD,EH4 2BA,7058
321937.3606,673137.3166,café,Cocobean Café, , , ,Class 3,58 CORSTORPHINE ROAD,EH12 6JQ,7059
321927.2977,673135.6394,hairdresser,Salon La Greca, , , ,Class 1,60 CORSTORPHINE ROAD,EH12 6JQ,7060
326622.8473,671443.0549,joiner,David Kent Joinery, , , ,Class 4,63 MAYFIELD ROAD,EH9 3AA,7061
317942.0,671880.6656,public house,The Ritz, , , ,SUI GENERIS,(3A) LOCHSIDE PLACE,EH12 9DF,7062
331054.3056,671668.1987,sandwich shop,Subway, , , ,Class 1,55A KINNAIRD PARK,EH15 3RD,7063
321902.7348,676119.0154,betting shop,Ladbrokes, , , ,Class 2,49A-51 PENNYWELL ROAD,EH4 4TY,7064
326774.2462,675496.2774,betting shop,William Hill, , , ,Class 2,215-217 LEITH WALK,EH6 8NX,7065
326749.5969,675446.4241,delicatessen and café,Deli Polonia, , , ,Class 1, , ,7066
326837.0995,675695.994899999,bedroom furniture,The Bed Shop, , , ,Class 1,110-120 LEITH WALK,EH6 5DT,7067
326825.4503,675673.895400001,restaurant,Punjab n de Rasoi, , , ,Class 3, , ,7068
326803.0995,675629.895400001,charity shop,Barnardo's, , , ,Class 1,144-150 LEITH WALK,EH6 5DT,7069
331055.6796,671673.0078,travel agent,Thoms Cook, , , ,Class 1,55B KINNAIRD PARK,EH15 3RD,7070
331107.4277,671745.244200001,clothing,New Look, , , ,Class 1,61-62 KINNAIRD PARK,EH15 3RD,7071
331112.3437,671761.084000001,mobile phones,Vodafone, , , ,Class 1,63(2) KINNAIRD PARK,EH15 3RD,7072
330904.3426,671650.1724,jeweller,H Samuel, , , ,Class 1,2B LAWHOUSE TOLL,EH15 3RH,7073
330892.0567,671650.1435,"books, stationery, newspapers and confectionery",W.H. Smith, , , ,Class 1,3A/1 LAWHOUSE TOLL,EH15 3RH,7074
330880.1146,671644.1724,Clothing (ladies),Monsoon, , , ,Class 1,3A/2 LAWHOUSE TOLL,EH15 3RH,7075
330873.6852,671530.3993,chemist,Superdrug, , , ,Class 1,11A LAWHOUSE TOLL,EH15 3RH,7076
330879.1135,671520.6285,video games,Game, , , ,Class 1,11B LAWHOUSE TOLL,EH15 3RH,7077
326492.9877,676430.8095,carpets,Bonar Carpets & Blinds, , , ,Class 1,13-15 FERRY ROAD,EH6 4AD,7078
327008.1065,676401.5787,art gallery,The Leith Gallery, , , ,Class 1, , ,7079
319694.8269,670675.2246,betting shop,Ladbrokes, , , ,Class 2,491-491A CALDER ROAD,EH11 4AW,7080
326638.0946,677122.6228,hairdresser,Charlie Miller, , , ,Class 1,98(RU60B) OCEAN DRIVE,EH6 6JJ,7081
326634.3968,677119.717399999,clothing,White Stuff, , , ,Class 1,98(RU60A) OCEAN DRIVE,EH6 6JJ,7082
326726.1256,676194.2985,supermarket,Tesco Express, , , ,Class 1,110 GREAT JUNCTION STREET,EH6 5LJ,7083
322676,672322,supermarket - large,Sainsbury, , , ,Class 1,39 WESTFIELD ROAD,EH11 2QU,7084
323074.8002,671103.4013,supermarket,Tesco Express, , , ,Class 1,62B(1) COLINTON ROAD,EH14 1AT,7085
323065.3351,671092.8697,funeral directors,W. T. Dunbar & Sons, , , ,Class 1,62B(2) COLINTON ROAD,EH14 1AT,7086
322493.4686,676802.2546,supermarket - large,Morrisons, , , ,Class 1,3 WATERFRONT BROADWAY,EH5 1SA,7087
322646.476,676768.1587,petrol filling station & shop,Morrisons, , , ,SUI GENERIS,(A) WATERFRONT BROADWAY, ,7088
325829.4059,677124.9594,supermarket - large,Asda, , , ,Class 1,2 SANDPIPER DRIVE,EH6 6QJ,7089
325679.9429,672937.771500001,café,Peters Yard, , , ,Class 3,27 SIMPSON LOAN,EH3 9GG,7090
325680.5286,672946.699899999,supermarket,Sainsbury Local, , , ,Class 1,29-30 SIMPSON LOAN,EH3 9GG,7091
325702.1382,673942.024499999,vacant,vacant, , , ,Vacant, , ,7092
325680.8858,672955.6863,coffee shop,Starbucks, , , ,Class 3,32 SIMPSON LOAN,EH3 9GG,7093
325077.757,673194.513599999,grocer / convienence store,Sainsbury Local, , , ,Class 1, , ,7094
325721.4522,673947.1292,vacant,vacant, , , ,Vacant, , ,7095
325684.9199,673942.233899999,vacant,vacant, , , ,Vacant, , ,7096
325765.646,673915.5348,general clothing,Cult, , , ,Class 1, , ,7097
325722.1497,673904.7776,whisky,The Whisky Shop, , , ,Class 1,3/U23 WAVERLEY BRIDGE,EH1 1BQ,7098
325711.2894,673901.830700001,hairdresser,Regis, , , ,Class 1,3/U24 WAVERLEY BRIDGE,EH1 1BQ,7099
325694.2739,673897.7261,general cothing,Xile, , , ,Class 1,3/U25-U26 WAVERLEY BRIDGE,EH1 1BQ,7100
325684.4432,673895.0891,"knitwear, Highland goods",Gleneagles of Scotland (Edinburgh Woollen Mill), , , ,Class 1,3/U27-U28 WAVERLEY BRIDGE,EH1 1BQ,7101
324562,672884,supermarket,Tesco Express, , , ,Class 1, , ,7102
330949.1991,671396.486099999,furniture,Sterling, , , ,Class 1,4 WHITEHILL ROAD,EH15 3QR,7103
330995.6007,671423.8298,furniture,Vogue, , , ,Class 1,6 WHITEHILL ROAD,EH15 3QR,7104
318501.307,670948.3038,supermarket - large,Tesco, , , ,Class 1,21-25 CULTINS ROAD,EH11 4DG,7105
318352.351,670913.2304,d.i.y. store,B & Q Warehouse, , , ,Class 1,19 CULTINS ROAD,EH11 4DG,7106
326437.7706,676416.3791,upholsterer,Be Seated, , , ,Class 4,35A-37 FERRY ROAD,EH6 4AD,7107
325174.6734,675107.782299999,restaurant & hot food take-away,Loon Fung, , ,Class 3,Class 3,1-2 WARRISTON PLACE,EH3 5LE,7108
325834.5043,673911.2291,Café Nero,cafe, , , ,Class 3,4(53-55) WAVERLEY BRIDGE,EH1 1BQ,7109
330766.2713,673762.1171,clothing (ties & scarves),Maddock & Dick, , , ,Class 1,266-268 PORTOBELLO HIGH S,EH15 2AT,7110
331121.0078,671788.870100001,mobile phones,Orange, , , ,Class 1,65A KINNAIRD PARK,EH15 3RD,7111
324418,672518,Vacant,Vacant, , , ,Vacant,133-135 GILMORE PLACE,EH3 9PP,7112
325009.9943,673002.499299999,residential letting agency,Littlejohns, , , ,Class 2,113-115 LAURISTON PLACE,EH3 9JG,7113
324433.2081,673214.367000001,employment agency,Quality Link Recruitment, , , ,Class 4,133-135 MORRISON STREET,EH3 8AJ,7114
325442.6048,674993.5352,bicycles,The Bike Chain, , , ,Class 1,26-30 RODNEY STREET,EH7 4EA,7115
326441.5196,674931.5065,café,Fair Trade Coffe Shop, , , ,Class 3,30-31 ALBERT PLACE,EH7 5HN,7116
325563.7541,676204.1314,designer radiators,The Radiator Store, , , ,Class 1,17-18 CHANCELOT TERRACE,EH6 4SS,7117
324537.5031,673179.0,vacant,vacant, , , ,Vacant,89-91 MORRISON STREET,EH3 8BU,7118
325685.5911,673318.5526,hot food take-away,Pizza Paradise, , , ,SUI GENERIS,32-34 GEORGE IV BRIDGE,EH1 1EN,7119
325294.9082,673348.922700001,restaurant,The Lot, , , ,Class 3,4-6 GRASSMARKET,EH1 2JU,7120
325660.3149,672378.843800001,greengrocer,Alhaj Worlds Finest Foods, , , ,Class 1,25-28 ARGYLE PLACE,EH9 1JJ,7121
328894.855,675629.608899999,furniture,Furniture Mountain (The Pine Warehouse of Aberdeen), , , ,Class 1,70 SEAFIELD ROAD,EH6 7LW,7122
328917.101,675623.3336,carpets and floor coverings,Carpetright, , , ,Class 1,72 SEAFIELD ROAD,EH6 7LW,7123
