X,Y,DESCRIP86,BUSINESS86,USECLASS86,USECLASS96,USECLASS04,USECLASS10,ADDRESS,POSTCODE,OBJECTID
326794.4614,673934.384099999,restaurant, ,Class 3,Class 9,Class 3,Class 3,9 ABBEY STRAND,EH8 8DU,1
327067.4706,674402.0065,hairdresser, ,Class 1,Class 1, , , , ,2
326939.8169,674274.0781,vacant, ,Vacant,Demolished, , , , ,3
328372.6636,674066.014799999,surgery, ,Class 2,Class 4,Class 4,Class 4,4 ABERCORN ROAD,EH8 7DE,4
325432,674403,restaurant, ,Class 3,Class 3, , , , ,5
327065.6429,675875.6072,vacant, ,Vacant,Class 2,Vacant,Vacant,4 ACADEMY STREE,EH6 7EF,6
327068.7502,675878.964600001,vacant, ,Vacant,Vacant, , , , ,7
326540.7538,676593.450300001,vacant, ,Vacant,Class 9,Class 9, , , ,8
326545.0261,676599.0733,vacant, ,Vacant,Class 9,Class 9, , , ,9
326547.9528,676602.6754,vacant, ,Vacant,Class 9,Class 9, , , ,10
325604.971,674390.9144,public house, ,SUI GENERIS,SUI GENERIS,SUI GENERIS,SUI GENERIS,1 ALBANY STREET,EH1 3PY,11
325596.783,674420.320800001,hairdresser,Kivlin,Class 1,Class 1,Class 1,Class 1,2 ALBANY STREET,EH1 3QB,12
325600.3632,674421.5142,photographic studio,Darling,Class 2,Class 4,Class 4,Class 1,4 ALBANY STREET,EH1 3QB,13
326504.1046,675014.6623,videotape hire, ,Class 1,Class 1,Class 1,Vacant,1 ALBERT PLACE,EH7 5HN,14
326499.3377,675008.6754,ladies' clothing, ,Class 1,Class 1,Class 1,Class 1,3 ALBERT PLACE,EH7 5HN,15
326496.9739,675005.3377,vacant, ,Vacant,Class 3,Class 3,Class 3,4 ALBERT PLACE,EH7 5HN,16
326488.2593,674992.1688,vacant, ,Vacant,Class 2,Class 2,Vacant,5 ALBERT PLACE,EH7 5HN,17
326493.3246,674999.260399999,carpets, ,Class 1,Class 1,Class 1,Class 1,7-8 ALBERT PLAC,EH7 5HN,18
326485.1558,674987.8442,vacant, ,Vacant,Class 1,Class 3,Class 1,9 ALBERT PLACE,EH7 5HN,19
326482.6623,674984.8181,post office, ,Class 1,Class 1,Class 1,Class 1,10 ALBERT PLACE,EH7 5HN,20
326480.0,674981.0131,hot food take-away, ,SUI GENERIS,SUI GENERIS,SUI GENERIS,SUI GENERIS,12 ALBERT PLACE,EH7 5HN,21
326477.1296,674977.2985,travel agent, ,Class 1,Class 1,Class 1,Class 1,13 ALBERT PLACE,EH7 5HN,22
326470.2723,674968.0,restaurant, ,Class 3,Class 3, , , , ,23
326466.8954,674963.103499999,public house, ,SUI GENERIS,SUI GENERIS,SUI GENERIS,SUI GENERIS,17 ALBERT PLACE,EH7 5HN,24
326459.9869,674956.3638,general clothing, ,Class 1,Class 1,SUI GENERIS,Class 4,20 ALBERT PLACE,EH7 5HN,25
326457.9608,674953.4935,electrical, ,Class 1,Class 1,Class 1,Class 1,21-22 ALBERT PL,EH7 5HN,26
326455.5436,674950.1666,public house, ,SUI GENERIS,SUI GENERIS,SUI GENERIS,Class 1,25 ALBERT PLACE,EH7 5HN,27
326452.8954,674946.570800001,n/t/c, ,Class 1,Class 1,Class 1,Vacant,26 ALBERT PLACE,EH7 5HN,28
326450.5316,674943.3627,window blinds, ,Class 1,Class 1,Class 1,Class 1,27 ALBERT PLACE,EH7 5HN,29
326447.9989,674939.817,hairdresser, ,Class 1,Class 1,Class 1,Class 1,28 ALBERT PLACE,EH7 5HN,30
326443.1024,674933.738500001,builder, ,Class 4,Vacant, , , , ,31
326516.7658,675014.416099999,cafe, ,Class 3,SUI GENERIS,Class 3,Class 3,3A ALBERT STREE,EH7 5HL,32
326577.7401,675008.803200001,off license, ,Class 1,Class 1, , , , ,33
326635.6299,675006.1732,catering equipment supplies, ,Class 2,Class 4,Vacant,Class 4,21 ALBERT STREE,EH7 5LH,34
326656.0,675005.2599,wholesale fruit & veg., ,Class 2,Vacant,Vacant,Class 1,33 ALBERT STREE,EH7 5LH,35
326679.7401,675003.629899999,vacant, ,Vacant,Class 2,Class 2,Class 2,45 ALBERT STREE,EH7 5LN,36
326894.1968,674991.1732,hot food t/a, ,SUI GENERIS,SUI GENERIS,Class 4,Class 9, , ,37
326899.6299,674990.0866,vacant, ,Vacant,Class 9,Class 9, , , ,38
326977,674981,post office, ,Class 1,Class 2,Class 9, , , ,39
326543.5577,675038.103499999,baker, ,Class 1,Class 1,Class 1,Vacant, , ,40
326547.2723,675037.934599999,"confectionery, tobacco", ,Class 1,Class 2,Class 2,Vacant,10 ALBERT STREE,EH7 5LG,41
326553.5196,675037.596899999,baker, ,Class 1,Class 1,Class 1,Class 1,14-16 ALBERT ST,EH7 5LG,42
326559.7789,675037.259299999,grocer, ,Class 1,Class 1, , , , ,43
326566.0261,675037.090399999,vacant, ,Vacant,Class 1, , , , ,44
326568.7277,675036.921599999,vacant, ,Vacant,Class 1,SUI GENERIS,SUI GENERIS,24 ALBERT STREE,EH7 5LG,45
326118.5719,674544.116599999,sports trophies & engraving,Emslie Engraving Co.,Class 1,Class 1,Class 1,Vacant,13 ANTIGUA STRE,EH1 3NH,46
326121.5588,674548.934599999,decorating supplies,Decor 8,Class 1,Class 1,Class 1,Class 1,14 ANTIGUA STRE,EH1 3NH,47
323508.8081,672456.9794,bank, ,Class 2,Class 2,Class 2,Class 2,1(GF) ARDMILLAN,EH11 2JN,48
323508.4043,672448.266000001,hairdresser, ,Class 1,Class 1,Class 1,Class 1,2 ARDMILLAN TER,EH11 2JN,49
323507.1486,672437.788000001,chemist, ,Class 1,Class 1,Class 1,Class 1,3 ARDMILLAN TER,EH11 2JN,50
323492.7987,672294.433,blinds, ,Class 1,Vacant, , , , ,51
323492.6706,672290.7195,jeweller/watches, ,Class 1,Vacant, , , , ,52
323492.5426,672287.2621,sweep/slater, ,Class 4,Vacant, , , , ,53
323492.2865,672283.420499999,nearly new clothes & furniture, ,Class 1,Vacant,Class 4,Class 4,24 ARDMILLAN TE,EH11 2JW,54
323492.1584,672279.322799999,building society, ,Class 2,Class 1,Class 1,Class 1,25 ARDMILLAN TE,EH11 2JW,55
325660.262,672359.632200001,public house, ,SUI GENERIS,SUI GENERIS,SUI GENERIS,SUI GENERIS,15-17 ARGYLE PL,EH9 1JJ,56
325660.7356,672340.002499999,engineer, ,Class 4,Class 1,Class 1,Class 1,18 ARGYLE PLACE,EH9 1JJ,57
325660.262,672347.105799999,grocer (lic), ,Class 1,Class 1,Class 1,Vacant,20 ARGYLE PLACE,EH9 1JJ,58
325660.7356,672352.7884,restaurant, ,Class 3,Class 3,Class 3,Class 3,21 ARGYLE PLACE,EH9 1JJ,59
325660.262,672364.0529,antiques, ,Class 1,Class 1,Class 1,Vacant,22 ARGYLE PLACE,EH9 1JJ,60
325660.262,672368.3149,greengrocer, ,Class 1,Class 1,Class 1,Class 1,23 ARGYLE PLACE,EH9 1JJ,61
325660.262,672371.629799999,greengrocer, ,Class 1,Class 1,Class 1, , , ,62
325660.262,672374.944700001,hairdresser, ,Class 1,Vacant,Vacant, , , ,63
325660.3149,672383.579299999,n/t/c, ,Class 1,Class 1,Vacant, , , ,64
325660.3149,672389.7356,vacant, ,Vacant,Class 1,Class 1,Class 1,30 ARGYLE PLACE,EH9 1JJ,65
325659.3149,672417.1587,wholesale haberdashery, ,Class 2,Class 2,Class 2,Class 4,31 ARGYLE PLACE,EH9 1JT,66
325658.8942,672441.579299999,window cleaner, ,Class 4,Class 1,Class 2,Class 4,38 ARGYLE PLACE,EH9 1JT,67
325658.8942,672447.262,bookbinder, ,Class 4,Class 1,Class 1,Class 3,39 ARGYLE PLACE,EH9 1JT,68
325658.8413,672456.2644,beauty parlour, ,Class 1,Class 1,Class 11,Class 11,40 ARGYLE PLACE,EH9 1JT,69
325658.8413,672462.420700001,hairdresser, ,Class 1,Class 1,Class 11,Class 2,41 ARGYLE PLACE,EH9 1JT,70
325658.3678,672469.0504,business computer services, ,Class 4,Class 4,Class 2,Class 4,43(BF) ARGYLE P,EH9 1JT,71
323354.1444,671717.0359,n/t/c /grocer, ,Class 1,Class 1, , , , ,72
323351.2704,671720.432399999,solicitor + estate agent, ,Class 2,Class 2,Class 2,Class 4, , ,73
323348.3965,671723.567600001,plumber, ,Class 4,Class 4, , , , ,74
323345.5225,671726.4416,hairdresser, ,Class 1,Class 1, , , , ,75
323342.6486,671729.054199999,vacant, ,Vacant,Class 4,Class 1,Class 1,1E ASHLEY TERRA,EH11 1RF,76
323259.7028,671820.054199999,n/t/c /grocer, ,Class 1,Class 1,Class 1,Class 1,29-30 ASHLEY TE,EH11 1RE,77
323256.3514,671823.4866,soft furnishings, ,Class 1,Class 1,Class 1,Class 1,32 ASHLEY TERRA,EH11 1RE,78
323253.4775,671826.3606,butcher, ,Class 1,Vacant,Class 2,Class 4,33 ASHLEY TERRA,EH11 1RE,79
323249.793,671830.8289,off licence, ,Class 1,Class 4,Class 1,Class 1,34 ASHLEY TERRA,EH11 1RE,80
323247.1803,671833.9641,greeting cards, ,Class 1,Class 1,Class 1,Class 2,36 ASHLEY TERRA,EH11 1RE,81
323258.9908,671855.2162,chemist, ,Class 1,Class 1,Class 1,Class 1,37 ASHLEY TERRA,EH11 1RY,82
323261.8648,671852.081,hardware, ,Class 1,Class 1,Class 4,Class 1,39 ASHLEY TERRA,EH11 1RY,83
323264.4775,671848.945800001,grocer, ,Class 1,Vacant,Class 4,Vacant,40 ASHLEY TERRA,EH11 1RY,84
323268.9458,671844.522500001,sweets + tobacco, ,Class 1,Class 1,Class 4,Class 2,41 ASHLEY TERRA,EH11 1RY,85
323271.0359,671841.3873,hairdresser, ,Class 1,Class 2,Class 1,Class 1,42 ASHLEY TERRA,EH11 1RY,86
323273.9099,671837.990800001,audio repairs, ,Class 1,Class 1,Vacant,Class 1,44 ASHLEY TERRA,EH11 1RY,87
323276.5225,671835.116900001,grocer, ,Class 1,Class 1,Class 1,Class 1,45 ASHLEY TERRA,EH11 1RY,88
323280.5584,671831.396500001,butcher, ,Class 1,Class 1, , , , ,89
323286.0451,671825.1261,shoe repairs, ,Class 1,Class 1, , , , ,90
323289.1803,671821.729599999,dry cleaners/gifts, ,Class 1,Vacant, , , , ,91
323307.9458,671805.081,fishmonger, ,Class 1,Vacant, , , , ,92
327339.9492,676406.426100001,public house, ,SUI GENERIS,SUI GENERIS,Class 3,Class 3,43 ASSEMBLY STR,EH6 7BQ,93
324313.1759,673394.9186,restaurant, ,Class 3,Class 3,Class 3,Class 3,3 ATHOLL PLACE,EH3 8HP,94
324284.0945,673372.9186,hairdresser,Atholl Hair Specialists,Class 1,Class 4, ,Class 4,6-7 ATHOLL PLAC,EH3 8HP,95
324262.7297,673357.5799,hairdresser, ,Class 1,Class 4,Class 4,Vacant, , ,96
324258.7166,673348.824100001,printing office, ,Class 4,Class 4,Class 2,Vacant,13 ATHOLL PLACE,EH3 8HP,97
327058,668605,grocer, ,Class 1,Class 1, , , , ,98
313928.5443,670872.7599,public house, ,SUI GENERIS,SUI GENERIS,SUI GENERIS,SUI GENERIS,27 BAIRD ROAD,EH28 8RU,99
324691.6997,674505.056700001,charity shop, ,Class 1,Demolished, , , , ,100
324689.3499,674507.4066,accommodation agency, ,Class 4,Demolished, , , , ,101
324686.8322,674509.5886,launderette, ,Class 1,Demolished, , , , ,102
324684.818,674511.602700001,wool, ,Class 1,Class 1,Class 1,Class 1,6 BAKER'S PLACE,EH3 6SY,103
324682.8038,674513.449100001,baker, ,Class 1,Class 1,Class 1,Vacant,7 BAKER'S PLACE,EH3 6SY,104
324680.6218,674515.463199999,antique furniture, ,Class 1,Class 1,Class 3,Class 3,8-10 BAKER'S PL,EH3 6SY,105
324346.5954,670946.3005,office, ,Class 4,Class 2,Class 2,Class 2,8 BALCARRES STR,EH10 5JB,106
324341.4452,670948.1733,vacant, ,Vacant,Class 2, , , , ,107
324248,670951,car showroom, ,SUI GENERIS,SUI GENERIS,SUI GENERIS,SUI GENERIS,21-22 BALCARRES,EH10 5JD,108
323959.9364,670866.2544,wholefood catering office, ,Class 4,Vacant, , , , ,109
326664.7146,675370.234200001,hairdresser, ,Class 1,Class 1,Class 1,Class 11,3 BALFOUR STREE,EH6 5BY,110
326661.0915,675374.5196,betting shop, ,Class 2,Vacant, , , , ,111
326658.5588,675377.558800001,vacant, ,Vacant,Vacant, , , , ,112
326656.3638,675380.597999999,hot food take-away, ,SUI GENERIS,SUI GENERIS,SUI GENERIS,SUI GENERIS,7C BALFOUR STRE,EH6 5BY,113
326645.7146,675395.3508,launderette & dry cleaner, ,Class 1,Class 1,Vacant,Vacant, , ,114
326643.3508,675399.065400001,vacant, ,Vacant,Vacant, , , , ,115
326641.1558,675402.948799999,office, ,Class 4,Class 9, , , , ,116
326593.7069,675468.823799999,licensed grocer, ,Class 1,Class 1,Class 1,Class 1,29 BALFOUR STRE,EH6 5DQ,117
326530.7663,675554.588099999,office, ,Class 4,Vacant, , , , ,118
326678.4975,675400.6231,hairdresser, ,Class 1,Class 9, , , , ,119
326571.598,675036.752699999,butcher, ,Class 1,Class 1,Class 1,Class 1,26 ALBERT STREE,EH7 5LG,120
326581,675042,hairdresser, ,Class 1,Class 4,Vacant,Class 4,28 ALBERT STREE,EH7 5LG,121
326581,675042,hot food take-away, ,SUI GENERIS,SUI GENERIS, , , , ,122
326581,675042,scrap metal, ,Class 2,Class 2,Class 4,Class 4,34 ALBERT STREE,EH7 5LG,123
326860.6535,675020.023600001,stonemason, ,Class 4,Class 4,Class 4,Class 4,144 ALBERT STRE,EH7 5LT,124
326870.4331,675019.4803,community development office,Pilmeny Development Project,Class 4,Vacant,Class 2,Vacant,152 ALBERT STRE,EH7 5LT,125
326882.882,675018.937000001,public house, ,SUI GENERIS,SUI GENERIS,SUI GENERIS,Vacant, , ,126
326912.5669,675016.937000001,n/t/c, ,Class 1,Class 1,Class 1,Class 1,160 ALBERT STRE,EH7 5NA,127
326918.5433,675016.937000001,vacant, ,Vacant,Vacant,Class 9, , , ,128
326961.2835,675014.6535,vacant, ,Vacant,Vacant, , , , ,129
326969.4331,675014.110200001,caravan spares & accessories, ,Class 1,Class 1,Class 4,Class 4,176 ALBERT STRE,EH7 5NA,130
326978.5433,675013.5669,public house, ,SUI GENERIS,SUI GENERIS,SUI GENERIS,SUI GENERIS,180 ALBERT STRE,EH7 5NA,131
327007.7401,674929.196799999,building design office, ,Class 4,Class 9, , , , ,132
327011.5433,674930.283500001,unknown use, ,UNKNOWN USE,Class 1,Class 1,Class 1,5 ALBION ROAD,EH7 5QJ,133
327015.8898,674931.370100001,confectionery, ,Class 1,Class 1,Class 4,Class 9, , ,134
327022.4803,674933.4803,vacant, ,Vacant,Vacant, , , , ,135
327028.4567,674934.5669,snack bar, ,Class 1,Class 1,Class 1,Class 1,11 ALBION ROAD,EH7 5QJ,136
327033.3465,674935.6535,vacant, ,Vacant,Class 1,Class 1,Class 1,13 ALBION ROAD,EH7 5QJ,137
327199.0866,674944.5669,public house, ,SUI GENERIS,SUI GENERIS,SUI GENERIS,SUI GENERIS,49 ALBION ROAD,EH7 5QP,138
327178.9134,674924.3465,car sales, ,SUI GENERIS,SUI GENERIS,SUI GENERIS,SUI GENERIS,36-36A ALBION R,EH7 5QU,139
327182.7165,674918.9134,unknown, ,UNKNOWN USE,SUI GENERIS,SUI GENERIS,SUI GENERIS,38 ALBION ROAD,EH7 5QU,140
327185.4331,674912.937000001,bakery (non-retail), ,Class 4,Class 11,Class 11,Class 11,42-44 ALBION RO,EH7 5QU,141
327230.45,674850.3202,cosmetic manufacturer, ,Class 4,Class 1, , , , ,142
327237.6131,674846.2665,vacant, ,Vacant,Vacant,Vacant,Vacant,58 ALBION ROAD,EH7 5QZ,143
322568.5184,672179.2147,dentist, ,Class 2,Class 2, , , , ,144
322565.3849,672184.7853,car accessories, ,Class 1,Class 1, , , , ,145
322308.2289,670979.7711,bank, ,Class 2,Class 4,Class 4,Class 4,1 ALLAN PARK RO,EH14 1LD,146
324467.0407,673638.979699999,grocer, ,Class 1,Class 1,Class 1,Class 1,33 ALVA STREET,EH2 4PS,147
324452.842,673658.0407,restaurant, ,Class 3,Class 3,Class 3,Class 1,34-34B ALVA STR,EH2 4PY,148
324937.073,672306.9628,bicycles, ,Class 1,Class 1, , , , ,149
324939.8511,672301.962300001,musical instruments, ,Class 1,Class 1, , , , ,150
324945.222,672291.0353,plumber, ,Class 4,Class 4, , , , ,151
324948.0,672285.4793,grocer (lic), ,Class 1,Class 1, , , , ,152
325827.785,673648.6764,restaurant, ,Class 3,Class 3, , , , ,153
325994.7159,676929.4539,public house, ,SUI GENERIS,SUI GENERIS, , , , ,154
325985.6384,676931.269400001,hairdresser, ,Class 1,Class 4,Class 2,Class 2,5 ANCHORFIELD,EH6 4JG,155
325980.6457,676932.177100001,baker, ,Class 1,Class 1,Class 1,Vacant,6 ANCHORFIELD,EH6 4JG,156
325975.5388,676933.4465,n/t/c, ,Class 1,Class 1,Class 1,Vacant,7 ANCHORFIELD,EH6 4JG,157
325970.5461,676934.3543,decorating materials & equipt., ,Class 1,Class 3,Class 3,Vacant,9 ANCHORFIELD,EH6 4JG,158
323653.1772,672446.220100001,public house, ,SUI GENERIS,SUI GENERIS,SUI GENERIS,SUI GENERIS,1-3 ANGLE PARK,EH11 2JX,159
323649.5776,672442.033399999,denture repairs, ,Class 2,Vacant,Vacant,Class 4,5 ANGLE PARK TE,EH11 2JX,160
323645.6635,672437.3365,betting shop, ,Class 2,Class 2,Class 2,Class 4,7 ANGLE PARK TE,EH11 2JX,161
323633.4893,672421.792300001,car showroom, ,SUI GENERIS,Class 1, , , , ,162
323594,672386,joiners & decorators, ,Class 4,Class 4,Class 4,Class 4,22 ANGLE PARK T,EH11 2JX,163
323583,672368,motor access., ,Class 1,Vacant,Class 11,Vacant,24 ANGLE PARK T,EH11 2JT,164
323524,672303,public house, ,SUI GENERIS,SUI GENERIS,SUI GENERIS,SUI GENERIS,58 ANGLE PARK T,EH11 2JR,165
323504.2805,672289.0792,grocer (lic), ,Class 1,Class 1,Class 1,Class 1,60 ANGLE PARK T,EH11 2JR,166
323500.8231,672286.2621,furniture removal, ,Class 1,Class 1,Class 1,Class 2,62 ANGLE PARK T,EH11 2JR,167
323497.573,672283.5122,electrician, ,Class 4,Class 4,Class 1,Class 4,64 ANGLE PARK T,EH11 2JR,168
323501.0608,672262.841600001,french polisher, ,Class 4,Vacant,Class 4,Class 9, , ,169
323504.3901,672265.4026,cleaning services, ,Class 4,Class 4,Class 4,Class 4, , ,170
323507.5914,672267.9637,furniture, ,Class 1,Class 9,Class 9, , , ,171
323528.4693,672283.408600001,hairdresser, ,Class 1,Class 1, , , , ,172
323533.2073,672286.866,electric spares / repairs, ,Class 1,Class 1,Class 4,Class 4,76 ANGLE PARK T,EH11 2JP,173
325893.622,675029.3608,plumber & gasfitter,Brown,Class 4,Class 1, , , , ,174
326198.4673,674751.3115,car showroom, ,SUI GENERIS,SUI GENERIS,SUI GENERIS,SUI GENERIS,12 ANNANDALE ST,EH7 4AN,175
325925.5461,676939.4539,hot food t/a, ,SUI GENERIS,SUI GENERIS,SUI GENERIS,SUI GENERIS,3 ANNFIELD,EH6 4JF,176
325886.262,676944.723300001,public house, ,SUI GENERIS,SUI GENERIS,SUI GENERIS,SUI GENERIS,10 ANNFIELD,EH6 4JF,177
325756.9004,676976.084899999,vacant, ,Vacant,Class 9, , , , ,178
325668.0074,676991.630999999,vacant, ,Vacant,Class 9, , , , ,179
326088.4332,674489.1985,restaurant,Edmundo Ferri,Class 3,SUI GENERIS,Class 3,Class 3,1 ANTIGUA STREE,EH1 3NH,180
326090.7004,674493.732799999,hot food t/a,Edmundo Ferri,SUI GENERIS,SUI GENERIS,SUI GENERIS,SUI GENERIS,2 ANTIGUA STREE,EH1 3NH,181
326094.5668,674500.7653,"printing, office stationery",Inprint,Class 4,Class 3, , , , ,182
326097.4007,674505.8664,travel agent,Scotia Travel,Class 1,Class 1, , , , ,183
326100.8834,674511.9739,home computers,Pictaural Electronics Ltd.,Class 1,Class 1, , , , ,184
326106.7646,674520.552100001,pictures & picture framing,L. Freedman,Class 1,Class 1,Class 1,Class 1,8 ANTIGUA STREE,EH1 3NH,185
326107.9703,674523.0,restaurant,Malik & others,Class 3,Class 3,Class 3,Class 3,9A ANTIGUA STRE,EH1 3NH,186
326109.8834,674527.1296,musical goods,Bandparts,Class 1,Class 1, , , , ,187
326051.8914,673524.6472,n/t/c, ,Class 1,Class 1,Class 1,Vacant,56 BLACKFRIARS,EH1 1NE,188
327837.3064,675703.629000001,hairdresser, ,Class 1,Class 1,Class 1,Class 9, , ,189
325910.5073,673580.7996,public house, ,SUI GENERIS,Vacant, , , , ,190
325912.2609,673574.077299999,printers, ,Class 4,Vacant, , , , ,191
325915.1691,673564.0,hardware, ,Class 1,Vacant,Class 4,Class 4,15 BLAIR STREET,EH1 1QR,192
325918.6305,673549.8309,stationery, ,Class 1,Class 4, , , , ,193
325948.5508,673530.09,sauna, ,Class 11,Class 11,Class 11,Class 11,30 BLAIR STREET,EH1 1QR,194
326156.9608,674485.260399999,bank, ,Class 2,Class 2,Class 2,Class 2,2-3A BLENHEIM P,EH7 5JH,195
326170.2081,674483.0392,pet shop, ,Class 1,Class 1, , , , ,196
325570.8855,676200.934599999,hairdresser, ,Class 1,Class 1,Class 1,Class 1, , ,197
326710.0784,676148.1779,public house, ,SUI GENERIS,SUI GENERIS,SUI GENERIS,SUI GENERIS,8 BONNINGTON RO,EH6 5JD,198
326707.6282,676141.4241,restaurant, ,Class 3,Class 3,Vacant,Class 3,10-12 BONNINGTO,EH6 5JD,199
326704.4764,676133.774900001,vacant, ,Vacant,SUI GENERIS,Class 4, , , ,200
326204.1169,675784.881200001,vacant, ,Vacant,Vacant, , , , ,201
326189.1782,675774.9387,office equipment, ,Class 2,Vacant,Class 1,Class 1,264 BONNINGTON,EH6 5BE,202
326176.6475,675765.588099999,grocer, ,Class 1,Class 1,Vacant,Class 9, , ,203
326113.7277,674534.5196,car showroom,Burton Car Sales,SUI GENERIS,Class 1, , , , ,204
326115.7538,674538.571900001,car showroom,Burton Car Sales,SUI GENERIS,Vacant, , , , ,205
321529,672903,vacant, ,Vacant,Class 1, , , , ,206
322253.822,671986.266899999,plumber, ,Class 4,Class 4,Class 4,Class 4,191 BALGREEN RO,EH11 2RZ,207
322255.2147,671982.7853,hot food t/a, ,SUI GENERIS,SUI GENERIS,SUI GENERIS,SUI GENERIS,193 BALGREEN RO,EH11 2RZ,208
322260.4371,671970.947799999,tools, ,Class 1,Class 1, , , , ,209
322262.178,671967.814300001,tools, ,Class 1,Class 4,Class 1,Class 1,199 BALGREEN RO,EH11 2RZ,210
322263.9188,671963.9845,hot food t/a, ,SUI GENERIS,SUI GENERIS,SUI GENERIS,SUI GENERIS,203 BALGREEN RO,EH11 2RZ,211
322274.3404,671944.6963,public house, ,SUI GENERIS,SUI GENERIS,SUI GENERIS,Class 4, , ,212
322285.8066,671918.1412,vacant, ,Vacant,Vacant,Vacant,Vacant,213 BALGREEN RO,EH11 2RZ,213
322288.5919,671913.963300001,plumber, ,Class 4,Class 4,Vacant,Vacant,215 BALGREEN RO,EH11 2RZ,214
322294.8588,671907.6963,dry cleaners, ,Class 1,Class 1, , , , ,215
322299.0367,671906.3037,betting shop, ,Class 2,Class 2,Class 2,Class 2,221-223 BALGREE,EH11 2RZ,216
322303.911,671905.955499999,n/t/c, ,Class 1,Class 1, , , , ,217
322307.7408,671907.0,sports gear, ,Class 1,Class 1,Class 1,Class 1,229 BALGREEN RO,EH11 2RZ,218
322022.5243,672316.936000001,hot food t/a, ,SUI GENERIS,SUI GENERIS,SUI GENERIS,SUI GENERIS,154 BALGREEN RO,EH11 3AU,219
322027.5574,672310.749399999,vehicle bearings, ,Class 1,Class 2,Class 2,Class 2,158-160 BALGREE,EH11 3AU,220
322033.5343,672303.619100001,hairdresser, ,Class 1,Class 1,Class 1,Class 1,164 BALGREEN RO,EH11 3AU,221
322039.5111,672296.6986,vacant, ,Vacant,Vacant,Class 1,Class 1,166 BALGREEN RO,EH11 3AU,222
322046.0971,672289.741699999,n/t/c, ,Class 1,Class 1,Class 1,Class 1,170 BALGREEN RO,EH11 3AU,223
327333.4213,676456.2082,public house, ,SUI GENERIS,SUI GENERIS,Vacant, , , ,224
327438.3153,676431.334899999,vacant, ,Vacant,Class 9,Class 1,Vacant,4 BALTIC STREET,EH6 7BW,225
327434.9459,676431.334899999,vacant, ,Vacant,Class 9, , , , ,226
327441.3546,676431.334899999,workshop, ,Class 4,Class 9, , , , ,227
327346.2131,676429.680400001,car showroom & garage, ,SUI GENERIS,Class 9, , , , ,228
326638.0733,676247.502499999,vacant, ,Vacant,Class 2, ,Class 1,3 BANGOR ROAD,EH6 5JY,229
326635.3718,676243.9005,vacant, ,Vacant,Class 9, , , , ,230
325590.8309,673632.091800001,woolshop, ,Class 1,Vacant,Class 1,Class 1,14 BANK STREET,EH1 2LN,231
325593.4614,673624.785,hot food t/a, ,SUI GENERIS,Class 1,Class 1,SUI GENERIS,15 BANK STREET,EH1 2LN,232
325594.3382,673618.4155,photographic goods,Castle Photographic,Class 1,Class 1,Class 1,Class 1,16 BANK STREET,EH1 2LN,233
325595.7223,673610.5386,jewellers,Ritchie & Son,Class 1,Class 1,Class 1,Vacant,17-20 BANK STRE,EH1 2LN,234
319420.0503,670788.455399999,bank., ,Class 2,Class 2,Class 2,Class 2,10 BANKHEAD AVE,EH11 4HD,235
319399.9475,670798.176899999,bank, ,Class 2,Class 2,Class 2,Class 2,12 BANKHEAD AVE,EH11 4HD,236
324911.5002,672580.253900001,public house,Chaplin's,SUI GENERIS,SUI GENERIS,SUI GENERIS,SUI GENERIS,1-3 BARCLAY PLA,EH10 4HW,237
324909.9995,672577.252499999,clothing alterations,Two's Company,Class 1,Class 2, , , , ,238
324904.9971,672566.747500001,hot food t/a,New World Chinese Rest.,SUI GENERIS,Class 3,Class 3,Class 3,7-13 BARCLAY PL,EH10 4HW,239
327289.1574,676459.995200001,bank, ,Class 2,Class 2,Class 2,Class 2,2 BERNARD STREE,EH6 6PU,240
327277.6295,676465.4213,bank, ,Class 2,Class 2,Class 2,Class 2,4(GF90) BERNARD,EH6 6PU,241
327215.9395,676514.888599999,bank, ,Class 2,Vacant,SUI GENERIS,SUI GENERIS,28 BERNARD STRE,EH6 6QD,242
327181.8426,676518.8378,satellite tv, ,Class 1,Class 2,Class 1,Class 1,38 BERNARD STRE,EH6 6PR,243
327174.7361,676519.1017,public house, ,SUI GENERIS,SUI GENERIS,SUI GENERIS,SUI GENERIS,42 BERNARD STRE,EH6 6PR,244
327127.3148,676540.472200001,n/t/c, ,Class 1,Class 1,Class 1,Class 1,58 BERNARD STRE,EH6 6PR,245
326351.1399,672634.7245,property office, ,Class 4,Class 4, , , , ,246
326366.0168,672609.922700001,gents clothes,Davison,Class 1,Redeveloped, , , , ,247
325010.3016,667186.5352,service station, ,SUI GENERIS,SUI GENERIS, , , , ,248
324767.5459,668235.6908,bank, ,Class 2,Class 2,Class 2,Class 2,2 BIGGAR ROAD,EH10 7BQ,249
324766.0,668245.2753,n/t/c /po, ,Class 1,Class 1,Class 1,Class 2,2A BIGGAR ROAD,EH10 7BQ,250
324769.0918,668227.144200001,butcher, ,Class 1,Class 2,Class 2, , , ,251
324772.1642,668215.9275,grocer (lic), ,Class 1,Class 1,Class 1,Class 1,6(01) BIGGAR RO,EH10 7BQ,252
324797,667782,public house, ,SUI GENERIS,SUI GENERIS,SUI GENERIS,Vacant,44 BIGGAR ROAD,EH10 7BJ,253
324957.3662,667198.990599999,fencing, ,Class 1,Class 4, , , , ,254
324972.9354,667027.7289,public house, ,SUI GENERIS,Class 3,Class 3,Class 3,118 BIGGAR ROAD,EH10 7DU,255
324900.9986,672558.2487,hardware, ,Class 1,Vacant, , , , ,256
324881.7442,672523.4921,service station, ,SUI GENERIS,SUI GENERIS,Class 1,Class 1,21(02)-23 BARCL, ,257
324880.0005,672520.002900001,hairdresser, ,Class 1,Class 1,Class 1,Vacant,39 BARCLAY PLAC,EH10 4HW,258
324878.2496,672517.501700001,sports shoes, ,Class 1,Class 2,Class 2,Class 2,41 BARCLAY PLAC,EH10 4HW,259
324875.9986,672514.0,domestic staff agency, ,Class 4,Class 4, , , , ,260
324873.9976,672509.4979,word processing training, ,Class 4,Class 4, , , , ,261
324871.4955,672505.000499999,electrical goods / electricians, ,Class 1,Class 1,Class 1,Class 1,49 BARCLAY PLAC,EH10 4HW,262
324871.7456,672501.2487,hairdresser, ,Class 1,Class 1,Class 1,Class 1,2 BARCLAY TERRA,EH10 4HP,263
324875.4974,672499.2477,antiques, ,Class 1,Class 1,Class 1,Class 1,3 BARCLAY TERRA,EH10 4HP,264
324878.4955,672497.4979,ski equipt.,Skisport & Sun,Class 1,Class 1,Vacant,Class 4,5 BARCLAY TERRA,EH10 4HP,265
324881.5002,672495.996200001,ski equipt.,Skisport & Sun,Class 1,Class 1,Class 1,Class 1,6 BARCLAY TERRA,EH10 4HP,266
324884.4983,672494.496400001,music books scores, ,Class 1,Class 1,Class 1,Class 3,7 BARCLAY TERRA,EH10 4HP,267
324888.5002,672492.7456,antiques, ,Class 1,Class 1,Class 1,Vacant,8 BARCLAY TERRA,EH10 4HP,268
324891.5017,672491.244899999,antiques, ,Class 1,Class 1,Class 2,Class 1,10 BARCLAY TERR,EH10 4HP,269
324894.253,672489.744200001,ski equipment, ,Class 1,Class 1,Vacant,Class 10,11 BARCLAY TERR,EH10 4HP,270
324897.0043,672488.4936,hot food t/a, ,SUI GENERIS,SUI GENERIS,Class 3,Class 3,12 BARCLAY TERR,EH10 4HP,271
325800.8058,674544.466600001,vacant, ,Vacant,Class 1,Class 1,Class 1,5 BARONY STREET,EH3 6PD,272
325797.2349,674543.168099999,delicatessen,Barak,Class 1,Class 1,Vacant,Class 3,7 BARONY STREET,EH3 6PD,273
325732.4861,674544.799799999,2nd hand furniture etc.,Tromans,Class 1,Vacant, , , , ,274
325727.9144,674543.428200001,vacant, ,Vacant,Vacant, , , , ,275
325722.8854,674542.056700001,wholesale oriental fancy goods,Quinn,Class 2,Vacant, , , , ,276
325715.1146,674539.256899999,vacant,(formerly Sue Ryder charity shop),Vacant,Vacant, , , , ,277
327657.7882,676348.403899999,public house, ,SUI GENERIS,SUI GENERIS,SUI GENERIS,SUI GENERIS,2 BATH ROAD,EH6 7JT,278
330556.4496,673896.186100001,grocer, ,Class 1,Class 1, , , , ,279
330599.8215,673934.8314,ladies clothing, ,Class 1,Vacant, , , , ,280
330603.6612,673938.337200001,vacant, ,Vacant,Vacant, , , , ,281
330625.6678,673951.8347,doctor, ,Class 2,UNKNOWN USE,Vacant,Class 9, , ,282
330628.8397,673954.672700001,hot food t/a, ,SUI GENERIS,UNKNOWN USE, , , , ,283
330647.1603,673971.3355,joiner's store, ,Class 4,Vacant, , , , ,284
330651.0,673975.008199999,vacant, ,Vacant,Class 9,Class 9, , , ,285
330739.8182,674059.5074,amusement centre, ,Class 11,Class 11, , , , ,286
330753.1735,674081.376800001,public house, ,SUI GENERIS,Class 11, ,Class 3,55/2 BATH STREE,EH15 1HE,287
330527.8347,673900.1636,toys, ,Class 1,Class 1,Class 1,Class 1,4 BATH STREET,EH15 1EY,288
330521.643,673946.907299999,supermarket,Scotmid,Class 1,Class 1,Class 1,Class 1,6 BATH STREET,EH15 1EY,289
330548.8314,673917.8149,"confectionery, toys", ,Class 1,Class 1, , , , ,290
330550.9951,673919.813300001,hairdresser, ,Class 1,Class 1,Vacant,Class 2,8A-8B BATH STRE,EH15 1EY,291
330553.8397,673921.988500001,optician, ,Class 1,Vacant,Class 2,Class 2,8D BATH STREET,EH15 1EY,292
330558.681,673926.3289,vacant, ,Vacant,Vacant, , , , ,293
330563.9984,673930.813300001,hairdresser, ,Class 1,Class 1, , , , ,294
330566.5025,673933.1504,hairdresser, ,Class 1,Class 1,Class 1,Class 1,10B BATH STREET,EH15 1EY,295
330556.3372,673924.1537,cafe, ,Class 3,Class 3,SUI GENERIS,SUI GENERIS,10D-10E BATH ST,EH15 1EY,296
330712.9934,674057.9802,betting shop, ,Class 2,Vacant,Vacant,Vacant,46 BATH STREET,EH15 1HF,297
330717.0,674061.8199,fancy goods, ,Class 1,Vacant, , , , ,298
330721.0066,674065.4926,fancy goods, ,Class 1,Class 1,Vacant,Vacant,50 BATH STREET,EH15 1HF,299
330724.5124,674070.0,amusement centre, ,Class 11,Class 11, , , , ,300
330736.5124,674088.8298,vacant, ,Vacant,SUI GENERIS,SUI GENERIS,SUI GENERIS,62-66 BATH STRE,EH15 1HF,301
316304.4373,666317.228399999,clothes and fabrics,Notions,Class 1,Class 2, , , , ,302
326137.4793,674473.6373,public house, ,SUI GENERIS,SUI GENERIS,SUI GENERIS,SUI GENERIS,6 BAXTER'S PLAC,EH1 3AF,303
326143.8181,674481.8442,greengrocer, ,Class 1,SUI GENERIS,SUI GENERIS,SUI GENERIS,9 BAXTER'S PLAC,EH1 3AF,304
330553,674108,public house, ,SUI GENERIS,UNKNOWN USE, , , , ,305
325547.6982,671974.6625,joiner, ,Class 4,Class 1,Class 1,Class 1,2 BEAUFORT ROAD,EH9 1AG,306
325542.9822,671973.225,chemist, ,Class 1,Vacant,Class 4,Class 4,3 BEAUFORT ROAD,EH9 1AG,307
325537.8107,671971.775,woollens & knitting wool, ,Class 1,Class 1,Class 2,Class 2,5 BEAUFORT ROAD,EH9 1AG,308
325533.2071,671970.0768,cash registers, ,Class 2,Class 2,Class 2,Class 2,6 BEAUFORT ROAD,EH9 1AG,309
325529.0,671969.094599999,antiques, ,Class 1,Class 1, , , , ,310
325524.0589,671966.948100001,off license, ,Class 1,Class 1, , , , ,311
325684.9471,675268.526000001,grocer, ,Class 1,Class 10,Class 10,Class 10, , ,312
325706.6846,675287.4211,vacant, ,Vacant,Vacant,Vacant,Vacant,2 BEAVERHALL RO,EH7 4JQ,313
323968.1751,673808.649900001,vacant, ,Vacant,Class 9, , , , ,314
323962.905,673808.095000001,post office, ,Class 1,Class 1,Class 3,Class 3,54 BELFORD ROAD,EH4 3BR,315
324466.4475,670911.163799999,public house, ,SUI GENERIS,SUI GENERIS,SUI GENERIS,SUI GENERIS,7-8 BELHAVEN TE,EH10 5HZ,316
324458.4298,670915.1461,glass & window fitting service, ,Class 4,Class 1, , , , ,317
325882.7561,675018.708000001,hot food t/a,Carson,SUI GENERIS,SUI GENERIS, , , , ,318
325884.4605,675023.1822,vacant, ,Vacant,Class 9, , , , ,319
325886.165,675027.8694,hairdresser,McQueenie,Class 1,Class 1,Vacant,Class 9, , ,320
325889.3608,675031.704399999,licensed grocer & n/t/c,Singh,Class 1,Class 1,Class 1,Class 1,42 BELLEVUE ROA,EH7 4DB,321
325765.1932,674917.128799999,wholesale fruit suppliers,Fruit Co.,Class 2,Vacant,Class 4,Vacant,2 BELLEVUE STRE,EH7 4BY,322
325765.1932,674925.5493,joiner, ,Class 4,Class 2,Class 4,Class 4,4 BELLEVUE STRE,EH7 4BY,323
327267.5278,676418.634400001,hot food t/a, ,SUI GENERIS,SUI GENERIS,SUI GENERIS,SUI GENERIS,1 BERNARD STREE,EH6 6PW,324
327263.3148,676422.426100001,betting shop, ,Class 2,Class 2,Class 2,Class 2,5 BERNARD STREE,EH6 6PW,325
327259.523,676426.6392,public house, ,SUI GENERIS,SUI GENERIS,SUI GENERIS,SUI GENERIS,7 BERNARD STREE,EH6 6PW,326
327255.7312,676429.588400001,stationer's & printer's office, ,Class 4,Class 1,Class 1,Class 1,9 BERNARD STREE,EH6 6PW,327
327251.6344,676433.0557,hot food t/a, ,SUI GENERIS,SUI GENERIS,SUI GENERIS,SUI GENERIS,11 BERNARD STRE,EH6 6PW,328
327246.1065,676438.1065,dental surgery, ,Class 2,Class 2,Class 2,Class 1, , ,329
327240.7918,676443.213099999,licensed grocer, ,Class 1,Vacant,Class 4,Class 4,19 BERNARD STRE,EH6 6PW,330
327235.5278,676448.949200001,solicitor, ,Class 2,Vacant,Class 1,SUI GENERIS,23 BERNARD STRE,EH6 6PW,331
327202.6344,676476.0557,public house, ,SUI GENERIS,Class 3,Class 3,Class 3,27 BERNARD STRE,EH6 6SH,332
327160.2131,676493.046,vacant, ,Vacant,Class 2, , , , ,333
327147.2688,676502.3148,insurance office, ,Class 4,Vacant,Class 10,Class 1,49 BERNARD STRE,EH6 6SL,334
327140.1065,676507.3705,vacant, ,Vacant,Vacant,Class 2,Class 2,51 BERNARD STRE,EH6 6SL,335
327131.6852,676513.0557,vacant, ,Vacant,Vacant, , , , ,336
330194,672470,vacant, ,Vacant,Redeveloped, , , , ,337
330197,672469,vacant, ,Vacant,Redeveloped, , , , ,338
330200,672467,vacant, ,Vacant,Redeveloped, , , , ,339
330203,672466,vacant, ,Vacant,Redeveloped, , , , ,340
330196,672472,vacant, ,Vacant,Redeveloped, , , , ,341
330196,672472,grocer, ,Class 1,Redeveloped, , , , ,342
330236,672424,bingham area office, ,Class 1,Redeveloped, , , , ,343
330241,672422,vacant, ,Vacant,Redeveloped, , , , ,344
325915.5623,671125.968499999,n/t/c, ,Class 1,Class 1,Class 1,Class 1,31 BLACKFORD AV,EH9 2PP,345
325890.4692,671123.6566,grocer (lic), ,Class 1,Class 1,Class 1,Class 1,36 BLACKFORD AV,EH9 2PP,346
325895.844,671114.155999999,bank, ,Class 2,Vacant,Class 2,Class 2, , ,347
325996.8126,670992.2818,vacant, ,Vacant,Class 4,Class 2,Class 2,60 BLACKFORD AV,EH9 3ER,348
326116.9056,670950.0944,heating engineer, ,Class 4,Class 2, , , , ,349
326123.8126,670947.250299999,heating engineer, ,Class 4,Class 2, , , , ,350
326127.8755,670945.6252,grocer (lic), ,Class 1,SUI GENERIS,Class 1,Class 1,106 BLACKFORD A,EH9 3ES,351
326148.9371,670940.125800001,plumber, ,Class 4,Vacant,Class 4,Class 4,108 BLACKFORD A,EH9 3HH,352
326155.0315,670937.688100001,hairdresser, ,Class 1,Class 1,Class 1,Class 1,112 BLACKFORD A,EH9 3HH,353
326033.4009,673649.615900001,vacant, ,Vacant,Class 1,Class 1,Class 1,7-9 BLACKFRIARS,EH1 1NB,354
326036.0773,673642.4155,vacant, ,Vacant,Class 1,Class 1,Class 1,11 BLACKFRIARS,EH1 1NB,355
326038.1545,673635.8309,vacant, ,Vacant,Class 3,Class 3,Class 3,15 BLACKFRIARS,EH1 1NB,356
326056.0313,673579.123199999,records & casettes, ,Class 1,Class 1,Class 1,Class 2,49 BLACKFRIARS,EH1 1NB,357
326063.2004,673553.123199999,public house, ,SUI GENERIS,SUI GENERIS,SUI GENERIS,SUI GENERIS,57-61 BLACKFRIA,EH1 1NB,358
326169.8276,675761.6456,sunbed studio, ,Class 11,Class 11,Class 11,Class 11,278 BONNINGTON,EH6 5BE,359
326164.4732,675758.762399999,hot food t/a, ,SUI GENERIS,SUI GENERIS,SUI GENERIS,SUI GENERIS,280 BONNINGTON,EH6 5BE,360
326159.5307,675756.291200001,public house, ,SUI GENERIS,SUI GENERIS,SUI GENERIS,SUI GENERIS,284 BONNINGTON,EH6 5BE,361
324001.307,676456.939300001,n/t/c & post office, ,Class 1,Class 1,Class 1,Class 1,55A BOSWALL DRI,EH5 2BE,362
323998.7611,676464.051100001,butcher, ,Class 1,Vacant,Vacant,Vacant,57A BOSWALL DRI,EH5 2BE,363
324008.7338,676456.5119,licensed grocer, ,Class 1,Vacant, , , , ,364
323810.3789,676586.572799999,videotape hire, ,Class 1,Vacant,Class 1,Class 1,33 BOSWALL PARK,EH5 2BR,365
323796.736,676584.780999999,supermarket,Scotmid,Class 1,Class 1,Class 1,Class 1,35-41 BOSWALL P,EH5 2BR,366
323786.1632,676583.551999999,n/t/c, ,Class 1,Class 1,Class 1,Class 1,45 BOSWALL PARK,EH5 2BR,367
321504.8002,668939.6052,vacant, ,Vacant,Class 2, , , , ,368
321499,668940,estate agent, ,Class 2,Class 2, , , , ,369
321603,668997,restaurant, ,Class 3,Class 3,Class 3,Class 3,2 BRIDGE ROAD,EH13 0LF,370
321593.3948,668990.9935,greengrocer, ,Class 1,SUI GENERIS,SUI GENERIS,SUI GENERIS,4 BRIDGE ROAD,EH13 0LF,371
321590.5987,668989.6052,wool, ,Class 1,Class 1,Class 1,Class 1,4A BRIDGE ROAD,EH13 0LF,372
321586.3944,668986.6393,n/t/c john menzies, ,Class 1,Class 1, , , , ,373
321568.262,668973.431500001,public house, ,SUI GENERIS,SUI GENERIS,SUI GENERIS,SUI GENERIS,12 BRIDGE ROAD,EH13 0LQ,374
321560.0954,668969.5033,hairdresser, ,Class 1,Class 1,Class 1,Class 1,16 BRIDGE ROAD,EH13 0LQ,375
321557.102,668969.2039,pets supplies, ,Class 1,Class 1,Class 11,Class 3,18 BRIDGE ROAD,EH13 0LQ,376
321550.0954,668968.5033,bakers, ,Class 1,Class 1,Class 4,Class 4,24 BRIDGE ROAD,EH13 0LQ,377
321546.5033,668967.9046,vacant, ,Vacant,Class 2,Class 1,Class 1,26 BRIDGE ROAD,EH13 0LQ,378
321539.0,668966.4078,grocer (lic), ,Class 1,Class 1,Class 1,Class 1,30-32 BRIDGE RO,EH13 0LQ,379
321532.0889,668965.2039,building society, ,Class 2,Class 4,Class 4,Class 2,34 BRIDGE ROAD,EH13 0LQ,380
321527.0,668964.0065,greengrocer, ,Class 1,Class 1,Class 1,Class 1,38 BRIDGE ROAD,EH13 0LQ,381
321521.6117,668962.5098,gifts, ,Class 1,Class 1,Class 1,Class 1,40 BRIDGE ROAD,EH13 0LQ,382
321475.6052,668965.6052,coffee shop, ,Class 3,Class 1,Class 1,Class 1,46A BRIDGE ROAD,EH13 0LQ,383
321450.9046,668967.4013,n/t/c, ,Class 1,Class 1,Class 3,Class 3,48-50 BRIDGE RO,EH13 0LQ,384
321443.0,668967.2039,chemist, ,Class 1,Class 1,Class 1,Class 1,52 BRIDGE ROAD,EH13 0LQ,385
321437.2993,668967.5033,hardware, ,Class 1,Class 1,Class 1,Class 1,54 BRIDGE ROAD,EH13 0LQ,386
321432.7007,668967.8026,estate agent, ,Class 2,Class 1,Class 3,Class 1,56 BRIDGE ROAD,EH13 0LQ,387
321428.0,668968.2039,hairdresser, ,Class 1,Class 1,Class 1,Vacant,58 BRIDGE ROAD,EH13 0LQ,388
321419.4902,668969.0,bank, ,Class 2,Class 2,Class 2,Class 2,64 BRIDGE ROAD,EH13 0LQ,389
312137.8012,672706.998,vacant, ,Vacant,Redeveloped, , , , ,390
312138,672707,public house, ,SUI GENERIS,SUI GENERIS,SUI GENERIS,SUI GENERIS,31 BRIDGE STREE,EH28 8SR,391
312129.6025,672677.602499999,betting shop, ,Class 2,Class 2,Class 2,Class 1,36 BRIDGE STREE,EH28 8SH,392
312306.6065,672675.399599999,n/t/c /po,Park,Class 1,Class 1, , , , ,393
330508.3325,673849.733899999,"h'hold linens, elec. goods etc", ,Class 1,Class 1,Class 11,Class 1,3 BRIGHTON PLAC,EH15 1LH,394
330505.907,673847.460000001,flowers, ,Class 1,Class 1,Class 1,Class 1,7 BRIGHTON PLAC,EH15 1LH,395
330503.5133,673844.6435,travel agent, ,Class 1,Class 1,Class 1,Class 1,9 BRIGHTON PLAC,EH15 1LH,396
330500.1783,673841.1568,hairdresser, ,Class 1,Class 1,Class 1,Class 1,11 BRIGHTON PLA,EH15 1LH,397
323781.6736,676583.0416,butcher, ,Class 1,Class 1,Class 1,Class 1,47 BOSWALL PARK,EH5 2BR,398
323774.0591,676581.2015,hardware, ,Class 1,Class 1, , , , ,399
323766.3888,676580.2223,licensed grocer, ,Class 1,Class 1, , , , ,400
323295.7057,676545.9684,supermarket,William Low,Class 1,Vacant,Class 2, , , ,401
322839.3352,676454.447000001,bank, ,Class 2,Class 2,Class 2,Class 2,210 BOSWALL PAR,EH5 2LX,402
322831.7412,676453.447000001,grocer, ,Class 1,Class 1,Class 1,Class 1,212 BOSWALL PAR,EH5 2LX,403
322827.6648,676452.705800001,baker, ,Class 1,Class 1,Class 1,Class 1,214 BOSWALL PAR,EH5 2LX,404
322823.2178,676451.964600001,greengrocer, ,Class 1,Class 1,Class 1,Class 1,218 BOSWALL PAR,EH5 2LX,405
325430.1232,673509.7996,restaurant, ,Class 3,Class 3,Class 3,Class 3,1(GF) BOSWELL'S,EH1 2NF,406
327040.5458,674760.6985,grocer, ,Class 1,Class 1, , , , ,407
324690.278,676002.6028,bank, ,Class 2,Class 2,Class 2,Class 2,3A BOWHILL TERR,EH3 5QY,408
324728.491,675999.472899999,grocer, ,Class 1,Vacant, , , , ,409
324732.852,675999.9638,betting shop, ,Class 2,Class 2, , , , ,410
324738.065,676000.9277,public house, ,SUI GENERIS,SUI GENERIS,SUI GENERIS,SUI GENERIS,10 BOWHILL TERR,EH3 5QY,411
312594.9123,674425.0765,bank, ,Class 2, , , , , ,412
327122.2439,670242.392200001,hairdresser, ,Class 1,Class 1, , , , ,413
327121.8976,670248.6961,hairdresser, ,Class 1,Class 1,Class 1,Class 1,3 BRAEFOOT TERR,EH16 6AA,414
327121.6644,670252.3497,solicitors, ,Class 2,Class 4, , , , ,415
327121.1873,670257.060000001,vacant, ,Vacant,Vacant, , , , ,416
327120.8976,670263.579500001,building society, ,Class 2,Class 2, , , , ,417
324843,669890,golf equipment, ,Class 1,Class 1,Class 1,Class 1,23 BRAID HILLS,EH10 6JZ,418
324518.4803,670830.0253,undertakers, ,Class 1,Class 1,Class 1,Class 1,6 BRAID ROAD,EH10 6AD,419
324514.8006,670761.087099999,plumber & electrician, ,Class 4,Class 4, , , , ,420
324513.6292,670749.028100001,painters & decorators, ,Class 4,Class 4, , , , ,421
324513.5983,670744.3146,builder & slater, ,Class 4,Vacant,Class 2,Class 4,30 BRAID ROAD,EH10 6AD,422
324511.6545,670722.213500001,joiner, ,Class 4,Class 4,Class 4,Class 4,36 BRAID ROAD,EH10 6AD,423
324510.9944,670717.3989,chiropodist, ,Class 2,Class 2,Class 2,Class 4,38 BRAID ROAD,EH10 6AD,424
324510.4803,670712.9438,cabinet maker, ,Class 4,Class 4,Class 4,Class 4,42 BRAID ROAD,EH10 6AD,425
325205.5063,675026.1897,baker, ,Class 1,Class 1,Class 1,Class 1,1 BRANDON TERRA,EH3 5EA,426
325198.4052,675019.5063,post office,Hodge,Class 1,Class 1, , , , ,427
325194.228,675015.7469,bank,Royal Bank of Scot.,Class 2,Class 2,Class 2,Class 2,4-5 BRANDON TER,EH3 5EA,428
325185.4177,675009.341700001,carpets & furniture,Forth Furnishings Ltd.,Class 1,Class 2, , , , ,429
325178.7343,675003.4937,glazier, ,Class 4,Class 3,Class 3,Class 3,9 BRANDON TERRA,EH3 5EA,430
325175.8103,675000.987400001,"clockmaker, clock repairs",Johnston,Class 1,SUI GENERIS, , , , ,431
325169.5823,674996.6834,motor accessories,Borrowman,Class 1,Class 1,Class 1,Class 1,10-12 BRANDON T,EH3 5EA,432
325164.5697,674992.5063,hairdresser,Rankin,Class 1,Class 1,Class 1,Class 1,14-15 BRANDON T,EH3 5EA,433
325158.5823,674987.6834,printing & photocopying,Thompson,Class 4,Class 1,Class 1,Class 1,16 BRANDON TERR,EH3 5DZ,434
325155.6583,674985.177100001,vacant, ,Vacant,Class 1,Class 1,Class 1,17 BRANDON TERR,EH3 5DZ,435
325152.3166,674982.6709,electrical,X-Ram Automatics,Class 1,Class 1,Class 4,Class 1,19 BRANDON TERR,EH3 5DZ,436
325149.3926,674980.1646,electrical,X-Ram Automatics,Class 1,Class 1,Class 1,Class 1,20 BRANDON TERR,EH3 5DZ,437
325143.4177,674975.177100001,motor cycle repairs,Koski,SUI GENERIS,Vacant, ,Class 1,21-22 BRANDON T,EH3 5DZ,438
325925.4551,674426.8058,n/t/c,R.S. McColl,Class 1,Class 1,Class 1,Class 1,27 BROUGHTON ST,EH1 3JU,439
325922.858,674432.3246,betting shop,Ladbrokes,Class 2,Class 2,Class 2,Class 2,29 BROUGHTON ST,EH1 3JU,440
325917.1044,674443.1044,grocer,Real Foods,Class 1,Class 1, , , , ,441
325911.1566,674454.4551,public house,Crombies,SUI GENERIS,SUI GENERIS,SUI GENERIS,SUI GENERIS,39-41 BROUGHTON,EH1 3JU,442
325906.1044,674465.831900001,citizen's rights office,Citizen's Rights Office,Class 4,Class 2,Class 3,Class 3,43 BROUGHTON ST,EH1 3JU,443
325902.5334,674472.9739,hairdresser,Hair Workshop,Class 1,Vacant,Class 1,Class 1,45 BROUGHTON ST,EH1 3JU,444
325887.2724,674495.5595,health & beauty clinic,Slimtronic,Class 1,Class 1, , , , ,445
325746.4405,674642.5188,hairdresser,Buchan,Class 1,Class 1,Class 2,Class 2,49 BROUGHTON ST,EH1 3RJ,446
325882.0783,674501.727600001,2nd hand books,Galinsky,Class 1,Class 1,Class 1,Class 1,49A BROUGHTON S,EH1 3RJ,447
325877.1044,674508.429,restaurant,Tsang & Tsang,Class 3,Class 3,Class 3,Class 3,53-55 BROUGHTON,EH1 3RJ,448
325873.0261,674513.884099999,bric-a-brac,Thompson,Class 1,Class 1,Class 1,Class 3,57 BROUGHTON ST,EH1 3RJ,449
325867.1827,674520.7015,letting agency,Dundas Property Agency,Class 4,Class 1, ,Class 2,61-63 BROUGHTON,EH1 3RJ,450
325859.8058,674529.078299999,grocer,Richardson,Class 1,Class 1,Class 1,Class 1,65-67 BROUGHTON,EH1 3RJ,451
325856.0261,674534.1044,vacant, ,Vacant,Class 1,Class 1,Class 1,71(1) BROUGHTON,EH1 3RJ,452
325850.8956,674540.2349,cafe & hot food t/a,Just-a-Bite,Class 3,Class 3,Class 3,Class 3,73 BROUGHTON ST,EH1 3RJ,453
325848.2985,674543.4812,hairdresser, ,Class 1,SUI GENERIS, , , , ,454
325843.429,674548.6754,hot food t/a, ,SUI GENERIS,SUI GENERIS, , , , ,455
325840.5073,674551.921700001,vacant, ,Vacant,Class 2,Class 2,Class 2,79A BROUGHTON S,EH1 3RJ,456
325836.1044,674557.7797,vacant, ,Vacant,SUI GENERIS,SUI GENERIS,SUI GENERIS,81-85 BROUGHTON,EH1 3RJ,457
325830.7536,674564.0,toys (model cars), ,Class 1,Class 1,Class 1,Class 1,87 BROUGHTON ST,EH1 3RJ,458
325817.0783,674589.2609,jewellers' equipment,Temple,Class 2,Class 1,Class 1,Vacant,93 BROUGHTON ST,EH1 3RZ,459
325814.4812,674594.4551,butcher,Crombie & Son,Class 1,Class 1, , , , ,460
325808.9624,674604.8434,grocer,Crombie & Son,Class 1,Class 1, , , , ,461
325795.1044,674626.1566,chemist, ,Class 1,Class 1,Class 1,Class 1,105 BROUGHTON S,EH1 3RZ,462
325791.858,674631.3507,d.i.y., ,Class 1,Class 1,Vacant,Vacant,109 BROUGHTON S,EH1 3RZ,463
325788.1305,674637.4812,leather goods, ,Class 1,Class 2,Class 2,Vacant,111 BROUGHTON S,EH1 3RZ,464
325786.1827,674641.376800001,vacant, ,Vacant,Class 1,Class 1,Class 1,111A BROUGHTON,EH1 3RZ,465
325781.1044,674651.727600001,public house,Corner Stone,SUI GENERIS,SUI GENERIS,SUI GENERIS,SUI GENERIS,115 BROUGHTON S,EH1 3RZ,466
325899.8956,674414.3246,public house, ,SUI GENERIS,SUI GENERIS,SUI GENERIS,SUI GENERIS,10A-12A BROUGHT,EH1 3RH,467
326918.3034,674827.303400001,antiques, ,Class 1,Class 9, , , , ,468
326932.6069,674825.334000001,baker, ,Class 1,Class 9, , , , ,469
326949.8798,674804.482799999,ceramic tiles, ,Class 1,Class 1,Vacant,Class 9,48 BRUNSWICK RO,EH7 5PF,470
326954.4847,674803.7557,"carpets, floor tiles", ,Class 1,Vacant,Class 4,Vacant,50 BRUNSWICK RO,EH7 5PF,471
325137.9874,674971.0,motor cycles & accessories,West Pier Motor Cycles,Class 1,Vacant, ,Class 3,24-27 BRANDON T,EH3 5DZ,472
324841.9976,673200.9981,hot food t/a, ,SUI GENERIS,SUI GENERIS,SUI GENERIS,SUI GENERIS,9 BREAD STREET,EH3 9AL,473
324850.0014,673200.9981,hairdresser, ,Class 1,Vacant,Class 1,Class 1,9A BREAD STREET,EH3 9AL,474
324856.4988,673201.2477,floor coverings, ,Class 1,Class 3,Vacant,Class 3,13 BREAD STREET,EH3 9AL,475
324860.7508,673200.9976,vacant, ,Vacant,Class 2,Class 1,Class 1,15 BREAD STREET,EH3 9AL,476
324864.5026,673201.2477,public house, ,SUI GENERIS,SUI GENERIS,SUI GENERIS,Vacant,19 BREAD STREET,EH3 9AL,477
324874.2473,673200.999,gents clothing, ,Class 1,Class 11,Class 11,Class 11,23 BREAD STREET,EH3 9AL,478
324880.7504,673200.999,vacant, ,Vacant,Class 1,Class 3,SUI GENERIS,25(GF2)-27 BREA,EH3 9AL,479
324890.7475,673200.497400001,locksmith, ,Class 4,Class 1,Class 1,Class 1,29 BREAD STREET,EH3 9AL,480
324896.5002,673200.247300001,hot food take-away, ,SUI GENERIS,Class 3,Class 3,Class 3,33 BREAD STREET,EH3 9AL,481
324902.9971,673200.247300001,hardware, ,Class 1,Class 1,Class 4,Class 11,35-37 BREAD STR,EH3 9AL,482
324953.7889,673199.247300001,public house, ,SUI GENERIS,SUI GENERIS,SUI GENERIS,Vacant,39 BREAD STREET,EH3 9AL,483
324966.504,673197.499299999,greetings cards, ,Class 1,Class 1,Class 2,Vacant,43 BREAD STREET,EH3 9AH,484
324973.7461,673197.247300001,jeweller & goldsmith, ,Class 1,Class 1,Class 1,Class 1,47 BREAD STREET,EH3 9AH,485
324977.748,673197.247300001,off licence, ,Class 1,Class 1,Class 1,Class 1,49 BREAD STREET,EH3 9AH,486
324981.4998,673197.247300001,grocer, ,Class 1,Class 1,Class 1,Class 1,51 BREAD STREET,EH3 9AH,487
324985.0014,673196.997099999,greengrocer, ,Class 1,Vacant,Vacant,Vacant,55 BREAD STREET,EH3 9AH,488
324995.495,673196.9967,butcher, ,Class 1,Vacant,Class 4,Class 4,61 BREAD STREET,EH3 9AH,489
325000.7475,673196.7465,hot food t/a, ,SUI GENERIS,SUI GENERIS,Vacant,Vacant,65 BREAD STREET,EH3 9AH,490
325006.0,673196.7465,numeracy centre, ,Class 4,Class 2,Class 1,Class 1,67 BREAD STREET,EH3 9AH,491
325011.7494,673196.496400001,stationer, ,Class 1,SUI GENERIS, , , , ,492
325019.253,673195.996200001,hot food t/a, ,SUI GENERIS,SUI GENERIS, , , , ,493
325022.7546,673195.996200001,vacant, ,Vacant,Vacant,Vacant,Vacant,75 BREAD STREET,EH3 9AH,494
325026.7565,673195.996200001,motorcycle accessories, ,Class 1,Vacant,Class 2,Vacant,77 BREAD STREET,EH3 9AH,495
324846.4988,673171.7513,hairdresser,Changes,Class 1,Vacant,Class 1,Class 1,6-8 BREAD STREE,EH3 9AF,496
324874.4993,673172.751800001,furniture, ,Class 1,Class 11,Class 11,Vacant,22 BREAD STREET,EH3 9AF,497
324905.4931,673170.753699999,large mixed durable,Scotmid,Class 1, , , , , ,498
321518.0,668939.8026,greeting cards/po, ,Class 1,Class 1,Class 1, ,7 BRIDGE ROAD,EH13 0LH,499
321510.8026,668939.5987,electrical goods, ,Class 1,Class 1, , , , ,500
330497.8484,673838.672700001,vacant, ,Vacant,Class 1,Class 1, , , ,501
330495.298,673835.6994,bicycles, ,Class 1,Class 1, , , , ,502
330488.931,673829.484099999,vacant, ,Vacant,Vacant, , , , ,503
330486.7528,673827.215399999,optician, ,Class 1,Class 1,Class 1,Class 1,19 BRIGHTON PLA,EH15 1LH,504
330484.0241,673824.4867,hairdresser, ,Class 1,Class 1,Class 1,Class 1,21 BRIGHTON PLA,EH15 1LH,505
325783.4696,673222.795600001,grocer, ,Class 1,Class 2, , , , ,506
325891.8695,674430.052200001,fishmonger, ,Class 1,Class 1,Class 1,Class 1,16A BROUGHTON S,EH1 3RH,507
325889.2724,674433.947799999,jeweller, ,Class 1,Class 1,Class 1,Class 1,16B BROUGHTON S,EH1 3RH,508
325887.0,674438.168099999,grocer, ,Class 1,Class 1,Class 1,Class 1,20 BROUGHTON ST,EH1 3RH,509
325837.0898,674513.6493,n/t/c,Shad,Class 1,Class 1,Class 1,Class 1,28 BROUGHTON ST,EH1 3SB,510
325833.1942,674517.5449,wine merchant,Peter Dominic,Class 1,Class 1,Class 1,Class 1,30 BROUGHTON ST,EH1 3SB,511
325828.7651,674523.142000001,hairdresser,Kingham,Class 1,Class 3,Class 3,Class 3,32B BROUGHTON S,EH1 3SB,512
325825.1942,674526.713,restaurant,Akram,Class 3,Class 3,Class 3,Class 3,32C BROUGHTON S,EH1 3SB,513
325816.713,674536.6754,videotape hire,Fyfe,Class 1,Class 1,Class 1,Class 1,34 BROUGHTON ST,EH1 3SB,514
325811.8434,674542.1942,vacant, ,Vacant,Class 3,Class 3,Class 3,36 BROUGHTON ST,EH1 3SB,515
325808.9217,674545.7651,vacant, ,Vacant,Class 1,Class 1,Class 1,40 BROUGHTON ST,EH1 3SB,516
325797.713,674568.507300001,delicatessen,Beaton,Class 1,Class 1,Class 1,Class 1,42 BROUGHTON ST,EH1 3SA,517
325796.4144,674572.402899999,"period clothing, costume jewellery",Townshend,Class 1,Class 1,Class 1,Class 1,44 BROUGHTON ST,EH1 3SA,518
325794.2433,674576.029200001,public house,Phoenix,SUI GENERIS,SUI GENERIS,SUI GENERIS,SUI GENERIS,46-48A BROUGHTO,EH1 3SA,519
325787.1942,674583.272399999,greengrocer, ,Class 1,Class 1,Class 1,Class 1,50 BROUGHTON ST,EH1 3SA,520
325785.2464,674586.1942,greengrocer,Shaw & Dickson,Class 1,Class 1,Class 1,Class 1,50A BROUGHTON S,EH1 3SA,521
325779.5449,674594.817299999,clocks & watches,Richie & Sons,Class 1,Class 1, , , , ,522
325775.4927,674601.2203,men's clothing, ,Class 1,Class 1,UNKNOWN USE, , , ,523
325773.5449,674603.817299999,cafe, ,Class 3,Class 3,Class 3, , , ,524
325756.4927,674628.5188,letting agency,Waverley Properties Ltd.,Class 4,Vacant, , , , ,525
325752.9217,674633.3883,photographic studio (commercial),Ingram,Class 2,Vacant,Vacant,Class 1,74 BROUGHTON ST,EH1 3SA,526
331744.5496,672962.6349,n/t/c, ,Class 1,Class 1,Class 1,Class 1,2 BRUNSTANE BAN,EH15 2NR,527
331746.0942,672958.092,gasfitters, ,Class 4,Class 1,Class 1,Class 1,4 BRUNSTANE BAN,EH15 2NR,528
331747.3673,672954.453199999,vacant, ,Vacant,Class 1,Class 1,Class 1,6 BRUNSTANE BAN,EH15 2NR,529
331748.3668,672950.728,hairdresser, ,Class 1,Class 1,Class 1,Class 1,8 BRUNSTANE BAN,EH15 2NR,530
331219,673256,kitchen furniture, ,Class 1,Class 4, , , , ,531
326388.3246,674861.740700001,hot food t/a, ,SUI GENERIS,SUI GENERIS,SUI GENERIS,SUI GENERIS,1 BRUNSWICK PLA,EH7 5HP,532
326392.2081,674866.975,bank, ,Class 2,Class 4, , , , ,533
326407.5839,674887.6885,mixed durable goods,Poundstretcher,Class 1,Class 1,Class 1,Class 1,4-6 BRUNSWICK P,EH7 5HW,534
326417.4542,674900.4804,mens clothing,Leith Army Stores,Class 1,Class 1, , , , ,535
325754.4755,673242.044399999,hardware,Donald & Co.,Class 1,Class 1,Class 1,Class 1,8-10 BRISTO PLA,EH1 1EY,536
325786.2044,673184.6296,vacant, ,Vacant,Class 3,Class 3,Class 3,15 BRISTO PLACE,EH1 1EZ,537
325792.0385,673178.2652,restaurant, ,Class 3,Class 3,Class 2,Class 2, , ,538
325797.6074,673172.9615,herbalist,Napier & Sons,Class 1,Class 1,Class 1,Class 1,18 BRISTO PLACE,EH1 1EZ,539
325879.5526,673203.508199999,bank,Bank of Scotland,Class 2,Class 2,Class 2,Class 2,4 BRISTO SQUARE,EH8 9AL,540
325590.4614,673547.6931,café, ,Class 3,Class 3,Class 3,Class 3,3 BRODIE'S CLOS,EH1 2PS,541
319397.7915,672429.9617,n/t/c, ,Class 1,Class 1, , , , ,542
319400.8298,672427.7915,greengrocer, ,Class 1,Vacant, , , , ,543
319405.6596,672424.3574,drycleaner /po, ,Class 1,Class 1, , , , ,544
319409.6213,672421.8298,hairdresser, ,Class 1,Class 1,Class 1,Class 1,43 BROOMHALL DR,EH12 7QL,545
319414.6128,672418.5745,grocer, ,Class 1,Class 1,Class 1,Class 1,45 BROOMHALL DR,EH12 7QL,546
319817.8845,672193.9637,grocer, ,Class 1,UNKNOWN USE,Vacant,Vacant,14 BROOMHALL RO,EH12 7PB,547
319819.5968,672191.0283,butcher, ,Class 1,Class 1, , , , ,548
319823.2661,672185.157400001,n/t/c, ,Class 1,Class 1, , , , ,549
319824.8562,672182.3442,grocer, ,Class 1,Class 1,Class 1,Class 1,20 BROOMHALL RO,EH12 7PB,550
320202,671301,public house, ,SUI GENERIS,SUI GENERIS, , , , ,551
320173,671351,hairdresser, ,Class 1,Class 2,Class 2,Class 1,1-3 BROOMHOUSE,EH11 3UU,552
320175,671346,butcher, ,Class 1,Class 2,Class 2, , , ,553
320176,671341,baker, ,Class 1,Class 1,Class 1,Class 1,5 BROOMHOUSE MA,EH11 3UU,554
320179,671335,n/t/c, ,Class 1,Vacant, , , , ,555
320181,671327,grocer, ,Class 1,Class 1,Class 1,Class 1,11 BROOMHOUSE M,EH11 3UU,556
320031,670898,video film hire, ,Class 1,Class 1,Class 1,Class 1,367 BROOMHOUSE,EH11 3TA,557
325063.7451,672855.501700001,disco equipment,Sweet Inspiration,Class 1,Class 1,Vacant,Class 4,1 BROUGHAM PLAC,EH3 9HW,558
325067.9971,672850.249199999,model kits (toys), ,Class 1,Class 4,Vacant,Class 2,1A BROUGHAM PLA,EH3 9HW,559
325071.2487,672845.747,sportswear, ,Class 1,Class 1,Vacant,Vacant,2 BROUGHAM PLAC,EH3 9HW,560
325086.7475,672819.9981,restaurant,Cottage Indian Rest.,Class 3,Class 3, , , , ,561
325070.0071,672793.740800001,public house, ,SUI GENERIS,SUI GENERIS,SUI GENERIS,SUI GENERIS,15 BROUGHAM PLA,EH3 9JX,562
325056.5007,672813.2501,grocer, ,Class 1,Class 1,Class 1,Class 1,15A-17 BROUGHAM,EH3 9JX,563
325050.2511,672822.750399999,antiques, ,Class 1,Class 9, , , , ,564
325043.5002,672833.2511,vacant, ,Vacant,Vacant,Vacant,Vacant,20 BROUGHAM PLA,EH3 9JU,565
325045.5012,672829.999500001,teeshirts, ,Class 1,Vacant,Class 1,Vacant,20A BROUGHAM PL,EH3 9JU,566
325038.7508,672840.000499999,restaurant,Lafayette,Class 3,Class 3,Class 3,Class 3,22 BROUGHAM PLA,EH3 9JU,567
325034.7585,672845.0277,restaurant,Bungalow Tandoori,Class 3,Class 3,Class 3,Class 3,23-23A BROUGHAM,EH3 9JU,568
325033.0019,672847.499299999,chiropodist, ,Class 2,Class 2,Class 1,Class 4,25 BROUGHAM PLA,EH3 9JU,569
325028.7499,672853.252,public house, ,SUI GENERIS,Class 1,Class 1,Class 1,26 BROUGHAM PLA,EH3 9JU,570
325026.4988,672856.2535,chemist, ,Class 1,Class 1, , , , ,571
324955.4964,672918.7546,post office, ,Class 1,Class 1,Class 1,Class 1,5 BROUGHAM STRE,EH3 9JS,572
324982.7494,672899.0019,baker, ,Class 1,Class 1,Class 2,Class 2, , ,573
324960.7489,672915.7532,hairdresser, ,Class 1,Class 1,Vacant,Vacant,13A BROUGHAM ST,EH3 9JS,574
324986.5012,672896.250600001,videotape hire, ,Class 1,Class 1,Class 1,Class 1,17 BROUGHAM STR,EH3 9JS,575
324990.5031,672892.999,hot food t/a, ,SUI GENERIS,SUI GENERIS,SUI GENERIS,SUI GENERIS,17A BROUGHAM ST,EH3 9JS,576
325001.4993,672882.750800001,grocer (lic), ,Class 1,Vacant,Class 4,Class 4,23 BROUGHAM STR,EH3 9JS,577
325030.7546,672850.2454,restaurant & carry-out,Brattisani,Class 3,Class 3,SUI GENERIS,SUI GENERIS,25-27 BROUGHAM,EH3 9JT,578
325024.0014,672860.0,n/t/c, ,Class 1,Class 1,Vacant,Vacant,31 BROUGHAM STR,EH3 9JT,579
325021.0,672863.751800001,hairdresser, ,Class 1,Class 1,Class 1,Vacant,33 BROUGHAM STR,EH3 9JT,580
324966.9986,672949.4979,public house, ,SUI GENERIS,SUI GENERIS,SUI GENERIS,SUI GENERIS,2-4 BROUGHAM ST,EH3 9JH,581
324974.0,672945.249199999,restaurant, ,Class 3,Class 3,Class 3,Class 3,6 BROUGHAM STRE,EH3 9JH,582
324982.2477,672938.750800001,wholefoods,Real Foods,Class 1,Class 1,Class 1,Class 1,8 BROUGHAM STRE,EH3 9JH,583
324989.7513,672933.248199999,solicitors & estate agents, ,Class 2,Class 2,Class 2,Class 2,12 BROUGHAM STR,EH3 9JH,584
324996.9971,672927.502599999,restaurant,Shamiana Indian Rest.,Class 3,Class 3,Class 3,Class 3,14-14A BROUGHAM,EH3 9JH,585
325000.4988,672924.7513,grocer, ,Class 1,SUI GENERIS,SUI GENERIS,Vacant,18 BROUGHAM STR,EH3 9JH,586
325005.001,672921.4998,hot food t/a,Spud-u-Like,SUI GENERIS,Class 1,Class 1,Class 1,18A BROUGHAM ST,EH3 9JH,587
325022.7523,672905.9948,restaurant, ,Class 3,Class 3,Class 3,Class 3,24 BROUGHAM STR,EH3 9JH,588
325821.6232,674590.5595,motor cycle accessories (Suzuki),Allan,Class 1,Class 3,Class 3,Class 3,2 BROUGHTON PLA,EH1 3RX,589
325826.1681,674591.857999999,2nd hand books,Henshaw,Class 1,Class 1,Class 1,Class 1,2A BROUGHTON PL,EH1 3RX,590
325422.1048,675094.344599999,supermarket - large,William Low,Class 1,Class 1,Class 1,Class 1,7 BROUGHTON ROA,EH7 4EW,591
325497.7894,675149.0529,grocer, ,Class 1,Class 1,Class 1,Class 1,41 BROUGHTON RO,EH7 4EP,592
325529.1313,675173.684599999,vacant, ,Vacant,Vacant, , , , ,593
325544.6317,675185.8687,n/t/c, ,Class 1,Class 1,Class 1,Class 4,55 BROUGHTON RO,EH7 4EX,594
325549.3683,675188.237,betting shop, ,Class 2,Vacant,Class 9, , , ,595
325603.8159,675223.473999999,general clothing, ,Class 1,Vacant,Class 1,Class 1,89 BROUGHTON RO,EH7 4EG,596
325608.9471,675225.0529,ironmonger, ,Class 1,Class 1,Class 9, , , ,597
325619.4211,675229.473999999,public house, ,SUI GENERIS,SUI GENERIS,SUI GENERIS,SUI GENERIS,97-99 BROUGHTON,EH7 4EG,598
325624.2106,675231.079299999,plumber, ,Class 4,Class 9, , , , ,599
325628.9471,675232.658199999,refrigerator engineer, ,Class 4,Vacant,Class 9, , , ,600
325681.7894,675257.473999999,hot food t/a, ,SUI GENERIS,SUI GENERIS,SUI GENERIS,SUI GENERIS,113 BROUGHTON R,EH7 4EQ,601
325687.7101,675262.2106,restaurant, ,Class 3,SUI GENERIS,SUI GENERIS,SUI GENERIS,119 BROUGHTON R,EH7 4EQ,602
325717.3418,675287.4211,n/t/c, ,Class 1,Class 1,Class 1,Class 1,121-123 BROUGHT,EH7 4JH,603
325713.3947,675284.658199999,vacant, ,Vacant,Class 4,Class 4, , , ,604
325709.0529,675281.895199999,vacant, ,Vacant,Class 10,Class 10,Class 10, , ,605
325801.8943,675351.6317,carpets, ,Class 1,Vacant,Class 2,Class 2,153 BROUGHTON R,EH7 4JJ,606
325796.763,675347.289899999,grocer, ,Class 1,Class 1,UNKNOWN USE,UNKNOWN USE,157 BROUGHTON R,EH7 4JJ,607
325415.0238,675038.395199999,public house, ,SUI GENERIS,SUI GENERIS,SUI GENERIS,SUI GENERIS,2-4 BROUGHTON R,EH7 4EB,608
325615.237,675202.341800001,vacant, ,Vacant,Class 9, , , , ,609
325621.9471,675205.104800001,hairdresser, ,Class 1,Class 1,Class 9, , , ,610
325935.0783,674406.857999999,public house,Greenman's,SUI GENERIS,SUI GENERIS,Class 3,Class 3,19 BROUGHTON ST,EH1 3JU,611
325931.5073,674414.3246,pet shop,Aquatic Centre,Class 1,Class 1,Class 1,Class 1,23 BROUGHTON ST,EH1 3JU,612
325928.5073,674420.429,public house,Walker,SUI GENERIS,SUI GENERIS,SUI GENERIS,SUI GENERIS,25 BROUGHTON ST,EH1 3JU,613
326393.3246,674824.908500001,n/t/c, ,Class 1,Class 1,Class 1,Class 1,97 BRUNSWICK ST,EH7 5HR,614
326392.4804,674828.6231,knitting wool, ,Class 1,Class 1,SUI GENERIS,SUI GENERIS,99 BRUNSWICK ST,EH7 5HR,615
326391.6362,674832.1688,chiropodist, ,Class 2,SUI GENERIS,SUI GENERIS,SUI GENERIS,103 BRUNSWICK S,EH7 5HR,616
326390.7919,674836.221100001,grocer, ,Class 1,Class 1,Class 2,Class 1,105 BRUNSWICK S,EH7 5HR,617
326389.3377,674841.6481,2nd hand furniture, ,Class 1,Class 1, , , , ,618
326387.4804,674850.090399999,butcher, ,Class 1,Class 1, , , , ,619
326386.6362,674854.4804,restaurant, ,Class 3,Class 3,Class 3,Class 3,113-115 BRUNSWI,EH7 5HR,620
326365.7538,674811.8181,office, ,Class 4,Vacant, ,Vacant,86-88 BRUNSWICK,EH7 5HU,621
326364.4031,674816.883400001,electrician, ,Class 4,Class 4,Vacant,Class 1,90 BRUNSWICK ST,EH7 5HU,622
326363.0523,674822.793,off license, ,Class 1,Class 1,Class 1,Class 1,94-96 BRUNSWICK,EH7 5HU,623
324495.9071,672203.7106,unknown use (no nameplate), ,UNKNOWN USE,Vacant, , , , ,624
324573.5182,672140.325300001,hairdresser, ,Class 1,Class 1,Class 1,Class 1,2 BRUNTSFIELD A,EH10 4EP,625
324520.1857,672217.464299999,vacant, ,Vacant,Vacant, , , , ,626
324517.0108,672222.0,vacant, ,Vacant,Class 1,Class 1,Class 1,26 BRUNTSFIELD,EH10 4EW,627
324700.2275,672204.081499999,sports equipment & clothing, ,Class 1,Class 1,Class 1,Class 1,103-105 BRUNTSF,EH10 4EQ,628
324695.6011,672198.7697,"dried flowers, toiletries etc", ,Class 1,Class 1,Class 1,Class 1,107 BRUNTSFIELD,EH10 4EQ,629
324690.0,672192.2247,travel agent, ,Class 1,Class 2,Class 2,Class 2,109-111 BRUNTSF,EH10 4EQ,630
324686.059,672188.112400001,n/t/c, ,Class 1,Class 1,Class 1,Class 1,115 BRUNTSFIELD,EH10 4EQ,631
324681.0309,672182.598300001,gifts, ,Class 1,Class 1,Class 1,Class 1,117 BRUNTSFIELD,EH10 4EQ,632
324678.118,672179.514,estate agents & solicitors, ,Class 2,Class 2,Class 1,Class 1,119 BRUNTSFIELD,EH10 4EQ,633
324675.3764,672176.6011,grocer, ,Class 1,Vacant,Class 1,Class 1,123 BRUNTSFIELD,EH10 4EQ,634
324671.4326,672171.823000001,locks & security, ,Class 1,Class 1,Class 1,Class 1,125 BRUNTSFIELD,EH10 4EQ,635
324667.1489,672167.368000001,chemist, ,Class 1,Class 1,Class 1,Class 1,129 BRUNTSFIELD,EH10 4EQ,636
324649.8539,672151.508400001,building society, ,Class 2,Vacant,Class 1,Class 1,131 BRUNTSFIELD,EH10 4EB,637
324646.5983,672148.081499999,vacant, ,Vacant,Class 1,Class 1,Class 1,133 BRUNTSFIELD,EH10 4EB,638
324643.3427,672144.997199999,vacant, ,Vacant,Class 1,Class 1,Class 1,137 BRUNTSFIELD,EH10 4EB,639
324637.3455,672139.1713,photographic equipt & proc., ,Class 1,Class 1,Class 1,Class 1,141 BRUNTSFIELD,EH10 4EB,640
324571.2865,672091.0,dry cleaner, ,Class 1,Class 1,Class 1,Class 1,155-159 BRUNTSF,EH10 4DG,641
324559.1629,672084.6208,restaurant, ,Class 3,Class 3,Class 3,Class 3,159A-163A BRUNT,EH10 4DG,642
324556.9298,672083.5309,building society / insurance, ,Class 2,Class 2, , , , ,643
326136.0,672735.292300001,vacant, ,Vacant,Class 9,Class 9,Class 4,78 BUCCLEUCH ST,EH8 9NH,644
326145.6305,672712.1691,hairdresser, ,Class 1,Class 1,Class 11,Class 11,90 BUCCLEUCH ST,EH8 9NH,645
326149.215,672705.091800001,n/t/c, ,Class 1,Class 1,Vacant,Class 3,94 BUCCLEUCH ST,EH8 9NH,646
326150.9687,672700.4155,video film hire, ,Class 1,Class 1,Class 1,Class 1,98 BUCCLEUCH ST,EH8 9NH,647
326204.8768,672825.5845,shoes, ,Class 1,Class 4,Vacant,Class 2,5 CLERK STREET,EH8 9JH,648
326213.6305,672808.753599999,vacant, ,Vacant,Class 2, , , , ,649
326218.0146,672799.6931,florist, ,Class 1,Class 1,Vacant,Class 1,13 CLERK STREET,EH8 9JH,650
326222.5845,672791.507300001,tools, ,Class 1,Class 1,Vacant,Class 1,17 CLERK STREET,EH8 9JH,651
326225.7996,672786.246400001,optician, ,Class 1,Class 1,Class 1,Class 1,19 CLERK STREET,EH8 9JH,652
324551.9157,672080.8006,grocer (lic), ,Class 1,Class 1,Class 1,Class 1,165 BRUNTSFIELD,EH10 4DG,653
324547.632,672078.401699999,greengrocer, ,Class 1,Class 1,Class 1,Class 1,165A BRUNTSFIEL,EH10 4DG,654
324543.0056,672076.002800001,vacant, ,Vacant,Class 1,Class 1,Class 1,165B BRUNTSFIEL,EH10 4DG,655
324537.2275,672071.7697,grocer, ,Class 1,Class 1,Class 1,Vacant,167 BRUNTSFIELD,EH10 4DG,656
324534.3146,672069.028100001,hot food take-away, ,SUI GENERIS,SUI GENERIS,SUI GENERIS,SUI GENERIS,169 BRUNTSFIELD,EH10 4DG,657
324532.7725,672065.4298,restaurant, ,Class 3,Class 3,Class 3,Class 3,171 BRUNTSFIELD,EH10 4DG,658
324530.7135,672060.912900001,grocer & n/t/c, ,Class 1,Class 1,Class 1,Class 2,175 BRUNTSFIELD,EH10 4DG,659
324529.1713,672056.6292,chemist, ,Class 1,Class 1,Class 1,Class 1,177 BRUNTSFIELD,EH10 4DG,660
324527.9719,672052.8595,hot food t/a, ,SUI GENERIS,Class 1,SUI GENERIS,SUI GENERIS,179 BRUNTSFIELD,EH10 4DG,661
324526.2556,672046.9663,printing & photocopying, ,Class 4,Class 1,Class 1,Class 1,181 BRUNTSFIELD,EH10 4DG,662
324525.0562,672042.682600001,sauna, ,Class 11,Class 11,Class 3,Class 3,183 BRUNTSFIELD,EH10 4DG,663
324523.8567,672037.713500001,"registrar, b,d & m", ,Class 1,Class 1,Class 1,Class 1,185 BRUNTSFIELD,EH10 4DG,664
324518.1152,671989.1713,fishmonger, ,Class 1,Class 1,Class 1,Class 1,197 BRUNTSFIELD,EH10 4DQ,665
324517.7725,671980.6292,gifts, ,Class 1,Class 1,Class 2,Class 2,201-203 BRUNTSF,EH10 4DH,666
324517.6011,671973.7697,grocer, ,Class 1,Class 1,Class 1,Class 1,205 BRUNTSFIELD,EH10 4DH,667
324517.6011,671969.8287,estate agents, ,Class 2,Class 2, , , , ,668
324517.7725,671962.631999999,building society, ,Class 2,Class 2, , , , ,669
324517.4298,671957.1994,"calendars, cards, stationery", ,Class 1,Class 1,Class 1,Class 1,213 BRUNTSFIELD,EH10 4DH,670
324517.6011,671952.401699999,dry cleaner, ,Class 1,Class 1,Class 1,Class 1,217 BRUNTSFIELD,EH10 4DH,671
324517.6011,671947.6039,"framed prints, posters etc", ,Class 1,Class 1,Class 1,Class 1,219 BRUNTSFIELD,EH10 4DH,672
324713.8399,672260.004799999,bedding centre,Bruntsfield Bedding Centre,Class 1,Class 1,Class 1,Class 1,88 BRUNTSFIELD,EH10 4HG,673
324698.4598,672246.127900001,optician, ,Class 1,Class 2,Class 2,Class 2,90-92 BRUNTSFIE,EH10 4ES,674
324694.0141,672241.956599999,knitting wool, ,Class 1,Class 1,Class 1,Class 1,96 BRUNTSFIELD,EH10 4ES,675
324689.2107,672237.4036,bank,Bank of Scot.,Class 2,Class 2,Class 4,Class 4,98 BRUNTSFIELD,EH10 4ES,676
324686.771,672235.0724,hairdresser, ,Class 1,SUI GENERIS,Class 1,Class 3,100 BRUNTSFIELD,EH10 4ES,677
324684.0602,672232.470000001,building society,Anglia,Class 2,Class 4,Class 1,Vacant,104 BRUNTSFIELD,EH10 4ES,678
324681.4578,672229.9219,leather goods, ,Class 1,Class 1,Class 1,Class 1,106 BRUNTSFIELD,EH10 4ES,679
324677.012,672225.6085,launderette, ,Class 1,Class 1,Class 1,Class 1,108 BRUNTSFIELD,EH10 4ES,680
324673.5121,672222.355599999,children's clothes, ,Class 1,Class 1,Class 1,Class 1,110 BRUNTSFIELD,EH10 4ES,681
324669.5543,672218.8858,optician,R.C. Cunning,Class 1,Class 1,Class 1,Class 1,114 BRUNTSFIELD,EH10 4ES,682
324665.2228,672214.337400001,off licence, ,Class 1,Class 1,Class 1,Class 1,116 BRUNTSFIELD,EH10 4ES,683
324661.8615,672211.0845,vacant, ,Vacant,Vacant,Class 1,Class 1,118 BRUNTSFIELD,EH10 4ES,684
324658.2832,672207.6689,bags, ,Class 1,Class 1,Class 1,Class 1,120 BRUNTSFIELD,EH10 4ES,685
324652.6473,672202.23,butcher,MacSween,Class 1,Vacant,Class 1,Class 3,124-130 BRUNTSF,EH10 4ES,686
324634.0542,672181.6085,grocers, ,Class 1,Class 1,Class 1,Class 1,132-134 BRUNTSF,EH10 4ER,687
324630.235,672178.271199999,chemist, ,Class 1,Class 1,Class 1,Class 1,136 BRUNTSFIELD,EH10 4ER,688
324625.3373,672174.1204,greengrocer, ,Class 1,Class 1,Class 1,SUI GENERIS,138 BRUNTSFIELD,EH10 4ER,689
324622.3494,672171.518100001,estate agent, ,Class 2,Class 1,Class 1,SUI GENERIS,140 BRUNTSFIELD,EH10 4ER,690
324619.3615,672169.2049,vacant, ,Vacant,Class 1,Class 1,Class 1,144 BRUNTSFIELD,EH10 4ER,691
324616.9519,672167.1808,shoes, ,Class 1,Class 1,Class 1,Class 1,146 BRUNTSFIELD,EH10 4ER,692
324612.6626,672163.409600001,greeting cards, ,Class 1,Class 1,Class 1,Class 1,148 BRUNTSFIELD,EH10 4ER,693
324609.2892,672160.518100001,shoe repairs / key cutting, ,Class 1,Class 1,Class 1,Class 1,150 BRUNTSFIELD,EH10 4ER,694
324605.4338,672157.337400001,domestic appliance repairs, ,Class 1,Class 1,Class 1,Class 1,154 BRUNTSFIELD,EH10 4ER,695
324600.3734,672153.6987,butcher, ,Class 1,Class 1,Class 1,Class 1,156 BRUNTSFIELD,EH10 4ER,696
324597.8675,672151.9638,restaurant, ,Class 3,Class 3,Class 3,Class 3,158 BRUNTSFIELD,EH10 4ER,697
324595.0723,672149.9398,vacant, ,Vacant,Class 1, , , , ,698
324592.2772,672148.1085,vacant, ,Vacant,Class 1,Class 1,Class 1,164 BRUNTSFIELD,EH10 4ER,699
324587.5902,672144.8553,books, ,Class 1,Class 1,Class 1,Class 1,166 BRUNTSFIELD,EH10 4ER,700
324583.4458,672142.1566,jewellery, ,Class 1,Class 1,Class 2,Class 2,168 BRUNTSFIELD,EH10 4ER,701
324579.8796,672139.554199999,decorators, ,Class 4,Class 1,Class 1,Class 1,170 BRUNTSFIELD,EH10 4ER,702
324575.8315,672136.9519,vacant, ,Vacant,Class 1,Class 1,Class 1,174 BRUNTSFIELD,EH10 4ER,703
324553.1807,672123.1204,off licence, ,Class 1,Class 1,Class 1,Class 1,176 BRUNTSFIELD,EH10 4DF,704
324549.2289,672120.325300001,grocer, ,Class 1,Class 1,Class 1,Class 1,178 BRUNTSFIELD,EH10 4DF,705
324545.3736,672117.8193,greengrocer, ,Class 1,Vacant, , , , ,706
324541.8074,672115.3134,coffee shop, ,Class 3,Class 3, , , , ,707
324537.1083,672112.1204,greengrocer, ,Class 1,Class 1,Class 1,Class 1,186 BRUNTSFIELD,EH10 4DF,708
324534.1204,672110.0,jewellery, ,Class 1,Class 1,Class 1,Class 1,188 BRUNTSFIELD,EH10 4DF,709
324529.9759,672107.494000001,baker, ,Class 1,Class 1,Class 1,Class 3,192-194 BRUNTSF,EH10 4DF,710
324525.4459,672104.506100001,n/t/c, ,Class 1,Class 1,Class 1,Class 1,196 BRUNTSFIELD,EH10 4DF,711
324520.1564,672101.1083,baker, ,Class 1,Class 1,Class 1,Class 1,198 BRUNTSFIELD,EH10 4DF,712
324516.2047,672098.6987,travel agent, ,Class 1,Class 1,Class 1,Class 1,200 BRUNTSFIELD,EH10 4DF,713
324511.6747,672095.614499999,fishmonger, ,Class 1,Class 1,Class 1,Class 1,202 BRUNTSFIELD,EH10 4DF,714
324507.4338,672093.1085,bank,Royal Bank of Scotland,Class 2,Class 2,Class 2,Class 2,206 BRUNTSFIELD,EH10 4DF,715
324490.9637,672051.242799999,bank, ,Class 2,Class 2,Class 3,Class 3,208 BRUNTSFIELD,EH10 4DE,716
324880.0024,672582.252499999,pine & cane furniture,Royal Blind Asylum,Class 1,Vacant,Class 2,Class 1,1 BRUNTSFIELD P,EH10 4HN,717
324877.7513,672577.2501,computer games (tape), ,Class 1,Vacant,Class 1,Vacant,2 BRUNTSFIELD P,EH10 4HN,718
324875.0,672571.9976,restaurant,Lee On,Class 3,Class 3,Class 3,Class 3,4-5 BRUNTSFIELD,EH10 4HN,719
324871.7513,672564.749399999,ladies clothing, ,Class 1,Class 1,Class 1,Class 1,6 BRUNTSFIELD P,EH10 4HN,720
324908.2487,672574.001,antique clocks,Bruntsfield Clocks,Class 1,Class 1,Class 1,Class 2,7 BRUNTSFIELD P,EH10 4HN,721
324906.4979,672570.499299999,antiques, ,Class 1,Class 1,Class 1,Class 1,9 BRUNTSFIELD P,EH10 4HN,722
324869.5017,672560.0,hairdresser, ,Class 1,Class 1,Class 1,Class 1,10 BRUNTSFIELD,EH10 4HN,723
324863.5026,672548.0024,vacant, ,Vacant,Vacant,Class 1,Class 1,11 BRUNTSFIELD,EH10 4HN,724
324858.2501,672537.9976,Chinese supermarket,Wing Shing,Class 1,Class 1,Class 1,Class 1,14-17 BRUNTSFIE,EH10 4HN,725
324855.2525,672530.7523,"Chinese books, videos, clothes, ornaments etc.", ,Class 1,Class 1,Class 1, , , ,726
324852.5012,672525.7499,hi fi repairs, ,Class 1,Class 1,Class 1,Class 1,19 BRUNTSFIELD,EH10 4HN,727
324850.0,672520.747500001,baker,Breadwinner,Class 1,Class 1,Class 1,Class 1,20 BRUNTSFIELD,EH10 4HN,728
324846.0014,672512.251499999,charity shop, ,Class 1,Vacant,Class 1,Vacant,22 BRUNTSFIELD,EH10 4HN,729
324844.7508,672508.249600001,hairdresser, ,Class 1,Class 1,Class 1,Class 1,23 BRUNTSFIELD,EH10 4HN,730
324843.5045,672503.2554,videotape hire, ,Class 1,Class 1,Class 1,Class 1,25-27 BRUNTSFIE,EH10 4HJ,731
324841.7537,672496.7523,ladies' clothes,Second Thoughts,Class 1,Class 1,Class 1,Class 1,28 BRUNTSFIELD,EH10 4HJ,732
324840.5031,672492.2501,antiques, ,Class 1,Class 1,Class 1,Class 1,30 BRUNTSFIELD,EH10 4HJ,733
324839.5026,672488.248199999,vacant, ,Vacant,Class 1, , , , ,734
324836.5012,672479.494100001,wholefoods,Health Nuts,Class 1,Class 1, , , , ,735
324835.2525,672474.4998,pet foods & accessories, ,Class 1,Class 1,Class 1,Class 1,35 BRUNTSFIELD,EH10 4HJ,736
324834.0019,672468.4969,antiques, ,Class 1,Class 1,Class 2,Class 2,36 BRUNTSFIELD,EH10 4HJ,737
324832.0033,672461.252,"office stationery, printing", ,Class 4,Class 4,Class 1,Class 1,37 BRUNTSFIELD,EH10 4HJ,738
324830.5026,672455.999500001,solicitor & estate agent, ,Class 2,Class 2,Class 2,Class 1,38 BRUNTSFIELD,EH10 4HJ,739
324829.0019,672449.7465,restaurant, ,Class 3,SUI GENERIS,Class 3,Class 3,40-41 BRUNTSFIE,EH10 4HJ,740
324877.2492,672515.750800001,vacant, ,Vacant,Class 2,Class 1,Class 2,43 BRUNTSFIELD,EH10 4HJ,741
324742.1182,672286.3166,insurance,Prudential,Class 4,Class 1,Class 1,Class 1,78 BRUNTSFIELD,EH10 4HG,742
324737.0406,672281.307499999,hot food take-away, ,SUI GENERIS,SUI GENERIS,SUI GENERIS,SUI GENERIS,80 BRUNTSFIELD,EH10 4HG,743
324732.3941,672276.9122,n/t/c, ,Class 1,Class 1,Class 1,Class 1,81 BRUNTSFIELD,EH10 4HG,744
324729.375,672274.0075,vacant, ,Vacant,Class 1,Class 1,Class 1,83 BRUNTSFIELD,EH10 4HG,745
324726.1729,672270.942600001,cafe & hot food t/a, ,Class 3,SUI GENERIS,SUI GENERIS,SUI GENERIS,84 BRUNTSFIELD,EH10 4HG,746
324721.5707,672267.186699999,clothing alterations, ,Class 1,Class 1, , , , ,747
324717.4766,672263.412799999,ladies' clothing, ,Class 1,Class 1, , , , ,748
318317.3962,668195.8113,shoe repair/dry clean,Webb,Class 1,Vacant,Vacant, , , ,749
318323.2013,668195.2075,n/t/c,R.S. McColl,Class 1,Class 1,Vacant, , , ,750
318330.3081,668194.8994,"hardware, kitchenware",McWilliams,Class 1,Class 1,Class 1,Class 1,17 BRYCE ROAD,EH14 5LT,751
318540.0132,667926.9059,hot food take-away, ,SUI GENERIS,SUI GENERIS,SUI GENERIS,SUI GENERIS,56 BRYCE ROAD,EH14 5LD,752
318542.0941,667922.9323,shoe repair/dry clean,Robertson,Class 1,Class 1,Class 1,Class 1,60 BRYCE ROAD,EH14 5LD,753
318543.7244,667918.0527,off-licence,Haddows,Class 1,Class 1, , , , ,754
323884.4643,672450.6285,grocer, ,Class 1,Class 1,Class 1,Class 1,1-3 BRYSON ROAD,EH11 1ED,755
323815.987,672409.7214,vacant, ,Vacant,Class 9, , , , ,756
323679.8078,672295.3737,shopfitters, ,Class 4,Class 4,Class 9,Class 9, , ,757
323876.8143,672472.6501,grocer, ,Class 1,Class 1, , , , ,758
326350.7996,673763.1545,mens' clothing, ,Class 1,Class 1,Class 1,Class 1,189 CANONGATE,EH8 8BN,759
326341.9227,673760.446799999,vacant, ,Vacant,Vacant,Vacant,Vacant,193 CANONGATE,EH8 8BN,760
326333.2923,673758.1545,coffee shop, ,Class 3,Class 3,Class 3,Class 3,197 CANONGATE,EH8 8BN,761
326323.0459,673755.661800001,hot food t/a, ,SUI GENERIS,SUI GENERIS,SUI GENERIS,SUI GENERIS,223 CANONGATE,EH8 8BJ,762
326293.9541,673747.492699999,vacant, ,Vacant,Class 1,Class 1,Class 1,229 CANONGATE,EH8 8BJ,763
326242.7369,673732.9541,gifts & crafts, ,Class 1,Class 1,Class 1,Class 3,251-253 CANONGA,EH8 8BQ,764
326210.7996,673723.615900001,bank, ,Class 2,Class 2, , , , ,765
326200.8768,673722.2777,grocer, ,Class 1,Class 3,Class 3,Class 3,267 CANONGATE,EH8 8BQ,766
326163.3841,673715.615900001,rugs, ,Class 1,Class 1,Class 1,Class 1,297 CANONGATE,EH8 8BD,767
326157.2464,673714.446799999,vacant, ,Vacant,Class 1,Class 1,Class 1,299 CANONGATE,EH8 8BD,768
326606.8309,673845.922700001,playing cards, ,Class 1,Class 1,Class 1,Class 1,82 CANONGATE,EH8 8BZ,769
326536.5845,673813.338199999,musical instruments (organs), ,Class 1,Class 1,Class 1,Class 1,98 CANONGATE,EH8 8DD,770
326520.4155,673806.0,stationery, ,Class 1,Demolished,Class 1,Class 1,110 CANONGATE,EH8 8DD,771
326502.7077,673800.7996,jazz festival office, ,Class 4,Class 1, , , , ,772
326494.2464,673797.922700001,gifts & souvenirs, ,Class 1,Class 1, , , , ,773
326419,673766,toys/models, ,Class 1,Class 1,Class 1,Class 1,154 CANONGATE,EH8 8DD,774
326419,673766,womens' clothing, ,Class 1,Class 1,Class 1,Class 1,156 CANONGATE,EH8 8DD,775
326419,673766,ladies clothing, ,Class 1,Class 3,Class 3,Class 3,158 CANONGATE,EH8 8DD,776
326409,673763,hot food t/a, ,SUI GENERIS,SUI GENERIS,SUI GENERIS,SUI GENERIS,162 CANONGATE,EH8 8DD,777
326409,673763,womens' clothing, ,Class 1,Class 1,Class 1,Class 1,164 CANONGATE,EH8 8DD,778
326409,673763,womens' clothing, ,Class 1,Class 1,Class 1,Class 1,166 CANONGATE,EH8 8DD,779
326396,673754,vacant, ,Vacant,Class 1,Class 1,Class 1,168 CANONGATE,EH8 8DF,780
323777.4623,672415.384400001,hot food t/a, ,SUI GENERIS,SUI GENERIS,SUI GENERIS,Vacant,26 BRYSON ROAD,EH11 1DX,781
323771.0,672411.3455,motor accessories,Watson Trade Services,Class 1,Class 1, , , , ,782
326100.2004,672924.077299999,architect, ,Class 4,Class 4, , , , ,783
326117.3695,672874.123199999,bookshop,James Thin,Class 1,Class 1,Class 1,Class 1,29-31 BUCCLEUCH,EH8 9LT,784
326119.1545,672866.6764,baker, ,Class 1,Class 1,Class 1,Class 1,35 BUCCLEUCH ST,EH8 9LT,785
326120.6159,672860.5386,insurance, ,Class 4,Class 1,Vacant,Class 1,37 BUCCLEUCH ST,EH8 9LT,786
326129.4927,672823.908199999,vacant, ,Vacant,Class 9, , , , ,787
326139.4927,672788.908199999,architect, ,Class 4,Class 2, , , , ,788
326149.9082,672756.5845,public house, ,SUI GENERIS,SUI GENERIS,SUI GENERIS,SUI GENERIS,93-95 BUCCLEUCH,EH8 9NG,789
326158.9082,672729.0459,restaurant, ,Class 3,Class 3,Class 3,Class 3,111-113 BUCCLEU,EH8 9NG,790
326163.0,672722.3236,vacant, ,Vacant,SUI GENERIS,Class 3,Class 3,117-119 BUCCLEU,EH8 9NG,791
326188.57,672689.707699999,vacant, ,Vacant,Class 1,Class 2,Class 2,137 BUCCLEUCH S,EH8 9NE,792
326190.9082,672685.615900001,general clothing, ,Class 1,Class 1, , , , ,793
326193.8309,672682.1086,hairdresser, ,Class 1,Class 1,Class 1,Class 1,143 BUCCLEUCH S,EH8 9NE,794
326197.7391,672676.876800001,upholsterer, ,Class 4,Class 2,Class 2,Class 2,145 BUCCLEUCH S,EH8 9NE,795
326200.9541,672672.492699999,vacant, ,Vacant,Class 9, , , , ,796
326204.1691,672669.2777,electrical goods, ,Class 1,Class 1,Vacant,Class 9, , ,797
326088.2609,672882.077299999,office equipment,Cash Registers (Buccleuch),Class 1,Class 2,Vacant,Demolished, , ,798
326101.9541,672846.8455,vacant, ,Vacant,Vacant,Class 1,Class 3,30 BUCCLEUCH ST,EH8 9LP,799
326105.4614,672833.7996,vacant, ,Vacant,Vacant,SUI GENERIS,SUI GENERIS,36 BUCCLEUCH ST,EH8 9LP,800
326106.3382,672830.292300001,cafe, ,Class 3,Class 2,Class 4,Class 4,38 BUCCLEUCH ST,EH8 9LP,801
326106.8768,672827.3695,public house, ,SUI GENERIS,SUI GENERIS,SUI GENERIS,SUI GENERIS,42-44 BUCCLEUCH,EH8 9LP,802
326166.0313,672673.5678,electrical goods, ,Class 1,Class 3,Vacant,Class 3,118 BUCCLEUCH S,EH8 9NQ,803
326172.1837,672666.077299999,fireplaces, ,Class 1,Class 1,Vacant,Vacant,124 BUCCLEUCH S,EH8 9NQ,804
326581,675042,electrical contractor, ,Class 4,Class 4,Class 4,Class 4,1 BUCHANAN STRE,EH6 8SJ,805
326648.1513,675135.2728,\ buchanan st. residents', ,Class 4,Class 2, , , , ,806
326645.2251,675129.407500001,/ housing association, ,Class 4,Class 2, , , , ,807
326714.5669,675161.8268,public house, ,SUI GENERIS,SUI GENERIS,SUI GENERIS,SUI GENERIS,25 BUCHANAN STR,EH6 8SQ,808
326699.0236,675170.0,vacant, ,Vacant,UNKNOWN USE,Class 4,Vacant,28 BUCHANAN STR,EH6 8RE,809
324476.9807,669054.852299999,bank, ,Class 2,Class 2,Class 2,Class 2,2 BUCKSTONE TER,EH10 6PZ,810
324480.5602,669048.1636,n/t/c, ,Class 1,Class 1,Class 1,Class 1,4 BUCKSTONE TER,EH10 6PZ,811
324482.6148,669043.669299999,solicitors, ,Class 2,Class 2,Class 2,Class 2,4A BUCKSTONE TE,EH10 6PZ,812
324485.0545,669038.918199999,greengrocer, ,Class 1,Class 1,Class 1,Class 1,8 BUCKSTONE TER,EH10 6PZ,813
324486.4943,669034.645500001,grocer, ,Class 1,Class 1,Class 1,Class 1,8A BUCKSTONE TE,EH10 6PZ,814
324489.175,669029.521600001,butcher, ,Class 1,Class 1,Class 1,Class 1,10 BUCKSTONE TE,EH10 6PZ,815
324491.5796,669023.887499999,chemist, ,Class 1,Class 1,Class 1,Class 1,10A BUCKSTONE T,EH10 6PZ,816
324493.6693,669018.863600001,off licence, ,Class 1,Class 1,Class 1,Class 1,14 BUCKSTONE TE,EH10 6PZ,817
324496.1091,669013.3421,hardware, ,Class 1,Class 1,Class 1,Class 3,16 BUCKSTONE TE,EH10 6PZ,818
318656.1182,673968.020199999,vacant, ,Vacant,Class 2,Vacant,Demolished, , ,819
318656.196,673961.5649,hairdresser, ,Class 1,Class 1,Class 1,Demolished, , ,820
318655.8415,673955.2248,chemist, ,Class 1,Class 1,Vacant, , , ,821
318655.7493,673946.9078,n/t/c (menzies), ,Class 1,Class 1,Class 1,Demolished, , ,822
318662.4986,673924.662799999,supermarket - safeways, ,Class 1,Class 1,Class 1,Demolished, , ,823
327524,667908,hot food t/a, ,SUI GENERIS,SUI GENERIS,SUI GENERIS,SUI GENERIS,10 BURDIEHOUSE,EH17 8AQ,824
327312.843,675674.3873,public house, ,SUI GENERIS,SUI GENERIS,SUI GENERIS,Class 9, , ,825
327114.5359,674413.719000001,cycles, ,Class 1,Class 1,Class 1,Class 1,1 CADZOW PLACE,EH7 5SN,826
327119.5033,674414.4641,florist, ,Class 1,Class 1,Class 1,Class 1,3 CADZOW PLACE,EH7 5SN,827
327125.0916,674414.960899999,video film hire, ,Class 1,Class 1,Class 1,Class 1,4(01) CADZOW PL,EH7 5SN,828
327134.013,674414.9739,carpets,Carpet Mill,Class 1,UNKNOWN USE,UNKNOWN USE,UNKNOWN USE,5 CADZOW PLACE,EH7 5SN,829
327140.0981,674414.725500001,restaurant, ,Class 3,Class 3,Class 3,Class 3,7-8 CADZOW PLAC,EH7 5SN,830
327147.9084,674414.2092,furniture, ,Class 1,Class 1,Class 1,Class 1,9 CADZOW PLACE,EH7 5SN,831
327152.8758,674413.7125,furniture, ,Class 1,Class 4,Class 2,Class 2,11 CADZOW PLACE,EH7 5SN,832
327157.719,674413.215700001,hot food t/a, ,SUI GENERIS,SUI GENERIS,SUI GENERIS,Vacant,12 CADZOW PLACE,EH7 5SN,833
327168.7647,674412.3204,n/t/c, ,Class 1,Class 1,Class 1,Class 1,14-15 CADZOW PL,EH7 5SN,834
327173.7321,674411.6994,grocer, ,Class 1,SUI GENERIS,SUI GENERIS,SUI GENERIS,17 CADZOW PLACE,EH7 5SN,835
327180.1372,674410.960899999,chemist, ,Class 1,Class 1,Class 1,Vacant,18 CADZOW PLACE,EH7 5SN,836
327185.2288,674410.3399,electrical appliances, ,Class 1,Class 1,Class 1,Class 2,19 CADZOW PLACE,EH7 5SN,837
327190.072,674409.8432,public house, ,SUI GENERIS,SUI GENERIS,SUI GENERIS,SUI GENERIS,21 CADZOW PLACE,EH7 5SN,838
327213.2616,674404.6601,vacant, ,Vacant,Class 4, , , , ,839
327216.2353,674404.111099999,grocer, ,Class 1,Class 1, , , , ,840
319109.1516,670383.845000001,grocer, ,Class 1,Class 1, , , , ,841
319122.0122,670383.2675,vacant, ,Vacant,SUI GENERIS, , , , ,842
319132.6968,670383.0869,grocer, ,Class 1,Class 1, , , , ,843
319150.2419,670382.4805,wool & sewing goods, ,Class 1,Class 1,Class 1,Class 1,10-12 CALDER PA,EH11 4JN,844
319156.0,670382.238600001,confectionery & cards, ,Class 1,Class 1,Vacant, , , ,845
319161.0,670382.0869,vacant, ,Vacant,Class 1,Class 1,SUI GENERIS,14 CALDER PARK,EH11 4JN,846
319165.6968,670381.9353,hairdresser, ,Class 1,Class 1,Class 1,Vacant,16 CALDER PARK,EH11 4JN,847
319170.2419,670381.845000001,chemist, ,Class 1,Class 1,Class 1,Class 1,18 CALDER PARK,EH11 4JN,848
320343.2412,670908.853399999,supermarket,Scotmid,Class 1,Class 1,Class 1,Class 1,283-289 CALDER,EH11 4RH,849
320331.128,670904.231899999,chemist, ,Class 1,Class 1,Class 1,Class 1,291 CALDER ROAD,EH11 4RH,850
320287.744,670888.4954,greengrocer, ,Class 1,Class 1,Class 3,Class 3,329 CALDER ROAD,EH11 4AH,851
320283.1447,670886.870100001,off licence, ,Class 1,Class 1,Class 1,Class 1,331 CALDER ROAD,EH11 4AH,852
320279.1633,670885.248600001,ladies/childrens clothes, ,Class 1,Class 1,Class 11,Class 11,333 CALDER ROAD,EH11 4AH,853
320265.9852,670879.4211,n/t/c, ,Class 1,Class 1,Class 1,Vacant,339 CALDER ROAD,EH11 4AH,854
320261.9128,670877.5659,grocer (lic), ,Class 1,Class 1, , , , ,855
320257.6661,670875.465700001,butcher, ,Class 1,Class 1, , , , ,856
320252.9573,670873.4211,bakers, ,Class 1,Class 1,Vacant,Class 1,345 CALDER ROAD,EH11 4AH,857
319699.6328,670712.2576,supermarket,Presto,Class 1,Class 1,Class 1,Class 1,483 CALDER ROAD,EH11 4AW,858
319701.3289,670705.7556,chemist, ,Class 1,Class 1,Class 1,Class 1,483A CALDER ROA,EH11 4AW,859
319703.5905,670694.7305,public house, ,SUI GENERIS,SUI GENERIS,SUI GENERIS,SUI GENERIS,485 CALDER ROAD,EH11 4AW,860
319702.4597,670699.819,vacant, ,Vacant,Class 1, , , , ,861
319715.181,670690.2074,vacant, ,Vacant,Vacant,SUI GENERIS,SUI GENERIS,487 CALDER ROAD,EH11 4AW,862
319716.3118,670681.726500001,vacant, ,Vacant,Vacant,SUI GENERIS,SUI GENERIS,487A CALDER ROA,EH11 4AW,863
319708.1136,670677.486099999,vacant, ,Vacant,SUI GENERIS,SUI GENERIS,SUI GENERIS,489 CALDER ROAD,EH11 4AW,864
319702.7424,670676.638,shoe repairs, ,Class 1,Class 1,Class 2,Class 2,489A CALDER ROA,EH11 4AW,865
319697.9366,670675.789899999,greengrocer, ,Class 1,Vacant,Class 11, , , ,866
319692.0,670674.6592,hairdresser, ,Class 1,Class 1,Vacant, , , ,867
319687.7596,670674.093800001,ladies/childrens clothes, ,Class 1,Class 1,Class 1,Class 1,493 CALDER ROAD,EH11 4AW,868
319684.9326,670673.5284,bank, ,Class 2,Class 2, , , , ,869
319681.823,670700.1017,n/t/c, ,Class 1,Class 1,Class 1,Class 1,497 CALDER ROAD,EH11 4AW,870
319680.6922,670705.472899999,betting shop, ,Class 2,Class 2,Class 2,Class 1,499 CALDER ROAD,EH11 4AW,871
319671.646,670709.1479,launderette, ,Class 1,Class 1,SUI GENERIS,SUI GENERIS,501 CALDER ROAD,EH11 4AW,872
319625.3712,670766.502,service station, ,SUI GENERIS,SUI GENERIS, , , , ,873
324056.9785,672872.0,grocer / n/t/c, ,Class 1,Class 1,Class 1,Class 1,14-16 CALEDONIA,EH11 2AJ,874
323964.2552,672955.191400001,office furniture, ,Class 1,Class 4, ,Class 4,4 CALEDONIAN PL,EH11 2AS,875
323966.6488,672951.733999999,second hand furniture, ,Class 1,Class 1,Class 4,Vacant,6 CALEDONIAN PL,EH11 2AS,876
324018.1169,672990.9893,plumber, ,Class 4,Class 1, , , , ,877
324014.9255,672992.8509,travel agent, ,Class 1,Class 1, , , , ,878
324011.734,672994.1807,vacant, ,Vacant,Vacant, , , , ,879
325999.2001,673980.600099999,public house, ,SUI GENERIS,SUI GENERIS, , , , ,880
325955.261,674089.942399999,vacant, ,Vacant,SUI GENERIS, , , , ,881
327537.4304,674353.513900001,t.v. rental, ,Class 1,Class 4,Class 4,Class 4,1 CAMBUSNETHAN,EH7 5TZ,882
327559.5214,674345.888699999,waterproofing services, ,Class 4,Vacant,Class 1,Class 1,4 CAMBUSNETHAN,EH7 5UA,883
327553.0721,674398.5085,vacant, ,Vacant,Class 2,Vacant,Class 9, , ,884
327552.4901,674402.290999999,unknown, ,UNKNOWN USE,Class 4,Class 4,Class 4,18 CAMBUSNETHAN,EH7 5UA,885
324552.3202,671181.227499999,betting shop, ,Class 2,Class 2,Vacant,Class 1,1 CANAAN LANE,EH10 4SZ,886
324593.7472,671158.6601,home brew centre, ,Class 1,Class 1, , , , ,887
325679.4918,673327.3037,vacant, ,Vacant,Class 4,Class 2,Class 3,21 CANDLEMAKER,EH1 2QG,888
325677.2044,673330.2652,musical instruments, ,Class 1,Class 4, , , , ,889
325674.8178,673334.243000001,furniture,Hewat of Edinburgh,Class 1,Class 1,Class 4,Vacant,25 CANDLEMAKER,EH1 2QG,890
325673.5526,673337.204399999,records & tapes, ,Class 1,Class 1,Class 1,Class 1,27 CANDLEMAKER,EH1 2QG,891
325656.8563,673354.718499999,nursery, ,Class 4,Class 10, , , , ,892
325654.4696,673357.3704,office, ,Class 4,SUI GENERIS, , , , ,893
325652.6133,673365.060699999,general clothing,Ewe Nique Knitwear,Class 1,SUI GENERIS, , , , ,894
325617.4311,673378.204399999,antiques, ,Class 1,Class 1,Class 1,Class 1,39 CANDLEMAKER,EH1 2QB,895
325621.9393,673376.348099999,bookshop, ,Class 1,Class 1,Class 1,Class 1, , ,896
325685.917,673285.386700001,public house,Greyfriars Bobby,SUI GENERIS,SUI GENERIS,SUI GENERIS,SUI GENERIS,30-34 CANDLEMAK,EH1 2QE,897
325673.3867,673306.5911,candles, ,Class 1,Class 1,Class 1,Class 1,42 CANDLEMAKER,EH1 2QE,898
325670.1215,673312.060699999,jewellery, ,Class 1,Class 3,Class 3,Class 3,44 CANDLEMAKER,EH1 2QE,899
325666.4474,673319.5911,ladies clothes, ,Class 1,Class 1,Class 1,Class 1,46 CANDLEMAKER,EH1 2QE,900
325662.243,673327.2652,ladies clothes,Personal Touch,Class 1,Class 2,Class 2,Class 2,50 CANDLEMAKER,EH1 2QE,901
325658.7956,673331.7733,antiques, ,Class 1,Class 1,Class 1,Class 1,54 CANDLEMAKER,EH1 2QE,902
325655.1215,673336.0,ladies clothes, ,Class 1,Vacant,Class 1,Class 1,56A CANDLEMAKER,EH1 2QE,903
325652.2044,673338.1215,ladies clothes, ,Class 1,Class 1,Class 1,Class 1,58 CANDLEMAKER,EH1 2QE,904
325645.8563,673343.0,ladies clothes, ,Class 1,Class 1,Class 4,Class 1,62-64 CANDLEMAK,EH1 2QE,905
325249.0886,675010.2531,hot food t/a, ,SUI GENERIS,SUI GENERIS,SUI GENERIS,Vacant,12 CANON STREET,EH3 5HE,906
326724.3382,673919.661800001,womens' clothing, ,Class 1,Class 1,Class 1,Class 1, , ,907
326709.7536,673909.9541,vacant, ,Vacant,Class 4,Class 4,Class 4,23-25 CANONGATE,EH8 8BX,908
326696.1691,673902.9541,womens' clothing, ,Class 1,Vacant,Vacant,Vacant,29 CANONGATE,EH8 8BS,909
326597.5845,673865.492699999,public house, ,SUI GENERIS,SUI GENERIS,SUI GENERIS,SUI GENERIS,67 CANONGATE,EH8 8BS,910
326584.1691,673859.123199999,café & tea room, ,Class 3,Class 3,Class 3,Class 3,69 CANONGATE,EH8 8BS,911
326552.8768,673844.9541,gifts & souvenirs, ,Class 1,Class 1,Class 1,Class 1,97 CANONGATE,EH8 8BP,912
326535.2923,673837.8309,grocer, ,Class 1,Class 1,Class 1,Class 1,101 CANONGATE,EH8 8BP,913
326515.3382,673824.8309,gifts & souvenirs, ,Class 1,Class 1,Class 1,Class 1,125 CANONGATE,EH8 8BP,914
326502.8768,673819.9541,antiques, ,Class 1,Class 1,Class 1,Class 1,131 CANONGATE,EH8 8BP,915
326497.6159,673818.2004,gifts & souvenirs, ,Class 1,Vacant,Class 1,Class 1,133-135 CANONGA,EH8 8BP,916
326483.3382,673813.908199999,womens' clothing, ,Class 1,Class 1,Class 1,Class 1,143-145 CANONGA,EH8 8BN,917
326404.5073,673785.4781,public house, ,SUI GENERIS,SUI GENERIS,SUI GENERIS,SUI GENERIS,167 CANONGATE,EH8 8BN,918
326394.5073,673784.3236,maps, ,Class 1,Class 1,Class 1,Class 1,173 CANONGATE,EH8 8BN,919
326386.6305,673780.615900001,jeweller, ,Class 1,Class 1,Class 1,Class 1,175 CANONGATE,EH8 8BN,920
326373.6305,673775.031300001,womens' clothing, ,Class 1,Vacant,Class 1,Class 1,181-183 CANONGA,EH8 8BN,921
326360.7536,673766.400900001,mens' clothing, ,Class 1,Class 1,Vacant,Class 1,187 CANONGATE,EH8 8BN,922
326396,673754,off license, ,Class 1,Class 1,Class 1,Class 1,172 CANONGATE,EH8 8DF,923
326282.0146,673721.492699999,second-hand books, ,Class 1,Class 1,Class 1,Class 3,204 CANONGATE,EH8 8DQ,924
326273.0,673718.338199999,n/t/c, ,Class 1,Class 1,Class 1,Class 1,208 CANONGATE,EH8 8DQ,925
326261.2923,673714.659600001,public house, ,SUI GENERIS,SUI GENERIS,SUI GENERIS,SUI GENERIS,232 CANONGATE,EH8 8DQ,926
326236.4133,673706.8266,restaurant, ,Class 3,Class 3,Class 3,Class 3,240 CANONGATE,EH8 8AB,927
326212.2923,673703.137800001,grocer, ,Class 1,Class 1,Class 1,Class 1,244 CANONGATE,EH8 8AB,928
326209.3695,673702.8455,womens' clothing, ,Class 1,Class 1,Class 2,Class 2,248 CANONGATE,EH8 8AA,929
326203.6764,673702.3069,womens' clothing, ,Class 1,Class 1,Class 1,Class 1,250 CANONGATE,EH8 8AA,930
326196.3695,673701.137800001,crafts, ,Class 1,Class 1,Class 1,Class 1,254 CANONGATE,EH8 8AA,931
326187.9235,673699.7552,public house, ,SUI GENERIS,SUI GENERIS,SUI GENERIS,SUI GENERIS,266 CANONGATE,EH8 8AA,932
326182.2923,673698.983200001,fishmonger, ,Class 1,Class 1,Class 1,Class 1,270 CANONGATE,EH8 8AA,933
326178.785,673698.1064,grocer, ,Class 1,Class 1,Class 1,Class 1,272 CANONGATE,EH8 8AA,934
326173.8163,673696.9373,fabrics, ,Class 1,Vacant,Class 1,Class 3,274 CANONGATE,EH8 8AA,935
326168.6159,673695.553200001,butcher, ,Class 1,Class 1,Class 1,Class 1,276 CANONGATE,EH8 8AA,936
326164.524,673694.091800001,baker, ,Class 1,Class 1,Class 1,Class 1,278 CANONGATE,EH8 8AA,937
325353.8371,675021.2324,public house,Hare o' the Dog,SUI GENERIS,SUI GENERIS,SUI GENERIS,SUI GENERIS,1 CANONMILLS,EH3 5HA,938
325338.581,675026.185699999,ladies' clothing,Chain Store Seconds,Class 1,Class 9, , , , ,939
325333.279,675027.581,security office,Chattan Security,Class 4,SUI GENERIS,SUI GENERIS,Class 3,5 CANONMILLS,EH3 5HA,940
325296.2148,675018.050899999,service station, ,SUI GENERIS,SUI GENERIS,Class 1,Class 1,23 CANONMILLS,EH3 5HA,941
325242.3291,675051.3291,baker, ,Class 1,Class 1,Class 1,Vacant,30 CANONMILLS,EH3 5LH,942
324534.4298,671656.912900001,carpets, ,Class 1,Class 1,Class 1,Class 1,6-10 CHURCH HIL,EH10 4BD,943
324542.1405,671657.598300001,charity shop, ,Class 1,Class 1,Class 1,Class 1,14 CHURCH HILL,EH10 4BD,944
324546.0815,671658.112400001,health / massage, ,Class 1,Class 1,Class 1,Class 1,16 CHURCH HILL,EH10 4BD,945
324765.7797,674719.423599999,grocer (lic), ,Class 1,Class 1, , , , ,946
326202.5386,672830.2609,shoes, ,Class 1,Class 1,Class 1,Class 1,3 CLERK STREET,EH8 9JH,947
326229.7996,672778.6305,launderette, ,Class 1,Class 11,Class 11,Class 11,21 CLERK STREET,EH8 9JH,948
326232.1378,672774.8309,hairdresser, ,Class 1,Class 1, , , , ,949
326235.8309,672767.768200001,butcher,Clark,Class 1,Class 1, , , , ,950
326237.5845,672764.553200001,restaurant, ,Class 3,SUI GENERIS,SUI GENERIS,SUI GENERIS,33-35 CLERK STR,EH8 9JH,951
326241.0918,672758.4155,baker,Crawford,Class 1,Class 3, , , , ,952
326246.7077,672748.183700001,chiropodist, ,Class 2,Class 4,Class 1,Class 1,37 CLERK STREET,EH8 9JQ,953
326248.7536,672744.384099999,butcher, ,Class 1,Class 1,Class 1,Class 1,39 CLERK STREET,EH8 9JQ,954
326253.43,672737.077299999,grocer, ,Class 1,Class 1,Class 1,Class 1,45 CLERK STREET,EH8 9JQ,955
324217.8871,674687.225099999,hairdresser, ,Class 1,Class 1,Class 1,Class 1,17 COMELY BANK,EH4 1DS,956
324213.662,674688.0701,florist, ,Class 1,Vacant, , , , ,957
326226.4468,672844.4614,hot food t/a, ,SUI GENERIS,Class 1, , , , ,958
326229.0773,672839.2004,hot food t/a, ,SUI GENERIS,SUI GENERIS, , , , ,959
326231.8622,672834.091800001,general clothing, ,Class 1,Class 1,Class 1,Class 1,10 CLERK STREET,EH8 9HX,960
326233.9082,672829.707699999,fishmonger,Welch,Class 1,Class 1,Class 1,Class 1,12 CLERK STREET,EH8 9HX,961
326235.9541,672825.3236,baker, ,Class 1,Class 1,Class 2,Class 2,16 CLERK STREET,EH8 9HX,962
326239.4468,672818.922700001,public house, ,SUI GENERIS,SUI GENERIS,SUI GENERIS,SUI GENERIS,18-24 CLERK STR,EH8 9HX,963
326241.785,672814.5386,n/t/c, ,Class 1,Class 1,Class 1,Class 1,26 CLERK STREET,EH8 9HX,964
326244.4155,672810.446799999,restaurant, ,Class 3,SUI GENERIS,Class 3,Class 3,28 CLERK STREET,EH8 9HX,965
326247.4468,672804.553200001,betting shop, ,Class 2,Class 2,Class 2,Class 2,30-32 CLERK STR,EH8 9HX,966
326249.4927,672799.876800001,butcher,Anderson,Class 1,Class 1,Class 1,Vacant,36 CLERK STREET,EH8 9HX,967
326252.1232,672795.2004,fishmonger,Anderson,Class 1,Class 1,Class 1,Vacant,38 CLERK STREET,EH8 9HX,968
326255.9854,672788.8309,estate agent, ,Class 2,Class 2,Class 1,Class 1,40 CLERK STREET,EH8 9HX,969
326259.4927,672783.862199999,hardware,Sibbald & Sons,Class 1,Class 1,Class 1,Vacant,42-44 CLERK STR,EH8 9HX,970
326273.9395,672757.215,chemist, ,Class 1,Class 1,Class 1, , , ,971
326278.3236,672749.3236,ladies clothes, ,Class 1,Class 1,Class 1, , , ,972
326280.0773,672745.816299999,travel agent, ,Class 1,Class 1,Class 2,Class 1,52 CLERK STREET,EH8 9JB,973
326282.57,672740.4614,grocer, ,Class 1,Class 1,Vacant,Vacant,54 CLERK STREET,EH8 9JB,974
324408.1124,670614.657299999,vacant, ,Vacant,Class 1,Class 1,Class 1,88 COMISTON ROA,EH10 5QJ,975
324406.5702,670610.0309,hairdresser, ,Class 1,Class 1,Class 1,Class 1,90 COMISTON ROA,EH10 5QJ,976
324397.5674,670583.5112,lic. grocer, ,Class 1,Class 1,Class 1,Class 1,92 COMISTON ROA,EH10 5QL,977
324396.368,670579.741599999,bric-a-brac, ,Class 1,Vacant,Class 1,Class 1,94 COMISTON ROA,EH10 5QL,978
324395.3399,670576.3146,dry cleaner, ,Class 1,Class 1,Class 2,Class 2, , ,979
324394.1405,670572.202199999,vacant, ,Vacant,Class 1,Class 1,Class 1,98 COMISTON ROA,EH10 5QL,980
324346.8848,670437.657299999,veterinary surgery, ,Class 2,Class 2,Class 2,Class 2, , ,981
324345.6854,670434.3708,hairdresser, ,Class 1,Class 4,Class 4,Class 4,130 COMISTON RO,EH10 5QN,982
324344.2275,670429.997199999,n/t/c, ,Class 1,Class 1,Class 4,Class 4,134 COMISTON RO,EH10 5QN,983
324342.6854,670424.932600001,butcher, ,Class 1,Class 2,Class 4,Class 4,136 COMISTON RO,EH10 5QN,984
325219.8605,675066.0634,fire place showroom, ,Class 1,Class 1,Class 1,Class 1,1 CANONMILLS BR,EH3 5LF,985
325216.1011,675068.569700001,lamps, ,Class 1,SUI GENERIS,SUI GENERIS,SUI GENERIS,2 CANONMILLS BR,EH3 5LF,986
325207.7469,675074.0,tile centre, ,Class 1,Class 1,Class 1,Class 1,3-6 CANONMILLS,EH3 5LF,987
327609,668149,electrical goods, ,Class 1,Demolished, , , , ,988
327603.6763,668146.066500001,hairdresser, ,Class 1,Demolished, , , , ,989
320911.5228,672073.0,grocer, ,Class 1,Demolished, , , , ,990
324998.6647,673799.4537,restaurant, ,Class 3,Vacant,Class 1,Class 1,5 CASTLE STREET,EH2 3AH,991
324995.2413,673803.8391,electrical goods,B.E.M.,Class 1,Class 4, , , , ,992
324994.6118,673809.793400001,travel agent,Thomas Cook,Class 1,Class 2,Class 2,Class 2,9 CASTLE STREET,EH2 3AH,993
324993.625,673812.675000001,hairdresser,Melvin & Friends,Class 1,Class 3,Vacant,Class 1,9A CASTLE STREE,EH2 3AH,994
324990.6001,673823.506200001,bookshop,H.M.S.O.,Class 1,Class 2,Class 2,Class 3,13A CASTLE STRE,EH2 3AH,995
324989.2876,673828.612600001,restaurant,Pizzaland,Class 3,Class 3,Class 3,Class 3,15 CASTLE STREE,EH2 3AH,996
324987.9762,673832.312100001,restaurant (Chinese),Orchid Lodge,Class 3,Class 3,Class 3,Class 3,15A CASTLE STRE,EH2 3AH,997
324983.2324,673855.855900001,wine merchant,Victoria Wine,Class 1,Class 1,Class 1,Class 1,21(GF10) CASTLE,EH2 3DN,998
324982.1412,673859.752900001,restaurant (Chinese),Dragon's Castle,Class 3,Class 3,Class 3,Class 3,21(GF20) CASTLE,EH2 3DN,999
324980.2971,673865.8177,shoe repairs,H. Robertson,Class 1,Class 1,Class 1,Class 1,21A CASTLE STRE,EH2 3DN,1000
324978.1412,673872.661800001,charity shop,Royal Edinburgh Repository & Self Aid Society,Class 1,Class 1,Class 1,Class 1,23(GF) CASTLE S,EH2 3DN,1001
324974.2706,673885.0383,shoe repairs,Timpson,Class 1,Class 1,Class 1,Class 1,29 CASTLE STREE,EH2 3DN,1002
324972.7118,673889.8706,clothing,Sheepskins,Class 1,Class 1, , , , ,1003
324970.8177,673895.2853,greeting cards,Cardshops,Class 1,Class 1,Class 1,Vacant,31 CASTLE STREE,EH2 3DN,1004
324970.1941,673897.623500001,travel agent,Blacks,Class 1,Class 1, , , , ,1005
324966.5812,673788.675000001,hairdresser,Green & Sons,Class 1,Class 1,Class 1,Class 1,4 CASTLE STREET,EH2 3AT,1006
324964.0624,673797.012499999,electrical goods,Tandy,Class 1,Class 1,Class 1,Class 1,6(GF)-8 CASTLE,EH2 3AT,1007
324959.9062,673814.8687,sports equipment,Adidas,Class 1,Class 1,Class 1,Class 1,14 CASTLE STREE,EH2 3AT,1008
324948.7322,673850.661800001,hairdresser,Ian Stewart,Class 1,Vacant, , , , ,1009
324946.2381,673858.7676,bedroom furniture, ,Class 1,Vacant,Class 3,Class 3,26 CASTLE STREE,EH2 3HT,1010
324937.7941,673890.1677,travel agent,Flightmaster,Class 1,Class 1,Class 1,Class 1,32A CASTLE STRE,EH2 3HT,1011
324939.5706,673884.8824,florist,Maxwell,Class 1,Class 1,Class 1,Class 1,32B CASTLE STRE,EH2 3HT,1012
324774.5036,673508.250600001,large mixed durable,Lawson Fisher,Class 1,Redeveloped, , , , ,1013
324782.0071,673509.7513,office supplies, ,Class 2,Class 2, , , , ,1014
324987.4974,673301.2444,restaurant, ,Class 3,Class 3, , , , ,1015
325457.215,673533.354900001,gifts, ,Class 1,Class 1,Class 1,Class 1,539 CASTLEHILL,EH1 2ND,1016
325454.5845,673532.185900001,cafe, ,Class 3,Class 3,Class 3,Class 3,539A CASTLEHILL,EH1 2ND,1017
325432.4614,673526.785,gifts, ,Class 1,Class 1, , , , ,1018
323629.6207,672890.241599999,vacant, ,Vacant,Vacant, ,Vacant,26 CATHCART PLA,EH11 2HE,1019
328359.2322,672700.0,public house,Sheep's Heid,SUI GENERIS,SUI GENERIS,SUI GENERIS,SUI GENERIS,43 THE CAUSEWAY,EH15 3QA,1020
326288.57,672390.876800001,n/t/c, ,Class 1,Class 1,Class 1,Class 1,17 CAUSEWAYSIDE,EH9 1QF,1021
326290.0313,672385.615900001,antiques, ,Class 1,Class 1,Class 3,Class 3,19 CAUSEWAYSIDE,EH9 1QF,1022
326292.2004,672380.4614,2nd hand goods, ,Class 1,Class 1, , , , ,1023
326293.3695,672377.246400001,joiner, ,Class 4,Class 1, , , , ,1024
326294.9708,672371.3047,public house, ,SUI GENERIS,SUI GENERIS,SUI GENERIS,SUI GENERIS,25-27 CAUSEWAYS,EH9 1QF,1025
326298.3695,672361.707699999,architect, ,Class 4,Class 2,Class 2,Class 2, , ,1026
326308.2004,672334.753599999,coins & medals, ,Class 1,Class 1,Class 1,Class 1,45 CAUSEWAYSIDE,EH9 1QF,1027
326309.3695,672331.246400001,vacant, ,Vacant,Class 3, , , , ,1028
326313.2004,672320.492699999,antiques, ,Class 1,Class 1, ,Class 1,55 CAUSEWAYSIDE,EH9 1QF,1029
326315.3876,672314.8145,industrial cleaner, ,Class 4,Class 1, , , , ,1030
326316.9656,672311.364700001,storeroom, ,Class 4,Class 2, , , , ,1031
326318.6208,672306.2349,clothes alterations, ,Class 1,Class 1,Class 1,Class 2,63 CAUSEWAYSIDE,EH9 1QF,1032
326319.9082,672303.077299999,vacant, ,Vacant,Class 1,Class 1,Class 1,67 CAUSEWAYSIDE,EH9 1QF,1033
326322.1545,672297.1691,slater, ,Class 4,Class 4, , , , ,1034
326324.2004,672293.077299999,wholesale baker, ,Class 2,Class 1,Vacant,Vacant, , ,1035
326326.2004,672287.292300001,kitchens, ,Class 1,Class 1,Vacant,Class 9, , ,1036
326344,672260,kitchens, ,Class 1,Class 1,Vacant,Vacant,89 CAUSEWAYSIDE,EH9 1QG,1037
326344,672260,labour party office, ,Class 4,Class 2,Vacant,Class 1,93 CAUSEWAYSIDE,EH9 1QG,1038
326348,672242,hairdresser, ,Class 1,Class 1,Class 3,Class 3,99 CAUSEWAYSIDE,EH9 1QG,1039
326349,672237,vacant, ,Vacant,Class 1, , , , ,1040
326350,672234,antiques, ,Class 1,Class 1, , , , ,1041
326377,672126,cushion foam, ,Class 1, , , , , ,1042
326407.611,672036.9769,charity shop, ,Class 1,Class 1,Class 1,Class 1,179-181 CAUSEWA,EH9 1PH,1043
326406.4813,672040.0231,charity shop, ,Class 1,Class 1, , , , ,1044
326409.5879,672031.8934,charity shop, ,Class 1,Class 1, ,Class 1,189 CAUSEWAYSID,EH9 1PH,1045
326410.6889,672029.4726,charity shop, ,Class 1,Class 4,Class 1,Class 4,191 CAUSEWAYSID,EH9 1PH,1046
326442.4869,671948.363600001,public house,Old Bell Inn,SUI GENERIS,SUI GENERIS,SUI GENERIS,SUI GENERIS,233 CAUSEWAYSID,EH9 1PH,1047
326287.5845,672319.338199999,lighting, ,Class 1,Class 4,Vacant,Vacant,56 CAUSEWAYSIDE,EH9 1PY,1048
326300.8141,672293.091800001,snooker club & lounge bar, ,SUI GENERIS,Vacant, ,Demolished,72-80 CAUSEWAYS,EH9 1PY,1049
326304.8768,672281.6305,vacant, ,Vacant,Vacant, , , , ,1050
326306.0459,672278.123199999,general clothing, ,Class 1,Class 1,Vacant,Vacant,84 CAUSEWAYSIDE,EH9 1PY,1051
326322,672238,knitting wool,Daintyland,Class 1,Class 1,Class 1,Class 1,100 CAUSEWAYSID,EH9 1PU,1052
326322,672238,pioneer service centre, ,Class 1,Vacant,Class 1,Class 1,102 CAUSEWAYSID,EH9 1PU,1053
326322,672238,antiques & reproduction furniture, ,Class 1,Class 1,Class 1,Class 1,106-108 CAUSEWA,EH9 1PU,1054
326306,672240,dance wear, ,Class 1,Vacant, , , , ,1055
326328,672224,sporran maker,Wm. E. Scott,Class 4,Vacant,Class 4,Class 4,110-112 CAUSEWA,EH9 1PU,1056
326331,672214,public house, ,SUI GENERIS,SUI GENERIS,SUI GENERIS,SUI GENERIS,114 CAUSEWAYSID,EH9 1PU,1057
326347.1232,672151.123199999,public house, ,SUI GENERIS,SUI GENERIS,SUI GENERIS,SUI GENERIS,130-132 CAUSEWA,EH9 1PR,1058
326348.4155,672143.0,plumber & electrician, ,Class 4,Class 4, , , , ,1059
326384.2824,672031.0835,vacant, ,Vacant,Class 1,Class 1,Vacant,180 CAUSEWAYSID,EH9 1PN,1060
326385.4121,672028.259299999,second-hand clothing, ,Class 1,Class 1,Class 1,Class 1,182 CAUSEWAYSID,EH9 1PN,1061
326387.9539,672022.0461,second-hand books, ,Class 1,Class 1, , , , ,1062
326390.8242,672015.236300001,second-hand clothing, ,Class 1,Class 3,Class 3,Class 3,190 CAUSEWAYSID,EH9 1PN,1063
326049.7369,673737.0,public house, ,SUI GENERIS,Class 3,Class 3,Class 3,1 CHALMERS CLOS,EH1 1SS,1064
325971.3236,673423.033500001,off license, ,Class 1,Class 1, , , , ,1065
325964.6013,673421.279899999,hi-fi equipment, ,Class 1,Class 1,Class 1,Class 1,1B CHAMBERS STR,EH1 1HR,1066
325712.1822,673335.635500001,bank,Bank of Scot.,Class 2,Class 2, , , , ,1067
325569.6559,676205.3609,vacant, ,Vacant,Class 2,Class 1, , , ,1068
325566.705,676204.869100001,grocer, ,Class 1,Class 1,Class 1, , , ,1069
326028,673037,plumber, ,Class 4,Vacant,Class 3,Class 3,4 CHAPEL STREET,EH8 9AY,1070
326028,673037,restaurant, ,Class 3,Class 3,Class 3,Class 3,6 CHAPEL STREET,EH8 9AY,1071
326028,673037,grocer, ,Class 1,Class 1,Class 1,Class 3,10 CHAPEL STREE,EH8 9AY,1072
326028,673037,astrology, ,Class 4,Class 3, , , , ,1073
326033.2464,673017.661800001,restaurant, ,Class 3,Class 3, , , , ,1074
324556.964,673777.744899999,restaurant, ,Class 3,Class 3,Class 3,Class 3,7 CHARLOTTE LAN,EH2 4QZ,1075
321867.118,671601.578299999,bank, ,Class 2,Class 2,Class 2,Class 2,1 CHESSER AVENU,EH14 1TB,1076
322268.1474,671415.144400001,supermarket,Scotmid,Class 1,Class 1, , , , ,1077
324522.7725,671681.286499999,photographic studio, ,Class 2,Class 2,Class 2,Class 4,3 CHURCH HILL P,EH10 4BE,1078
324527.0562,671681.6292,ladies' clothing, ,Class 1,Class 1,Class 11,Class 1,5 CHURCH HILL P,EH10 4BE,1079
324548.2556,671684.0309,furniture, ,Class 1,Class 1, , , , ,1080
326256.2464,672732.229599999,butcher, ,Class 1,Class 1,Vacant,Class 1,47 CLERK STREET,EH8 9JQ,1081
326258.0,672728.43,print shop, ,Class 4,Class 1,Class 1,Class 1,49 CLERK STREET,EH8 9JQ,1082
326260.3382,672723.753599999,restaurant, ,Class 3,Class 3,Class 3,Class 3,53 CLERK STREET,EH8 9JQ,1083
326262.3841,672719.9541,grocer, ,Class 1,Class 2,Class 2,Vacant,55 CLERK STREET,EH8 9JQ,1084
326264.9541,672714.645099999,hardware, ,Class 1,SUI GENERIS,Class 3,SUI GENERIS,57 CLERK STREET,EH8 9JQ,1085
326266.7077,672711.137800001,jewellery, ,Class 1,Class 1,Class 1,Class 1,59 CLERK STREET,EH8 9JQ,1086
326269.0459,672707.338199999,restaurant, ,Class 3,Class 3,Class 3,Class 3,63 CLERK STREET,EH8 9JQ,1087
326271.0918,672703.5386,hairdresser, ,Class 1,Class 1,Class 1,Class 1,65 CLERK STREET,EH8 9JQ,1088
326274.0,672699.014599999,records & tapes, ,Class 1,Class 1,Class 3,Class 3,67 CLERK STREET,EH8 9JG,1089
326276.3382,672695.215,jewellery, ,Class 1,Class 1,Class 1,Class 1,69 CLERK STREET,EH8 9JG,1090
326277.7996,672691.707699999,building society, ,Class 2,Class 2,Class 1,Class 1,73 CLERK STREET,EH8 9JG,1091
326279.8455,672689.077299999,baker,Mighty Munch Ltd.,Class 1,Class 1,Class 1,Class 1,75 CLERK STREET,EH8 9JG,1092
326283.5386,672683.229599999,public house, ,SUI GENERIS,SUI GENERIS,SUI GENERIS,SUI GENERIS,77 CLERK STREET,EH8 9JG,1093
326285.8768,672677.6764,grocer, ,Class 1,Class 1,Class 1,Class 1,83 CLERK STREET,EH8 9JG,1094
326288.8141,672672.4322,hardware, ,Class 1,Class 1, , , , ,1095
326223.2318,672850.599099999,hairdresser, ,Class 1,Class 1,Class 1,Class 1,2 CLERK STREET,EH8 9HX,1096
322933.3251,673278.6291,post office, ,Class 1,Class 1,Class 1,Class 1,8 COLTBRIDGE AV,EH12 6AH,1097
322937.8199,673287.3376,building contractors office, ,Class 4,Vacant,Class 1,Class 4,14 COLTBRIDGE A,EH12 6AH,1098
322940.1679,673291.3628,sweetshop, ,Class 1,Class 4,Class 4,Class 4,16 COLTBRIDGE A,EH12 6AH,1099
324086.914,674573.8851,grocer (lic), ,Class 1,Class 2, , , , ,1100
324089.1679,674568.2092,butcher, ,Class 1,Class 1,Vacant,Class 4,35 COMELY BANK,EH4 1ES,1101
324005.6703,674711.059800001,greengrocer, ,Class 1,Class 1,Class 1,Class 1,4 COMELY BANK A,EH4 1EL,1102
324007.3874,674706.750299999,n/t/c, ,Class 1,Class 1,Class 1,Class 1,6 COMELY BANK A,EH4 1EL,1103
324008.6889,674702.6525,paint, ,Class 1,Class 1,Class 4,Class 4,8 COMELY BANK A,EH4 1EL,1104
324009.6968,674699.782500001,engineering office, ,Class 4,Class 4, , , , ,1105
324011.3108,674696.0252,building society, ,Class 2,Class 2, , , , ,1106
324012.6508,674692.1041,wool, ,Class 1,Class 4,Class 2,Class 2,16 COMELY BANK,EH4 1EL,1107
324014.1974,674688.145099999,hairdresser, ,Class 1,Class 1,Class 1,Class 1,18 COMELY BANK,EH4 1EL,1108
324142.0,674590.5492,baker, ,Class 1,Class 1,Vacant,Class 9, , ,1109
324096.6394,674577.6435,sauna, ,Class 11,Class 11,Class 11,Class 11,43-45 COMELY BA,EH4 1ER,1110
324091.6352,674575.823799999,hairdresser, ,Class 1,Class 1,Class 1,Class 1,49 COMELY BANK,EH4 1ER,1111
324088.9098,674601.180299999,n/t/c, ,Class 1,Class 1,Class 1,Class 9, , ,1112
324084.1844,674598.9057,painter & decorator, ,Class 4,Class 2, , , , ,1113
324077.3606,674596.631100001,launderette, ,Class 1,Class 1, , , , ,1114
324269.0841,674680.535,clothing alterations, ,Class 1,Class 3,Class 3,Class 3, , ,1115
324266.2111,674681.042099999,shoe repairs, ,Class 1,SUI GENERIS, , , , ,1116
324262.493,674681.7181,hot food t/a, ,SUI GENERIS,SUI GENERIS, , , , ,1117
324253.028,674683.183,greengrocer & florist, ,Class 1,Class 1,Class 1,Class 1,9 COMELY BANK R,EH4 1DR,1118
324248.465,674684.028000001,butcher, ,Class 1,Class 1,Vacant,Class 1,13 COMELY BANK,EH4 1DR,1119
324222.6192,674686.211100001,n/t/c, ,Class 1,Class 1,Class 1,Class 1,15 COMELY BANK,EH4 1DS,1120
326285.2004,672736.3695,estate agent, ,Class 2,Class 1, , , , ,1121
326288.7077,672730.524,carpets,Carpetmill (Scotland),Class 1,Class 1, , , , ,1122
326291.9227,672725.2631,photographer,Edinburgh Cameras,Class 2,Class 1,Class 1,Class 1,60 CLERK STREET,EH8 9JB,1123
326294.2004,672720.3236,vacant, ,Vacant,Class 1,Class 1,Class 1,62 CLERK STREET,EH8 9JB,1124
326296.8309,672715.354900001,greengrocer,Drummond,Class 1,Class 1,Class 1,Class 1,64-66 CLERK STR,EH8 9JB,1125
320032.3719,674677.0,butcher, ,Class 1,Vacant, , , , ,1126
320028.9828,674673.795299999,hot food t/a, ,SUI GENERIS,Vacant, , , , ,1127
320026.2047,674670.925000001,n/t/c, ,Class 1,Class 1,Class 1,Class 9, , ,1128
320022.9453,674667.406199999,baker, ,Class 1,Class 1,Class 1,Class 9,22 CLERMISTON G,EH4 7DE,1129
320019.4641,674663.5359,vacant, ,Vacant,Vacant, , , , ,1130
320016.5016,674660.0547,vacant, ,Vacant,Class 1, , , , ,1131
320013.6484,674656.942199999,hairdresser, ,Class 1,Class 1, , , , ,1132
320010.7234,674653.129699999,grocer, ,Class 1,Class 1,Vacant,Vacant,32 CLERMISTON G,EH4 7DE,1133
320101.3291,672947.304,antiques, ,Class 1,Class 1,Vacant,Class 4,5 CLERMISTON RO,EH12 6XG,1134
320100.9937,672950.9937,hairdresser, ,Class 1,Class 1,Class 1,Class 1,7 CLERMISTON RO,EH12 6XG,1135
323992.7297,673223.703500001,baker, ,Class 1,SUI GENERIS,SUI GENERIS,SUI GENERIS,9 CLIFTON TERRA,EH12 5DR,1136
323985.8634,673224.068299999,florist, ,Class 1,Class 1,Class 1,Vacant,11 CLIFTON TERR,EH12 5DR,1137
323980.391,673224.4331,cafe, ,Class 3,Class 3,Class 3,Class 3,13 CLIFTON TERR,EH12 5DR,1138
323974.9186,673224.798,butcher, ,Class 1,SUI GENERIS,SUI GENERIS,SUI GENERIS,10 CLIFTON TERR,EH12 5DR,1139
323968.0,673224.9869,electrical, ,Class 1,Class 1,Class 1,Class 1,14-15 CLIFTON T,EH12 5DR,1140
320302,669485,grocer, ,Class 1,Class 1,Class 1,Class 1,3 CLOVENSTONE P,EH14 3BG,1141
325673.855,674235.652899999,public house, ,SUI GENERIS,SUI GENERIS, , , , ,1142
326629.6344,676511.263900001,public house, ,SUI GENERIS,Class 3,Class 3,Class 3,52 COBURG STREE,EH6 6HJ,1143
326556.2513,676477.016000001,vacant, ,Vacant,Vacant, , , , ,1144
326551.5236,676474.5396,vacant, ,Vacant,Vacant, , , , ,1145
326541.1046,676469.398,vacant, ,Vacant,Vacant,Vacant,Vacant,86 COBURG STREE,EH6 6HJ,1146
326535.7015,676466.246200001,hairdresser, ,Class 1,Class 2, , , , ,1147
325836.94,674749.635399999,office equipment,Minolta,Class 2,Class 2, ,Class 4, , ,1148
325725,673719,ladies clothes, ,Class 1,Class 1,Class 1,Class 1,5 COCKBURN STRE,EH1 1BP,1149
325729.0,673716.4155,hot food t/a, ,SUI GENERIS,Class 1,Class 1,Class 1,7 COCKBURN STRE,EH1 1BP,1150
325735.0,673714.077299999,vacant, ,Vacant,Vacant,Class 1,Class 1,9 COCKBURN STRE,EH1 1BP,1151
325745.4614,673711.615900001,public house,Malt Shovel,SUI GENERIS,SUI GENERIS,SUI GENERIS,SUI GENERIS,11-15 COCKBURN,EH1 1BP,1152
325756.5678,673711.615900001,public house, ,SUI GENERIS,SUI GENERIS,SUI GENERIS,SUI GENERIS,19 COCKBURN STR,EH1 1BP,1153
325763.4614,673712.2004,general clothing, ,Class 1,Class 1,Class 1,Class 1,21 COCKBURN STR,EH1 1BP,1154
325770.2923,673713.031300001,general clothing, ,Class 1,Class 1,Class 1,Class 1, , ,1155
325780.5073,673713.354900001,restaurant, ,Class 3,Class 3, , , , ,1156
325775.2464,673712.770400001,general clothing, ,Class 1,Class 1, , , , ,1157
325791.0773,673715.2004,general clothing, ,Class 1,Class 1, , , , ,1158
325795.7536,673715.2004,general clothing, ,Class 1,Class 1,Class 1,Class 1,29A-33 COCKBURN,EH1 1BP,1159
325803.8309,673715.785,general clothing, ,Class 1,Class 1,Class 1,Class 1,37-39 COCKBURN,EH1 1BP,1160
325814.0,673716.077299999,general clothing, ,Class 1,Class 3,Class 3,Class 3,41 COCKBURN STR,EH1 1BS,1161
325820.4155,673715.492699999,general clothing, ,Class 1,Vacant,Class 1,Class 1,45 COCKBURN STR,EH1 1BS,1162
325827.5386,673715.077299999,general clothing, ,Class 1,Vacant,Class 1,Class 1,47 COCKBURN STR,EH1 1BS,1163
325832.5845,673714.123199999,jewellery, ,Class 1,Class 1,Class 1,Class 1,49 COCKBURN STR,EH1 1BS,1164
325839.7077,673712.9541,shoes, ,Class 1,Class 1,Class 1,Class 1,53 COCKBURN STR,EH1 1BS,1165
325846.0,673711.615900001,general clothing, ,Class 1,Class 1,Class 1,Class 1,55 COCKBURN STR,EH1 1BS,1166
325852.5073,673710.507300001,general clothing, ,Class 1,Class 1,Class 1,Class 1,57 COCKBURN STR,EH1 1BS,1167
325856.4468,673709.753599999,hairdresser, ,Class 1,Class 1,Class 1,Class 1,61 COCKBURN STR,EH1 1BS,1168
325859.3695,673709.1691,general clothing, ,Class 1,Class 1, , , , ,1169
325881.785,673701.927100001,n/t/c,Sarwar,Class 1,Class 1,Class 1,Class 1,65A COCKBURN ST,EH1 1BU,1170
325901.785,673674.0459,public house, ,SUI GENERIS,SUI GENERIS,SUI GENERIS,SUI GENERIS,73 COCKBURN STR,EH1 1BU,1171
325819.4155,673690.922700001,general clothing, ,Class 1,Class 2,Class 2,Class 2,32 COCKBURN STR,EH1 1PB,1172
325825.7077,673690.753599999,greeting cards, ,Class 1,Class 1,Class 1,Class 1,34 COCKBURN STR,EH1 1PB,1173
325831.8768,673689.922700001,jewellery, ,Class 1,Class 1,Class 1,Class 1,36 COCKBURN STR,EH1 1PB,1174
325838.5386,673688.876800001,prams & toys, ,Class 1,Class 1,Class 1,Class 1,40 COCKBURN STR,EH1 1PB,1175
325847.5845,673687.5845,general clothing, ,Class 1,Class 3,Class 1,Class 1,42-44 COCKBURN,EH1 1PB,1176
325857.785,673684.768200001,public house, ,SUI GENERIS,SUI GENERIS,SUI GENERIS,SUI GENERIS,48 COCKBURN STR,EH1 1PB,1177
325866.9082,673681.8455,betting shop,Ladbroke,Class 2,Class 2,Vacant,Class 1,50 COCKBURN STR,EH1 1PB,1178
325876.8309,673677.707699999,general clothing, ,Class 1,Class 1,Class 1,Class 1,52 COCKBURN STR,EH1 1PB,1179
325879.1232,673671.5845,hot food take-away, ,SUI GENERIS,SUI GENERIS,SUI GENERIS,SUI GENERIS,56 COCKBURN STR,EH1 1PB,1180
323257.9792,669085.669600001,service station, ,SUI GENERIS,SUI GENERIS, , , , ,1181
322998.7351,669176.2381,n/t/c, ,Class 1,Class 1,Class 1,Class 1,76 COLINTON MAI,EH13 9BJ,1182
323004.2649,669173.735099999,bakers, ,Class 1,Class 1,Class 2,Vacant,78 COLINTON MAI,EH13 9BJ,1183
323008.0595,669171.4702,wool/po, ,Class 1,Class 1,Class 1,Class 1,80 COLINTON MAI,EH13 9BJ,1184
323011.5298,669169.264900001,hardware, ,Class 1,Class 1,Class 1,Class 1,82 COLINTON MAI,EH13 9BJ,1185
323016.8274,669166.086300001,chemist, ,Class 1,Class 1,Class 1,Class 1,84-86 COLINTON,EH13 9BJ,1186
323022.7946,669162.9405,butcher, ,Class 1,Class 1,Class 11,Class 11,88 COLINTON MAI,EH13 9BJ,1187
323027.7351,669160.205399999,grocer (lic), ,Class 1,Class 1,Class 1,Class 1,90 COLINTON MAI,EH13 9BJ,1188
324467.5557,671863.9219,hairdresser, ,Class 1,Class 1,Class 2,Class 2,5 COLINTON ROAD,EH10 5DP,1189
324463.8946,671861.451199999,"joiners, plasterers & roofers", ,Class 4,Class 4,Class 4,Class 4,9 COLINTON ROAD,EH10 5DP,1190
324460.3267,671859.134299999,consulting engineers, ,Class 4,Class 2,Vacant,Class 1,11 COLINTON ROA,EH10 5DP,1191
324455.0059,671855.3169,children's clothing, ,Class 1,Class 1,Class 1,Class 1,13 COLINTON ROA,EH10 5DP,1192
324451.7807,671852.486,greengrocer, ,Class 1,Class 1,Class 1,Class 1,15 COLINTON ROA,EH10 5DP,1193
324446.9482,671849.826300001,furniture, ,Class 1,Class 3,Class 3,Class 3,19 COLINTON ROA,EH10 5DP,1194
323270.5016,671237.082,n/t/c, ,Class 1,Vacant,Class 1,Class 1,101 COLINTON RO,EH14 1AL,1195
323262.4227,671227.085200001,vacant, ,Vacant,Vacant, , , , ,1196
323266.7539,671232.918,bowls, ,Class 1,Class 1,Class 1,Class 1,101A(/1) COLINT,EH14 1AL,1197
323258.4259,671221.675100001,public house, ,SUI GENERIS,SUI GENERIS,SUI GENERIS,SUI GENERIS,101B-103 COLINT,EH14 1AL,1198
323252.9968,671216.170299999,tv repairs, ,Class 1,Class 1,Class 1,Class 1,103A COLINTON R,EH14 1AL,1199
324442.8635,671889.696699999,garden shop, ,Class 1,Class 1,Class 1, , , ,1200
323304.082,671295.3344,carpets, ,Class 1,Class 1,Class 1,Class 1,60A COLINTON RO,EH14 1AH,1201
323086.9916,671118.591,petrol & car hire, ,SUI GENERIS,SUI GENERIS, , , , ,1202
322842.0658,670819.4647,car showroom, ,SUI GENERIS,SUI GENERIS,SUI GENERIS,SUI GENERIS,116 COLINTON RO,EH14 1BY,1203
322836.8643,670806.9946,florist, ,Class 1,Class 1,Class 1,Class 3,118 COLINTON RO,EH14 1BY,1204
322834.133,670801.999700001,grocer, ,Class 1,Class 1,Class 1,Class 1,120-122 COLINTO,EH14 1BY,1205
322829.7357,670792.719900001,public house, ,SUI GENERIS,SUI GENERIS,SUI GENERIS,SUI GENERIS,124 COLINTON RO,EH14 1BY,1206
322825.1995,670784.4003,hot food t/a, ,SUI GENERIS,SUI GENERIS,SUI GENERIS,SUI GENERIS,130 COLINTON RO,EH14 1BY,1207
322822.3996,670779.867000001,grocer, ,Class 1,Class 1, , , , ,1208
322818.1998,670771.7344,ironmonger, ,Class 1,Class 1, , , , ,1209
322815.6666,670766.467800001,butcher, ,Class 1,Class 1,Class 1,Class 1,136 COLINTON RO,EH14 1BY,1210
322812.5329,670761.8005,n/t/c /po, ,Class 1,Class 1,Class 1,Class 1,140-142 COLINTO,EH14 1BY,1211
322931.3103,673268.6646,gifts, ,Class 1,Class 4, , , , ,1212
324210.7889,674688.577099999,grocer, ,Class 1,Class 1, , , , ,1213
324002.0943,674719.2787,off licence, ,Class 1,Class 1,Class 1,Class 1,63 COMELY BANK,EH4 1AW,1214
323996.6352,674717.914000001,travel agency, ,Class 1,Class 1,Class 1,Class 1,67 COMELY BANK,EH4 1AW,1215
323990.7213,674717.0041,hairdresser, ,Class 1,Class 1,Class 1,Class 1,69 COMELY BANK,EH4 1AW,1216
323826.889,674673.9394,vacant, ,Vacant,Class 2,Class 2,Class 2,129-131 COMELY,EH4 1BH,1217
323766.5858,674661.686899999,chemist, ,Class 1,Class 1,Class 1,Class 1,149-151 COMELY,EH4 1BH,1218
323738.3637,674655.1414,grocers, ,Class 1,Class 1,Class 3,Class 3,153-155 COMELY,EH4 1BQ,1219
327315.3822,674360.6456,motorcycles, ,SUI GENERIS,SUI GENERIS,Class 1,Class 1,13-17 COMELY GR,EH7 5SY,1220
324325.6573,670410.3146,hardware & building contractor, ,Class 4,Class 1,Vacant,Vacant,6-8 COMISTON DR,EH10 5QP,1221
324478.8595,670721.7191,electrician, ,Class 4,Class 2, , , , ,1222
324484.8567,670719.3202,ladies' clothing, ,Class 1,Class 1, , , , ,1223
324514.3989,670843.1632,public house, ,SUI GENERIS,SUI GENERIS,SUI GENERIS,SUI GENERIS,1-5 COMISTON RO,EH10 6AA,1224
324511.0215,670833.9209,motor insurance office, ,Class 4,Vacant,Class 1,Class 1,9 COMISTON ROAD,EH10 6AA,1225
324508.1215,670825.9691,hairdresser, ,Class 1,Class 1,Class 1,Class 1,11 COMISTON ROA,EH10 6AA,1226
324505.2944,670816.9811,bank, ,Class 2,Class 2,Class 2,Class 2,13-17 COMISTON,EH10 6AA,1227
324483.4888,670744.1152,vacant, ,Vacant,Class 4,Class 1,Class 1,37 COMISTON ROA,EH10 6AB,1228
324482.2865,670740.3961,upholsterer, ,Class 4,Class 4,Class 4,Class 4,41 COMISTON ROA,EH10 6AB,1229
324481.0871,670736.797800001,lic. grocer, ,Class 1,Class 1,Class 1,Class 1,43 COMISTON ROA,EH10 6AB,1230
324479.8876,670733.028100001,butcher, ,Class 1,Class 1,Class 1,Class 1,45 COMISTON ROA,EH10 6AB,1231
324478.5168,670728.9157,nursing staff agency, ,Class 4,Class 4,Class 4,Class 4,47 COMISTON ROA,EH10 6AB,1232
324477.6601,670724.4607,2nd hand baby equipt, ,Class 1,Class 1,Class 1,Class 2,49 COMISTON ROA,EH10 6AB,1233
324432.573,670589.941,restaurant, ,Class 3,SUI GENERIS,SUI GENERIS,SUI GENERIS,99 COMISTON ROA,EH10 6AG,1234
324431.3736,670586.6854,vacant, ,Vacant,SUI GENERIS,SUI GENERIS,SUI GENERIS,101 COMISTON RO,EH10 6AG,1235
324430.3455,670583.087099999,"electrician, elec. h'hold gds.", ,Class 4,Class 4,Class 4,Class 2,105 COMISTON RO,EH10 6AG,1236
324429.1461,670579.1461,n/t/c, ,Class 1,Class 1,Class 2,Class 2,107 COMISTON RO,EH10 6AG,1237
324418.8595,670555.7697,car accessories, ,Class 1,Class 1,Class 1,Class 1,109 COMISTON RO,EH10 6AQ,1238
324416.9747,670550.286499999,greengrocer & florist, ,Class 1,Class 1,Class 1,Class 1,111 COMISTON RO,EH10 6AQ,1239
324415.2612,670544.118000001,ladies' clothing, ,Class 1,Class 1,Class 4,Class 4,115 COMISTON RO,EH10 6AQ,1240
324413.6011,670538.997199999,firefighting equipment, ,Class 2,Class 1,Class 2,Class 1,117 COMISTON RO,EH10 6AQ,1241
324412.573,670535.997199999,hairdresser, ,Class 1,Class 1,Class 1,Class 2,119 COMISTON RO,EH10 6AQ,1242
324411.5449,670532.657299999,2nd hand tv & hi-fi, ,Class 1,Class 1,Class 4,Class 4,123 COMISTON RO,EH10 6AQ,1243
324409.3174,670525.2893,plumber & gasfitter, ,Class 4,Class 4, , , , ,1244
324406.059,670516.227499999,n/t/c, ,Class 1,Class 1, , , , ,1245
324404.8595,670512.457900001,vacant, ,Vacant,Class 4,Vacant,Class 4,133 COMISTON RO,EH10 6AQ,1246
324403.4888,670508.3455,vacant, ,Vacant,Vacant,Vacant,Class 1,135 COMISTON RO,EH10 6AQ,1247
324401.7725,670502.856699999,dry cleaner, ,Class 1,Class 1,Class 1,Class 1,137 COMISTON RO,EH10 6AQ,1248
324339.486,670415.373600001,vacant, ,Vacant,Vacant,Class 2,Class 2,139 COMISTON RO,EH10 5QN,1249
324493.2275,670868.0,solicitors & estate agents, ,Class 2,Class 2,Class 2,Class 2,2-4 COMISTON RO,EH10 5QE,1250
324491.8904,670864.143300001,chemist, ,Class 1,Class 4, , , , ,1251
324490.6573,670860.631999999,hairdresser, ,Class 1,Class 1,Class 1,Class 1,10 COMISTON ROA,EH10 5EQ,1252
324489.4579,670857.0337,betting shop, ,Class 2,Class 1,Class 1,Vacant,12-14 COMISTON,EH10 5EQ,1253
324486.941,670849.8006,chemist, ,Class 1,Class 1,Class 1,Class 1,18-20 COMISTON,EH10 5EQ,1254
324483.2528,670839.4242,glassware, ,Class 1,SUI GENERIS, , , , ,1255
324480.1685,670830.6854,vacant, ,Vacant,Class 1,Vacant,Class 1,28 COMISTON ROA,EH10 5EQ,1256
324478.7978,670826.2303,fishmonger, ,Class 1,Vacant,Class 1,Class 1,30 COMISTON ROA,EH10 5EQ,1257
324477.5983,670821.2612,records & tapes, ,Class 1,Class 1, , , , ,1258
324475.1124,670815.0309,off licence, ,Class 1,Class 1, , , , ,1259
324466.6826,670785.1405,vacant, ,Vacant,SUI GENERIS,SUI GENERIS,SUI GENERIS,36 COMISTON ROA,EH10 5QQ,1260
324465.7915,670781.864,hairdresser, ,Class 1,Class 1,Class 1,Class 1,38 COMISTON ROA,EH10 5QQ,1261
324465.0661,670778.939200001,vacant, ,Vacant,Class 1,Class 1,Class 1,40 COMISTON ROA,EH10 5QQ,1262
324463.9687,670775.741900001,vacant, ,Vacant,Class 1,Class 1,Class 1,42 COMISTON ROA,EH10 5QQ,1263
324409.8258,670619.4551,jewellery valuation service, ,Class 4,Class 4,Class 2,Class 2,86 COMISTON ROA,EH10 5QJ,1264
324340.4326,670418.713500001,solicitor & estate agent, ,Class 2,Class 4,Class 4,Class 4,138 COMISTON RO,EH10 5QN,1265
324338.0562,670410.971899999,wool, ,Class 1,Class 1,Class 1,Class 1,140 COMISTON RO,EH10 5QN,1266
324336.3989,670405.143300001,licensed grocer, ,Class 1,Class 1,Class 1,Class 1,142-143 COMISTO,EH10 5QN,1267
327041.117,676549.4593,restaurant, ,Class 3,Class 3,Class 3,Class 3,1 COMMERCIAL ST,EH6 6JA,1268
327035.6577,676551.456599999,ship chandlers, ,Class 2,Class 2, , , , ,1269
327022.117,676556.195699999,vacant, ,Vacant,Class 1,Vacant,Vacant,7 COMMERCIAL ST,EH6 6JA,1270
327016.1251,676558.193,vacant, ,Vacant,Class 4,Class 3,Class 3,9-10 COMMERCIAL,EH6 6JA,1271
327011.3315,676559.7908,office equipt. & stationery, ,Class 2,Class 4,SUI GENERIS, , , ,1272
326993.2986,676565.445800001,public house, ,SUI GENERIS,Class 3,Class 3,SUI GENERIS,23 COMMERCIAL S,EH6 6JA,1273
327031.3046,676553.0,marine consultants, ,Class 4,Class 4,Class 1,Class 1,6 COMMERCIAL ST,EH6 6JA,1274
327257.4213,676320.949200001,post office, ,Class 1,Class 4, ,Class 2,57(BF) CONSTITU,EH6 7AF,1275
327205.0048,676206.7918,cane & basketware, ,Class 1,Vacant, , , , ,1276
327156.1017,676109.949200001,public house, ,SUI GENERIS,Class 3,Class 3,Class 3,121 CONSTITUTIO,EH6 7AE,1277
327076.7361,675993.263900001,electrical contractor, ,Class 4,Class 1,Class 1,Vacant,149A CONSTITUTI,EH6 7AD,1278
327068.8378,675985.0557,car spare parts, ,Class 1,Class 1, , , , ,1279
327051.523,675967.1065,public house, ,SUI GENERIS,SUI GENERIS,SUI GENERIS,SUI GENERIS,159 CONSTITUTIO,EH6 7AD,1280
327019.9285,675932.749299999,amusement centre, ,Class 11,Class 11,Vacant,Class 1,173 CONSTITUTIO,EH6 7AA,1281
327015.2143,675927.6423,vacant, ,Vacant,Class 1,Class 2,Class 2,177 CONSTITUTIO,EH6 7AA,1282
327010.5002,675922.1424,hairdresser, ,Class 1,Class 2,Vacant,Class 1,179 CONSTITUTIO,EH6 7AA,1283
327006.1789,675917.428300001,florist, ,Class 1,Class 2,Class 2,Class 1,181 CONSTITUTIO,EH6 7AA,1284
327333.0108,676571.051100001,cafe, ,Class 3, , ,Class 4,2 CONSTITUTION,EH6 7BT,1285
327269.2131,676414.4213,n/t/c, ,Class 1,Class 1,Class 1,Class 1,30 CONSTITUTION,EH6 6RS,1286
327266.6852,676410.2082,vacant, ,Vacant,SUI GENERIS,SUI GENERIS,SUI GENERIS,32 CONSTITUTION,EH6 6RS,1287
327265.0,676405.995200001,joiner, ,Class 4,Class 9, ,Vacant,34 CONSTITUTION,EH6 6RS,1288
327257.1114,676390.4165,stationer, ,Class 1,Class 1,Class 1,Class 1,42 CONSTITUTION,EH6 6RS,1289
327252.4261,676384.1017,public house, ,SUI GENERIS,SUI GENERIS,SUI GENERIS,SUI GENERIS,44A CONSTITUTIO,EH6 6RS,1290
327248.477,676375.736099999,vacant, ,Vacant,Vacant, ,Class 3,46(GF) CONSTITU,EH6 6RS,1291
327243.7918,676367.5787,public house, ,SUI GENERIS,SUI GENERIS,SUI GENERIS,SUI GENERIS,48 CONSTITUTION,EH6 6RS,1292
327239.3196,676356.6295,marconi office, ,Class 4,Class 4,Class 1,Class 1,54 CONSTITUTION,EH6 6RS,1293
327237.2639,676349.842599999,public house, ,SUI GENERIS,SUI GENERIS,SUI GENERIS,SUI GENERIS,58 CONSTITUTION,EH6 6RS,1294
327207.2131,676267.8935,painter & decorator, ,Class 4,Class 4,Class 4,Class 4,88-90 CONSTITUT,EH6 6RP,1295
327183.2688,676210.5835,public house, ,SUI GENERIS,SUI GENERIS,SUI GENERIS,SUI GENERIS,100A CONSTITUTI,EH6 6AW,1296
326981.5817,675928.162699999,mixed durable (woolworths), ,Class 1,Class 1,Class 1,Vacant,170-174 CONSTIT,EH6 6AG,1297
320908.3468,675355.5119,bedroom + kitchen studio, ,Class 1,Class 11,Class 4,Class 1,31 CORBIEHILL R,EH4 5BQ,1298
320852.5523,675403.429300001,greeting cards / po, ,Class 1,Class 1,Class 1,Class 1,49 CORBIEHILL R,EH4 5AT,1299
326154.6742,673521.137800001,womens' clothes, ,Class 1,Class 1,Class 4,Class 1,313 COWGATE,EH1 1NA,1300
326159.9352,673522.599099999,vacant, ,Vacant,Vacant, ,Vacant,317 COWGATE,EH1 1NA,1301
326168.4111,673525.229599999,joiner, ,Class 4,Class 4, ,Vacant,319 COWGATE,EH1 1NA,1302
325529.0,673388.8309,public house, ,SUI GENERIS,SUI GENERIS,SUI GENERIS,SUI GENERIS,3 COWGATEHEAD,EH1 1JY,1303
325536.7077,673388.1691,vacant, ,Vacant,Class 1,Class 1,Class 1,5 COWGATEHEAD,EH1 1JY,1304
325542.8768,673387.338199999,gents clothes, ,Class 1,Vacant,Class 1,Class 1,7 COWGATEHEAD,EH1 1JY,1305
325549,673387,household linens, ,Class 1,Class 1,Class 1,Class 1,11 COWGATEHEAD,EH1 1JY,1306
325554.8309,673386.292300001,vacant, ,Vacant,Class 1,Class 1,Class 1,13 COWGATEHEAD,EH1 1JY,1307
325559.785,673386.246400001,optician, ,Class 1,Class 9, , , , ,1308
320845.2113,675409.275599999,hot food t/a, ,SUI GENERIS,SUI GENERIS, , , , ,1309
318341.39,668206.327500001,public house, ,SUI GENERIS,SUI GENERIS,SUI GENERIS,SUI GENERIS,1-7 CORSLET PLA,EH14 5LS,1310
318347.9244,668223.5912,supermarket,Presto,Class 1,Class 1,Class 1,Class 1,9-11 CORSLET PL,EH14 5LS,1311
319957.2449,672692.676000001,vacant, ,Vacant,Vacant, , , , ,1312
319938.1582,672687.6556,public house, ,SUI GENERIS,SUI GENERIS,SUI GENERIS,SUI GENERIS,17-19 CORSTORPH,EH12 7SU,1313
319920.9005,672683.755100001,paints, ,Class 1,Class 4, , , , ,1314
319914.9337,672682.755100001,n/t/c /grocer, ,Class 1,Class 1,Class 1,Class 1,27 CORSTORPHINE,EH12 7SU,1315
319907.0332,672699.489800001,home-brew equipment, ,Class 1,Class 1,Class 1,Class 4,24(A) CORSTORPH,EH12 7ST,1316
319902.5561,672698.456599999,video film hire, ,Class 1,Class 4,Class 4,Class 2,26 CORSTORPHINE,EH12 7SY,1317
319845.7883,672686.5561,vacant, ,Vacant,Vacant, , , , ,1318
319840.6225,672685.523,interior decorator, ,Class 1,Class 4,Class 1,Class 1,60 CORSTORPHINE,EH12 7SY,1319
322009.6646,673119.0251,butcher, ,Class 1,Class 1,Class 1,Class 1,113 CORSTORPHIN,EH12 5PZ,1320
322005.4737,673118.4109,hot food t/a, ,SUI GENERIS,SUI GENERIS,SUI GENERIS,SUI GENERIS,115-115A CORSTO,EH12 5PZ,1321
322000.7777,673117.74,florist, ,Class 1,Class 1,Class 1,Class 1,117 CORSTORPHIN,EH12 5PZ,1322
321996.4172,673117.0692,chemist, ,Class 1,Class 1,Class 1,Class 1,119 CORSTORPHIN,EH12 5PZ,1323
321991.7212,673116.3983,restaurant, ,Class 3,SUI GENERIS,SUI GENERIS,SUI GENERIS,123 CORSTORPHIN,EH12 5PZ,1324
321986.6897,673115.392000001,hot food t/a, ,SUI GENERIS,SUI GENERIS,SUI GENERIS,SUI GENERIS,123A CORSTORPHI,EH12 5PZ,1325
321981.6583,673114.0503,off licence, ,Class 1,Class 1,Class 1,Class 4,125 CORSTORPHIN,EH12 5PZ,1326
321942.9811,673105.012599999,n/t/c / post office, ,Class 1,Class 1,Class 1,Class 1,129 CORSTORPHIN,EH12 5SG,1327
320987.044,672837.3166,service station, ,SUI GENERIS,SUI GENERIS,SUI GENERIS,Class 1,227 CORSTORPHIN,EH12 7AY,1328
321940.7086,673140.6709,bank, ,Class 2,Class 2,Class 4,Class 4,54 CORSTORPHINE,EH12 6JQ,1329
321931.9937,673136.6457,hairdresser, ,Class 1,Class 1,Class 1, , , ,1330
321918.0,673134.3103,bank, ,Class 2,Class 2,Class 4,Class 4,64 CORSTORPHINE,EH12 6JQ,1331
323355.9733,671711.5493,n/t/c /grocer, ,Class 1,Class 1,Class 1,Class 1,2-4 COWAN ROAD,EH11 1RQ,1332
325678.3481,673436.530400001,public house, ,SUI GENERIS,SUI GENERIS,SUI GENERIS,SUI GENERIS,69 COWGATE,EH1 1JW,1333
325687.4089,673438.7733,public house, ,SUI GENERIS,SUI GENERIS,SUI GENERIS,SUI GENERIS,71 COWGATE,EH1 1JW,1334
325690.3259,673439.3037,public house, ,SUI GENERIS,SUI GENERIS,SUI GENERIS,SUI GENERIS,73 COWGATE,EH1 1JW,1335
326747.4155,672351.7996,driving school, ,Class 4,Class 4,Class 2,Class 1,38 DALKEITH ROA,EH16 5BS,1336
326750.9227,672348.876800001,n/t/c, ,Class 1,Class 1,Class 1,Class 1,40 DALKEITH ROA,EH16 5BS,1337
326755.0146,672345.661800001,hot food take-away, ,SUI GENERIS,SUI GENERIS,SUI GENERIS,SUI GENERIS,44 DALKEITH ROA,EH16 5BS,1338
326764,672307,public house, ,SUI GENERIS,SUI GENERIS,SUI GENERIS,SUI GENERIS,58 DALKEITH ROA,EH16 5AD,1339
327090.4363,671929.547599999,hot food take-away (Chinese), ,SUI GENERIS,SUI GENERIS,SUI GENERIS,SUI GENERIS,142-144 DALKEIT,EH16 5HG,1340
327094.3953,671925.4363,use unknown, ,UNKNOWN USE,Vacant,Vacant,Vacant,146 DALKEITH RO,EH16 5HG,1341
327098.6589,671920.716,vacant, ,Vacant,SUI GENERIS, , , , ,1342
327179.7204,671813.5022,hairdresser, ,Class 1,Class 1, , , , ,1343
327182.1567,671809.695499999,chemist, ,Class 1,Class 1,Class 1,Class 1,158 DALKEITH RO,EH16 5DX,1344
327186.2182,671804.1567,mens' clothing, ,Class 1,Class 1, , , , ,1345
327189.5388,671799.695499999,hairdresser, ,Class 1,Class 1,Class 1,Class 1,166 DALKEITH RO,EH16 5DX,1346
327231.3499,671745.284,public house, ,SUI GENERIS,SUI GENERIS,SUI GENERIS,SUI GENERIS,200 DALKEITH RO,EH16 5DT,1347
327236.5432,671738.461200001,confectioner, ,Class 1,SUI GENERIS,SUI GENERIS,SUI GENERIS,202 DALKEITH RO,EH16 5DT,1348
327239.7409,671733.740900001,off licence, ,Class 1,Class 1,Vacant,Class 4,206 DALKEITH RO,EH16 5DT,1349
327242.634,671729.324999999,launderette, ,Class 1,Class 1,Class 4,Class 2,208 DALKEITH RO,EH16 5DT,1350
327246.0,671724.679400001,vacant, ,Vacant,Class 1,Class 1,Class 1,210 DALKEITH RO,EH16 5DT,1351
327248.4363,671721.024900001,greengrocer, ,Class 1,SUI GENERIS,SUI GENERIS,SUI GENERIS,212 DALKEITH RO,EH16 5DT,1352
327251.4817,671716.761299999,vacant, ,Vacant,Vacant,Vacant,Vacant,216 DALKEITH RO,EH16 5DT,1353
327254.5271,671712.6501,insurance services, ,Class 4,Vacant,Vacant,Vacant,218 DALKEITH RO,EH16 5DT,1354
326692.6362,675315.7919,confectionery & tobacco, ,Class 1,Class 1,Vacant,Class 1,5 DALMENY STREE,EH6 8PF,1355
326695.8442,675314.778899999,ladies' clothing, ,Class 1,Class 4, , , , ,1356
326760.19,675296.476199999,office equipment, ,Class 2,Class 2, ,Vacant,23-23A DALMENY,EH6 8PG,1357
326764.9046,675294.9046,vacant, ,Vacant,Class 1, , , , ,1358
326769.6192,675293.3331,storage, ,UNKNOWN USE,Class 2, , , , ,1359
326840.2854,675273.1423,vacant, ,Vacant,Vacant, , , , ,1360
326846.5715,675271.570699999,wholesale eggs & cheese, ,Class 2,Class 2,Class 2,Class 9, , ,1361
326869.6184,675266.0,"dom. appliance spares, repairs", ,Class 1,Class 4, , , , ,1362
326874.3331,675264.952299999,vacant, ,Vacant,Vacant, ,Class 9,65 DALMENY STRE,EH6 8PW,1363
326879.5715,675263.9046,grocer, ,Class 1,Vacant, , , , ,1364
326679.1084,675291.766899999,grocer,Elmer's Delicatessen,Class 1,Class 1, , , , ,1365
326683.7407,675290.585000001,betting shop, ,Class 2,Class 4,Class 4,Class 4,6A DALMENY STRE,EH6 8RA,1366
326734.1908,675272.6669,vacant, ,Vacant,Vacant, , , , ,1367
326131.5845,673515.292300001,decorating supplies, ,Class 1,Class 4,Class 2,Vacant,301-303 COWGATE,EH1 1NA,1368
326137.1378,673516.753599999,antiques & fine art, ,Class 1,Vacant,Class 1,Class 1,307 COWGATE,EH1 1NA,1369
326142.9832,673517.922700001,antiques & fine art, ,Class 1,Vacant,Class 4,Class 1,309 COWGATE,EH1 1NA,1370
322050.5045,674535.572699999,off licence, ,Class 1,Class 1,Class 1,Class 1,1 CRAIGCROOK PL,EH4 3NG,1371
321516.1464,674352.111400001,grocer (lic), ,Class 1,Class 4,Class 1,Class 1,53 CRAIGCROOK R,EH4 3PH,1372
321512.5732,674354.8248,plumber, ,Class 4,Class 4,Class 4,Class 4,55 CRAIGCROOK R,EH4 3PH,1373
321508.5732,674357.5031,hairdresser, ,Class 1,Class 1,Class 1,Class 1,57 CRAIGCROOK R,EH4 3PH,1374
321504.8949,674359.8598,n/t/c, ,Class 1,Class 1,Class 1,Class 1,59 CRAIGCROOK R,EH4 3PH,1375
322044.4614,674539.888699999,physiotherapy, ,Class 2,Class 1,Class 1,Class 1,1 CRAIGCROOK TE,EH4 3QN,1376
329036.2557,674285.170399999,n/t/c, ,Class 1,Class 1,Class 1,Class 1,2C CRAIGENTINNY,EH7 6PX,1377
329033.8773,674293.5864,grocer, ,Class 1,Class 1, , , , ,1378
329032.4261,674298.634099999,hairdresser, ,Class 1,Class 1,Class 1,Class 1,2F CRAIGENTINNY,EH7 6PX,1379
329031.1329,674303.466,butcher, ,Class 1,Class 1,Class 1,Class 1,2G CRAIGENTINNY,EH7 6PX,1380
329039.7318,674272.180600001,bank, ,Class 2,Class 2,Class 2,Class 2,2-2A CRAIGENTIN,EH7 6PX,1381
328824.8837,675619.290100001,car & cycle accessories,Halfords,Class 1,Class 1,Class 1, , , ,1382
328857.2465,675616.347999999,electrical goods,Power City,Class 1,Class 1,Class 1, , , ,1383
329089.8929,674732.0485,betting shop, ,Class 2,Class 1, , , , ,1384
328752.0727,674770.1556,butcher, ,Class 1,Class 1,Class 1,Class 1,26 CRAIGENTINNY,EH7 6LT,1385
328758.5778,674763.325300001,licensed grocer, ,Class 1,Class 1, , , , ,1386
328768.1798,674753.0485,hot food t/a, ,SUI GENERIS,SUI GENERIS,SUI GENERIS,SUI GENERIS,36 CRAIGENTINNY,EH7 6LT,1387
328773.2768,674747.5778,hairdresser, ,Class 1,Class 1,Class 1,Class 1,38 CRAIGENTINNY,EH7 6LT,1388
328778.4808,674741.723200001,n/t/c, ,Class 1,Class 1,Class 1,Class 1,42 CRAIGENTINNY,EH7 6LT,1389
329007.0242,674693.276799999,licensed grocer, ,Class 1,Class 1,Class 1,Class 1,94 CRAIGENTINNY,EH7 6RN,1390
329013.6263,674689.9515,post office, ,Class 1,Class 1,Class 1,Class 4,96 CRAIGENTINNY,EH7 6RN,1391
329018.6263,674687.9515,chemist, ,Class 1,Class 1,Class 1,Class 1,98 CRAIGENTINNY,EH7 6RN,1392
329026.1071,674684.698999999,vacant, ,Vacant,Class 1,Class 1,Class 1,100 CRAIGENTINN,EH7 6RN,1393
325407.3789,676624.989499999,public house,Lobster Pot,SUI GENERIS,SUI GENERIS,SUI GENERIS,SUI GENERIS,83(1) CRAIGHALL,EH6 4RS,1394
325370.1264,676714.484200001,bank, ,Class 2,Class 1,Vacant,Class 4,14 CRAIGHALL RO,EH6 4SA,1395
325370.5895,676710.778999999,n/t/c, ,Class 1,Class 1,Class 1,Class 1,16 CRAIGHALL RO,EH6 4SA,1396
325371.3263,676706.589400001,hairdresser, ,Class 1,Class 1,Class 1,Class 1,18 CRAIGHALL RO,EH6 4SA,1397
325374.4,676683.6527,dress materials, ,Class 1,Vacant,Class 2,Class 2,24-26 CRAIGHALL,EH6 4SA,1398
325375.0948,676679.0211,knitting wool, ,Class 1,UNKNOWN USE,SUI GENERIS,Vacant,30 CRAIGHALL RO,EH6 4SA,1399
325375.7895,676674.621099999,plasterer & slater, ,Class 4,Class 4,Class 4,Class 4,32 CRAIGHALL RO,EH6 4SA,1400
325376.7158,676669.2947,"carpets, hoover servicing", ,Class 1,Class 1,Class 4,Class 4,34-36 CRAIGHALL,EH6 4SA,1401
325377.4106,676664.199999999,office, ,Class 4,Class 4,Class 4,Class 11,34-36 CRAIGHALL,EH6 4SA,1402
325380.8,676638.7895,hairdresser, ,Class 1,Class 4,Vacant,Class 4,38 CRAIGHALL RO,EH6 4RU,1403
325381.4948,676632.536800001,vacant, ,Vacant,Class 4,Class 4,Vacant,42 CRAIGHALL RO,EH6 4RU,1404
325378.1053,676659.3368,vacant, ,Vacant,Class 4,Class 2,Class 4,44 CRAIGHALL RO,EH6 4RU,1405
325382.6527,676627.2105,printing & photocopying, ,Class 4,Class 1,Class 4,Class 2,46 CRAIGHALL RO,EH6 4RU,1406
325384.4,676619.5579,plumber, ,Class 4,Class 4,Class 2,Class 2,48 CRAIGHALL RO,EH6 4RU,1407
325385.3263,676615.3895,curtains, ,Class 1,Class 2, , , , ,1408
325386.0211,676611.4526,electrician, ,Class 4,Class 1,Vacant,Class 9, , ,1409
325389,676604,office, ,Class 4,Class 4,Class 4,Vacant, , ,1410
325389.6211,676600.7684,kitchen furniture, ,Class 1,SUI GENERIS,Vacant,Vacant, , ,1411
325390.5474,676597.1579,builder's office, ,Class 4,Vacant,Vacant,Vacant, , ,1412
325391.779,676593.7684,vacant, ,Vacant,Class 2,Vacant,Vacant, , ,1413
323708.605,670637.474300001,lic. grocer, ,Class 1,Class 1, , , , ,1414
324387.1152,670582.8258,hairdresser, ,Class 1,Class 1,Class 11,Class 11,5-9 CRAIGLEA DR,EH10 5PB,1415
324379.5758,670581.626399999,vacant, ,Vacant,Class 1,Class 1,Class 1,11 CRAIGLEA DRI,EH10 5PB,1416
322813,674838,n/t/c /po, ,Class 1,Class 1, , , , ,1417
322804.1258,674440.648600001,service station, ,SUI GENERIS,SUI GENERIS,Class 1,Class 1,139 CRAIGLEITH,EH4 2EH,1418
322558,674406,wool, ,Class 1,Demolished, , , , ,1419
322549,674405,garden supplies, ,Class 1,Demolished, , , , ,1420
322540,674404,plumber, ,Class 4,Demolished, , , , ,1421
322532,674404,grocer (lic), ,Class 1,Demolished, , , , ,1422
322524,674404,n/t/c, ,Class 1,Demolished, , , , ,1423
323509.7045,674592.1702,n/t/c, ,Class 1,Class 1,Class 1,Class 1,6 CRAIGLEITH RO,EH4 2DP,1424
323503.2955,674592.7612,grocer, ,Class 1,Class 3,Class 3,Class 3,10-12 CRAIGLEIT,EH4 2DP,1425
322408.8513,670496.6335,n/t/c, ,Class 1,Class 1,Class 1,Class 4,2 CRAIGLOCKHART,EH14 1HZ,1426
322404.9466,670493.171700001,hairdresser, ,Class 1,Class 1,Class 4,Class 4,2A CRAIGLOCKHAR,EH14 1HZ,1427
322400.7708,670490.194700001,video film hire, ,Class 1,Class 4,Class 4,Class 4,2B CRAIGLOCKHAR,EH14 1HZ,1428
322807.7999,670759.334100001,chemist, ,Class 1,Class 1,Class 1,Class 1,2 CRAIGLOCKHART,EH14 1BU,1429
322801.7341,670761.334100001,gifts, ,Class 1,Class 1,Class 1,Class 1,4 CRAIGLOCKHART,EH14 1BU,1430
328839.911,671617.271299999,general 2nd hand goods, ,Class 1,Vacant,Vacant,Vacant,3 CRAIGMILLAR C,EH16 4BY,1431
328841.9104,671610.1823,grocer, ,Class 1,Class 1,Class 1,Class 1,5-7 CRAIGMILLAR,EH16 4BY,1432
328844.2751,671602.995200001,solicitor, ,Class 2,Class 2,Class 2,Class 2,9 CRAIGMILLAR C,EH16 4BY,1433
326910.9109,671519.311100001,carpet cleaning, ,Class 4,Vacant,Class 4,Class 4,1A CRAIGMILLAR,EH16 5PG,1434
318719.1411,673992.950999999,public house, ,SUI GENERIS,SUI GENERIS,SUI GENERIS,SUI GENERIS,75 CRAIGMOUNT B,EH12 8XF,1435
319234.8231,673475.2893,public house, ,SUI GENERIS,SUI GENERIS,SUI GENERIS,Vacant,1 CRAIGMOUNT VI,EH12 8HG,1436
319190.0063,672929.012599999,aerial installations, ,Class 4,Class 4,Class 4,Class 4,1A CRAIGS AVENU,EH12 8HR,1437
318971.0461,677062.6009,public house, ,SUI GENERIS,SUI GENERIS,SUI GENERIS,SUI GENERIS,30(1) CRAMOND G,EH4 6NX,1438
320563,675528,supermarket,Safeway,Class 1,Class 1,Class 1,Class 1,36 CRAMOND ROAD,EH4 6AA,1439
320548.4963,675467.989499999,bank,Royal Bank of Scotland,Class 2,Class 2,Class 2,Class 2,38 CRAMOND ROAD,EH4 6AA,1440
327192.7364,671795.4319,hairdresser, ,Class 1,Class 1,Class 1,Class 1,168 DALKEITH RO,EH16 5DX,1441
327195.5681,671791.6545,domestic appliance repairs / servicing, ,Class 1,Class 1,Class 1,Class 2,170 DALKEITH RO,EH16 5DX,1442
327198.309,671787.8477,electronic components, ,Class 1,Class 1,Class 1,Class 1,174 DALKEITH RO,EH16 5DX,1443
327201.2387,671784.3543,butcher, ,Class 1,Vacant,Class 4,Class 4,176-178 DALKEIT,EH16 5DU,1444
327205.4114,671778.770199999,motor cycles, ,SUI GENERIS,Class 1,Class 1,Class 1,182-186 DALKEIT,EH16 5DU,1445
327212.0088,671770.2752,n/t/c /po, ,Class 1,Class 1,Class 1,Class 1,190 DALKEITH RO,EH16 5DU,1446
327214.9136,671766.333900001,grocer, ,Class 1,Class 1,Class 1,Class 1,192 DALKEITH RO,EH16 5DU,1447
327219.1772,671761.0044,video film hire, ,Class 1,Class 1,SUI GENERIS,SUI GENERIS,194 DALKEITH RO,EH16 5DU,1448
327222.3748,671757.045399999,tv repairs, ,Class 1,Class 1,Class 1,Class 2,196A DALKEITH R,EH16 5DU,1449
327227.959,671749.893100001,betting shop, ,Class 2,Class 2,Class 2,Class 2,198A DALKEITH R,EH16 5DT,1450
318950,677055,gifts, ,Class 1,Class 1,Class 3,Class 3,8 CRAMOND VILLA,EH4 6NU,1451
318934.2845,677061.1384,coffee shop, ,Class 3,Vacant,Class 3,Class 3,18(05) CRAMOND,EH4 6NU,1452
326162.5073,673720.876800001,vacant, ,Vacant,Class 1,Class 4,Vacant,3-5 CRANSTON ST,EH8 8BE,1453
322819.8826,676429.729900001,drycleaner, ,Class 1,Class 1, ,Class 2,"222 CREWE ROAD,",EH5 2NS,1454
322819.512,676434.1768,butcher, ,Class 1,Class 1,Class 11,Class 1,"224 CREWE ROAD,",EH5 2NS,1455
322818.3706,676450.411599999,tobacconist /confec. /stat. / p.o., ,Class 1,Class 1, , , , ,1456
322818.7709,676440.8473,n/t/c, ,Class 1,Class 1, , , , ,1457
322815.2625,676493.026900001,supermarket,Scotmid,Class 1,Class 1,Class 1,Class 1,236-240 CREWE R,EH5 1LW,1458
322811.6987,676513.551899999,chemist, ,Class 1,Class 1,Class 1,Class 1,242A CREWE ROAD,EH5 1LW,1459
323190,675109,bank, ,Class 2,Class 2, , , , ,1460
326537.8834,675038.4673,vacant, ,Vacant,Vacant, , , , ,1461
326534.8442,675038.6362,knitting wool, ,Class 1,Class 1,SUI GENERIS,Class 1,2 CRIGHTON PLAC,EH7 4NZ,1462
326527.415,675039.4804,men's clothing, ,Class 1,Class 2,Class 2,Class 2,4-5 CRIGHTON PL,EH7 4NZ,1463
326525.0512,675043.195,hairdresser, ,Class 1,Class 1, , , , ,1464
326528.7658,675049.273399999,chemist, ,Class 1,Class 1, , , , ,1465
326531.8693,675054.6362,bank, ,Class 2,Class 2, , , , ,1466
326536.2593,675061.221100001,toys & games, ,Class 1,Class 1, , , , ,1467
326538.4542,675064.766899999,hot food t/a, ,SUI GENERIS,SUI GENERIS,SUI GENERIS,SUI GENERIS,12 CRIGHTON PLA,EH7 4NY,1468
326540.8823,675068.441199999,furniture (second hand), ,Class 1,Class 1,Class 1,Class 1,13 CRIGHTON PLA,EH7 4NY,1469
326542.8442,675071.5207,window blinds, ,Class 1,Class 1,Class 1,Class 1,14 CRIGHTON PLA,EH7 4NY,1470
326546.6231,675077.2081,betting shop, ,Class 2,Class 2,Class 2,Class 2,16-18 CRIGHTON,EH7 4NY,1471
326554.4281,675090.0,travel agent, ,Class 1,Class 1,Class 1,Class 1,20 CRIGHTON PLA,EH7 4NY,1472
326556.7919,675094.052300001,ironmonger, ,Class 1,Class 1,Class 1,Class 2,21-22 CRIGHTON,EH7 4NY,1473
326563.0773,675104.3246,bank, ,Class 2,Class 2,Class 2,Class 2,23-24 CRIGHTON,EH7 4NY,1474
326565.2723,675107.5327,charity shop, ,Class 1,Class 1,Class 1,Class 1,26 CRIGHTON PLA,EH7 4NY,1475
326567.4673,675111.247300001,hairdresser, ,Class 1,Class 1,Vacant,Class 1,27 CRIGHTON PLA,EH7 4NY,1476
326569.8562,675115.778899999,telephones, ,Class 1,Class 1,Class 1,Class 3,28 CRIGHTON PLA,EH7 4NY,1477
326572.22,675119.8312,baker, ,Class 1,Class 3,SUI GENERIS,SUI GENERIS,29 CRIGHTON PLA,EH7 4NY,1478
326574.415,675123.2081,plumber & electrician, ,Class 4,Class 4,Class 1,Vacant,31 CRIGHTON PLA,EH7 4NY,1479
326576.4412,675126.416099999,n/t/c, ,Class 1,Class 1,Class 1,Class 1,32 CRIGHTON PLA,EH7 4NY,1480
326384.2342,674916.6362,bank,Clydesdale Bank,Class 2,Class 2, , , , ,1481
326388.1177,674921.8704,estate agent,J. Smith & Son,Class 2,Vacant,Vacant,Class 2,5 CROALL PLACE,EH7 4LT,1482
326391.6623,674926.752699999,n/t/c,Iqbal,Class 1,Class 1,Class 1,Class 1,6 CROALL PLACE,EH7 4LT,1483
326394.5327,674930.2985,sports equipt.,Borland,Class 1,Class 1,Class 1,Class 1,7 CROALL PLACE,EH7 4LT,1484
326396.8965,674933.5065,electr. accessories,Strachan,Class 1,Class 1,Class 1,Class 3,9 CROALL PLACE,EH7 4LT,1485
326400.1046,674937.052300001,solicitor,D. Clark,Class 2,Class 1,Class 2,Class 2,10 CROALL PLACE,EH7 4LT,1486
325362.0,674643.6423,public house, ,SUI GENERIS,SUI GENERIS,SUI GENERIS,SUI GENERIS,1(GF)-3 CUMBERL,EH3 6RT,1487
325327.5623,674636.157400001,off-licence, ,Class 1,Class 4,Vacant,Class 2,7 CUMBERLAND ST,EH3 6RT,1488
325323.0,674634.9672,vacant, ,Vacant,Class 4, ,Class 4, , ,1489
325318.041,674633.5787,vacant, ,Vacant,Class 4, ,Class 2, , ,1490
325235.4131,674610.554099999,vacant, ,Vacant,Vacant, , , , ,1491
325126.5207,674578.934,architects, ,Class 4,Class 1, , , , ,1492
325119.6447,674576.8182,paintings, ,Class 1,Class 1, ,Class 4,49 CUMBERLAND S,EH3 6RA,1493
325112.7686,674575.2314,beauty salon, ,Class 1,Class 1,Class 1,Class 1,51 CUMBERLAND S,EH3 6RA,1494
325085.4132,674567.8182,off-licence, ,Class 1,Class 1, , , , ,1495
325014.3306,674548.9091,paintings, ,Class 1,Class 1,Class 1,Class 4,75-79 CUMBERLAN,EH3 6RD,1496
325005.4297,674569.1983,vacant, ,Vacant,Vacant,Class 2,Class 1,64 CUMBERLAND S,EH3 6RE,1497
325009.4463,674570.0909,interior decorators, ,Class 4,Vacant,Vacant,Class 1,64A CUMBERLAND,EH3 6RE,1498
325015.0248,674571.652899999,travel agent, ,Class 1,Vacant,Class 1,Class 2,66 CUMBERLAND S,EH3 6RE,1499
327555.0904,674437.090399999,vacant, ,Vacant,Vacant,Vacant,Class 4,3 DALGETY AVENU,EH7 5UF,1500
326584.5073,672578.553200001,wine merchant,J. & H. Logan & Sons,Class 1,Class 1, , , , ,1501
326702,672389,amusement centre, ,Class 11,Vacant, , , , ,1502
326830.3331,675244.333900001,restaurant, ,Class 3,Class 3,Class 3,Class 3,42-44 DALMENY S,EH6 8RG,1503
326837.6669,675241.714600001,joiner's workshop, ,Class 4,Class 4,Class 4,Class 4,48 DALMENY STRE,EH6 8RG,1504
324116,673223,womens' clothes, ,Class 1,Demolished, , , , ,1505
324120,673216,restaurant, ,Class 3,Demolished, , , , ,1506
324116,673212,restaurant, ,Class 3,Demolished, , , , ,1507
324110,673207,fishmonger, ,Class 1,Demolished, , , , ,1508
324090,673167,tools, ,Class 1,Class 1,Vacant, , , ,1509
324087.3506,673159.0,restaurant, ,Class 3,Class 3,Vacant,Vacant,13 DALRY ROAD,EH11 2BQ,1510
324083.0996,673153.274900001,ladies clothes, ,Class 1,Vacant,Class 3,Class 3,15 DALRY ROAD,EH11 2BQ,1511
324081.4502,673149.701199999,restaurant, ,Class 3,Class 3,Class 3,Class 3,17 DALRY ROAD,EH11 2BQ,1512
324078.6494,673142.9243,restaurant, ,Class 3,Class 3,Vacant,Class 3,19 DALRY ROAD,EH11 2BQ,1513
324075.7251,673136.199200001,greengrocers, ,Class 1,Class 1,Class 1,Vacant,21 DALRY ROAD,EH11 2BQ,1514
324074.0757,673131.800799999,greengrocers, ,Class 1,Class 1,Class 1,Vacant,23 DALRY ROAD,EH11 2BQ,1515
324072.1514,673127.4024,grocer (lic), ,Class 1,Class 1,Class 1,Class 1,25 DALRY ROAD,EH11 2BQ,1516
324069.5498,673121.6494,childrens / ladies clothes, ,Class 1,Class 1,Class 1,Class 1,27 DALRY ROAD,EH11 2BQ,1517
324067.9004,673117.525900001,tv video hire, ,Class 1,Class 1,Class 1,Class 1,29 DALRY ROAD,EH11 2BQ,1518
324062.0239,673104.498,blinds, ,Class 1,Class 1,Class 1,Class 1,31 DALRY ROAD,EH11 2BU,1519
324060.9243,673102.0239,film processing, ,Class 1,Class 4,Class 1,Class 1,33 DALRY ROAD,EH11 2BU,1520
324059.5863,673099.367799999,video film hire, ,Class 1,Class 1,Class 1,Class 1,35 DALRY ROAD,EH11 2BU,1521
324058.4502,673096.525900001,leather bags, ,Class 1,Class 1,Vacant,Class 1,35A DALRY ROAD,EH11 2BU,1522
324054.3506,673087.800799999,baker, ,Class 1,Class 1,Class 1,Class 1,37 DALRY ROAD,EH11 2BU,1523
324056.5498,673092.474099999,hairdresser, ,Class 1,Class 1,Class 1,Class 1,37A-39 DALRY RO,EH11 2BU,1524
324052.0757,673083.0,radio rentals, ,Class 1,Class 1,Class 2,Class 2,39A DALRY ROAD,EH11 2BU,1525
324050.7012,673079.701199999,building society, ,Class 2,Vacant,Class 4,Class 4,41 DALRY ROAD,EH11 2BU,1526
324049.3267,673076.127499999,baker, ,Class 1,Vacant,Class 4,Class 1,43 DALRY ROAD,EH11 2BU,1527
324047.4681,673071.3298,charity shop,Save the Children,Class 1,Class 1,Class 1,Class 1,45 DALRY ROAD,EH11 2BU,1528
324045.6064,673067.0745,travel agent, ,Class 1,Vacant,Class 1,Vacant,47 DALRY ROAD,EH11 2BU,1529
324039.5319,673050.8509,off license, ,Class 1,Class 1,Class 1, , , ,1530
324038.2021,673047.127599999,travel agent, ,Class 1,Class 1,Vacant,Class 1,51-57 DALRY ROA,EH11 2BX,1531
324031.0638,673030.648800001,butcher, ,Class 1,Class 1,Class 1,Class 1,59 DALRY ROAD,EH11 2BZ,1532
324028.9362,673025.8617,ladies / gents clothes, ,Class 1,Class 3,Class 3,Class 3,63 DALRY ROAD,EH11 2BZ,1533
324026.2129,673018.8509,chemist, ,Class 1,Class 1,Class 1,Class 1,65 DALRY ROAD,EH11 2BZ,1534
324024.6172,673014.8617,grocer, ,Class 1,Class 1,Class 1,Class 1,67A DALRY ROAD,EH11 2BZ,1535
324006.1491,672991.7871,gas cookers, ,Class 1,Class 1,Class 4,Class 1,69-71 DALRY ROA,EH11 2AA,1536
323998.1914,672985.191400001,vacant, ,Vacant,Class 1,Class 1,Class 2,73 DALRY ROAD,EH11 2AA,1537
323994.2021,672982.0,hairdresser, ,Class 1,Class 1,Class 1,Class 1,77 DALRY ROAD,EH11 2AA,1538
323989.266,672977.3936,café / restaurant, ,Class 3,Class 3,Class 3,Class 3,79 DALRY ROAD,EH11 2AA,1539
323983.9469,672974.202099999,greengrocer, ,Class 1,Class 1,Class 1,Class 1,81 DALRY ROAD,EH11 2AA,1540
323979.6917,672971.5426,building society, ,Class 2,Class 1,Class 11,Class 11,85 DALRY ROAD,EH11 2AA,1541
323959.4681,672960.7764,hardware, ,Class 1,Class 1, , , , ,1542
323956.8086,672959.1807,watchmaker, ,Class 1,Class 1,Class 1, , , ,1543
323951.7555,672955.4574,post office, ,Class 1,Class 1,Class 1,Class 1,91 DALRY ROAD,EH11 2AB,1544
323947.2021,672951.2552,electrical spares parts, ,Class 1,Class 1, , , , ,1545
323944.1914,672948.9147,jewellery, ,Class 1,SUI GENERIS,SUI GENERIS, , , ,1546
323939.6702,672945.191400001,restaurant, ,Class 3,SUI GENERIS, , , , ,1547
323937.5426,672943.595699999,wholesale foods, ,Class 1,Class 1, , , , ,1548
323934.2021,672941.9147,hot food take-away, ,SUI GENERIS,SUI GENERIS, , , , ,1549
323926.2236,672936.8617,restaurant, ,Class 3,Class 3, , , , ,1550
323906.1276,672923.1807,restaurant, ,Class 3,Class 1, , , , ,1551
323901.0745,672919.9893,restaurant, ,Class 3,Class 1, , , , ,1552
323897.3512,672917.3298,butcher, ,Class 1,Class 1,Class 2,Class 2,111 DALRY ROAD,EH11 2DR,1553
323891.266,672911.585000001,wool, ,Class 1,Class 1,Class 1,Class 1,113-115 DALRY R,EH11 2DR,1554
323886.7448,672907.595699999,ladies / gents clothes, ,Class 1,Class 1,Vacant,Class 2,119-121 DALRY R,EH11 2DR,1555
323879.6064,672901.9147,n/t/c, ,Class 1,Class 1,Class 1,Class 1,123 DALRY ROAD,EH11 2DR,1556
323875.3512,672898.723300001,second hand furniture, ,Class 1,Class 1,Vacant,Class 3,125 DALRY ROAD,EH11 2DR,1557
323858.9255,672883.6273,charity shop, ,Class 1,Class 1,Vacant,SUI GENERIS,131 DALRY ROAD,EH11 2EA,1558
323856.5319,672880.967800001,greengrocer, ,Class 1,Class 1,Vacant,Vacant,133 DALRY ROAD,EH11 2EA,1559
323854.1383,672878.3083,hairdresser, ,Class 1,Class 1,Class 1,Class 1,135 DALRY ROAD,EH11 2EA,1560
323849.6172,672873.521199999,vacant, ,Vacant,Vacant, , , , ,1561
323697.4574,672740.733999999,electrical, ,Class 1,Class 2,Class 2,Class 1,162 DALRY ROAD,EH11 2EG,1562
323694.0,672736.478800001,hairdresser, ,Class 1,Class 1,Class 1,Class 1,164 DALRY ROAD,EH11 2EG,1563
323689.585,672731.127599999,dry cleaners, ,Class 1,Vacant,SUI GENERIS,SUI GENERIS,166 DALRY ROAD,EH11 2EG,1564
323686.9255,672727.6702,betting shop, ,Class 2,Class 2,Class 2,Class 2,168-170 DALRY R,EH11 2EG,1565
323684.266,672724.7448,n/t/c, ,Class 1,Class 1,Class 1,Class 1,174 DALRY ROAD,EH11 2EG,1566
323682.1383,672722.351199999,second hand clothes, ,Class 1,Class 1,Class 1,Class 1,176 DALRY ROAD,EH11 2EG,1567
323674.266,672715.681,public house,Auld Worthies,SUI GENERIS,SUI GENERIS,SUI GENERIS, , , ,1568
323657.9785,672693.797900001,adult learning project, ,Class 4,Class 10,Vacant,Vacant,184 DALRY ROAD,EH11 2EP,1569
323655.585,672690.6064,wool, ,Class 1,Class 1,Class 1,Class 9,186 DALRY ROAD,EH11 2EP,1570
323652.9255,672686.883099999,hairdresser, ,Class 1,Vacant,Vacant,Class 9,188 DALRY ROAD,EH11 2EP,1571
323847.0821,672509.6285,vacant, ,Vacant,Class 3,Class 3,Class 3,9 DUNDEE TERRAC,EH11 1DL,1572
323746.4233,672458.0,grocer, ,Class 1,Class 9, , , , ,1573
323797.8856,672514.9222,"d-i-y, bathrooms",Paris,Class 1,SUI GENERIS,SUI GENERIS,SUI GENERIS,4 DUNDEE TERRAC,EH11 1DL,1574
323771,672473,print shop, ,Class 4,Class 9, , , , ,1575
324885.7613,672971.7423,hairdresser, ,Class 1,Class 3,Class 3,Class 3,4 EARL GREY STR,EH3 9BN,1576
324881.5093,672977.745100001,china goods,Lawleys,Class 1,Class 1, ,Class 1,6-10 EARL GREY,EH3 9BN,1577
324877.5074,672983.4979,bags, ,Class 1,Class 1, , , , ,1578
324589.5319,674559.692600001,chemist, ,Class 1,Class 1,Class 1,Class 1,14 DEANHAUGH ST,EH4 1LY,1579
324588.357,674561.203299999,children's clothing, ,Class 1,Class 1,Class 1, , , ,1580
324587.0142,674563.0496,charity shop, ,Class 1,Class 1,Class 1,Class 1,20 DEANHAUGH ST,EH4 1LY,1581
324585.3357,674565.0638,fabrics & wallpaper, ,Class 1,Class 1,Class 1,Class 1,22 DEANHAUGH ST,EH4 1LY,1582
323650.7979,672683.957699999,plumber /bathroom suites, ,Class 4,Vacant,Class 9, , , ,1583
323846.5957,672869.521199999,coffee house, ,Class 3,Class 1, , , , ,1584
323843.6702,672866.3298,fabric curtains carpets, ,Class 1,Vacant,Class 1,Class 2,141 DALRY ROAD,EH11 2EA,1585
323841.0107,672863.6702,launderette, ,Class 1,Class 1, , , , ,1586
323835.7979,672857.723300001,greengrocer, ,Class 1,Class 1, , , , ,1587
323833.6702,672855.0638,vacant, ,Vacant,Vacant,Vacant,Class 1,149 DALRY ROAD,EH11 2EA,1588
323831.2767,672852.6702,office equipment, ,Class 4,Class 1,Class 4,Class 4,151 DALRY ROAD,EH11 2EA,1589
323829.1491,672850.276699999,vacant, ,Vacant,Vacant,Class 2,Class 2,155 DALRY ROAD,EH11 2EA,1590
323827.0215,672847.883099999,bakery, ,Class 1,Vacant,Class 1,Class 1,157 DALRY ROAD,EH11 2EA,1591
323823.9893,672844.510399999,leather clothing, ,Class 1,Class 1,Class 1,Class 1,159 DALRY ROAD,EH11 2EB,1592
323820.5319,672841.053099999,vacant, ,Vacant,Vacant,Class 1,Class 1,163 DALRY ROAD,EH11 2EB,1593
323816.2767,672837.0638,second hand furniture, ,Class 1,Class 1, , , , ,1594
323809.1276,672829.3936,vacant, ,Vacant,Class 1, , , , ,1595
323806.734,672826.733999999,building society, ,Class 2,Class 2, , , , ,1596
323803.0107,672823.276699999,carpets, ,Class 1,Class 2, , , , ,1597
323799.2767,672818.8617,ladies & gents clothing, ,Class 1,Class 1,Class 3,Class 3,175 DALRY ROAD,EH11 2EB,1598
323795.5534,672815.1383,vacant, ,Vacant,Vacant,Class 1,Class 1,177 DALRY ROAD,EH11 2EB,1599
323792.362,672811.681,new / 2nd books, ,Class 1,Class 1,Class 4,Vacant,181 DALRY ROAD,EH11 2EB,1600
323789.8193,672808.435900001,electrical engineer / spares, ,Class 2,Class 1,Vacant,Class 4,183 DALRY ROAD,EH11 2EB,1601
323786,672805,vacant, ,Vacant,Class 1,Vacant,Class 1,185 DALRY ROAD,EH11 2EB,1602
323786,672805,vacant, ,Vacant,Class 1,Vacant,Class 1,189 DALRY ROAD,EH11 2EB,1603
323786,672805,hot food t/a, ,SUI GENERIS,SUI GENERIS,SUI GENERIS,SUI GENERIS,191 DALRY ROAD,EH11 2EB,1604
323747,672747,computers / photocopiers sales, ,Class 2,Class 9, , , , ,1605
323747,672747,tv/electrical/parts, ,Class 1,Class 1, , , , ,1606
323743.1383,672741.9893,public house, ,SUI GENERIS,SUI GENERIS, , , , ,1607
324072.9186,673190.729699999,hot food take-away, ,SUI GENERIS,SUI GENERIS,SUI GENERIS,SUI GENERIS,2-6 DALRY ROAD,EH11 2BG,1608
324049.8402,673137.9147,dry cleaner / photo processing,Munro,Class 1,Class 1,Class 1,Class 1,18-20 DALRY ROA,EH11 2BA,1609
324048.5104,673134.9893,amusements, ,Class 11,Vacant,Vacant, , , ,1610
324047.1807,673132.0638,amusements, ,Class 11,SUI GENERIS,SUI GENERIS,SUI GENERIS,24 DALRY ROAD,EH11 2BA,1611
324045.585,673128.6064,amusements, ,Class 11,Class 1,Vacant,Class 1,26 DALRY ROAD,EH11 2BA,1612
324044.2552,673125.414999999,sports goods, ,Class 1,Class 1,Class 1,Class 1,28 DALRY ROAD,EH11 2BA,1613
324042.9255,673122.2236,optician, ,Class 1,Class 1,Class 1,Class 1,30 DALRY ROAD,EH11 2BA,1614
324040.9893,673118.4574,gents / boys clothes, ,Class 1,Class 1,Class 1,Class 1,32 DALRY ROAD,EH11 2BA,1615
324039.6595,673115.0,n/t/c, ,Class 1,Class 1,Class 1,Vacant,34 DALRY ROAD,EH11 2BA,1616
324038.6917,673112.0,records cards novelties, ,Class 1,Class 1,Class 11,Class 11,38 DALRY ROAD,EH11 2BA,1617
324037.4788,673109.053099999,grocer, ,Class 1,Class 1,Vacant,Vacant,40 DALRY ROAD,EH11 2BA,1618
324033.6595,673100.404300001,travel agent, ,Class 1,Class 1,Class 1,Class 1,42 DALRY ROAD,EH11 2BA,1619
324030.1914,673092.0638,travel agent, ,Class 1,Vacant,Class 1,Class 1,46 DALRY ROAD,EH11 2BA,1620
324028.5957,673088.6064,edinburgh volunteer exchange, ,Class 4,Vacant,Class 1,Class 1,48 DALRY ROAD,EH11 2BA,1621
324027.0,673084.883099999,hairdresser, ,Class 1,Class 1,Vacant,Vacant,50 DALRY ROAD,EH11 2BA,1622
324025.1383,673080.362,insurance consult / bldg soc, ,Class 4,Vacant,Class 1,Class 1,54 DALRY ROAD,EH11 2BA,1623
324023.5426,673076.3727,shoes, ,Class 1,Class 1,Class 1,Class 2,56 DALRY ROAD,EH11 2BA,1624
324016.4574,673070.9893,electrical goods, ,Class 1,Class 1,Class 1,Class 1,56A DALRY ROAD,EH11 2BA,1625
324009.0638,673051.7871,sports equipment & clothing, ,Class 1,Class 1,Class 1,Class 1,58 DALRY ROAD,EH11 2AY,1626
324007.4681,673047.0,records tapes, ,Class 1,Class 1,Class 1,Class 1,60 DALRY ROAD,EH11 2AY,1627
324005.3405,673042.2129,building society, ,Class 2,Class 1,Class 1,Vacant,64 DALRY ROAD,EH11 2AY,1628
324003.4788,673037.957699999,pet stores, ,Class 1,Class 1,Class 1,Class 1,66 DALRY ROAD,EH11 2AY,1629
324002.0,673033.733999999,hairdresser, ,Class 1,Class 1,Class 4,Class 4,68(1F) DALRY RO,EH11 2AY,1630
324000.1383,673031.340500001,sports goods, ,Class 1,Class 1,Class 1,Class 1,68(GF) DALRY RO,EH11 2AY,1631
323998.5426,673029.2129,furniture -kitchens, ,Class 1,Vacant,Class 1,Class 1,70 DALRY ROAD,EH11 2AY,1632
323996.1914,673026.808599999,freezer foods, ,Class 1,SUI GENERIS,SUI GENERIS,SUI GENERIS,72 DALRY ROAD,EH11 2AY,1633
323993.6595,673023.1383,cards / novelties, ,Class 1,Class 1,Class 4,Class 1,74 DALRY ROAD,EH11 2AY,1634
323990.1276,673017.872400001,off licence, ,Class 1,Class 1,Class 1,Class 1,76 DALRY ROAD,EH11 2AX,1635
323987.4681,673014.414999999,mens / boys sportswear, ,Class 1,Vacant,Class 2,Class 1,78 DALRY ROAD,EH11 2AX,1636
323984.8086,673010.648800001,launderette, ,Class 1,Class 1,Class 1,Vacant,84 DALRY ROAD,EH11 2AX,1637
323966.3936,672994.733999999,hardware diy, ,Class 1,Class 1,Class 1,Class 1,86 DALRY ROAD,EH11 2AX,1638
323957.7979,672988.4681,public house, ,SUI GENERIS,SUI GENERIS,SUI GENERIS,SUI GENERIS,88 DALRY ROAD,EH11 2AX,1639
323951.1276,672984.6172,amusements, ,Class 11,Vacant,Class 2,Class 2,90 DALRY ROAD,EH11 2AX,1640
323945.319,672980.733999999,betting shop, ,Class 2,Class 2,Class 2,Class 2,92 DALRY ROAD,EH11 2AX,1641
323940.4681,672977.5426,grocer (lic), ,Class 1,Class 1,Vacant, , , ,1642
323935.3298,672974.6064,restaurant, ,Class 3,Class 3,Class 3,Class 3,94A-96 DALRY RO,EH11 2AX,1643
323915.5212,672963.478800001,car rental, ,Class 4,SUI GENERIS,Vacant,Class 3,100-102 DALRY R,EH11 2DW,1644
323817.4043,672909.266000001,supermarket,Fine Fare,Class 1,Class 1,Class 1,Class 1,114 DALRY ROAD,EH11 2EZ,1645
323803.2451,672872.351199999,electrical, ,Class 1,Class 1,Vacant, , , ,1646
323791.5212,672860.6172,public house, ,SUI GENERIS,Class 1,Class 1,Class 1,118-126 DALRY R,EH11 2EZ,1647
323782.4681,672850.5319,car accessories, ,Class 1,Vacant,Vacant,Class 3,128 DALRY ROAD,EH11 2EZ,1648
323648.6702,672681.2982,hot food take-away, ,SUI GENERIS,SUI GENERIS,SUI GENERIS,SUI GENERIS,192 DALRY ROAD,EH11 2EP,1649
323618.1807,672643.9255,grocer (licensed), ,Class 1,Class 1,Class 1, , , ,1650
323615.7871,672641.266000001,housing improvement centre, ,Class 4,Vacant,Vacant,Vacant,200 DALRY ROAD,EH11 2ES,1651
323613.3936,672638.6064,diy ironmonger, ,Class 1,Class 1,Class 1,Vacant,202 DALRY ROAD,EH11 2ES,1652
323610.9147,672635.659499999,community workshop, ,Class 4,Class 9, , , , ,1653
323609.319,672633.266000001,fishmonger, ,Class 1,Class 9, , , , ,1654
323607.4574,672630.872400001,butcher, ,Class 1,Class 9, , , , ,1655
323604.7979,672627.414999999,musical instruments, ,Class 1,Class 1, , , , ,1656
323602.7764,672624.521199999,hot food take-away, ,SUI GENERIS,SUI GENERIS,SUI GENERIS,SUI GENERIS,214 DALRY ROAD,EH11 2ES,1657
323599.585,672620.797900001,vacant, ,Vacant,Vacant, , , , ,1658
323596.4043,672617.425799999,vacant, ,Vacant,Vacant, , , , ,1659
323593.7448,672614.500299999,painter / decorator, ,Class 4,Class 4, , , , ,1660
323590.3083,672610.4681,vacant, ,Vacant,Class 2, , , , ,1661
323588.1807,672607.5426,gazette, ,Class 4,Class 4, , , , ,1662
323585.7871,672604.883099999,second hand furniture, ,Class 1,Class 2,Class 9, , , ,1663
323583.1276,672602.2236,video film hire, ,Class 1,Vacant,Vacant,Class 4,230 DALRY ROAD,EH11 2ES,1664
323558.1914,672570.6602,vacant, ,Vacant,Vacant, , , , ,1665
323555.8193,672567.9046,second hand electricals, ,Class 1,Vacant,Class 9, , , ,1666
323552.1169,672564.0,moneylender, ,Class 2,Vacant, , , , ,1667
323549.1914,672559.7448,painter / decorater, ,Class 4,Class 4, , , , ,1668
323545.734,672555.7555,grocer (lic), ,Class 1,Class 1, , , , ,1669
323540.8402,672549.9893,ladies clothes, ,Class 1,Class 1,Vacant,Class 9, , ,1670
323538.4466,672546.5319,hairdresser, ,Class 1,Class 2, , , , ,1671
323535.5212,672543.0745,n/t/c, ,Class 1,Class 1, , , , ,1672
323532.3298,672539.351199999,jewellery, ,Class 1,Vacant,Class 2,Class 2,246 DALRY ROAD,EH11 2JG,1673
323528.7764,672535.2552,baker, ,Class 1,SUI GENERIS, , , , ,1674
323526.6488,672532.8617,vacant, ,Vacant,Vacant,Vacant,Vacant,249 DALRY ROAD,EH11 2JQ,1675
323524.5212,672530.202099999,second hand furniture, ,Class 1,Vacant, , , , ,1676
323519.734,672524.6172,insurance services, ,Class 4,Vacant, , , , ,1677
323517.5104,672521.446599999,vacant, ,Vacant,Vacant,Vacant,Class 9, , ,1678
323514.585,672517.9893,vacant, ,Vacant,Vacant, , , , ,1679
323511.9255,672514.797900001,vacant, ,Vacant,Class 2, , , , ,1680
323508.734,672510.808599999,vacant, ,Vacant,Class 2, , , , ,1681
323500.8509,672502.0745,butcher, ,Class 1,Vacant,Vacant,Class 9, , ,1682
323497.1276,672498.0853,hot food take-away, ,SUI GENERIS,SUI GENERIS,SUI GENERIS,SUI GENERIS,261 DALRY ROAD,EH11 2JQ,1683
327537.6735,674348.653100001,painter & decorator, ,Class 4,Class 1,Class 2,Class 2,12 DALZIEL PLAC,EH7 5TR,1684
327560.2505,674338.840500001,public house, ,SUI GENERIS,Class 3,Class 3,Class 3,13-14 DALZIEL P,EH7 5TP,1685
327608.2987,674322.0557,hot food t/a, ,SUI GENERIS,SUI GENERIS,SUI GENERIS,SUI GENERIS,21 DALZIEL PLAC,EH7 5TP,1686
327613.4026,674320.3544,hairdresser & beauty salon, ,Class 1,Class 1,Class 1,Class 1,23 DALZIEL PLAC,EH7 5TP,1687
324617.4229,676311.535499999,"tailor, alterations", ,Class 1,Vacant, , , , ,1688
324666.6268,674607.6951,restaurant, ,Class 3,Class 3,Class 3,Class 3,1 DEAN BANK LAN,EH3 5BS,1689
324183.2746,674357.270500001,hairdresser, ,Class 1,Class 9, , , , ,1690
324185,674619,vacant, ,Vacant,Class 4, , , , ,1691
324248.0989,674661.506999999,butcher, ,Class 1,Class 4,Class 1,Class 1,9 DEAN PARK STR,EH4 1JN,1692
324225.0041,674650.1886,grocer (lic), ,Class 1,Class 3,Class 3,Class 1,6 DEAN PARK STR,EH4 1JW,1693
324225.459,674645.6394,plumber, ,Class 4,Class 4,Class 4,Class 9, , ,1694
324240.2787,674484.3606,grocer (lic), ,Class 1,Class 2,Vacant,Class 9, , ,1695
324489,674618,polar ices ltd., ,Class 2,Class 9, , , , ,1696
324527.352,674614.619899999,public house, ,SUI GENERIS,SUI GENERIS,SUI GENERIS,SUI GENERIS,4-6 DEAN STREET,EH4 1LW,1697
324374.8132,674534.005999999,public house, ,SUI GENERIS,SUI GENERIS,SUI GENERIS,SUI GENERIS,50 DEAN STREET,EH4 1LQ,1698
324619.0496,674564.368899999,bank, ,Class 2,Vacant,Class 3,Class 3,1 DEANHAUGH STR,EH4 1LU,1699
324613.4752,674571.4823,vacant, ,Vacant,Class 1,Class 1,Class 1,3 DEANHAUGH STR,EH4 1LU,1700
324609.9858,674576.1182,travel agent, ,Class 1,Class 1,Class 1,Class 1,5 DEANHAUGH STR,EH4 1LU,1701
324607.3074,674579.475199999,chemist, ,Class 1,Class 1, , , , ,1702
324604.636,674583.1395,grocer, ,Class 1,Class 1,Class 1,Class 1,9 DEANHAUGH STR,EH4 1LU,1703
324602.1395,674586.475199999,grocer, ,Class 1,Class 1,Class 1,Class 1,11 DEANHAUGH ST,EH4 1LU,1704
324599.3074,674590.642999999,building society, ,Class 2,Class 2,Class 2,Class 2,13 DEANHAUGH ST,EH4 1LU,1705
324596.2223,674594.917199999,baker, ,Class 1,Class 1,Class 1,Class 1,15 DEANHAUGH ST,EH4 1LU,1706
324586.6501,674603.796700001,fishmonger, ,Class 1,Class 1, , , , ,1707
324583.2932,674609.0,ladies' clothing, ,Class 1,Class 1, , , , ,1708
324579.9646,674613.264799999,n/t/c, ,Class 1,Class 1,Class 1,Class 1,33 DEANHAUGH ST,EH4 1LR,1709
324577.4114,674616.810900001,vacant, ,Vacant,Class 1,Class 1,Class 1,35-37 DEANHAUGH,EH4 1LR,1710
324574.6218,674622.796700001,butcher, ,Class 1,Class 1,Class 1,Class 1,39-41 DEANHAUGH,EH4 1LR,1711
324572.2719,674627.328600001,dry cleaner / photo processing, ,Class 1,Class 1,Class 1,Class 1,45 DEANHAUGH ST,EH4 1LR,1712
324568.7826,674633.6218,public house, ,SUI GENERIS,SUI GENERIS,SUI GENERIS,SUI GENERIS,47-49 DEANHAUGH,EH4 1LR,1713
324598.1962,674549.524800001,coffee house, ,Class 3,Class 3,Class 3,Class 3,2 DEANHAUGH STR,EH4 1LY,1714
324596.3499,674551.874700001,hairdresser, ,Class 1,Class 1,Class 1,Class 1,4 DEANHAUGH STR,EH4 1LY,1715
324594.3357,674553.888800001,ladies' clothing, ,Class 1,Class 1,Class 1,Class 1,8 DEANHAUGH STR,EH4 1LY,1716
324592.6572,674556.070900001,upholsterer, ,Class 4,Class 1,Class 1,Class 4,10 DEANHAUGH ST,EH4 1LY,1717
323891.2678,672528.257099999,printing/photocopying, ,Class 4,Class 4,Vacant,Class 1,177 DUNDEE STRE,EH11 1BY,1718
323886.2786,672526.4428,chemist, ,Class 1,Class 1,Class 1,Class 1,179 DUNDEE STRE,EH11 1BY,1719
323881.7429,672523.7214,post office, ,Class 1,Class 1,Class 1,Class 1,181 DUNDEE STRE,EH11 1BY,1720
323855.0,672548.9179,public house, ,SUI GENERIS,SUI GENERIS,SUI GENERIS,Class 1,174 DUNDEE STRE,EH11 1DQ,1721
323836.9071,672549.6501,vacant, ,Vacant,Class 1,Class 1,Class 1,176-180 DUNDEE,EH11 1DQ,1722
323863.175,672515.9892,vacant, ,Vacant,Class 4,Class 4,Class 4,1 DUNDEE TERRAC,EH11 1DL,1723
323858.6393,672514.175000001,hot food take-away, ,SUI GENERIS,SUI GENERIS,SUI GENERIS,SUI GENERIS,5 DUNDEE TERRAC,EH11 1DL,1724
323853.6501,672511.907099999,glazier, ,Class 4,Class 1,Class 3,Class 3,7 DUNDEE TERRAC,EH11 1DL,1725
324583.9929,674566.9101,restaurant, ,Class 3,Class 3,Class 3,Class 3,18-24 DEANHAUGH,EH4 1LY,1726
324581.8818,674569.489399999,* no nameplate *, ,UNKNOWN USE,Class 3, , , , ,1727
324580.539,674571.3357,restaurant, ,Class 3,Class 3,Class 3,Class 3,28 DEANHAUGH ST,EH4 1LY,1728
324579.0283,674573.0142,* no nameplate *, ,UNKNOWN USE,Class 3, , , , ,1729
324577.6856,674574.357000001,* no nameplate *, ,UNKNOWN USE,Class 2, , , , ,1730
324575.8392,674576.539000001,ceramic tiles, ,Class 1,Class 3, , , , ,1731
326888.8898,675022.6535,hairdresser, ,Class 1,Class 9, , , , ,1732
326889.9764,675028.0866,hairdresser, ,Class 1,Class 1, , , , ,1733
326928.3701,675097.7796,vacant, ,Vacant,Class 9, , , , ,1734
327000.4208,676677.574999999,restaurant, ,Class 3,Class 3,Class 3,Class 3,1A DOCK PLACE,EH6 6LU,1735
327008.4166,676677.4166,public house, ,SUI GENERIS,SUI GENERIS,SUI GENERIS,SUI GENERIS,1C DOCK PLACE,EH6 6LU,1736
326970.525,676637.5792,vacant, ,Vacant,Class 3, , , , ,1737
317662.5313,667652.1876,hairdresser,Harper,Class 1,Class 1,Class 4,Class 9, , ,1738
317661.8637,667657.127900001,n/t/c,Smith,Class 1,Class 1,Class 1,Class 1,10 DOLPHIN AVEN,EH14 5RL,1739
317661.3296,667661.934599999,butcher,Carson,Class 1,Class 1,Class 1,Class 1,12 DOLPHIN AVEN,EH14 5RL,1740
317660.5284,667667.2755,grocer,Mace (Harper),Class 1,Class 1,Vacant,Class 1,14 DOLPHIN AVEN,EH14 5RL,1741
323652.6595,672697.2552,insulation project, ,Class 4,Class 2,Vacant,Class 9, , ,1742
323648.6702,672700.1807,vacant, ,Vacant,Class 10,Class 10,Class 9, , ,1743
319182.8668,673888.256100001,supermarket,Scotmid,Class 1,Class 1,Class 1,Class 1,1 DRUM BRAE AVE,EH12 8TE,1744
319204.0207,673895.622300001,butcher, ,Class 1,Class 1,Class 2,Class 2,1A-3 DRUM BRAE,EH12 8TE,1745
319214.4929,673898.1669,n/t/c, ,Class 1,Class 1,Class 1,Class 4,5-7 DRUM BRAE A,EH12 8TE,1746
319222.511,673900.089299999,vacant, ,Vacant,Class 1,Class 1,Class 1,9 DRUM BRAE AVE,EH12 8TE,1747
319228.0776,673901.467,photocopying service, ,Class 4,Class 4,Class 2,Class 2,11 DRUM BRAE AV,EH12 8TE,1748
319252.8491,673549.035399999,electrical repairs, ,Class 1,Class 1,Class 1,Class 1,30 DRUM BRAE SO,EH12 8SU,1749
329238.623,668708.053400001,hairdresser, ,Class 1,Class 1,Class 1,Class 1,9 DRUM STREET,EH17 8QQ,1750
329242.8365,668701.469900001,"grocer, confec, videotape hire", ,Class 1,Class 1,Class 1,Class 1,13 DRUM STREET,EH17 8QQ,1751
329271.4664,668661.1601,service station, ,SUI GENERIS,Class 11, , , , ,1752
329293.3132,668632.313200001,public house, ,SUI GENERIS,SUI GENERIS,SUI GENERIS,SUI GENERIS,33 DRUM STREET,EH17 8RQ,1753
329300.1033,668626.313200001,"t.v., radio and servicing", ,Class 1,Class 1,Class 1,Class 1,37 DRUM STREET,EH17 8RQ,1754
329302.2633,668618.946599999,fishmonger, ,Class 1,Class 1,SUI GENERIS,SUI GENERIS,39 DRUM STREET,EH17 8RQ,1755
325191.0283,674487.827099999,pottery, ,Class 1,Class 1,Class 1,Class 1,44 DUNDAS STREE,EH3 6JN,1756
325190.0014,674491.333000001,butcher, ,Class 1,Class 4,Class 1,Class 1,46 DUNDAS STREE,EH3 6JN,1757
325188.8485,674494.940400001,travel agent, ,Class 1,Class 1,Class 1,Class 1,50 DUNDAS STREE,EH3 6JN,1758
325176.7025,674536.0579,grocer, ,Class 1,Class 2,Class 2,Class 2,52-54 DUNDAS ST,EH3 6QZ,1759
325143.8741,674660.054500001,carpets, ,Class 1,Class 1,Vacant,Vacant,106 DUNDAS STRE,EH3 6RQ,1760
329307.4733,668614.7367,babies wear and wool shop, ,Class 1,SUI GENERIS,SUI GENERIS,SUI GENERIS,41 DRUM STREET,EH17 8RQ,1761
329317.4733,668605.6833,plants and vegetables, ,Class 1,Class 1, , , , ,1762
329327.79,668602.9965,bank, ,Class 2,Class 2,Class 2,Class 2,49-51 DRUM STRE,EH17 8RQ,1763
329364.6799,668578.733200001,hot food t/a, ,SUI GENERIS,SUI GENERIS,SUI GENERIS, , , ,1764
329226.8434,668656.3201,hot food t/a, ,SUI GENERIS,SUI GENERIS,SUI GENERIS,SUI GENERIS,6 DRUM STREET,EH17 8QH,1765
329230.2668,668651.3167,video film hire, ,Class 1,Class 1,Vacant, , , ,1766
329235.3167,668644.266799999,butcher, ,Class 1,Vacant,Class 1,Class 1,12 DRUM STREET,EH17 8QH,1767
329239.0035,668639.789999999,n/t/c, ,Class 1,Class 1,Class 1,Class 1,14A DRUM STREET,EH17 8QH,1768
329305,668589,public house, ,SUI GENERIS,SUI GENERIS,SUI GENERIS,SUI GENERIS,36(1) DRUM STRE,EH17 8QH,1769
329420.2134,668522.106699999,public house, ,SUI GENERIS,SUI GENERIS,SUI GENERIS,SUI GENERIS,62 DRUM STREET,EH17 8RN,1770
329433,668502,service station, ,SUI GENERIS,SUI GENERIS,SUI GENERIS,SUI GENERIS,64 DRUM STREET,EH17 8RN,1771
325015.7475,672861.500700001,grocer, ,Class 1,Class 2,Class 2,Vacant,1 DRUMDRYAN STR,EH3 9JZ,1772
325010.5002,672857.7513,denture repairs, ,Class 2,Class 9, , , , ,1773
326049.4155,673343.8309,public house, ,SUI GENERIS,SUI GENERIS,Vacant,Vacant, , ,1774
326055.0146,673321.0605,bric-a-brac, ,Class 1,Class 1,Class 1,Class 1,8 DRUMMOND STRE,EH8 9TT,1775
326050.0459,673319.014599999,hot food t/a, ,SUI GENERIS,Class 3, , , , ,1776
326066.8163,673326.0459,hot food t/a, ,SUI GENERIS,Class 3, , , , ,1777
326070.9082,673327.7996,hairdresser, ,Class 1,Class 1,Class 1,Class 1,12 DRUMMOND STR,EH8 9TU,1778
326075.0,673329.2609,public house, ,SUI GENERIS,SUI GENERIS,SUI GENERIS,SUI GENERIS,14 DRUMMOND STR,EH8 9TU,1779
326083.0773,673333.968699999,restaurant, ,Class 3,Class 3,Class 3,Class 3,16 DRUMMOND STR,EH8 9TX,1780
324434.7042,673815.5869,hot food t/a, ,SUI GENERIS,Class 1,Class 1,Class 1,2 DRUMSHEUGH PL,EH3 7PT,1781
324430.2347,673818.1941,hairdresser, ,Class 1,Class 1,Class 1,Class 1,3 DRUMSHEUGH PL,EH3 7PT,1782
324425.7653,673820.4288,gifts, ,Class 1,Class 1,Class 1,Class 1,4 DRUMSHEUGH PL,EH3 7PT,1783
324421.6682,673821.9187,dry cleaner, ,Class 1,Class 1,Class 1,Class 1,5 DRUMSHEUGH PL,EH3 7PT,1784
324412.8623,673824.173699999,menswear,Mr. James,Class 1,Class 1,Class 1,Class 1,7 DRUMSHEUGH PL,EH3 7PT,1785
324408.3928,673824.5462,bank, ,Class 2,Class 2,Vacant,Class 1,8-9 DRUMSHEUGH,EH3 7PT,1786
324399.097,673824.9187,restaurant, ,Class 3,Class 3,Class 3,Class 3,11 DRUMSHEUGH P,EH3 7PT,1787
324390.5305,673824.173699999,bank, ,Class 2,Class 4,Class 4,Class 4,12-13 DRUMSHEUG,EH3 7PT,1788
319167.0278,674137.6435,hot food t/a, ,SUI GENERIS,SUI GENERIS,SUI GENERIS,SUI GENERIS,24 DUART CRESCE,EH4 7JP,1789
319161.4769,674135.300899999,greengrocer, ,Class 1,Class 1,Class 1,Class 1,26 DUART CRESCE,EH4 7JP,1790
319157.2083,674134.0463,building/gardening services, ,Class 4,SUI GENERIS,SUI GENERIS,SUI GENERIS,28 DUART CRESCE,EH4 7JP,1791
319150.537,674135.925899999,butcher, ,Class 1,Class 1,SUI GENERIS,SUI GENERIS,30 DUART CRESCE,EH4 7JP,1792
319145.2685,674133.7917,video film hire, ,Class 1,Class 1,Class 1,Class 2, , ,1793
319139.1343,674131.5833,baker, ,Class 1,Class 1,Class 1,Class 1,34 DUART CRESCE,EH4 7JP,1794
319133.1635,674129.6941,hairdresser, ,Class 1,Class 1,Class 1,Class 1,36 DUART CRESCE,EH4 7JP,1795
319127.0417,674127.537,chemist, ,Class 1,Class 1,Class 1,Class 1,38 DUART CRESCE,EH4 7JP,1796
319121.2685,674125.388900001,n/t/c, ,Class 1,Class 1, ,Class 1,40 DUART CRESCE,EH4 7JP,1797
319114.6111,674122.972200001,grocer, ,Class 1,Class 1, , , , ,1798
325624.1713,674313.5428,public house, ,SUI GENERIS,SUI GENERIS,SUI GENERIS,SUI GENERIS,3(GF1) DUBLIN S,EH1 3PG,1799
325622.8854,674319.056700001,hot food take-away, ,SUI GENERIS,SUI GENERIS,SUI GENERIS,SUI GENERIS,7 DUBLIN STREET,EH1 3PG,1800
325621.7998,674323.4849,betting shop, ,Class 2,Class 2,Class 2,Class 1,9 DUBLIN STREET,EH1 3PG,1801
325593.1321,674419.2028,n/t/c,Ramage,Class 1,SUI GENERIS,Class 1,Class 1,27 DUBLIN STREE,EH3 6NL,1802
325591.7736,674427.448100001,restaurant, ,Class 3,Class 3, , , , ,1803
325573,674531,grocer (wholefoods), ,Class 1,Class 4,Class 2,Class 2,63 DUBLIN STREE,EH3 6NS,1804
325570,674542,vacant, ,Vacant,Class 1,Class 4,Class 4,73 DUBLIN STREE,EH3 6NS,1805
325555.6179,674426.3585,fancy goods, ,Class 1,Class 1,Class 1,Class 1,26 DUBLIN STREE,EH3 6NN,1806
325538.4038,674487.223099999,paintings, ,Class 1,Class 1,Class 1,Class 1,52 DUBLIN STREE,EH3 6NP,1807
325537.15,674491.6116,hairdresser, ,Class 1,Vacant,Class 1,Class 2,54 DUBLIN STREE,EH3 6NP,1808
325529.5077,674516.0154,grocer, ,Class 1,Class 1,Class 1,Class 1,76 DUBLIN STREE,EH3 6NP,1809
330310.2337,672879.532500001,grocer, ,Class 1,Vacant,SUI GENERIS,SUI GENERIS,94 DUDDINGSTON,EH15 1JZ,1810
330311.7698,672875.324899999,butcher, ,Class 1,Class 1,SUI GENERIS,SUI GENERIS,96 DUDDINGSTON,EH15 1JZ,1811
330466.3609,672019.5414,betting shop, ,Class 2,Class 2,Class 2,Class 2,179 DUDDINGSTON,EH15 3EG,1812
330494.0,671914.951199999,public house, ,SUI GENERIS,SUI GENERIS,SUI GENERIS,SUI GENERIS,189 DUDDINGSTON,EH15 3EJ,1813
330492.7219,671880.1316,freezer centre, ,Class 1,Class 1,Class 1,Class 1,191-193 DUDDING,EH15 3EJ,1814
329505.7332,673265.533199999,hairdresser, ,Class 1,Class 1,Class 1,Class 1,60 DUDDINGSTON,EH15 1SG,1815
329513.5445,673267.288899999,n/t/c, ,Class 1,Class 1,Class 1,Class 1,62-64 DUDDINGST,EH15 1SG,1816
328582.8716,672738.1284,vacant, ,Vacant,Vacant, , , , ,1817
326101.7142,676360.8901,vacant, ,Vacant,Vacant, , , , ,1818
326966.9949,675940.5759,betting shop, ,Class 2,Class 2,Class 2,Vacant,1 DUKE STREET,EH6 6AE,1819
326970.5969,675938.3246,chemist, ,Class 1,Class 1, , , , ,1820
326975.0995,675933.596899999,optician, ,Class 1,Class 1, , , , ,1821
327003.0361,675902.5002,jeweller, ,Class 1,Class 1,Class 1,Class 1,7B DUKE STREET,EH6 8HG,1822
327007.7502,675899.3574,confectioner / tobacconist, ,Class 1,Class 1,Class 2,Vacant,9A DUKE STREET,EH6 8HG,1823
327012.4644,675896.214600001,fishmonger, ,Class 1,Vacant,Vacant,Vacant,11 DUKE STREET,EH6 8HG,1824
327017.5714,675893.4647,public house, ,SUI GENERIS,SUI GENERIS,SUI GENERIS,SUI GENERIS,13 DUKE STREET,EH6 8HG,1825
327024.3932,675890.2859,public house, ,SUI GENERIS,SUI GENERIS,Vacant,Vacant,15 DUKE STREET,EH6 8HG,1826
327038.0,675880.464400001,wholesale toys & fancy goods, ,Class 2,Vacant,Class 1,Class 1,17 DUKE STREET,EH6 8HG,1827
327060.5359,675866.535599999,public house, ,SUI GENERIS,SUI GENERIS,SUI GENERIS,Vacant,27 DUKE STREET,EH6 8HH,1828
327072.3213,675858.6787,public house, ,SUI GENERIS,SUI GENERIS,SUI GENERIS,SUI GENERIS,31 DUKE STREET,EH6 8HH,1829
327081.6787,675852.5714,licensed grocer, ,Class 1,Class 3,SUI GENERIS,SUI GENERIS,33 DUKE STREET,EH6 8HH,1830
327086.0,675849.8215,charity shop, ,Class 1,Vacant,Class 1,Vacant,37 DUKE STREET,EH6 8HH,1831
327089.5356,675847.464400001,men's clothing, ,Class 1,Vacant,Class 2,Class 2,39-43 DUKE STRE,EH6 8HH,1832
327099.0,675841.642899999,hot food t/a, ,SUI GENERIS,SUI GENERIS,SUI GENERIS,SUI GENERIS,47-49 DUKE STRE,EH6 8HH,1833
327124.2501,675824.6787,roofing contractor, ,Class 4,Vacant, ,Vacant,63 DUKE STREET,EH6 8HN,1834
327128.2501,675820.642899999,vacant, ,Vacant,Class 1,Class 1,Class 1,65 DUKE STREET,EH6 8HN,1835
327132.1785,675816.321599999,t.v. & video, ,Class 1,Class 1,Vacant, , , ,1836
326980.9586,675882.633300001,public house, ,SUI GENERIS,Class 4, , , , ,1837
326990.6391,675877.9056,vacant, ,Vacant,Class 4, , , , ,1838
327000.0944,675873.403100001,public house, ,SUI GENERIS,Vacant,Vacant,Vacant,12-16 DUKE STRE,EH6 8HQ,1839
327009.7749,675869.125600001,charity shop, ,Class 1,Vacant,Class 1,Class 1,20 DUKE STREET,EH6 8HQ,1840
327019.2302,675864.172800001,florist, ,Class 1,Class 1,Class 1,Class 2,22 DUKE STREET,EH6 8HQ,1841
327100.1073,675816.856899999,vacant, ,Vacant,Class 1,Class 1, , , ,1842
327103.322,675814.0712,vacant, ,Vacant,Vacant, , , , ,1843
327107.2504,675810.9285,vacant, ,Vacant,Vacant, , , , ,1844
327110.3213,675807.8215,vacant, ,Vacant,Vacant, , , , ,1845
327114.2498,675804.2859,vacant, ,Vacant,Vacant, , , , ,1846
327121.9642,675798.357100001,butcher, ,Class 1,Class 1, , , , ,1847
327131.8569,675790.3213,grocer, ,Class 1,Vacant, , , , ,1848
327134.6068,675786.785700001,hairdresser, ,Class 1,Vacant,Class 2,Class 2,106 DUKE STREET,EH6 8HL,1849
327154.0,675766.8927,electrical contractor, ,Class 4,Class 4,Class 1,Class 1,110 DUKE STREET,EH6 8HR,1850
327155.9642,675764.535599999,baker, ,Class 1,Class 9, , , , ,1851
327158.3213,675761.785700001,hot food t/a, ,SUI GENERIS,Class 9, , , , ,1852
327163.7499,675756.7499,fancy goods, ,Class 1,Vacant,Class 4,Class 4,120 DUKE STREET,EH6 8HR,1853
327166.107,675754.0,haberdashery, ,Class 1,Vacant,Vacant,Vacant,124 DUKE STREET,EH6 8HR,1854
327170.6072,675748.4998,french polisher, ,Class 4,Class 1,Class 1,Vacant,126 DUKE STREET,EH6 8HR,1855
327173.3571,675745.357100001,hot food t/a, ,SUI GENERIS,Class 1,SUI GENERIS,SUI GENERIS,130 DUKE STREET,EH6 8HR,1856
327176.107,675741.8215,butcher, ,Class 1,Class 1, , , , ,1857
327181.7857,675736.3213,chemist, ,Class 1,Class 1,Class 1,Class 1,134 DUKE STREET,EH6 8HR,1858
327185.7141,675731.6072,insurance, ,Class 4,Class 3,Class 3,Class 3,138-140 DUKE ST,EH6 8HR,1859
327194.3928,675722.035399999,public house, ,SUI GENERIS,SUI GENERIS, , , , ,1860
327196.7499,675718.4998,pet shop, ,Class 1,Class 1,Class 1,Class 1,146 DUKE STREET,EH6 8HR,1861
327199.8927,675714.964199999,hairdresser, ,Class 1,Class 1,Class 1,Class 3,148 DUKE STREET,EH6 8HR,1862
327204.3245,675710.6557,sports trophies & engraving, ,Class 1,Class 1,Class 1,Class 1,150 DUKE STREET,EH6 8HR,1863
327207.6524,675705.3311,clothing (second hand), ,Class 1,Class 1,Class 1,Class 1,152 DUKE STREET,EH6 8HR,1864
326548,673488,vacant,vacant,Vacant,UNKNOWN USE,Vacant,Vacant,65 DUMBIEDYKES,EH8 9UT,1865
326547,673474,grocer, ,Class 1,Class 1,Class 1,Class 1,67 DUMBIEDYKES,EH8 9UT,1866
320444.8293,670445.2195,vacant, ,Vacant,Class 1,Class 1,Class 9, , ,1867
320660.0854,670155.7805,supermarket,Tesco,Class 1,Class 1,Class 1,Vacant,15 DUMBRYDEN RO,EH14 2AF,1868
325269.9879,674342.820699999,travel agent, ,Class 1,Class 1,Class 1,Class 1,3 DUNDAS STREET,EH3 6QG,1869
325264.9758,674354.884500001,bookshop, ,Class 1,Vacant,Class 2,Class 2,7 DUNDAS STREET,EH3 6QG,1870
325263.2697,674361.136499999,hairdresser, ,Class 1,Class 1,Class 1,Class 1,9 DUNDAS STREET,EH3 6QG,1871
325262.2189,674370.474099999,public house, ,SUI GENERIS,Class 3,Class 3,Class 3,13B DUNDAS STRE,EH3 6QG,1872
325260.7448,674375.781099999,paintings, ,Class 1,Class 2, , , , ,1873
325257.6931,674389.0,antiques, ,Class 1,Class 4,Class 2,Class 2,17(GF) DUNDAS S,EH3 6QG,1874
325255.0396,674398.462099999,restaurant, ,Class 3,Class 3,Class 3,Class 3,19(GF) DUNDAS S,EH3 6QG,1875
325245.8086,674428.872400001,bookshop, ,Class 1,Class 1,Class 1,Class 1,23A DUNDAS STRE,EH3 6QQ,1876
325244.6293,674432.115499999,grocer, ,Class 1,Class 1, ,Class 2,23(C) DUNDAS ST,EH3 6QQ,1877
325243.45,674435.9483,paintings, ,Class 1,Class 1, ,Vacant,23(D) DUNDAS ST,EH3 6QQ,1878
325240.3983,674446.449999999,antiques, ,Class 1,Vacant, , , , ,1879
325234.4103,674473.9241,grocer, ,Class 1,Class 1, , , , ,1880
325233.5259,674476.872400001,micro-computers, ,Class 1,Class 1, , , , ,1881
325232.0517,674481.2948,bathroom shop, ,Class 1,Class 1,Class 4,Class 1,35 DUNDAS STREE,EH3 6QQ,1882
325231.1672,674484.832800001,vacant, ,Vacant,Class 1,Class 1,Class 1,35A DUNDAS STRE,EH3 6QQ,1883
325229.9879,674488.6655,joiner, ,Class 4,Class 4,UNKNOWN USE,UNKNOWN USE,37 DUNDAS STREE,EH3 6QQ,1884
325227.7052,674494.6414,grocer, ,Class 1,Class 1,Class 1,Class 1,39 DUNDAS STREE,EH3 6QQ,1885
325226.5259,674499.0638,fine art, ,Class 1,Class 1,Class 1,Class 1,41 DUNDAS STREE,EH3 6QQ,1886
325225.5017,674503.4103,antiques, ,Class 1,Class 1,Class 1,Class 1,43 DUNDAS STREE,EH3 6QQ,1887
325213.3862,674539.6293,grocer, ,Class 1,Class 1,Class 1,Class 1,45 DUNDAS STREE,EH3 6RS,1888
325212.2069,674543.756899999,jeweller, ,Class 1,Class 1,Class 1,Class 4,47 DUNDAS STREE,EH3 6RS,1889
325211.3224,674547.884500001,antiques, ,Class 1,Class 1,Class 1,Class 1,49 DUNDAS STREE,EH3 6RS,1890
325204.1551,674570.3586,antiques, ,Class 1,Class 1,Class 1,Class 1,65 DUNDAS STREE,EH3 6RS,1891
325202.9758,674573.6017,antiques, ,Class 1,Class 4,Class 4,Class 4,65B DUNDAS STRE,EH3 6RS,1892
325195.912,674598.550000001,brass ornaments, ,Class 1,Class 1,Class 1,Class 1,77 DUNDAS STREE,EH3 6RS,1893
325178.7381,674666.6931,vet, ,Class 2,Class 2,Class 2,Class 2,99 DUNDAS STREE,EH3 6SD,1894
325177.7992,674670.465700001,chemist, ,Class 1,Class 1,Class 1,Class 1,101 DUNDAS STRE,EH3 6SD,1895
325176.4996,674673.998,painter, ,Class 4,Class 1,Class 1,Vacant,103 DUNDAS STRE,EH3 6SD,1896
325236.858,674329.388499999,printshop, ,Class 4,Class 1,Class 1,Class 1,2 DUNDAS STREET,EH3 6HZ,1897
325227.0435,674362.159399999,paintings, ,Class 1,Class 1,Class 1,Class 1,4 DUNDAS STREET,EH3 6HZ,1898
325233.3972,674344.637599999,antiques & fine art, ,Class 1,Class 1,Class 1,Class 1,6 DUNDAS STREET,EH3 6HZ,1899
325220.8281,674383.637599999,antiques, ,Class 1,Class 1,Class 1,Class 1,18A DUNDAS STRE,EH3 6HZ,1900
325219.7073,674388.1208,antiques, ,Class 1,Class 1,Class 1,Class 1,20 DUNDAS STREE,EH3 6HZ,1901
325218.3624,674393.052200001,bookshop, ,Class 1,Class 1,Class 1,Class 1,20A DUNDAS STRE,EH3 6HZ,1902
325211.9489,674418.655099999,antiques, ,Class 1,Class 1,Class 1,Class 1,22A DUNDAS STRE,EH3 6JN,1903
325202.0348,674451.207900001,drawing materials, ,Class 1,Class 1,Class 1,Class 1,28A DUNDAS STRE,EH3 6JN,1904
325195.4218,674473.9958,womens clothing, ,Class 1,Class 1, , , , ,1905
325193.1654,674480.652799999,soliciters, ,Class 2,Class 2, ,Class 2,38-40 DUNDAS ST,EH3 6JN,1906
325192.1075,674484.3553,clock repairs, ,Class 4,Class 1,Class 1,Class 1,42 DUNDAS STREE,EH3 6JN,1907
325120.0489,674749.7763,menswear, ,Class 1,Class 1,Class 1,Class 1,122-124 DUNDAS,EH3 5DQ,1908
325118.6391,674754.945499999,grocer, ,Class 1,Vacant,Class 1,Class 1,126 DUNDAS STRE,EH3 5DQ,1909
325117.2293,674759.6447,hot food t/a, ,SUI GENERIS,Class 1,Class 1,Class 1,130 DUNDAS STRE,EH3 5DQ,1910
325116.0545,674765.048900001,gifts, ,Class 1,Vacant,Class 1,Class 1,132 DUNDAS STRE,EH3 5DQ,1911
325114.2293,674771.2951,bookshop, ,Class 1,Class 1,Class 1,Vacant,136 DUNDAS STRE,EH3 5DQ,1912
325112.8196,674775.759400001,hot food t/a, ,SUI GENERIS,SUI GENERIS,SUI GENERIS,SUI GENERIS,138 DUNDAS STRE,EH3 5DQ,1913
325111.6447,674780.2237,public house, ,SUI GENERIS,SUI GENERIS,SUI GENERIS,SUI GENERIS,142 DUNDAS STRE,EH3 5DQ,1914
325109.6391,674786.830800001,off-licence, ,Class 1,Class 1,Class 1,Vacant,144 DUNDAS STRE,EH3 5DQ,1915
325108.4643,674791.2951,hot food take-away, ,SUI GENERIS,Class 3,Class 3,Vacant,146 DUNDAS STRE,EH3 5DQ,1916
327034.6669,675325.952299999,woodworm & dry rot contractor, ,Class 4,SUI GENERIS,SUI GENERIS,SUI GENERIS,275 EASTER ROAD,EH6 8LQ,1917
327033.7146,675320.619200001,snack bar, ,Class 1,SUI GENERIS, , , , ,1918
327035.7146,675331.1908,t.v. aerial installer, ,Class 4,Class 1,Class 1,Class 1,281 EASTER ROAD,EH6 8LQ,1919
327037.81,675340.620100001,wine merchant, ,Class 1,Class 1,Class 1,Vacant,283-285 EASTER,EH6 8LQ,1920
327038.81,675346.905400001,plastic sheeting, ,Class 1,Class 1,Class 1,Class 1,289 EASTER ROAD,EH6 8LQ,1921
327040.8577,675370.856899999,public house, ,SUI GENERIS,SUI GENERIS,SUI GENERIS,SUI GENERIS,291-293 EASTER,EH6 8LH,1922
327042.4293,675376.619200001,t.v.s, ,Class 1,Class 10,Class 10,Class 10,297 EASTER ROAD,EH6 8LH,1923
327049.2862,675411.4285,licensed grocer, ,Class 1,Class 1,Class 1,Class 1,307 EASTER ROAD,EH6 8LH,1924
327088.7146,675521.7138,hairdresser, ,Class 1,Class 1,Class 2,Class 4,343 EASTER ROAD,EH6 8JG,1925
327091.3339,675528.523800001,public house, ,SUI GENERIS,SUI GENERIS,SUI GENERIS,Class 9, , ,1926
327200.2435,675696.983999999,n/t/c, ,Class 1,Class 1,Vacant,Class 9, , ,1927
327203.9642,675701.6105,vacant, ,Vacant,Class 1,Class 1,Class 1,387 EASTER ROAD,EH6 8HU,1928
326935.3034,674482.606899999,confectionery, ,Class 1,Class 1,Vacant,Class 1,4 EASTER ROAD,EH7 5RG,1929
326938.2118,674496.4256,supermarket,Gateway,Class 1,Class 1,Class 1,Class 1,8-10 EASTER ROA,EH7 5RG,1930
326940.0,674506.395,travel agent, ,Class 1,Class 1,Class 1,Class 1,12 EASTER ROAD,EH7 5RG,1931
326940.4847,674511.2424,butcher, ,Class 1,Vacant,Class 1,Vacant,14 EASTER ROAD,EH7 5RG,1932
326941.2118,674516.5744,licensed grocer, ,Class 1,Class 1,Vacant,Class 1,18-20 EASTER RO,EH7 5RG,1933
326942.1832,674523.9103,licensed grocer, ,Class 1,Class 1,Class 1,Class 1,22-24 EASTER RO,EH7 5RG,1934
326942.7576,674529.2118,hot food t/a, ,SUI GENERIS,SUI GENERIS,SUI GENERIS,SUI GENERIS,28 EASTER ROAD,EH7 5RG,1935
326943.4847,674533.3321,greengrocer, ,Class 1,Class 1,Class 1,Class 1,30 EASTER ROAD,EH7 5RG,1936
326944.0305,674539.606899999,ladies' clothing, ,Class 1,Class 1,Class 1,Class 2,32 EASTER ROAD,EH7 5RG,1937
326944.5153,674543.0,greeting cards, ,Class 1,Vacant,Class 1,Class 1,34 EASTER ROAD,EH7 5RG,1938
326945.2424,674546.150800001,vacant, ,Vacant,Class 3,Class 3,Class 3,38 EASTER ROAD,EH7 5RG,1939
326945.7271,674549.7863,vacant, ,Vacant,Vacant,Class 4,Class 1,40 EASTER ROAD,EH7 5RG,1940
326946.4256,674556.0,fishmonger, ,Class 1,Class 1,Class 1,Class 1,42 EASTER ROAD,EH7 5RG,1941
326946.6679,674559.393100001,n/t/c, ,Class 1,Class 1,Vacant,Class 2,46 EASTER ROAD,EH7 5RG,1942
326947.1527,674562.5439,hairdresser, ,Class 1,Class 1,Class 1,Vacant,48 EASTER ROAD,EH7 5RG,1943
326947.9408,674567.576300001,baker, ,Class 1,Vacant,Class 1,Class 1,50 EASTER ROAD,EH7 5RQ,1944
326948.1832,674571.2118,greengrocer, ,Class 1,Class 1,Class 1,Class 1,52 EASTER ROAD,EH7 5RQ,1945
326948.9103,674578.240499999,fancy goods, ,Class 1,Class 1, , , , ,1946
326949.4256,674586.4542,knitting wool, ,Class 1,Class 2,Class 2,Class 2,88 EASTER ROAD,EH7 5RQ,1947
325106.3496,674799.048900001,butcher, ,Class 1,Class 2,Class 2,Vacant,152 DUNDAS STRE,EH3 5DQ,1948
325104.8139,674803.885299999,hairdresser, ,Class 1,Class 1,Class 3,Class 3,154 DUNDAS STRE,EH3 5DQ,1949
325103.8741,674806.7049,card shop, ,Class 1,Class 1, , , , ,1950
325102.6993,674810.464299999,grocer, ,Class 1,Class 1, , , , ,1951
325101.7594,674813.5188,grocer, ,Class 1,Class 1,Class 1,Class 3,160 DUNDAS STRE,EH3 5DQ,1952
325092.9888,674836.0658,restored furniture, ,Class 1,Class 9, , , , ,1953
325090.8741,674843.819599999,sunbed & tanning centre, ,Class 11,Class 11,Class 11,Class 11,168 DUNDAS STRE,EH3 5DT,1954
324052.9071,672604.7214,grocer, ,Class 1,Class 1,Class 1,Class 1,117 DUNDEE STRE,EH11 1AX,1955
324048.3715,672602.453600001,hot food take-away, ,SUI GENERIS,SUI GENERIS,SUI GENERIS,SUI GENERIS,119 DUNDEE STRE,EH11 1AX,1956
324019.6823,672587.114399999,public house, ,SUI GENERIS,SUI GENERIS,SUI GENERIS,SUI GENERIS,131 DUNDEE STRE,EH11 1AX,1957
323974.4428,672567.1642,bank,T.S.B.,Class 2,Class 2,Class 2,Class 2,139 DUNDEE STRE,EH11 1BP,1958
323970.8143,672565.3499,betting shop, ,Class 2,Class 1,Class 1,Class 1,143 DUNDEE STRE,EH11 1BP,1959
323963.5572,672562.175000001,cafe, ,Class 3,SUI GENERIS, , , , ,1960
323956.3001,672559.0,butcher, ,Class 1,SUI GENERIS, , , , ,1961
323952.0929,672557.175000001,hairdresser,Muriel's,Class 1,Vacant,Class 1,Vacant,151 DUNDEE STRE,EH11 1BP,1962
323948.0108,672554.907099999,grocer, ,Class 1,Class 1,Class 1,Vacant,153 DUNDEE STRE,EH11 1BP,1963
323926.0,672544.546399999,vacant, ,Vacant,Vacant,Vacant,Class 1,155 DUNDEE STRE,EH11 1BP,1964
323926,672545,electrical goods, ,Class 1,Class 1,Class 1,Class 1,157 DUNDEE STRE,EH11 1BY,1965
323920.3715,672541.978499999,hot food t/a, ,SUI GENERIS,Class 11,SUI GENERIS,SUI GENERIS,159 DUNDEE STRE,EH11 1BY,1966
323912.5572,672538.2678,fishmonger, ,Class 1,Vacant,Class 2,Class 4,165 DUNDEE STRE,EH11 1BY,1967
323902.1251,672533.2786,central heating showroom, ,Class 1,Class 1, , , , ,1968
323896.6393,672530.6285,greengrocer, ,Class 1,Class 1,Class 1,Class 1,175 DUNDEE STRE,EH11 1BY,1969
324869.0033,672996.003799999,chemist,Boots,Class 1,Class 1, ,Class 1,12-14 EARL GREY,EH3 9BN,1970
324864.7513,673001.7565,drapery fancy goods, ,Class 1,Class 1,Class 1,Class 1,16-20 EARL GREY,EH3 9BN,1971
324844.2587,673031.2487,carpets,General George,Class 1,Class 1, ,Class 1,32 EARL GREY ST,EH3 9BN,1972
324841.0071,673035.500700001,gents & ladies clothing, ,Class 1,Class 1,Vacant,Class 1,36 EARL GREY ST,EH3 9BN,1973
324833.2458,673047.0143,sports equipt., ,Class 1,Class 1,Vacant,Class 1,44 EARL GREY ST,EH3 9BN,1974
324825.7508,673054.999500001,building society, ,Class 2,Class 2,Vacant,Class 3,48 EARL GREY ST,EH3 9BN,1975
327177.1503,674438.6535,off license, ,Class 1,Class 1,Class 1,Class 1,3 EARLSTON PLAC,EH7 5SU,1976
327181.7451,674437.784299999,hairdresser, ,Class 1,Class 2, , , , ,1977
327186.4641,674436.914999999,bathroom furniture, ,Class 1,Class 4,Class 11,Class 1,5 EARLSTON PLAC,EH7 5SU,1978
327195.0,674435.405200001,n/t/c, ,Class 1,Vacant,Class 1,Vacant,6 EARLSTON PLAC,EH7 5SU,1979
327200.7125,674434.5359,hot food t/a, ,SUI GENERIS,SUI GENERIS,SUI GENERIS,SUI GENERIS,8 EARLSTON PLAC,EH7 5SU,1980
327230.6274,674427.914999999,bank, ,Class 2,Class 4,Class 1,Class 1,12 EARLSTON PLA,EH7 5SU,1981
325808.3418,675317.684599999,diy, ,Class 1,Vacant,Class 1,Class 1,131 EAST CLAREM,EH7 4JA,1982
325813.0784,675328.341800001,public house, ,SUI GENERIS,SUI GENERIS,SUI GENERIS,SUI GENERIS,133-135 EAST CL,EH7 4JA,1983
325691.6616,674965.3354,licensed grocer, ,Class 1,Class 1,Class 1,Class 1,34 EAST CLAREMO,EH7 4JR,1984
325693.3663,674970.290999999,office, ,Class 4,Class 2,Class 1,Class 2,36 EAST CLAREMO,EH7 4JR,1985
325694.953,674975.1403,vacant, ,Vacant,Class 4,Class 4,Class 4,38 EAST CLAREMO,EH7 4JR,1986
326222.2923,672932.707699999,ladies clothes, ,Class 1,Class 1,Class 1,Class 1,31 CROSSCAUSEWA,EH8 9HE,1987
326236.2464,672932.292300001,baker, ,Class 1,Vacant, , , , ,1988
326268.1859,672937.215,vacant, ,Vacant,Class 9, , , , ,1989
326280.4614,672937.507300001,vacant, ,Vacant,Class 4,Class 4,Class 4,53 CROSSCAUSEWA,EH8 9HG,1990
326219.8309,672954.661800001,knitting wool, ,Class 1,Class 2, ,Class 2,54-56 CROSSCAUS,EH8 9HD,1991
326233.4927,672955.9541,cafe/restaurant, ,Class 3,Class 2, , , , ,1992
326245.5386,672957.077299999,n/t/c, ,Class 1,Class 9, , , , ,1993
326270.0459,672956.601299999,public house, ,SUI GENERIS,SUI GENERIS,SUI GENERIS,SUI GENERIS,74 CROSSCAUSEWA,EH8 9HQ,1994
326276.8309,672956.661800001,brass goods, ,Class 1,Vacant,Vacant,Vacant, , ,1995
326281.7996,672957.246400001,vacant, ,Vacant, , , , , ,1996
326287.6451,672958.123199999,grocer, ,Class 1,Class 1,Vacant,Class 4,84 CROSSCAUSEWA,EH8 9HQ,1997
324998.6941,673164.347100001,clothing, ,Class 1,Class 1,Class 1,Class 1,1 EAST FOUNTAIN,EH3 9BH,1998
325006.2059,673169.170600001,snack bar, ,Class 1,Class 1,Class 1,Class 1,3 EAST FOUNTAIN,EH3 9BH,1999
325002.5882,673166.7588,wholefoods, ,Class 1,Vacant,Class 1,Class 3,5 EAST FOUNTAIN,EH3 9BH,2000
325009.6117,673170.958799999,second hand clothes, ,Class 1,Class 1,Class 2,Vacant,9 EAST FOUNTAIN,EH3 9BH,2001
324994.7588,673162.135299999,massage parlour / beauty salon, ,Class 11,Class 1,Class 2,Vacant,11 EAST FOUNTAI,EH3 9BH,2002
324860.5017,673103.749399999,hairdresser, ,Class 1,Class 1,Class 1,Class 1,48 EAST FOUNTAI,EH3 9BH,2003
324855.7199,673100.483100001,restaurant, ,Class 3,Class 3,Class 3,Class 3,50 EAST FOUNTAI,EH3 9BH,2004
325782.3507,674665.5449,launderette, ,Class 1,Class 1, ,Class 3,7-11 LONDON STR,EH7 4BN,2005
325791.7797,674669.8695,vacant, ,Vacant,Class 10,Class 10,Class 10, , ,2006
325796.0,674671.168099999,confectioner / tobacconist, ,Class 1,Class 1,Class 1, , , ,2007
325799.8956,674672.466600001,trade, ,Class 4,Vacant,Class 2,Class 2,17-19 LONDON ST,EH7 4BN,2008
326012.163,674738.321900001,greengrocer (farm produce),Farmer Jack's,Class 1,Class 1, , , , ,2009
327020.9163,674434.5363,solicitor & estate agent, ,Class 2,Vacant, , , , ,2010
327013.5818,674436.117699999,hot food take-away, ,SUI GENERIS,SUI GENERIS,SUI GENERIS,SUI GENERIS,"7 NORTON PLACE,",EH7 5DR,2011
327010.1046,674436.8628,travel agent, ,Class 1,Vacant,Vacant,Class 1,"8 NORTON PLACE,",EH7 5DR,2012
327006.7516,674437.4837,sun beds, ,Class 1,Vacant,Class 1,Class 1,"9 NORTON PLACE,",EH7 5DR,2013
326999.9674,674439.104599999,cafe, ,Class 3,Class 3,Class 1,Class 1,11 NORTON PLACE,EH7 5DR,2014
326993.8823,674440.3465,art materials, ,Class 1,Class 4,Class 4,Class 2,13 NORTON PLACE,EH7 5DR,2015
326987.0328,674441.9739,post office, ,Class 1,Class 1,Class 1,Class 1,14-15 NORTON PL,EH7 5DR,2016
326981.5687,674442.8432,dry cleaner, ,Class 1,Class 1,Vacant,Class 1,17 NORTON PLACE,EH7 5DR,2017
326975.4837,674444.085000001,driving school, ,Class 4,Class 2, , , , ,2018
326963.1177,674446.405200001,building society, ,Class 2,Class 2, , , , ,2019
326953.7582,674447.457599999,office, ,Class 4,Class 1,Vacant,Vacant,25 NORTON PLACE,EH7 5DR,2020
326943.8234,674448.451099999,charity shop, ,Class 1,Class 4,Class 2,Class 2,27 NORTON PLACE,EH7 5DR,2021
326930.2679,674449.8236,confectionery,Casey's,Class 1,Class 1,Class 1,Class 2,28 NORTON PLACE,EH7 5DR,2022
326452,672407,café, ,Class 3,Class 3,Class 3,Class 3,1 EAST PRESTON,EH8 9QQ,2023
326606.2464,672469.9541,hairdresser, ,Class 1,Class 9, , , , ,2024
326610.309,672470.7996,hairdresser, ,Class 1,Class 9, , , , ,2025
325364.1053,676713.5579,diet centre, ,Class 1,Class 4,Vacant,Class 9, , ,2026
325359.8526,676712.8421,office & window cleaning servs, ,Class 4,Class 4,Class 4,Class 4,3A EAST TRINITY,EH5 3DZ,2027
325354.7579,676712.378900001,insurance services, ,Class 4,Class 1,Class 4,Class 1,3B EAST TRINITY,EH5 3DZ,2028
325301.2843,676721.6316,tar & paving contractors, ,Class 4,Class 4,Class 4,Class 4,10-14 EAST TRIN,EH5 3DY,2029
325291.0948,676717.463199999,licensed grocer, ,Class 1,Class 1,Class 1,Class 1,16-20 EAST TRIN,EH5 3DY,2030
325210.6842,676662.5474,"carpets, blinds, curtains", ,Class 1,Vacant,Class 1,Class 1,44A EAST TRINIT,EH5 3DJ,2031
322483.5121,675437.526799999,greengrocer, ,Class 1,Vacant,Vacant,Class 1,18 EASTER DRYLA,EH4 2QN,2032
322481.496,675444.4153,baker, ,Class 1,Class 4,Class 4,Class 9, , ,2033
322479.8158,675450.4637,n/t/c, ,Class 1,Class 1,Vacant,Class 4,24 EASTER DRYLA,EH4 2QN,2034
322478.4718,675456.3441,fishmonger, ,Class 1,Class 1,Class 1,Class 1,26 EASTER DRYLA,EH4 2QN,2035
322476.7916,675462.5605,grocer (lic), ,Class 1,Vacant,Vacant,Class 9, , ,2036
322475.1115,675468.4409,butcher, ,Class 1,Class 1, , , , ,2037
322439.7897,675595.0,vacant, ,Vacant,Class 1, ,Class 4,24-26 EASTER DR,EH4 2QF,2038
322423.3306,675582.9323,launderette, ,Class 1,Vacant, , , , ,2039
326920.8492,674532.120200001,butcher, ,Class 1,Class 1,Class 1,Class 1,1B EASTER ROAD,EH7 5PH,2040
326921.5763,674538.906500001,vacant, ,Vacant,Class 1,Class 1,Class 1,1C-3 EASTER ROA,EH7 5PH,2041
326922.9695,674547.7576,baker, ,Class 1,Class 1,Vacant,Vacant, , ,2042
326923.2118,674552.8473,vacant, ,Vacant,Class 1,Class 1,Class 1,7 EASTER ROAD,EH7 5PH,2043
326926.7252,674587.274800001,bank, ,Class 2,Class 2,Class 2,Class 2,11-15 EASTER RO,EH7 5PJ,2044
326930.0,674599.4561,videotape hire, ,Class 1,Class 1,Class 1,Class 1,17 EASTER ROAD,EH7 5PJ,2045
326930.4847,674603.334000001,licensed grocer, ,Class 1,Class 1,Class 1,Class 1,19 EASTER ROAD,EH7 5PJ,2046
326930.7271,674607.2118,bric-a-brac, ,Class 1,Class 1,Class 1,Class 1,23 EASTER ROAD,EH7 5PJ,2047
326931.4542,674611.0897,ladies' clothing, ,Class 1,Class 1,Class 1,Class 1,25 EASTER ROAD,EH7 5PJ,2048
326931.9389,674617.091600001,general clothing, ,Class 1,Class 1,Class 1,Vacant,27-29 EASTER RO,EH7 5PJ,2049
326932.666,674621.2118,domestic appliance repairs, ,Class 1,Class 1,Vacant,Class 1,33 EASTER ROAD,EH7 5PJ,2050
326933.1508,674626.3015,gents clothing, ,Class 1,Class 1,Class 1,Class 1,35(1)-37 EASTER,EH7 5PJ,2051
326934.1508,674635.9408,sports clothing, ,Class 1,Class 1,Class 1,Class 2,39 EASTER ROAD,EH7 5PL,2052
326935.1202,674642.2424,solicitors & estate agents, ,Class 2,Class 2,Class 2,Class 2,43-45 EASTER RO,EH7 5PL,2053
326935.9695,674651.4256,dental surgery, ,Class 2,Class 2,Class 2,Class 2, , ,2054
326936.4542,674655.303400001,hairdresser, ,Class 1,Class 1,Class 1,Class 1,49 EASTER ROAD,EH7 5PL,2055
326936.9389,674659.181299999,hardware, ,Class 1,Class 1,Class 1,Class 1,53 EASTER ROAD,EH7 5PL,2056
326937.4237,674663.3015,butcher, ,Class 1,Class 1,Class 2,Class 2,55 EASTER ROAD,EH7 5PL,2057
326938.8168,674670.091600001,vacant, ,Vacant,Class 4,Class 1,Class 1,57 EASTER ROAD,EH7 5PL,2058
326939.5439,674674.696599999,grocer, ,Class 1,Class 1,Class 1,Class 1,59 EASTER ROAD,EH7 5PL,2059
326940.271,674682.937000001,bank, ,Class 2,Vacant,Class 2,Class 2,63-65 EASTER RO,EH7 5PL,2060
326943.9981,674703.9103,public house, ,SUI GENERIS,SUI GENERIS,SUI GENERIS,SUI GENERIS,69 EASTER ROAD,EH7 5PW,2061
326944.7252,674708.2729,greengrocer, ,Class 1,Class 2,Class 2,Class 1,73 EASTER ROAD,EH7 5PW,2062
326945.4523,674712.877900001,books, ,Class 1,Class 1,Vacant,Class 1,75 EASTER ROAD,EH7 5PW,2063
326945.937,674717.240499999,charity shop, ,Class 1,Class 1,Class 1,Class 1,77-79 EASTER RO,EH7 5PW,2064
326946.8779,674723.091600001,n/t/c, ,Class 1,Class 1,Vacant,Vacant,81 EASTER ROAD,EH7 5PW,2065
326947.605,674728.181299999,launderette, ,Class 1,Class 1,Class 1,Class 1,85 EASTER ROAD,EH7 5PW,2066
326948.3321,674733.7557,optician, ,Class 1,SUI GENERIS,SUI GENERIS,SUI GENERIS,87 EASTER ROAD,EH7 5PW,2067
326949.2424,674740.9408,vacant, ,Vacant,Class 1,Vacant,Vacant,89 EASTER ROAD,EH7 5PW,2068
326949.7271,674744.818700001,vacant, ,Vacant,Class 1,Class 1,Class 1,91 EASTER ROAD,EH7 5PW,2069
326950.2118,674748.938899999,licensed grocer, ,Class 1,Class 1,Class 1,Class 1,95 EASTER ROAD,EH7 5PW,2070
326950.9389,674752.8168,stationery, ,Class 1,Vacant,Class 4,Class 2,97 EASTER ROAD,EH7 5PW,2071
326951.9084,674758.334000001,travel agent, ,Class 1,Class 2,Class 1,Class 1,99 EASTER ROAD,EH7 5PP,2072
326952.6355,674762.938899999,grocer, ,Class 1,Class 1,SUI GENERIS,Vacant,101 EASTER ROAD,EH7 5PP,2073
326953.1202,674767.5439,betting shop, ,Class 2,Class 2,Vacant,Class 2,105-107 EASTER,EH7 5PP,2074
326958.605,674803.271,hot food t/a, ,SUI GENERIS,SUI GENERIS,SUI GENERIS,SUI GENERIS,127 EASTER ROAD,EH7 5PP,2075
326961.4237,674824.0305,2nd hand clothing, ,Class 1,Vacant, , , , ,2076
326967.9389,674870.818700001,restaurant, ,Class 3,Class 3,Class 3,Class 3,139 EASTER ROAD,EH7 5QA,2077
326977,674981,off license, ,Class 1,Class 1,Class 1,Class 1,169 EASTER ROAD,EH7 5QB,2078
326985.063,675013.5669,vacant, ,Vacant,Vacant, , , , ,2079
326989.2599,675051.370100001,unknown use, ,UNKNOWN USE,UNKNOWN USE,Vacant,Vacant,177-185 EASTER,EH6 8LF,2080
326991.8032,675067.370100001,furniture, ,Class 1,Class 1,Class 1,Class 1,187-193 EASTER,EH6 8LF,2081
326993.5197,675080.110200001,n/t/c, ,Class 1,Vacant,Vacant,Vacant,197-199 EASTER,EH6 8LF,2082
326994.6063,675087.716499999,public house, ,SUI GENERIS,SUI GENERIS,SUI GENERIS,SUI GENERIS,203 EASTER ROAD,EH6 8LF,2083
326950.6374,674594.452299999,freezer centre,Capital,Class 1,Vacant, , , , ,2084
326951.8492,674602.9351,chemist, ,Class 1,Class 1,Vacant, , , ,2085
326954.5782,674621.818700001,solicitor & estate agent, ,Class 2,Class 2, , , , ,2086
326955.7901,674628.605,butcher, ,Class 1,Class 2, , , , ,2087
326956.3645,674634.061100001,baker, ,Class 1,Class 1,Class 1,Class 1,106 EASTER ROAD,EH7 5RH,2088
326957.0916,674639.877900001,cafe, ,Class 3,Class 3,Class 11,Class 11,110-112 EASTER,EH7 5RH,2089
326958.7595,674653.271,supermarket,Scotmid,Class 1,Class 1,Class 1,Class 1,114-118 EASTER,EH7 5RH,2090
326964.0324,674680.5458,hot food t/a, ,SUI GENERIS,SUI GENERIS, , , , ,2091
326965.2443,674688.7863,restaurant, ,Class 3,Class 3, , , , ,2092
326966.5153,674699.181299999,jeweller, ,Class 1,Class 1,Class 1,Class 1,134 EASTER ROAD,EH7 5RJ,2093
326967.0,674703.0592,driving school, ,Class 4,Class 1,Class 1,Vacant,136 EASTER ROAD,EH7 5RJ,2094
326967.8492,674708.1832,butcher, ,Class 1,Class 1,Class 1,Class 2,138-140(GF) EAS,EH7 5RJ,2095
326968.334,674712.061100001,hairdresser, ,Class 1,Class 1,Class 1, ,144 EASTER ROAD,EH7 5RJ,2096
326968.8187,674715.4542,hot food t/a, ,SUI GENERIS,SUI GENERIS,SUI GENERIS, ,146 EASTER ROAD,EH7 5RJ,2097
326970.0,674724.5458,furniture (antique & reproduction), ,Class 1,Class 1,Class 1,Class 1,148 EASTER ROAD,EH7 5RL,2098
326970.4847,674728.665999999,t.v. sales, ,Class 1,Vacant,Class 1,Class 1,150 EASTER ROAD,EH7 5RL,2099
326971.2118,674732.7863,public house, ,SUI GENERIS,SUI GENERIS, , , , ,2100
326972.6374,674745.5744,chemist, ,Class 1,Class 1,Class 1,Vacant,162 EASTER ROAD,EH7 5RL,2101
326991.334,674851.547700001,printer, ,Class 4,Class 1,Vacant,Vacant, , ,2102
326991.8187,674856.1527,pensions, ,Class 4,Class 1,Vacant,Class 1,178 EASTER ROAD,EH7 5QQ,2103
326992.5458,674860.2729,vacant, ,Vacant,Vacant,Vacant,Vacant,178A EASTER ROA,EH7 5QQ,2104
326993.0305,674864.393100001,vacant, ,Vacant,Vacant,Class 1,Class 2,180 EASTER ROAD,EH7 5QQ,2105
326994.0,674868.9981,vacant, ,Vacant,Vacant,Class 1,Class 1,184 EASTER ROAD,EH7 5QQ,2106
327001.7637,674928.110200001,poulterer, ,Class 1,Class 1,Class 1,Class 1,190 EASTER ROAD,EH7 5QH,2107
327002.307,674933.0,confectionery, ,Class 1,Vacant, , , , ,2108
326149.0901,676367.3643,vacant, ,Vacant,Vacant,Vacant,SUI GENERIS,124 FERRY ROAD,EH6 4PG,2109
326146.2623,676366.911800001,vacant, ,Vacant,SUI GENERIS,SUI GENERIS, , , ,2110
326136.6702,676365.1099,n/t/c, ,Class 1,Class 1, ,Class 1,124A FERRY ROAD,EH6 4PG,2111
326130.3131,676363.642899999,insurance services, ,Class 4,Vacant,Class 1,Class 1,130 FERRY ROAD,EH6 4PG,2112
326124.445,676362.664899999,grocer, ,Class 1,Class 1,Class 1,Class 1,132 FERRY ROAD,EH6 4PG,2113
326103.967,676356.609999999,"plumber, bathroom fittings", ,Class 4,Vacant,SUI GENERIS,SUI GENERIS,134 FERRY ROAD,EH6 4PQ,2114
326099.7968,676355.3902,grocer, ,Class 1,Class 1,Class 1,Class 1,136 FERRY ROAD,EH6 4PQ,2115
326095.5167,676354.4122,hairdresser, ,Class 1,Class 1,Vacant,Class 2,140 FERRY ROAD,EH6 4PQ,2116
326091.2969,676353.3737,electrical goods, ,Class 1,Class 1,Class 1,Class 1,142 FERRY ROAD,EH6 4PQ,2117
326087.4454,676352.4066,vacant, ,Vacant,Class 1,Class 4,Class 4,142A FERRY ROAD,EH6 4NX,2118
326065.8241,676347.5989,fishmonger, ,Class 1,Class 4,Class 2,Vacant,144 FERRY ROAD,EH6 4NX,2119
326060.445,676345.642899999,upholstery workshop, ,Class 4,Class 4,Class 4,Class 4,144A FERRY ROAD,EH6 4NX,2120
326053.1099,676343.686899999,car panels & components, ,Class 1,Vacant, , , , ,2121
326012.4943,676336.044,baker, ,Class 1,Class 1,Class 1,Class 4,152 FERRY ROAD,EH6 4NX,2122
326004.6702,676334.577,vacant, ,Vacant,Class 1,Class 4,Class 4,154 FERRY ROAD,EH6 4NX,2123
327003.8504,674941.110200001,dry cleaner, ,Class 1,Vacant,Vacant,Vacant,196 EASTER ROAD,EH7 5QH,2124
327004.937,674948.1732,vacant, ,Vacant,Class 9, , , , ,2125
327008.8504,674973.6535,hairdresser, ,Class 1,Vacant, , , , ,2126
327009.937,674979.629899999,betting shop, ,Class 2,Vacant,Class 2,Class 2,212 EASTER ROAD,EH7 5QH,2127
327010.4803,674985.062999999,public house, ,SUI GENERIS,SUI GENERIS,SUI GENERIS,SUI GENERIS,216-218 EASTER,EH7 5QH,2128
327014.1968,675012.283500001,agent for admiralty charts, ,Class 4,Class 4,Class 4,Class 4,220 EASTER ROAD,EH6 8LE,2129
327014.7401,675019.3465,slater & roofing contractor, ,Class 4,Class 4,Class 4,Vacant,222 EASTER ROAD,EH6 8LE,2130
327019.4567,675053.1732,d.i.y.,B & Q,Class 1,Class 1,Class 1,Class 1,234-246 EASTER,EH6 8LE,2131
327046.6184,675231.4285,public house, ,SUI GENERIS,SUI GENERIS,SUI GENERIS,SUI GENERIS,280 EASTER ROAD,EH6 8JU,2132
327064.2748,675331.237,hairdresser, ,Class 1,Class 11, , , , ,2133
327065.5549,675339.1537,unknown use, ,Class 4,Class 11, , , , ,2134
327066.1364,675342.820599999,betting shop, ,Class 2,Class 2,Class 2,Class 2,326 EASTER ROAD,EH6 8JT,2135
327201.6184,675645.713,public house, ,SUI GENERIS,SUI GENERIS, , , , ,2136
332631.2006,673159.157,n/t/c, ,Class 1,Class 4,Vacant,Vacant,49 EASTFIELD,EH15 2PN,2137
332628.2674,673162.0901,vacant, ,Vacant,Class 4,Class 1,Class 4,48 EASTFIELD,EH15 2PN,2138
311668,677873,grocer, ,Class 1, , , , , ,2139
326993.8473,674654.3015,plasterer & builder, ,Class 4,Class 4,Class 1,Class 1,12 EDINA PLACE,EH7 5RP,2140
326934.6966,674683.906500001,hairdresser, ,Class 1,Vacant, , , , ,2141
326891.6374,674711.6985,plumber, ,Class 4,Vacant,Vacant,Vacant,10 EDINA STREET,EH7 5PN,2142
314889.9348,673656.934800001,bank,Clydesdale Bank,Class 2,Class 2, , , , ,2143
313226.1058,678299.327199999,public house,Anchor Inn,SUI GENERIS,SUI GENERIS, , , , ,2144
313233.9422,678299.692500001,upholsterers,CJW Upholstery,Class 4,SUI GENERIS, , , , ,2145
327476,676375,box forme setters, ,Class 4,Class 4,Class 4,Vacant,47 ELBE STREET,EH6 7HP,2146
327483,676388,grocer, ,Class 1,Vacant,Vacant,Vacant,59 ELBE STREET,EH6 7HP,2147
327460.3498,676304.965500001,window display equipt., ,Class 2,Class 9, , , , ,2148
325750.6751,674276.5514,optician,J.G.S. Brown,Class 1,Class 1,Class 1,Class 1,30(GF) ELDER ST,EH1 3DX,2149
325749.1165,674281.871099999,hot food take-away, ,SUI GENERIS,SUI GENERIS,Class 3,Class 3,34 ELDER STREET,EH1 3DX,2150
326890.1221,674688.5134,shoe repairs, ,Class 1,Class 1,Class 1,Class 1,11 ELGIN TERRAC,EH7 5NN,2151
326906.5458,674809.635500001,french polisher, ,Class 4,Class 9, , , , ,2152
326891.8779,674716.335899999,home brew shop, ,Class 1,Class 1,Class 1,Class 1,14 ELGIN TERRAC,EH7 5NW,2153
326181.1427,674528.8181,licensed grocer, ,Class 1,Class 1,Class 1,Class 1,1 ELM ROW,EH7 4AA,2154
326181.9216,674536.6623,baker, ,Class 1,Class 1,Class 1,Class 3,3 ELM ROW,EH7 4AA,2155
326183.9477,674540.5458,travel agent, ,Class 1,Class 1,Class 1,Class 1,3A ELM ROW,EH7 4AA,2156
326187.9216,674547.3638,betting shop, ,Class 2,Class 2,Class 2,Class 2,4 ELM ROW,EH7 4AA,2157
326191.7658,674554.052300001,"records, cassette tapes", ,Class 1,Class 1,Class 1,Class 1,5 ELM ROW,EH7 4AA,2158
326196.1939,674561.3497,public house, ,SUI GENERIS,SUI GENERIS,SUI GENERIS,SUI GENERIS,7-8 ELM ROW,EH7 4AA,2159
326201.6362,674570.0,restaurant, ,Class 3,Class 3,Class 3,Class 3,9 ELM ROW,EH7 4AA,2160
326205.0131,674576.247300001,chemist, ,Class 1,Class 1,Class 1,Class 1,11 ELM ROW,EH7 4AA,2161
326208.61,674583.8573,dry cleaner, ,Class 1,Class 1,Class 1,Class 1,12 ELM ROW,EH7 4AA,2162
326211.9477,674589.6885,outdoor equipment & clothing,Blacks,Class 1,Class 1,Class 1,Class 1,14 ELM ROW,EH7 4AA,2163
326213.7527,674593.272299999,off license, ,Class 1,Class 1,Class 1,Vacant,15 ELM ROW,EH7 4AA,2164
326216.6242,674597.8203,hot food t/a, ,SUI GENERIS,SUI GENERIS,SUI GENERIS,SUI GENERIS,16 ELM ROW,EH7 4AA,2165
326219.1569,674602.2103,restaurant, ,Class 3,Class 3,Class 3,Class 2,18 ELM ROW,EH7 4AA,2166
326224.0904,674611.6623,grocer,Valvona & Crolla,Class 1,Class 1,Class 1,Class 1,19 ELM ROW,EH7 4AA,2167
326228.7919,674620.7015,post office, ,Class 1,Class 1,Class 1,Class 1,20 ELM ROW,EH7 4AA,2168
326230.9869,674625.091499999,baker, ,Class 1,Class 1,Class 1,Class 1,21 ELM ROW,EH7 4AA,2169
326235.7919,674631.909600001,public house, ,SUI GENERIS,SUI GENERIS,SUI GENERIS,SUI GENERIS,23 ELM ROW,EH7 4AA,2170
326105.3518,676329.1372,public house, ,SUI GENERIS,SUI GENERIS,SUI GENERIS,SUI GENERIS,145 FERRY ROAD,EH6 4ET,2171
326078.3791,676322.824100001,vacant, ,Vacant,Class 2,Class 2,Class 2,147 FERRY ROAD,EH6 4NJ,2172
322425.0829,675632.5713,supermarket,Spar,Class 1,Class 1,Class 1,Class 1,645 FERRY ROAD,EH4 2TX,2173
322405.361,675626.0374,frozen food,Fine Freeze,Class 1,Class 1,Class 1,Class 1,647 FERRY ROAD,EH4 2TX,2174
322395.1203,675623.0,greengrocer, ,Class 1,Class 1,Class 1,Class 1,649 FERRY ROAD,EH4 2TX,2175
322389.4135,675621.879699999,doctor, ,Class 2,Class 2,Class 2,Class 2, , ,2176
322385.0,675621.4661,hairdresser, ,Class 1,Class 1,Class 1,Class 1,653 FERRY ROAD,EH4 2TX,2177
322379.7068,675620.879699999,wholesale baker, ,Class 2,Class 1,Class 1,Class 1,655 FERRY ROAD,EH4 2TX,2178
322372.4135,675619.864499999,grocer (lic), ,Class 1,Class 1,Class 1,Class 1,657-659 FERRY R,EH4 2TX,2179
322364.4135,675618.172900001,citizens advice bureau, ,Class 2,Class 2,Class 2,Class 2,661 FERRY ROAD,EH4 2TX,2180
326245.2331,674669.609999999,n/t/c,John Menzies,Class 1,Class 1,Class 1,Class 1,25-26 ELM ROW,EH7 4AH,2181
326247.9346,674673.4935,ladies' clothing, ,Class 1,Class 1,Class 1,Class 1,27 ELM ROW,EH7 4AH,2182
326250.9739,674677.5458,baker, ,Class 1,Class 1,Class 4,Class 1,28 ELM ROW,EH7 4AH,2183
326254.0131,674681.597999999,florist, ,Class 1,Class 1,Class 1,Class 1,29 ELM ROW,EH7 4AH,2184
326258.0904,674687.246200001,restaurant, ,Class 3,Class 1,SUI GENERIS,SUI GENERIS,30 ELM ROW,EH7 4AH,2185
326260.6231,674690.6231,butcher, ,Class 1,Vacant,Vacant,Class 1,31 ELM ROW,EH7 4AH,2186
326263.3246,674694.1688,vacant, ,Vacant,Class 1,SUI GENERIS,SUI GENERIS,33 ELM ROW,EH7 4AH,2187
326266.195,674697.883400001,fishmonger, ,Class 1,Class 11,Class 1,Class 1,34 ELM ROW,EH7 4AH,2188
326270.1166,674702.778899999,domestic appliances, ,Class 1,Class 1,Class 1,Class 1,35 ELM ROW,EH7 4AH,2189
326273.1558,674706.4935,"stamps, coins, postcards", ,Class 1,Class 1,Class 1,Class 1,36 ELM ROW,EH7 4AH,2190
326276.195,674710.714600001,restaurant, ,Class 3,Class 3,Class 3,Class 3,38-39 ELM ROW,EH7 4AH,2191
326292.6754,674732.0131,public house, ,SUI GENERIS,SUI GENERIS,SUI GENERIS,SUI GENERIS,45 ELM ROW,EH7 4AH,2192
326297.2593,674738.3508,grocer, ,Class 1,Class 1,Class 1,Vacant,47 ELM ROW,EH7 4AH,2193
326299.9608,674741.896500001,vacant, ,Vacant,Class 1,Class 1,Class 1,48 ELM ROW,EH7 4AH,2194
326307.2854,674751.6492,gents' clothimg,Thompson's Modernwear,Class 1,Class 1, , , , ,2195
326309.4804,674754.6885,general clothing, ,Class 1,Class 1,Class 1,Class 1,51 ELM ROW,EH7 4AH,2196
326311.5065,674757.558800001,gents' clothimg,Thompson's Modernwear,Class 1,Class 1,Class 1,Class 1,53 ELM ROW,EH7 4AH,2197
326314.7396,674761.609999999,launderette, ,Class 1,Class 1,Class 1,Class 1,54 ELM ROW,EH7 4AQ,2198
326317.1035,674764.4804,fishmonger, ,Class 1,Class 1,Class 1,Class 1,55 ELM ROW,EH7 4AQ,2199
326319.805,674767.8573,hot food t/a, ,SUI GENERIS,Class 1,SUI GENERIS,SUI GENERIS,57 ELM ROW,EH7 4AQ,2200
326322.0,674770.896500001,greengrocer, ,Class 1,Class 1,Class 1,Class 1,58 ELM ROW,EH7 4AQ,2201
326325.415,674775.1296,vacant, ,Vacant,Class 1,Vacant,Vacant,59 ELM ROW,EH7 4AQ,2202
326328.2854,674778.8442,vacant, ,Vacant,Class 1,Class 1,Class 1,60 ELM ROW,EH7 4AQ,2203
326330.3115,674781.5458,hot food t/a, ,SUI GENERIS,SUI GENERIS,SUI GENERIS,Class 3,62 ELM ROW,EH7 4AQ,2204
326332.3377,674784.416099999,vacant, ,Vacant,Vacant,Class 1,Class 4,63 ELM ROW,EH7 4AQ,2205
326335.4281,674787.805,hairdresser, ,Class 1,Class 1,Class 1,Class 1,64 ELM ROW,EH7 4AQ,2206
326338.6362,674792.0261,licensed grocer, ,Class 1,Class 1,Vacant,Class 1,65 ELM ROW,EH7 4AQ,2207
326342.0131,674795.909600001,"models, toys, hobbies",Harburn Hobbies,Class 1,Class 1,Class 1,Class 1,67 ELM ROW,EH7 4AQ,2208
326344.7658,674800.3115,2nd hand furniture, ,Class 1,Class 1,Class 1,Class 1,68 ELM ROW,EH7 4AQ,2209
326347.9739,674804.7015,betting shop,Arthur Prince,Class 2,Class 2,Class 2,Class 2,69 ELM ROW,EH7 4AQ,2210
326350.6754,674808.585000001,public house, ,SUI GENERIS,SUI GENERIS,SUI GENERIS,SUI GENERIS,71 ELM ROW,EH7 4AQ,2211
326353.5969,674813.0,sports clothing & equipment, ,Class 1,Class 1,Class 1,Class 1,72 ELM ROW,EH7 4AQ,2212
326356.4673,674816.883400001,tattooist, ,Class 2,Class 2,Class 2,Class 2,73 ELM ROW,EH7 4AQ,2213
326359.1688,674820.260399999,greengrocer, ,Class 1,Class 1,Class 1,Class 1,75 ELM ROW,EH7 4AQ,2214
331680.1328,673418.9911,cafe, ,Class 3,SUI GENERIS,SUI GENERIS,SUI GENERIS,37-38 ESPLANADE,EH15 2ES,2215
326148.1245,670935.250299999,vacant, ,Vacant,Vacant,Vacant,Class 4,1 EVA PLACE,EH9 3ET,2216
325267.9114,674904.734300001,decorator,Bell Decor Ltd.,Class 4,Class 4,Class 4,Class 4,21 EYRE PLACE,EH3 5EX,2217
325307.1857,674961.907600001,vacant, ,Vacant,Class 4, , , , ,2218
325310.9762,674964.5352,car windscreens, ,Class 1,Class 4, , , , ,2219
325323.2782,674982.278999999,public house,Smithies,SUI GENERIS,SUI GENERIS,SUI GENERIS,SUI GENERIS,49-51 EYRE PLAC,EH3 5EY,2220
325204.656,674843.114700001,restaurant,Marche Noir,Class 3,Class 3,Class 3,Class 3,14 EYRE PLACE,EH3 5EP,2221
325210.9124,674846.5132,restaurant,Scots Restaurant,Class 3,Class 3,Class 3,Class 3,18 EYRE PLACE,EH3 5EP,2222
325318.2562,674920.2324,stoves & barbecue equipt.,Ecology Technology Ltd.,Class 1,Class 9, , , , ,2223
325333.8143,674960.185699999,stoves & barbecue equipt.,Ecology Technology Ltd.,Class 1,Class 1,Class 1,Class 4,68 EYRE PLACE,EH3 5EJ,2224
325371.4657,675007.511399999,"old telephones, typewriters etc.", ,Class 1,Class 9, , , , ,2225
324591.7809,671356.162900001,driving school, ,Class 4,Class 1, , , , ,2226
319646.9749,672955.3543,butcher, ,Class 1,Vacant,SUI GENERIS,SUI GENERIS,5 FEATHERHALL A,EH12 7TG,2227
319648.3166,672948.9811,chemist, ,Class 1,Class 1,Class 1,Class 1,5A FEATHERHALL,EH12 7TG,2228
329477.0,669230.316500001,public house, ,SUI GENERIS,SUI GENERIS, , , , ,2229
329190.9432,668790.629899999,optician and chemist, ,Class 1,Class 1,Class 1,Class 1,2 FERNIEHILL RO,EH17 7AB,2230
329468,669274,betting shop, ,Class 2,Class 2,Class 2,Class 2,66A FERNIESIDE,EH17 7HR,2231
326509.3668,676434.3791,plumber, ,Class 4,Class 4,Class 4,Class 4,5 FERRY ROAD,EH6 4AD,2232
326505.0369,676433.6066,picture framer (office), ,Class 4,Class 4,Class 4,Class 4,7 FERRY ROAD,EH6 4AD,2233
326500.9488,676432.7459,picture framer, ,Class 1,Class 1,Vacant,Vacant,9 FERRY ROAD,EH6 4AD,2234
326496.2152,676431.6701,sauna / massage parlour, ,Class 11,Class 11,Vacant, , , ,2235
326489.3299,676430.164000001,decorator, ,Class 4,Class 4,Vacant, , , ,2236
326481.291,676427.7971,video services, ,Class 2,Class 1,UNKNOWN USE,Vacant,17 FERRY ROAD,EH6 4AD,2237
326477.418,676426.9365,tailor, ,Class 1,Class 1, , , , ,2238
326470.0246,676424.7213,dental surgery, ,Class 2,Class 2, , , , ,2239
326463.7848,676423.430299999,betting shop, ,Class 2,Class 2, , , , ,2240
326460.127,676422.354499999,electrical, ,Class 1,Vacant, , , , ,2241
326456.0389,676421.2787,hot food t/a, ,SUI GENERIS,Class 2,Class 1,Class 4,29 FERRY ROAD,EH6 4AD,2242
326449.9488,676419.5943,hairdresser, ,Class 1,Class 1,Class 1,Class 1,33 FERRY ROAD,EH6 4AD,2243
326446.5062,676418.7336,vacant, ,Vacant,Class 1, , , , ,2244
326440.6967,676417.227499999,vacant, ,Vacant,Class 1, , , , ,2245
326433.4673,676415.303300001,vacant, ,Vacant,Class 2,Class 4, , , ,2246
326430.0246,676414.227499999,vacant, ,Vacant,Vacant,Class 9,Class 9,39 FERRY ROAD,EH6 4AF,2247
326426.1517,676413.151699999,"greengrocer, florist", ,Class 1,Class 2,Class 2,Vacant,43 FERRY ROAD,EH6 4AF,2248
326422.0635,676412.0758,hairdresser, ,Class 1,Class 1,Class 1,Class 1,45 FERRY ROAD,EH6 4AF,2249
326416.0123,676410.5943,grocer, ,Class 1,SUI GENERIS,SUI GENERIS,SUI GENERIS,47 FERRY ROAD,EH6 4AF,2250
326410.8483,676409.303300001,n/t/c, ,Class 1,Class 1,Class 4,Vacant,49 FERRY ROAD,EH6 4AF,2251
326405.8995,676408.0123,surveyors + est. agents, ,Class 4,Class 1,Class 1,Class 1,53 FERRY ROAD,EH6 4AF,2252
326226.291,676358.582,insurance consultants, ,Class 4,Vacant,Class 2,Class 2,99 FERRY ROAD,EH6 4ET,2253
326191.978,676351.423,licensed grocer, ,Class 1,Vacant,Class 4,Class 1,109 FERRY ROAD,EH6 4ET,2254
326186.5989,676349.956,vacant, ,Vacant,Class 1,Class 1,Class 1,111 FERRY ROAD,EH6 4ET,2255
326179.956,676348.269099999,vacant, ,Vacant,Class 1,Class 1,Class 1,113 FERRY ROAD,EH6 4ET,2256
326174.088,676347.291099999,upholsterer, ,Class 1,Class 1,Class 1,Vacant,117 FERRY ROAD,EH6 4ET,2257
326166,676346,post office, ,Class 1,Class 1,Class 1,Class 1,119-121 FERRY R,EH6 4ET,2258
326162.489,676345.0,knitting wool, ,Class 1,Class 1,Class 1, , , ,2259
326122.511,676333.934,launderette, ,Class 1,Class 1,SUI GENERIS,SUI GENERIS,137-141 FERRY R,EH6 4ET,2260
326113.6649,676331.0932,hot food t/a, ,SUI GENERIS,SUI GENERIS,SUI GENERIS, , , ,2261
322357.0,675617.0526,d.i.y. / decorators supplies, ,Class 1,Class 1,Class 1,Class 1,663-667 FERRY R,EH4 2TX,2262
322349.1203,675615.744200001,n/t/c / post office, ,Class 1,Class 1,Class 1, , , ,2263
322343.5865,675615.172900001,bakers, ,Class 1,Class 1,Class 1,Class 1,669 FERRY ROAD,EH4 2TX,2264
322335.7745,675613.5865,video film hire, ,Class 1,SUI GENERIS, , , , ,2265
322328.0,675612.759400001,hot food t/a, ,SUI GENERIS,SUI GENERIS,SUI GENERIS,SUI GENERIS,675 FERRY ROAD,EH4 2TX,2266
322321.2406,675611.759400001,amusements, ,Class 11,Class 11,Class 11,SUI GENERIS,677-679 FERRY R,EH4 2TX,2267
322313.0,675610.4661,betting shop, ,Class 2,Class 2,Class 2,Class 2,681 FERRY ROAD,EH4 2TX,2268
322299.0,675608.0526,public house, ,SUI GENERIS,SUI GENERIS,Vacant,Class 2,683(01) FERRY R,EH4 2TX,2269
321999.3832,675556.1426,public house, ,SUI GENERIS,SUI GENERIS,SUI GENERIS, ,729 FERRY ROAD,EH4,2270
326422.9857,676435.557399999,watchmaker, ,Class 1,Vacant, , , , ,2271
326419.5431,676434.911900001,dry cleaner, ,Class 1,Class 1, ,Class 1,32-34 FERRY ROA,EH6 4AE,2272
326413.5185,676433.4057,chemist, ,Class 1,Class 1,Class 1,Class 1,36 FERRY ROAD,EH6 4AE,2273
326407.2787,676432.114700001,"upholsterer, curtains", ,Class 1,Class 4,Class 1,Class 1,40 FERRY ROAD,EH6 4AE,2274
326396.2152,676435.0635,upholsterer, ,Class 1,Class 4,Class 4,Class 1,44 FERRY ROAD,EH6 4AE,2275
326250.1046,676397.9739,car showroom, ,SUI GENERIS,SUI GENERIS,SUI GENERIS,SUI GENERIS,92 FERRY ROAD,EH6 4AH,2276
326242.6754,676396.6231,sports trophies & engraving, ,Class 1,SUI GENERIS,SUI GENERIS,SUI GENERIS,94 FERRY ROAD,EH6 4AH,2277
326206.3131,676388.978,bank, ,Class 2,Class 2,Vacant,Class 2,98 FERRY ROAD,EH6 4PG,2278
326199.934,676379.044,chemist, ,Class 1,Class 1,Class 1,Class 2,102 FERRY ROAD,EH6 4PG,2279
326158.7953,676369.412699999,vacant, ,Vacant,SUI GENERIS, , , , ,2280
325997.8241,676333.1099,printing & photocopying, ,Class 4,Class 1,Class 1,Class 1,158-160 FERRY R,EH6 4NX,2281
325990.0,676331.642899999,videotape hire, ,Class 1,Class 1,Class 1,Vacant,162 FERRY ROAD,EH6 4NX,2282
325863.7685,676302.9462,bank, ,Class 2,Class 2, , , , ,2283
325857.2124,676301.451199999,licensed confectioner, ,Class 1,Vacant,Class 1,Class 11,182A FERRY ROAD,EH6 4NW,2284
324750.213,676029.3972,home brew centre, ,Class 1,Class 1,Class 1,Class 1,318 FERRY ROAD,EH5 3NP,2285
324738.0723,676028.5452,bank, ,Class 2,Class 2,Class 2,Class 2,322-324 FERRY R,EH5 3NP,2286
322563.368,675998.034399999,thrift shop, ,Class 1,Class 1, , , , ,2287
322567.8852,676002.8967,pilton assoc. meeting, ,Class 4,Class 2, , , , ,2288
322573.4483,676009.977,baby clothes, ,Class 1,Vacant,Vacant,Class 1,34 FERRY ROAD D,EH4 4BR,2289
322578.5057,676014.275800001,grocer, ,Class 1,Class 1,Class 1,Class 1,36 FERRY ROAD D,EH4 4BR,2290
322574.5976,676044.0921,n/t/c, ,Class 1,Class 1, , , , ,2291
322566.5057,676051.678200001,hot food t/a, ,SUI GENERIS,SUI GENERIS,SUI GENERIS,SUI GENERIS,42 FERRY ROAD D,EH4 4DD,2292
322558.9196,676057.747099999,grocer, ,Class 1,Class 1,Class 1,Vacant,44 FERRY ROAD D,EH4 4DD,2293
322552.0921,676063.3103,grocer (lic), ,Class 1,Class 1,Class 1,Class 1,48 FERRY ROAD D,EH4 4DD,2294
330416.3273,674009.6744,vacant, ,Vacant,Class 9, , , , ,2295
330418.6645,674011.844599999,vacant, ,Vacant,Redeveloped, , , , ,2296
330619,674185,public house, ,SUI GENERIS,Redeveloped, , , , ,2297
330408.0956,674020.9948,coal merchant, ,Class 4,Class 1, , , , ,2298
330419.0741,674032.7805,vacant, ,Vacant,Class 9, , , , ,2299
330416.0116,674029.7689,vacant, ,Vacant, , , , , ,2300
325526,677036,wholesale fish merchant, ,Class 2,Class 2,Class 2,Class 2,3 FISHMARKET SQ,EH6 4LW,2301
323890.8143,672452.896400001,launderette, ,Class 1,Class 1,Class 1,Class 2,21 FOWLER TERRA,EH11 1DB,2302
323893.9892,672447.0,vacant, ,Vacant,Class 9, , , , ,2303
323906.2678,672420.535700001,vacant, ,Vacant,Vacant, , , , ,2304
323908.5357,672413.2786,fire alarms & security goods, ,Class 2,Class 4,Class 4,Class 4,31 FOWLER TERRA,EH11 1DB,2305
323884.4643,672518.7322,tile shop, ,Class 1,Class 9, , , , ,2306
323926.1036,672435.7214,workshop, ,Class 4,Class 4, , , , ,2307
323929.2786,672428.464299999,glazier, ,Class 4,Class 9, , , , ,2308
325201.5706,673848.2059,clothing,Hepworth,Class 1,Class 1,Class 1,Class 1,3(GF) FREDERICK,EH2 2EY,2309
325199.5059,673854.997099999,restaurant,Wimpy Bar,Class 3,Class 3,Class 3,Class 3,5-7 FREDERICK S,EH2 2EY,2310
325197.6353,673861.3883,brass ornaments, ,Class 1,Class 1,Class 1,Class 1,7A FREDERICK ST,EH2 2EY,2311
325193.8177,673876.791200001,wine merchant,Lambert Bros.,Class 1,Class 1,Class 1,Class 1,9-11 FREDERICK,EH2 2EY,2312
325195.7265,673867.791200001,beauty clinic,Heatwave,Class 1,Class 4,Class 4,Class 3,13(PF) FREDERIC,EH2 2EY,2313
325191.3529,673884.0118,public house,Victoria & Albert,SUI GENERIS,SUI GENERIS,SUI GENERIS,SUI GENERIS,17 FREDERICK ST,EH2 2EY,2314
325188.8824,673892.2206,restaurant,Desperate Dan's,Class 3,Class 2, , , , ,2315
325181.3118,673914.2853,"guns, fishing tackle, outdoor clothing",John Dickson,Class 1,Class 1,Class 1,Class 1,21 FREDERICK ST,EH2 2NE,2316
325179.0,673920.532400001,dry cleaner,Pullars,Class 1,Class 1,Class 1,Class 1,23 FREDERICK ST,EH2 2ND,2317
325173.1294,673938.494100001,jeweller,Laing,Class 1,Class 1,Class 1,Class 1,29A FREDERICK S,EH2 2ND,2318
325170.7529,673946.2853,restaurant,Medios,Class 3,Class 3,Class 3,Class 3,31 FREDERICK ST,EH2 2ND,2319
325148.522,674018.979599999,ladies clothing,Droopy & Browns,Class 1,Class 1,Class 1,Class 1,37(GF)-39 FREDE,EH2 1EP,2320
325137.1321,674052.237400001,betting shop,Coral,Class 2,Class 1,Class 1,Class 1,47 FREDERICK ST,EH2 1EP,2321
325135.2846,674058.1494,public house,Queen's Arms,SUI GENERIS,SUI GENERIS,SUI GENERIS,SUI GENERIS,49 FREDERICK ST,EH2 1EP,2322
325528.9151,677059.885600001,public house, ,SUI GENERIS,SUI GENERIS,SUI GENERIS,SUI GENERIS,4-6 FISHMARKET,EH6 4LW,2323
325861.5386,673720.7996,cafe, ,Class 3,Vacant,Vacant, , , ,2324
325860.4155,673726.876800001,hairdresser (gents), ,Class 1,Class 1,Class 1,Class 1,18B FLESHMARKET,EH1 1BX,2325
325858.5386,673735.031300001,public house, ,SUI GENERIS,SUI GENERIS,SUI GENERIS,SUI GENERIS,21 FLESHMARKET,EH1 1BX,2326
325856.5845,673743.814099999,public house, ,SUI GENERIS,SUI GENERIS,SUI GENERIS,SUI GENERIS,24 FLESHMARKET,EH1 1BX,2327
324671.4326,672159.8287,bathroom furniture, ,Class 1,Class 1,Vacant,Class 1,27 FORBES ROAD,EH10 4EG,2328
324653.6236,672146.881999999,furniture, ,Class 1,Class 1,Class 4,Class 4,42 FORBES ROAD,EH10 4ED,2329
325700.6133,673253.0385,general clothing, ,Class 1,Class 2,Class 2,Class 1,1-5 FORREST ROA,EH1 2QH,2330
325703.5304,673238.453299999,solicitor, ,Class 2,Class 1,Class 1,Class 1,3 FORREST ROAD,EH1 2QH,2331
325702.8563,673232.795600001,optician, ,Class 1,Class 1,Class 1,Class 1,7 FORREST ROAD,EH1 2QH,2332
325701.917,673228.0,bookshop,Better Books,Class 1,Class 2,Class 1,Class 1,11 FORREST ROAD,EH1 2QH,2333
325699.6519,673213.779300001,toys,Gamesmaster Ltd.,Class 1,Class 1,Vacant,Class 1,13 FORREST ROAD,EH1 2QH,2334
325700.917,673222.2267,restaurant, ,Class 3,Class 3,Class 3,Class 3,17-19 FORREST R,EH1 2QH,2335
325698.4859,673207.4311,hot food t/a, ,SUI GENERIS,SUI GENERIS,SUI GENERIS,SUI GENERIS,21 FORREST ROAD,EH1 2QH,2336
325697.6296,673201.939300001,public house, ,SUI GENERIS,SUI GENERIS,SUI GENERIS,SUI GENERIS,25 FORREST ROAD,EH1 2QH,2337
325695.3645,673187.7126,bank,Royal Bank of Scotland,Class 2,Class 2,Class 1,Class 1,27 FORREST ROAD,EH1 2QS,2338
325694.5689,673180.2874,post office, ,Class 1,Class 1,Class 1,Class 1,33 FORREST ROAD,EH1 2QP,2339
325692.8119,673170.530400001,optician, ,Class 1,Class 1,Class 1,Class 1,35 FORREST ROAD,EH1 2QP,2340
325692.2815,673165.756999999,grocer, ,Class 1,Class 1,Class 1,Class 1,39 FORREST ROAD,EH1 2QP,2341
325692.16,673157.651900001,greengrocer, ,Class 1,Class 1,Class 1,Class 1,43 FORREST ROAD,EH1 2QP,2342
325691.32,673154.032600001,chemist,Mackenzie & Co.,Class 1,Class 1,Class 1,Class 1,45 FORREST ROAD,EH1 2QP,2343
325690.5245,673147.9333,n/t/c,R.S. McColl,Class 1,Class 1,Class 1,SUI GENERIS,49 FORREST ROAD,EH1 2QP,2344
325689.9941,673142.099300001,bank,Royal Bank of Scot.,Class 2,Class 1,Class 1,Class 1,51-53 FORREST R,EH1 2QP,2345
325688.9333,673135.469599999,baker,City Bakeries Ltd.,Class 1,Class 3,Class 3,Class 3,55 FORREST ROAD,EH1 2QP,2346
325684.6904,673130.6963,vacant, ,Vacant,Class 2, , , , ,2347
325679.3867,673128.044399999,vacant, ,Vacant,Class 2, , , , ,2348
325673.5526,673125.3926,vacant, ,Vacant,Class 2,Class 2,Class 2,61 FORREST ROAD,EH1 2QP,2349
325724.8178,673195.7348,restaurant, ,Class 3,Class 3,Class 3,Class 3,4-4A FORREST RO,EH1 2QN,2350
325723.8785,673189.4474,gifts, ,Class 1,Class 1,Class 1,Class 1,8 FORREST ROAD,EH1 2QN,2351
325723.4696,673185.508199999,restaurant, ,Class 3,Class 3,SUI GENERIS,SUI GENERIS,10 FORREST ROAD,EH1 2QN,2352
325722.5585,673179.916999999,bookshop, ,Class 1,Class 1,SUI GENERIS,SUI GENERIS,14 FORREST ROAD,EH1 2QN,2353
325722.1437,673176.3259,chemist, ,Class 1,Vacant,SUI GENERIS, , , ,2354
325721.083,673167.84,optician,Todd & McBurney,Class 1,Class 3,Class 3,Class 3,18-20 FORREST R,EH1 2QN,2355
325719.8178,673159.7348,office, ,Class 4,Class 1,Class 1,Class 1,24 FORREST ROAD,EH1 2QN,2356
325719.1437,673153.2652,office, ,Class 4,Class 1,Class 1,Class 1,26 FORREST ROAD,EH1 2QN,2357
325718.6963,673147.243000001,delicatessen,McNair,Class 1,Class 1,Class 1,Class 1,30 FORREST ROAD,EH1 2QN,2358
325719.757,673139.8178,public house, ,SUI GENERIS,SUI GENERIS,SUI GENERIS,SUI GENERIS,32 FORREST ROAD,EH1 2QN,2359
319749,671707,supermarket,Scotmid,Class 1,Class 1,Class 1,Class 1,1 FORRESTER PAR,EH12 9AY,2360
312609,677734,service station, ,SUI GENERIS,SUI GENERIS,Class 1,Class 1,(B) FORTH ROAD, ,2361
325916.7015,674477.8695,restaurant,Chan's,Class 3,Class 3,Class 3,Class 3,1 FORTH STREET,EH1 3JX,2362
325923.5188,674480.142000001,"fine art, framed prints",Forth Gallery,Class 1,Class 1,Vacant,Class 11,5 FORTH STREET,EH1 3JX,2363
325895.5971,674495.208799999,photocopier sales office,J.B. Russell,Class 4,Class 1,Class 1,Class 1,2(GF90) FORTH S,EH1 3LD,2364
325903.0,674497.0261,arts information office,Artlink,Class 4,Class 4,Class 4,Class 4,4(GF) FORTH STR,EH1 3LD,2365
324817.4969,673051.2477,restaurant, ,Class 3,Class 3,Class 3,Class 3,73 FOUNTAINBRID,EH3 9PU,2366
324810.7437,673046.2454,hot food t/a, ,SUI GENERIS,SUI GENERIS, , , , ,2367
324798.7513,673037.2535,florist, ,Class 1, ,Vacant,Class 1,77 FOUNTAINBRID,EH3 9PU,2368
324793.999,673034.252,betting shop, ,Class 2,Class 2,Class 2,Vacant,81 FOUNTAINBRID,EH3 9PU,2369
324786.9981,673028.756100001,hot food t/a, ,SUI GENERIS,Class 3,Class 1,Class 1,83 FOUNTAINBRID,EH3 9PU,2370
324781.7456,673025.0043,public house, ,SUI GENERIS,SUI GENERIS,SUI GENERIS,SUI GENERIS,85-87 FOUNTAINB,EH3 9PU,2371
324768.2482,673011.000499999,vacant, ,Vacant,Class 2,Class 2,Class 2,89-95 FOUNTAINB,EH3 9PU,2372
324745.0,672989.748,public house,Staggers,SUI GENERIS,SUI GENERIS,Class 3,Class 3,97-101 FOUNTAIN,EH3 9QG,2373
324732.7508,672980.503599999,vacant, ,Vacant,Class 1, , , , ,2374
324728.2487,672976.251499999,restaurant, ,Class 3,Class 3, , , , ,2375
324723.2463,672972.249600001,hot food t/a, ,SUI GENERIS,SUI GENERIS, , , , ,2376
324720.495,672969.998600001,fishmonger, ,Class 1,Vacant,Class 1,Class 1,113 FOUNTAINBRI,EH3 9QG,2377
324718.2439,672968.2477,n/t/c, ,Class 1,Class 1,Class 1,Class 1,115 FOUNTAINBRI,EH3 9QG,2378
324639.2496,672906.4998,public house,Porter's Lodge,SUI GENERIS,SUI GENERIS, , , , ,2379
324467.7005,672831.5417,public house,Fountain Bar,SUI GENERIS, , , , , ,2380
324370.2052,672807.8632,vacant, ,Vacant,Vacant, , , , ,2381
324357.8947,672802.621099999,sauna, ,Class 11,Class 1,Class 11,Vacant,209 FOUNTAINBRI,EH3 9RU,2382
324753.5079,673045.505000001,zenetec office, ,Class 4,Class 3,Vacant, , , ,2383
324750.7532,673038.254899999,restaurant, ,Class 3,Class 3, , , , ,2384
324746.001,673032.252,television goods, ,Class 1,Class 1,Vacant, , , ,2385
324739.001,673025.0019,sattelite t.v., ,Class 1,Class 3, , , , ,2386
324732.4979,673018.2487,carpets, ,Class 1,Class 1,Class 1, , , ,2387
324723.4936,673011.4955,catering equipment, ,Class 2,Demolished, , , , ,2388
324714.2506,673003.748,catering supplies,Scobie & MacIntosh,Class 2,Demolished, , , , ,2389
324688.7508,672971.9981,tile centre, ,Class 1,Class 1,Vacant,Class 1,88 FOUNTAINBRID,EH3 9QA,2390
324651.0019,672952.246300001,vacant, ,Vacant,Class 1, , , , ,2391
324629.001,672942.248199999,travel agent, ,Class 1,Class 1,Class 2, , , ,2392
324604.0133,672943.007099999,public house, ,SUI GENERIS,Demolished,Class 2, , , ,2393
324451.1423,672867.931600001,hoover repairs, ,Class 1,Class 1,Class 1,Class 1,158 FOUNTAINBRI,EH3 9RX,2394
324446.7948,672866.6895,womens' clothing, ,Class 1,Class 9,Class 9,UNKNOWN USE,160 FOUNTAINBRI,EH3 9RX,2395
324441.5157,672864.826300001,plumber, ,Class 4,Class 4,Vacant,UNKNOWN USE,162 FOUNTAINBRI,EH3 9RX,2396
324436.8577,672863.273600001,electric fires, ,Class 1,Class 1,Class 1,Class 1,164 FOUNTAINBRI,EH3 9RX,2397
326496.6945,671753.740700001,car accessories, ,Class 1,Class 2,Class 1,Class 1,2 FOUNTAINHALL,EH9 2NN,2398
323865.8964,672511.0,hairdresser, ,Class 1,Class 9, , , , ,2399
323879.5357,672477.185699999,wine merchant, ,Class 1,Class 1,Class 1,Class 4,17 FOWLER TERRA,EH11 1DD,2400
325316.5324,674011.9882,shoe shop,Allan,Class 1,Class 1,Class 1,Class 1,32 GEORGE STREE,EH2 2LE,2401
325311.3883,674010.429400001,bookshop,Reader's Digest,Class 1,Class 1,Class 1,Class 1,34 GEORGE STREE,EH2 2LE,2402
325301.0383,674005.7147,public house, ,SUI GENERIS,Class 3,SUI GENERIS,SUI GENERIS,38A GEORGE STRE,EH2 2LE,2403
325290.6618,674004.65,optician,Trotters,Class 1,Class 1,Class 1,Class 1,44-44A GEORGE S,EH2 2LE,2404
325279.8177,673999.6764,estate agents,Bernard Thorpe,Class 4,Class 2,Class 1,Class 1,46A GEORGE STRE,EH2 2LE,2405
325273.9735,673998.261700001,menswear,Gieves & Hawkes,Class 1,Class 1,Class 1,Class 1,48 GEORGE STREE,EH2 2LE,2406
325267.7529,673996.391100001,electrical goods,Audio Aids,Class 1,Class 1,Class 1,Class 1,52 GEORGE STREE,EH2 2LE,2407
325219.0647,673981.7676,bedroom furniture, ,Class 1,Class 4, , , , ,2408
325209.6882,673978.9617,off-licence,Victoria Wine,Class 1,Class 1,Class 1,Class 1,60 GEORGE STREE,EH2 2LR,2409
325033.5442,673930.252800001,vacant, ,Vacant,Class 1,Class 1,Class 1,90 GEORGE STREE,EH2 3DF,2410
325025.5442,673928.252800001,stationers,Waterston,Class 1,Class 1,Class 1,Class 1,92 GEORGE STREE,EH2 3DF,2411
325017.7,673925.7587,paintings, ,Class 1,Class 1,Class 1,Class 1,94 GEORGE STREE,EH2 3DF,2412
324888.6618,673889.208799999,bookshop,Waterstone,Class 1,Class 4, , ,114-116 GEORGE,EH2 4LN,2413
324832.503,673871.7733,computers,Texas Instruments,Class 1,Vacant,SUI GENERIS,SUI GENERIS,126-128 GEORGE,EH2 4JZ,2414
324827.2031,673870.3704,kitchen furniture, ,Class 1,Vacant, , , , ,2415
324887.7475,672608.7465,greengrocer,Nastiuk,Class 1,Class 1,Vacant,Class 1,2 GILLESPIE CRE,EH10 4HT,2416
324908.7527,672644.750800001,video film hire, ,Class 1,Class 1,Class 1,Class 1,1 GILLESPIE PLA,EH10 4HS,2417
324908.0024,672639.748500001,vacant, ,Vacant,Vacant,Class 2,Class 2,2 GILLESPIE PLA,EH10 4HS,2418
324906.2515,672635.7465,grocer, ,Class 1,Class 1,Class 1,Class 1,4 GILLESPIE PLA,EH10 4HS,2419
324903.0024,672629.248199999,shoe repairs, ,Class 1,Class 1,Class 1,Class 1,5 GILLESPIE PLA,EH10 4HS,2420
324901.0014,672624.996200001,baker, ,Class 1,Class 1,Class 3,Class 3,6 GILLESPIE PLA,EH10 4HS,2421
324898.5002,672620.9943,restaurant, ,Class 3,Class 3,Class 3,Class 3,8 GILLESPIE PLA,EH10 4HS,2422
324896.2515,672614.749399999,vacant, ,Vacant,Class 2,Class 1,Vacant,9 GILLESPIE PLA,EH10 4HS,2423
324893.0,672609.747,delicatessen,Nastiuk,Class 1,Class 1,Class 1,Class 1,10 GILLESPIE PL,EH10 4HS,2424
328850,668196,public house, ,SUI GENERIS,SUI GENERIS,SUI GENERIS,Demolished, , ,2425
328355.8218,668474.178200001,butcher, ,Class 1,Class 1,Class 1,Vacant,10 GILMERTON DY,EH17 8JX,2426
325127.9355,674082.1085,hairdresser,Angus Gordon,Class 1,Class 1,Class 1,Class 1,53(1F) FREDERIC,EH2 1LH,2427
325125.3491,674089.867900001,financial services, ,Class 2,Class 3,Class 3,Class 3,55A FREDERICK S,EH2 1LH,2428
325122.044,674099.6745,restaurant,Montana's,Class 3,Class 3,Class 3,Class 3,57A FREDERICK S,EH2 1LH,2429
325121.305,674102.6305,public house, ,SUI GENERIS,Class 3, , , , ,2430
325119.4576,674107.8035,public house,Full Shilling,SUI GENERIS,SUI GENERIS, , , , ,2431
325169.1373,673841.2126,frame shop,Fastframe,Class 1,Class 1, , , , ,2432
325163.7374,673857.074899999,bakers,City Bakeries,Class 1,Class 1, , , , ,2433
325160.356,673867.906199999,wool shop,Smith,Class 1,Class 1,Class 1,Class 1,10 FREDERICK ST,EH2 2HB,2434
325158.8373,673873.4748,clothing,Millets,Class 1,Class 1,Class 1,Class 1,12 FREDERICK ST,EH2 2HB,2435
325157.4873,673878.030999999,clothing,Hepworth,Class 1,Class 1,Class 1,Vacant,14(GF)-16 FREDE,EH2 2HB,2436
325155.6061,673883.493799999,greeting cards,Sweet News,Class 1,Class 1,Vacant,Class 1,18A FREDERICK S,EH2 2HB,2437
325154.7624,673886.362500001,building society, ,Class 2,Class 2, , , , ,2438
325153.5812,673889.906199999,bakers,United Biscuits,Class 1,Class 1,Class 1,Class 1,18B FREDERICK S,EH2 2HB,2439
325148.2617,673903.9088,building society,Bradford & Bingley,Class 2,Class 2,Class 2,Class 2,20 FREDERICK ST,EH2 2JR,2440
325146.547,673909.5206,shoe repairs,Gullivers,Class 1,Class 1,Class 1,Class 1,22 FREDERICK ST,EH2 2JR,2441
325145.1587,673916.467599999,curtains, ,Class 1,Vacant,Class 1,Class 1,24 FREDERICK ST,EH2 2JR,2442
325143.5999,673921.300000001,restaurant,Stakis Steakhouse,Class 3,SUI GENERIS,SUI GENERIS,SUI GENERIS,24A FREDERICK S,EH2 2JR,2443
325135.5352,673946.9353,travel agent,Lunn Poly,Class 1,Class 1,Class 1,Class 1,34 FREDERICK ST,EH2 2JR,2444
325133.6646,673952.8588,hairdresser,King,Class 1,Class 1, , , , ,2445
325110.0204,674017.261,post office, ,Class 1,Class 1,Class 1,Class 1,38-40 FREDERICK,EH2 1EX,2446
325106.6069,674029.478,mens clothing,Dormie,Class 1,Class 1,Class 1,Class 1,46 FREDERICK ST,EH2 1EX,2447
325104.7594,674035.739,paintings, ,Class 1,Class 1,Class 1,Class 1,48 FREDERICK ST,EH2 1EX,2448
325103.6509,674039.0645,drawing materials,Mathieson,Class 1,Class 1,Class 1,Class 1,48A FREDERICK S,EH2 1EX,2449
325096.0645,674067.8475,drawing materials,Sime Malloch,Class 1,Class 1, , , , ,2450
327341.6186,668072.161900001,greengrocer, ,Class 1,Class 1, , , , ,2451
326230.4318,668506.5173,public house, ,SUI GENERIS,SUI GENERIS, , , , ,2452
326504,668105,garden centre *est.shop flsp., ,Class 1,Class 1, , , , ,2453
326126,674655,hairdresser, ,Class 1,Class 9, , , , ,2454
325628.0459,673475.183700001,bank,Bank of Scot.,Class 2, , ,Demolished,1 GEORGE IV BRI,EH1 1AD,2455
325650.4474,673420.8563,bookshop,Bauermeister,Class 1,Class 1,Class 2,Class 2,10-11 GEORGE IV,EH1 1EE,2456
325652.4488,673413.7291,n/t/c, ,Class 1,Class 1,Class 1,Class 1,13 GEORGE IV BR,EH1 1EE,2457
325656.16,673405.530400001,stationery,Bauermeister,Class 1,Class 1,Class 3,Class 3,15-16 GEORGE IV,EH1 1EE,2458
325659.917,673390.469599999,bookshop,Bauermeister,Class 1,Class 1,Class 1,Class 3,19 GEORGE IV BR,EH1 1EE,2459
325663,673366,general clothing,Kiltshop Ltd.,Class 1,Class 3, , , , ,2460
325677.5304,673342.243000001,general clothing,Hewat of Edinburgh,Class 1,Class 1,Class 1,SUI GENERIS,27 GEORGE IV BR,EH1 1EN,2461
325681.1822,673330.530400001,charity shop,P.D.S.A.,Class 1,Class 2,Class 2,Class 1,29-30 GEORGE IV,EH1 1EN,2462
325684.2652,673322.2652,amusement centre,Taylor,Class 11,Class 11,Vacant, , , ,2463
325686.917,673314.84,bookshop,Grant,Class 1,SUI GENERIS,SUI GENERIS, , , ,2464
325699.4311,673358.530400001,chemist,Archd. Young & Son,Class 1,Vacant,Class 3,Class 3,37-39 GEORGE IV,EH1 1EL,2465
325685.7793,673399.6963,electrical goods, ,Class 1,Class 1, , , , ,2466
325684.3481,673403.6741,tobacco, ,Class 1,Class 1,SUI GENERIS,SUI GENERIS,48 GEORGE IV BR,EH1 1EJ,2467
325682.5526,673408.044399999,restaurant, ,Class 3,SUI GENERIS, , , , ,2468
325680.9615,673414.6741,restaurant, ,Class 3,SUI GENERIS, , , , ,2469
325055.9735,673936.911699999,china / glassware,Lawleys,Class 1,Class 1,Class 1,Class 1,86 GEORGE STREE,EH2 3BU,2470
325050.2706,673935.197000001,bank,Credit Lyonnais,Class 2,Class 2,Class 2,Class 2,86B GEORGE STRE,EH2 3BU,2471
325041.2971,673932.5645,jeweller,Mappin & Webb,Class 1,Class 1,Class 1,Vacant,88 GEORGE STREE,EH2 3DF,2472
323419.638,672465.1383,charity shop,Dr. Barnardo's,Class 1,Class 1, , , , ,2473
323412.4574,672463.0107,vacant, ,Vacant,Class 2,Vacant,Vacant,28 GORGIE ROAD,EH11 2LZ,2474
323349.3298,672446.6702,chemist, ,Class 1,Class 1,Class 1,Class 1,62-64 GORGIE RO,EH11 2NB,2475
323342.1276,672444.6917,post office, ,Class 1,Class 1,Class 4,Class 1,66 GORGIE ROAD,EH11 2NB,2476
323329.0638,672441.681,grocer (licensed), ,Class 1,Class 1,Class 1,Vacant,76 GORGIE ROAD,EH11 2NB,2477
323324.5426,672440.351199999,snack bar / take-away, ,Class 1,Class 1,Vacant,Vacant,78 GORGIE ROAD,EH11 2NB,2478
323320.5534,672439.021500001,hardware, ,Class 1,Class 1,SUI GENERIS,Vacant,82 GORGIE ROAD,EH11 2NB,2479
323251.4036,672411.1807,public house, ,SUI GENERIS,SUI GENERIS,SUI GENERIS,SUI GENERIS,92-94 GORGIE RO,EH11 2NP,2480
323247.1807,672409.4681,snack bar, ,Class 1,Class 1,Class 1,Vacant,98 GORGIE ROAD,EH11 2NP,2481
323243.4574,672407.340500001,solicitor/est ag/ bldg soc, ,Class 2,Vacant,Class 1,Class 1,100 GORGIE ROAD,EH11 2NP,2482
323237.7764,672404.733999999,fishmonger, ,Class 1,Class 1,Class 1,Class 1,102 GORGIE ROAD,EH11 2NP,2483
323235.3828,672403.1383,greengrocer, ,Class 1,Class 1,Class 1,Class 1,104 GORGIE ROAD,EH11 2NP,2484
323232.4574,672401.5426,pet shop, ,Class 1,Class 1,Class 4,Class 2,104A GORGIE ROA,EH11 2NP,2485
323230.0638,672399.946900001,jeweller, ,Class 1,Class 1,Class 4,Class 1,108 GORGIE ROAD,EH11 2NP,2486
323227.4043,672398.6172,visionhire tv hire, ,Class 1,Vacant,Class 2,Class 2,108A-110A GORGI,EH11 2NP,2487
323219.7233,672393.6064,handbags, ,Class 1,Class 1,Vacant,Vacant,110B GORGIE ROA,EH11 2NP,2488
323210.7764,672388.0638,plumbing, ,Class 4,Class 1,Vacant,Class 1,112 GORGIE ROAD,EH11 2NR,2489
323207.319,672386.202099999,butcher, ,Class 1,Vacant,SUI GENERIS,Vacant,112A GORGIE ROA,EH11 2NR,2490
323204.3936,672384.0745,amusements, ,Class 11,Class 11,Class 11,Class 11,114 GORGIE ROAD,EH11 2NR,2491
323201.4681,672382.478800001,furniture, ,Class 1,Vacant,SUI GENERIS,SUI GENERIS,118 GORGIE ROAD,EH11 2NR,2492
323197.1807,672380.5319,grocer, ,Class 1,Class 1,Class 4,SUI GENERIS,120 GORGIE ROAD,EH11 2NR,2493
323192.6595,672377.340500001,ladies clothing, ,Class 1,Vacant,Class 4,Class 2,122 GORGIE ROAD,EH11 2NR,2494
323188.1383,672374.946900001,n/t/c, ,Class 1,Class 1,Class 1,Class 1,126-128 GORGIE,EH11 2NR,2495
323183.3083,672371.202099999,wool, ,Class 1,Class 2,Class 2,Class 2,130 GORGIE ROAD,EH11 2NS,2496
323179.8509,672369.340500001,grocer (licensed), ,Class 1,Class 1,Class 1,Class 1,132 GORGIE ROAD,EH11 2NS,2497
323177.1914,672367.7448,greengrocer, ,Class 1,Vacant, , , , ,2498
325679.6355,673418.1215,vacant, ,Vacant,Class 1,SUI GENERIS,SUI GENERIS,51 GEORGE IV BR,EH1 1EJ,2499
325678.4311,673423.083000001,hot food t/a, ,SUI GENERIS,SUI GENERIS,SUI GENERIS,SUI GENERIS,52 GEORGE IV BR,EH1 1EJ,2500
325676.84,673428.5526,public house, ,SUI GENERIS,SUI GENERIS, , , , ,2501
325682.5911,673437.5911,veterinary surgery,P.D.S.A.,Class 2,Class 2, , , , ,2502
325363.8475,674065.1965,print shop,Rank Xerox,Class 4,Class 4,Class 4,Class 1,27(GF) GEORGE S,EH2 2PA,2503
325352.217,674063.0032,bank,Clydesdale Bank,Class 2,Class 2,SUI GENERIS,SUI GENERIS,29-31 GEORGE ST,EH2 2PA,2504
325315.7358,674053.1997,florist,The Edinburgh Flower Shop,Class 1,Class 1,Class 1,Class 1,33 GEORGE STREE,EH2 2HN,2505
325312.0409,674052.0912,n/t/c,Sivewright,Class 1,Class 1,Class 1,Class 3,33A GEORGE STRE,EH2 2HN,2506
325304.6509,674049.874199999,stationery,Waterston,Class 1,Class 1,Class 1,Class 1,35 GEORGE STREE,EH2 2HN,2507
325295.5424,674047.240599999,hairdresser,Brian Drumm,Class 1,Class 1,Class 1,Class 1,37A GEORGE STRE,EH2 2HN,2508
325291.478,674046.132099999,public house, ,SUI GENERIS,Class 1, , , , ,2509
325280.695,674043.8506,off-licence,Justerini & Brookes,Class 1,Class 1, , , , ,2510
325271.695,674041.220100001,gas showroom, ,Class 1,Class 1, , , , ,2511
325264.8035,674039.220100001,menswear,Moss Bros.,Class 1,Class 1,Class 1,Class 1,43(GF) GEORGE S,EH2 2HT,2512
325248.4984,674034.2642,household textiles, ,Class 1,Class 1,Class 1,Class 1,47 GEORGE STREE,EH2 2HT,2513
325244.434,674032.7862,glassware,Coleridge,Class 1,Class 1,Class 1,Class 1,47B GEORGE STRE,EH2 2HT,2514
325226.5865,674026.959100001,solicitors,Alex Morison & Co.,Class 2,Class 1,SUI GENERIS,SUI GENERIS,51A GEORGE STRE,EH2 2HT,2515
325220.6745,674025.8506,clothing,Scottish Worsteds,Class 1,Class 1,Class 1,Class 1,53(GF) GEORGE S,EH2 2HT,2516
325207.8679,674022.284600001,books,Edinburgh Bookshop,Class 1,Class 1,Class 1,Class 1,57 GEORGE STREE,EH2 2JQ,2517
325191.6101,674017.8506,china / glassware,Nisbets,Class 1,Class 1,Class 1,Class 1,61 GEORGE STREE,EH2 2JG,2518
325183.695,674015.067600001,electrical goods,In Hi-fi,Class 1,Class 1,Class 1,Class 1,63 GEORGE STREE,EH2 2JG,2519
325167.8475,674010.1525,paintings, ,Class 1,Class 1,Class 1,Class 1,67(GF) GEORGE S,EH2 2JG,2520
325152.522,674005.1965,bank,Bank of Scotland,Class 2,Class 2,Class 2,Class 2,69 GEORGE STREE,EH2 2JG,2521
325087.8679,673986.8035,clothes,Aitken & Niven,Class 1,Class 1,Class 1, , , ,2522
325070.8475,673982.305,property centre,ESPC (Edinburgh Solicitors Property Centre),Class 4,Class 2, , , , ,2523
325057.8035,673978.1525,furniture, ,Class 1,Class 1, , , , ,2524
325044.1085,673974.6305,jeweller,Hamilton & Inches,Class 1,Class 1,Class 1,Class 1,87-87A GEORGE S,EH2 3ES,2525
325035.261,673972.3255,hardware,James Gray & Son,Class 1,Class 1,Class 1,Class 1,89-89A GEORGE S,EH2 3ES,2526
324979.2282,673956.7925,bank,Bank of Scotland,Class 2,Class 2, , , , ,2527
324919.9119,673940.522,bank,Royal Bank of Scotland,Class 2,Class 2,Class 2,Class 2,109-109A GEORGE,EH2 4JN,2528
324865.3695,673924.8302,bookshop,Church of Scotland,Class 1,Class 1, , , , ,2529
324827.9119,673914.566,bookshop, ,Class 1,Class 4, , , , ,2530
324820.522,673912.718599999,bank, ,Class 2,Class 4, , , , ,2531
324811.478,673908.979599999,bank,Allied Irish Bank,Class 2,Vacant, , , , ,2532
324800.3931,673905.654100001,beauty clinic / hairdresser,Robert Seligman,Class 1,Vacant, , , , ,2533
324791.8915,673903.393100001,butcher,T.G. Willis,Class 1,Class 1,Class 3,Class 3,135 GEORGE STRE,EH2 4JS,2534
324783.0,673899.979599999,materials, ,Class 1,Class 4,Class 3,Class 3,137 GEORGE STRE,EH2 4JY,2535
324773.3931,673897.023600001,vacant, ,Vacant,Class 1,Class 1,Class 1,141 GEORGE STRE,EH2 4JY,2536
325442.625,674039.1996,bank,Royal Bank of Scotland,Class 2,Class 3,SUI GENERIS,SUI GENERIS,14(BF) GEORGE S,EH2 2PF,2537
325326.2471,674015.014699999,travel agent,P & O,Class 1,Class 1,Class 3,Class 3,30 GEORGE STREE,EH2 2LE,2538
328360.5412,668475.7513,hairdresser, ,Class 1,Class 1,Class 1,Vacant,14 GILMERTON DY,EH17 8JX,2539
328366.5226,668478.0253,grocer, ,Class 1,Class 1,Class 1,Class 1,16 GILMERTON DY,EH17 8JX,2540
328371.1409,668479.757999999,baker, ,Class 1,Class 1, , , , ,2541
328377.9175,668482.0572,greengrocer and florist, ,Class 1,Class 1, , , , ,2542
328382.637,668483.9934,n/t/c / po, ,Class 1,Class 1,Class 1,Class 1,26 GILMERTON DY,EH17 8JX,2543
328701.8807,668432.589500001,supermarket,Scotmid,Class 1,Class 1,Class 1,Class 1,(60) GILMERTON,EH17 8LQ,2544
327781.8194,670223.289799999,public house, ,SUI GENERIS,SUI GENERIS, , , , ,2545
328266.4394,669705.9066,public house, ,SUI GENERIS,UNKNOWN USE,SUI GENERIS,SUI GENERIS,391 GILMERTON R,EH17 7PX,2546
327284,670642,service station, ,SUI GENERIS,SUI GENERIS, , , , ,2547
328251.7197,669672.5328,service station, ,SUI GENERIS,SUI GENERIS, , , , ,2548
324886.7499,672732.751800001,office, ,Class 4,Class 4,Class 2,Class 2, , ,2549
324568,672633,stationers/printing, ,Class 4,Class 4, , , , ,2550
324534,672610,vacant, ,Vacant,Class 4, , , , ,2551
324534,672610,plumbing central heating, ,Class 4,Class 4, , , , ,2552
324534,672610,vacant, ,Vacant,Vacant,Class 2,Class 2,93 GILMORE PLAC,EH3 9NU,2553
324534,672610,restaurant, ,Class 3,Class 3,Class 3,Vacant,95 GILMORE PLAC,EH3 9NU,2554
324430,672528,service engineers, ,Class 4,Class 4,Class 4,Class 2,119 GILMORE PLA,EH3 9PP,2555
324430,672528,grocer (lic), ,Class 1,Vacant,Vacant,Vacant,123 GILMORE PLA,EH3 9PP,2556
324430,672528,dental lab, ,Class 2,Class 4,Class 4,Class 1,125 GILMORE PLA,EH3 9PP,2557
324418,672518,musical supplies, ,Class 1,Class 1,Class 1,Class 1,127 GILMORE PLA,EH3 9PP,2558
324418,672518,osteopath, ,Class 2,Class 1,Class 1,Vacant,131 GILMORE PLA,EH3 9PP,2559
324418,672518,vacant, ,Vacant,Class 4, , , , ,2560
324418,672518,tapes radio, ,Class 1,Vacant, , , , ,2561
324408,672511,vacant, ,Vacant,Vacant,Class 1,Class 4,137 GILMORE PLA,EH3 9PP,2562
323152.5212,672355.0107,frozen food - capital, ,Class 1,Vacant,Class 1,Class 2,150-152 GORGIE,EH11 2NT,2563
323146.6702,672353.414999999,travel agent, ,Class 1,Class 1,Vacant,Vacant,156 GORGIE ROAD,EH11 2NT,2564
323139.9785,672351.0745,baker, ,Class 1,Vacant,Class 2,Class 1,158 GORGIE ROAD,EH11 2NT,2565
323137.0531,672350.276699999,hairdresser, ,Class 1,Class 1,Class 1,Class 1,160 GORGIE ROAD,EH11 2NT,2566
323134.1276,672349.2129,hot food t/a, ,SUI GENERIS,Class 1,Vacant,SUI GENERIS,162 GORGIE ROAD,EH11 2NT,2567
323131.4681,672348.1491,insurance / estate agents / building society, ,Class 2,Class 1,Class 1,Class 1,166 GORGIE ROAD,EH11 2NT,2568
323128.2767,672347.6172,wool, ,Class 1,Class 1,Class 1,Class 1,168 GORGIE ROAD,EH11 2NT,2569
323123.1169,672345.0853,ladies / childrens clothes, ,Class 1,Class 1,Class 1,Class 2,170 GORGIE ROAD,EH11 2NT,2570
323117.5319,672343.489600001,bank, ,Class 2,Class 2,Class 2,Class 2,174-176 GORGIE,EH11 2NT,2571
323069.3083,672327.404300001,butcher, ,Class 1,Class 1, , , , ,2572
323063.4574,672325.276699999,confectionery, ,Class 1,Class 1, , , , ,2573
323060.266,672323.681,optician, ,Class 1,Class 1,Class 1,Class 1,200 GORGIE ROAD,EH11 2NX,2574
323056.8086,672322.351199999,charity shop, ,Class 1,Class 1,Class 1,Class 1,202 GORGIE ROAD,EH11 2NX,2575
323051.8617,672320.6702,hairdresser, ,Class 1,Class 1,Class 1,Class 1,204 GORGIE ROAD,EH11 2NX,2576
323048.1383,672319.340500001,fishmonger, ,Class 1,Class 1,Class 1,Class 1,206 GORGIE ROAD,EH11 2NX,2577
323044.415,672318.276699999,fancy goods, ,Class 1,Class 1,Class 1,Class 1,208 GORGIE ROAD,EH11 2NX,2578
323023.7126,672309.340500001,radio tv, ,Class 1,Class 1,Class 1,Vacant,212 GORGIE ROAD,EH11 2PN,2579
323018.9255,672307.2129,grocer, ,Class 1,Class 1,Class 1,Class 1,214 GORGIE ROAD,EH11 2PN,2580
323011.8617,672304.7448,hardware, ,Class 1,Class 1,Class 1,Class 1,216 GORGIE ROAD,EH11 2PN,2581
323007.8724,672303.1491,hardware, ,Class 1,Class 1,Class 1,Class 1,218 GORGIE ROAD,EH11 2PN,2582
323004.415,672301.553400001,bakery, ,Class 1,Class 1,Class 1,Class 1,222 GORGIE ROAD,EH11 2PN,2583
324408,672511,grocer, ,Class 1,Class 4,Class 4,Class 4,139 GILMORE PLA,EH3 9PP,2584
324386.2678,672496.699899999,vacant, ,Vacant,Class 2, ,Class 2,141 GILMORE PLA,EH3 9PW,2585
324382.6393,672493.978499999,leather goods, ,Class 1,Class 4,Class 4,Class 4,143 GILMORE PLA,EH3 9PW,2586
324379.0108,672491.257099999,plumbers, ,Class 4,Class 4,Class 4,Class 4,145 GILMORE PLA,EH3 9PW,2587
324374.6393,672487.6285,accountants, ,Class 2,Vacant, , , , ,2588
324371.4643,672485.814300001,vacant, ,Vacant,Class 2,Class 9,Class 9, , ,2589
324367.8358,672483.092900001,grocer, ,Class 1,Vacant, , , , ,2590
324363.2786,672479.535700001,knitwear, ,Class 1,Class 1, , , , ,2591
324360.5572,672476.3607,dental lab., ,Class 2,Vacant, , , , ,2592
324356.4751,672473.185699999,2nd hand furniture, ,Class 1,Class 1, , , , ,2593
324351.825,672469.175000001,central radio taxis, ,Class 4,Class 4,Class 4,Class 4,163-165 GILMORE,EH3 9PW,2594
324347.7429,672466.453600001,restaurant, ,Class 3,Class 3,Class 3,Class 3,169-173 GILMORE,EH3 9PW,2595
324344.6285,672462.978499999,hot food t/a, ,SUI GENERIS,SUI GENERIS,SUI GENERIS,SUI GENERIS,175-177 GILMORE,EH3 9PW,2596
324341.0,672460.257099999,furniture restorer, ,Class 4,Class 4, , , , ,2597
324336.4643,672456.6285,beauty parlour, ,Class 11, , , , , ,2598
324332.8035,672452.885600001,charity, ,Class 1,Class 2,Class 2,Class 2,185 GILMORE PLA,EH3 9PW,2599
324328.2678,672449.257099999,tools, ,Class 1,Vacant,Vacant,Vacant,187 GILMORE PLA,EH3 9PW,2600
324323.2786,672446.0821,vacant, ,Vacant,Class 1,Class 1,Class 9, , ,2601
324319.1965,672442.907099999,decorators, ,Class 4,Class 4,Class 4,Class 9, , ,2602
324315.1144,672439.7322,decorator, ,Class 4,Class 4,Class 4,Vacant, , ,2603
324307.1965,672433.453600001,estate agent, ,Class 2,Vacant,Class 2,Vacant,197 GILMORE PLA,EH3 9PW,2604
324806.7494,672739.503599999,grocer,Khyber Stores,Class 1,Class 1, , , , ,2605
324801,672743,office, ,Class 4,Class 9, , , , ,2606
324793,672741,doctor, ,Class 2,Class 2, , , , ,2607
324605,672694,jewellery, ,Class 1,Class 1,Class 1,Vacant,50C GILMORE PLA,EH3 9NX,2608
324546,672669,service station, ,SUI GENERIS,SUI GENERIS,SUI GENERIS,SUI GENERIS,66 GILMORE PLAC,EH3 9NX,2609
324559,672669,kindergarten,Rainbow,Class 4,Class 10,Class 10,Class 10, , ,2610
324515,672638,grocer, ,Class 1,Class 1, , , , ,2611
324559,672669,wool, ,Class 1,Class 1,Class 9,Class 9, , ,2612
324515,672638,video film hire, ,Class 1,Class 1, , , , ,2613
327712.2419,675801.758099999,chemist, ,Class 1,Class 1, , , , ,2614
324671.6501,674523.125299999,betting shop, ,Class 2,Class 1,Class 1,Class 1,1 GLANVILLE PLA,EH3 6SZ,2615
324667.2861,674526.9858,"locks, nameplates, key cutting", ,Class 1,Class 1,Vacant,Class 1,3 GLANVILLE PLA,EH3 6SZ,2616
324658.9221,674534.5177,"wallpaper, paints", ,Class 1,Class 3,Class 3,Class 3,4-6 GLANVILLE P,EH3 6SZ,2617
319183,672870,restaurant, ,Class 3,Class 3,Class 3,Class 3,23 GLASGOW ROAD,EH12 8HW,2618
318020.9103,672664.722200001,garden centre *est. shop flsp., ,Class 1,Class 1, , , , ,2619
319218.0943,672928.677100001,hairdresser, ,Class 1,Class 1,Class 1,Class 1,14 GLASGOW ROAD,EH12 8HL,2620
319214.4612,672927.727399999,n/t/c, ,Class 1,Class 1,Class 1,SUI GENERIS,18 GLASGOW ROAD,EH12 8HL,2621
319210.9497,672926.849099999,hot food t/a, ,SUI GENERIS,SUI GENERIS, , , , ,2622
319206.6897,672925.9937,pet shop, ,Class 1,SUI GENERIS, , , , ,2623
319203.3354,672925.157199999,n/t/c, ,Class 1,Class 1,Class 1,Class 1,24 GLASGOW ROAD,EH12 8HL,2624
319199.3103,672924.3166,vacant, ,Vacant,Class 1, , , , ,2625
319195.6206,672923.6457,electrical parts, ,Class 1,Class 1,SUI GENERIS,SUI GENERIS,28 GLASGOW ROAD,EH12 8HL,2626
318310.1558,672783.4037,grocer, ,Class 1,Class 9,Class 1,Class 1,144A GLASGOW RO,EH12 8LS,2627
324517.8477,674884.974300001,grocer (lic), ,Class 1,Vacant, , , , ,2628
327780.3608,669993.343599999,vacant, ,Vacant,Vacant,Vacant,Class 1,33 GLENVARLOCH,EH16 6AS,2629
327775.2955,669991.9175,greengrocer, ,Class 1,Vacant,Class 4,Class 9, , ,2630
327769.3608,669990.343599999,n/t/c, ,Class 1,Class 1,Class 1, , , ,2631
327761.3608,669988.343599999,grocer, ,Class 1,Class 1, ,Class 1,39-45 GLENVARLO,EH16 6AS,2632
327754.33,669986.426100001,womenswear, ,Class 1,Vacant,Class 4,Vacant, , ,2633
327747.9347,669984.982799999,butcher, ,Class 1,Class 1,Class 1,Class 9, , ,2634
327741.7045,669983.982799999,vacant, ,Vacant,Class 1, , , , ,2635
327731.1478,669981.982799999,hairdresser, ,Class 1,Class 1,Class 1,Class 9,55 GLENVARLOCH,EH16 6AS,2636
327724.9347,669980.982799999,bakers, ,Class 1,Class 1,Class 1,Vacant,59 GLENVARLOCH,EH16 6AS,2637
327717.9347,669979.982799999,vacant, ,Vacant,Vacant,Class 9,Class 9, , ,2638
327709.5739,669978.556700001,post office, ,Class 1,Class 1,Class 1,Vacant,65 GLENVARLOCH,EH16 6AS,2639
327700.3608,669977.556700001,decorators, ,Class 4,Class 4, , , , ,2640
324688.2245,674452.9221,restaurant, ,Class 3,Class 3,Class 3,Class 3,8 GLOUCESTER ST,EH3 6EG,2641
317213,670869,garden centre *est. shop flsp., ,Class 1,Class 1, , , , ,2642
323332.2129,672408.797900001,public house, ,SUI GENERIS,SUI GENERIS,SUI GENERIS,SUI GENERIS,73 GORGIE ROAD,EH11 2LA,2643
323217.8617,672361.053099999,launderette, ,Class 1,Class 1,Class 1,Class 1,123 GORGIE ROAD,EH11 1TE,2644
323214.4043,672358.3936,betting shop, ,Class 2,Vacant,Vacant,Vacant,125 GORGIE ROAD,EH11 1TE,2645
323210.415,672355.733999999,joiner, ,Class 4,Class 4,Class 1,Class 1,127 GORGIE ROAD,EH11 1TE,2646
323191.734,672343.2552,sportswear, ,Class 1,Class 1,Vacant,Class 1,129 GORGIE ROAD,EH11 1TH,2647
323186.415,672340.0638,thrift shop, ,Class 1,Class 1,Class 11,Class 1,131 GORGIE ROAD,EH11 1TH,2648
323179.5957,672336.521199999,dry cleaner, ,Class 1,Vacant,Class 1,Class 1,133 GORGIE ROAD,EH11 1TH,2649
323176.6702,672334.3936,tv repairs, ,Class 1,Class 2,Class 2,Class 2,135 GORGIE ROAD,EH11 1TH,2650
323172.415,672332.5319,childrens + ladies clothes, ,Class 1,Class 1,Class 1,Class 1,139 GORGIE ROAD,EH11 1TH,2651
323101.734,672309.521199999,vacant, ,Vacant,Class 4,Class 4,Class 4,165 GORGIE ROAD,EH11 1TJ,2652
323097.2129,672307.9255,estate agent, ,Class 2,Class 2,Class 2,Class 2,169 GORGIE ROAD,EH11 1TJ,2653
323090.8617,672306.2552,bicycles, ,Class 1,Class 1,Class 1,Class 2,171 GORGIE ROAD,EH11 1TJ,2654
323086.6064,672304.3936,butcher, ,Class 1,Class 1,Class 1,Class 1,173 GORGIE ROAD,EH11 1TJ,2655
323081.8193,672303.0638,ladies wear, ,Class 1,Class 1,Class 1,Class 1,177 GORGIE ROAD,EH11 1TJ,2656
323060.1276,672294.3828,video film hire, ,Class 1,Class 1,Class 1,Class 1,179 GORGIE ROAD,EH11 1TT,2657
323054.8086,672291.9893,grocer (lic), ,Class 1,Vacant,Class 3,UNKNOWN USE,183-185 GORGIE,EH11 1TT,2658
323047.7233,672289.116900001,video film hire, ,Class 1,Vacant,Class 11,Class 1,187 GORGIE ROAD,EH11 1TT,2659
323043.734,672287.2552,florist, ,Class 1,Class 1,Class 1,Class 1,189 GORGIE ROAD,EH11 1TT,2660
323040.2767,672285.9255,greeting cards, ,Class 1,Class 2,Class 1,Class 1,193 GORGIE ROAD,EH11 1TT,2661
323035.6064,672283.723300001,restaurant, ,Class 3,SUI GENERIS,SUI GENERIS,SUI GENERIS,195 GORGIE ROAD,EH11 1TT,2662
323030.5534,672281.595699999,photograph studio, ,Class 2,Class 2,Class 1,Class 1,199 GORGIE ROAD,EH11 1TT,2663
323024.266,672278.446599999,off licence, ,Class 1,Class 1,Class 1,Class 1,201 GORGIE ROAD,EH11 1TT,2664
323020.8086,672276.8509,bookshop, ,Class 1,Vacant,Class 1,Class 2,203 GORGIE ROAD,EH11 1TT,2665
323017.0853,672275.521199999,betting shop, ,Class 2,Class 2,Class 2,Class 2,205-207 GORGIE,EH11 1TT,2666
322995.5319,672267.4574,greengrocer, ,Class 1,Vacant,Class 2,Class 2,213 GORGIE ROAD,EH11 1TU,2667
322990.7448,672266.127599999,electrical parts/repairs, ,Class 1,Class 1,Class 1,Class 1,217 GORGIE ROAD,EH11 1TU,2668
322986.2236,672264.5319,n/t/c, ,Class 1,Class 1,Class 1,Class 1,219 GORGIE ROAD,EH11 1TU,2669
322964.415,672255.797900001,ladies clothes/alterations, ,Class 1,Class 9,residential,residential, , ,2670
322955.405,672251.8193,public house, ,SUI GENERIS,SUI GENERIS,SUI GENERIS,SUI GENERIS,227-229 GORGIE,EH11 1TU,2671
322880.319,672225.9255,vacant, ,Vacant,Vacant, , , , ,2672
322874.4681,672224.3298,jewellers, ,Class 1,Vacant, , , , ,2673
322871.0107,672223.5319,n/t/c, ,Class 1,Vacant,SUI GENERIS,SUI GENERIS,257 GORGIE ROAD,EH11 1TX,2674
322867.0,672222.191400001,post office, ,Class 1,Class 1,Class 1,Vacant,259 GORGIE ROAD,EH11 1TX,2675
322862.4466,672220.8617,betting shop, ,Class 2,Vacant, , , , ,2676
322855.266,672219.0,confectionery, ,Class 1,Class 1, , , , ,2677
322851.8086,672217.9362,n/t/c, ,Class 1,Class 1,SUI GENERIS,Class 1,267 GORGIE ROAD,EH11 1TX,2678
322847.5534,672216.872400001,grocer (lic), ,Class 1,Class 1,Class 1,Class 1,269 GORGIE ROAD,EH11 1TX,2679
322317.3482,671865.7776,public house, ,SUI GENERIS,SUI GENERIS,SUI GENERIS,SUI GENERIS,437 GORGIE ROAD,EH11 2RT,2680
322053.3559,671706.177999999,tools, ,Class 1,Class 1, , , , ,2681
322040.6228,671700.125700001,public house, ,SUI GENERIS,SUI GENERIS,SUI GENERIS,SUI GENERIS,(477A) GORGIE R,EH11 3AD,2682
321942.2592,671649.3927,vidio film hire, ,Class 1,Class 1,Class 9,Class 9, , ,2683
321937.3849,671646.259199999,hairdresser, ,Class 1,Class 1,Class 1,Class 1,503B GORGIE ROA,EH11 3AJ,2684
323464.1914,672477.2129,bank, ,Class 2,Vacant,Vacant,Class 9, , ,2685
323451.1276,672473.808599999,heating and electrical supplies, ,Class 1,Class 1,Class 1,Class 1,14-16 GORGIE RO,EH11 2LZ,2686
323436.585,672469.872400001,furniture, ,Class 1,Class 1, , , , ,2687
323172.4043,672365.351199999,hot food t/a, ,SUI GENERIS,Class 1, , , , ,2688
323167.7871,672362.404300001,video film hire, ,Class 1,Vacant,Vacant,Class 1,140 GORGIE ROAD,EH11 2NS,2689
323164.0638,672360.5426,bakery, ,Class 1,Class 1,Class 1,Class 1,142 GORGIE ROAD,EH11 2NS,2690
323160.0745,672358.946900001,chemist, ,Class 1,Class 1,Class 1,Class 1,146-148 GORGIE,EH11 2NS,2691
322999.3083,672298.659499999,baker, ,Class 1,Class 1,Class 1,Class 1,224 GORGIE ROAD,EH11 2PN,2692
322995.319,672297.0638,solicitor/est ag/bldg soc, ,Class 2,Class 2,Class 2,Class 1,226 GORGIE ROAD,EH11 2PN,2693
322991.0638,672295.4681,chemist - boots, ,Class 1,Class 1, , , , ,2694
322974.1169,672289.777000001,supermarket,Scotmid,Class 1,Class 1,Class 1,Class 1,234-236 GORGIE,EH11 2PL,2695
322962.3083,672285.191400001,store, ,Class 6,Vacant,Vacant,Vacant,242 GORGIE ROAD,EH11 2PL,2696
322959.6488,672283.8617,hairdresser, ,Class 1,Vacant,Class 1,Class 1,244 GORGIE ROAD,EH11 2PL,2697
322956.9893,672282.797900001,butcher, ,Class 1,Class 1, , , , ,2698
322950.8724,672280.9362,greengrocer, ,Class 1,Vacant, , , , ,2699
322947.681,672279.872400001,grocer, ,Class 1,SUI GENERIS,SUI GENERIS,SUI GENERIS,252 GORGIE ROAD,EH11 2PL,2700
322939.5319,672277.351199999,betting shop, ,Class 2,Class 2,Class 11,Class 1,254-256 GORGIE,EH11 2PL,2701
322913.5212,672268.0745,gents and sportswear, ,Class 1,Class 1,Class 1,Class 1,260 GORGIE ROAD,EH11 2PP,2702
322908.734,672266.7448,butcher, ,Class 1,Class 1,Class 1,Class 1,264 GORGIE ROAD,EH11 2PP,2703
322903.9469,672264.6172,shoe repair, ,Class 1,Class 1,Class 1,Class 1,266 GORGIE ROAD,EH11 2PP,2704
322892.0,672261.2129,citizens advice bureau, ,Class 2,Class 2,Vacant,Class 2,268-270 GORGIE,EH11 2PP,2705
322880.4466,672257.872400001,electrical, ,Class 1,Class 1,Class 1,Vacant,274-284 GORGIE,EH11 2PP,2706
322875.1276,672256.0107,motor accessories, ,Class 1,Class 1,Class 1,Class 1,288 GORGIE ROAD,EH11 2PP,2707
322869.0107,672254.414999999,ladies clothes, ,Class 1,Class 1,Vacant,Class 1,290 GORGIE ROAD,EH11 2PP,2708
322863.5319,672252.681,hairdresser, ,Class 1,Class 1,Class 1,Class 1,292 GORGIE ROAD,EH11 2PP,2709
322859.5426,672251.6172,dental technician, ,Class 2,Class 2,Class 2,Vacant,294 GORGIE ROAD,EH11 2PP,2710
322856.0853,672250.2874,coffee shop, ,Class 3,Class 3,Class 3,Class 3,298 GORGIE ROAD,EH11 2PP,2711
322845.9362,672247.6064,bank, ,Class 2,Class 2,Vacant,Class 1,302-306 GORGIE,EH11 2PP,2712
324273.8265,676160.6084,confectioner / tobacconist, ,Class 1,Class 1,Class 1,Class 1,28 GRANTON ROAD,EH5 3QS,2713
324272.7608,676167.736099999,veterinary surgery, ,Class 2,Class 2,Class 2,Class 2, , ,2714
324272.3482,676172.2392,hairdresser, ,Class 1,Class 1,Class 1,Class 1,36 GRANTON ROAD,EH5 3QS,2715
324271.7831,676175.3259,office, ,Class 4,Class 1, , , , ,2716
324271.2615,676180.717499999,office, ,Class 4,Class 1, , , , ,2717
324269.6741,676188.8265,hairdresser, ,Class 1,Class 1,Class 1,Class 1,46 GRANTON ROAD,EH5 3QS,2718
324266.544,676211.7608,n/t/c, ,Class 1,Class 1,Vacant,Class 1,48 GRANTON ROAD,EH5 3QU,2719
324265.8265,676216.2392,hot food t/a, ,SUI GENERIS,SUI GENERIS,SUI GENERIS,SUI GENERIS,50 GRANTON ROAD,EH5 3QU,2720
324260.544,676248.108999999,licensed grocer, ,Class 1,Class 1,Class 1,Class 1,56 GRANTON ROAD,EH5 3QU,2721
324259.4572,676254.956599999,"florist, garden equipment", ,Class 1,Class 1,Class 1,Class 1,62 GRANTON ROAD,EH5 3QU,2722
324258.7398,676260.434900001,grocer, ,Class 1,Class 1,Class 1,Class 1,64 GRANTON ROAD,EH5 3QU,2723
324234.3048,676423.348200001,hairdresser, ,Class 1,Class 1,Class 2,Class 2,110 GRANTON ROA,EH5 3RE,2724
324230.3482,676426.6741,hairdresser, ,Class 1,Class 1,Class 1,Class 1,112 GRANTON ROA,EH5 3RE,2725
324226.9133,676429.348200001,chemist, ,Class 1,Class 1,Class 1,Class 1,114-116 GRANTON,EH5 3RE,2726
324220.3048,676459.1735,licensed grocer, ,Class 1,Vacant,Class 11,Class 11,122-126 GRANTON,EH5 3RF,2727
324227.3048,676471.891000001,joinery tools, ,Class 1,Vacant,Class 1,Class 1,128 GRANTON ROA,EH5 3RF,2728
323665.5965,677111.2017,bank, ,Class 2,Vacant,Class 2,Class 2,2 GRANTON SQUAR,EH5 1HE,2729
323736.2017,677071.4035,hot food t/a + cafe, ,SUI GENERIS,SUI GENERIS,SUI GENERIS,SUI GENERIS,6 GRANTON SQUAR,EH5 1HA,2730
325271.5824,673327.0437,d-i-y goods, ,Class 1,Class 1,Class 1,Class 1,1 GRASSMARKET,EH1 2HY,2731
325277.9832,673317.2755,d-i-y goods,Castle D.I.Y.,Class 1,Class 1,Class 1,Vacant,5 GRASSMARKET,EH1 2HY,2732
325280.906,673311.7223,toys,Helios Fountain,Class 1,Class 1,Class 1,Class 1,7 GRASSMARKET,EH1 2HY,2733
325283.812,673299.862199999,public house, ,SUI GENERIS,SUI GENERIS,SUI GENERIS,SUI GENERIS,9-11 GRASSMARKE,EH1 2HY,2734
325311.4468,673291.753599999,ladies clothes, ,Class 1,Class 1,Class 1,Vacant,15 GRASSMARKET,EH1 2HS,2735
325315.5386,673293.7996,butcher, ,Class 1,Class 1,Class 1,Class 1,19 GRASSMARKET,EH1 2HS,2736
325320.9082,673296.507300001,grocer, ,Class 1,Class 1,Class 1,Class 3,21 GRASSMARKET,EH1 2HS,2737
325324.1232,673297.968699999,antiques, ,Class 1,Class 1,Class 1,Class 1,23 GRASSMARKET,EH1 2HS,2738
325331.3695,673300.968699999,antiques, ,Class 1,Class 2,Class 1,Class 1,27 GRASSMARKET,EH1 2HS,2739
325335.1691,673302.7223,general clothing, ,Class 1,Class 1,Class 1,Class 1,29 GRASSMARKET,EH1 2HS,2740
325460.5386,673360.091800001,housing office, ,Class 4,Class 1,Class 1,Class 1,63 GRASSMARKET,EH1 2HJ,2741
325504.5386,673382.215,antiques, ,Class 1,Class 1,Class 1,Class 1,83 GRASSMARKET,EH1 2HJ,2742
325517.1232,673387.215,restaurant, ,Class 3,SUI GENERIS,SUI GENERIS,SUI GENERIS,87 GRASSMARKET,EH1 2HJ,2743
325294.7996,673349.1545,antiques, ,Class 1,Vacant, , , , ,2744
325306.2923,673346.785,jewellery, ,Class 1,Class 1,Class 3,Class 3,10 GRASSMARKET,EH1 2JU,2745
322780.5212,672233.0107,public house, ,SUI GENERIS,SUI GENERIS,SUI GENERIS,SUI GENERIS,316-320 GORGIE,EH11 2QZ,2746
322698.4894,672215.5996,n/t/c, ,Class 1,Class 1,Vacant,Class 1,340 GORGIE ROAD,EH11 2QU,2747
322693.9633,672214.5551,vacant, ,Vacant,Vacant,Vacant,Class 3,342 GORGIE ROAD,EH11 2QU,2748
322687.6963,672213.8588,hot food take-away, ,SUI GENERIS,SUI GENERIS,SUI GENERIS,SUI GENERIS,346 GORGIE ROAD,EH11 2QU,2749
322660.7505,672207.1412,tools, ,Class 1,Class 1,Class 1,Class 1,348-350 GORGIE,EH11 2RQ,2750
322656.2244,672206.0967,grocer, ,Class 1,Class 1,Class 1,Class 1,352 GORGIE ROAD,EH11 2RQ,2751
322647.1722,672204.0077,carpets, ,Class 1,Class 1, , , , ,2752
325368.242,673372.229599999,gifts, ,Class 1,Class 3,Class 3,Class 3,38-40 GRASSMARK,EH1 2JU,2753
325376.7996,673375.661800001,ladies clothes, ,Class 1,Class 1,Class 1,Class 1,42 GRASSMARKET,EH1 2JU,2754
325417,673390,antiques, ,Class 1,Class 3,Class 3,Class 3,60-64 GRASSMARK,EH1 2JR,2755
325422.1232,673393.1545,restaurant, ,Class 3,Class 3,Class 3,Class 3, , ,2756
325428.0459,673395.770400001,general clothing, ,Class 1,Class 1,Class 1,Class 1,66 GRASSMARKET,EH1 2JR,2757
325436.9227,673398.908199999,ladies clothes,Droopy & Browns,Class 1,Vacant,Class 1,Class 1,70-72 GRASSMARK,EH1 2JR,2758
325446.215,673403.7391,public house, ,SUI GENERIS,SUI GENERIS,SUI GENERIS,SUI GENERIS,74-78 GRASSMARK,EH1 2JR,2759
325454.3382,673407.862199999,ladies clothes, ,Class 1,Class 1,Class 1,Class 1,86 GRASSMARKET,EH1 2JR,2760
325457.5532,673409.3236,betting shop, ,Class 2,Class 1,Class 1,Class 1,88 GRASSMARKET,EH1 2JR,2761
325461.6305,673412.2004,public house, ,SUI GENERIS,SUI GENERIS,SUI GENERIS,SUI GENERIS,92 GRASSMARKET,EH1 2JR,2762
326935.0835,675905.549699999,hairdresser, ,Class 1,Class 1, , , , ,2763
326931.0312,675910.2774,public house, ,SUI GENERIS,SUI GENERIS,SUI GENERIS,Class 2,5 GREAT JUNCTIO,EH6 5HX,2764
324873.2492,673279.501700001,chiropodist, ,Class 2,Vacant,Class 1,Class 1,24 GRINDLAY STR,EH3 9AP,2765
322638.1199,672201.9188,driving school, ,Class 4,Class 1, , , , ,2766
322633.2457,672200.874299999,insurance, ,Class 4,Class 1, , , , ,2767
322623.149,672197.740800001,shoes, ,Class 1,Class 4, , , , ,2768
322615.4894,672194.955499999,hairdresser, ,Class 1,Class 1,Class 1,Class 2,372 GORGIE ROAD,EH11 2RQ,2769
322608.5261,672193.2147,vacant, ,Vacant,Vacant,Vacant,Class 1,376 GORGIE ROAD,EH11 2RQ,2770
322596.3404,672187.9923,doors/windows, ,Class 2,Class 1, , , , ,2771
322584.851,672182.421700001,hot food take-away, ,SUI GENERIS,SUI GENERIS,SUI GENERIS,SUI GENERIS,386 GORGIE ROAD,EH11 2RQ,2772
322577.2224,672177.822000001,hot food take-away, ,SUI GENERIS,SUI GENERIS,SUI GENERIS,SUI GENERIS,388 GORGIE ROAD,EH11 2RQ,2773
322572.3482,672175.036699999,grocer (lic), ,Class 1,Class 1,Class 1,Class 1,390 GORGIE ROAD,EH11 2RQ,2774
322388,672025,car showroom, ,SUI GENERIS,SUI GENERIS, , , , ,2775
322322.3636,671921.274700001,veterinary practice, ,Class 2,Class 1,Class 1,Class 1,472 GORGIE ROAD,EH11 2RY,2776
322319.2302,671917.4449,vidio film hire, ,Class 1,Class 1,Class 1,Class 1,474 GORGIE ROAD,EH11 2RY,2777
322315.7486,671913.266899999,pets parlour, ,Class 2,Class 2,Class 2,Class 2,478 GORGIE ROAD,EH11 2RY,2778
322312.2669,671909.7853,hairdresser, ,Class 1,Class 1, , , , ,2779
321920.9652,671678.905200001,service station, ,SUI GENERIS,Car park, , , , ,2780
321894.0077,671655.125700001,public house, ,SUI GENERIS,SUI GENERIS,SUI GENERIS,SUI GENERIS,536 GORGIE ROAD,EH11 3AL,2781
321888.9188,671652.562899999,hot food t/a, ,SUI GENERIS,SUI GENERIS,SUI GENERIS,SUI GENERIS,538 GORGIE ROAD,EH11 3AL,2782
321884.7563,671650.0077,hairdresser, ,Class 1,Class 4, , , , ,2783
321880.6963,671648.2147,dry cleaner, ,Class 1,Class 1,Class 1,Class 1,542 GORGIE ROAD,EH11 3AL,2784
321876.6963,671645.6073,off licence, ,Class 1,Class 1,Class 1,Class 2,544 GORGIE ROAD,EH11 3AL,2785
321872.6518,671642.6963,baker, ,Class 1,Class 1,Class 1,Class 1,546 GORGIE ROAD,EH11 3AL,2786
321868.9555,671640.3037,hot food t/a, ,SUI GENERIS,SUI GENERIS,SUI GENERIS,Class 1,548 GORGIE ROAD,EH11 3AL,2787
321865.3927,671638.2147,hot food t/a, ,SUI GENERIS,SUI GENERIS,SUI GENERIS,SUI GENERIS,550 GORGIE ROAD,EH11 3AL,2788
321859.6963,671635.6073,post office, ,Class 1,Class 1,Class 1,Class 1,552 GORGIE ROAD,EH11 3AL,2789
321856,671633,betting shop, ,Class 2,Class 2,Class 2,Class 1,554 GORGIE ROAD,EH11 3AL,2790
321851.3927,671630.955499999,greengrocer / florist, ,Class 1,Class 1,Class 1,Class 1,556 GORGIE ROAD,EH11 3AL,2791
321838.6073,671624.955499999,n/t/c, ,Class 1,Class 1,Class 1,Class 1,560 GORGIE ROAD,EH11 3AL,2792
321740.9392,671689.173900001,d.i.y.,B & Q,Class 1,Redeveloped, , , , ,2793
312953.8126,678416.759400001,fishmonger, ,Class 1,Class 1,Class 4,Class 4,4-6 GOTE LANE,EH30 9PS,2794
327825.8093,668267.742799999,vacant, ,Vacant,Vacant,Class 1,Class 1,1 GRACEMOUNT DR,EH16 6RR,2795
327823,668275,n/t/c, ,Class 1,Vacant,Class 1,Class 1,3 GRACEMOUNT DR,EH16 6RR,2796
327821.1619,668280.5809,chemist, ,Class 1,Class 1,Class 1,Class 1,5 GRACEMOUNT DR,EH16 6RR,2797
327818,668286,hairdresser, ,Class 1,Class 1,Vacant,Vacant,7 GRACEMOUNT DR,EH16 6RR,2798
327816.1619,668291.5809,baker, ,Class 1,Class 1,Class 1,Class 1,9 GRACEMOUNT DR,EH16 6RR,2799
327813.7428,668298.5809,greengrocer, ,Class 1,Class 1,Class 1,Class 1,11 GRACEMOUNT D,EH16 6RR,2800
327811.7428,668303.5809,butcher, ,Class 1,Vacant,Class 1,Class 4,13 GRACEMOUNT D,EH16 6RR,2801
327817.4191,668314.161900001,clothing, ,Class 1,SUI GENERIS,SUI GENERIS,SUI GENERIS,15 GRACEMOUNT D,EH16 6RR,2802
327822.0,668315.742799999,vacant, ,Vacant,Class 2,Class 2,Class 2,17 GRACEMOUNT D,EH16 6RR,2803
327831.0665,668320.3237,hot food take-away, ,SUI GENERIS,SUI GENERIS,SUI GENERIS,SUI GENERIS,19 GRACEMOUNT D,EH16 6RR,2804
327809,668354,supermarket,Scotmid,Class 1,Class 1,Class 1,Class 1,21 GRACEMOUNT D,EH16 6RP,2805
327881.3525,668305.867000001,public house, ,SUI GENERIS,SUI GENERIS, , , , ,2806
327813,668783,grocer (lic), ,Class 1,Class 1,Vacant,Class 1,94 GRACEMOUNT D,EH16 6QZ,2807
327813,668783,n/t/c, ,Class 1,Vacant,Vacant,SUI GENERIS,96 GRACEMOUNT D,EH16 6QZ,2808
326472.8759,671830.662699999,kitchen furniture, ,Class 1,Class 1,Class 1,Class 1,1 GRANGE LOAN,EH9 2NP,2809
326467.4582,671830.671399999,kitchen furniture, ,Class 1,Class 1, , , , ,2810
326460.5418,671849.694499999,vacant, ,Vacant,Class 2, , , , ,2811
326457.5012,671847.3803,woollens, ,Class 1,Class 1, , , , ,2812
326453.2132,671845.282400001,grocer, ,Class 1,Class 1,Vacant,Class 9, , ,2813
326449.0286,671842.296700001,cafe, ,Class 3,Class 3, , , , ,2814
326444.5418,671840.198899999,s.d.p. / liberal office, ,Class 4,Class 4, , , , ,2815
326441.4121,671837.9539,vacant, ,Vacant,Vacant, , , , ,2816
326437.2132,671835.1066,plumbers & electricians, ,Class 4,Class 4,Class 4,Class 4,22 GRANGE LOAN,EH9 2NR,2817
326432.6945,671831.717599999,dry cleaner, ,Class 1,Class 1,Class 1,Class 1,24 GRANGE LOAN,EH9 2NR,2818
326427.8473,671828.4582,curtain manufacturer, ,Class 4,Class 1,Class 1,Class 1,26 GRANGE LOAN,EH9 2NR,2819
326424.4582,671825.9165,insurance & investment, ,Class 4,Vacant,Class 4,Class 4,28 GRANGE LOAN,EH9 2NR,2820
326420.8703,671823.4121,furniture renovator, ,Class 4,Class 11,Class 4,Class 4,32 GRANGE LOAN,EH9 2NR,2821
326343.5073,672159.4614,knitting wool, ,Class 1,Class 1, , , , ,2822
326334.3382,672157.507300001,bric-a-brac, ,Class 1,Class 1,Class 2,Class 2,4 GRANGE ROAD,EH9 1UH,2823
326329.6618,672156.338199999,interior designer, ,Class 4,Class 4,Class 4,Class 4,5 GRANGE ROAD,EH9 1UH,2824
326322.9687,672153.7996,second-hand clothes, ,Class 1,Class 1,Class 1,Class 1,5A GRANGE ROAD,EH9 1UH,2825
326319.1691,672152.922700001,electrician, ,Class 4,Class 4, , , , ,2826
326306.1691,672149.876800001,wholesale business, ,Class 2,Class 2,Class 1,Class 1,7A GRANGE ROAD,EH9 1UH,2827
324260.3036,676465.2392,launderette, ,Class 1,Class 4, , , , ,2828
324236.6295,676610.651799999,tent repair service, ,Class 1,Class 1,Vacant,Class 1,133 GRANTON ROA,EH5 3NJ,2829
324235.4337,676616.1524,tent repair service, ,Class 1,Class 1,Vacant,Class 1,133A GRANTON RO,EH5 3NJ,2830
324234.4771,676622.1313,tow-bars & trailers, ,Class 1,Class 1,Class 1,Class 1,137 GRANTON ROA,EH5 3NJ,2831
324228.456,676663.6084,hot food take-away, ,SUI GENERIS,SUI GENERIS,SUI GENERIS,SUI GENERIS,145 GRANTON ROA,EH5 3NL,2832
324226.6952,676674.2169,n/t/c, ,Class 1,Class 1, , , , ,2833
324225.9777,676678.5217,butcher,R. & A. Jarvie,Class 1,Vacant, , , , ,2834
324225.2602,676683.0657,baker, ,Class 1,Class 1, , , , ,2835
324224.7819,676686.413899999,grocer, ,Class 1,Class 1,Class 1,Vacant,157 GRANTON ROA,EH5 3NL,2836
325313.1691,673349.785,public house,Black Bull,SUI GENERIS,SUI GENERIS,SUI GENERIS,SUI GENERIS,12 GRASSMARKET,EH1 2JU,2837
325333.1691,673357.615900001,restaurant, ,Class 3,SUI GENERIS,SUI GENERIS,SUI GENERIS,18-20 GRASSMARK,EH1 2JU,2838
325343.3987,673362.292300001,property centre, ,Class 4,Class 3, , , , ,2839
325350.121,673364.6305,restaurant, ,Class 3,Class 3, , , , ,2840
325357.785,673367.3695,public house, ,SUI GENERIS,SUI GENERIS,SUI GENERIS,SUI GENERIS,34 GRASSMARKET,EH1 2JU,2841
324868.2501,673281.750800001,confectioner, ,Class 1,Class 1,Vacant,Vacant,28 GRINDLAY STR,EH3 9AP,2842
324855.5074,673287.261499999,restaurant, ,Class 3,Class 3,Class 3,Class 3,32-34 GRINDLAY,EH3 9AP,2843
324845.2535,673292.752699999,public house, ,SUI GENERIS,SUI GENERIS,SUI GENERIS,SUI GENERIS,40-42 GRINDLAY,EH3 9AP,2844
324834.7523,673298.253,restaurant, ,Class 3,Vacant,Class 3,Class 3,44 GRINDLAY STR,EH3 9AP,2845
324825.9981,673302.505000001,n/t/c, ,Class 1,Class 1, , , , ,2846
322027.9848,675539.811899999,betting shop, ,Class 2,Class 2,Class 2,Class 2,4-4A GROATHILL,EH4 2SW,2847
322030.8645,675532.759400001,hot food t/a, ,SUI GENERIS,SUI GENERIS,SUI GENERIS,SUI GENERIS,6 GROATHILL ROA,EH4 2SW,2848
322032.1577,675527.879699999,chemist, ,Class 1,Class 1,Vacant,Class 1,8 GROATHILL ROA,EH4 2SW,2849
322033.5713,675523.4661,hot food t/a, ,SUI GENERIS,SUI GENERIS,SUI GENERIS,SUI GENERIS,8A GROATHILL RO,EH4 2SW,2850
322034.5713,675519.172900001,vacant, ,Vacant,Class 1,Class 1,Class 1,10 GROATHILL RO,EH4 2SW,2851
322035.8645,675515.0526,hairdresser, ,Class 1,Class 1, , , , ,2852
322036.8645,675510.0,grocer, ,Class 1,Class 1, , , , ,2853
324118.6352,673288.0814,restaurant, ,Class 3,Class 3,Class 3,Class 3,1(GF)-3 GROSVEN,EH12 5ED,2854
324088.0,673265.9869,bank, ,Class 2,Class 2,Vacant,Class 3,2 GROSVENOR STR,EH12 5EG,2855
324353.7674,673212.862600001,vacant, ,Vacant,Class 1,Vacant,Class 3,1 GROVE STREET,EH3 8AF,2856
324355.2139,673208.2601,restaurant, ,Class 3,Class 3,Vacant,Vacant,3 GROVE STREET,EH3 8AF,2857
324356.7919,673203.263,video repairs,Edinburgh Video Centre,Class 1,Class 1,Class 1,Class 1,7-9 GROVE STREE,EH3 8AF,2858
324358.5015,673198.134400001,upholsterer, ,Class 4,Class 4,Class 2,Class 2,11 GROVE STREET,EH3 8AF,2859
326926.5548,675915.2985,men's clothing, ,Class 1,Class 1,Class 1,Class 1,7 GREAT JUNCTIO,EH6 5HX,2860
326923.6173,675918.932399999,building society, ,Class 2,Class 1,Vacant,Vacant,11 GREAT JUNCTI,EH6 5HX,2861
326919.801,675923.403100001,clothing, ,Class 1,Class 1,Class 1,Class 1,13 GREAT JUNCTI,EH6 5HX,2862
326916.8744,675927.005100001,grocer, ,Class 1,Class 1,Class 1,Class 1,15 GREAT JUNCTI,EH6 5HX,2863
326912.7277,675932.198999999,hot food t/a, ,SUI GENERIS,Class 1,Class 1, , , ,2864
326902.8272,675943.3769,travel agent, ,Class 1,Class 1,Class 1,Class 1,23-29 GREAT JUN,EH6 5HX,2865
326898.1569,675948.172800001,grocer, ,Class 1,Class 1,Class 1,Vacant,33 GREAT JUNCTI,EH6 5HX,2866
326894.3297,675952.6754,estate agent, ,Class 2,Class 1,Class 1,Class 1,35 GREAT JUNCTI,EH6 5HX,2867
326890.0523,675957.1779,public house, ,SUI GENERIS,SUI GENERIS,SUI GENERIS,SUI GENERIS,39 GREAT JUNCTI,EH6 5HX,2868
326884.8061,675963.2985,betting shop, ,Class 2,Class 2,Class 2,Class 2,41-43 GREAT JUN,EH6 5HX,2869
326880.5287,675967.5759,"dress material, fancy goods", ,Class 1,Class 1,Class 1,Class 1,47 GREAT JUNCTI,EH6 5HX,2870
326876.9267,675971.8533,chemist, ,Class 1,Class 1,Class 1,Class 1,49 GREAT JUNCTI,EH6 5HX,2871
326870.9789,675977.874399999,butcher, ,Class 1,Class 1,Class 1,Class 1,51 GREAT JUNCTI,EH6 5HX,2872
326868.5025,675980.801000001,greengrocer, ,Class 1,Class 1,Class 1,Class 1,53 GREAT JUNCTI,EH6 5HX,2873
326865.801,675984.1779,shoe repairs, ,Class 1,Class 1,Class 1,Class 1,57 GREAT JUNCTI,EH6 5HX,2874
326863.3246,675987.5548,grocer, ,Class 1,Class 1,Class 1,Class 1,59 GREAT JUNCTI,EH6 5HX,2875
326859.8533,675991.5759,hairdresser, ,Class 1,Class 1,Vacant,Class 1,61 GREAT JUNCTI,EH6 5HX,2876
326856.7015,675995.6282,videotape hire, ,Class 1,Vacant,Class 1,Class 2,63 GREAT JUNCTI,EH6 5HX,2877
326853.6717,675999.229499999,off license, ,Class 1,Class 1,Class 1,Vacant,67 GREAT JUNCTI,EH6 5HX,2878
326840.9528,676014.602,car & m/c accessories, ,SUI GENERIS,Class 2,Class 1,Class 1,69-73 GREAT JUN,EH6 5HZ,2879
326836.0784,676021.0995,dry cleaner, ,Class 1,Class 1,Class 1,Class 1,75 GREAT JUNCTI,EH6 5HZ,2880
326831.5759,676026.502499999,photographic studio, ,Class 2,Vacant,Class 1,Class 1,79 GREAT JUNCTI,EH6 5HZ,2881
326819.4764,676039.5759,undertakers, ,Class 1,Class 1,Class 1,Class 1,83-89 GREAT JUN,EH6 5HZ,2882
326751.0784,676116.3718,restaurant, ,Class 3,Class 3,Class 3,Class 3,127 GREAT JUNCT,EH6 5JB,2883
326747.7015,676120.6492,vacant, ,Vacant,Class 1,Class 1,Vacant,131 GREAT JUNCT,EH6 5JB,2884
326744.3246,676125.151799999,grocer, ,Class 1,Class 1,Class 1,Class 1,133 GREAT JUNCT,EH6 5JB,2885
326740,676129,post office, ,Class 1,Class 1,Class 1,Class 1,135 GREAT JUNCT,EH6 5JB,2886
326736.6282,676133.398,records & cassette tapes, ,Class 1,Class 1,Class 1,Class 1,137 GREAT JUNCT,EH6 5JB,2887
326733.0261,676137.9005,n/t/c, ,Class 1,Class 1,Class 1,Class 2,141 GREAT JUNCT,EH6 5JB,2888
326729.8744,676141.727700001,furniture (second hand), ,Class 1,Class 1,Vacant,Class 1,143 GREAT JUNCT,EH6 5JB,2889
326715.6282,676159.7487,bank, ,Class 2,Vacant,Class 2,Class 1,145 GREAT JUNCT,EH6 5LG,2890
326712.7015,676163.3508,household drapery, ,Class 1,Class 1, , , , ,2891
326706.6231,676170.329700001,shoes, ,Class 1,Class 1, , , , ,2892
326701.1518,676176.3769,hot food take-away, ,SUI GENERIS,SUI GENERIS,Vacant,SUI GENERIS,155 GREAT JUNCT,EH6 5LG,2893
326690.8272,676188.774900001,leather goods, ,Class 1,Class 1,Vacant,Class 4,159 GREAT JUNCT,EH6 5LG,2894
326687.4503,676192.602,ladies' & gents' clothing, ,Class 1,Class 1,Class 1,Class 2, , ,2895
326681.602,676199.874399999,knitting wool, ,Class 1,Class 1, , , , ,2896
324877.2511,673277.500700001,musical instruments, ,Class 1,Class 1,Class 1,Class 1,22 GRINDLAY STR,EH3 9AP,2897
324360.6359,673191.4465,signwriter, ,Class 4,Class 4,Class 2,Class 4,13 GROVE STREET,EH3 8AF,2898
324361.9509,673186.844000001,bagpipe maker, ,Class 1,Vacant, , , , ,2899
324457.0315,672911.478800001,vacant, ,Vacant,Class 9, , , , ,2900
324389.658,673040.658,vacant, ,Vacant,Class 9, , , , ,2901
324391.5212,673035.378900001,video film hire, ,Class 1,Class 4,Class 2,Class 2,36A GROVE STREE,EH3 8AZ,2902
324403.4843,672999.8632,fancy goods, ,Class 1,Vacant, , , , ,2903
324421.9002,672952.3105,hairdresser, ,Class 1,Class 1,Class 1,Class 1,54 GROVE STREET,EH3 8AT,2904
324423.7634,672947.342,antiques, ,Class 1,Class 4,Class 1,Class 1,58 GROVE STREET,EH3 8AT,2905
324429.6211,672930.1053,grocer, ,Class 1,Class 1,Class 1,Vacant,64 GROVE STREET,EH3 8AP,2906
324452.695,672871.658,ladies clothes,Favours Bridal Wear,Class 1,Class 1,Class 1,Class 1,92 GROVE STREET,EH3 8AP,2907
325871.9082,673435.57,office,Epilepsy Society,Class 4,Class 2,Class 2,Vacant,13 GUTHRIE STRE,EH1 1JG,2908
325878.0459,673437.3236,office,Edin. University Settlement,Class 4,Class 2, ,Class 4,17 GUTHRIE STRE,EH1 1JG,2909
325888.7077,673440.1545,glazier, ,Class 4,Class 9, , , , ,2910
325901.5845,673444.1545,vacant, ,Vacant,Class 9, , , , ,2911
325911.1232,673446.7391,office, ,Class 4,Class 2, , , , ,2912
325923.9832,673450.246400001,office, ,Class 4,Vacant,Class 2,Vacant,35 GUTHRIE STRE,EH1 1JG,2913
325851,673432,joiner, ,Class 4,Class 9, , , , ,2914
325854,673425,vacant, ,Vacant,Class 9, , , , ,2915
325854,673425,vacant, ,Vacant,Class 9, , , , ,2916
326678.0,676204.151799999,hardware & gifts, ,Class 1,Class 1, , ,171 GREAT JUNCT,EH6 5LG,2917
326672.4031,676211.398,hardware, ,Class 1,Class 1, , , , ,2918
326667.9005,676216.5759,grocer, ,Class 1,Class 1, , , , ,2919
326665.6492,676219.2774,baker, ,Class 1,Class 1,Class 2,Class 2,177B GREAT JUNC,EH6 5LQ,2920
326663.398,676221.9789,ladies' clothing, ,Class 1,Class 1,Class 1,Class 2,179-181 GREAT J,EH6 5LQ,2921
326660.2774,676225.523600001,vacant, ,Vacant,Vacant,Vacant,Class 1,185 GREAT JUNCT,EH6 5LQ,2922
326657.801,676228.9005,vacant, ,Vacant,Vacant, ,Class 3,187 GREAT JUNCT,EH6 5LQ,2923
326652.7066,676234.895400001,butcher, ,Class 1,Class 1, ,Class 1,189 GREAT JUNCT,EH6 5LQ,2924
326648.6543,676239.848200001,vacant, ,Vacant,Class 3,Vacant,SUI GENERIS,191 GREAT JUNCT,EH6 5LQ,2925
326646.1779,676243.6754,optician, ,Class 1,Class 1,Vacant,Class 1,193 GREAT JUNCT,EH6 5LQ,2926
326643.7015,676246.827199999,shoe repairs, ,Class 1,Class 1,Vacant,Class 1,197 GREAT JUNCT,EH6 5LQ,2927
326640.7749,676250.654300001,grocer, ,Class 1,Vacant,Class 1,Class 3,199-201 GREAT J,EH6 5LQ,2928
326513.2398,676432.873,public house,Junction Bridge Bar,SUI GENERIS,SUI GENERIS,SUI GENERIS,Class 1,269 GREAT JUNCT,EH6 5LP,2929
326944.8482,675932.366699999,shoes, ,Class 1,Vacant,Class 1,Class 1,2 GREAT JUNCTIO,EH6 5LA,2930
326936.7436,675941.3718,photo processing, ,Class 1,Class 1,Class 1,Class 1,6 GREAT JUNCTIO,EH6 5LA,2931
326933.5919,675945.198999999,ladies' clothing, ,Class 1,Class 1,Class 1,Class 1,10 GREAT JUNCTI,EH6 5LA,2932
326930.0733,675949.523600001,baker, ,Class 1,Class 1,Class 1,Class 1,12 GREAT JUNCTI,EH6 5LA,2933
326926.1728,675954.0733,t.v. rental, ,Class 1,Class 1,Class 1,Class 1,16 GREAT JUNCTI,EH6 5LA,2934
326921.398,675959.947699999,ladies' clothing, ,Class 1,Class 1,Class 1,Class 1,18 GREAT JUNCTI,EH6 5LA,2935
326917.5708,675964.225099999,optician, ,Class 1,Class 1,Class 1,Class 1,20 GREAT JUNCTI,EH6 5LA,2936
326913.9688,675968.2774,sports clothing & equipment, ,Class 1,Class 1,Class 1,Class 2,24-26 GREAT JUN,EH6 5LA,2937
326908.9739,675974.272299999,travel agent, ,Class 1,Class 1,Class 1,Class 1,28 GREAT JUNCTI,EH6 5LA,2938
326906.4975,675977.4241,t.v. rental, ,Class 1,Class 1,Class 1,Class 1,30 GREAT JUNCTI,EH6 5LA,2939
326903.7959,675980.3508,butcher, ,Class 1,Class 1,Class 1,Class 1,34 GREAT JUNCTI,EH6 5LA,2940
326901.0944,675983.2774,"knitting wool, ladies clothing", ,Class 1,Class 1,Class 1,Class 2,36 GREAT JUNCTI,EH6 5LA,2941
326894.1728,675989.9739,chemist, ,Class 1,Class 1,Class 1,Vacant,40 GREAT JUNCTI,EH6 5LA,2942
326891.2462,675993.125600001,butcher, ,Class 1,Class 1,Class 1,Class 1,44 GREAT JUNCTI,EH6 5LB,2943
326887.9739,675997.3246,books (second hand), ,Class 1,Class 1,Class 1,Class 1,46 GREAT JUNCTI,EH6 5LB,2944
326884.4503,676001.921599999,n/t/c, ,Class 1,Class 1,Class 1,Class 1,48 GREAT JUNCTI,EH6 5LB,2945
326881.6231,676005.0733,n/t/c, ,Class 1,Class 1,Vacant,Class 1,48A GREAT JUNCT,EH6 5LB,2946
326878.8221,676008.225099999,baker, ,Class 1,Class 1, , , , ,2947
326860.8744,676029.497500001,grocer, ,Class 1,Class 1,Class 1,Class 1,60 GREAT JUNCTI,EH6 5LD,2948
326858.1728,676032.874399999,butcher, ,Class 1,Class 1,Class 1,Class 1,62 GREAT JUNCTI,EH6 5LD,2949
326852.3246,676039.8221,ladies' & children's clothing, ,Class 1,Class 1,Vacant,Class 3,64-66 GREAT JUN,EH6 5LD,2950
326848.2723,676044.549699999,vacant, ,Vacant,Class 1,Vacant,Class 1,70 GREAT JUNCTI,EH6 5LD,2951
326843.4553,676050.607799999,restaurant, ,Class 3,Class 3, , , , ,2952
326839.4031,676055.5606,greeting cards & stationery, ,Class 1,Class 1, , , , ,2953
326835.1256,676060.2883,ladies' & gents' clothing, ,Class 1,Class 1, , , , ,2954
326831.2985,676064.5657,licensed grocer, ,Class 1,Class 1, , , , ,2955
326827.4713,676069.068299999,ladies' & children's clothing, ,Class 1,Class 1, , , , ,2956
326824.0944,676073.570800001,ladies' & children's clothing, ,Class 1,Class 1, , , , ,2957
326820.4924,676078.0733,photographic studio, ,Class 2,Class 2, , , , ,2958
326817.1155,676082.125600001,ladies' & men's clothing, ,Class 1,Class 1, , , , ,2959
326814.1888,676086.1779,ladies' clothing, ,Class 1,Class 1, , , , ,2960
326691.435,676231.602,large mixed durables,Scotmid,Class 1,Class 1, , , , ,2961
326689.2251,676234.832900001,supermarket,Scotmid,Class 1,Class 2, , , , ,2962
326683.6492,676240.0581,charity shop, ,Class 1,Class 1,Class 2,Class 2,162 GREAT JUNCT,EH6 5LJ,2963
326678.4713,676246.136499999,citizen's advice bureau,Citizens Advice Bureau,Class 2,Class 2,Class 2,Class 2,166 GREAT JUNCT,EH6 5LJ,2964
326673.0683,676252.440099999,greengrocer, ,Class 1,Class 1,Class 2,Vacant,168 GREAT JUNCT,EH6 5LJ,2965
326662.037,676264.8221,vacant, ,Vacant,Class 1, , , , ,2966
326656.634,676270.6754,wholesale clothing, ,Class 2,Class 1,Class 1,Class 1,174 GREAT JUNCT,EH6 5LJ,2967
326574.4662,676377.366699999,grocer, ,Class 1,Class 4,Vacant,Class 1,204 GREAT JUNCT,EH6 5LW,2968
326572.2149,676381.419,florist, ,Class 1,Class 1,Class 2,Vacant,206 GREAT JUNCT,EH6 5LW,2969
326569.7385,676385.246200001,amusement centre, ,Class 11,Class 11,Class 4,Class 4,208-210 GREAT J,EH6 5LW,2970
329710,671196,grocer, ,Class 1,Class 1,Class 1,Demolished, , ,2971
329706.9022,671190.9022,post office, ,Class 1,Class 1,Vacant,Demolished, , ,2972
329704.1277,671186.240499999,hot food take-away, ,SUI GENERIS,Vacant,Vacant,Demolished, , ,2973
329701.2255,671181.451099999,grocer, ,Class 1,Vacant,Vacant,Demolished, , ,2974
329698.1277,671176.1128,butcher, ,Class 1,Vacant,Vacant,Demolished, , ,2975
326075.893,674373.511600001,vacant, ,Vacant,Demolished, , , , ,2976
326089.9602,674399.736500001,public house, ,SUI GENERIS,SUI GENERIS,SUI GENERIS,SUI GENERIS,22 GREENSIDE PL,EH1 3AA,2977
326101.065,674418.6679,public house, ,SUI GENERIS,SUI GENERIS,SUI GENERIS,SUI GENERIS,23-24 GREENSIDE,EH1 3AA,2978
326107.6318,674428.870100001,gas showroom, ,Class 1,SUI GENERIS,SUI GENERIS,SUI GENERIS,24A-27 GREENSID,EH1 3AA,2979
325693.5304,673270.7733,art materials, ,Class 1,Class 1,Class 1,Class 1,1 GREYFRIARS PL,EH1 2QQ,2980
325696.4474,673265.7348,jewellery, ,Class 1,Class 1,Class 1,Class 1,3 GREYFRIARS PL,EH1 2QQ,2981
325700.0607,673259.651900001,ladies clothes,Cottonfield,Class 1,Class 1,Class 1,Class 1,4 GREYFRIARS PL,EH1 2QQ,2982
325704.3037,673247.188100001,ladies clothes,Cottonfield,Class 1,Class 2, , , , ,2983
324960.2477,673271.4998,grocer, ,Class 1,Class 1,Vacant,Class 1,5 GRINDLAY STRE,EH3 9AT,2984
324942.2506,673248.502599999,vacant, ,Vacant,Class 9, , , , ,2985
324934.2511,673252.251499999,restaurant, ,Class 3,Class 3, , , , ,2986
324704.5764,674627.3552,estate agents, ,Class 2,Class 2,Class 1,Class 1,46 HAMILTON PLA,EH3 5AX,2987
324707.7464,674632.2203,scotmid office, ,Class 4,Class 1,Class 1,Class 1,48 HAMILTON PLA,EH3 5AX,2988
324710.3903,674636.626800001,book distribution co-op, ,Class 4,Class 1, , , , ,2989
324712.3732,674640.152000001,clothing fabrics, ,Class 1,Class 1,Class 1,Class 1,52 HAMILTON PLA,EH3 5AX,2990
324719.9667,674653.0,supermarket,Scotmid,Class 1,Class 1, , , , ,2991
327489.7295,675333.7349,grocer, ,Class 1,Class 1,Class 1,Class 1,1 HERMITAGE PAR,EH6 8HD,2992
325018.7342,673106.714199999,mixed durable,Goldbergs,Class 1,Demolished, , , , ,2993
325020.0024,673174.7513,public house,Burke & Hare,SUI GENERIS,SUI GENERIS,SUI GENERIS,SUI GENERIS,2 HIGH RIGGS,EH3 9BX,2994
326134.1378,673711.661800001,public house, ,SUI GENERIS,SUI GENERIS,SUI GENERIS,SUI GENERIS,1 HIGH STREET,EH1 1SR,2995
326130.4155,673708.0,n/t/c, ,Class 1,Class 1,Class 1,Class 1,5 HIGH STREET,EH1 1SR,2996
326122.1232,673705.8309,shoes, ,Class 1,Class 1,Class 1,Class 1,7 HIGH STREET,EH1 1SR,2997
326116,673705,hardware, ,Class 1,Class 1,Class 1,Class 1,11 HIGH STREET,EH1 1SR,2998
326093.8768,673700.7391,womens' clothing, ,Class 1,Class 2, , , , ,2999
326085.5845,673703.492699999,womens' clothing, ,Class 1,Class 1,Class 1,Class 1,51 HIGH STREET,EH1 1SR,3000
326078.2923,673701.3695,womens' clothing, ,Class 1,Class 1, ,Class 1,57-59 HIGH STRE,EH1 1SR,3001
326067.5386,673700.876800001,tool hire, ,Class 1,Class 4,Class 1,Class 1,63 HIGH STREET,EH1 1SR,3002
326059.973,673699.231799999,chemist, ,Class 1,Class 1,Class 1,Class 1,67 HIGH STREET,EH1 1SR,3003
326050.9687,673696.661800001,gifts & souvenirs, ,Class 1,Class 1,Class 1,Class 1,83 HIGH STREET,EH1 1SR,3004
326046.8768,673695.492699999,travel agent, ,Class 1,Class 1,Class 1,Class 1,85-87 HIGH STRE,EH1 1SG,3005
326043.0773,673694.615900001,butcher, ,Class 1,Class 1,Class 1,Class 1,89 HIGH STREET,EH1 1SG,3006
326039.2777,673693.446799999,gifts & souvenirs, ,Class 1,Class 1,Class 1,Class 1,95 HIGH STREET,EH1 1SG,3007
326035.215,673692.031300001,gifts & souvenirs, ,Class 1,Class 1,Class 1,Class 1,97 HIGH STREET,EH1 1SG,3008
326032.5845,673691.1545,gifts & souvenirs, ,Class 1,Class 1,Class 1,Class 1,99 HIGH STREET,EH1 1SG,3009
326027.9227,673690.3695,baker, ,Class 1,Class 3,Class 3,Class 3,103 HIGH STREET,EH1 1SG,3010
324946.9924,672780.495999999,public house,Bentleys,SUI GENERIS,SUI GENERIS,SUI GENERIS,SUI GENERIS,69 HOME STREET,EH3 9JP,3011
324899.2539,672950.0019,bank,Clydesdale Bank,Class 2,Class 2,Class 2,Class 1,2(A) HOME STREE,EH3 9LY,3012
324899.7518,672943.5002,building society,Leeds Permanent,Class 2,Class 2,Class 2,Class 2,6 HOME STREET,EH3 9LY,3013
324900,672935,ladies clothes,Hosiery Shop,Class 1,Class 1,Class 4,Class 4,8 HOME STREET,EH3 9LY,3014
324900,672935,charity shop, ,Class 1,Class 2,Class 1,Class 1,12 HOME STREET,EH3 9LY,3015
319303,672790,public house, ,SUI GENERIS,SUI GENERIS, , , , ,3016
326182.1558,674658.375800001,audio equipment,Hi-Fi Corner,Class 1,Class 1,Class 1,Class 1,1 HADDINGTON PL,EH7 4AE,3017
326185.0261,674662.596899999,vacant, ,Vacant,Vacant,Vacant,Class 2,1A HADDINGTON P,EH7 4AE,3018
326187.8965,674666.6492,2nd hand elect. & h'hold goods, ,Class 1,Class 1,Class 1,Class 1,3 HADDINGTON PL,EH7 4AE,3019
326190.7669,674670.3638,2nd hand books,McNaughtan's,Class 1,Class 1,Class 1,Class 1,3A-4A HADDINGTO,EH7 4AE,3020
326204.7538,674688.0261,grocer,Ginger Jar,Class 1,Class 2,Class 1,Class 1,8 HADDINGTON PL,EH7 4AE,3021
326255.4673,674755.025,vacant, ,Vacant,Class 1, , , , ,3022
326257.1558,674756.882300001,grocer (Asian wholefoods), ,Class 1,Class 1, , , , ,3023
326260.195,674760.765799999,diesel injection service,Bosch,Class 2,Class 2,Class 1,Class 1,19A HADDINGTON,EH7 4AF,3024
326261.7146,674762.7919,vacant, ,Vacant,Class 1, ,Vacant,21A HADDINGTON,EH7 4AF,3025
326263.2342,674764.9869,vacant, ,Vacant,Class 1,Class 1,Class 1,21-22A HADDINGT,EH7 4AF,3026
326264.9227,674767.1819,vacant, ,Vacant,Class 1, , , , ,3027
326267.7789,674770.5054,optician,Allan,Class 1,Class 2,Class 2,Class 2,24 HADDINGTON P,EH7 4AF,3028
326271.8312,674775.064300001,vacant, ,Vacant,Class 4,Vacant,Class 2,24A HADDINGTON,EH7 4AF,3029
326274.8704,674779.285399999,drawing & planning service,Shanks,Class 4,Class 1,Class 1,Class 2,26A HADDINGTON,EH7 4AF,3030
326278.4161,674784.1819,fitted kitchen furniture, ,Class 1,Class 1,Class 1,Vacant,26-27 HADDINGTO,EH7 4AF,3031
326281.6231,674788.375800001,guns & fishing tackle, ,Class 1,Class 1,Class 1,Class 1,28 HADDINGTON P,EH7 4AF,3032
326283.1427,674790.402000001,vacant, ,Vacant,Class 4,Class 1,Class 1,28A HADDINGTON,EH7 4AF,3033
326285.0,674792.428099999,satellite tv systems, ,Class 1,Class 1,Class 3,Class 3,29 HADDINGTON P,EH7 4AG,3034
326286.6885,674794.9608,vacant, ,Vacant,Class 4, , , , ,3035
326288.3769,674797.1558,hairdresser, ,Class 1,Vacant,Class 2,Class 2,31 HADDINGTON P,EH7 4AG,3036
326291.585,674801.3769,vacant, ,Vacant,Class 2, , , , ,3037
326293.2734,674803.571900001,furniture,Edin. Commission Sales,Class 1,Class 1,Class 1,Class 1,32B HADDINGTON,EH7 4AG,3038
326300.6362,674808.1677,jeweller,Continental Jewellers Ltd.,Class 1,Vacant, , , , ,3039
326306.7146,674815.934599999,wholesale garage equipt.,Elvins of Edinburgh,Class 2,Class 1,Vacant,Class 1,33B HADDINGTON,EH7 4AG,3040
326312.793,674824.2081,wholesale paperbacks & children's books, ,Class 2,Class 1,Vacant,Vacant,34A HADDINGTON,EH7 4AG,3041
321090,669258,vacant, ,Vacant,Vacant, , , , ,3042
320257.1016,670241.203299999,grocer, ,Class 1,Class 1,Vacant,Vacant,5A HAILESLAND G,EH14 2QH,3043
320417,670077,grocer, ,Class 1,Redeveloped, , , , ,3044
319982.4512,670069.8496,cafe / hot food t/a, ,Class 3,SUI GENERIS,SUI GENERIS,SUI GENERIS,12 HAILESLAND P,EH14 2SL,3045
319988.8252,670084.4593,hairdresser, ,Class 1,Vacant, , , , ,3046
327041.4762,675558.6669,caterer, ,Class 4,Class 3,Class 3,Class 3,11 HALMYRE STRE,EH6 8QA,3047
326987.7138,675384.3331,vacant, ,Vacant,Vacant, , , , ,3048
327020.1431,675571.047700001,grocer, ,Class 1,Class 1,Class 1,Class 1,10 HALMYRE STRE,EH6 8PZ,3049
324750.8642,674735.339,vacant, ,Vacant,Class 1,Class 1,Class 1,27 HAMILTON PLA,EH3 5BA,3050
324756.5423,674740.6951,wholesale confectioners, ,Class 2,Class 2, , , , ,3051
324763.3723,674745.982899999,wholesale confectioners, ,Class 2,Class 1, , , , ,3052
324660.17,674545.7797,videotape hire, ,Class 1,Class 1,Class 1,Class 1,6 HAMILTON PLAC,EH3 5AU,3053
324663.4748,674552.3894,t.v. & hi-fi, ,Class 1,Class 1,Class 1,Class 1,10-12 HAMILTON,EH3 5AU,3054
324666.9496,674560.3049,public house, ,SUI GENERIS,SUI GENERIS,SUI GENERIS,SUI GENERIS,16-18 HAMILTON,EH3 5AU,3055
324680.8309,674585.406500001,bicycles & accessories, ,Class 1,Class 1,Class 1,Class 11,26 HAMILTON PLA,EH3 5AU,3056
324702.3732,674623.1691,charity shop, ,Class 1,Vacant, , , , ,3057
324730.4074,674669.5594,wylie - curtain tracks etc., ,Class 4,Class 1,Class 2,Class 2,62 HAMILTON PLA,EH3 5AZ,3058
324733.9326,674676.1691,decorative flooring contractor, ,Class 4,Vacant,Vacant,Vacant,66-68 HAMILTON,EH3 5AZ,3059
325389.75,673909.65,vacant, ,Vacant,Vacant,Class 1,Class 1,3-5 HANOVER STR,EH2 2DL,3060
325387.9501,673915.85,public house, ,SUI GENERIS,SUI GENERIS,SUI GENERIS,Class 3,7-11(BF) HANOVE,EH2 2DL,3061
325387.0501,673919.0,restaurant, ,Class 3,Class 3,Class 3,Class 3,9-11 HANOVER ST,EH2 2DL,3062
325385.6002,673926.8002,womenswear,Miss Selfridge,Class 1,Class 1,Class 1,Class 1,15(GF90)-19 HAN,EH2 2DL,3063
325382.7251,673936.75,n/t/c,McColl,Class 1,Class 1,Class 1,Class 1,23 HANOVER STRE,EH2 2DL,3064
325381.6001,673941.025,travel agent,Sanderson,Class 1,Class 1,Class 1,Class 1,27 HANOVER STRE,EH2 2DL,3065
325374.0383,673967.0118,public house,Milnes Bar,SUI GENERIS,SUI GENERIS,SUI GENERIS,SUI GENERIS,35 HANOVER STRE,EH2 2PJ,3066
325372.7912,673971.376499999,photographic,Elena Mae,Class 1,Class 1,Class 1,Vacant,37 HANOVER STRE,EH2 2PJ,3067
325371.7,673975.429400001,knitting wool,Jaspers,Class 1,Class 2, , , , ,3068
325369.1677,673985.2588,womenswear,Connections,Class 1,Class 1,Class 1,Class 1,45A HANOVER STR,EH2 2PJ,3069
325368.0765,673988.688200001,restaurant,New York New York,Class 3,Class 3,SUI GENERIS,SUI GENERIS,47 HANOVER STRE,EH2 2PJ,3070
325367.1412,673992.429400001,clothes,Outsize Man,Class 1,Class 1,Class 1,Class 1,49 HANOVER STRE,EH2 2PJ,3071
325365.8942,673996.326400001,tv rental,Visionhire,Class 1,Class 1,Class 3,Class 3,51 HANOVER STRE,EH2 2PJ,3072
325342.3491,674093.1085,restaurant,Bar Napoli,Class 3,Class 3, , , , ,3073
325339.6101,674101.718599999,furniture, ,Class 1,Vacant,Class 3,Class 3, , ,3074
325338.1321,674106.1525,restaurant,La Lanterna,Class 3,Class 3,Class 3,Class 3,83 HANOVER STRE,EH2 1EE,3075
325336.6541,674111.3255,restaurant (Indian),The Patio,Class 3,Class 3,Class 3,Class 3,87 HANOVER STRE,EH2 1EE,3076
325335.5456,674115.389900001,restaurant,Honey Flower,Class 3,Class 3,Class 3,Class 3,89 HANOVER STRE,EH2 1EE,3077
325326.5016,674139.1085,public house, ,SUI GENERIS,Class 3,Class 3,Class 3,97(BF) HANOVER,EH2 1DJ,3078
325325.0236,674143.911900001,restaurant,Sik-Tek Fok,Class 3,Class 3,Class 3,Class 3,97(GF) HANOVER,EH2 1DJ,3079
325323.5456,674148.715399999,public house,Beau Brummell,SUI GENERIS,SUI GENERIS,SUI GENERIS,SUI GENERIS,99 HANOVER STRE,EH2 1DJ,3080
325323.566,674155.457599999,hot food take-away,Meal Ticket,SUI GENERIS,SUI GENERIS,Vacant,Vacant,101 HANOVER STR,EH2 1DJ,3081
325322.4576,674158.4135,solicitors, ,Class 2,Class 1,Vacant,Vacant,103 HANOVER STR,EH2 1DJ,3082
325321.7186,674161.739,clothes,Margaret Morrison,Class 1,Vacant,Class 1,Class 1,107 HANOVER STR,EH2 1DJ,3083
325320.6101,674165.434,restaurant,Cousteau's,Class 3,Class 3,Class 3,Class 3,109 HANOVER STR,EH2 1DJ,3084
325318.783,674169.654100001, , ,Class 3,Class 3, , , , ,3085
325318.044,674172.240599999,hairdresser,Neil Grant,Class 1,Class 1,Class 1,Class 1,113 HANOVER STR,EH2 1DJ,3086
325315.8271,674180.0,baker,Laigh Bakehouse,Class 1,Class 1,Class 3,Class 3,121 HANOVER STR,EH2 1DJ,3087
325315.0881,674183.695,dry cleaner / photo processing,Klick / Munro,Class 1,Class 1,Class 1,Class 1,123 HANOVER STR,EH2 1DJ,3088
325356.1748,673908.700099999,car & bicycle parts,Halfords,SUI GENERIS,Vacant,Class 1,Class 1,14 HANOVER STRE,EH2 2EN,3089
325354.3748,673915.225,hot food t/a, ,SUI GENERIS,Class 1,Class 1,Class 1,16 HANOVER STRE,EH2 2EN,3090
325346.6001,673942.825099999,bank, ,Class 2,Class 4,Class 4,Class 4,24 HANOVER STRE,EH2 2EN,3091
325341.3675,673964.041099999,bank,T.S.B.,Class 2,Class 2,Class 2,Class 2,28-30 HANOVER S,EH2 2DS,3092
325338.0912,673976.179500001,restaurant,Quality Inn,Class 3,Class 3,Class 3,Class 3,34-36 HANOVER S,EH2 2DR,3093
325334.7058,673985.7794,restaurant, ,Class 3,Class 4,Class 1,Class 1,38 HANOVER STRE,EH2 2DR,3094
325334.2381,673987.9617,grocer,Friel,Class 1,Class 1,Class 1,Class 1,40 HANOVER STRE,EH2 2DR,3095
325333.0411,673992.497,novelties,Score Commotions,Class 1,Class 4, , , , ,3096
325331.9206,673997.1823,china,Spark,Class 1,Vacant,Class 1,Class 1,50-52 HANOVER S,EH2 2DX,3097
325327.65,674010.338199999,paintings,Wildman,Class 1,Class 1,Class 1,Class 1,54 HANOVER STRE,EH2 2DX,3098
325304.6509,674082.759400001,bank,Shanghai & Hong Kong,Class 2,Class 2,Class 2,Class 2,76-78 HANOVER S,EH2 1EL,3099
325301.434,674099.783,sports equipment,Intersport,Class 1,Class 3,Class 1,Class 1,88 HANOVER STRE,EH2 1EL,3100
325299.5865,674104.5865,restaurant,Luckypenny,Class 3,Class 3,Class 3,Class 3,90 HANOVER STRE,EH2 1EL,3101
325295.5424,674119.718599999,grocer,Hendersons,Class 1,Class 1,Class 1,Class 1,92 HANOVER STRE,EH2 1DR,3102
325294.8035,674123.044,restaurant,Hendersons,Class 3,SUI GENERIS,Class 3,Class 3,94 HANOVER STRE,EH2 1DR,3103
325293.695,674126.3695,hairdresser,Ritz Hair Studio,Class 1,Class 1,Class 1,Class 1,96 HANOVER STRE,EH2 1DR,3104
325287.9764,674150.759400001,public house, ,SUI GENERIS,Class 3,SUI GENERIS,SUI GENERIS,110 HANOVER STR,EH2 1DR,3105
325286.8679,674154.454399999,public house,Mary Rose Bistro,SUI GENERIS,Class 3,SUI GENERIS,SUI GENERIS,112 HANOVER STR,EH2 1DR,3106
323310.5584,671809.7838,greengrocer, ,Class 1,Vacant,Class 2,Class 2,1 HARRISON GARD,EH11 1SJ,3107
323313.4324,671813.9641,2nd hand goods, ,Class 1,Class 1, , , , ,3108
323316.5676,671818.4056,electric.repairs, ,Class 1,Class 1,Class 1,Class 1,5 HARRISON GARD,EH11 1SJ,3109
323330.2972,671839.4416,wholesale artificial flowers, ,Class 2,Class 2, ,Class 4,9 HARRISON GARD,EH11 1SJ,3110
325921.1932,674590.0644,picture framer & art gallery, ,Class 1,Class 1, , , , ,3111
329210.3374,668509.593800001,betting shop, ,Class 2,Vacant, , , , ,3112
325958.7306,676896.730599999,plasterer & slater, ,Class 4,Class 4,Class 4,Vacant,11 HAWTHORNVALE,EH6 4JQ,3113
330112.7897,671917.7028,supermarket,Scotmid,Class 1,Class 3, , , , ,3114
324068.8838,673201.0,public house, ,SUI GENERIS,SUI GENERIS,SUI GENERIS,SUI GENERIS,1 HAYMARKET,EH12 5EY,3115
323973.7485,673140.488399999,n/t/c - john menzies, ,Class 1,Class 1, ,Class 3,(3) HAYMARKET,EH12 5EY,3116
323996.2834,673195.162799999,public house, ,SUI GENERIS,SUI GENERIS,SUI GENERIS, , , ,3117
323832.4331,673202.8924,plumber, ,Class 4,Demolished, , , , ,3118
323827.2151,673203.0393,office, ,Class 4,Demolished, , , , ,3119
323819.9317,673203.1076,office, ,Class 4,Vacant,Vacant,Class 2,69 HAYMARKET TE,EH12 5HD,3120
323814.8241,673203.4724,print shop, ,Class 4,Vacant,Vacant,Class 1,71 HAYMARKET TE,EH12 5HD,3121
323797.3779,673204.1076,bathroom and kitchens, ,Class 1,Class 1,Class 1,Class 1,79-81 HAYMARKET,EH12 5HD,3122
323793.0,673204.1076,grocer, ,Class 1,Class 1,Class 1,Class 1,85 HAYMARKET TE,EH12 5HD,3123
323788.9869,673204.4724,musical instruments, ,Class 1,Class 1,Class 1,Class 1,87 HAYMARKET TE,EH12 5HD,3124
323943.9186,673226.5276,grocer, ,Class 1,Class 1,Class 1,Vacant,2 HAYMARKET TER,EH12 5JZ,3125
323938.811,673226.8924,vacant, ,Vacant,Class 1,Class 1,Class 1,6-8 HAYMARKET T,EH12 5JZ,3126
323933.6613,673226.4331,stone cleaner, ,Class 4,Class 4, , , , ,3127
323924.9055,673227.162799999,stone cleaner, ,Class 4,Class 4, , , , ,3128
323920.5276,673227.162799999,building society, ,Class 2,SUI GENERIS,SUI GENERIS,SUI GENERIS,16 HAYMARKET TE,EH12 5JZ,3129
323915.8372,673227.257300001,fires and surroundings, ,Class 1,Class 1,Class 1,Class 1,18 HAYMARKET TE,EH12 5JZ,3130
323911.4593,673227.622099999,baker, ,Class 1,Class 1,Class 4,Vacant,20 HAYMARKET TE,EH12 5JZ,3131
323907.4462,673227.622099999,car hire office, ,Class 4,Class 1,Class 1,Class 1,24 HAYMARKET TE,EH12 5JZ,3132
323903.0683,673227.9869,dry cleaners, ,Class 1,Class 1,Class 1,Class 1,26 HAYMARKET TE,EH12 5JZ,3133
323898.6904,673227.9869,cafe, ,Class 3,SUI GENERIS,Class 1,Class 1,28 HAYMARKET TE,EH12 5JZ,3134
323889.3648,673228.0814,glaziers, ,Class 4,Vacant,Class 1, , , ,3135
323879.8794,673228.4462,"tv,video repair", ,Class 1,Class 4,Vacant,Vacant,36 HAYMARKET TE,EH12 5JZ,3136
323874.7718,673228.4462,tools, ,Class 1,Class 1,Class 1,Class 1,38 HAYMARKET TE,EH12 5JZ,3137
323869.7166,673228.622099999,vacant, ,Vacant,Class 4,Class 4,Class 4,40 HAYMARKET TE,EH12 5JZ,3138
323861.9186,673229.3387,restaurant, ,Class 3,Class 3, , , , ,3139
323858.6352,673229.3387,school of motoring, ,Class 4,Vacant,Class 2,Class 3,46 HAYMARKET TE,EH12 5LA,3140
323851.7035,673229.703500001,vacant, ,Vacant,Class 1,Vacant,Class 1,48 HAYMARKET TE,EH12 5LA,3141
323848.0654,673229.4331,electrical contractor, ,Class 4,Class 1,Class 1,SUI GENERIS,50 HAYMARKET TE,EH12 5LA,3142
323844.2703,673229.798,diy tiling shop, ,Class 4,Class 1,Class 1, , , ,3143
323834.0552,673230.5276,diy tiling shop, ,Class 4,Class 1,Class 1, , , ,3144
323829.0945,673230.8924,diy tiling shop, ,Class 4,Vacant,Class 1,Class 1,58 HAYMARKET TE,EH12 5LA,3145
323824.3517,673231.257300001,fireplaces, ,Class 1,Vacant,Class 1,Class 1,62 HAYMARKET TE,EH12 5LA,3146
323792.3779,673233.257300001,office equipment, ,Class 2,Class 4,Class 1,Class 1,64 HAYMARKET TE,EH12 5LA,3147
323787.6352,673233.257300001,office, ,Class 4,Class 1,Class 3,Class 3,68 HAYMARKET TE,EH12 5LQ,3148
323782.8924,673233.622099999,hairdresser, ,Class 1,Class 1,Class 2,Vacant,70 HAYMARKET TE,EH12 5LQ,3149
323776.4855,673233.9869,office equipment, ,Class 2,Class 1,Class 4,Class 4,72 HAYMARKET TE,EH12 5LQ,3150
323769.9186,673234.3517,grocer, ,Class 1,Class 1,Class 1,Class 1,76 HAYMARKET TE,EH12 5LQ,3151
323762.6221,673235.0814,car showroom, ,SUI GENERIS,Class 1,Class 1,Class 1,78 HAYMARKET TE,EH12 5LQ,3152
323754.2965,673235.3517,car showroom, ,SUI GENERIS,Class 1,Class 1,Class 1,80-82 HAYMARKET,EH12 5LQ,3153
323748.0945,673235.716600001,vet, ,Class 2,Class 2,Class 2,Class 2,86 HAYMARKET TE,EH12 5LQ,3154
323740.4331,673236.4462,security devices, ,Class 1,Class 1,Class 3,Class 3,88 HAYMARKET TE,EH12 5LQ,3155
326879.0523,676264.9005,hot food t/a, ,SUI GENERIS,SUI GENERIS,SUI GENERIS,SUI GENERIS,27-28 HENDERSON,EH6 6BX,3156
325096.8252,674812.344000001,hot food t/a, ,SUI GENERIS,SUI GENERIS, ,SUI GENERIS,5-7 HENDERSON R,EH3 5DH,3157
325093.0658,674811.404200001,vacant, ,Vacant,SUI GENERIS, ,SUI GENERIS,9-11 HENDERSON,EH3 5DH,3158
325084.2951,674809.048900001,hairdresser, ,Class 1,SUI GENERIS, , , , ,3159
325079.8308,674808.109099999,florist, ,Class 1,Class 1,Class 1,Class 1,15 HENDERSON RO,EH3 5DH,3160
325076.0714,674807.169199999,clothes, ,Class 1,Class 1,Class 1,Class 1,17 HENDERSON RO,EH3 5DH,3161
325069.765,674805.398499999,video film hire, ,Class 1,Class 1,Class 1,Class 1,19 HENDERSON RO,EH3 5DH,3162
325065.0658,674803.9888,grocer, ,Class 1,SUI GENERIS,SUI GENERIS,Class 3,23 HENDERSON RO,EH3 5DH,3163
324891.8451,674758.1335,hot food t/a, ,SUI GENERIS,SUI GENERIS,SUI GENERIS,SUI GENERIS,83 HENDERSON RO,EH3 5BE,3164
324886.733,674756.883099999,bric-a-brac, ,Class 1,Class 9, , , , ,3165
324819.8139,674740.847100001,* no nameplate *, ,UNKNOWN USE,Class 1,Vacant,Vacant,103 HENDERSON R,EH3 5BB,3166
324792.4748,674732.6097,vacant, ,Vacant,Vacant, , , , ,3167
324812.7626,674764.509,vacant, ,Vacant,Vacant,UNKNOWN USE,Class 4,66 HENDERSON RO,EH3 5BJ,3168
324804.8309,674762.746400001,charity shop, ,Class 1,Vacant,Class 1,Class 1,68 HENDERSON RO,EH3 5BJ,3169
324790.8642,674759.9496,"pottery, terrariums", ,Class 1,Class 1, ,Vacant,76 HENDERSON RO,EH3 5BJ,3170
326867.6282,676030.6231,public house, ,SUI GENERIS,SUI GENERIS,SUI GENERIS,SUI GENERIS,1-5 HENDERSON S,EH6 6BT,3171
326885.1779,676098.774900001,victual merchant, ,Class 2,Class 1, , , , ,3172
326884.5025,676103.727700001,cafe, ,Class 3,Class 3,Class 3,Class 3,21-23 HENDERSON,EH6 6BT,3173
326919.2639,676325.6295,painter & decorator, ,Class 4,Vacant,Class 2,Class 2,59 HENDERSON ST,EH6 6ED,3174
326929.6852,676337.472200001,public house, ,SUI GENERIS,SUI GENERIS,Vacant,SUI GENERIS,63-65 HENDERSON,EH6 6ED,3175
326933.0557,676341.6852,store, ,Class 4,Class 9, , , , ,3176
326935.5835,676345.477,vacant, ,Vacant,Class 9, , , , ,3177
326941.8426,676354.6295,licensed grocer & n/t/c, ,Class 1,Class 1,Vacant,Vacant,75 HENDERSON ST,EH6 6ED,3178
326944.3705,676358.4213,wholesale, ,Class 2,Vacant,Vacant,Vacant, , ,3179
326949.6901,676364.995200001,plumber, ,Class 4,Class 1,Vacant,Class 9, , ,3180
326953.4818,676370.472200001,betting shop, ,Class 2,Vacant,Class 4,Class 1, , ,3181
326956.431,676374.263900001,hairdresser, ,Class 1,Vacant,Vacant,Class 1,85 HENDERSON ST,EH6 6ED,3182
326959.8014,676378.8983,restaurant, ,Class 3,Class 3,Class 3,Class 3,87-91A HENDERSO,EH6 6ED,3183
326882.199,676014.3036,baker, ,Class 1,Class 1,Class 1,Class 1,2 HENDERSON STR,EH6 6BS,3184
326902.4975,676066.198999999,vacant, ,Vacant,Class 4, , , , ,3185
326903.1728,676072.502499999,cafe, ,Class 3,Class 3,SUI GENERIS,SUI GENERIS,16 HENDERSON ST,EH6 6BS,3186
326904.1728,676079.3718,vacant, ,Vacant,Class 1,Class 1,Class 1,18 HENDERSON ST,EH6 6BS,3187
326904.6231,676083.4241,driving school, ,Class 4,Class 1, , , , ,3188
326905.0733,676087.7015,public house, ,SUI GENERIS,SUI GENERIS,SUI GENERIS,SUI GENERIS,24 HENDERSON ST,EH6 6DE,3189
326895.2985,676170.172800001,vacant, ,Vacant,Vacant, , , , ,3190
326894.1728,676175.5759,vacant, ,Vacant,Vacant,Vacant,Vacant,28 HENDERSON ST,EH6 6DE,3191
326892.6492,676183.272299999,vacant, ,Vacant,Vacant,Vacant,Vacant,30 HENDERSON ST,EH6 6DE,3192
326891.7487,676188.450300001,vacant, ,Vacant,Vacant,Vacant,Class 9, , ,3193
326890.8482,676193.403100001,leith group community office, ,Class 4,Vacant, , , , ,3194
326889.199,676201.272299999,vacant, ,Vacant,Class 9, , , , ,3195
326888.0733,676206.9005,workshop, ,Class 4,Vacant, , , , ,3196
326885.4975,676217.8903,workshop, ,Class 4,Class 4, , , , ,3197
326884.3718,676224.419,architect, ,Class 4,Class 4, , , , ,3198
326883.9216,676233.6492,vacant, ,Vacant,Vacant,Vacant,Class 4,56 HENDERSON ST,EH6 6DE,3199
326887.7487,676239.9528,n/t/c, ,Class 1,Class 1,Class 1,Class 1,58A HENDERSON S,EH6 6DE,3200
326891.801,676246.031199999,public house, ,SUI GENERIS,SUI GENERIS,SUI GENERIS,SUI GENERIS,60 HENDERSON ST,EH6 6DE,3201
323517.6895,672455.448000001,bank, ,Class 2,Class 2, , , , ,3202
326018.5991,673686.6931,womens' clothing, ,Class 1,Class 1,Class 1,Class 1,109 HIGH STREET,EH1 1SG,3203
326012.2666,673685.1415,rugs & crafts, ,Class 1,Class 1,Class 1,Class 1,115 HIGH STREET,EH1 1SG,3204
326003.6305,673682.1086,public house, ,SUI GENERIS,SUI GENERIS,SUI GENERIS,SUI GENERIS,119 HIGH STREET,EH1 1SG,3205
325995.7536,673680.707699999,betting shop, ,Class 2,Class 2,Class 2,Class 2,123(GF) HIGH ST,EH1 1SG,3206
326001.0146,673681.876800001,public house, ,SUI GENERIS,Class 3,Class 3,Class 3,123B HIGH STREE,EH1 1SG,3207
325988.0503,673679.2004,public house, ,SUI GENERIS,SUI GENERIS,SUI GENERIS,SUI GENERIS,127(05) HIGH ST,EH1 1SG,3208
325980.1589,673677.386299999,public house, ,SUI GENERIS,SUI GENERIS,SUI GENERIS,SUI GENERIS,131-133 HIGH ST,EH1 1SG,3209
325963.6013,673673.7996,womens' clothing, ,Class 1,Class 1,Class 1,Class 1,137-141 HIGH ST,EH1 1SJ,3210
325918.8455,673664.123199999,restaurant, ,Class 3,Class 3,Class 3,Class 3,175-177 HIGH ST,EH1 1PD,3211
325905.4155,673660.57,bank,Royal Bank of Scot.,Class 2,Class 1,Class 1,Class 1,179 HIGH STREET,EH1 1PD,3212
325881.4614,673654.4155,public house, ,SUI GENERIS,SUI GENERIS,SUI GENERIS,SUI GENERIS,197 HIGH STREET,EH1 1PE,3213
325874.6305,673652.661800001,n/t/c, ,Class 1,Class 1,Class 1,Class 1,205 HIGH STREET,EH1 1PE,3214
325871.1232,673652.077299999,gifts, ,Class 1,Class 1,Class 1,Class 1,207 HIGH STREET,EH1 1PE,3215
325865.9227,673651.3695,restaurant, ,Class 3,Class 3,Class 3,Class 3,213 HIGH STREET,EH1 1PE,3216
325863.0,673651.077299999,vacant, ,Vacant,Class 1,Class 1,Class 1,215 HIGH STREET,EH1 1PE,3217
325856.4614,673649.139900001,restaurant, ,Class 3,Class 3,Class 3,Class 1,217 HIGH STREET,EH1 1PE,3218
325847.4614,673647.57,baker,Crawfords,Class 1,Class 1,Class 1,Class 1,223-225 HIGH ST,EH1 1PE,3219
325839.5845,673645.908199999,restaurant, ,Class 3,Class 3,Class 3,Class 3,231 HIGH STREET,EH1 1PE,3220
325831.5073,673643.7391,vacant, ,Vacant,SUI GENERIS, , , , ,3221
325702.9227,673616.615900001,general clothing, ,Class 1,Class 1,Class 1,Class 1,361 HIGH STREET,EH1 1PW,3222
325699.7077,673615.7391,"antiques, curios", ,Class 1,Class 1,Class 1,Class 1,363 HIGH STREET,EH1 1PW,3223
325695.476,673614.6931,n/t/c,Burns International Newsagent,Class 1,Vacant,Class 1,Class 1,367 HIGH STREET,EH1 1PW,3224
325691.6764,673613.816299999,ladies clothes,Moffat Woollens Ltd.,Class 1,Class 1,Class 1,Class 1,371 HIGH STREET,EH1 1PW,3225
325675.2923,673608.031300001,jewellery,Levey,Class 1,Class 1,Class 1,Class 1,379-381 HIGH ST,EH1 1PW,3226
326139.5073,673687.1691,public house, ,SUI GENERIS,SUI GENERIS,SUI GENERIS,SUI GENERIS,2-8 HIGH STREET,EH1 1TB,3227
326125.8768,673683.4155,gifts & souvenirs, ,Class 1,Class 1,Class 1,SUI GENERIS,12 HIGH STREET,EH1 1TB,3228
326060.7996,673667.4614,gifts, ,Class 1,Class 1, , , , ,3229
326057.5845,673666.876800001,charity shop, ,Class 1,Class 1,Class 1,Class 1,44 HIGH STREET,EH1 1TB,3230
326053.785,673665.707699999,vacant, ,Vacant,Class 1,Class 1,Class 1,46 HIGH STREET,EH1 1TB,3231
326048.0,673663.876800001,public house, ,SUI GENERIS,Class 1,Class 1,Class 1,50 HIGH STREET,EH1 1TB,3232
326042.7536,673662.4155,picture gallery, ,Class 1,Class 1,Class 1,Class 1,52 HIGH STREET,EH1 1TB,3233
326038.6305,673660.8309,picture gallery, ,Class 1,Class 1,Class 1,Class 1,54 HIGH STREET,EH1 1TB,3234
326033.6618,673659.9541,vacant, ,Vacant,Class 1,Class 1,Class 1,56 HIGH STREET,EH1 1TB,3235
326029.4614,673658.8309,vacant, ,Vacant,Class 1,Class 1,Class 1,60 HIGH STREET,EH1 1TB,3236
325898.2923,673623.338199999,gents clothes, ,Class 1,Class 1,Class 3,Class 3,124 HIGH STREET,EH1 1QS,3237
325889.4155,673620.6764,public house, ,SUI GENERIS,Class 3, , , , ,3238
325883.1232,673619.215,restaurant, ,Class 3,Class 3,Class 3,Class 3,130 HIGH STREET,EH1 1QS,3239
325875.9227,673617.229599999,travel agent,Thomas Cook,Class 1,Class 1,Class 1,Class 1,136 HIGH STREET,EH1 1QS,3240
325871.5386,673616.3528,"gifts, crafts", ,Class 1,Class 1,Class 1,Class 1,140 HIGH STREET,EH1 1QS,3241
325864.6681,673613.9727,public house, ,SUI GENERIS,Class 3,Class 3,Class 3,144 HIGH STREET,EH1 1QS,3242
325858.6305,673613.137800001,hot food take-away, ,SUI GENERIS,SUI GENERIS,SUI GENERIS,SUI GENERIS,148 HIGH STREET,EH1 1QS,3243
325853.9541,673611.6764,public house, ,SUI GENERIS,SUI GENERIS, , , , ,3244
325847.524,673610.507300001,public house, ,SUI GENERIS,SUI GENERIS,SUI GENERIS,SUI GENERIS,160 HIGH STREET,EH1 1QS,3245
325840.1232,673609.43,restaurant, ,Class 3,Class 3,Class 3,Class 3,164 HIGH STREET,EH1 1QS,3246
325833.0,673608.0459,general clothing,Sallies Woolies,Class 1,Class 2,Class 1,Class 1,166(1F1) HIGH S,EH1 1QS,3247
325825.2464,673606.816299999,fringe office,Edinburgh Festival Fringe,Class 4,Class 3,Class 3,Class 3,170 HIGH STREET,EH1 1QS,3248
325791.8455,673599.785,restaurant, ,Class 3,Class 3, , , , ,3249
312927.2706,678407.3081,grocer (lic.),Crowther,Class 1,Class 3,Class 3,Class 3,1 HIGH STREET,EH30 9PP,3250
312935.2107,678412.925100001,childrens clothes - school outfitters,Walker,Class 1,Class 1,Vacant,Vacant,2 HIGH STREET,EH30 9PP,3251
312933.4813,678396.7893,butchers/poulterers,Roberts,Class 1,Vacant,Class 3,Class 3,4 HIGH STREET,EH30 9PP,3252
312941.4213,678391.0,fancy goods,Boyd,Class 1,Class 1,Class 1,Class 1,6-7 HIGH STREET,EH30 9PP,3253
312973.9168,678367.5045,hardware,General Domestics,Class 1,Class 1,Class 1,Demolished, , ,3254
312976.7901,678365.593699999,hot food take-away (Chinese),Au-Yeung,SUI GENERIS,SUI GENERIS,SUI GENERIS,Demolished, , ,3255
312997.7294,678350.984999999,shoes,Smith,Class 1,Vacant,Class 1,Class 1,20 HIGH STREET,EH30 9PP,3256
313002.955,678347.7519,shoes,Smith,Class 1,Class 4, , , , ,3257
313010.5337,678342.7819,freezer foods,McFadzean,Class 1,Class 1,Class 1,Class 1,23-24(A) HIGH S,EH30 9PP,3258
312938,678361,butcher,McFadzean,Class 1,Class 1, , , , ,3259
313030.7594,678330.541200001,chemist,Ainsworth,Class 1,Class 1, , , , ,3260
313038.2556,678326.7819,solicitor, ,Class 2,Class 2,Class 2,Class 2,31 HIGH STREET,EH30 9PP,3261
313045,678334,financial services, ,Class 2,Class 2, , , , ,3262
313079.2556,678313.0375,post office,Goodwillie,Class 1,Vacant,Class 2,Class 2,35 HIGH STREET,EH30 9HN,3263
313066.7444,678315.593699999,bank,Clydesdale Bank,Class 2,Class 2,Class 2,Class 2,35(A) HIGH STRE,EH30 9HN,3264
313062.5187,678299.849300001,public house, ,SUI GENERIS,SUI GENERIS,SUI GENERIS,SUI GENERIS,36 HIGH STREET,EH30 9HN,3265
313100.9509,678290.9618,gift shop,Harrison,Class 1,Class 1, , , , ,3266
313109.6717,678288.5965,hot food take-away (fish & chips),Kalorn,SUI GENERIS,Class 1, , , , ,3267
313111.5659,678288.125399999,bookshop,Bridges Bookstore,Class 1,Class 1, , , , ,3268
313117.4024,678286.8081,bookshop,Bridges Bookstore,Class 1,Class 1, , , , ,3269
313124.0948,678285.067600001,optician,Hendry,Class 1,Class 1, , , , ,3270
313129.47,678283.7983,hairdresser,Wotherspoon,Class 1,Class 1, , , , ,3271
313132.1047,678283.1636,florist,Wotherspoon,Class 1,Class 1,Class 1,Class 1,49-50 HIGH STRE,EH30 9HN,3272
313168.9422,678295.1625,fancy goods,Fraser,Class 1,Class 1,Class 1,Class 1,55 HIGH STREET,EH30 9HN,3273
326132.7536,673224.400900001,valet service, ,Class 1,Class 4, , , , ,3274
326135.9687,673232.292300001,post office, ,Class 4,Class 1, ,Class 4,16-17 HILL PLAC,EH8 9DP,3275
324976.8915,674012.434,restaurant, ,Class 3,Class 3,Class 3,Class 3,24(GF) HILL STR,EH2 3JZ,3276
324933.2473,672871.739399999,n/t/c,John Menzies,Class 1,Class 1,Class 1,Class 1,31 HOME STREET,EH3 9JR,3277
324933.7485,672865.751800001,vacant, ,Vacant,Class 1,Class 1,Class 1,33 HOME STREET,EH3 9JR,3278
324934.999,672858.998600001,restaurant, ,Class 3,Class 3,Class 3,Class 3,37 HOME STREET,EH3 9JP,3279
324936.7489,672848.500700001,greengrocer, ,Class 1,Class 1,Class 1,Class 1,39 HOME STREET,EH3 9JP,3280
324937.9995,672841.9976,off licence,Victoria Wine,Class 1,Class 1,Class 2,Class 1,43 HOME STREET,EH3 9JP,3281
324938.9995,672833.7513,public house,Lochrin Arms,SUI GENERIS,SUI GENERIS,SUI GENERIS,SUI GENERIS,45 HOME STREET,EH3 9JP,3282
324939.7499,672828.7489,hot food take-away, ,SUI GENERIS,SUI GENERIS,SUI GENERIS,SUI GENERIS,49 HOME STREET,EH3 9JP,3283
324940.7504,672823.9967,butcher, ,Class 1,Class 1,Class 1,Vacant,51 HOME STREET,EH3 9JP,3284
324940.9995,672818.501700001,musical instruments, ,Class 1,Class 2,Class 2,Class 2,53-53A HOME STR,EH3 9JP,3285
324941.7499,672813.499299999,dry cleaner,Pullars,Class 1,Vacant,Class 3,Vacant,57 HOME STREET,EH3 9JP,3286
324942.7504,672809.247300001,"radio, t.v., hi-fi",Robb,Class 1,Class 1,Class 1,Class 1,57A HOME STREET,EH3 9JP,3287
324943.9653,672798.8807,"pictures, greeting cards", ,Class 1,Class 1,Class 1,Class 1,59 HOME STREET,EH3 9JP,3288
324942.9981,672805.493100001,grocer, ,Class 1,Class 1,Class 1,Class 1,63 HOME STREET,EH3 9JP,3289
324944.9657,672793.128,photo processing,SupaSnaps,Class 1,Class 1,Vacant,SUI GENERIS,65 HOME STREET,EH3 9JP,3290
324945.7418,672787.999500001,hot food t/a, ,SUI GENERIS,Vacant,Class 1,SUI GENERIS,67 HOME STREET,EH3 9JP,3291
324900.2501,672923.999500001,amusements,Terry's Prize Bingo,Class 11,Vacant,Class 1,Class 1,14 HOME STREET,EH3 9LY,3292
324900.5007,672918.502599999,ladies clothes, ,Class 1,Class 11,Class 11,Class 11,14A HOME STREET,EH3 9LY,3293
324900.5007,672913.750399999,public house,Tokyo Joe's,SUI GENERIS,SUI GENERIS,SUI GENERIS,SUI GENERIS,16 HOME STREET,EH3 9LY,3294
324900.2506,672908.9981,hairdresser, ,Class 1,Class 1,Class 1,Class 1,16A HOME STREET,EH3 9LY,3295
324899.7532,672903.252,vacant, ,Vacant,Class 1,Vacant,Vacant,18 HOME STREET,EH3 9LY,3296
324899.253,672894.748,mens clothes, ,Class 1,Class 1, , , , ,3297
324899.2535,672871.502599999,bank,Royal Bank of Scotland,Class 2,Class 2,Class 2,Class 2,26-28 HOME STRE,EH3 9LZ,3298
324901.2515,672862.0019,baker,Crawfords,Class 1,Class 1,Class 3,Class 3,30 HOME STREET,EH3 9LZ,3299
324902.0019,672857.249600001,wedding supplies, ,Class 1,Class 1,Class 1,Vacant,32 HOME STREET,EH3 9LZ,3300
324902.5021,672853.2477,hot food t/a, ,SUI GENERIS,Class 1,Class 1,Class 1,36 HOME STREET,EH3 9LZ,3301
321697.8205,674838.427300001,off licence, ,Class 1,Class 1,Class 1, ,12 HILLHOUSE RO,EH4 2AG,3302
321690.3932,674842.7522,bank, ,Class 2,Class 2,Class 2,Class 2,16 HILLHOUSE RO,EH4 2AG,3303
321684.6068,674846.606799999,bank, ,Class 2,Vacant,Class 1,Class 1,18 HILLHOUSE RO,EH4 2AG,3304
321676.2136,674852.2136,chemist, ,Class 1,Class 1,Class 1,Class 1,22 HILLHOUSE RO,EH4 2AG,3305
321669.2136,674855.0,n/t/c, ,Class 1,Class 1, ,Class 1,24 HILLHOUSE RO,EH4 2AG,3306
321663.4273,674859.2136,greengrocer, ,Class 1,Class 1, ,Class 3,26 HILLHOUSE RO,EH4 2AG,3307
321657.6409,674863.2136,public house, ,SUI GENERIS,SUI GENERIS,SUI GENERIS,SUI GENERIS,28-30 HILLHOUSE,EH4 2AG,3308
321646.8887,674869.572699999,hot food t/a, ,SUI GENERIS,SUI GENERIS,SUI GENERIS,SUI GENERIS,32 HILLHOUSE RO,EH4 2AG,3309
321646.8367,674881.077199999,motor accessories, ,Class 1,Class 1, ,Class 1,34-40 HILLHOUSE,EH4 2AG,3310
326572.9534,674655.326400001,vacant, ,Vacant,UNKNOWN USE,Class 4,Vacant,1-3 HILLSIDE ST,EH7 5HD,3311
326534.1399,674658.046599999,licensed grocer, ,Class 1,Class 1,Class 1,Class 1,2 HILLSIDE STRE,EH7 5HB,3312
326534.1399,674653.3368,vacant, ,Vacant,Class 1, , , , ,3313
313198.924,672514.0,supermarket,Scotmid,Class 1,Class 1,Class 1,Class 1,(1A) HILLWOOD R,EH28 8PU,3314
326215.2777,673553.400900001,n/t/c, ,Class 1,Class 1,Class 1,Class 1,1 HOLYROOD ROAD,EH8 8AE,3315
326221.7077,673553.6931,watch repairs, ,Class 1,Class 1,Class 1,Class 1,3 HOLYROOD ROAD,EH8 8AE,3316
326241.9687,673556.446799999,public house, ,SUI GENERIS,SUI GENERIS,SUI GENERIS,SUI GENERIS,9A HOLYROOD ROA,EH8 8AE,3317
326518.8663,673659.5502,public house, ,SUI GENERIS,Demolished, , , , ,3318
324944.2496,672926.753699999,bank,Bank of Scotland,Class 2,Class 2,Class 1,Class 1,1 HOME STREET,EH3 9JR,3319
324941.7485,672921.7513,jeweller,Levey,Class 1,Class 1,Class 1,Vacant,5 HOME STREET,EH3 9JR,3320
324938.7494,672915.002900001,jeweller,Levey,Class 1,Class 1,Class 3,Class 3,7 HOME STREET,EH3 9JR,3321
324936.9986,672910.750800001,butcher, ,Class 1,Class 1,Vacant,Class 2,11 HOME STREET,EH3 9JR,3322
324935.4979,672905.748500001,greengrocer, ,Class 1,Class 1,Class 1,Class 1,13 HOME STREET,EH3 9JR,3323
324933.9986,672899.253,insurance, ,Class 4,Class 2,Class 2,Class 2,15 HOME STREET,EH3 9JR,3324
324932.748,672894.750800001,snack bar, ,Class 1,Class 3,SUI GENERIS,SUI GENERIS,19 HOME STREET,EH3 9JR,3325
324931.4974,672890.2487,off licence,Augustus Barnett,Class 1,Class 1,Class 1,Class 1,21 HOME STREET,EH3 9JR,3326
324931.2487,672885.253,printers, ,Class 4,Class 1,Class 2,Class 2,23 HOME STREET,EH3 9JR,3327
324931.7489,672881.001,ladies clothes, ,Class 1,Class 2,Class 2,Class 2,25 HOME STREET,EH3 9JR,3328
324932.4993,672875.998600001,video film hire, ,Class 1,Class 1,Class 1,Class 1,29 HOME STREET,EH3 9JR,3329
324903.5021,672849.0043,optician, ,Class 1,Class 1,Class 1,Class 1,40 HOME STREET,EH3 9LZ,3330
324904.7527,672841.500700001,vacant, ,Vacant,Vacant,Vacant,Class 1,42 HOME STREET,EH3 9LZ,3331
324905.7532,672835.9981,vacant,vacant,Vacant,Class 1,Class 1,Vacant,44 HOME STREET,EH3 9LZ,3332
324907.7508,672813.751800001,betting shop,Ladbrokes,Class 2,Class 2,Class 2,Class 2,46 HOME STREET,EH3 9NA,3333
324909.2515,672806.498299999,chemist,Mahon,Class 1,Class 1,Class 1,Vacant,48 HOME STREET,EH3 9NA,3334
324909.7504,672800.0043,greengrocer,Rankins,Class 1,Class 1,Class 1,Class 1,50 HOME STREET,EH3 9NA,3335
324910.5007,672796.252499999,restaurant, ,Class 3,Class 3,Class 3,Class 3,52 HOME STREET,EH3 9NA,3336
324911.001,672792.000499999,surgical appliances, ,Class 1,Class 1,Class 1,Class 2,54 HOME STREET,EH3 9NA,3337
324911.5012,672787.998600001,jeweller, ,Class 1,Class 1,Vacant,Vacant,58 HOME STREET,EH3 9NA,3338
324912.0014,672784.4969,wool,Ripping Yarns,Class 1,Class 1,Class 1,Class 3,60(1) HOME STRE,EH3 9NA,3339
324912.5017,672781.2454,vacant, ,Vacant,Class 1,Class 1, , , ,3340
324913.001,672776.002900001,travel agent,A.T. May,Class 1,Class 1,Class 1,Class 1,62 HOME STREET,EH3 9NA,3341
324913.2511,672771.500700001,wool,Jaspers,Class 1,Class 1,SUI GENERIS,Class 1,64 HOME STREET,EH3 9NA,3342
324913.7513,672767.7489,shoes,Bayne & Duckett,Class 1,Class 1, , , , ,3343
326215.7391,672652.7996,books, ,Class 1,Class 1,Class 1,Class 1,1 HOPE PARK CRE,EH8 9NA,3344
326219.5386,672655.7223,plumber, ,Class 4,Class 4, , , , ,3345
326241.3695,672591.446799999,antiques, ,Class 1,Class 1,Class 2,Class 2,1 HOPE PARK TER,EH8 9LZ,3346
324669.4188,673731.6625,post office,Post office,Class 1,Class 1,Vacant,Class 3, , ,3347
324667.1438,673740.675000001,public house, ,SUI GENERIS,Class 3,Vacant,Demolished,7-11 HOPE STREE,EH2 4EN,3348
324663.1812,673753.6875,public house,Buck Whighams,SUI GENERIS,SUI GENERIS,SUI GENERIS,SUI GENERIS,13 HOPE STREET,EH2 4EL,3349
324661.4188,673759.074899999,bank,Clydesdale Bank,Class 2,Class 2,Class 1,Class 1,19 HOPE STREET,EH2 4ES,3350
324644,673703,greengrocer,Rankins,Class 1,SUI GENERIS,SUI GENERIS,SUI GENERIS,2 HOPE STREET,EH2 4DB,3351
324641,673711,hairdresser,House of Hair,Class 1,Class 3, , , , ,3352
312792.3696,678422.0682,n/t/c,Rauf,Class 1,Vacant,Vacant,Vacant,23 HOPETOUN ROA,EH30 9RB,3353
312783.7968,678423.4438,vidio film hire,Anderson & Lang,Class 1,Class 1, , , , ,3354
312774.0225,678424.203199999,greengrocer, ,Class 1,Class 1,Class 1,Class 1,29A HOPETOUN RO,EH30 9RB,3355
312770.7669,678421.9475,jewellers,Garthley,Class 1,Class 2,Class 2,Class 1,35A HOPETOUN RO,EH30 9RB,3356
312767.7893,678418.970000001,car spares,McGechie,Class 1,Class 1, , , , ,3357
312763.0525,678414.977499999,hairdresser,Fleming,Class 1,Class 1, , , , ,3358
312759.3688,678411.150699999,vacant, ,Vacant,Vacant,Vacant,Class 9, , ,3359
312913.2556,678409.285599999,grocer (lic),Greenfield,Class 1,Class 3,SUI GENERIS,SUI GENERIS,2 HOPETOUN ROAD,EH30 9RA,3360
312906.2706,678412.0375,greengrocer,Leil,Class 1,Class 1,Class 4,Vacant,4A HOPETOUN ROA,EH30 9RA,3361
312844.7369,678432.804300001,baker,Mackay,Class 1,Class 3,Class 3,Class 3,10-12 HOPETOUN,EH30 9RA,3362
312831.7519,678433.548699999,kilt shop,Hart,Class 1,Class 2,Class 2,Class 4,16 HOPETOUN ROA,EH30 9RA,3363
312813.3972,678440.9176,supermarket,Scotmid,Class 1,Class 9, , , , ,3364
312729.6339,678413.8694,public house, ,SUI GENERIS,SUI GENERIS,SUI GENERIS,SUI GENERIS,24-26 HOPETOUN,EH30 9RE,3365
312506.7654,678366.7654,vacant, ,Vacant,Vacant,Class 1,Class 9, , ,3366
325145.5873,675136.9948,public house, ,SUI GENERIS,SUI GENERIS,SUI GENERIS,SUI GENERIS,1 HOWARD PLACE,EH3 5JZ,3367
325139.4657,675142.645500001,hot food t/a, ,SUI GENERIS,Class 9, , , , ,3368
325138.053,675144.372099999,vacant, ,Vacant,Class 9, , , , ,3369
325168.2204,675078.0,saddler, ,Class 1,Class 3,Class 3,Class 3,1 HOWARD STREET,EH3 5JP,3370
325164.7672,675081.610200001,n/t/c, ,Class 1,Class 1,Class 1,Class 1,3 HOWARD STREET,EH3 5JP,3371
325161.9418,675084.749500001,butcher, ,Class 1,Class 1,Class 1,Class 1,4 HOWARD STREET,EH3 5JP,3372
325158.4886,675088.0458,hardware & kitchen goods, ,Class 1,Class 1,Class 1,Class 1,5 HOWARD STREET,EH3 5JP,3373
325154.8784,675091.969900001,vacant, ,Vacant,SUI GENERIS,SUI GENERIS,SUI GENERIS,6 HOWARD STREET,EH3 5JP,3374
325151.6279,675095.3774,vacant, ,Vacant,Class 1,Class 1,Class 1,8 HOWARD STREET,EH3 5JP,3375
325146.4532,675100.650699999,bookshop, ,Class 1,Class 1,Class 1,Class 1,9 HOWARD STREET,EH3 5JP,3376
325142.5291,675104.4179,grocer, ,Class 1,Class 2,Class 1,Class 1,11 HOWARD STREE,EH3 5JP,3377
327387,668084,antiques, ,Class 1,Class 1,Class 1,Vacant,79 HOWDEN HALL,EH16 6PW,3378
327349.2284,668078.4191,n/t/c, ,Class 1,Class 1, , , , ,3379
325055.0225,674333.5865,printers,Prontaprint,Class 4,Class 4,Class 4,Class 4,15A HOWE STREET,EH3 6TE,3380
325052.609,674341.4135,hairdresser, ,Class 1,Class 1,Class 1,Class 1,19 HOWE STREET,EH3 6TE,3381
325051.4135,674345.797,vacant, ,Vacant,Class 1,Class 1,Class 1,19B HOWE STREET,EH3 6TE,3382
325042.6165,674372.225500001,tiles, ,Class 1,Class 1,Class 1,Class 3,23A HOWE STREET,EH3 6TF,3383
325024.7107,674445.173599999,pet shop, ,Class 1,Class 1, , , , ,3384
327372.4269,671083.665200001,dry cleaners,Pullars,Class 1,Class 1, , , , ,3385
327372.0161,671078.3245,optician,Dollond & Aitchison,Class 1,Class 1, , , , ,3386
327372.0161,671072.1623,travel agents,Thomas Cook,Class 1,Class 1, , , , ,3387
327371.6053,671066.821599999,tv / video hire,Radio Rentals,Class 1,Class 1, , , , ,3388
327371.6053,671061.481000001,shoes,Peter Lord,Class 1,Class 1, , , , ,3389
327371.1945,671054.9079,cards / stationery,Mary Morrison,Class 1,Class 1, , , , ,3390
327371.1945,671048.7457,records,Virgin,Class 1,Class 1, , , , ,3391
327371.1945,671042.994200001,jeweller,Gardener,Class 1,Class 1, , , , ,3392
325598.6305,673590.9395,public house, ,SUI GENERIS,SUI GENERIS,SUI GENERIS,SUI GENERIS,435 LAWNMARKET,EH1 2NT,3393
325589.5845,673589.615900001,general clothing, ,Class 1,Class 1,Class 1,Class 1,443-449 LAWNMAR,EH1 2NT,3394
325577.7996,673585.6931,general clothing,Edinburgh Woollen Mill,Class 1,Class 1,Class 1,Class 1,453-455 LAWNMAR,EH1 2NT,3395
325034.376,674269.977499999,office & clubroom,Edinburgh Ski Club,Class 4,Class 4,Class 4,Class 4,2 HOWE STREET,EH3 6TD,3396
325032.985,674275.797,hairdresser, ,Class 1,Class 1,Class 1,Class 1,4 HOWE STREET,EH3 6TD,3397
325030.9925,674279.782,interior decorator, ,Class 4,Class 4,Vacant,Vacant, , ,3398
325030.1955,674282.970000001,confectionery, ,Class 1,Class 1,Class 2,Class 4,4B HOWE STREET,EH3 6TD,3399
325028.985,674287.405999999,fancy goods, ,Class 1,Class 4,Class 1,Class 1,6A HOWE STREET,EH3 6TD,3400
325026.5865,674296.0,paints, ,Class 1,Class 1,Class 1,Class 1,8A-10 HOWE STRE,EH3 6TD,3401
325022.5865,674308.797,carpets, ,Class 1,Class 1,Class 1,Class 1,12A HOWE STREET,EH3 6TD,3402
325021.391,674313.180500001,vacant, ,Vacant,Class 1,Class 1,Class 1,16 HOWE STREET,EH3 6TD,3403
325013.985,674338.2105,coffee house, ,Class 3,Class 3,Class 3,Class 3,18 HOWE STREET,EH3 6TG,3404
325012.391,674342.9925,shoes, ,Class 1,Class 1,Class 1,Class 1,22 HOWE STREET,EH3 6TG,3405
325010.1955,674350.0075,public house, ,SUI GENERIS,SUI GENERIS,SUI GENERIS,SUI GENERIS,24A-24 HOWE STR,EH3 6TG,3406
325008.1955,674358.195499999,hair & beauty products, ,Class 1,Class 1,Class 1,Class 1,26(GF90) HOWE S,EH3 6TG,3407
325006.6015,674363.812000001,furniture, ,Class 1,Class 1,Class 1,Class 1,28 HOWE STREET,EH3 6TG,3408
325005.9925,674367.4285,hot food take-away, ,SUI GENERIS,SUI GENERIS,SUI GENERIS,SUI GENERIS,32 HOWE STREET,EH3 6TH,3409
325004.797,674371.812000001,grocer, ,Class 1,Class 1,Class 1,Class 1,36 HOWE STREET,EH3 6TH,3410
325003.6015,674375.797,paintings, ,Class 1,Vacant,Class 1,Class 1,38 HOWE STREET,EH3 6TH,3411
325002.767,674379.421,paint shop, ,Class 1,Class 2,Class 2,Class 2,40 HOWE STREET,EH3 6TH,3412
325001.5715,674383.804500001,grocer, ,Class 1,Class 1, , , , ,3413
324999.579,674391.376,n/t/c, ,Class 1,Class 1,Class 1,Class 1,46 HOWE STREET,EH3 6TH,3414
325902.3236,673609.7391,furniture, ,Class 1,Class 3,Class 3,Class 3,3 HUNTER SQUARE,EH1 1QW,3415
325908.4781,673588.231799999,vacant, ,Vacant,Demolished,SUI GENERIS,SUI GENERIS,7 HUNTER SQUARE,EH1 1QW,3416
325934.2004,673589.183700001,vacant, ,Vacant,SUI GENERIS,SUI GENERIS,SUI GENERIS,9 HUNTER SQUARE,EH1 1QW,3417
325900.215,673615.5845,gents clothes, ,Class 1,Class 1,Class 3,Class 3,2 HUNTER SQUARE,EH1 1QW,3418
325903.1523,673605.707699999,bank,Royal Bank of Scot.,Class 2,Class 3, , , , ,3419
325218.5823,675031.430299999,launderette, ,Class 1,Class 1,Class 1,Class 1,7-8 HUNTLY STRE,EH3 5HB,3420
322387.0123,671420.626800001,electrical contractor, ,Class 4,Vacant,Class 9,Class 9, , ,3421
322393.7711,671424.9278,fishmonger, ,Class 1,Class 4,Class 4,Class 4,7 HUTCHISON PLA,EH14 1QU,3422
322426.1567,671404.698999999,piano repairs, ,Class 1,Class 1,Class 2,Class 9, , ,3423
322426.1567,671400.3979,painters business, ,Class 4,Class 1,Class 1,Class 9, , ,3424
322426.7711,671396.096899999,stationery /po, ,Class 1,Class 1,Vacant,UNKNOWN USE,19 HUTCHISON PL,EH14 1QR,3425
322368.0,671389.385600001,drycleaner, ,Class 1,Vacant,Vacant,Class 9, , ,3426
322367.3856,671383.855599999,butcher, ,Class 1,Vacant,Vacant,Class 9, , ,3427
322398.8556,671364.1567,grocer (lic), ,Class 1,Class 1,Class 1,Class 1,10 HUTCHISON PL,EH14 1QS,3428
322405,671366,hairdresser, ,Class 1,Class 1,Class 1,Class 1,14 HUTCHISON PL,EH14 1QS,3429
322342.4701,671125.7711,vacant, ,Vacant,Class 2,Class 1,Class 1,1 HUTCHISON TER,EH14 1QB,3430
322335.1567,671135.3134,farm supplies, ,Class 2,Vacant,Class 1,Class 1,3 HUTCHISON TER,EH14 1QB,3431
322330.8556,671140.2289,vacant, ,Vacant,Class 1,Class 1,Class 1,4 HUTCHISON TER,EH14 1QB,3432
322325.3856,671147.0845,vacant, ,Vacant,Class 1,Class 1,Class 1,5 HUTCHISON TER,EH14 1QB,3433
322321.0845,671151.385600001,commercial shelving, ,Class 2,Class 1,Class 1,Class 1,6 HUTCHISON TER,EH14 1QB,3434
325591.5991,673483.922700001,public house, ,SUI GENERIS,SUI GENERIS,SUI GENERIS,SUI GENERIS,4 INDIA BUILDIN,EH1 2EX,3435
324818,674207,vacant, ,Vacant,Class 2,UNKNOWN USE,UNKNOWN USE,2 INDIA STREET,EH3 6EZ,3436
326021.5532,673417.246400001,public house, ,SUI GENERIS,SUI GENERIS,SUI GENERIS,SUI GENERIS,1 INFIRMARY STR,EH1 1LT,3437
326029.8309,673419.9541,public house, ,SUI GENERIS,SUI GENERIS, , , , ,3438
321604.6396,670919.1472,control systems, ,Class 2,Class 4,Class 4,Vacant,69 INGLIS GREEN,EH14 2EZ,3439
321603,670909,commercial kitchen equip., ,Class 2,Class 2, , , , ,3440
321601.6242,670903.360400001,vacant, ,Vacant,Class 4, , , , ,3441
321810,670823,vacant, ,Vacant,Class 4,Class 11,Vacant,81 INGLIS GREEN,EH14 2EZ,3442
321577,670887,vacant, ,Vacant,Class 1,UNKNOWN USE,Vacant,83 INGLIS GREEN,EH14 2EZ,3443
321578.0659,670891.9341,electrical engineers, ,Class 4,Vacant,Class 4,Vacant,85 INGLIS GREEN,EH14 2EZ,3444
321581,670908,carpet fitters (not retail), ,Class 4,Vacant,Class 4,Vacant,93 INGLIS GREEN,EH14 2EZ,3445
321749.3564,670901.1131,service station, ,SUI GENERIS,Vacant,SUI GENERIS,SUI GENERIS,(28) INGLIS GRE,EH14 2ER,3446
314456.729,672863.2609,bank,Royal Bank of Scotland,Class 2,Class 2, , , , ,3447
314525.6853,673084.597200001,restaurant, ,Class 3, ,Class 3,Class 3, , ,3448
324628.9819,676004.436699999,building society, ,Class 2,Class 1,Class 2,Class 2,1 INVERLEITH GA,EH3 5PU,3449
324620.213,676004.0362,grocer, ,Class 1,Class 1,Class 1,Class 1,1A INVERLEITH G,EH3 5PU,3450
324615.2311,676003.916999999,hot food t/a, ,SUI GENERIS,SUI GENERIS,SUI GENERIS,SUI GENERIS,1B INVERLEITH G,EH3 5PU,3451
324587.787,676001.2599,stamps & accessories,Robert Murray,Class 1,Class 1,Class 1,Class 1,5 INVERLEITH GA,EH3 5PU,3452
325064.5012,673226.7523,records, ,Class 1,Class 1,Class 1,Class 1,28 LADY LAWSON,EH3 9DS,3453
325069.2606,673222.2425,picture frames,Lawsons Timber,Class 1,Class 4,Class 1,Class 1,32 LADY LAWSON,EH3 9DS,3454
325120,673157,public house,Woosters,SUI GENERIS,SUI GENERIS,SUI GENERIS, , , ,3455
325105,673175,furniture, ,Class 1,Class 2, ,Vacant,46-52 LADY LAWS,EH3 9DW,3456
328798.493,673140.260500001,baker, ,Class 1,Vacant, , , , ,3457
328805.0281,673142.7535,n/t/c, ,Class 1,Class 1, , , , ,3458
328812.9157,673145.7114,grocer, ,Class 1,Class 1, , , , ,3459
328820,673149,hairdresser, ,Class 1,Class 1,Class 1,Class 1,15 LADY NAIRNE,EH8 7LZ,3460
328826.014,673151.0,electrician, ,Class 4,Class 4,Vacant, , , ,3461
328832.5211,673153.260500001,butcher, ,Class 1,Class 1,Vacant,Vacant,19 LADY NAIRNE,EH8 7LZ,3462
327372.8377,671095.168099999,building society,Halifax Building Society,Class 2,Class 2, , , , ,3463
325569.3236,673583.6472,general clothing, ,Class 1,Class 1,Class 1,Class 1,459-463 LAWNMAR,EH1 2NT,3464
324578.4441,676000.732799999,domestic appliances, ,Class 1,Class 1,Class 1,Class 3,8 INVERLEITH GA,EH3 5PU,3465
324651.0288,675960.527100001,vacant, ,Vacant,Class 1,Class 1,Class 1,58-59 INVERLEIT,EH3 5PX,3466
324649.7509,675963.296,greengrocer, ,Class 1,Class 1,Class 1,Class 1,60A INVERLEITH,EH3 5PX,3467
324648.4729,675965.639,video film hire, ,Class 1,Class 1,Class 1,Class 1,60B INVERLEITH,EH3 5PX,3468
324647.1949,675967.981899999,fishmonger, ,Class 1,Class 1, , , , ,3469
324644.213,675973.732799999,dry cleaners, ,Class 1,Class 1, , , , ,3470
324641.5379,675980.083000001,n/t/c, ,Class 1,Class 1,Class 2,Vacant,61A INVERLEITH,EH3 5PX,3471
324638.3429,675986.685900001,vacant, ,Vacant,SUI GENERIS,SUI GENERIS,SUI GENERIS,62 INVERLEITH R,EH3 5PX,3472
324624.935,676004.2237,butcher, ,Class 1,Class 1,Vacant,Class 1,63 INVERLEITH R,EH3 5PX,3473
324634.5198,675994.852,hairdresser, ,Class 1,Class 2,Class 2,Class 1,65 INVERLEITH R,EH3 5PX,3474
324632.3898,675999.537900001,building society, ,Class 2,Class 2,Class 2, , , ,3475
324972.4424,675401.487299999,grocer, ,Class 1,Class 1,Class 3,Class 1,68 INVERLEITH R,EH3 5LT,3476
324969.8401,675406.1941,driving school office, ,Class 4,Class 1,Class 4,Class 1,70 INVERLEITH R,EH3 5LT,3477
324967.3548,675410.934699999,beauty therapist, ,Class 1,Class 1,Class 1,Class 1,71 INVERLEITH R,EH3 5LT,3478
325051.6795,675214.0307,butcher, ,Class 1,Class 2,Class 2,Class 2,1 INVERLEITH TE,EH3 5NS,3479
326660.0469,675170.1423,painter & decorator, ,Class 4,Class 9, , , , ,3480
326665.2854,675169.094599999,public house, ,SUI GENERIS,SUI GENERIS,SUI GENERIS,SUI GENERIS,17 IONA STREET,EH6 8SG,3481
326671.0477,675168.570699999,butcher, ,Class 1,Vacant, , , , ,3482
326706.0866,675162.3937,hairdresser, ,Class 1,Vacant, , , , ,3483
326719.4567,675161.283500001,woodworm & dry rot contractor, ,Class 4,Class 1, , , , ,3484
326724.8898,675160.196799999,bicycles (2nd hand & repairs), ,Class 1,Class 9, , , , ,3485
326813.2599,675145.7401,electrical contractor, ,Class 4,Class 4, , , , ,3486
326651.3339,675140.333900001,hot food t/a, ,SUI GENERIS,SUI GENERIS,SUI GENERIS,SUI GENERIS,16 IONA STREET,EH6 8SF,3487
325007.5416,674331.143100001,public house, ,SUI GENERIS,SUI GENERIS, , , , ,3488
325114.3553,674470.636499999,public house, ,SUI GENERIS,SUI GENERIS,SUI GENERIS,SUI GENERIS,39 JAMAICA STRE,EH3 6HF,3489
325537,673586,public house, ,SUI GENERIS,SUI GENERIS,SUI GENERIS,SUI GENERIS,"7 JAMES' COURT,",EH1 2PB,3490
325537.5532,673569.077299999,vacant, ,Vacant,Class 1, ,Class 1,11(A) JAMES' CO,EH1 2PB,3491
325523,673572,musical instruments, ,Class 1,Class 1, , , , ,3492
325548.597,673587.57,restaurant, ,Class 3,Class 3,Class 3,Class 3,"2 JAMES' COURT,",EH1 2PB,3493
326855.2985,675743.7226,second hand goods, ,Class 1,Class 4,Vacant,Class 1,4 JANE STREET,EH6 5HD,3494
326131.0605,673721.9541,hairdresser, ,Class 1,Class 1,Class 1,Class 2,3 JEFFREY STREE,EH1 1DR,3495
326129.3069,673726.338199999,soft furnishings, ,Class 1,Class 1,Vacant,Vacant,7 JEFFREY STREE,EH1 1DR,3496
326127.5532,673730.7223,painting & fine arts, ,Class 1,Class 1,Class 1,Class 1,9 JEFFREY STREE,EH1 1DR,3497
327579.1639,669525.109300001,public house, ,SUI GENERIS,SUI GENERIS,SUI GENERIS,SUI GENERIS,88-90 KIRK BRAE,EH16 6JA,3498
320054.0,672879.6249,public house, ,SUI GENERIS,SUI GENERIS,SUI GENERIS,SUI GENERIS,20 KIRK LOAN,EH12 7HD,3499
327462.3191,674322.8608,vacant, ,Vacant,Vacant,UNKNOWN USE,Vacant,1 KIRKWOOD PLAC,EH7 5TG,3500
327449.6178,674326.1039,fireplace showroom, ,Class 1,Class 2, , , , ,3501
325040.5036,673246.500700001,sport equipment,Mach Enterprises,Class 1,Class 1,Class 1,Class 1,4-8 LADY LAWSON,EH3 9DS,3502
326125.1378,673734.876800001,antiques, ,Class 1,Class 1,Class 3,Vacant,11 JEFFREY STRE,EH1 1DR,3503
326123.3841,673738.968699999,restaurant, ,Class 3,Class 3, , , , ,3504
326119.1837,673747.5845,books, ,Class 1,Class 1,Class 3,Class 3, , ,3505
326117.43,673749.922700001,picture framer, ,Class 4,Class 4, , , , ,3506
326112.1691,673754.599099999,womens' clothing, ,Class 1,Class 1,Class 1,Class 1,23 JEFFREY STRE,EH1 1DR,3507
326104.5991,673761.215,crafts & gifts, ,Class 1,Class 1,Class 1,Class 1,25-27 JEFFREY S,EH1 1DH,3508
326097.3185,673764.6401,restaurant, ,Class 3,Class 3,Class 3,Class 3,31 JEFFREY STRE,EH1 1DH,3509
326050.0918,673766.768200001,lamps & lighting, ,Class 1,Class 1, , , , ,3510
326154.6159,673721.1691,general clothing, ,Class 1,Class 1,Class 1,Class 1,2 JEFFREY STREE,EH1 1DT,3511
326151.0969,673730.444,womens' clothing, ,Class 1,Class 1,Class 1,Class 1,6 JEFFREY STREE,EH1 1DT,3512
326149.6159,673734.292300001,vacant, ,Vacant,Class 1,Class 1,Class 1,10 JEFFREY STRE,EH1 1DT,3513
326148.2923,673738.4781,womens' clothing, ,Class 1,Class 1, , , , ,3514
326146.5386,673743.446799999,gifts & souvenirs, ,Class 1,Class 1, , , , ,3515
326144.6669,673747.3959,hot food take-away, ,SUI GENERIS,SUI GENERIS,SUI GENERIS,SUI GENERIS,18 JEFFREY STRE,EH1 1DT,3516
328276.0446,674167.0891,public house, ,SUI GENERIS,SUI GENERIS,SUI GENERIS,SUI GENERIS,15 JOCK'S LODGE,EH8 7AA,3517
328284.5247,674165.5644,vacant, ,Vacant,Class 4,Vacant,Vacant,19 JOCK'S LODGE,EH8 7AA,3518
328291.8168,674164.5644,floor coverings, ,Class 1,Class 1,Class 1,SUI GENERIS,23 JOCK'S LODGE,EH8 7AA,3519
328313.4009,674163.2773,public house, ,SUI GENERIS,SUI GENERIS,SUI GENERIS,SUI GENERIS,35 JOCK'S LODGE,EH8 7AA,3520
315602.6113,666044.521299999,restaurant, ,Class 3,Class 3,Class 3,Class 9,64 JOHNSBURN RO,EH14 7BB,3521
325506.1545,673494.876800001,hot food t/a,Gobble 'n' Go,SUI GENERIS,SUI GENERIS,SUI GENERIS,SUI GENERIS,1 JOHNSTON TERR,EH1 2PW,3522
325502.0918,673492.091800001,jewellery - Masonic regalia,Victoria Regalia,Class 1,Class 1,Class 1,Class 1,2B JOHNSTON TER,EH1 2PW,3523
325498.5845,673488.876800001,trade, ,Class 4,Class 4,Class 1,Class 3,3 JOHNSTON TERR,EH1 2PW,3524
325491.3382,673482.599099999,antiques, ,Class 1,Class 1,Class 3,Class 3,5 JOHNSTON TERR,EH1 2PW,3525
325484.3236,673478.215,public house, ,SUI GENERIS,SUI GENERIS,SUI GENERIS,SUI GENERIS,6 JOHNSTON TERR,EH1 2PW,3526
325395.1232,673464.340399999,vacant, ,Vacant,Class 1,Vacant,Vacant,16A JOHNSTON TE,EH1 2PR,3527
331438.7788,673435.318600001,grocer, ,Class 1,Class 1,Class 1,Class 1,31 JOPPA ROAD,EH15 2HB,3528
331447.8495,673432.2212,butcher, ,Class 1,Class 1,Class 2,Class 2,35 JOPPA ROAD,EH15 2HB,3529
331402.5753,673470.787599999,grocer, ,Class 1,Class 1,Class 2,Class 1,10 JOPPA ROAD,EH15 2EU,3530
331405.4513,673469.9027,t.v. aerial contractor, ,Class 4,Class 4,Class 4,Class 4,12 JOPPA ROAD,EH15 2EU,3531
331407.8849,673469.0177,store, ,Class 4,Class 4,Class 4,Class 4,16 JOPPA ROAD,EH15 2EU,3532
331411.4513,673467.9027,chemist, ,Class 1,Class 4, , , , ,3533
331416.4602,673466.336300001,hairdresser, ,Class 1,Class 1,Class 1,Class 1,20A JOPPA ROAD,EH15 2EU,3534
331419.5575,673465.451300001,building society, ,Class 2,Class 2,Class 2,Class 2,22 JOPPA ROAD,EH15 2EU,3535
331422.4336,673464.566400001,knitting wool, ,Class 1,Class 1,Class 1,Class 1,24 JOPPA ROAD,EH15 2EU,3536
331484.3363,673447.1505,grocer, ,Class 1,Class 1, , , , ,3537
331488.5398,673445.6018,public house, ,SUI GENERIS,SUI GENERIS,SUI GENERIS,SUI GENERIS,44 JOPPA ROAD,EH15 2ET,3538
330235.4403,674474.7798,vacant, ,Vacant,SUI GENERIS,SUI GENERIS,SUI GENERIS,3 KING'S PLACE,EH15 1DU,3539
330017.7721,674427.2787,vacant, ,Vacant,Class 1,Class 1,Class 4,2 KING'S ROAD,EH15 1EA,3540
330250.1008,674462.1194,public house, ,SUI GENERIS,SUI GENERIS,SUI GENERIS,Class 2,56 KING'S ROAD,EH15 1DX,3541
321311,669951,soft furnishings, ,Class 1,Class 1,Class 1,Class 1,1 KINGSKNOWE PA,EH14 2JQ,3542
321306.0,669952.808900001,n/t/c /po, ,Class 1,Class 1,Class 9,Class 9,3 KINGSKNOWE PA,EH14 2JQ,3543
321301.7645,669954.4266,joiner, ,Class 4,Class 2, , , , ,3544
321297.0,669956.2355,dentist, ,Class 2,Class 2, , , , ,3545
321293,669958,heating engineer, ,Class 4,Class 4,Class 4,Class 4,9 KINGSKNOWE PA,EH14 2JQ,3546
321289.7645,669959.4266,hot food t/a, ,SUI GENERIS,SUI GENERIS,SUI GENERIS,SUI GENERIS,11 KINGSKNOWE P,EH14 2JQ,3547
321285.7645,669960.808900001,electrician, ,Class 4,Class 2, ,Class 2,13 KINGSKNOWE P,EH14 2JQ,3548
321280,669963,heating engineers, ,Class 4,Class 2, ,Class 4,15 KINGSKNOWE P,EH14 2JQ,3549
321386,670944,hot food take-away, ,SUI GENERIS,SUI GENERIS,SUI GENERIS,SUI GENERIS,1 KINGSKNOWE RO,EH14 2BN,3550
321384.3297,670939.248400001,hairdresser, ,Class 1,Class 1,Class 1,Class 1,1A KINGSKNOWE R,EH14 2BN,3551
321398.0154,670882.112,grocer (lic), ,Class 1,Class 1,Class 1,Class 1,7 KINGSKNOWE RO,EH14 2BN,3552
321137,670529,vacant, ,Vacant,Class 9, , , , ,3553
321056.8984,670352.491900001,public house, ,SUI GENERIS,SUI GENERIS,SUI GENERIS,SUI GENERIS,193 KINGSKNOWE,EH14 2ED,3554
321233,670714,n/t/c, ,Class 1,Class 1,Vacant,Class 4,102 KINGSKNOWE,EH14 2DG,3555
328450,670366,vacant, ,Vacant,Vacant, , , , ,3556
325050.7518,673238.2501,tv. & video sales, ,Class 1,Class 1, , , , ,3557
325054.2535,673235.2487,tv. & video sales, ,Class 1,Class 1, , , , ,3558
325061.253,673229.4988,hot food t/a, ,SUI GENERIS,Class 1,Class 1,Class 1,24-26 LADY LAWS,EH3 9DS,3559
327411.0438,671070.108200001,supermarket,Sainsbury (Savacentre),Class 1,Class 1, , , , ,3560
327411.0438,671079.967800001,large mixed durable,BHS (Savacentre),Class 1,Class 1, , , , ,3561
327369.5512,671022.453299999,jeweller,Collingwood,Class 1,Class 1, , , , ,3562
327369.5512,671016.290999999,tv/video hire,Granada,Class 1,Class 1, , , , ,3563
327369.1404,671009.718,baker, ,Class 1,Class 1, , , , ,3564
327368.7296,670994.5177,greengrocer, ,Class 1,Class 1, , , , ,3565
327368.7296,670976.0309,butcher,Charles Wilson,Class 1,Class 1, , , , ,3566
327368.7296,670960.830600001,butcher,Munro,Class 1,Class 1, , , , ,3567
327367.4971,670936.181600001,supermarket,Safeway,Class 1,Class 1, , , , ,3568
327324.772,671094.757200001,bank,T.S.B.,Class 2,Class 2, , , , ,3569
327324.772,671089.005799999,shoe repairs,Automagic,Class 1,Class 1, , , , ,3570
327324.772,671082.843499999,photo printing,SupaSnaps,Class 1,Class 1, , , , ,3571
327324.772,671076.270400001,frozen food,Capital,Class 1,Class 1, , , , ,3572
327323.5396,671063.945900001,shoes,K Shoes,Class 1,Class 1, , , , ,3573
327323.5396,671056.551200001,n/t/c,Forbuoys,Class 1,Class 1, , , , ,3574
327323.5396,671047.102399999,chemist,Boots,Class 1,Class 1, , , , ,3575
327323.5396,671036.010299999,shoes,Manfield,Class 1,Class 1, , , , ,3576
327323.5396,671029.0264,mens' clothes,Fosters,Class 1,Class 1, , , , ,3577
327323.5396,671022.0425,ladies' clothes,Dorothy Perkins,Class 1,Class 1, , , , ,3578
327323.5396,671016.290999999,ladies' clothes,Wrigges,Class 1,Class 1, , , , ,3579
327322.718,671008.0747,photographic,Dixons,Class 1,Class 1, , , , ,3580
327322.3071,670996.9826,electrical goods,Currys,Class 1,Class 1, , , , ,3581
327321.4855,670981.3715,ladies/childrens clothes,Seconds & Firsts,Class 1,Class 1, , , , ,3582
327321.4855,670975.2093,general clothing,Mackays,Class 1,Class 1, , , , ,3583
327321.4855,670968.225400001,electrical goods,Connect,Class 1,Class 1, , , , ,3584
327321.4855,670961.2415,sports goods,Intersport,Class 1,Class 1, , , , ,3585
327321.8963,670953.8467,shoes,Barratts,Class 1,Class 1, , , , ,3586
327321.0747,670946.452,diy,Leveys,Class 1,Class 1, , , , ,3587
327319.8422,670931.662599999,books,Cameron Bookshop,Class 1,Class 1, , , , ,3588
327353.9401,671046.6916,hairdresser,Headline,Class 1,Class 1,Class 1,Class 1,6/41 LADY ROAD,EH16 5PB,3589
327339.1507,671052.853800001,coffee shop,Sunblest,Class 3,SUI GENERIS,Vacant,SUI GENERIS,6/43-49 LADY RO,EH16 5PB,3590
327353.9401,671052.853800001,hot food t/a,Caviapen,SUI GENERIS,SUI GENERIS, , , , ,3591
327353.9401,671059.426899999,hot food t/a,Leggate,SUI GENERIS,SUI GENERIS, , , , ,3592
327339.1507,671059.8377,hot food take-away,Spud-u-Like,SUI GENERIS,SUI GENERIS,SUI GENERIS,SUI GENERIS, , ,3593
327349.0103,671059.8377,hot food t/a,Munchaway,SUI GENERIS,SUI GENERIS, , , , ,3594
327338.7399,671046.6916,hot food take-away,Tee Gees,SUI GENERIS,SUI GENERIS,SUI GENERIS,SUI GENERIS, , ,3595
327344.0805,671059.8377,hot food t/a,Sunblest / Bruno's,SUI GENERIS,SUI GENERIS, , , , ,3596
322135.7186,670708.5001,public house, ,SUI GENERIS,SUI GENERIS,SUI GENERIS,SUI GENERIS,27(1) LANARK RO,EH14 1TG,3597
322030.0625,670652.468800001,public house, ,SUI GENERIS,SUI GENERIS,SUI GENERIS,SUI GENERIS,43 LANARK ROAD,EH14 1TL,3598
322014.1874,670640.343800001,windows /doors, ,Class 4,Class 1, , , , ,3599
321997.0,670627.375,hairdresser, ,Class 1,Class 1,Class 1,Class 1,51A LANARK ROAD,EH14 1TL,3600
320411,668958,public house, ,SUI GENERIS,SUI GENERIS,SUI GENERIS,SUI GENERIS,459 LANARK ROAD,EH14 5BA,3601
319776,668560,post office,Fisher,Class 1,Class 1,Class 1,Class 1,529 LANARK ROAD,EH14 5DE,3602
319742,668534,greengrocer/florist,Ruby Bush,Class 1,Class 1,Class 3,Class 3,535 LANARK ROAD,EH14 5DE,3603
319723,668523,hot food take-away, ,SUI GENERIS,SUI GENERIS,SUI GENERIS,SUI GENERIS,539 LANARK ROAD,EH14 5DE,3604
319619.579,668455.0527,hot food t/a, ,SUI GENERIS,SUI GENERIS,SUI GENERIS,SUI GENERIS,555 LANARK ROAD,EH14 5DE,3605
319601.316,668444.5263,hairdresser, ,Class 1,Class 1,Class 1,Class 1,559 LANARK ROAD,EH14 5DE,3606
319597.6317,668441.8947,wool, ,Class 1,Class 1,Vacant,Class 1,559B LANARK ROA,EH14 5DE,3607
319603.4737,668434.579,fishmonger, ,Class 1,Class 1,Class 1,Class 1,561A LANARK ROA,EH14 5DE,3608
319587.8947,668434.579,home decorating, ,Class 1,Class 1,Class 3,Class 3,563 LANARK ROAD,EH14 5DB,3609
319566.4737,668420.579,electrician, ,Class 4,Class 4,Class 4,Vacant,569 LANARK ROAD,EH14 5DB,3610
319507.6317,668385.158,n/t/c, ,Class 1,Class 1,Class 1,Class 1,583 LANARK ROAD,EH14 5DA,3611
319496.9473,668378.6317,cards/posters, ,Class 1,Vacant,Class 1,Class 1,587A LANARK ROA,EH14 5DA,3612
319477.0527,668367.7896,restaurant, ,Class 3,Class 4,Class 4,Class 4,589 LANARK ROAD,EH14 5DA,3613
322185.0938,670817.0,hairdresser, ,Class 1,Class 1,Class 1,Class 1,6 LANARK ROAD,EH14 1TQ,3614
319771,668597,n/t/c, ,Class 1,Class 1, , , , ,3615
319732,668570,grocer, ,Class 1,Class 1,Class 1,Class 1,540 LANARK ROAD,EH14 5DJ,3616
319767,668585,bank, ,Class 2,Class 2,Class 2,Class 2,540A LANARK ROA,EH14 5EL,3617
319726,668556,public house, ,SUI GENERIS,SUI GENERIS,SUI GENERIS,SUI GENERIS,542 LANARK ROAD,EH14 5EL,3618
319716,668548,chemist, ,Class 1,Class 1,Class 1,Class 1,544 LANARK ROAD,EH14 5EL,3619
319608.4737,668477.9473,grocer, ,Class 1,Class 1,Class 1,Class 1,574-576 LANARK,EH14 5EL,3620
319564.7896,668451.263,freezer foods,Lowfreeze,Class 1,Class 1,Class 1,Class 1,594-600 LANARK,EH14 5EN,3621
319536.4737,668435.9473,public house, ,SUI GENERIS,SUI GENERIS,SUI GENERIS,SUI GENERIS,604 LANARK ROAD,EH14 5EN,3622
319354,668313,florist, ,Class 1,Vacant,Vacant,Demolished, , ,3623
318977,668120,service station, ,SUI GENERIS,SUI GENERIS,Class 1,Class 1,57 LANARK ROAD,EH14 5JX,3624
318494.5494,667861.255899999,public house, ,SUI GENERIS,SUI GENERIS,SUI GENERIS,SUI GENERIS,137 LANARK ROAD,EH14 5NZ,3625
318546.7441,667910.201300001,greengrocer, ,Class 1,Class 1,Class 1,Vacant,120 LANARK ROAD,EH14 5NY,3626
318539.5842,667907.348099999,fishmonger, ,Class 1,Class 1,Class 1,Class 1,122 LANARK ROAD,EH14 5NY,3627
318533.746,667905.1336,butcher, ,Class 1,Class 1,Class 1,Class 1,124 LANARK ROAD,EH14 5NY,3628
318401.2691,667857.5842,bank, ,Class 2,Class 2,Class 2,Class 2,158A LANARK ROA,EH14 5NY,3629
318388.1138,667852.671700001,"toys, stationery", ,Class 1,Class 1,Class 1,Class 1,162 LANARK ROAD,EH14 5NY,3630
318388.1138,667852.772299999,chemist, ,Class 1,Class 1, , , , ,3631
318379.3086,667849.778899999,grocer, ,Class 1,Class 1,Class 1,Vacant,164 LANARK ROAD,EH14 5NY,3632
318260,667829,post office, ,Class 1,Class 1,Class 1,Class 1,190 LANARK ROAD,EH14 5NX,3633
317557.7777,667468.6668,electrical goods servicing,Halliday,Class 1,Class 4, , , , ,3634
317561.0374,667469.8517,computer supplies, ,Class 2,Class 1, , , , ,3635
327645.5492,669472.608200001,cash registers, ,Class 2,Class 1,Class 4,Class 4,19 LASSWADE ROA,EH16 6JB,3636
327649.0984,669464.5098,plumbing/heating engineers, ,Class 4,Class 4,Class 4,Class 4,21 LASSWADE ROA,EH16 6JB,3637
327651.5689,669459.3631,grocer, ,Class 1,Class 1,Class 1,Class 1,25 LASSWADE ROA,EH16 6JB,3638
327663.0984,669436.9016,hairdresser, ,Class 1,Class 1,Class 1,Class 1,27 LASSWADE ROA,EH16 6TD,3639
327665.3041,669432.4902,n/t/c, ,Class 1,Class 1,Class 1,Class 1,31 LASSWADE ROA,EH16 6TD,3640
327667.2648,669427.8336,video film hire, ,Class 1,Vacant,Class 2,Class 2,33 LASSWADE ROA,EH16 6TD,3641
325497,673072,vacant, ,Vacant,Vacant, , , , ,3642
325497,673072,vacant, ,Vacant,Vacant, , , , ,3643
325497,673072,vacant, ,Vacant,Vacant, , , , ,3644
325060.556,673020.3586,car parts & accessories, ,Class 1,Class 1,Class 1,Class 1,91 LAURISTON PL,EH3 9JB,3645
325056.2506,673019.376,grocer, ,Class 1,Class 1,Class 1,Class 1,93 LAURISTON PL,EH3 9JB,3646
325052.1685,673017.9915,entertainment agency, ,Class 4,Vacant,Vacant,Vacant,97 LAURISTON PL,EH3 9JB,3647
325048.0953,673017.035800001,hairdresser, ,Class 1,Class 1,Class 1,Class 1,99 LAURISTON PL,EH3 9JB,3648
325043.468,673015.4191,vacant, ,Vacant,Vacant,Class 2,Class 3,101 LAURISTON P,EH3 9JB,3649
325026.5021,673008.5021,public house, ,SUI GENERIS,SUI GENERIS,SUI GENERIS,SUI GENERIS,105-107 LAURIST,EH3 9JG,3650
325022.5002,673007.251499999,"fireplaces, d-i-y, stone", ,Class 1,Class 1,Class 1,Class 1,109 LAURISTON P,EH3 9JG,3651
325018.4983,673005.750800001,ladies clothes, ,Class 1,Class 4,Class 2, , , ,3652
325013.9962,673004.2501,ladies clothes, ,Class 1,Class 2,Class 2, , , ,3653
325003.2501,672994.7513,hot food t/a, ,SUI GENERIS,Class 1,Class 1,Class 4,117 LAURISTON P,EH3 9JN,3654
324998.2592,672991.2577,"cards, novelties etc.", ,Class 1,Class 1,Vacant,Class 2,121 LAURISTON P,EH3 9JN,3655
324992.7508,672987.750800001,dry cleaner, ,Class 1,Vacant,Class 1,Class 1,125 LAURISTON P,EH3 9JN,3656
324983.2506,672981.500700001,ladies & children's clothes, ,Class 1,Class 1,Class 4,Vacant,129 LAURISTON P,EH3 9JN,3657
324974.9995,672975.4998,building society,Alliance & Leicester,Class 2,Class 2,Class 2,Class 2,133 LAURISTON P,EH3 9JN,3658
324967.9962,672967.996200001,hairdresser, ,Class 1,Class 2,Class 2,Vacant,137 LAURISTON P,EH3 9JN,3659
324962,672956,frozen foods,Capital,Class 1,Vacant,Class 1,Vacant,141 LAURISTON P,EH3 9JN,3660
325322.5857,673095.342700001,n/t/c (lic), ,Class 1,Class 1, , , , ,3661
325159.7551,673111.747,coal showroom,British Coal,Class 1,Vacant, , , , ,3662
325154.2525,673104.993799999,public house,Tap o' Lauriston,SUI GENERIS,SUI GENERIS, , , , ,3663
325117.3059,673064.4824,vacant, ,Vacant,Demolished,Class 2,Class 2,106 LAURISTON P,EH3 9HX,3664
325047.9471,673043.6295,vacant, ,Vacant,Demolished, , , , ,3665
325043.5176,673042.453,wholefoods, ,Class 1,Demolished, , , , ,3666
325038.0,673040.7294,vacant, ,Vacant,Demolished, , , , ,3667
325032.453,673038.800000001,vacant, ,Vacant,Demolished, , , , ,3668
325019.9647,673035.311799999,restaurant, ,Class 3,Demolished, , , , ,3669
325093.0347,673123.7589,hairdresser, ,Class 1,Class 4,Class 4,Class 4,27 LAURISTON ST,EH3 9DQ,3670
325098.0994,673118.453,leather goods, ,Class 1,Class 1,Class 1,Class 1,31 LAURISTON ST,EH3 9DQ,3671
325103.9797,673112.729599999,vacant, ,Vacant,Class 9, , , , ,3672
325030,673159,public house, ,SUI GENERIS,SUI GENERIS,SUI GENERIS,SUI GENERIS,2 LAURISTON STR,EH3 9DJ,3673
325035.9647,673154.135299999,bldg & civ eng consults, ,Class 4,Vacant,Class 1,Class 1,8 LAURISTON STR,EH3 9DJ,3674
325039.5823,673151.0,painter joiner, ,Class 4,Vacant,Class 1,Vacant,10 LAURISTON ST,EH3 9DJ,3675
325228.6384,676948.0,office, ,Class 4,Class 4,Class 4,Vacant,9 LAVEROCKBANK,EH5 3BP,3676
325284.6105,676717.2316,grocer, ,Class 1,Class 9, , , , ,3677
325283.221,676721.8632,hairdresser, ,Class 1,Class 9, , , , ,3678
325084.0996,676977.0922,public house, ,SUI GENERIS,SUI GENERIS,SUI GENERIS,SUI GENERIS,64(02) LAVEROCK,EH5 3BZ,3679
326872.6805,675766.827199999,hot food t/a, ,SUI GENERIS,Class 1,SUI GENERIS,SUI GENERIS,80 LEITH WALK,EH6 5HB,3680
326865.8795,675752.052300001,n/t/c, ,Class 1,Class 1,Class 1,Class 1,92 LEITH WALK,EH6 5HB,3681
326863.6282,675746.874399999,vacant, ,Vacant,Class 4,Class 4,Class 4,94 LEITH WALK,EH6 5HB,3682
326861.1518,675741.246200001,public house, ,SUI GENERIS,SUI GENERIS,SUI GENERIS,SUI GENERIS,96-98 LEITH WAL,EH6 5HB,3683
326852.9891,675728.0733,vacant, ,Vacant,Class 1,Class 1,Class 1,100 LEITH WALK,EH6 5DT,3684
326851.1881,675724.4713,musical instruments, ,Class 1,Class 1,Class 1,Class 1,102 LEITH WALK,EH6 5DT,3685
326849.162,675721.7698,carpets, ,Class 1,Class 1,Class 1,Class 1,104 LEITH WALK,EH6 5DT,3686
326845.4292,675711.5287,charity shop, ,Class 1,Class 4,Class 2,Vacant,106 LEITH WALK,EH6 5DT,3687
326842.9528,675706.5759,restaurant, ,Class 3,Class 1,Class 1, , , ,3688
326834.0363,675689.837300001,bed linen, ,Class 1,Class 1, , , , ,3689
325557.5845,673580.785,ladies clothes, ,Class 1,Vacant,Class 1,Class 1,479 LAWNMARKET,EH1 2NT,3690
325547.2464,673574.137800001,general clothing, ,Class 1,Class 1,Class 1,Class 1,491 LAWNMARKET,EH1 2NT,3691
325542.215,673571.400900001,general clothing,D. & R. Murray (Hawick) Ltd.,Class 1,Class 1,Class 1,Class 1,495-497 LAWNMAR,EH1 2PE,3692
325532.5845,673567.2004,jewellery, ,Class 1,Class 1,Class 1,Class 1,499 LAWNMARKET,EH1 2PE,3693
325526.7536,673564.785,restaurant, ,Class 3,Class 3,Vacant,Class 3,503 LAWNMARKET,EH1 2PE,3694
325520.7536,673561.908199999,general clothing,William Shiel & Co.,Class 1,Class 1,Class 1,Class 1,509-513 LAWNMAR,EH1 2PE,3695
325514.0459,673558.492699999,general clothing, ,Class 1,Class 1,Class 1,Class 1,515 LAWNMARKET,EH1 2PE,3696
325509,673556,jewellery, ,Class 1,Class 1,Class 1,Class 1,519 LAWNMARKET,EH1 2PE,3697
325502.7536,673553.7391,public house, ,SUI GENERIS,SUI GENERIS,SUI GENERIS,SUI GENERIS,521-523 LAWNMAR,EH1 2PE,3698
325554.1545,673545.3069,cafe, ,Class 3,Class 3,Class 1,Class 1,324-326 LAWNMAR,EH1 2PH,3699
325547.6764,673543.553200001,musical instruments, ,Class 1,Class 1,Class 1,Class 1,328 LAWNMARKET,EH1 2PH,3700
325540.9541,673541.7996,antiques, ,Class 1,Class 1,Class 1,Class 1,330 LAWNMARKET,EH1 2PH,3701
325534.2464,673539.6305,gifts, ,Class 1,Class 1,Class 1,Class 1,334 LAWNMARKET,EH1 2PH,3702
325528.2004,673537.292300001,"gifts, souvenirs", ,Class 1,Class 1,Class 1,Class 1,336-340 LAWNMAR,EH1 2PH,3703
324535,672574,service station, ,SUI GENERIS,SUI GENERIS, , , , ,3704
324738.3214,672292.354900001,chiropodist, ,Class 2,Class 2,Class 2,Class 2, , ,3705
323770.8687,674650.878799999,vacant, ,Vacant,Class 1,Vacant,Class 1,3-5 LEARMONTH A,EH4 1DG,3706
323742.303,674643.545399999,butcher, ,Class 1,Class 1,Class 1,Class 1,4-8 LEARMONTH A,EH4 1DF,3707
323864.2727,674660.4242,hairdresser, ,Class 1,Class 2,Class 2,Class 2,50 LEARMONTH GR,EH4 1BN,3708
323862.6263,674664.929300001,post office, ,Class 1,Class 1,Class 1,Class 2, , ,3709
325903.8826,674056.351299999,public house, ,SUI GENERIS,SUI GENERIS,SUI GENERIS,SUI GENERIS,5-11 LEITH STRE,EH1 3AT,3710
326971.3769,675886.4815,public house, ,SUI GENERIS,SUI GENERIS,SUI GENERIS,SUI GENERIS,7-9 LEITH WALK,EH6 8LN,3711
326968.0,675879.2774,post office, ,Class 1,Class 2,Class 2,Class 2,11 LEITH WALK,EH6 8LN,3712
326964.398,675872.7487,"toys, gifts, cards", ,Class 1,Class 1,Class 1,Class 1,13 LEITH WALK,EH6 8LN,3713
326961.0211,675865.7698,building society, ,Class 2,Class 2, , , , ,3714
326953.817,675852.487299999,ladies' clothing, ,Class 1,Class 2,Class 2, , , ,3715
326560.7135,675100.609999999,housing office, ,Class 1,Class 2,Class 4,Vacant,23 LEITH WALK,EH6 8LN,3716
326937.7015,675822.7589,public house, ,SUI GENERIS,SUI GENERIS,SUI GENERIS,SUI GENERIS,39 LEITH WALK,EH6 8LS,3717
326935.2251,675817.8061,hot food t/a, ,SUI GENERIS,Class 3,SUI GENERIS,SUI GENERIS,43-45 LEITH WAL,EH6 8LS,3718
326932.5236,675812.8533,grocer, ,Class 1,Class 1,Class 1,Class 1,47-49 LEITH WAL,EH6 8LS,3719
326930.0472,675807.9005,greengrocer, ,Class 1,Vacant, , , , ,3720
326927.7959,675802.7226,bank, ,Class 2,Class 2, , , , ,3721
326920.6492,675789.6282,bank, ,Class 2,Class 2,Class 2,Vacant,61 LEITH WALK,EH6 8LS,3722
326909.1467,675769.6754,public house, ,SUI GENERIS,SUI GENERIS,SUI GENERIS,SUI GENERIS,77A-79 LEITH WA,EH6 8LX,3723
326905.7487,675761.8061,ladies' & children's clothing, ,Class 1,Vacant,Class 1,Class 1,81 LEITH WALK,EH6 8LX,3724
326903.0472,675756.8533,dental surgery, ,Class 2,Class 2,Class 2,Class 2, , ,3725
326901.0211,675752.125600001,videotape hire, ,Class 1,Class 1,Class 1,Class 1,87 LEITH WALK,EH6 8LX,3726
326898.0944,675746.272299999,vacant, ,Vacant,Class 1,Class 1,Class 1,91 LEITH WALK,EH6 8LX,3727
326887.7487,675726.9528,television & audio, ,Class 1,Class 1,Class 1,Class 1,99 LEITH WALK,EH6 8NP,3728
326885.4975,675723.3508,vacant, ,Vacant,Class 1,Class 1,Class 2,101 LEITH WALK,EH6 8NP,3729
326881.7335,675716.931700001,greengrocer, ,Class 1,Class 1,Vacant,Class 1,103 LEITH WALK,EH6 8NP,3730
326879.4822,675712.2041,baker, ,Class 1,Class 1,Class 1,Class 1,105 LEITH WALK,EH6 8NP,3731
326874.0791,675701.848200001,vacant, ,Vacant,Class 1, , , , ,3732
326871.199,675695.2302,grocer, ,Class 1,Class 1,Class 1,Class 1,111 LEITH WALK,EH6 8NP,3733
326868.4975,675690.052300001,bicycles, ,Class 1,Class 1,Vacant,Class 1,115 LEITH WALK,EH6 8NP,3734
326862.5447,675677.727700001,public house, ,SUI GENERIS,SUI GENERIS,SUI GENERIS,SUI GENERIS,121 LEITH WALK,EH6 8NP,3735
326859.1728,675672.6282,betting shop, ,Class 2,Class 2,Vacant,Class 2,123 LEITH WALK,EH6 8NP,3736
326857.1467,675668.801000001,insurance advisory centre, ,Class 4,Class 2,Class 2,Class 2,125A-127 LEITH,EH6 8NP,3737
326816.7226,675585.827199999,hairdresser, ,Class 1,Class 1,Vacant,Class 1,167 LEITH WALK,EH6 8NR,3738
326814.1728,675579.827199999,driving school, ,Class 4,Class 4,Class 1,Vacant,169 LEITH WALK,EH6 8NR,3739
326811.9216,675575.0995,pet shop, ,Class 1,Class 1,SUI GENERIS,SUI GENERIS,171 LEITH WALK,EH6 8NR,3740
326809.4452,675570.1467,carpets & vinyl floorings, ,Class 1,Class 1,Class 1,Class 1,175-177 LEITH W,EH6 8NR,3741
326796.9216,675543.9267,vacant, ,Vacant,Class 1,Class 2,Class 2,185 LEITH WALK,EH6 8NX,3742
326794.6754,675538.4815,restaurant, ,Class 3,Class 2, , , , ,3743
326791.0733,675530.827199999,grocer, ,Class 1,Class 1, , , , ,3744
326826.801,675676.3718,window blinds, ,Class 1,Class 1,Class 1, ,122 LEITH WALK,EH6 5DT,3745
326824.3246,675671.8693,carpets, ,Class 1,Class 1,Class 1, ,124 LEITH WALK,EH6 5DT,3746
326822.2513,675668.1467,butcher, ,Class 1,Vacant,Vacant,Vacant,126 LEITH WALK,EH6 5DT,3747
326819.1518,675661.921599999,restaurant, ,Class 3,Class 3,Class 3,Class 3,128 LEITH WALK,EH6 5DT,3748
326816.9005,675657.644099999,grocer, ,Class 1,Vacant,Class 11,Class 11,132 LEITH WALK,EH6 5DT,3749
326815.2513,675653.4713,"houseware, gifts, shoes", ,Class 1,Class 3,SUI GENERIS,SUI GENERIS,134-136 LEITH W,EH6 5DT,3750
326811.7015,675646.6231,public house, ,SUI GENERIS,SUI GENERIS,SUI GENERIS,SUI GENERIS,138-140 LEITH W,EH6 5DT,3751
326808.0261,675640.7487,hairdresser, ,Class 1,Class 1,Class 1,Class 1,142 LEITH WALK,EH6 5DT,3752
326806.2513,675636.4241,jeweller, ,Class 1,Class 1,Class 1, , , ,3753
326804.1779,675632.4241,hairdresser, ,Class 1,Class 1,Class 1, , , ,3754
326801.9528,675627.523600001,travel agent, ,Class 1,Class 1,Class 1, , , ,3755
326789.2723,675527.0,amusement centre, ,Class 11,Class 11,Class 11,Class 11,193 LEITH WALK,EH6 8NX,3756
326786.7647,675520.8061,chinese supermarket, ,Class 1,Class 1,Class 1,Class 1,199-201 LEITH W,EH6 8NX,3757
326780.9165,675508.6282,solicitor & estate agent, ,Class 2,Vacant,Class 1,Class 1,209 LEITH WALK,EH6 8NX,3758
326775.8221,675499.2041,hot food take-away, ,SUI GENERIS,SUI GENERIS,Vacant, , , ,3759
326773.1205,675493.5759,betting shop, ,Class 2,Class 2,Class 2, , , ,3760
326770.8482,675488.2774,vacant, ,Vacant,Class 1,Class 1,Class 1,219 LEITH WALK,EH6 8NX,3761
326769.2723,675484.9005,grocer, ,Class 1,Class 4,Class 1,Class 1,221 LEITH WALK,EH6 8NX,3762
326767.6964,675481.2985,vacant, ,Vacant,Class 1,Class 1,Class 2,225 LEITH WALK,EH6 8NX,3763
326765.8954,675477.6964,public house, ,SUI GENERIS,SUI GENERIS,SUI GENERIS,SUI GENERIS,227 LEITH WALK,EH6 8NX,3764
326755.0,675458.8061,public house, ,SUI GENERIS,SUI GENERIS,SUI GENERIS,SUI GENERIS,229 LEITH WALK,EH6 8NY,3765
326753.6492,675455.654300001,greengrocer, ,Class 1,Class 1,Vacant,Class 2,231 LEITH WALK,EH6 8NY,3766
326752.5236,675452.502499999,bridal wear, ,Class 1,Vacant,Vacant, , , ,3767
326751.1728,675449.801000001,launderette, ,Class 1,Class 1,Class 1, , , ,3768
326746.7487,675441.2041,plant & equipment hire, ,Class 1,Class 1,Class 1, , , ,3769
326744.7226,675436.7015,vacant, ,Vacant,Class 1,Vacant,Class 1,245 LEITH WALK,EH6 8NY,3770
326742.4713,675431.7487,wedding stationery, ,Class 1,Class 1,Class 1,Class 1,247 LEITH WALK,EH6 8NY,3771
326738.2985,675424.3036,motor cycles, ,SUI GENERIS,Vacant, , , , ,3772
326734.9216,675417.3246,dress fabrics, ,Class 1,Vacant, , , , ,3773
326732.8954,675413.497500001,grocer, ,Class 1,Class 1,SUI GENERIS,Class 1,255-257 LEITH W,EH6 8NY,3774
326729.4713,675407.151799999,chemist, ,Class 1,Class 1,Class 1,Class 1,257A LEITH WALK,EH6 8NY,3775
326726.3195,675400.6231,coffee shop, ,Class 3,Class 3,Class 3,Class 3,261-261A LEITH,EH6 8NY,3776
326723.3929,675393.644099999,post office, ,Class 1,Class 1,Class 2,Class 2,263A LEITH WALK,EH6 8NY,3777
326713.1819,675373.6765,public house, ,SUI GENERIS,SUI GENERIS,SUI GENERIS,SUI GENERIS,265 LEITH WALK,EH6 8PD,3778
326711.1558,675368.948799999,leather goods, ,Class 1,Class 1,Vacant,Class 1,267A LEITH WALK,EH6 8PD,3779
326709.1296,675364.221100001,fishmonger, ,Class 1,Class 1,Class 1,Class 1,267B LEITH WALK,EH6 8PD,3780
326706.7658,675360.0,furniture (second hand), ,Class 1,Class 1,Class 1,Class 1,269A LEITH WALK,EH6 8PD,3781
326703.1558,675353.4553,greengrocer, ,Class 1,Class 1,Class 1,Class 1,271-273 LEITH W,EH6 8PD,3782
326701.1296,675349.065400001,restaurant, ,Class 3,Class 3,Class 3,Class 3,277 LEITH WALK,EH6 8PD,3783
326699.1035,675344.6754,baker, ,Class 1,Class 1,Class 1,Class 1,279 LEITH WALK,EH6 8PD,3784
326695.5065,675338.4553,butcher, ,Class 1,Class 1,Class 1,SUI GENERIS,281 LEITH WALK,EH6 8PD,3785
326694.1558,675335.078400001,confectionery, ,Class 1,Vacant,Class 1,Class 2,283 LEITH WALK,EH6 8PD,3786
326692.6362,675331.8704,posters, ,Class 1,Class 1,Class 1,Class 1,287 LEITH WALK,EH6 8PD,3787
326691.1166,675328.6623,vacant, ,Vacant,Class 1,Class 1,Class 1,289 LEITH WALK,EH6 8PD,3788
326688.415,675322.883400001,greeting cards, ,Class 1,Class 1,Class 1,Class 1,291 LEITH WALK,EH6 8PD,3789
326686.22,675317.9869,estate agent, ,Class 2,Class 2,Class 2,Class 2,293-295 LEITH W,EH6 8PE,3790
326671.9216,675290.247300001,public house, ,SUI GENERIS,SUI GENERIS,SUI GENERIS,SUI GENERIS,297-299 LEITH W,EH6 8SA,3791
326667.1427,675280.922700001,grocer, ,Class 1,Class 1,Class 1,Class 1,301 LEITH WALK,EH6 8SA,3792
326664.4412,675275.5196,cafe, ,Class 3,Class 3,Class 3,Class 3,305 LEITH WALK,EH6 8SA,3793
326662.415,675270.9608,vacant, ,Vacant,Class 1,Class 1,Class 1,307 LEITH WALK,EH6 8SA,3794
326659.2985,675264.935699999,amusement centre, ,Class 11,Class 1,Class 2,Class 2,309 LEITH WALK,EH6 8SA,3795
326656.9346,675260.0392,hot food t/a, ,SUI GENERIS,SUI GENERIS,SUI GENERIS,SUI GENERIS,311 LEITH WALK,EH6 8SA,3796
326654.402,675254.805,electrical fittings, ,Class 1,Class 1,Class 1,Class 1,315-317 LEITH W,EH6 8SA,3797
326650.6231,675248.909600001,wholesale dom. appl. parts, ,Class 2,Class 1,Class 2,Class 2, , ,3798
326647.5839,675243.6754,fancy & household  goods, ,Class 1,Vacant,Vacant,SUI GENERIS,321 LEITH WALK,EH6 8SA,3799
326644.8823,675238.609999999,restaurant, ,Class 3,Class 3,Class 3,Class 3,325-331 LEITH W,EH6 8SA,3800
326640.9477,675231.909600001,plumber & electrician, ,Class 4,Class 1, , , , ,3801
326635.7135,675222.6231,vacant, ,Vacant,Class 1, , , , ,3802
326632.1296,675216.9619,photocopying & printing, ,Class 4,Vacant,Class 1,Class 1,339 LEITH WALK,EH6 8SD,3803
326630.1035,675213.416099999,men's clothing, ,Class 1,Class 1,Vacant,Class 1,341 LEITH WALK,EH6 8SD,3804
326628.0773,675209.8704,haberdashery, ,Class 1,Class 1,Vacant,Class 1,347 LEITH WALK,EH6 8SD,3805
326625.8823,675205.8181,grocer, ,Class 1,Class 1,Class 1,Class 1,349 LEITH WALK,EH6 8SD,3806
326623.1296,675201.429199999,vacant, ,Vacant,Vacant,Vacant,Vacant,351 LEITH WALK,EH6 8SD,3807
326620.2593,675196.8704,carpets, ,Class 1,Class 1,Class 1,Vacant,353 LEITH WALK,EH6 8SD,3808
326617.3889,675192.1427,men's clothing, ,Class 1,Class 1,Vacant,Class 1,357-359 LEITH W,EH6 8SD,3809
326613.2723,675185.909600001,estate agent, ,Class 2,Class 2,Class 2,Class 2,361 LEITH WALK,EH6 8SD,3810
326611.415,675182.8704,shoe repairs, ,Class 1,Class 1,Class 1,Class 1,363 LEITH WALK,EH6 8SD,3811
326610.7396,675178.4804,grocer, ,Class 1,Class 1,Class 1,Class 1,365 LEITH WALK,EH6 8SD,3812
326591.4281,675151.597999999,public house, ,SUI GENERIS,SUI GENERIS,SUI GENERIS,SUI GENERIS,367 LEITH WALK,EH6 8SE,3813
326588.5577,675146.5327,veterinary surgery, ,Class 2,Class 2,Class 1,Class 1,371 LEITH WALK,EH6 8SE,3814
326584.4673,675139.896500001,car accessories, ,Class 1,Class 1,Class 1,Class 1,373-375 LEITH W,EH6 8SE,3815
326581.0904,675133.8181,public house,Boundary Bar,SUI GENERIS,SUI GENERIS,SUI GENERIS,SUI GENERIS,379-381 LEITH W,EH6 8SE,3816
326935.984,675900.3718,n/t/c, ,Class 1,Class 1,Class 1,Class 1,2 LEITH WALK,EH6 5AE,3817
326935.0835,675896.7698,building society, ,Class 2,Class 2,Class 2,Vacant,4 LEITH WALK,EH6 5AE,3818
326914,675884,travel agent, ,Class 1,Class 1, , , , ,3819
326902,675850,bank, ,Class 2,Class 2, , , , ,3820
326880.5287,675783.670299999,estate agent, ,Class 2,Class 1,Class 1,Class 1,72 LEITH WALK,EH6 5HB,3821
326878.9528,675779.8431,building society, ,Class 2,Class 1, , , , ,3822
326877.1518,675776.2411,driving school, ,Class 4,Class 1,Class 1,Vacant,76 LEITH WALK,EH6 5HB,3823
326852.0,675777.272299999,furniture & carpets, ,Class 1,Class 1, , , , ,3824
326828.801,675680.4713,"wallpaper, paints", ,Class 1,Class 1, , , , ,3825
326799.7538,675623.225099999,insurance advisory centre, ,Class 4,Class 1,Vacant, , , ,3826
326797.0523,675616.4713,hot food t/a, ,SUI GENERIS,SUI GENERIS,SUI GENERIS,SUI GENERIS,154 LEITH WALK,EH6 5DT,3827
326782.1518,675592.225099999,charity shop, ,Class 1,Class 1, , , , ,3828
326770.9267,675569.895400001,plumbing supplies, ,Class 2,Class 1, ,Class 11,174-176 LEITH W,EH6 5EA,3829
326766.2462,675559.811899999,public house, ,SUI GENERIS,SUI GENERIS,SUI GENERIS,SUI GENERIS,180 LEITH WALK,EH6 5EA,3830
326751.3297,675531.8795,ladies' clothing, ,Class 1,Class 2,Class 2,Class 2,202-204 LEITH W,EH6 5EQ,3831
326749.3036,675527.827199999,sports clothing & equipment, ,Class 1,Class 1, , , , ,3832
325991.3173,672309.0529,constrn. & mainten'ce services, ,Class 4,UNKNOWN USE, , , , ,3833
327733.0177,675010.9318,vacant, ,Vacant,SUI GENERIS,SUI GENERIS,SUI GENERIS,1(A) LOCHEND AV,EH7 6DT,3834
327297.0896,675686.8135,hot food t/a, ,SUI GENERIS,SUI GENERIS,SUI GENERIS,SUI GENERIS,13 LOCHEND ROAD,EH6 8DT,3835
327301.0922,675679.6763,fishmonger, ,Class 1,Class 1, , , , ,3836
327303.3474,675676.2797,grocer, ,Class 1,Class 1, , , , ,3837
327305.8647,675673.0165,vacant, ,Vacant,Vacant, , , , ,3838
327488.1239,675326.3752,tiles, ,Class 1,Class 1,Class 9, , , ,3839
327927.3779,674661.1763,licensed grocer, ,Class 1,Class 1,Vacant,Class 2,"4 LOCHEND ROAD,",EH7 6BP,3840
327923.3652,674655.5288,hot food t/a, ,SUI GENERIS,SUI GENERIS,SUI GENERIS,SUI GENERIS,"8 LOCHEND ROAD,",EH7 6BP,3841
327914.7154,674654.3928,grocer, ,Class 1,Class 1,SUI GENERIS,SUI GENERIS,10A LOCHEND ROA,EH7 6BP,3842
327906.8387,674654.3928,veterinary surgery, ,Class 2,Class 2,Class 2,Class 2, , ,3843
327898.0806,674656.6094,vacant, ,Vacant,Class 1,Class 1,Class 1,12A LOCHEND ROA,EH7 6BP,3844
327893.7707,674662.1083,n/t/c, ,Class 1,Class 1,Class 1,Class 1,14 LOCHEND ROAD,EH7 6BP,3845
327784.043,674888.5626,grocer, ,Class 1,Class 1,Class 1,Class 1,58 LOCHEND ROAD,EH7 6DE,3846
327781.4336,674896.716800001,hairdresser, ,Class 1,Vacant,Class 1,Class 1,62 LOCHEND ROAD,EH7 6DE,3847
327724.7598,675015.845799999,public house, ,SUI GENERIS,SUI GENERIS,SUI GENERIS,SUI GENERIS,74 LOCHEND ROAD,EH7 6DR,3848
324907.4983,672766.248199999,café,Mr. Boni's Ice Cream Parlour,Class 3,Class 3,Vacant,Class 3,4-8 LOCHRIN BUI,EH3 9NB,3849
324897.7527,672764.249199999,laundrette, ,Class 1,Class 1,Class 1,Class 1,12-14 LOCHRIN B,EH3 9NB,3850
324891.2496,672762.248199999,video sales, ,Class 1,Vacant,Vacant,Class 1,16 LOCHRIN BUIL,EH3 9NB,3851
324885.7565,672760.750399999,grocer (lic), ,Class 1,Class 1,Class 1,Class 1,18 LOCHRIN BUIL,EH3 9NB,3852
324879.7537,672759.4998,hairdresser, ,Class 1,Class 1,Vacant,Class 1,20 LOCHRIN BUIL,EH3 9NB,3853
324875.7518,672758.249199999,building society,Newcastle,Class 2,Class 2,Class 1,Vacant,24 LOCHRIN BUIL,EH3 9NB,3854
324870.9995,672757.2487,second books, ,Class 1,Class 1,Class 1,Class 1,26 LOCHRIN BUIL,EH3 9NB,3855
324866.2473,672756.248199999,delicatessen, ,Class 1,Vacant,Class 1,Class 1,28 LOCHRIN BUIL,EH3 9NB,3856
324860.7627,672754.5021,upholsterers, ,Class 4,Class 4,Vacant,Class 1,30-32 LOCHRIN B,EH3 9ND,3857
324856.2515,672753.499299999,upholsterers, ,Class 4,Class 4,Class 4,Class 2,34 LOCHRIN BUIL,EH3 9ND,3858
324851.4993,672752.2487,engine parts,Pistons & Components,Class 1,Class 1,Class 1, , , ,3859
324839.9938,672749.247300001,furniture, ,Class 1,Class 1,Class 2, , , ,3860
324835.2496,672748.2487,second books, ,Class 1,Class 4,Class 1,Class 1,48 LOCHRIN BUIL,EH3 9ND,3861
324829.747,672746.2477,hairdresser, ,Class 1,Class 1,Class 1,Class 1,50 LOCHRIN BUIL,EH3 9ND,3862
326745.2513,675519.497500001,sports clothing & equipment, ,Class 1,Class 1, , , , ,3863
326739.2774,675506.2985,public house, ,SUI GENERIS,SUI GENERIS,Class 1,Class 1,222 LEITH WALK,EH6 5EQ,3864
326736.0784,675499.9789,hot food t/a, ,SUI GENERIS,SUI GENERIS,SUI GENERIS,SUI GENERIS,224 LEITH WALK,EH6 5EQ,3865
326734.5236,675496.691299999,vacant, ,Vacant,Vacant,Class 4,Class 4,228 LEITH WALK,EH6 5EQ,3866
326732.7015,675493.0,fishmonger, ,Class 1,Class 1,Class 1,Class 1,230 LEITH WALK,EH6 5EQ,3867
326731.1256,675489.398,hairdresser, ,Class 1,Class 1,SUI GENERIS,SUI GENERIS,232 LEITH WALK,EH6 5EQ,3868
326715.8272,675461.151799999,vacant, ,Vacant,Class 1,Class 1,Class 1,238 LEITH WALK,EH6 5EL,3869
326712.9005,675455.9739,charity shop, ,Class 1,Class 1,Class 1,Class 1,240 LEITH WALK,EH6 5EL,3870
326709.5025,675449.602,hairdresser, ,Class 1,Class 1,Class 1,Class 1,244 LEITH WALK,EH6 5EL,3871
326707.0261,675444.4241,vacant, ,Vacant,Vacant,Class 1,Class 1,246 LEITH WALK,EH6 5EL,3872
326704.3246,675439.0211,furniture (second hand), ,Class 1,Class 1,Class 1,Class 1,250-252 LEITH W,EH6 5EL,3873
326698.602,675426.1779,paint, ,Class 1,Vacant,Class 3,SUI GENERIS,256 LEITH WALK,EH6 5EL,3874
326695.4503,675418.9739,public house, ,SUI GENERIS,SUI GENERIS,SUI GENERIS,SUI GENERIS,260-262 LEITH W,EH6 5EL,3875
326689.0784,675406.9267,hot food t/a, ,SUI GENERIS,SUI GENERIS,SUI GENERIS,SUI GENERIS,266 LEITH WALK,EH6 5EL,3876
326687.0523,675403.3246,"framed prints, picture framing", ,Class 1,Class 1,Class 1,Class 1,268 LEITH WALK,EH6 5EL,3877
326685.0261,675399.497500001,n/t/c, ,Class 1,Class 1,Class 1,Class 1,272 LEITH WALK,EH6 5EL,3878
326683.0,675395.4452,estate agent, ,Class 2,Class 2,Vacant,Class 2,274 LEITH WALK,EH6 5EL,3879
326667.7538,675364.6623,vacant, ,Vacant,Class 1,Class 1,Class 1,276 LEITH WALK,EH6 5BX,3880
326665.7277,675359.765799999,n/t/c, ,Class 1,Class 1,Class 1,Vacant,278 LEITH WALK,EH6 5BX,3881
326662.7407,675353.6362,hairdresser, ,Class 1,Class 1,Class 1,Class 1,280 LEITH WALK,EH6 5BX,3882
326660.0392,675347.557700001,videotape hire, ,Class 1,Class 1,Class 1,Class 1,284 LEITH WALK,EH6 5BX,3883
326651.9488,675331.0,vacant, ,Vacant,Class 3,Class 3,Class 3,294 LEITH WALK,EH6 5BX,3884
326647.5065,675322.0,public house, ,SUI GENERIS,SUI GENERIS,SUI GENERIS,SUI GENERIS,298-300 LEITH W,EH6 5BU,3885
326635,675297,diy tools, ,Class 1,Class 1, , , , ,3886
326614.7157,675256.8442,car accessories, ,Class 1,Class 1,Class 1,Class 1,328(PF)-330 LEI,EH6 5BU,3887
326610.3377,675247.9739,car showroom, ,SUI GENERIS,SUI GENERIS, , , , ,3888
326594.2342,675237.116599999,printer, ,Class 4,Class 1, , , , ,3889
326597.5327,675224.8181,launderette, ,Class 1,Class 1,Class 1,Class 1,342-346 LEITH W,EH6 5BR,3890
326591.7407,675215.934599999,estate agent, ,Class 2,Class 2,Class 2,Class 2,348 LEITH WALK,EH6 5BR,3891
326588.3638,675210.5316,clothing (second hand), ,Class 1,Class 1,Class 1,Class 1,352 LEITH WALK,EH6 5BR,3892
326583.9357,675202.805,n/t/c, ,Class 1,Class 1,Class 1,Class 1,354 LEITH WALK,EH6 5BR,3893
326581.4031,675198.246200001,t.v. sales, ,Class 1,Vacant,Class 2,SUI GENERIS,356 LEITH WALK,EH6 5BR,3894
326578.5076,675193.740700001,gas fires, ,Class 1,Class 1,Class 1,Class 1,360 LEITH WALK,EH6 5BR,3895
326573.2734,675185.6362,public house, ,SUI GENERIS,SUI GENERIS,SUI GENERIS,SUI GENERIS,362 LEITH WALK,EH6 5BR,3896
326570.4031,675180.570800001,optician, ,Class 1,Class 1,Class 2,Class 1,366 LEITH WALK,EH6 5BR,3897
326538.6765,675131.6754,"furniture, drapery, clothing, electrical",Scotmid,Class 1,Class 1,Class 1,Class 1,368 LEITH WALK,EH7 4PE,3898
326533.2734,675122.895400001,supermarket,Scotmid,Class 1,Class 1,Class 1,Class 1,370 LEITH WALK,EH7 4PE,3899
324916.0019,672742.999,bank,Royal Bank of Scot.,Class 2,Class 3,Class 1,Class 1,1-1A LEVEN STRE,EH3 9LH,3900
324909.2482,672709.4902,supermarket,Scotmid,Class 1,Class 1,Class 1,Class 1,5(01)-21 LEVEN,EH3 9LH,3901
324913.2506,672693.2501,fishmonger, ,Class 1,Class 1,Class 1,Class 1,23 LEVEN STREET,EH3 9LH,3902
324912.7508,672688.249600001,vacant, ,Vacant,Vacant,Class 2,Class 2,25 LEVEN STREET,EH3 9LH,3903
324912.5026,672682.999500001,confectioner, ,Class 1,Vacant,Class 1,Class 1,25B LEVEN STREE,EH3 9LH,3904
324912.2506,672679.000499999,snack bar, ,Class 1,Class 1,Vacant,Vacant,27 LEVEN STREET,EH3 9LH,3905
324911.7504,672676.249199999,vacant, ,Vacant,Class 1,Class 1,Class 1,29 LEVEN STREET,EH3 9LH,3906
324911.5002,672671.000499999,jewellery, ,Class 1,Class 1,Class 1,Class 1,31 LEVEN STREET,EH3 9LH,3907
324911.2501,672666.498299999,spare parts dom appli, ,Class 1,Class 1,Vacant,Class 2,35 LEVEN STREET,EH3 9LH,3908
324910.0,672656.2335,public house,Auld Toll Bar,SUI GENERIS,SUI GENERIS, , , , ,3909
324909.2525,672650.000499999,hot food t/a, ,SUI GENERIS,Class 1,Class 1,Vacant,43 LEVEN STREET,EH3 9LH,3910
324942.2468,672729.0024,public house,Bennets Bar,SUI GENERIS,SUI GENERIS,SUI GENERIS,SUI GENERIS,8 LEVEN STREET,EH3 9LG,3911
324939.4993,672701.2544,household textiles,Fast Feathers,Class 1,Class 1,Class 1,Class 1,14 LEVEN STREET,EH3 9LJ,3912
324938.999,672696.7523,gardening, ,Class 1,Class 1,Vacant,Class 1,16 LEVEN STREET,EH3 9LJ,3913
324938.4988,672692.0,ladies clothes, ,Class 1,Class 1,Vacant,Vacant,20 LEVEN STREET,EH3 9LJ,3914
324938.2487,672687.2477,greengrocer, ,Class 1,Class 1,Vacant,Class 1,22 LEVEN STREET,EH3 9LJ,3915
324937.4969,672680.2511,off licence, ,Class 1,Class 1,Class 1,Class 1,24 LEVEN STREET,EH3 9LJ,3916
324937.2468,672675.999,betting shop,Prince,Class 2,Class 2,Class 1,Class 1,28 LEVEN STREET,EH3 9LJ,3917
324936.7475,672669.253,restaurant, ,Class 3,Class 3,Class 3,Class 3,30-32 LEVEN STR,EH3 9LJ,3918
324936.2473,672663.0,restaurant, ,Class 3,Class 3,Class 3,Class 3,36 LEVEN STREET,EH3 9LJ,3919
324935.9971,672656.747,martial arts, ,Class 1,Class 1,Class 1, , , ,3920
324935.7465,672646.2501,butcher,John Saunderson,Class 1,Class 1,Class 1, , , ,3921
324935.4964,672642.748500001,restaurant, ,Class 3,Class 3,Class 3,Class 3,42 LEVEN STREET,EH3 9LJ,3922
324935.4964,672638.7465,curio imports furniture, ,Class 1,Class 2,Class 3,Class 3,44 LEVEN STREET,EH3 9LJ,3923
327259.4335,669711.409600001,gifts, ,Class 1,Class 2,Class 1,SUI GENERIS,129 LIBERTON BR,EH16 6LD,3924
327261.024,669708.8649,chemist, ,Class 1,Class 1,Class 1,Class 1,131 LIBERTON BR,EH16 6LD,3925
327264.024,669704.6819,hairdresser, ,Class 1,Class 1,Class 1,Class 1,135 LIBERTON BR,EH16 6LD,3926
327265.7734,669701.8192,bakers, ,Class 1,Class 1,Class 1,Class 1,135A LIBERTON B,EH16 6LD,3927
327268.5011,669697.067500001,off-licence, ,Class 1,Class 1,Class 1,Class 2,137 LIBERTON BR,EH16 6LD,3928
327270.2505,669694.045700001,greengrocer, ,Class 1,Class 1,Class 1,Class 1,139 LIBERTON BR,EH16 6LD,3929
327274.6144,669687.932499999,vacant, ,Vacant,Class 1,Class 1,Class 1,143 LIBERTON BR,EH16 6LD,3930
327278.6601,669681.5229,n/t/c, ,Class 1,Class 1,Class 1,Class 1,145 LIBERTON BR,EH16 6LD,3931
327280.5686,669678.6601,hardware, ,Class 1,Class 1,Class 2,Class 4,147 LIBERTON BR,EH16 6LD,3932
327284.7734,669671.886700001,grocer, ,Class 1,Class 1,Class 1,Class 1,151 LIBERTON BR,EH16 6LD,3933
327362.0,669406.5955,bank, ,Class 2,Class 2,Class 2,Class 2,1 LIBERTON DRIV,EH16 6NL,3934
327259,668617,service station, ,SUI GENERIS,SUI GENERIS,Class 1,Class 1,105 LIBERTON GA,EH16 6ND,3935
327368.0,669380.0112,n/t/c, ,Class 1,Class 1,Class 1,Class 1,2 LIBERTON GARD,EH16 6JR,3936
327368.236,669375.3795,butcher, ,Class 1,Class 1,Class 1,Class 1,2A LIBERTON GAR,EH16 6JR,3937
327368.236,669370.337099999,post office, ,Class 1,Class 1,Class 1,Class 1,4A LIBERTON GAR,EH16 6JR,3938
326280.6282,676815.732799999,vacant, ,Vacant,Vacant, , , , ,3939
326238.1256,676835.031199999,n/t/c, ,Class 1,Vacant, , , , ,3940
326199.5287,676852.429199999,vacant, ,Vacant,Class 4,Class 4,Class 4,5 LINDSAY ROAD,EH6 4DT,3941
326193.2251,676852.2041,bookbinder, ,Class 4,Class 4,Vacant,Class 4,6 LINDSAY ROAD,EH6 4DT,3942
326105.4503,676854.2041,vacant, ,Vacant,Vacant,Vacant,Class 9, , ,3943
326099.3718,676853.9789,grocer, ,Class 1,Vacant, , , , ,3944
326080.7277,676854.827199999,vacant, ,Vacant,Vacant,Vacant,Vacant,23 LINDSAY ROAD,EH6 4DR,3945
326075.0995,676855.502499999,vacant, ,Vacant,Vacant,Vacant,Vacant,24 LINDSAY ROAD,EH6 4DR,3946
326350,676860,kitchen & bathroom furniture,Graham,Class 1,Class 1, , , , ,3947
325628.476,677041.985300001,public house, ,SUI GENERIS,SUI GENERIS,SUI GENERIS, ,100 LINDSAY ROA,EH6 4TZ,3948
327385.8886,676198.3705,n/t/c, ,Class 1,Class 1,Class 1,Class 1,1 LINKS PLACE,EH6 7EZ,3949
312242.3092,674502.8969,grocer,Majid,Class 1,Vacant,Vacant,Class 1,1 LISTON PLACE,EH29 9BU,3950
324811.4969,672740.9976,grocer, ,Class 1,Class 1,Class 1,Class 1,60 LOCHRIN BUIL,EH3 9ND,3951
324900.9976,672813.001399999,hairdresser, ,Class 1,Class 1,Class 1,Class 1,3 LOCHRIN PLACE,EH3 9QX,3952
324893.5026,672812.0019,pet shop, ,Class 1,Class 1,Class 1,Class 1,5 LOCHRIN PLACE,EH3 9QX,3953
324890.2511,672811.501700001,cards, ,Class 1,Class 4, , , , ,3954
324884.2482,672810.5012,auto parts, ,Class 1,Class 1, , , , ,3955
324900.2506,672834.747500001,vac cleaner spares, ,Class 1,Class 4,SUI GENERIS,SUI GENERIS, , ,3956
324883.2525,672832.998600001,vacant, ,Vacant,SUI GENERIS, , , , ,3957
324878.0,672832.248199999,copier sales, ,Class 2,Vacant,Class 1,Class 1,14 LOCHRIN PLAC,EH3 9QY,3958
324887.0,672873.001399999,restaurant, ,Class 3,Class 3,Class 3,Class 3,3 LOCHRIN TERRA,EH3 9QJ,3959
324877.5021,672871.5021,vacant, ,Vacant,Vacant, , , , ,3960
324871.2492,672870.751800001,restaurant, ,Class 3,Class 3,Class 3,Class 3,11 LOCHRIN TERR,EH3 9QJ,3961
325492.8159,675150.0529,hot food t/a, ,SUI GENERIS,SUI GENERIS,SUI GENERIS,SUI GENERIS,1 LOGIE GREEN R,EH7 4EY,3962
325485.0793,675225.6545,furniture,Vogue,Class 1,Class 1,Class 1,Demolished, , ,3963
326935.3645,674477.303400001,licensed grocer, ,Class 1,Class 1,Class 1,Class 1,1 LONDON ROAD,EH7 5AP,3964
326940.9389,674476.322000001,building society, ,Class 2,Class 2,Class 1,SUI GENERIS,3-4 LONDON ROAD,EH7 5AP,3965
326947.1699,674475.5163,florist, ,Class 1,Class 1,Vacant,Class 1,5 LONDON ROAD,EH7 5AP,3966
326951.3921,674474.895400001,driving school, ,Class 4,Class 4,Class 4,Class 4,6 LONDON ROAD,EH7 5AP,3967
326956.2353,674474.1503,n/t/c, ,Class 1,Class 1,Class 1,Class 1,8-9 LONDON ROAD,EH7 5AP,3968
326961.2614,674473.267899999,vacant, ,Vacant,Class 1,Class 1,Class 1,10 LONDON ROAD,EH7 5AP,3969
326964.8628,674472.895400001,vacant, ,Vacant,Class 1,Vacant,Vacant,11 LONDON ROAD,EH7 5AP,3970
326968.3399,674472.274499999,greengrocer, ,Class 1,Class 1,Class 1,Class 1,13 LONDON ROAD,EH7 5AP,3971
326980.6405,674468.764699999,hairdresser, ,Class 1,Class 1,Class 1,Class 1,15-16 LONDON RO,EH7 5AT,3972
324824.0029,672744.499299999,vacant, ,Vacant,Vacant,Class 1,Class 1,52 LOCHRIN BUIL,EH3 9ND,3973
324820.5012,672743.2487,engine parts, ,Class 1,Vacant,Class 1,Class 1,54 LOCHRIN BUIL,EH3 9ND,3974
324816.2492,672742.248199999,books, ,Class 1,Class 1,Class 1,Class 1,58 LOCHRIN BUIL,EH3 9ND,3975
326988.3987,674467.385600001,electrical goods, ,Class 1,Class 4, ,Class 2,17-18 LONDON RO,EH7 5AT,3976
326992.6209,674466.5163,vacant, ,Vacant,Class 4, , , , ,3977
326997.0065,674465.634,leather goods, ,Class 1,Class 2, , ,19 LONDON ROAD,EH7 5AT,3978
327002.3465,674464.392100001,ladies' & children's clothing, ,Class 1,Class 2, , ,20 LONDON ROAD,EH7 5AT,3979
327016.4967,674461.274499999,"greengrocer, florist", ,Class 1,Class 4,Class 1,Class 1,21-22 LONDON RO,EH7 5AY,3980
327025.2745,674459.261399999,licensed grocer, ,Class 1,Class 1,Class 1,Class 1,23-24 LONDON RO,EH7 5AY,3981
327032.0065,674457.1438,hairdresser, ,Class 1,Class 1,Class 2,Class 2,25 LONDON ROAD,EH7 5AY,3982
327034.6144,674456.274499999,dry cleaner, ,Class 1,Class 1,Class 1,Class 4,26 LONDON ROAD,EH7 5AY,3983
327055.2288,674451.6601,bank, ,Class 2,Class 2,Class 2,Class 2,29-30 LONDON RO,EH7 5BB,3984
327085.9063,674446.8868,public house, ,SUI GENERIS,SUI GENERIS,SUI GENERIS,SUI GENERIS,35-36 LONDON RO,EH7 5BQ,3985
327109.6731,674445.1307,vacant, ,Vacant,Vacant,Class 2,Class 2,41 LONDON ROAD,EH7 5SW,3986
327117.6209,674444.1372,betting shop, ,Class 2,Class 2,Class 2,Class 2,42 LONDON ROAD,EH7 5SW,3987
327141.5489,674442.5294,café, ,Class 3,Class 3,Class 3,Class 3,45-46 LONDON RO,EH7 5SP,3988
327148.8758,674441.908399999,butcher, ,Class 1,Vacant,Class 2,Class 2,47 LONDON ROAD,EH7 5SP,3989
327155.085,674440.914999999,hardware, ,Class 1,Class 2,Class 2,Class 2,49 LONDON ROAD,EH7 5SP,3990
325715.6232,674645.791200001,sauna & massage parlour, ,Class 11,Class 11, , , , ,3991
325722.4812,674648.168099999,"period clothing, stationery, gifts",Under the Arches,Class 1,Class 2,Class 1,Vacant,42 LONDON STREE,EH3 6LX,3992
325725.4029,674648.817299999,vacant, ,Vacant,Class 4, , , , ,3993
325737.1942,674647.791200001,dry cleaner, ,Class 1,Class 2, , , , ,3994
325730.5971,674649.037599999,grocer, ,Class 1,Class 1,Class 1,Class 1,47 LONDON STREE,EH3 6LX,3995
325741.2464,674646.4144,public house,Bellevue Lounge,SUI GENERIS,SUI GENERIS,SUI GENERIS,SUI GENERIS,49-51 LONDON ST,EH3 6LX,3996
325743.8434,674644.791200001,hardware, ,Class 1,Class 4,Class 2,Class 2, , ,3997
325750.4144,674637.2203,post office, ,Class 1,Class 1,Vacant,Class 1,53 LONDON STREE,EH3 6LX,3998
325748.4666,674639.492699999,shoe repairs, ,Class 1,Vacant, , , , ,3999
321356.9187,670949.705499999,betting shop, ,Class 2,Class 2,Class 2,Class 2,41 LONGSTONE RO,EH14 2BB,4000
321350.0967,670948.213199999,hot food t/a, ,SUI GENERIS,SUI GENERIS,SUI GENERIS,SUI GENERIS,43 LONGSTONE RO,EH14 2BB,4001
321337.3297,670942.523,n/t/c /po, ,Class 1,Class 1,Class 1,Class 1,45-47 LONGSTONE,EH14 2BB,4002
321422.1933,670988.674799999,public house, ,SUI GENERIS,SUI GENERIS,SUI GENERIS,SUI GENERIS,30 LONGSTONE RO,EH14 2BH,4003
321406.7209,670985.243899999,grocer (lic), ,Class 1,Class 1,SUI GENERIS,SUI GENERIS,38 LONGSTONE RO,EH14 2BH,4004
321387.2945,670980.329700001,heating contractors, ,Class 4,Class 4,Class 1,Class 1,44 LONGSTONE RO,EH14 2BH,4005
321382.178,670978.9846,heating contractors, ,Class 4,Class 4, , , , ,4006
321377.4878,670977.9187,travel agents, ,Class 1,Class 1,Class 1,Class 1,48 LONGSTONE RO,EH14 2BH,4007
326250.7884,672413.1587,vacant, ,Vacant,Vacant, , , , ,4008
316349.0836,666390.7075,butcher,Stanley,Class 1,Class 1,Class 1,Class 4,44B MAIN STREET,EH14 7EH,4009
314367.9258,677378.117900001,grocer,Haq,Class 1,Class 1,Class 9,Class 9, , ,4010
314419.3406,677393.170299999,post office,Dalmeny Post Office,Class 1,Class 1,Class 1,Class 4, , ,4011
320562.4963,675459.4879,optician, ,Class 1,Class 1,Class 1,Class 1, , ,4012
320567.5016,675459.988500001,vacant, ,Vacant,Class 1, , , , ,4013
326244.6322,672412.6851,plumber, ,Class 4,Class 4,Class 1,Class 1,6 LORD RUSSELL,EH9 1NQ,4014
326845.9523,675410.810000001,n/t/c, ,Class 1,Class 1,Vacant,Vacant,31 LORNE STREET,EH6 8QW,4015
326877.1908,675394.5715,dom. appliance repairs, ,Class 1,Vacant,Vacant,Class 9, , ,4016
326977.8092,675358.333900001,glazier, ,Class 4,Vacant, , , , ,4017
327034.6192,675347.9531,plumber & gasfitter, ,Class 4,Class 4,Vacant,Class 9, , ,4018
327030.4285,675349.000800001,n/t/c, ,Class 1,Class 1,Class 1,Class 1,73 LORNE STREET,EH6 8QG,4019
326812.9005,675453.895400001,clothing repairs & alterations, ,Class 1,Vacant, , , , ,4020
326836.9523,675442.1423,bridal wear, ,Class 1,Class 2, , , , ,4021
324745.3999,673650.177200001,cafe (church),One World,Class 3,Class 3, , , , ,4022
324752.5257,673651.8972,bookshop (church),One World,Class 1,Class 1,Class 3,Class 3,3A(3) LOTHIAN R,EH1 2EP,4023
324760.3886,673654.1086,gifts (church),Peace & Justice Centre,Class 1,Class 1, , , , ,4024
324786.926,673657.548699999,church info. centre, ,Class 4,Class 1,Class 1,Class 1,3B LOTHIAN ROAD,EH1 2EP,4025
324766.2149,673497.9045,hot food t/a,Darios,SUI GENERIS,Class 2, , , , ,4026
324768.7418,673480.747500001,public house, ,SUI GENERIS,SUI GENERIS,SUI GENERIS,SUI GENERIS,21 LOTHIAN ROAD,EH1 2DJ,4027
324770.2425,673471.9933,amusements,Lothian Amusements Ltd.,Class 11,Class 11,Class 11,Class 2,25 LOTHIAN ROAD,EH1 2DJ,4028
324777.2473,673446.7523,hearing aids,Amplivox Ultratone,Class 2,Class 2,Class 2,Class 2,37 LOTHIAN ROAD,EH1 2DJ,4029
324778.2477,673440.749399999,picture frames, ,Class 1,Class 1,Class 3,Class 1,39 LOTHIAN ROAD,EH1 2DJ,4030
324779.7485,673434.7465,wool & fabrics,Remnant King,Class 1,Class 1,Class 3,Class 3,43-45 LOTHIAN R,EH1 2DJ,4031
324783.7485,673416.750800001,furniture, ,Class 1,Class 1,Class 1,Class 1,53 LOTHIAN ROAD,EH1 2DJ,4032
324784.7489,673410.9981,photographic equipment,Edinburgh Cameras,Class 1,Class 1,Class 1,Vacant,55 LOTHIAN ROAD,EH1 2DJ,4033
324785.9971,673405.006200001,computers,Edinburgh Computers,Class 1,Class 1,Class 1,Class 1,57 LOTHIAN ROAD,EH1 2DJ,4034
324787.4979,673397.0024,travel agent,Cotter Tours,Class 1,Class 1,Class 1,Class 1,59 LOTHIAN ROAD,EH1 2DJ,4035
324788.7485,673389.7489,hot food t/a,Kentucky Fried Chicken,SUI GENERIS,SUI GENERIS,Vacant,Class 1,63 LOTHIAN ROAD,EH1 2DJ,4036
324790.4993,673382.4955,public house, ,SUI GENERIS,SUI GENERIS,SUI GENERIS,SUI GENERIS,65 LOTHIAN ROAD,EH1 2DJ,4037
324803.9895,673303.252499999,vacant, ,Vacant,Class 1,Class 1,Class 3,71 LOTHIAN ROAD,EH3 9AW,4038
324804.9895,673299.261499999,decorating supplies,Bennets,Class 1,Vacant, , , , ,4039
324808.4912,673280.252499999,public house, ,SUI GENERIS,SUI GENERIS,SUI GENERIS,SUI GENERIS,81-83 LOTHIAN R,EH3 9AW,4040
324810.4917,673270.249600001,restaurant,Darios Pizza,Class 3,Class 3,Class 3,Class 3,85-87 LOTHIAN R,EH3 9AW,4041
324812.4912,673259.498299999,public house, ,SUI GENERIS,SUI GENERIS,SUI GENERIS,SUI GENERIS,93 LOTHIAN ROAD,EH3 9AW,4042
324813.7399,673252.2477,restaurant, ,Class 3,Class 3,Class 3,Class 3,95 LOTHIAN ROAD,EH3 9AW,4043
324814.7394,673247.000499999,toys,Wonderland Toys,Class 1,Class 1, , , , ,4044
324815.7399,673240.497400001,menswear,Smith,Class 1,Class 1, , , , ,4045
324816.4888,673236.251499999,charity shop, ,Class 1,Class 11,Class 1,Vacant,103 LOTHIAN ROA,EH3 9AN,4046
324817.4907,673228.999500001,restaurant, ,Class 3,Class 3,Class 3,Class 3,105-109 LOTHIAN,EH3 9AN,4047
324818.4941,673222.2544,vacant, ,Vacant,Class 3,Class 3,Class 3,113-117 LOTHIAN,EH3 9AN,4048
324820.4941,673213.253900001,baker,City Bakers,Class 1,Class 3,Class 3,Class 3,119 LOTHIAN ROA,EH3 9AN,4049
324822.9919,673200.5131,bank,Royal Bank of Scot.,Class 2,Vacant,Class 3,Class 3,123 LOTHIAN ROA,EH3 9AN,4050
324830.7456,673171.749399999,bank,Bank of Scot.,Class 2,Vacant,Class 1,Class 1,125 LOTHIAN ROA,EH3 9AD,4051
324830.747,673162.7489,furniture,Suiteworld,Class 1,Class 1,Class 1,Class 1,127(GF)-131 LOT,EH3 9AD,4052
324832.4974,673153.7489,public house, ,SUI GENERIS,SUI GENERIS,SUI GENERIS,SUI GENERIS,133-135 LOTHIAN,EH3 9AD,4053
324833.9981,673146.0,furniture, ,Class 1,Class 1,Class 1,Class 1,139-145 LOTHIAN,EH3 9AD,4054
324835.9981,673134.2501,shoe repairs,Timpson,Class 1,Class 1,Class 1,Class 1,149 LOTHIAN ROA,EH3 9AA,4055
324838.2473,673122.5021,shoes, ,Class 1,Class 1,Class 1,Class 1,151-153 LOTHIAN,EH3 9AA,4056
324839.748,673114.498299999,restaurant, ,Class 3,Class 3,Class 3,Class 2,157-159 LOTHIAN,EH3 9AA,4057
324841.4926,673104.249600001,public house, ,SUI GENERIS,SUI GENERIS,Vacant,SUI GENERIS,161 LOTHIAN ROA,EH3 9AA,4058
324843.2435,673095.4955,bank,T.S.B.,Class 2,Class 2,Class 2,Class 2,165 LOTHIAN ROA,EH3 9AA,4059
324734.758,673475.1982,carpets, ,Class 1,Demolished, , , , ,4060
324780.0024,673246.752699999,vacant, ,Vacant,Class 2,Class 2,Vacant,90-92 LOTHIAN R,EH3 9BE,4061
324781.5031,673239.249199999,optician, ,Class 1,Class 1,Class 1,Class 1,98 LOTHIAN ROAD,EH3 9BE,4062
324783.7465,673227.9981,restaurant,Bar Italia,Class 3,Class 3,Class 3,Class 3,100-104 LOTHIAN,EH3 9BE,4063
324785.7532,673219.498299999,menswear,Cowan Tailoring,Class 1,Class 1,Class 1,Class 1,108-110 LOTHIAN,EH3 9BE,4064
324788.2611,673201.998600001,funeral directors,Wylie & Lochhead,Class 4,Class 1,Class 3,Class 3,116 LOTHIAN ROA,EH3 9BE,4065
324791.7527,673159.250600001,menswear,Berry,Class 1,Class 1,Class 1,Class 1,122 LOTHIAN ROA,EH3 9BG,4066
324793.2506,673153.753699999,ladies clothes,Bridal Fashions,Class 1,Class 1,Class 1,Vacant,126 LOTHIAN ROA,EH3 9BG,4067
324794.5012,673148.2511,n/t/c,R.S. McColl,Class 1,Class 1, ,Class 1,128 LOTHIAN ROA,EH3 9BG,4068
324797.2525,673135.745100001,"t.v., radio, electrical",Clydesdale,Class 1,Class 1, ,Vacant,130 LOTHIAN ROA,EH3 9BG,4069
324798.7532,673129.242000001,womens' clothing, ,Class 1,Class 1,Class 1,Class 1,132 LOTHIAN ROA,EH3 9BG,4070
324799.7537,673122.4888,general clothing,Robertsons Rainwear,Class 1,Class 1,Class 11,Class 11,134 LOTHIAN ROA,EH3 9BG,4071
324800.7542,673114.735099999,shoes,Curtess,Class 1,Class 1,Class 1,Class 1,136 LOTHIAN ROA,EH3 9BG,4072
324802.0048,673107.481699999,car & bicycle parts,Halfords,Class 1,Class 1,Class 1,Class 1,138 LOTHIAN ROA,EH3 9BG,4073
324803.2554,673100.728499999,t.v. rental,Thorn,Class 1,Class 1,Vacant,Vacant,140 LOTHIAN ROA,EH3 9BG,4074
324804.5059,673094.225400001,large mixed durable,Woolworths,Class 1,Class 1,Class 1,Class 1,142 LOTHIAN ROA,EH3 9BG,4075
324805.7565,673086.721799999,soft furnishings,Jeffrey,Class 1,Class 1,Class 1,Class 1,144 LOTHIAN ROA,EH3 9BG,4076
325848.7126,673242.8178,vacant, ,Vacant,Class 9, , , , ,4077
325846.0607,673238.309599999,vacant, ,Vacant,Class 9, , , , ,4078
325831.8341,673220.2652,public house, ,SUI GENERIS,SUI GENERIS,SUI GENERIS,SUI GENERIS,41 LOTHIAN STRE,EH1 1HB,4079
324814.9004,676955.915100001,vacant, ,Vacant,Class 9, , , , ,4080
324809,676960,vacant, ,Vacant,Class 9, , , , ,4081
324712.2767,676994.8155,licensed grocer, ,Class 1,Vacant, , , , ,4082
324284.7447,677032.510600001,vacant, ,Vacant,Class 9, , , , ,4083
324203.6029,677005.2553,public house, ,SUI GENERIS,SUI GENERIS,SUI GENERIS,Class 9, , ,4084
323954,677021,plasterer & builder, ,Class 4,Class 1, , , , ,4085
323939,677028,toy restorer & manufacturer, ,Class 1,Class 1, , , , ,4086
323853,677060,n/t/c + po, ,Class 1,Class 1, , , , ,4087
323843.193,677071.386,office, ,Class 4,Vacant, , , , ,4088
323777.1974,677094.7939,public house, ,SUI GENERIS,SUI GENERIS,Class 2,Vacant,160 LOWER GRANT,EH5 1EY,4089
326999.013,674386.4772,vacant, ,Vacant,Class 1, , , , ,4090
327000.6274,674383.0,car accessories, ,Class 1,Class 1,Class 4,Class 4,3 LYNE STREET,EH7 5DN,4091
324367.8623,673846.744899999,chemist, ,Class 1,Class 1,Class 2,Class 2,1A(GF)-1B LYNED,EH3 7PX,4092
324374.7763,673854.7653,n/t/c, ,Class 1,Class 1,Class 1,Class 1,2B LYNEDOCH PLA,EH3 7PX,4093
324369.5619,673857.372500001,hairdresser, ,Class 1,Class 1,Class 1,Class 1,2A LYNEDOCH PLA,EH3 7PX,4094
326313.7715,676534.6732,vacant, ,Vacant,Class 1, , , , ,4095
326298.3464,676554.5233,hot food t/a, ,SUI GENERIS,Vacant, , , , ,4096
326293.7715,676561.7125,vacant, ,Vacant,Vacant,Vacant,Class 2, , ,4097
326288.1965,676570.810799999,trade (unknown), ,Class 4,Class 2, ,Class 2,56-58 MADEIRA S,EH6 4AU,4098
330430.2004,672616.422599999,vacant, ,Vacant,Class 1, , , , ,4099
330438.7736,672618.9231,vacant, ,Vacant,Class 1, , , , ,4100
330449.1329,672622.1381,hot food t/a, ,SUI GENERIS,SUI GENERIS,SUI GENERIS,SUI GENERIS,1/B MAGDALENE D,EH15 3DA,4101
330454.1339,672623.567,pool room, ,Class 11,SUI GENERIS,SUI GENERIS,SUI GENERIS,1/C MAGDALENE D,EH15 3DA,4102
330938.1925,672738.608899999,grocer (lic), ,Class 1,Class 1,Class 1,Class 1,23A MAGDALENE D,EH15 3DT,4103
330946.6445,672740.4871,butcher, ,Class 1,Class 1,Vacant,Vacant,23B MAGDALENE D,EH15 3DT,4104
330827.4957,672674.2607,baker, ,Class 1,Class 1,Class 1,Class 1,40 MAGDALENE DR,EH15 3DZ,4105
330832.4348,672675.1998,vacant, ,Vacant,Vacant,Vacant,Vacant,42 MAGDALENE DR,EH15 3DZ,4106
330842.4001,672677.321599999,vacant, ,Vacant,Class 1,Vacant,Class 1,44 MAGDALENE DR,EH15 3DZ,4107
330859.226,672672.226,n/t/c, ,Class 1,Class 1,Class 1,Class 1,46 MAGDALENE DR,EH15 3DZ,4108
330862.5738,672664.817299999,chemist, ,Class 1,Class 1,SUI GENERIS,SUI GENERIS,48 MAGDALENE DR,EH15 3DZ,4109
330863.539,672659.565199999,hairdresser, ,Class 1,Class 1,Class 1,Class 1,50 MAGDALENE DR,EH15 3DZ,4110
316359.7493,666465.9164,bookshop,Glowworm,Class 1,Class 2, , , , ,4111
316367.312,666449.0,public house, ,SUI GENERIS,SUI GENERIS,SUI GENERIS,SUI GENERIS,15 MAIN STREET,EH14 7EQ,4112
316371.0,666431.4791,grocer,Upper Crust,Class 1,Class 1,SUI GENERIS,SUI GENERIS,17 MAIN STREET,EH14 7EQ,4113
316374.5627,666410.9164,hairdresser, ,Class 1,Class 1,Class 1,Class 1,27 MAIN STREET,EH14 7EQ,4114
316279.0836,666499.874600001,bank,Royal Bank of Scotland,Class 2,Class 2,Class 2,Class 2,4 MAIN STREET,EH14 7EH,4115
316302.4511,666483.626800001,supermarket,Scotmid,Class 1,Class 1,Class 1,Class 1,6 MAIN STREET,EH14 7EH,4116
316336,666464,public house, ,SUI GENERIS,SUI GENERIS,SUI GENERIS,SUI GENERIS,20-22 MAIN STRE,EH14 7EH,4117
316344.3343,666448.646299999,hardware, ,Class 1,Class 1,Class 1,Class 1,24 MAIN STREET,EH14 7EH,4118
316347.6463,666443.0,chemist,Spooner,Class 1,Class 1,Class 1,Class 1,26 MAIN STREET,EH14 7EH,4119
316352.6045,666425.4791,betting shop,Smith,Class 2,Class 2,Class 2,Vacant,34 MAIN STREET,EH14 7EH,4120
316354.2089,666415.9164,post office,Balerno Post Office,Class 1,Class 1,Class 1,Class 1,36 MAIN STREET,EH14 7EH,4121
316351.0836,666404.4791,greengrocer,Williamson,Class 1,Class 1,Vacant,Class 4,42 MAIN STREET,EH14 7EH,4122
316350.1254,666397.4791,hairdresser, ,Class 1,SUI GENERIS,SUI GENERIS,SUI GENERIS,44 MAIN STREET,EH14 7EH,4123
320579.5016,675459.495300001,baker, ,Class 1,Class 1,Class 1,Class 1,"21 MAIN STREET,",EH4 5BZ,4124
320586.9948,675460.4859,public house, ,SUI GENERIS,SUI GENERIS,SUI GENERIS,SUI GENERIS,"23 MAIN STREET,",EH4 5BZ,4125
320623.001,675464.987400001,bank, ,Class 2,Class 2,Class 2,Class 2,29-33 MAIN STRE,EH4 5BZ,4126
320658.8771,675461.8936,public house, ,SUI GENERIS,SUI GENERIS,SUI GENERIS,SUI GENERIS,"45 MAIN STREET,",EH4 5BZ,4127
320669.7761,675462.0386,solicitors / estate agents, ,Class 2,Class 1,Class 1,Class 1,"49 MAIN STREET,",EH4 5BZ,4128
320748.1413,675464.611,hairdresser, ,Class 1,Class 1,Class 1,Class 1,"61 MAIN STREET,",EH4 5AD,4129
320751.8478,675464.5908,wool, ,Class 1,Class 1, , , , ,4130
320755.4899,675464.7743,dentist, ,Class 2,Class 2, , , , ,4131
320761.8973,675464.9376,off licence, ,Class 1,Class 1,Class 1,Vacant,67-69 MAIN STRE,EH4 5AD,4132
320785.2037,675465.998199999,frozen foods,Lowfreeze,Class 1,Class 1,Class 1,Vacant,"75 MAIN STREET,",EH4 5AD,4133
320794.0789,675466.170499999,estate agents, ,Class 2,Class 2, ,Class 2,"77 MAIN STREET,",EH4 5AD,4134
320827.0807,675470.897299999,electrical goods, ,Class 1,Class 1,Vacant,Class 1,"83 MAIN STREET,",EH4 5AD,4135
320859.4679,675468.7927,supermarket,William Low,Class 1,Vacant, ,Class 4,"89 MAIN STREET,",EH4 5AD,4136
320561.7011,675426.8386,n/t/c, ,Class 1,Class 1,Vacant,Class 1,"8 MAIN STREET,",EH4 5BY,4137
320728.4074,675437.715600001,chemist, ,Class 1,Class 1,Class 1,Class 1,"44 MAIN STREET,",EH4 5AA,4138
320733.2257,675438.042199999,greengrocer, ,Class 1,Class 1,Class 1,Class 1,"46 MAIN STREET,",EH4 5AA,4139
320735.4697,675438.082599999,betting shop, ,Class 2,Class 2,Class 2,Class 2,"48 MAIN STREET,",EH4 5AA,4140
320762.7927,675439.001800001,n/t/c, ,Class 1,Class 1,Class 1,Class 1,"54 MAIN STREET,",EH4 5AA,4141
320777.3266,675439.654999999,chemist, ,Class 1,Class 1,Class 1,Class 1,58-60 MAIN STRE,EH4 5AA,4142
320790.2989,675440.001800001,butcher, ,Class 1,Class 1,Class 1,Class 1,"64 MAIN STREET,",EH4 5AA,4143
320795.2055,675440.165100001,drycleaners / photo printing, ,Class 1,Class 1,Class 1,Class 1,"68 MAIN STREET,",EH4 5AA,4144
320800.4312,675439.1853,travel agent, ,Class 1,Class 1,Class 1,Class 1,"70 MAIN STREET,",EH4 5AA,4145
320843.3872,675442.979800001,hot food take-away, ,SUI GENERIS,SUI GENERIS,SUI GENERIS,SUI GENERIS,"72 MAIN STREET,",EH4 5AB,4146
320879.2797,675449.092399999,public house, ,SUI GENERIS,SUI GENERIS,SUI GENERIS,SUI GENERIS,"80 MAIN STREET,",EH4 5AB,4147
312456.6844,674592.490900001,public house, ,SUI GENERIS,SUI GENERIS,SUI GENERIS,Vacant,(15A) MAIN STRE,EH29 9AE,4148
312528.7193,674579.314999999,hot food t/a,Crolla,SUI GENERIS,SUI GENERIS,SUI GENERIS,SUI GENERIS,27 MAIN STREET,EH29 9AE,4149
312554.6669,674578.403000001,dental surgery, ,Class 2,SUI GENERIS,SUI GENERIS,SUI GENERIS,35 MAIN STREET,EH29 9AE,4150
312312.1957,674596.6338,hairdresser,MacDonald,Class 1,Class 1,Class 1,Class 1,12 MAIN STREET,EH29 9AA,4151
312364.433,674586.359999999,n/t/c,Wardell,Class 1,Class 1,Class 1,Class 1,22 MAIN STREET,EH29 9AA,4152
312371.7129,674584.6909,grocer (lic.), ,Class 1,Class 1, , , , ,4153
312406.7018,674577.193399999,chemist,Price,Class 1,Class 1, , , , ,4154
312469.4211,674558.596999999,vacant, ,Vacant,Class 1,Class 1,Class 1,66 MAIN STREET,EH29 9AB,4155
312534.9993,674553.772299999,public house, ,SUI GENERIS,SUI GENERIS, , , , ,4156
313888.322,670722.3452,grocer,Bruce,Class 1,Class 9, , , , ,4157
313859.7544,670709.081900001,grocer,Thompson,Class 1,Class 1,Class 9, , , ,4158
313805.9591,670682.1228,grocer,Cowan,Class 1,Class 1,Class 1,Class 1,77 MAIN STREET,EH28 8RT,4159
313677.8772,670629.081900001,public house, ,SUI GENERIS,SUI GENERIS,SUI GENERIS,Class 9, , ,4160
313894,670747,n/t/c & post office, ,Class 1,Class 9, , , , ,4161
326893.602,675723.801000001,electrical appliances, ,Class 1,Class 1,Class 1,Class 1,4 MANDERSTON ST,EH6 8LY,4162
319879.5561,672798.3572,grocer, ,Class 1,Vacant, , , , ,4163
319832,672883,frozen foods,Lowfreeze,Class 1,Class 1,Class 1,Class 1,10 MANSE ROAD,EH12 7SN,4164
319879.9872,672746.721899999,hot food t/a / snack bar, ,SUI GENERIS,SUI GENERIS,SUI GENERIS,SUI GENERIS,60 MANSE ROAD,EH12 7SS,4165
325706.1159,674681.429,vacant, ,Vacant,Class 4, ,Class 2,1-3 MANSFIELD P,EH3 6NB,4166
325704.8173,674687.597100001,vacant, ,Vacant,Class 4, , , , ,4167
325690.2203,674731.0,bank,Royal bank of Scot.,Class 2,Class 4,Class 4,Class 2,9 MANSFIELD PLA,EH3 6NB,4168
316500.3728,665421.7456,restaurant,Forrest,Class 3,Class 3, , , , ,4169
325460.3702,672469.5769,furrier (retail),Arnold Seftor,Class 1,Class 1,Class 1,Class 2,1-1A MARCHMONT,EH9 1HN,4170
325549.3653,672301.632200001,hoover service centre, ,Class 1,Class 1,Class 1,Class 1,25 MARCHMONT CR,EH9 1HQ,4171
325550.786,672297.370200001,vacant, ,Vacant,Class 4,Class 1,Class 1,27 MARCHMONT CR,EH9 1HQ,4172
325551.7331,672292.6347,dress fabrics, ,Class 1,Vacant,Class 1,Class 1,29 MARCHMONT CR,EH9 1HQ,4173
325580.0025,672302.156199999,public house, ,SUI GENERIS,SUI GENERIS,SUI GENERIS,SUI GENERIS,22 MARCHMONT CR,EH9 1HG,4174
325580.0025,672295.5264,outside caterer, ,Class 4,Class 1,Vacant,Class 3,24 MARCHMONT CR,EH9 1HG,4175
325580.476,672288.8967,car parts & spares, ,Class 1,Vacant,Class 1,Class 1,28-30 MARCHMONT,EH9 1HG,4176
325507.3964,672118.657099999,launderette, ,Class 1,Class 1,Vacant,Class 1,92 MARCHMONT CR,EH9 1HD,4177
325505.5857,672116.544600001,n/t/c, ,Class 1,Class 1, , , , ,4178
325503.1714,672112.319599999,grocer, ,Class 1,Class 3, , , , ,4179
325502.8697,672109.905400001,butcher, ,Class 1,Class 1,Class 1,Class 1,100 MARCHMONT C,EH9 1HD,4180
325502.8697,672107.4911,fishmonger, ,Class 1,Class 1,Class 1,Class 1,102 MARCHMONT C,EH9 1HD,4181
325503.1714,672104.775,children's clothing, ,Class 1,Class 4,Class 2,Class 1,104 MARCHMONT C,EH9 1HD,4182
325460.8438,672464.8413,heating engineer, ,Class 4,Class 2,Class 1,Class 1,3 MARCHMONT ROA,EH9 1HY,4183
325461.3173,672460.579299999,furrier's store & workshop, ,Class 4,Class 2,Class 4,Vacant,5 MARCHMONT ROA,EH9 1HY,4184
325462.2644,672455.420700001,hairdresser, ,Class 1,Class 1,Class 4,Vacant,7 MARCHMONT ROA,EH9 1HY,4185
325462.738,672450.6851,publisher, ,Class 4,Vacant, , , , ,4186
325471.7909,672364.4736,dry cleaner, ,Class 1,SUI GENERIS,SUI GENERIS,SUI GENERIS,27A MARCHMONT R,EH9 1HY,4187
325472.2644,672360.6851,books (second hand), ,Class 1,Class 1,Class 1,Class 1,27B MARCHMONT R,EH9 1HY,4188
325472.738,672356.8967,florist, ,Class 1,Class 1,Class 2,Class 2,27C MARCHMONT R,EH9 1HY,4189
325476.5289,672322.418199999,knitting wool, ,Class 1,Class 1, , , , ,4190
325477.9496,672311.0529,kitchen furniture, ,Class 1,Class 1, , , , ,4191
325478.8967,672304.8967,greengrocer, ,Class 1,Class 4, , , , ,4192
325514.2661,671976.7929,butcher, ,Class 1,Vacant,Class 4,Class 1,123 MARCHMONT R,EH9 1HA,4193
325514.5679,671972.5679,vacant, ,Vacant,Class 4,Class 2,Class 2, , ,4194
325438.7884,672376.0,plumber & gasfitter, ,Class 4,Class 1,Class 1,Class 1,22 MARCHMONT RO,EH9 1HZ,4195
325440.0529,672368.891799999,hairdresser, ,Class 1,SUI GENERIS,SUI GENERIS,SUI GENERIS,24 MARCHMONT RO,EH9 1HZ,4196
325440.5264,672363.682700001,chemist, ,Class 1,Class 1,Class 1,Class 1,26 MARCHMONT RO,EH9 1HZ,4197
325441.0,672358.4736,n/t/c, ,Class 1,Class 1,Class 2,Class 4,30 MARCHMONT RO,EH9 1HZ,4198
325445.6827,672324.997500001,plumber, ,Class 4,Class 4,Vacant,Class 4,32/38 MARCHMONT,EH9 1HX,4199
325445.6827,672319.7884,fancy goods, ,Class 1,Class 4,Class 4,Class 4,36 MARCHMONT RO,EH9 1HX,4200
325445.6827,672314.579299999,dental laboratory, ,Class 2,Class 1,Class 4,Class 4,32/38 MARCHMONT,EH9 1HX,4201
327060.5163,674408.4641,car accessories, ,Class 1,Class 1,Class 1,Class 1,78 MONTROSE TER,EH7 5DP,4202
327065.582,674409.5557,launderette, ,Class 1,Class 1,Class 1,Class 1,80 MONTROSE TER,EH7 5DP,4203
326253.1688,674666.402000001,grocer, ,Class 1,Class 1,Vacant,Vacant,1 MONTGOMERY ST,EH7 5JU,4204
326260.9357,674666.908500001,hot food t/a, ,SUI GENERIS,SUI GENERIS,SUI GENERIS,SUI GENERIS,3-7 MONTGOMERY,EH7 5JU,4205
326502.373,674690.953400001,grocer, ,Class 1,Class 1,Class 1,Class 3,89-91 MONTGOMER,EH7 5HZ,4206
326633.1865,674673.766899999,n/t/c, ,Class 1,Class 2,Class 2,Class 2,119 MONTGOMERY,EH7 5EX,4207
326244.3115,674634.052300001,hairdresser, ,Class 1,Class 1,Class 1,Class 1,10 MONTGOMERY S,EH7 5JS,4208
326249.8834,674634.727700001,travel agent, ,Class 1,Class 1,Class 1,Class 1,12A MONTGOMERY,EH7 5JS,4209
326256.2996,674635.065400001,hairdresser, ,Class 1,Class 1,Class 1,Class 1,12B MONTGOMERY,EH7 5JS,4210
326528.5129,674662.233100001,butcher, ,Class 1,Class 9, , , , ,4211
326534.1399,674662.7564,hairdresser, ,Class 1,Class 4, , , , ,4212
324503.0966,672100.8192,dairy, ,Class 1,Class 2, , , , ,4213
324457.5572,672167.0108,bruntsfield launderettes ltd., ,Class 4,Vacant, , , , ,4214
324455.2894,672170.185699999,medical supplies, ,UNKNOWN USE,Vacant, , , , ,4215
324453.4751,672172.907099999,vacant, ,Vacant,Vacant, , , , ,4216
324451.6608,672175.6285,vacant, ,Vacant,Vacant, , , , ,4217
326920.4255,674363.5745,public house, ,SUI GENERIS,SUI GENERIS,SUI GENERIS,SUI GENERIS,1-7 MONTROSE TE,EH7 5DJ,4218
326991.4967,674414.353,registrar's office, ,Class 1,Class 2,Vacant,Vacant,37-39 MONTROSE,EH7 5DJ,4219
327000.7386,674418.411699999,vacant, ,Vacant,Vacant,Class 4,Vacant,41 MONTROSE TER,EH7 5DJ,4220
327004.8367,674419.7777,vacant, ,Vacant,Class 2,Class 2,Class 2, , ,4221
327009.0589,674421.1438,accountants, ,Class 2,Class 2,Vacant,Class 4,49-51 MONTROSE,EH7 5DJ,4222
327039.9937,674429.875800001,"fishing tacle, guns", ,Class 1,Class 1,Class 1,Class 1,61 MONTROSE TER,EH7 5DJ,4223
326921.0587,674322.098099999,public house, ,SUI GENERIS,SUI GENERIS,SUI GENERIS,SUI GENERIS,2-4 MONTROSE TE,EH7 5DL,4224
326929.3921,674334.8628,wholesale, ,Class 2,Class 1,Class 4,Class 4,6-8 MONTROSE TE,EH7 5DL,4225
326931.5163,674337.3595,n/t/c, ,Class 1,Class 1,Vacant,Class 4,10 MONTROSE TER,EH7 5DL,4226
326933.7712,674340.235300001,vacant, ,Vacant,Vacant,Class 4,Class 4,12 MONTROSE TER,EH7 5DL,4227
326938.6862,674346.3726,wholesale, ,Class 2,Vacant,Vacant,Class 1,16 MONTROSE TER,EH7 5DL,4228
326940.9215,674348.732100001,baker, ,Class 1,Vacant,Class 1,Class 1,18 MONTROSE TER,EH7 5DL,4229
326943.0326,674351.3399,hairdresser, ,Class 1,Class 1,Class 1,Class 1,22 MONTROSE TER,EH7 5DL,4230
326953.5489,674361.8562,vacant, ,Vacant,Vacant,Vacant,Vacant, , ,4231
326956.1568,674364.091600001,wholesale, ,Class 2,Vacant,Class 1,Class 1,30 MONTROSE TER,EH7 5DL,4232
326958.7647,674366.451099999,wholesale, ,Class 2,Class 1,Class 2,Class 1,32 MONTROSE TER,EH7 5DL,4233
326964.7843,674371.3399,wholesale, ,Class 2,Class 1,Class 1,Class 1,34-36 MONTROSE,EH7 5DL,4234
326969.3791,674374.6929,wholesale, ,Class 2,Class 1, , , , ,4235
326971.1177,674375.934800001,wholesale, ,Class 2,Class 1, , , , ,4236
325464.8643,672144.225,hairdresser, ,Class 1,Class 1,Class 1,Class 1,94 MARCHMONT RO,EH9 1HR,4237
325465.4678,672140.3018,hot food take-away, ,SUI GENERIS,SUI GENERIS,SUI GENERIS,SUI GENERIS,98 MARCHMONT RO,EH9 1HR,4238
325465.7696,672135.775,antiques, ,Class 1,Class 1,Vacant,Vacant,100 MARCHMONT R,EH9 1HR,4239
325470.0357,672101.657099999,vacant, ,Vacant,Class 1, , , , ,4240
325470.9411,672095.0178,vacant, ,Vacant,Vacant, , , , ,4241
325471.2428,672092.0,grocer (lic), ,Class 1,Class 1,Class 3,Class 3,108-110 MARCHMO,EH9 1BG,4242
325479.5857,672008.4143,grocer, ,Class 1,Class 1, , , , ,4243
326001.785,673178.492699999,kitchens,Edinburgh Mosaic & Tile Co.,Class 1,Class 4,Class 2,Class 1,35 MARSHALL STR,EH8 9BJ,4244
326004.7201,673154.1713,bank,T.S.B.,Class 2,Vacant,Class 1,SUI GENERIS,20 MARSHALL STR,EH8 9BU,4245
324259.7889,674682.225099999,restaurant, ,Class 3,Class 3, , , , ,4246
325994.3748,670986.1874,n/t/c, ,Class 1,Class 1,Vacant,Class 2,1 MAURICE PLACE,EH9 3EP,4247
324519.6573,671043.059,public house, ,SUI GENERIS,SUI GENERIS,SUI GENERIS,SUI GENERIS,1A MAXWELL STRE,EH10 5HT,4248
318673,674826,garden centre *est. shop flsp., ,Class 1,Class 1, , , , ,4249
318048.119,672811.192600001,public house, ,SUI GENERIS,SUI GENERIS, , , , ,4250
326873.5648,671539.296700001,bank, ,Class 2,Class 4,Class 4,Class 4,34 MAYFIELD GAR,EH9 2BY,4251
326876.8011,671534.625299999,n/t/c, ,Class 1,Class 1,Class 2,Class 2,36 MAYFIELD GAR,EH9 2BY,4252
326878.4956,671531.236300001,n/t/c, ,Class 1,Vacant,SUI GENERIS,SUI GENERIS,38 MAYFIELD GAR,EH9 2BY,4253
326879.4121,671528.0,general clothing, ,Class 1,Class 1,Class 2,Class 2, , ,4254
326614.0231,671470.129699999,bank, ,Class 2,Class 2,Class 2,Vacant,55 MAYFIELD ROA,EH9 3AA,4255
326618.4582,671454.5879,chemist, ,Class 1,Class 1, , , , ,4256
326619.8934,671450.0231,greengrocer, ,Class 1,Class 1, , , , ,4257
326615.9626,671463.870300001,n/t/c & post office, ,Class 1,Class 1,Class 1,Class 1,59 MAYFIELD ROA,EH9 3AA,4258
326621.4582,671447.4352,grocer, ,Class 1,Class 4,Class 4,Vacant,59A MAYFIELD RO,EH9 3AA,4259
326617.7637,671458.870300001,butcher, ,Class 1,SUI GENERIS,SUI GENERIS,SUI GENERIS,61 MAYFIELD ROA,EH9 3AA,4260
326630.4726,671445.5967,diy, ,Class 1,Class 4,Vacant,Vacant,61A MAYFIELD RO,EH9 3AA,4261
326627,671435,greengrocer, ,Class 1,Class 1,Class 1,Class 1,65 MAYFIELD ROA,EH9 3AA,4262
326630,671429,grocer (lic), ,Class 1,SUI GENERIS,SUI GENERIS,SUI GENERIS,67 MAYFIELD ROA,EH9 3AA,4263
326632,671425,baker, ,Class 1,Class 1,Class 1,Class 1,69(01) MAYFIELD,EH9 3AA,4264
326632,671425,dry cleaner, ,Class 1,Demolished,Vacant,Vacant,69A(1) MAYFIELD,EH9 3AA,4265
326632,671425,builder, ,Class 4,Class 4,Class 4,Class 4,69C MAYFIELD RO,EH9 3AA,4266
326637.1527,671348.5792,n/t/c, ,Class 1,Class 1, , , , ,4267
326639.4121,671342.648399999,fishmonger, ,Class 1,Class 1, , , , ,4268
326641.1066,671338.694499999,hairdresser, ,Class 1,Class 1,Class 1,Class 1,92 MAYFIELD ROA,EH9 3AF,4269
326642.8011,671334.740700001,hardware, ,Class 1,Class 4,Vacant,Class 3,94 MAYFIELD ROA,EH9 3AF,4270
325480.4911,672000.5679,jeweller, ,Class 1,Class 1, , , , ,4271
325480.7929,671996.6447,post office, ,Class 1,Class 1,Class 1,Class 1,132 MARCHMONT R,EH9 1AQ,4272
325481.0946,671993.0233,solicitors & estate agents, ,Class 2,Class 2,Class 4,Class 2,134 MARCHMONT R,EH9 1AQ,4273
325481.7518,671987.828600001,video film hire, ,Class 1,Class 1,Class 1,Class 1,136 MARCHMONT R,EH9 1AQ,4274
325482.0535,671983.905400001,greengrocer, ,Class 1,Class 1,Class 1,Class 1,138 MARCHMONT R,EH9 1AQ,4275
325482.3553,671980.2839,chemist, ,Class 1,Class 1,Class 1,Class 1,142 MARCHMONT R,EH9 1AQ,4276
325482.9404,671973.8257,bank, ,Class 2,Class 2,Class 2,Class 2,144 MARCHMONT R,EH9 1AQ,4277
325486.0535,671961.8215,bank, ,Class 2, ,Class 3,Class 3,146-148 MARCHMO,EH9 1AQ,4278
328234.6094,674505.931700001,radio-controlled models, ,Class 1,Class 9, , , , ,4279
327529.8362,674428.6173,unknown, ,UNKNOWN USE,Vacant,Vacant,Class 4,15 MARIONVILLE,EH7 5TY,4280
327534.2005,674429.0537,hot food t/a, ,SUI GENERIS,SUI GENERIS,SUI GENERIS,SUI GENERIS,19 MARIONVILLE,EH7 5TY,4281
327555.5269,674432.580600001,public house, ,SUI GENERIS,SUI GENERIS,SUI GENERIS,SUI GENERIS,21-23 MARIONVIL,EH7 5UD,4282
327569.7274,674433.8178,personal loans, ,Class 2,Class 2, , , , ,4283
327578.8178,674434.7444,vacant, ,Vacant,Vacant, , , , ,4284
327583.1822,674435.471799999,n/t/c, ,Class 1,Class 1,Class 1,Class 1,31 MARIONVILLE,EH7 5UD,4285
327594.3277,674436.5452,public house, ,SUI GENERIS,SUI GENERIS,SUI GENERIS,Vacant,33-35 MARIONVIL,EH7 5UD,4286
327618.3997,674438.653999999,bric-a-brac, ,Class 1,Class 4,Class 4,Class 4,37 MARIONVILLE,EH7 6AG,4287
327553.2175,674406.9463,hairdresser, ,Class 1,Class 1,Vacant,Class 9, , ,4288
327557.4364,674407.528200001,licensed grocer, ,Class 1,Class 1,Vacant,Class 9, , ,4289
327598.5085,674412.091800001,betting shop, ,Class 2,Class 4,Class 1,Class 9, , ,4290
327602.291,674412.528200001,dental laboratory, ,Class 2,Class 2,Vacant,Class 9, , ,4291
327605.7825,674413.110099999,curtains, ,Class 1,Class 1,Class 1,Class 1,46 MARIONVILLE,EH7 5UB,4292
322116.0,674492.9318,carpets, ,Class 1,Class 2,Class 2,Class 2,5 MARISCHAL PLA,EH4 3NE,4293
322107.7522,674500.324899999,vacant, ,Vacant,Class 1,Class 1,Class 1,7 MARISCHAL PLA,EH4 3NE,4294
322082.7522,674517.9155,solicitor, ,Class 2,Class 1,Class 1,Class 1,11 MARISCHAL PL,EH4 3NF,4295
322071.3501,674519.095100001,plumber, ,Class 4,Class 1,Class 1,Class 1,15 MARISCHAL PL,EH4 3NF,4296
322097.2998,674508.086100001,n/t/c, ,Class 1,Class 1,Class 1,Class 9, , ,4297
322086.684,674515.1633,photographic studio, ,Class 2,Class 2,Class 1,Class 1,10 MARISCHAL PL,EH4 3NF,4298
322079.2136,674520.6678,grocer, ,Class 1,Class 4,Class 4,Class 4,12 MARISCHAL PL,EH4 3NF,4299
322075.2819,674523.42,greengrocer, ,Class 1,Class 1,Class 3,Class 3,14 MARISCHAL PL,EH4 3NF,4300
322067.4183,674514.770099999,fishmonger, ,Class 1,Class 3,SUI GENERIS,SUI GENERIS,16 MARISCHAL PL,EH4 3NF,4301
327144.2131,676294.6852,electrical contractor, ,Class 4,Vacant,Class 1,SUI GENERIS,2 MARITIME STRE,EH6 6SB,4302
325848.7391,673759.2777,restaurant,City Art Centre Café,Class 3,Class 3,Class 3,Class 3,1 MARKET STREET,EH1 1DE,4303
325759.0,673738.3683,public house, ,SUI GENERIS,SUI GENERIS,SUI GENERIS,SUI GENERIS,14-16 MARKET ST,EH1 1DE,4304
325742.9038,673734.011399999,public house, ,SUI GENERIS,SUI GENERIS,SUI GENERIS,SUI GENERIS,17 MARKET STREE,EH1 1DE,4305
325977.2464,673169.077299999,hardware, ,Class 1,Class 1,Vacant,Class 3,27-29 MARSHALL,EH8 9BJ,4306
325991.1691,673173.661800001,kitchens,Edinburgh Mosaic & Tile Co.,Class 1,Class 1,Class 1,Class 1,31 MARSHALL STR,EH8 9BJ,4307
325480.1611,672493.420700001,vacant, ,Vacant,Vacant,UNKNOWN USE,Class 9, , ,4308
319338.26,672781.907500001,car sales, ,SUI GENERIS,Class 1,Class 1,Class 1,16 MEADOW PLACE,EH12 7UQ,4309
319343,672746,service station, ,SUI GENERIS,UNKNOWN USE, , , , ,4310
327824.6194,674145.0,vacant, ,Vacant,Vacant,Vacant,Vacant,1 MEADOWBANK,EH8 8JE,4311
327964.3309,674169.955600001,sports shop, ,Class 1,Class 1,Class 2,Class 2,1 MEADOWBANK AV,EH8 7AP,4312
327952.6932,674178.0407,electrical repairs, ,Class 1,Class 1,Vacant,Class 1,4 MEADOWBANK AV,EH8 7AP,4313
327949.9593,674177.397399999,vacant, ,Vacant,Class 9, , , , ,4314
327983.5212,674184.488,public house, ,SUI GENERIS,SUI GENERIS,SUI GENERIS,Vacant,1 MEADOWBANK PL,EH8 7AW,4315
327990.1146,674185.292099999,grocer, ,Class 1,Class 2,Class 2,Vacant, , ,4316
327994.6174,674184.9704,vacant, ,Vacant,Class 1,Class 1,Class 1,5 MEADOWBANK PL,EH8 7AW,4317
327999.6026,674184.809599999,n/t/c, ,Class 1,Class 1,Class 1,Class 1,9 MEADOWBANK PL,EH8 7AW,4318
328003.9445,674184.648800001,electrical repairs, ,Class 1,Class 1,Class 1,Class 1,4 MEADOWBANK PL,EH8 7AW,4319
328008.9298,674184.1664,vacant, ,Vacant,Class 1,Vacant,Vacant, , ,4320
328013.4325,674183.844699999,hot food t/a, ,SUI GENERIS,SUI GENERIS,SUI GENERIS,SUI GENERIS,8 MEADOWBANK PL,EH8 7AW,4321
327961.6987,674180.292099999,hairdresser, ,Class 1,Class 1,Class 1,Class 1,1 MEADOWBANK TE,EH8 7AR,4322
327958.6433,674179.648800001,greengrocer, ,Class 1,Vacant, , , , ,4323
327955.5878,674178.844699999,n/t/c, ,Class 1,Class 1, , , , ,4324
327839.8867,674129.096899999,architects office, ,Class 4,Class 9, , , , ,4325
327833.0043,674118.874600001,vacant, ,Vacant,Class 4,Vacant,Class 9, , ,4326
325696.1997,674963.466499999,n/t/c, ,Class 1,Class 4,Class 2,Class 2,2 MELGUND TERRA,EH7 4BU,4327
324468.0767,673791.2347,off licence, ,Class 1,Class 1,Class 2,Class 2,1-2 MELVILLE PL,EH3 7PR,4328
324463.9797,673795.7042,public house, ,SUI GENERIS,SUI GENERIS,SUI GENERIS,SUI GENERIS,3 MELVILLE PLAC,EH3 7PR,4329
324458.3928,673799.4288,off licence, ,Class 1,Class 1,Class 1,Class 1,5-6 MELVILLE PL,EH3 7PR,4330
324452.781,673802.372500001,n/t/c, ,Class 1,Class 1, , , , ,4331
324448.3115,673805.3521,bakers, ,Class 1,Class 1, , , , ,4332
324445.3318,673806.842,restaurant, ,Class 3,Class 3,Vacant,Vacant,10 MELVILLE PLA,EH3 7PR,4333
324442.7246,673808.331800001,charity shop, ,Class 1,Class 1,Class 1,Class 1,12 MELVILLE PLA,EH3 7PR,4334
324440.1174,673809.821599999,womens clothes, ,Class 1,Class 1,Class 1,Class 1,13 MELVILLE PLA,EH3 7PR,4335
324437.5102,673811.3115,public house, ,SUI GENERIS,SUI GENERIS,SUI GENERIS,SUI GENERIS,13A-14 MELVILLE,EH3 7PR,4336
324452.0203,673727.5869,hairdresser, ,Class 1,Class 4, , , , ,4337
326199.6298,672491.209100001,off license, ,Class 1,Class 1,Class 1,Class 1,1-3 MELVILLE TE,EH9 1ND,4338
326193.0,672489.7884,n/t/c, ,Class 1,Class 1,Class 4,Class 1,5 MELVILLE TERR,EH9 1ND,4339
326185.8967,672488.367799999,vet. bookshop, ,Class 1,Class 1,Class 4,Class 1,6 MELVILLE TERR,EH9 1ND,4340
326176.4736,672478.8413,photographic studio, ,Class 2,Class 2,Class 2,Class 2,7 MELVILLE TERR,EH9 1ND,4341
325937.8942,672450.1033,grocer, ,Class 1,Class 1,Class 1,Class 1,26-27 MELVILLE,EH9 1LP,4342
325931.2644,672450.1033,electricians, ,Class 4,Class 4,Class 4,Class 4,29 MELVILLE TER,EH9 1LP,4343
325924.1611,672449.629799999,builders, ,Class 4,Class 4,Class 4,Class 2, , ,4344
325699.0385,673400.2267,restaurant, ,Class 3,Class 3,SUI GENERIS,SUI GENERIS,7 MERCHANT STRE,EH1 2QD,4345
325663,673366,restaurant, ,Class 3,Class 3,Class 3,Class 3,17 MERCHANT STR,EH1 2QD,4346
324142.6178,672250.7214,antiques, ,Class 1,Vacant, , , , ,4347
324140.3499,672253.896400001,hot food t/a, ,SUI GENERIS,SUI GENERIS, , , , ,4348
324137.8964,672258.6285,pets, ,Class 1,Class 1, , , , ,4349
324135.6285,672262.7106,shoe repairs, ,Class 1,Class 1,Class 1,Class 1,30 MERCHISTON A,EH10 4NZ,4350
324132.9071,672266.339199999,jewellery, ,Class 1,Class 1, , , , ,4351
324127.9179,672274.049799999,dry cleaner, ,Class 1,Class 1, , , , ,4352
324125.8964,672277.6285,pottery, ,Class 1,Class 1,Class 4,Class 4,38 MERCHISTON A,EH10 4NZ,4353
324123.6285,672281.257099999,photographer, ,Class 2,Class 1,Class 1,Class 1,40 MERCHISTON A,EH10 4NZ,4354
324120.9071,672285.339199999,greengrocer, ,Class 1,Class 1,Class 4,Vacant,42 MERCHISTON A,EH10 4NZ,4355
324483.2247,672082.887599999,post office, ,Class 1,Class 1,Class 1,Class 1,1 MERCHISTON PL,EH10 4NP,4356
324478.7697,672080.4888,plumbers,W.F. Wightman,Class 4,Class 4,Class 4,Class 4,3 MERCHISTON PL,EH10 4NP,4357
323944.0929,672299.8358,hairdresser, ,Class 1,Class 1,Class 1,Class 1,35 MERTOUN PLAC,EH11 1JX,4358
323941.3715,672304.3715,plumber, ,Class 4,Class 4, , , , ,4359
323921.2571,672292.0821,grocer & n/t/c, ,Class 1,Class 1, , , , ,4360
313026,678313,grocer (lic.),Drysdale,Class 1,Class 1,Class 3,Class 3,5 MID TERRACE,EH30 9LH,4361
313020.2406,678316.0075,womens and babies clothes,Armstrong,Class 1,Class 9, , , , ,4362
314776,672440,service station, ,SUI GENERIS,SUI GENERIS,Class 1,Class 1,2 MIDDLE NORTON,EH28 8NH,4363
326506.3377,675079.8562,furniture, ,Class 1,Class 1,Class 1,Class 1,6 MIDDLEFIELD,EH7 4PF,4364
326508.7015,675083.739600001,n/t/c, ,Class 1,Class 1,Vacant,Vacant, , ,4365
326511.2342,675087.6231,pet shop, ,Class 1,Class 1, , , , ,4366
324514.7978,671101.426999999,vacant, ,Vacant,Vacant,Class 1,Class 2,1 MILLAR CRESCE,EH10 5HN,4367
324509.8287,671100.912900001,solicitor & estate agent, ,Class 2,Class 1,Class 1,Class 1,3 MILLAR CRESCE,EH10 5HN,4368
324504.0281,671100.426999999,business machines, ,Class 2,Class 2,Class 2,Class 2,5 MILLAR CRESCE,EH10 5HN,4369
324499.573,671100.0843,hairdresser, ,Class 1,Class 1,Class 1,Class 1,7 MILLAR CRESCE,EH10 5HN,4370
332555.2442,673166.421499999,hot food take-away, ,SUI GENERIS,SUI GENERIS,SUI GENERIS,SUI GENERIS,303 MILTON ROAD,EH15 2LA,4371
330296.965,672854.4812,n/t/c, ,Class 1,Class 1,Class 1,Class 1,4-4A MILTON ROA,EH15 1LF,4372
330288.7546,672852.9816,chemist, ,Class 1,Class 1,Class 1,Class 1,"6 MILTON ROAD,",EH15 1LF,4373
330283.0,672851.6043,hairdresser, ,Class 1,SUI GENERIS,SUI GENERIS,SUI GENERIS,"6A MILTON ROAD,",EH15 1LF,4374
330276.7546,672850.6043,furniture, ,Class 1,Class 1,Class 1,Class 1,"8 MILTON ROAD,",EH15 1LF,4375
330235.9284,672849.765900001,n/t/c, ,Class 1,Class 1,Class 1,Class 1,"10 MILTON ROAD,",EH15 1LE,4376
326714.8473,671827.671399999,vacant, ,Vacant,Class 4,Class 2,Class 2,31 MINTO STREET,EH9 2BT,4377
326711.5879,671834.0,greengrocer, ,Class 1,Class 2,Vacant,Class 1,31B MINTO STREE,EH9 2BT,4378
326708.9165,671839.250600001,n/t/c, ,Class 1,Class 1,Class 1,Class 1,31C-31D MINTO S,EH9 2BT,4379
326704.8703,671847.259299999,drycleaner, ,Class 1,Class 1,Vacant,Class 1,31E MINTO STREE,EH9 2BT,4380
326699.8791,671854.5012,furniture, ,Class 1,Class 1,Class 1,Class 1,31F-31G MINTO S,EH9 2BT,4381
326677.3659,671879.4352,bank, ,Class 2,Class 2, , , , ,4382
326502.2464,672194.8309,bank, ,Class 2,Class 2,Class 2,Class 2,52 MINTO STREET,EH9 2BR,4383
327419.0046,676263.522500001,public house, ,SUI GENERIS,SUI GENERIS,SUI GENERIS,SUI GENERIS,24 MITCHELL STR,EH6 7BD,4384
322779.9155,671653.0845,public house, ,SUI GENERIS,SUI GENERIS,SUI GENERIS,SUI GENERIS,1-2 MOAT PLACE,EH14 1NY,4385
322761.3732,671626.0,grocer (lic), ,Class 1,Class 1, , , , ,4386
322756.4577,671619.855599999,n/t/c, ,Class 1,Class 1, , , , ,4387
324667.2491,676005.3068,restaurant, ,Class 3,Class 3,Class 3,Class 3,1 MONTAGU TERRA,EH3 5QX,4388
324661.7113,676001.8989,greengrocer, ,Class 1,Class 1,Class 1,Class 1,2 MONTAGU TERRA,EH3 5QX,4389
324663.4152,675993.166099999,stationer, ,Class 1,Class 1,Class 1,Class 1,3 MONTAGU TERRA,EH3 5QX,4390
324666.9531,675986.527100001,bank, ,Class 2,Class 2,Class 2,Class 2,5-6 MONTAGU TER,EH3 5QX,4391
324671.9062,675978.472899999,chemist, ,Class 1,Class 1,Class 1,Class 1,6A MONTAGU TERR,EH3 5QX,4392
324674.8881,675972.509,gift shop, ,Class 1,Vacant,Class 3,SUI GENERIS,8 MONTAGU TERRA,EH3 5QX,4393
324678.296,675966.758199999,baker, ,Class 1,Class 1,Class 1,Class 1,8A MONTAGU TERR,EH3 5QX,4394
324691.9712,675940.0469,pet shop, ,Class 1,Class 1,Class 1,Class 3,12 MONTAGU TERR,EH3 5QX,4395
324693.8881,675936.213,grocer, ,Class 1,Class 1,Class 1,Class 3,12A MONTAGU TER,EH3 5QX,4396
324696.0181,675932.3791,car accessories, ,Class 1,Class 1,Class 1,Class 1,13 MONTAGU TERR,EH3 5QX,4397
324698.361,675927.4802,florist,Elliott Clark,Class 1,Class 1,Class 1,Class 1,14 MONTAGU TERR,EH3 5QX,4398
324709.3322,675906.0469,solicitor, ,Class 2,Class 2,Class 2,Class 1,15 MONTAGU TERR,EH3 5QR,4399
324711.6751,675901.361,hairdresser, ,Class 1,Class 1,Class 1,Class 1,17 MONTAGU TERR,EH3 5QR,4400
324714.2311,675897.1011,dry cleaner, ,Class 1,Class 1,Class 1,Class 1,18 MONTAGU TERR,EH3 5QR,4401
324716.6932,675891.6028,hairdresser, ,Class 1,Class 1,Class 1,Class 1,19 MONTAGU TERR,EH3 5QR,4402
324718.8232,675887.129899999,stationer, ,Class 1,Class 1,Class 1,Vacant,20 MONTAGU TERR,EH3 5QR,4403
324720.7401,675883.083000001,wine merchant, ,Class 1,Class 1,Class 1,Class 1,22 MONTAGU TERR,EH3 5QR,4404
324723.083,675878.3972,hot food take-away, ,SUI GENERIS,SUI GENERIS,SUI GENERIS,SUI GENERIS,23 MONTAGU TERR,EH3 5QR,4405
324726.4802,675871.472899999,veterinary surgeon, ,Class 2,Vacant,Vacant,Class 1,24 MONTAGU TERR,EH3 5QR,4406
324729.0362,675866.573999999,grocer, ,Class 1,Class 1,Class 1,Vacant,25 MONTAGU TERR,EH3 5QR,4407
324731.3791,675862.1011,fishmonger, ,Class 1,Class 1,Class 1,Class 1,26 MONTAGU TERR,EH3 5QR,4408
324733.509,675858.4802,chiropodist, ,Class 2,Class 1,Class 1,Class 1,27 MONTAGU TERR,EH3 5QR,4409
326424.4614,672771.7391,vacant, ,Vacant,Class 1,UNKNOWN USE,Class 9, , ,4410
326429.5386,672774.231799999,office,Scottish Nationalist Party,Class 4,Class 2,Class 2,Class 2,55 MONTAGUE STR,EH8 9QS,4411
326528.9068,674747.953400001,vacant, ,Vacant,Class 9, , , , ,4412
326976.915,674379.4837,wholesale, ,Class 2,Vacant, , , , ,4413
326982.3791,674382.8367,wholesale, ,Class 2,SUI GENERIS, , , , ,4414
326985.3595,674384.6994,office, ,Class 4,Class 4,Class 4,Class 4,50 MONTROSE TER,EH7 5DL,4415
326997.0916,674390.451099999,vacant, ,Vacant,Class 2,Class 2,Class 4,52 MONTROSE TER,EH7 5DL,4416
324543.6882,671225.0253,building society, ,Class 2,Vacant,Class 1,Class 1,213 MORNINGSIDE,EH10 4QT,4417
324544.2022,671219.713500001,hairdresser, ,Class 1,Class 1,Class 1,Class 1,215 MORNINGSIDE,EH10 4QT,4418
324545.1742,671212.8287,jeweller, ,Class 1,Class 1,Class 1,Class 1,217 MORNINGSIDE,EH10 4QT,4419
324545.6882,671207.688200001,chemist, ,Class 1,Vacant,Class 3,Class 3,219 MORNINGSIDE,EH10 4QT,4420
324545.8595,671203.4045,books, ,Class 1,Class 1,Class 1,Class 1,223 MORNINGSIDE,EH10 4QT,4421
324546.2022,671199.292099999,betting shop, ,Class 2,Class 2,Class 2,Vacant,225 MORNINGSIDE,EH10 4QT,4422
324546.7444,671194.426999999,shoe repairs, ,Class 1,Class 1,Class 1,Class 1,227 MORNINGSIDE,EH10 4QT,4423
324547.2584,671189.6292,cameras & camera repairs, ,Class 1,Class 1,Class 1,Class 1,229 MORNINGSIDE,EH10 4QT,4424
324547.2584,671185.3455,household textiles, ,Class 1,Class 1,Class 1,Class 1,233 MORNINGSIDE,EH10 4QT,4425
324547.4298,671181.061799999,off licence, ,Class 1,Class 1,Class 1,Vacant,235 MORNINGSIDE,EH10 4QT,4426
324549.7669,671162.5449,public house, ,SUI GENERIS,SUI GENERIS,SUI GENERIS,SUI GENERIS,237 MORNINGSIDE,EH10 4QU,4427
324548.5168,671152.0,hot food take-away, ,SUI GENERIS,SUI GENERIS,SUI GENERIS,SUI GENERIS,241 MORNINGSIDE,EH10 4QU,4428
324548.8595,671148.059,grocery, ,Class 1,Class 1,Class 1,Class 1,241A MORNINGSID,EH10 4QU,4429
324549.2022,671142.747199999,n/t/c, ,Class 1,Class 1, , , , ,4430
324549.4888,671135.3989,wool, ,Class 1,Class 1, , , , ,4431
324550.0028,671129.401699999,optician, ,Class 1,Class 1, , , , ,4432
324550.3455,671125.803400001,men's clothing, ,Class 1,Class 1,Class 1,Class 1,251 MORNINGSIDE,EH10 4QU,4433
324550.1461,671109.713500001,"film processing, frames,albums", ,Class 1,Class 1,Class 1,Class 1,253 MORNINGSIDE,EH10 4RD,4434
324550.4888,671105.9438,grocer, ,Class 1,Class 1,Class 1,Class 1,255 MORNINGSIDE,EH10 4RD,4435
324551.1152,671101.342700001,central heating installations, ,Class 4,Class 1,Class 1,Class 1,257 MORNINGSIDE,EH10 4RD,4436
324551.4579,671097.486,charity shop, ,Class 1,Class 1,Class 1,Class 1,259 MORNINGSIDE,EH10 4RD,4437
324551.8006,671093.657299999,ladies' clothing, ,Class 1,Class 1,Class 1,Class 1,261 MORNINGSIDE,EH10 4RD,4438
324552.1433,671090.1713,veterinary surgery, ,Class 2,Class 2,Class 2,Class 2, , ,4439
324560.7135,671082.0309,post office, ,Class 1,Class 1,Class 1,Class 1,265 MORNINGSIDE,EH10 4RD,4440
324535,670896,photocopying (kiosk), ,Class 2,Class 4,Vacant,Class 4,271 MORNINGSIDE,EH10 4RW,4441
324472.514,671911.8848,bank, ,Class 2,Class 2,Class 2,Class 2,8 MORNINGSIDE R,EH10 4DD,4442
324478.0,671863.9691,baker, ,Class 1,Class 1, , , , ,4443
324478.0,671860.713500001,restaurant, ,Class 3,Class 1,Class 1,Class 1,14 MORNINGSIDE,EH10 4DB,4444
324478.2837,671802.426999999,ladies' clothing, ,Class 1,Class 1,Class 1,Class 1,20 MORNINGSIDE,EH10 4DA,4445
324478.4551,671796.9438,building society, ,Class 2,Class 1,Class 1,Class 1,22 MORNINGSIDE,EH10 4DA,4446
324478.6264,671791.118000001,t-shirt logo printer, ,Class 1,Class 1,Class 1,Vacant,26 MORNINGSIDE,EH10 4DA,4447
324478.8848,671782.8848,sports clothing & equipment, ,Class 1,Class 1,Class 1,Class 1,28-30 MORNINGSI,EH10 4DA,4448
327021.2549,674398.8367,hot food t/a, ,SUI GENERIS,SUI GENERIS,SUI GENERIS,SUI GENERIS,58 MONTROSE TER,EH7 5DP,4449
327026.9215,674400.725500001,upholsterer, ,Class 4,Class 4,Class 4,Class 4,60 MONTROSE TER,EH7 5DP,4450
327031.7647,674401.967399999,camera repairs, ,Class 1,Class 1,Class 1,Class 1,64 MONTROSE TER,EH7 5DP,4451
327036.2353,674403.085000001,hairdresser, ,Class 1,Vacant,Vacant,Vacant,66 MONTROSE TER,EH7 5DP,4452
327043.5294,674404.614399999,print shop, ,Class 4,Vacant,Class 4,Class 4,68 MONTROSE TER,EH7 5DP,4453
327048.4967,674405.8562,fishmonger, ,Class 1,Class 1,Class 1,Vacant,70 MONTROSE TER,EH7 5DP,4454
327053.3399,674406.9739,car accessories, ,Class 1,Class 1,Class 1,Class 1,74-76 MONTROSE,EH7 5DP,4455
329023,669460,store, ,Class 4,Vacant, , , , ,4456
329023,669460,roofing contractor, ,Class 4,Vacant, , , , ,4457
328822.8936,669509.925100001,butcher, ,Class 1,Class 1,Class 1,Class 1,33 MOREDUN PARK,EH17 7ES,4458
328833.5158,669511.043299999,chemist, ,Class 1,Class 1,Class 1,Class 1,37 MOREDUN PARK,EH17 7ES,4459
328845.4526,669513.807,hairdresser, ,Class 1,Class 1,Class 1,Class 1,39 MOREDUN PARK,EH17 7ES,4460
328854.9567,669515.0649,grocer, ,Class 1,Class 1, , , , ,4461
328870.5374,669517.3927,grocer, ,Class 1,Class 1, , , , ,4462
328878.5184,669518.9167,baker, ,Class 1,Vacant,Class 1,Class 1,49 MOREDUN PARK,EH17 7ES,4463
329210.4226,669539.9781,baker, ,Class 1,Class 1,Class 1,Class 1,101 MOREDUN PAR,EH17 7HJ,4464
329214.7796,669536.568299999,grocer (lic.), ,Class 1,Class 1, , , , ,4465
329226.674,669527.863399999,post office, ,Class 1,Vacant, , , , ,4466
329239.7887,669517.5592,diy, ,Class 1,Class 1,Class 1,Class 1,111 MOREDUN PAR,EH17 7HJ,4467
329247.674,669511.8106,fruit, ,Class 1,Class 1,Class 4,Vacant,113 MOREDUN PAR,EH17 7HJ,4468
329254.6831,669506.127499999,butcher, ,Class 1,Class 1, , , , ,4469
324485.9129,671642.1742,lingerie, ,Class 1,Class 1,Class 1,Class 1,98 MORNINGSIDE,EH10 4BY,4470
324485.8848,671637.1713,hairdresser, ,Class 1,Class 1,Class 1,Class 1,102 MORNINGSIDE,EH10 4BY,4471
324486.0562,671631.1713,ladies' clothing, ,Class 1,Class 1,Class 1,Class 1,104 MORNINGSIDE,EH10 4BY,4472
324490.823,671548.112400001,bathroom fittings, ,Class 1,Class 1,Class 1,Class 1,120-122 MORNING,EH10 4BX,4473
324490.9129,671541.0,estate agents / insurance, ,Class 2,Class 1,Class 1,Class 1,124 MORNINGSIDE,EH10 4BX,4474
324491.0843,671537.0,domestic appliance repairs, ,Class 1,Class 2,Class 2,Class 2,126 MORNINGSIDE,EH10 4BX,4475
324491.3989,671533.3146,wool, ,Class 1,Class 1,Vacant, , , ,4476
324492.3118,671524.9241,restaurant, ,Class 3,Class 3, , , , ,4477
324492.7697,671520.9157,hot food take-away, ,SUI GENERIS,SUI GENERIS,SUI GENERIS,SUI GENERIS,128A MORNINGSID,EH10 4BX,4478
324493.7107,671514.483200001,"greeting cards, gifts", ,Class 1,Class 1,Class 1,Class 1,130 MORNINGSIDE,EH10 4BX,4479
324497.7135,671503.887599999,furniture, ,Class 1,Class 1,Class 1,Class 1,132 MORNINGSIDE,EH10 4BX,4480
324506.5702,671378.6854,window blinds, ,Class 1,Class 1,Class 1,Class 1,156 MORNINGSIDE,EH10 4PX,4481
324506.7416,671374.6854,decorators, ,Class 4,Class 1,Class 1,Class 1,158 MORNINGSIDE,EH10 4PX,4482
324506.9691,671368.8287,"lapidary, gemstones", ,Class 1,Class 1,Class 1,Class 1,162 MORNINGSIDE,EH10 4PX,4483
324495.8848,671346.918500001,public house, ,SUI GENERIS,Class 3,SUI GENERIS,SUI GENERIS,168(05)-172 MOR,EH10 4PU,4484
324509.7416,671334.342700001,solicitors & estate agents, ,Class 2,Class 1,SUI GENERIS,SUI GENERIS,176 MORNINGSIDE,EH10 4PU,4485
324509.9129,671330.1713,electrical goods, ,Class 1,Vacant, , , , ,4486
324510.2556,671321.887599999,videotape hire, ,Class 1,Vacant, , , , ,4487
324511.1124,671293.2837,curtains, ,Class 1,Class 1,Class 1,Class 2,190 MORNINGSIDE,EH10 4PU,4488
324511.2837,671286.4298,building society, ,Class 2,Class 2,Class 2,Class 2,194-196 MORNING,EH10 4PU,4489
329114.4535,669526.599300001,supermarket,Scotmid,Class 1,Class 1,Class 1,Class 1,80-88 MOREDUN P,EH17 7HG,4490
328929.0611,670092.3741,public house, ,SUI GENERIS,SUI GENERIS,SUI GENERIS,SUI GENERIS,50 MOREDUNVALE,EH17 7RZ,4491
324461.7135,670785.6545,hairdresser, ,Class 1,Class 1,Class 1,Class 1,3 MORNINGSIDE D,EH10 5LZ,4492
324456.0843,670785.741599999,videotape hire, ,Class 1,Class 2,Class 1,Class 1,7 MORNINGSIDE D,EH10 5LZ,4493
324452.6573,670785.5702,hairdresser, ,Class 1,Class 1,Class 1,Class 1,9 MORNINGSIDE D,EH10 5LZ,4494
324446.8258,670785.1994,n/t/c, ,Class 1,Class 4,Class 4,Vacant,13-15 MORNINGSI,EH10 5LZ,4495
324442.3708,670784.1713,jeweller, ,Class 1,Class 9, , , , ,4496
324437.4017,670782.971899999,computer disks, ,Class 2,Class 2,Class 4,Class 4,19 MORNINGSIDE,EH10 5LZ,4497
324432.4326,670781.4298,pets, ,Class 1,Class 4,Class 4,Class 4,21 MORNINGSIDE,EH10 5LZ,4498
324470.4132,670814.423900001,restaurant, ,Class 3,Class 3,Class 3,Class 3,6-8 MORNINGSIDE,EH10 5LY,4499
324463.4551,670813.832599999,shoe repairs, ,Class 1,Class 1,Class 2,Class 2,10 MORNINGSIDE,EH10 5LY,4500
324459.0,670813.6097,domestic appliance reconditioning, ,Class 1,Class 1,Class 2,Vacant,14-16 MORNINGSI,EH10 5LY,4501
324454.3736,670813.267000001,n/t/c, ,Class 1,Class 1,Vacant, , , ,4502
324448.8212,670812.9805,ladies' clothing, ,Class 1,Class 2,Class 2,Vacant,20 MORNINGSIDE,EH10 5LY,4503
324445.0168,670812.7576,building society, ,Class 2,Class 2,Class 4,Class 4,22 MORNINGSIDE,EH10 5LY,4504
324068.682,670632.3816,hairdresser, ,Class 1,Class 1, , , , ,4505
324061.4046,670630.9134,lic. grocer, ,Class 1,Class 1, , , , ,4506
323702.8272,670632.7807,n/t/c, ,Class 1,Class 1,Class 1,Class 9, , ,4507
323707.7653,670633.444599999,hairdresser, ,Class 1,Class 1, , , , ,4508
324513.3455,671702.2556,household lighting, ,Class 1,Class 1,Class 1,Class 1,33A MORNINGSIDE,EH10 4DR,4509
324513.5168,671697.971899999,grocer, ,Class 1,Vacant, , , , ,4510
324513.8595,671693.688200001,vacant, ,Vacant,Vacant, , , , ,4511
324514.2865,671688.0,bicycles, ,Class 1,Class 1,Class 1,Class 3,41 MORNINGSIDE,EH10 4DR,4512
324515.4298,671680.6854,bank, ,Class 2,Class 2,Class 2,Class 2,43 MORNINGSIDE,EH10 4DS,4513
324516.2303,671655.426999999,bank, ,Class 2,Class 1,Class 3,Class 3,45 MORNINGSIDE,EH10 4BB,4514
324516.4017,671644.4607,furniture, ,Class 1,Class 1,Class 1,Class 1,47-49 MORNINGSI,EH10 4BA,4515
324516.5449,671636.1461,furniture, ,Class 1,Class 1,Class 1,Class 1,53-57 MORNINGSI,EH10 4BA,4516
324516.7163,671622.856699999,furniture, ,Class 1,Class 1,Class 1,Vacant,61-63 MORNINGSI,EH10 4AZ,4517
324520.2303,671518.309,kitchen utensils, ,Class 1,Class 1,Class 1,Class 1,71 MORNINGSIDE,EH10 4AY,4518
324520.7444,671513.682600001,chiropodist, ,Class 2,Class 2,Class 2,Class 2, , ,4519
324521.2584,671509.0562,"crafts, gifts", ,Class 1,Class 1,Class 1,Class 1,77 MORNINGSIDE,EH10 4AY,4520
324521.6826,671504.5112,estate agent, ,Class 2,Class 1,Class 11,Class 1,79 MORNINGSIDE,EH10 4AY,4521
324522.1152,671500.831499999,craft materials, ,Class 1,Class 1,Class 1,Class 1,81 MORNINGSIDE,EH10 4AY,4522
324523.4888,671494.5702, , ,Class 1,Class 1,Class 1,Class 1,83-85 MORNINGSI,EH10 4AY,4523
324524.1742,671485.317399999, , ,Class 1,Class 1,Class 1,Class 1,87 MORNINGSIDE,EH10 4AY,4524
324525.2022,671475.3792, , ,Class 1,Vacant,Class 4,Class 4,89 MORNINGSIDE,EH10 4AY,4525
324526.059,671464.412900001, , ,Class 1,Vacant,Class 1,Class 1,93 MORNINGSIDE,EH10 4AY,4526
324526.9157,671453.2752, , ,Class 1,Class 1,Class 1,Class 1,95 MORNINGSIDE,EH10 4AY,4527
324539.9747,671417.856699999,supermarket - large,Safeway,Class 1,Class 1,Class 1,Class 1,145 MORNINGSIDE,EH10 4AX,4528
324530.6039,671388.112400001,ladies' clothing, ,Class 1,Class 1,Class 1,Class 1,147 MORNINGSIDE,EH10 4AX,4529
324530.7753,671383.8287,solicitor & estate agent, ,Class 2,Class 1,Class 1,Class 1,151 MORNINGSIDE,EH10 4AX,4530
324531.4607,671379.202199999,chemist, ,Class 1,Class 1,Class 1,Class 1,153 MORNINGSIDE,EH10 4AX,4531
324532.2893,671371.5702,hot food take-away, ,SUI GENERIS,Class 3,Class 3,Class 3,155 MORNINGSIDE,EH10 4AX,4532
324532.9747,671365.573000001,building society, ,Class 2,Class 2,Class 2,Class 2,159-161 MORNING,EH10 4AX,4533
324533.8034,671356.7697,off licence, ,Class 1,Class 1,Class 1,Class 1,163 MORNINGSIDE,EH10 4AX,4534
324534.3174,671351.8006,hot food take-away, ,SUI GENERIS,SUI GENERIS,SUI GENERIS,Class 3,165 MORNINGSIDE,EH10 4AX,4535
324534.8315,671346.831499999,hardware, ,Class 1,Class 1,Class 1, , , ,4536
324535.7163,671337.373600001,n/t/c, ,Class 1,Class 1,Class 1, , , ,4537
324536.4017,671331.547700001,estate agents & ch. surveyors, ,Class 2,Class 1,Class 3,Class 3,177 MORNINGSIDE,EH10 4AX,4538
324540.8595,671304.5702,consumer research unit, ,Class 4,Class 1,Class 1,Class 1,179 MORNINGSIDE,EH10 4QP,4539
324541.0309,671299.6011,beauty products, ,Class 1,Class 1,Class 1,Class 1,183 MORNINGSIDE,EH10 4QP,4540
324541.5449,671294.4607,dry cleaner, ,Class 1,Class 1,Class 1,Class 1,185 MORNINGSIDE,EH10 4QP,4541
324542.059,671287.7697,off licence, ,Class 1,Class 1,Class 1,Class 1,187 MORNINGSIDE,EH10 4QP,4542
324542.2303,671282.971899999,vacant, ,Vacant,Class 1,SUI GENERIS,SUI GENERIS,189 MORNINGSIDE,EH10 4QP,4543
324542.573,671278.002800001,toys, ,Class 1,Class 1,Class 1,Class 1,193 MORNINGSIDE,EH10 4QP,4544
324542.7725,671270.3708,tv & hi-fi, ,Class 1,Class 1,Class 1,Class 1,195-197 MORNING,EH10 4QP,4545
324543.1152,671265.059,pets, ,Class 1,Class 1,Vacant,Class 1,199 MORNINGSIDE,EH10 4QP,4546
324543.4579,671259.5758,ladies clothing, ,Class 1,Class 1,Class 1,Class 1,203 MORNINGSIDE,EH10 4QP,4547
324543.8006,671255.1208,building society, ,Class 2,Class 2,Class 2,Class 2,205 MORNINGSIDE,EH10 4QP,4548
324543.5168,671231.1938,chemist, ,Class 1,Class 1,Class 1,Class 1,207-209 MORNING,EH10 4QT,4549
324479.2275,671776.887599999,fancy goods, ,Class 1,Class 1,Class 1,Class 1,34 MORNINGSIDE,EH10 4DA,4550
324479.3989,671770.205,spectacle frames, ,Class 1,Class 1,Class 1,Class 1,36 MORNINGSIDE,EH10 4DA,4551
324479.8848,671762.227499999,ladies' clothing, ,Class 1,Class 1,Class 2,Class 2,38 MORNINGSIDE,EH10 4DA,4552
324480.0562,671757.772500001,ladies' clothing, ,Class 1,Class 1,Class 1,Class 1,40 MORNINGSIDE,EH10 4DA,4553
324480.2275,671751.432600001,fur & leather clothing, ,Class 1,Class 1, , , , ,4554
324480.5702,671746.1208,fur & leather clothing, ,Class 1,Class 1, , , , ,4555
324482.2556,671726.6348,greengrocer, ,Class 1,Class 1,Class 1,Vacant,54-56 MORNINGSI,EH10 4BZ,4556
324482.3118,671716.1713,men's clothing, ,Class 1,Class 1,Class 1,Class 1,58-60 MORNINGSI,EH10 4BZ,4557
324482.6545,671711.0309,n/t/c, ,Class 1,Class 1,Class 1,Class 1,62 MORNINGSIDE,EH10 4BZ,4558
324482.8258,671706.233100001,shoes, ,Class 1,Class 1,Class 2,Class 1,66 MORNINGSIDE,EH10 4BZ,4559
324482.4551,671698.856699999,travel agent, ,Class 1,Class 1,Class 1,Class 1,68 MORNINGSIDE,EH10 4BZ,4560
324482.7978,671693.7163,hairdresser, ,Class 1,Class 1,Class 1,Class 1,70 MORNINGSIDE,EH10 4BZ,4561
324483.1405,671688.4045,vacant, ,Vacant,Vacant,Class 3,Class 3,74 MORNINGSIDE,EH10 4BY,4562
324483.427,671680.971899999,carpets, ,Class 1,Vacant,Class 2,Class 2,76-80 MORNINGSI,EH10 4BY,4563
324483.941,671674.631999999,hairdresser, ,Class 1,Class 1,Class 1,Class 1,84 MORNINGSIDE,EH10 4BY,4564
324484.2837,671668.1208,restaurant, ,Class 3,Class 3,Class 3,Class 3,86-88 MORNINGSI,EH10 4BY,4565
324484.7416,671659.342700001,estate agent, ,Class 2,Class 2,Class 2,Class 2,92 MORNINGSIDE,EH10 4BY,4566
324485.2275,671651.0843,chemist, ,Class 1,Class 1,Class 1,Class 1,94 MORNINGSIDE,EH10 4BY,4567
324485.5702,671646.457900001,vacant, ,Vacant,Class 1,Class 1,Class 1,96 MORNINGSIDE,EH10 4BY,4568
324512.9101,671264.856699999,bank, ,Class 2,Class 2,Class 2,Class 2,200 MORNINGSIDE,EH10 4QQ,4569
324513.1685,671260.368000001,vacant, ,Vacant,Class 1, , , , ,4570
324513.8539,671250.772500001,charity shop, ,Class 1,Class 1, , , , ,4571
324514.1966,671246.6601,cafe, ,Class 3,Class 3,Class 3,Class 1,210 MORNINGSIDE,EH10 4QQ,4572
324503.7444,671234.837099999,vacant, ,Vacant,Class 1,Class 1,Class 1,212-214 MORNING,EH10 4QQ,4573
324504.677,671220.8062,supermarket,Scotmid,Class 1,Class 1,Class 1,Class 1,216 MORNINGSIDE,EH10 4QQ,4574
324516.6517,671189.5702,travel agent, ,Class 1,Class 1,Class 1,Class 1,302 MORNINGSIDE,EH10 4QH,4575
324516.823,671186.657299999,"wool, fabric, sewing machines", ,Class 1,Class 1,Class 1,Class 1,306 MORNINGSIDE,EH10 4QH,4576
324516.9944,671183.059,grocer, ,Class 1,Vacant,Class 1,Class 1,308 MORNINGSIDE,EH10 4QH,4577
324517.1657,671179.803400001,vacant, ,Vacant,Class 1,Class 1,Class 1,310 MORNINGSIDE,EH10 4QH,4578
324517.3371,671177.061799999,vacant, ,Vacant,Class 1, , , , ,4579
324517.5674,671174.0309,baker, ,Class 1,Class 1,Class 1,Class 1,312 MORNINGSIDE,EH10 4QH,4580
324517.9129,671167.3708,butcher, ,Class 1,Class 1,Class 1,Class 1,314 MORNINGSIDE,EH10 4QH,4581
324518.2556,671161.373600001,baker, ,Class 1,Class 1,Class 1,Class 1,318 MORNINGSIDE,EH10 4QH,4582
324518.427,671153.741599999,building society, ,Class 2,Class 2,Class 2,Class 2,320 MORNINGSIDE,EH10 4QJ,4583
324518.5983,671149.6292,hairdresser, ,Class 1,Class 1,Class 3,Class 3,324 MORNINGSIDE,EH10 4QJ,4584
324519.1124,671145.1742,greengrocer, ,Class 1,Class 1,Class 1,Class 1,326 MORNINGSIDE,EH10 4QJ,4585
324519.4832,671137.7388,fishmonger, ,Class 1,Class 1,Class 1,Class 1,328 MORNINGSIDE,EH10 4QJ,4586
324519.9972,671132.7697,butcher, ,Class 1,Class 1,Class 1,Class 1,330 MORNINGSIDE,EH10 4QJ,4587
324520.3399,671127.8006,travel agent, ,Class 1,Class 1,Class 1,Class 1,334 MORNINGSIDE,EH10 4QJ,4588
324520.6826,671123.1742,freezer centre, ,Class 1,Vacant,SUI GENERIS,SUI GENERIS,336 MORNINGSIDE,EH10 4QJ,4589
324522.3371,671101.598300001,ladies' clothing, ,Class 1,Class 1,Class 1,Class 1,340 MORNINGSIDE,EH10 4QL,4590
324522.8511,671096.971899999,charity shop, ,Class 1,Class 1,Class 1,Class 1,344 MORNINGSIDE,EH10 4QL,4591
324523.1938,671092.002800001,gifts, ,Class 1,Class 1,Class 1,Class 1,346 MORNINGSIDE,EH10 4QL,4592
324523.7079,671087.7191,launderette, ,Class 1,Class 1,Class 1,Class 1,348 MORNINGSIDE,EH10 4QL,4593
324523.7697,671083.797800001,film processing, ,Class 1,Class 1,Class 1,Vacant,350 MORNINGSIDE,EH10 4QL,4594
324524.1124,671078.486,ironmonger, ,Class 1,Class 1,Class 1,Class 1,352 MORNINGSIDE,EH10 4QL,4595
324524.4551,671073.688200001,building society, ,Class 2,Class 2,Class 2,Class 2,356 MORNINGSIDE,EH10 4QN,4596
324525.1405,671064.657299999,baker, ,Class 1,Class 1,Class 1,Vacant,358 MORNINGSIDE,EH10 4QN,4597
324525.4832,671061.573000001,fancy goods, ,Class 1,Class 1,Class 1,Vacant,360 MORNINGSIDE,EH10 4QN,4598
324357.633,673245.5809,grocer, ,Class 1,Class 1, , , , ,4599
324351.5751,673245.9234,off-licence,Augustus Barnett,Class 1,Class 4,Class 1,Vacant,202 MORRISON ST,EH3 8EA,4600
324347.367,673246.0549,vacant, ,Vacant,Class 9,Class 1,Class 1,204 MORRISON ST,EH3 8EA,4601
324343.0275,673246.3179,solicitor, ,Class 2,Class 2,Class 4,Class 4,208 MORRISON ST,EH3 8EA,4602
324338.9509,673246.4494,diy, ,Class 1,Class 1, ,Vacant,210 MORRISON ST,EH3 8EA,4603
324334.2326,673247.1864,jeweller, ,Class 1,Class 1, , , , ,4604
324326.3425,673247.5809,fancy dress, ,Class 1,Class 1, , , , ,4605
324316.9696,673247.896,books, ,Class 1,Class 1,Class 1,Class 1,220 MORRISON ST,EH3 8EA,4606
324313.4191,673248.0275,hot food take-away, ,SUI GENERIS,Vacant,SUI GENERIS,SUI GENERIS,222 MORRISON ST,EH3 8EA,4607
324310.1315,673248.159,bric-a-brac, ,Class 1,Class 1,Class 1,Class 1,224 MORRISON ST,EH3 8EA,4608
324307.2385,673248.159,bric-a-brac, ,Class 1,Class 1,Class 2,Vacant,226 MORRISON ST,EH3 8EA,4609
324301.052,673248.4494,saddler,Rodgers & Co.,Class 1,Class 1,Class 2,Class 2,230 MORRISON ST,EH3 8EA,4610
324287.7341,673248.896,hardware,Lawson Ironmongers Ltd.,Class 1,Class 1, , , , ,4611
324253.4564,673251.852700001,printer/copier, ,Class 4,Class 4,Class 4,Class 1,244 MORRISON ST,EH3 8DT,4612
324245.0403,673251.984200001,vacant, ,Vacant,SUI GENERIS,SUI GENERIS,Class 3,244A MORRISON S,EH3 8DT,4613
324235.4407,673252.510199999,betting shop, ,Class 2,Vacant,Vacant,Class 3,248 MORRISON ST,EH3 8DT,4614
324225.7095,673252.7732,photographic goods,G.D. Young,Class 1,Class 1,Class 1,Class 3,250 MORRISON ST,EH3 8DT,4615
324199.6575,673254.5809,public house, ,SUI GENERIS,SUI GENERIS,SUI GENERIS,SUI GENERIS,256-260 MORRISO,EH3 8DT,4616
324173.2905,673254.238500001,furniture & floor coverings, ,Class 1,Class 1, , , , ,4617
324525.8258,671057.8258,ladies' & children's clothing, ,Class 1,Class 1,Class 1,Vacant,364 MORNINGSIDE,EH10 4QN,4618
324525.9972,671052.514,cafe, ,Class 3,Class 1,Class 3,Class 3,366 MORNINGSIDE,EH10 4QN,4619
324526.3989,671044.772500001,cafe, ,Class 3,Class 3,Class 3,Class 3,370-372 MORNING,EH10 5HS,4620
324520.2528,670999.3708,off licence, ,Class 1,Class 1,Class 1,Class 1,376 MORNINGSIDE,EH10 5HX,4621
324519.3961,670993.887599999,electrician, ,Class 4,Class 1,Class 1,Class 1,380 MORNINGSIDE,EH10 5HX,4622
324518.5393,670989.2612,shoes, ,Class 1,Class 1,Class 1,Class 1,382 MORNINGSIDE,EH10 5HX,4623
324517.6573,670983.682600001,sports clothing & equipment, ,Class 1,Class 1,Class 1,Vacant,384 MORNINGSIDE,EH10 5HX,4624
324516.9719,670979.3989,tv & hi-fi, ,Class 1,Class 1,Vacant,Class 1,386 MORNINGSIDE,EH10 5HX,4625
324516.2865,670975.457900001,"books, stationery", ,Class 1,Class 1,Class 1,Class 1,390 MORNINGSIDE,EH10 5HX,4626
324515.4298,670971.516799999,travel agent, ,Class 1,Class 1,Class 1,Class 1,392 MORNINGSIDE,EH10 5HX,4627
324514.7416,670966.252800001,greengrocer, ,Class 1,Vacant,Class 3,Class 3,394 MORNINGSIDE,EH10 5HX,4628
324514.0562,670961.797800001,grocer, ,Class 1,Class 1,Class 1,Class 1,396 MORNINGSIDE,EH10 5HX,4629
324513.1994,670957.514,baker, ,Class 1,Class 1,Class 1,Class 1,400 MORNINGSIDE,EH10 5HY,4630
324512.6854,670953.7444,dry cleaner, ,Class 1,Class 1,Class 1,Class 1,402 MORNINGSIDE,EH10 5HY,4631
324511.6854,670949.168500001,hairdresser, ,Class 1,Class 1,Class 1,Class 1,404 MORNINGSIDE,EH10 5HY,4632
324510.8287,670945.5702,baker, ,Class 1,Class 1,Vacant,Vacant,406 MORNINGSIDE,EH10 5HY,4633
324510.1433,670941.8006,chemist, ,Class 1,Class 1,Class 1,Class 1,410 MORNINGSIDE,EH10 5HY,4634
324509.6292,670938.373600001,florist, ,Class 1,Class 1,Class 2,Class 2,412 MORNINGSIDE,EH10 5HY,4635
324509.1152,670935.4607,grocer, ,Class 1,Class 1,Class 1,Class 1,414 MORNINGSIDE,EH10 5HY,4636
324508.3708,670931.2837,butcher, ,Class 1,Vacant,Class 11,Class 2,416 MORNINGSIDE,EH10 5HY,4637
324507.514,670926.8287,voluntary work office, ,Class 4,Class 3,Class 3,Class 3,420 MORNINGSIDE,EH10 5HY,4638
324507.6292,670912.227499999,grocer, ,Class 1,Class 1,Class 1,Class 1,422 MORNINGSIDE,EH10 5HY,4639
324509,670910,n/t/c, ,Class 1,Class 1,Class 1,Class 1,424 MORNINGSIDE,EH10 5HY,4640
324486.0506,670903.841600001,bank, ,Class 2,Class 2,Class 2,Class 2,426 MORNINGSIDE,EH10 5HY,4641
324751.0052,673172.7532,video film hire, ,Class 1,Class 4, , , , ,4642
324744.252,673172.5031,records & casettes, ,Class 1,Class 1, , , , ,4643
324628,673171,carpets, ,Class 1,Demolished, , , , ,4644
324563.5017,673171.249600001,tile centre, ,Class 1,Class 1,Class 1,Class 1,79 MORRISON STR,EH3 8BU,4645
324556.9986,673173.000499999,hardware,Murray's Tool Store,Class 1,Class 1,Class 1,Class 1,83 MORRISON STR,EH3 8BU,4646
324549.2539,673175.249600001,television & electrical goods, ,Class 1,Class 1,Class 1,Class 1,85 MORRISON STR,EH3 8BU,4647
324544.0014,673177.000499999,grocer, ,Class 1,Class 9, , , , ,4648
324532.5007,673181.001,finance consultant, ,Class 4,Vacant, , , , ,4649
324526.2477,673183.5021,grocer, ,Class 1,Class 1,Class 1,Class 1,95 MORRISON STR,EH3 8BX,4650
324521.7456,673185.253,womens' aid office, ,Class 4,Class 2,Vacant,Class 3,97-101 MORRISON,EH3 8BX,4651
324513.7523,673187.5002,sheltered housing office, ,Class 4,Class 2,Class 2,Class 4,103 MORRISON ST,EH3 8BX,4652
324508.2496,673190.001399999,baker, ,Class 1,Class 1,Class 3,Class 3,107-109 MORRISO,EH3 8BX,4653
324495.2463,673195.751800001,hairdresser, ,Class 1,Class 4,Class 2,Vacant,113-115 MORRISO,EH3 8BX,4654
324465.0766,673204.1315,hot food take-away, ,SUI GENERIS,SUI GENERIS,SUI GENERIS,SUI GENERIS,121 MORRISON ST,EH3 8AJ,4655
324455.4711,673209.734099999,grocer, ,Class 1,Class 1,Class 1,Class 1,123 MORRISON ST,EH3 8AJ,4656
324451.1315,673210.7861,vacant, ,Vacant,Class 1,Class 1,Class 1,127 MORRISON ST,EH3 8AJ,4657
324444.4465,673212.104,shoe repairs, ,Class 1,Vacant,Class 1,Class 1,129 MORRISON ST,EH3 8AJ,4658
324439.5809,673213.2875,vacant, ,Vacant,Class 4,Class 4, , , ,4659
324428.8685,673215.024499999,computers, ,Class 1,Class 4,Class 4, , , ,4660
324425.0549,673215.2875,office supplies, ,Class 2,Class 2,Class 2,Class 2,139 MORRISON ST,EH3 8AJ,4661
324387.8656,673216.997099999,baker, ,Class 1,Class 1,Class 1,Class 1,147 MORRISON ST,EH3 8AG,4662
324383.3945,673217.2601,video film hire, ,Class 1,Class 3, , , , ,4663
324374.8656,673217.602600001,tv & video, ,Class 1,Class 3, , , , ,4664
324370.9205,673217.602600001,denture repairs,Ceramident,Class 2,Class 2,Class 2,Class 2,157 MORRISON ST,EH3 8AG,4665
324367.107,673217.865599999,musical instruments, ,Class 1,Class 1,Class 3,Class 3,159/161 MORRISO,EH3 8AG,4666
324360.474,673218.1227,vacant, ,Vacant,Class 4,Class 4,Class 4,165 MORRISON ST,EH3 8AG,4667
324322,673215,public house, ,SUI GENERIS,SUI GENERIS,SUI GENERIS,SUI GENERIS,185 MORRISON ST,EH3 8DZ,4668
324139,673224,restaurant, ,Class 3,Demolished, , , , ,4669
324143,673230,hot food t/a, ,SUI GENERIS,Demolished, , , , ,4670
324143,673230,vacant, ,Vacant,Demolished, , , , ,4671
324121,673224,hairdresser,La Greca,Class 1,Demolished, , , , ,4672
324769.747,673202.0,public house, ,SUI GENERIS,Class 3, , , , ,4673
324760.4979,673201.998600001,public house, ,SUI GENERIS,SUI GENERIS, , , , ,4674
324746.2501,673202.248199999,travel agent, ,Class 1,Class 1,Class 1,Class 4,22-22A MORRISON,EH3 8BJ,4675
324728.9995,673201.998600001,cycles, ,Class 1,Class 1, , , , ,4676
324723.747,673202.2487,driving school,British School of Motoring,Class 4,Class 4,Class 4,Class 4,32 MORRISON STR,EH3 8BJ,4677
324700.2549,673201.5055,furniture, ,Class 1,Demolished, , , , ,4678
324687.4988,673201.0052,public house,Regal Arms,SUI GENERIS,Demolished, , , , ,4679
324669,673201,hot food t/a, ,SUI GENERIS,Demolished, , , , ,4680
324656.4988,673200.249600001,vacant, ,Vacant,Demolished, , , , ,4681
324625.5002,673197.5012,vacant, ,Vacant,Demolished, , , , ,4682
324606,673198,public house, ,SUI GENERIS,Demolished, , , , ,4683
324579,673200,public house, ,SUI GENERIS,Demolished, , , , ,4684
324387.3916,673244.1864,public house, ,SUI GENERIS,SUI GENERIS,SUI GENERIS,SUI GENERIS,182-184 MORRISO,EH3 8EB,4685
324381.8685,673244.5809,n/t/c, ,Class 1,Class 1,Class 1,Class 1,188 MORRISON ST,EH3 8EB,4686
324375.9509,673244.7125,chemist, ,Class 1,Class 4,Class 1,Class 1,190 MORRISON ST,EH3 8EB,4687
324369.4681,673245.0549,fire places, ,Class 1,Class 3,Class 3,Class 3,192-194 MORRISO,EH3 8EB,4688
324364.0766,673245.3179,antiques, ,Class 1,Class 1, , , , ,4689
324159.8136,673254.6055,restaurant & hot food take-away,Brattisani,Class 3,Class 3,Class 3,Class 3,272-274 MORRISO,EH3 8DT,4690
324152.0549,673255.0,n/t/c, ,Class 1,Class 1,Class 3,Class 3,278 MORRISON ST,EH3 8DT,4691
331438.5575,673423.1505,video film hire, ,Class 1,Vacant,Vacant,Vacant,21 MORTON STREE,EH15 2HN,4692
331437.6726,673427.354,vacant, ,Vacant,Class 11,Class 1,Vacant,23 MORTON STREE,EH15 2HN,4693
331437.2301,673431.557499999,"amateur radio, telephones etc.", ,Class 1,Class 1,Class 4,Class 4,25 MORTON STREE,EH15 2HN,4694
326478.9541,672316.4155,gifts, ,Class 1,Class 1,Class 1,Class 2,47 NEWINGTON RO,EH9 1QW,4695
326481.8477,672309.615900001,garden centre, ,Class 1,Vacant, , , , ,4696
326485.9541,672301.123199999,florist, ,Class 1,Class 1,Class 1,Class 2,59-61 NEWINGTON,EH9 1QW,4697
326488.3236,672295.3695,dry cleaner, ,Class 1,Class 1,Class 1,Class 1,65 NEWINGTON RO,EH9 1QW,4698
326491.1232,672289.4155,hairdresser, ,Class 1,Class 1,Class 1,Class 1,69 NEWINGTON RO,EH9 1QW,4699
326493.2464,672285.123199999,grocer, ,Class 1,Class 3,SUI GENERIS,SUI GENERIS,73 NEWINGTON RO,EH9 1QW,4700
326496.0,672280.4614,vacant, ,Vacant,Class 1,Class 1,Class 1,75 NEWINGTON RO,EH9 1QW,4701
326498.3382,672276.077299999,ladies clothes, ,Class 1,Class 1,Class 1,Class 1,77 NEWINGTON RO,EH9 1QW,4702
326502.2464,672268.123199999,restaurant, ,Class 3,SUI GENERIS,SUI GENERIS,SUI GENERIS,85-87 NEWINGTON,EH9 1QW,4703
326505.9541,672261.8309,off license, ,Class 1,Class 1,Class 1,Class 1,91 NEWINGTON RO,EH9 1QW,4704
326508.9541,672257.292300001,ladies clothes, ,Class 1,Class 1,Class 1,Vacant,95 NEWINGTON RO,EH9 1QW,4705
326509.5386,672254.9541,hairdresser, ,Class 1,Class 1,Class 1,Class 1,97 NEWINGTON RO,EH9 1QW,4706
326512.7077,672250.0,baker, ,Class 1,Class 1,Class 1,Vacant,101 NEWINGTON R,EH9 1QW,4707
326516.2464,672244.0,charity shop, ,Class 1,Class 1,Vacant,Class 3,107 NEWINGTON R,EH9 1QW,4708
326519.9541,672236.8309,n/t/c, ,Class 1,Class 1,Class 1,Class 1,111 NEWINGTON R,EH9 1QW,4709
326523.8309,672229.785,vacant, ,Vacant,Class 1,Class 1,Class 1,113-115 NEWINGT,EH9 1QW,4710
326404.5532,672400.384099999,butcher, ,Class 1,Class 2,Class 2,Class 2,2-4 NEWINGTON R,EH9 1QS,4711
326407.7137,672394.4583,hot food t/a, ,SUI GENERIS,SUI GENERIS,SUI GENERIS,SUI GENERIS,6 NEWINGTON ROA,EH9 1QS,4712
326415.4155,672379.553200001,decorator, ,Class 4,Class 3, , , , ,4713
326421.6305,672366.4614,estate agent, ,Class 2,Class 2, , , , ,4714
326422.7996,672363.5386,dentist, ,Class 2,Class 2,Class 2,Class 2, , ,4715
326428.5073,672350.5845,doctor, ,Class 2,Vacant, , , , ,4716
326442.215,672323.031300001,bank, ,Class 2,Class 2,Vacant,Class 1,22-24 NEWINGTON,EH9 1QS,4717
326443.9687,672318.0627,chemist, ,Class 1,Class 1,Class 1,Class 1,28-30 NEWINGTON,EH9 1QS,4718
326458.8768,672291.338199999,optician, ,Class 1,Class 1,Class 1,Class 1,56 NEWINGTON RO,EH9 1QN,4719
326463.785,672283.3069,baker, ,Class 1,SUI GENERIS,Vacant,Vacant,58 NEWINGTON RO,EH9 1QN,4720
326465.5386,672278.922700001,grocer, ,Class 1,Class 1,Class 1,Class 4,60 NEWINGTON RO,EH9 1QN,4721
326467.5845,672274.246400001,gifts, ,Class 1,Class 1,Class 2,Class 2,64 NEWINGTON RO,EH9 1QN,4722
326469.3382,672270.7391,grocer, ,Class 1,Class 1,Class 1,Class 4,66 NEWINGTON RO,EH9 1QN,4723
326474.9541,672260.7996,building society, ,Class 2,Class 2, , , , ,4724
326477.2923,672256.707699999,public house, ,SUI GENERIS,SUI GENERIS, , , , ,4725
326479.8768,672253.292300001,tv & video sales, ,Class 1,Class 1,Class 1,Class 1,76 NEWINGTON RO,EH9 1QN,4726
326481.8768,672249.292300001,jewellers, ,Class 1,Class 1,Class 1,Vacant,78 NEWINGTON RO,EH9 1QN,4727
326484.4614,672244.5845,off license, ,Class 1,Class 1,Class 1,Class 1,80 NEWINGTON RO,EH9 1QN,4728
326487.2923,672240.0,building society, ,Class 2,Class 2,Class 2,Class 2,82 NEWINGTON RO,EH9 1QN,4729
326489.8768,672235.876800001,vacant, ,Vacant,Vacant,Class 4,Class 4,84 NEWINGTON RO,EH9 1QN,4730
329099.0999,673857.185699999,n/t/c, ,Class 1,Class 1,Vacant,Class 1,3 MOUNTCASTLE D,EH8 7SA,4731
329109.329,673855.149800001,grocer (lic), ,Class 1,Class 1, , , , ,4732
329123.0282,673823.329,vacant, ,Vacant,Class 1, , , , ,4733
329128.4571,673822.378900001,building contractors office, ,Class 4,Class 1,Class 1,Class 1,2A MOUNTCASTLE,EH8 7SJ,4734
321259.512,676172.0,vacant, ,Vacant,Vacant,SUI GENERIS,SUI GENERIS,49 MUIRHOUSE GA,EH4 4TD,4735
321260,676179,butcher, ,Class 1,Class 1,Vacant,Class 1,51 MUIRHOUSE GA,EH4 4TD,4736
321260.6506,676184.976,baker, ,Class 1,Class 1,Class 1,Class 1,53-55 MUIRHOUSE,EH4 4TD,4737
321261.1627,676191.138599999,n/t/c, ,Class 1,Class 1,Class 1, , , ,4738
321261.7893,676200.0,grocer (lic), ,Class 1,Class 1,Class 1,Class 1,57 MUIRHOUSE GA,EH4 4TD,4739
325936.6992,676176.062000001,greengrocer, ,Class 1,Class 9, , , , ,4740
325941.6108,676166.3364,t-shirt printers, ,Class 1,Class 1, , , , ,4741
325946.4868,676156.124,printing & photocopying, ,Class 4,Class 4, , , , ,4742
324022.3607,672581.3715,grocer, ,Class 1,Class 1, , , , ,4743
323577.5426,672606.2129,joiners, ,Class 4,Class 4, , , , ,4744
323533.6702,672605.8617,vacant, ,Vacant,Class 9, , , , ,4745
323408,672634,electrical contractor, ,Class 4,Class 4,Class 4,Vacant,1 MURIESTON PLA,EH11 2LT,4746
323491.2767,672504.4681,baker, ,Class 1,Class 1,Class 1,Class 1,2 MURIESTON ROA,EH11 2JH,4747
323482.4788,672516.1383,amusement arcade, ,Class 11,Vacant, , , , ,4748
323469.6064,672528.1383,vacant, ,Vacant,Vacant, , , , ,4749
323466.9469,672531.595699999,accountant, ,Class 2,Class 4, , , , ,4750
322887.6709,673274.6394,launderette, ,Class 1,Class 1,Class 1,Class 1,1 MURRAYFIELD P,EH12 6AA,4751
322891.696,673275.3103,hairdresser, ,Class 1,Class 1,Class 1,Class 1,3 MURRAYFIELD P,EH12 6AA,4752
322898.6771,673276.9749,jeweller, ,Class 1,Class 1,Class 1,Class 1,4 MURRAYFIELD P,EH12 6AA,4753
322903.7086,673278.3166,florist, ,Class 1,Class 1,Class 1,Class 1,6 MURRAYFIELD P,EH12 6AA,4754
322908.7086,673279.2663,electrical repairs, ,Class 1,Class 4,Class 4,Class 4,8 MURRAYFIELD P,EH12 6AA,4755
325435.477,674512.253799999,n/a, ,UNKNOWN USE,Vacant, , , , ,4756
327160,670366,service station, ,SUI GENERIS,SUI GENERIS, , , , ,4757
313699,678353,public house,Hawes Inn,SUI GENERIS,SUI GENERIS,SUI GENERIS,SUI GENERIS,7 NEWHALLS ROAD,EH30 9TA,4758
326954.0574,675999.3718,restaurant, ,Class 3,Class 3,Vacant, , , ,4759
326957.6594,675998.246200001,vacant, ,Vacant,Class 1,Class 1, , , ,4760
326964.4132,675995.994899999,clothing, ,Class 1,Class 1, , , , ,4761
326963.5287,675988.0363,"t.v., audio, electrical", ,Class 1,Class 1,Vacant,Class 1,35 NEWKIRKGATE,EH6 6AA,4762
326961,675979,shoes, ,Class 1,Class 1,Class 1,Class 1,36 NEWKIRKGATE,EH6 6AA,4763
326958.5759,675970.476399999,shoes, ,Class 1,Class 1, , , , ,4764
326957.2251,675965.9739,"t.v., audio, electrical", ,Class 1,Class 1, , , , ,4765
326955.1256,675960.0,men's clothing, ,Class 1,Class 1,Class 1,Vacant,39 NEWKIRKGATE,EH6 6AA,4766
326953.1939,675953.523600001,ladies' clothing, ,Class 1,Class 1,Class 1,Class 1,41 NEWKIRKGATE,EH6 6AA,4767
326950.2513,675943.848200001,chemist (boots), ,Class 1,Class 1,Class 1,Class 1,42 NEWKIRKGATE,EH6 6AA,4768
322159.7464,671165.131999999,public house, ,SUI GENERIS,SUI GENERIS, , , , ,4769
329182.8898,668612.110200001,supermarket,William Low,Class 1,Class 1, , , , ,4770
329172.8933,668604.633400001,baker, ,Class 1,Vacant,Class 4,Class 4,15 NEWTOFT STRE,EH17 8RG,4771
329169.5232,668601.213400001,"cards, confectionery & spirits", ,Class 1,SUI GENERIS,SUI GENERIS,SUI GENERIS,17 NEWTOFT STRE,EH17 8RG,4772
329163.2599,668596.4768,betting shop, ,Class 2,Class 2,Class 2,Class 2,19 NEWTOFT STRE,EH17 8RG,4773
329114.6833,668554.4234,restaurant, ,Class 3,Class 3,SUI GENERIS,SUI GENERIS,39 NEWTOFT STRE,EH17 8RB,4774
326044.2923,673212.661800001,vacant, ,Vacant,Class 1,Class 1,Class 1,3 NICOLSON SQUA,EH8 9BH,4775
326038.7536,673210.292300001,dry cleaner,Whites of Liberton,Class 1,Class 1,Vacant,Class 2,5 NICOLSON SQUA,EH8 9BH,4776
326034.6618,673207.9541,bookshop, ,Class 1,Class 1,Class 1,Vacant,6 NICOLSON SQUA,EH8 9BH,4777
326028.7682,673205.123199999,hot food t/a, ,SUI GENERIS,SUI GENERIS,SUI GENERIS,SUI GENERIS,7 NICOLSON SQUA,EH8 9BH,4778
313669.885,678345.807600001,restaurant,Scotch Corner Café,Class 3,Class 3,Class 3,Class 3,4 NEWHALLS ROAD,EH30 9TA,4779
325641.3174,676997.376399999,grocer, ,Class 1,Class 1, , , , ,4780
325635.417,676998.2841,vacant, ,Vacant,Vacant, , , , ,4781
325629.9705,676999.1919,vacant, ,Vacant,Class 2,Vacant,Vacant,7 NEWHAVEN MAIN,EH6 4LJ,4782
325521.0,677012.269400001,betting shop, ,Class 2,Class 1,Vacant,Vacant,21 NEWHAVEN MAI,EH6 4NA,4783
325363.8229,677004.630999999,post office, ,Class 1,Class 1,Class 1,Class 9, , ,4784
325356.9078,677004.177100001,bank, ,Class 2,Class 2,Class 2,Class 3,47 NEWHAVEN MAI,EH6 4NQ,4785
325643.4539,677018.084899999,licensed grocer, ,Class 1,Class 1,Class 1,Class 1,8 NEWHAVEN MAIN,EH6 4HY,4786
325633.3616,677019.730599999,public house, ,SUI GENERIS,SUI GENERIS, , , , ,4787
326104,675769,household electrical  goods & hi-fi,Comet,Class 1,Class 1,Class 1,Class 9, , ,4788
326044.0613,675757.237600001,soft furnishings,Texstyle World,Class 1,Class 1,Class 1,Class 9, , ,4789
326035.4119,675749.0,bedroom furniture,Edinburgh Bedding Centre,Class 1,Class 1, , , , ,4790
326025.9387,675741.1743,shoes,Shoe World,Class 1,Class 1,Vacant,Class 9, , ,4791
325961.8232,676125.3628,vacant, ,Vacant,SUI GENERIS, , , , ,4792
325959.4868,676130.4603,hot food t/a, ,SUI GENERIS,SUI GENERIS, , , , ,4793
325866.1331,676305.911599999,insurance office, ,Class 4,Class 2,Class 2,Class 2,131 NEWHAVEN RO,EH6 4NP,4794
325865.4959,676311.2215,ceramic tiles, ,Class 1,Class 1,Class 1,Class 4,133 NEWHAVEN RO,EH6 4NP,4795
326155.4119,675761.6456,kitchen & bathroom furniture, ,Class 1,Class 1, , , , ,4796
326139.705,675778.293099999,post office, ,Class 1,Class 1,Class 1,Vacant,8 ELIZAFIELD,EH6 5PY,4797
326129.5287,675791.116900001,vacant, ,Vacant,Vacant, , , , ,4798
326133.705,675785.9406,painter's store, ,Class 4,Vacant, , , , ,4799
326102,675827,hairdresser, ,Class 1,Class 1, , , , ,4800
325994.7967,676084.749399999,public house, ,SUI GENERIS,SUI GENERIS,SUI GENERIS,Vacant,74-76 NEWHAVEN,EH6 5QG,4801
325988.876,676124.690099999,car components, ,Class 1,Class 1, , , , ,4802
325972.814,676163.1149,licensed grocer, ,Class 1,Class 1,Class 1,Class 1,96-98 NEWHAVEN,EH6 4BS,4803
325970.0529,676168.0,n/t/c, ,Class 1,Class 1,SUI GENERIS,SUI GENERIS,100 NEWHAVEN RO,EH6 4BS,4804
325966.3273,676175.813999999,insurance services, ,Class 4,Class 2,Class 2,Vacant,102 NEWHAVEN RO,EH6 4BS,4805
325963.9909,676180.4868,hairdresser, ,Class 1,SUI GENERIS,SUI GENERIS,SUI GENERIS,104 NEWHAVEN RO,EH6 4BS,4806
325915.1768,676273.840500001,veterinary surgery, ,Class 2,Class 2,Class 2,Class 2,124 NEWHAVEN RO,EH6 4BR,4807
325912.8405,676278.300799999,butcher, ,Class 1,Class 1,Class 4,Class 4,126 NEWHAVEN RO,EH6 4BR,4808
325910.9289,676282.548800001,grocer, ,Class 1,Class 1,Class 1,Class 1,128 NEWHAVEN RO,EH6 4BR,4809
325643.2322,676773.230699999,n/t/c & po, ,Class 1,Class 1,Class 1,Class 1,210 NEWHAVEN RO,EH6 4QE,4810
325641.8497,676777.385399999,hairdresser, ,Class 1,Class 1,Class 1,Class 1,210A NEWHAVEN R,EH6 4QE,4811
325640.695,676781.9955,butcher, ,Class 1,Class 4,Class 4,Class 3,210B NEWHAVEN R,EH6 4QE,4812
325636.8527,676803.001499999,licensed grocer, ,Class 1,Class 1,Class 1,Class 1,218 NEWHAVEN RO,EH6 4QE,4813
325637.0789,676818.464299999,office, ,Class 4,Class 4,Class 9, , , ,4814
325637.3095,676823.538699999,antique restoration workshop, ,Class 4,Class 4,Vacant,Class 1,222-224 NEWHAVE,EH6 4JY,4815
325666.4391,676986.8783,R.N.L.I. workshop, ,Class 4,SUI GENERIS,SUI GENERIS,SUI GENERIS,258-260 NEWHAVE,EH6 4LH,4816
326396.7077,672295.5386,vacant, ,Vacant,Vacant, , , , ,4817
326392.2923,672297.215,upholsterer, ,Class 4,Class 4, , , , ,4818
326444.8936,672390.862199999,vacant, ,Vacant,Vacant,Class 11,Class 1,9 NEWINGTON ROA,EH9 1QR,4819
326448.2923,672383.9541,restaurant, ,Class 3,Class 3,Class 3,Class 3,13 NEWINGTON RO,EH9 1QR,4820
326451.1232,672376.8309,vacant, ,Vacant,Class 1,Class 1,Class 1,17 NEWINGTON RO,EH9 1QR,4821
326454.7077,672370.5845,fishmonger, ,Class 1,Vacant,Class 3,Class 3,21 NEWINGTON RO,EH9 1QR,4822
326458,672363,gifts, ,Class 1,Class 1,Class 1,Class 1,25 NEWINGTON RO,EH9 1QR,4823
326462.2923,672352.077299999,bank, ,Class 2,Class 3,Class 3,Class 3,29-33 NEWINGTON,EH9 1QR,4824
326473.57,672328.553200001,building society, ,Class 2,Class 2,Class 1,Class 2,43 NEWINGTON RO,EH9 1QW,4825
326477.094,672321.031300001,vacant, ,Vacant,Vacant,Class 1,Class 1, , ,4826
326492.5073,672230.507300001,shoes, ,Class 1,Class 1,Class 1,Class 1,86 NEWINGTON RO,EH9 1QN,4827
326496,672222,materials, ,Class 1,Class 1,Class 1,Class 2,88 NEWINGTON RO,EH9 1QN,4828
326968.3457,675945.3036,hairdresser, ,Class 1,Class 1,Class 1,Class 1,2 NEWKIRKGATE,EH6 6AA,4829
326969.9216,675950.6492,baker, ,Class 1,Class 1, , , , ,4830
326971.4452,675955.774900001,ladies' clothing, ,Class 1,Class 1, , , , ,4831
326978.8584,675978.287599999, , ,UNKNOWN USE,Class 1,Class 1,Class 1,4(B) NEWKIRKGAT,EH6 6AA,4832
326982.0944,675986.6391,"wallpaper, paints", ,Class 1,Class 1,Vacant,Vacant, , ,4833
326984.7959,675993.8431,t.v. rental, ,Class 1,Class 1,Class 1,Class 2,6 NEWKIRKGATE,EH6 6AD,4834
326986.1467,675998.570800001,greengrocer, ,Class 1,Class 1,Class 1,Class 1,7 NEWKIRKGATE,EH6 6AD,4835
326987.565,676003.805400001,dry cleaner, ,Class 1,Class 1, , , , ,4836
326989.366,676009.2085,electrical goods, ,Class 1,Class 1, , , , ,4837
326990.7487,676013.2985,gas showroom, ,Class 1,Class 1, , , , ,4838
326993.0,676020.727700001,ladies' clothing, ,Class 1,Class 1, , , , ,4839
326989.6856,676059.2455,supermarket (presto), ,Class 1,Class 1, ,Class 2,12 NEWKIRKGATE,EH6 6AD,4840
326967.565,676023.910700001,butcher, ,Class 1,Class 1,Class 1,Class 1,14 NEWKIRKGATE,EH6 6AD,4841
326964.8693,676016.381999999,clothing, ,Class 1,Class 1,Class 1,Class 1,15 NEWKIRKGATE,EH6 6AD,4842
326963.5127,676010.6282,gents' clothing, ,Class 1,Class 1,Class 1,Class 1,16 NEWKIRKGATE,EH6 6AD,4843
326911.7335,676013.779999999,shoes, ,Class 1,Class 1,Class 1, , , ,4844
326915.074,676012.5854,frozen foods (capital), ,Class 1,Class 1, , , , ,4845
326920.1161,676010.9311,launderette, ,Class 1,Class 1, , , , ,4846
326923.8903,676009.727700001,grocer, ,Class 1,Class 1,Vacant, , , ,4847
326928.1677,676008.151799999,jeweller, ,Class 1,Class 1,Class 1, , , ,4848
326932.22,676006.801000001,shoes, ,Class 1,Class 1,Vacant, , , ,4849
326936.7226,676005.450300001,knitting wool, ,Class 1,Class 1,Class 1, , , ,4850
326941.2251,676003.874399999,hairdresser, ,Class 1,Class 1,Vacant, , , ,4851
326945.7277,676002.2985,vacant, ,Vacant,Class 1,Vacant, , , ,4852
329398.8018,671749.3664,grocer, ,Class 1,Class 1,Demolished, , , ,4853
328962.3086,671745.122199999,d.i.y.,B & Q,Class 1,Class 1, , , , ,4854
329934.1614,671802.0339,betting shop, ,Class 2,Class 1, , , , ,4855
329980,671833,vacant, ,Vacant,Vacant, , , , ,4856
329980,671833,grocer, ,Class 1,Class 1, , , , ,4857
329978.3651,671816.872500001,hot food t/a, ,SUI GENERIS,Vacant, , , , ,4858
329985.1656,671818.740900001,grocer (lic.), ,Class 1,Class 1, , , , ,4859
329990.8046,671820.5604,hairdresser, ,Class 1,Vacant, , , , ,4860
330003.0977,671824.6581,chemist, ,Class 1,Class 1, , , , ,4861
329996.9512,671822.1995,post office, ,Class 1,Class 1, , , , ,4862
328835.3657,671632.363,confectionery, ,Class 1,Class 1,Class 2,Class 2,2 NIDDRIE MAINS,EH16 4BG,4863
328839.927,671632.910399999,bakers, ,Class 1,Class 1,SUI GENERIS,SUI GENERIS,4 NIDDRIE MAINS,EH16 4BG,4864
328844.2895,671633.637499999,grocer, ,Class 1,Class 1,Class 1,Class 1,8-10 NIDDRIE MA,EH16 4BG,4865
328849.379,671634.546399999,womenswear, ,Class 1,Class 1,Class 1,Class 1,12-14 NIDDRIE M,EH16 4BG,4866
328862.2729,671636.362500001,confectioner & tobacconist, ,Class 1,Class 1,Class 1,Vacant,18 NIDDRIE MAIN,EH16 4BG,4867
328867.9078,671637.089600001,betting shop, ,Class 2,Class 2,SUI GENERIS,SUI GENERIS,20 NIDDRIE MAIN,EH16 4BG,4868
328874.911,671638.0901,hairdresser, ,Class 1,Class 1,Class 1,Class 1,22 NIDDRIE MAIN,EH16 4BG,4869
328879.0917,671638.635399999,hardware, ,Class 1,Class 1,Class 1,Class 1,24 NIDDRIE MAIN,EH16 4BG,4870
326950.2302,676000.7226,vacant, ,Vacant,Class 1,Vacant, , , ,4871
326024.0918,673202.785,travel agent,Stillpan Travel,Class 1,Class 1,Class 1,Class 1,9 NICOLSON SQUA,EH8 9BH,4872
326020.5845,673201.031300001,grocer, ,Class 1,Class 1,Class 1,Class 1,10 NICOLSON SQU,EH8 9BH,4873
326017.0773,673199.2777,t.v repairs, ,Class 1,Vacant,Vacant,Vacant,11 NICOLSON SQU,EH8 9BH,4874
326005.5845,673182.0,grocer, ,Class 1,Class 1,Class 3,Class 3, , ,4875
326054.9541,673155.292300001,office, ,Class 4,Vacant, , , , ,4876
326063.43,673158.7996,bank,Clydesdale Bank,Class 2,Class 2,Class 2,Class 2,30 NICOLSON SQU,EH8 9BX,4877
326073.2004,673162.876800001,betting shop,Ladbroke,Class 2,Demolished,Demolished, , , ,4878
326076.7325,673164.874700001,vacant, ,Vacant,Demolished,Demolished, , , ,4879
326017.0,673301.43,electrical goods,Currys,Class 1,Class 1,Class 1,Class 1,1-3 NICOLSON ST,EH8 9BE,4880
326019.3382,673292.3695,furniture, ,Class 1,Class 2,Class 4,Class 1,7 NICOLSON STRE,EH8 9BE,4881
326024.2004,673279.707699999,sports equipment,MacKenzie,Class 1,Redeveloped, , , , ,4882
326027.3695,673270.8309,general clothing,Ali Bros.,Class 1,Redeveloped, , , , ,4883
326030.6618,673262.661800001,grocer, ,Class 1,Redeveloped, , , , ,4884
326044.0,673238.7223,hot food t/a, ,SUI GENERIS,Class 3,Class 3,Class 3,35 NICOLSON STR,EH8 9BE,4885
326047.7996,673229.3695,gifts, ,Class 1,Class 1,Class 1,Class 1,37-41 NICOLSON,EH8 9BE,4886
326053.3382,673215.9541,restaurant, ,Class 3,Class 2,Class 2,Class 2,43-45 NICOLSON,EH8 9BE,4887
326081.6764,673165.7996,general clothing, ,Class 1,Demolished, , , , ,4888
326083.43,673161.123199999,baker,Crawfords,Class 1, ,Demolished, , , ,4889
326086.9082,673154.1691,n/t/c, ,Class 1,Class 1,Class 1,Class 1,51 NICOLSON STR,EH8 9BZ,4890
326088.6618,673150.3695,gifts, ,Class 1,Class 1,Class 1,Class 1,53 NICOLSON STR,EH8 9BZ,4891
326092.9227,673140.5386,ladies clothes, ,Class 1,Class 1,Class 1,Class 1,59 NICOLSON STR,EH8 9BZ,4892
326096.0,673134.1691,shoes,Timpson,Class 1,Class 1,Class 1,Class 1,61-63 NICOLSON,EH8 9BZ,4893
326101.2464,673125.553200001,gents clothes, ,Class 1,Class 1,Class 3,Class 3,67 NICOLSON STR,EH8 9BZ,4894
326103.2923,673120.876800001,hairdresser, ,Class 1,Class 1,Class 1,Class 1,69 NICOLSON STR,EH8 9BZ,4895
326105.6305,673116.492699999,vacant, ,Vacant,Class 1,Class 1,Class 3,71 NICOLSON STR,EH8 9BZ,4896
326107.6764,673112.1086,hot food t/a, ,SUI GENERIS,Class 1,Class 3,Class 3,75 NICOLSON STR,EH8 9BZ,4897
326110.0146,673107.139900001,dry cleaner,Pullars of Perth,Class 1,Class 1,Class 1,Class 1,77 NICOLSON STR,EH8 9BZ,4898
326112.8309,673100.7223,vacant, ,Vacant,Class 1, , , , ,4899
326115.7536,673095.1691,greengrocer,Rankins Fruit,Class 1,Class 1,Class 1,Class 1,79-81 NICOLSON,EH8 9BZ,4900
326118.6764,673089.615900001,vacant, ,Vacant,Class 1,Class 1,Class 1,85-87 NICOLSON,EH8 9BZ,4901
326153,672977,tiles,Gibson Tiling,Class 1,Class 1,Class 1,Class 3,119 NICOLSON ST,EH8 9ER,4902
326153,672977,shoe repairs, ,Class 1,Class 1,Class 1,Class 1,121 NICOLSON ST,EH8 9ER,4903
326160,672965,fishmonger, ,Class 1,Vacant,Vacant,Vacant,125 NICOLSON ST,EH8 9ER,4904
326160,672965,betting shop,Coral,Class 2,Class 2,Class 2,Vacant,127-129 NICOLSO,EH8 9ER,4905
326040.6931,673314.922700001,menswear, ,Class 1,Vacant,Class 3,Class 3,2 NICOLSON STRE,EH8 9DH,4906
326041.8622,673312.5845,hairdresser, ,Class 1,Class 1, , , , ,4907
326044.4927,673304.985400001,stationer, ,Class 1,Class 1, , , , ,4908
326042.4468,673310.246400001,video film hire, ,Class 1,Class 3,Class 3,Class 3,6A NICOLSON STR,EH8 9DH,4909
326048.8017,673290.507300001,musical instruments, ,Class 1,Class 1, , , , ,4910
326050.2631,673286.4155,office, ,Class 4,Vacant,Class 3,Class 1,12 NICOLSON STR,EH8 9DH,4911
326052.8936,673279.985400001,restaurant, ,Class 3,Class 3, , , , ,4912
326054.0619,673277.2728,restaurant, ,Class 3,Class 3,Class 3,Class 3,14A NICOLSON ST,EH8 9DH,4913
326054.9395,673275.016799999,amusements, ,Class 11,Class 11,Class 3,Class 3,16 NICOLSON STR,EH8 9DH,4914
326075.6931,673231.292300001,grocer, ,Class 1,Class 1,Vacant,Class 1,18(GF) NICOLSON,EH8 9DH,4915
326078.0313,673226.031300001,stationer, ,Class 1,Class 1,Class 1,Vacant,20 NICOLSON STR,EH8 9DH,4916
326083.4468,673216.7391,hot food t/a, ,SUI GENERIS,SUI GENERIS,Class 3,Class 3,22 NICOLSON STR,EH8 9DH,4917
326082.2777,673219.3695,restaurant, ,Class 3,Class 3,Class 3,Class 3,22(A) NICOLSON,EH8 9DH,4918
326085.2004,673213.816299999,restaurant, ,Class 3,Class 3,Class 3,Class 3,26 NICOLSON STR,EH8 9DH,4919
326090.2777,673205.9541,bank, ,Class 2,Class 2,Class 2,Class 2,30 NICOLSON STR,EH8 9DL,4920
326109.9103,673170.8936,greengrocer, ,Class 1,Class 1,Class 1,Class 1,44A NICOLSON ST,EH8 9DT,4921
326113.0627,673165.7391,public house, ,SUI GENERIS,Class 1,Class 11,Class 11,48 NICOLSON STR,EH8 9DT,4922
326131.3717,673150.4781,large mixed durable,Scotmid,Class 1,Class 1, , , , ,4923
326123.57,673145.553200001,supermarket,Scotmid,Class 1,Class 1, , , , ,4924
326132.4781,673127.1064,chemist, ,Class 1,Class 1,Class 1,Class 1,70 NICOLSON STR,EH8 9DT,4925
326135.1086,673120.968699999,off licence, ,Class 1,Class 1,Class 1,Class 1,72 NICOLSON STR,EH8 9DT,4926
329864,672047,vacant, ,Vacant,Vacant, , , , ,4927
329748.55,671668.0,n/t/c, ,Class 1,Vacant, , , , ,4928
329750.55,671662.0,workshop, ,Class 4,Vacant, , , , ,4929
329751.875,671656.0,solicitors, ,Class 2,Vacant, , , , ,4930
329753.325,671649.775,butcher, ,Class 1,Vacant, , , , ,4931
329755,671644,bakers, ,Class 1,Class 1, , , , ,4932
329756.875,671637.0,hot food t/a, ,SUI GENERIS,Vacant, , , , ,4933
330355.4098,671911.687899999,edin. district housing dept., ,Class 4,Class 1,Class 1,Class 1,40 NIDDRIE MILL,EH15 3EW,4934
330359.5075,671911.687899999,hairdresser, ,Class 1,Class 1, , , , ,4935
330369.4437,671911.687899999,butcher, ,Class 1,Vacant, , , , ,4936
330374.3609,671911.278100001,grocer, ,Class 1,Class 1,UNKNOWN USE,Vacant,50 NIDDRIE MILL,EH15 3EW,4937
325987.7536,673527.922700001,vacant, ,Vacant,Vacant,Class 4,Class 4,45 NIDDRY STREE,EH1 1LG,4938
325991.6305,673504.1545,public house, ,SUI GENERIS,SUI GENERIS,SUI GENERIS,SUI GENERIS,53-57 NIDDRY ST,EH1 1LG,4939
325568.6931,673631.0459,paintings, ,Class 1,Class 3,Class 1,Class 1,2-3 BANK STREET,EH1 2LP,4940
325574.8309,673631.338199999,bookshop,Harkins,Class 1,Class 1,Class 1,Class 1,4-6 BANK STREET,EH1 2LP,4941
325533.5386,673622.6764,public house, ,SUI GENERIS,SUI GENERIS,SUI GENERIS,SUI GENERIS,11 BANK STREET,EH1 2LP,4942
326138.0313,673115.4155,baker, ,Class 1,Class 1,Class 1,Class 1,74 NICOLSON STR,EH8 9DT,4943
326143.0,673108.400900001,frozen foods,Capital,Class 1,Class 1,Class 1,Class 1,76 NICOLSON STR,EH8 9DT,4944
326157.8309,673083.8309,shoe repairs, ,Class 1,Class 1,Class 1,Class 1,78 NICOLSON STR,EH8 9EW,4945
326155.2004,673087.922700001,jeweller, ,Class 1,Class 1,Class 1,Class 1,78A NICOLSON ST,EH8 9EW,4946
326160.4155,673078.123199999,sports shop, ,Class 1,Class 1,Class 2,Class 2,80 NICOLSON STR,EH8 9EW,4947
326164.0773,673071.9541,off licence, ,Class 1,Class 1,Class 1,Vacant,84 NICOLSON STR,EH8 9EW,4948
326168.449,673060.1086,n/t/c, ,Class 1,Class 1,Class 1,Class 1,86 NICOLSON STR,EH8 9EW,4949
326166.9395,673065.292300001,film processing, ,Class 1,Class 1,Class 1,Class 2,90 NICOLSON STR,EH8 9EW,4950
326171.3717,673049.0022,supermarket,William Low,Class 1,Class 1,Class 1,Class 1,94 NICOLSON STR,EH8 9EW,4951
326172.5408,673030.296599999,general clothing, ,Class 1,Class 1,Class 1,Class 1,102 NICOLSON ST,EH8 9EW,4952
326173.2004,673026.9395,video film hire, ,Class 1,Class 1,Class 1,Class 3,104 NICOLSON ST,EH8 9EJ,4953
326174.3695,673021.57,frozen foods, ,Class 1,Class 1,Class 1,Class 1,106 NICOLSON ST,EH8 9EJ,4954
326175.57,673014.476,womens' clothing, ,Class 1,Class 1,Class 1,Class 1,112 NICOLSON ST,EH8 9EJ,4955
326177.6159,673003.661800001,tv hire, ,Class 1,Class 1,Class 1,Class 1,114 NICOLSON ST,EH8 9EJ,4956
326179.6472,672994.215,florist, ,Class 1,Class 1,Class 1,Class 1,116 NICOLSON ST,EH8 9EJ,4957
326181.4009,672988.077299999,carpets & furniture, ,Class 1,Class 1,Class 1,Class 1,120-122 NICOLSO,EH8 9EJ,4958
326183.3549,672978.137800001,carpets & furniture, ,Class 1,Class 1,Class 1,Class 1,124 NICOLSON ST,EH8 9EH,4959
326184.2318,672973.753599999,vacant, ,Vacant,Vacant,Class 1,Class 3,126 NICOLSON ST,EH8 9EH,4960
326184.8163,672969.3695,charity shop, ,Class 1,Class 1, , , , ,4961
326186.9395,672959.922700001,gifts & novelties, ,Class 1,Class 1,Class 1,Class 1,134 NICOLSON ST,EH8 9EH,4962
326188.1086,672954.9541,greengrocer, ,Class 1,Class 1,Class 1,Vacant,136 NICOLSON ST,EH8 9EH,4963
326188.9854,672949.6931,restaurant, ,Class 3,Class 3,Class 3,Class 3,140 NICOLSON ST,EH8 9EH,4964
330056.1334,671510.0,n/t/c, ,Class 1,Class 9, , , , ,4965
330055.0,671481.444399999,grocer, ,Class 1,Class 2, , , , ,4966
329367.0691,671799.465500001,greengrocer, ,Class 1,Vacant, , , , ,4967
329396.3964,671794.0,hot food t/a, ,SUI GENERIS,SUI GENERIS,Vacant,Demolished, , ,4968
329404.6336,671792.099099999,grocer (lic.), ,Class 1,Class 1,Class 1,Demolished, , ,4969
329350.4655,671759.0,grocer, ,Class 1,Vacant,Demolished, , , ,4970
329360.2372,671757.099099999,vacant, ,Vacant,Class 1,Demolished, , , ,4971
329391.1982,671750.6336,butcher, ,Class 1,Vacant, , , , ,4972
328882.9088,671639.1807,bank, ,Class 2,Class 2,Class 2,Class 2,28 NIDDRIE MAIN,EH16 4BG,4973
328887.2713,671639.726,greengrocer, ,Class 1,Class 3,Vacant,Vacant,30 NIDDRIE MAIN,EH16 4BG,4974
328913.9072,671643.089600001,bingo, ,Class 11,Class 11,Class 11,Class 1,44 NIDDRIE MAIN,EH16 4BG,4975
328920.6365,671644.453600001,n/t/c, ,Class 1,Class 1,Class 1,Class 1,46 NIDDRIE MAIN,EH16 4BG,4976
328925.2729,671645.2719,vacant, ,Vacant,SUI GENERIS,SUI GENERIS,SUI GENERIS,48 NIDDRIE MAIN,EH16 4BG,4977
328929.0,671645.908299999,hot food t/a, ,SUI GENERIS,SUI GENERIS,SUI GENERIS,SUI GENERIS,50 NIDDRIE MAIN,EH16 4BG,4978
328932.4547,671646.2719,hot food t/a, ,SUI GENERIS,SUI GENERIS, , , , ,4979
328935.9094,671646.726500001,womenswear, ,Class 1,SUI GENERIS, , , , ,4980
328940.1818,671647.453600001,chemist, ,Class 1,Class 1,Class 1,SUI GENERIS,56 NIDDRIE MAIN,EH16 4BG,4981
328945.0912,671648.544199999,butcher, ,Class 1,Class 1,Class 2,Class 2,58-60 NIDDRIE M,EH16 4BG,4982
328950.2729,671649.635399999,optician, ,Class 1,Class 1,Class 1,Class 1,62 NIDDRIE MAIN,EH16 4BG,4983
328955.169,671650.542099999,chemist, ,Class 1,Vacant,Class 1,Class 1,64 NIDDRIE MAIN,EH16 4BG,4984
328960.9094,671651.635399999,poolroom, ,Class 11,Class 1,Class 1,Class 1,66 NIDDRIE MAIN,EH16 4BG,4985
329006.0043,671660.907199999,public house, ,SUI GENERIS,SUI GENERIS,SUI GENERIS,Vacant,70 NIDDRIE MAIN,EH16 4BG,4986
329018.7281,671663.8156,supermarket,Scotmid,Class 1,Class 1, , , , ,4987
329074.4542,671663.270300001,public house, ,SUI GENERIS,SUI GENERIS,SUI GENERIS,Vacant,82 NIDDRIE MAIN,EH16 4DT,4988
328883.3047,674181.9131,hairdresser, ,Class 1,SUI GENERIS, , , , ,4989
328881.4134,674188.565300001,public house, ,SUI GENERIS,SUI GENERIS,SUI GENERIS,SUI GENERIS,100 NORTHFIELD,EH8 7RU,4990
329325.8605,673599.4263,grocer, ,Class 1,Class 1,Class 1,Class 1,25 NORTHFIELD F,EH8 7QY,4991
329123.4354,673818.3073,vacant, ,Vacant,Class 1, , , , ,4992
329126.4213,673814.6428,hairdresser, ,Class 1,Class 1,Class 1,Class 1,1A NORTHFIELD F,EH8 7QS,4993
325457.0,674459.6423,public house, ,SUI GENERIS,SUI GENERIS,SUI GENERIS,SUI GENERIS,1 NORTHUMBERLAN,EH3 6LQ,4994
325251.4103,674430.0517,off-licence, ,Class 1,Class 1,Class 1,Class 1,35 NORTHUMBERLA,EH3 6LR,4995
325049.2479,674373.346100001,office decor, ,Class 4,Class 1,Class 1,Class 1,71(GF)-75 NORTH,EH3 6JG,4996
325261.5259,674405.537900001,public house, ,SUI GENERIS,SUI GENERIS,SUI GENERIS,SUI GENERIS,32 NORTHUMBERLA,EH3 6LS,4997
325257.1034,674404.0638,records/tapes, ,Class 1,Class 1,Class 1,Class 1, , ,4998
314645.8695,672458.5978,public house, ,SUI GENERIS,UNKNOWN USE, , , , ,4999
329091.0016,671662.724400001,betting shop, ,Class 2,Class 2,Class 2,Class 2,84 NIDDRIE MAIN,EH16 4DT,5000
329102.9984,671659.2708,vacant, ,Vacant,Class 2, , , , ,5001
329120.0917,671656.816099999,diy, ,Class 1,Class 1, ,Class 2,86-88 NIDDRIE M,EH16 4DT,5002
329125.5448,671655.3619,hot food t/a, ,SUI GENERIS,SUI GENERIS,SUI GENERIS,SUI GENERIS,90 NIDDRIE MAIN,EH16 4DT,5003
329130.7265,671653.180199999,off-license, ,Class 1,Class 1,Class 1,Vacant,92 NIDDRIE MAIN,EH16 4DT,5004
329135.9995,671651.6349,n/t/c, ,Class 1,Class 2,Class 2,Class 2,94 NIDDRIE MAIN,EH16 4DT,5005
329141.7404,671650.2719,solicitors, ,Class 2,Class 2,Class 1,Class 1,96 NIDDRIE MAIN,EH16 4DT,5006
329160.2809,671644.8188,grocers, ,Class 1,Demolished, , , , ,5007
329864,672047,vacant, ,Vacant,Vacant, , , , ,5008
329864,672047,vacant, ,Vacant,Vacant, , , , ,5009
325930.4176,673749.181500001,large mixed durable,Argos,Class 1,Class 1,Class 1,Class 1,11-15 NORTH BRI,EH1 1SB,5010
325945.9082,673686.927100001,bank,Royal Bank of Scotland,Class 2,Class 2, , , , ,5011
325836,673983,vacant, ,Vacant,Class 3, , , , ,5012
325837.45,673975.75,greeting cards, ,Class 1,Class 1, , , , ,5013
325839.575,673968.2751,shoe repairs / photo developing, ,Class 1,Redeveloped, , , , ,5014
325841.225,673961.425000001,general clothing,Shiel & Co.,Class 1,Class 1, , , , ,5015
325843.225,673953.875,vacant, ,Vacant,Redeveloped, , , , ,5016
325845.225,673946.300000001,travel agent,Transalpino,Class 1,Redeveloped, , , , ,5017
325847.0745,673939.0999,restaurant & hot food t/a, ,Class 3,Redeveloped,Class 1,Vacant,18 NORTH BRIDGE,EH1 1TR,5018
325897.5678,673741.091800001,ladies clothes,Pitlochry Knitwear,Class 1,Class 1,Class 1,Class 1,26 NORTH BRIDGE,EH1 1QG,5019
325901.0751,673727.9395,hairdresser, ,Class 1,Class 1,Class 1,Class 9, , ,5020
325899.3214,673734.9541,bank,Clydesdale Bank,Class 2,Class 2,Class 2,Class 2,30 NORTH BRIDGE,EH1 1QG,5021
325902.5365,673721.8017,shoes,Schuh,Class 1,Class 1,Class 1,Class 1,32 NORTH BRIDGE,EH1 1QG,5022
325904.5824,673715.079399999,general clothing,Fran Fashions,Class 1,Class 1,Class 1,Class 1,36 NORTH BRIDGE,EH1 1QG,5023
325907.8768,673703.9519,jeweller,Herbert Samuel,Class 1,Class 1,Class 1,Class 1,40 NORTH BRIDGE,EH1 1QN,5024
325909.9227,673695.183700001,shoes,Saxone,Class 1,Class 1, , , , ,5025
325913.1378,673686.123199999,restaurant, ,Class 3,Class 3, , , , ,5026
325915.476,673677.0627,general clothing,Leatherland,Class 1,Class 1,Class 1,Class 1,52 NORTH BRIDGE,EH1 1QN,5027
325893.7682,673711.5721,general clothing, ,Class 1,Class 1,Class 3,Class 3,7-9 NORTH BRIDG, ,5028
325888.5073,673709.5262,general clothing & shoes, ,Class 1,UNKNOWN USE,Class 3,Class 3, , ,5029
325885.2923,673705.142100001,general clothing, ,Class 1,Class 1, , , , ,5030
325890.0,673695.772600001,general clothing, ,Class 1,Class 1,Class 1,Class 1,8-10 NORTH BRID,EH1 1QL,5031
324925.4135,674064.1525,hot food take-away,Munchaway Sandwich Bar,SUI GENERIS,Class 1,Class 1,Class 1,67 CASTLE STREE,EH2 3LJ,5032
324916.9119,673951.522,public house,Champagne Charlie's,SUI GENERIS,SUI GENERIS,SUI GENERIS,SUI GENERIS,34A CASTLE STRE,EH2 3BN,5033
324892.695,674044.237400001,restaurant,Cosmo,Class 3,Class 3,Class 3,Class 3,58A CASTLE STRE,EH2 3LU,5034
324729.5865,673998.739,estate agent,Paul Gebal & Co.,Class 2,Class 1,Class 1,Class 1,5(GF) CHARLOTTE,EH2 4HR,5035
326182.602,676429.5759, , ,Class 2,Class 1, , , , ,5036
326160.1307,676484.2985,butcher & poulterer, ,Class 1,Class 1,Vacant,Vacant,19A FORT STREET,EH6 4HB,5037
326157.2041,676489.2513,lic. grocer, ,Class 1,Class 1,Class 1,Class 1,"23 FORT STREET,",EH6 4HB,5038
326014.0523,676761.3246,supermarket,Scotmid,Class 1,Class 1,Class 1,Class 4,49-49(A) FORT S,EH6 4HJ,5039
326033.1518,676844.6231,vacant, ,Vacant,Class 9, , , , ,5040
326035.1779,676852.727700001,hairdresser, ,Class 1,Class 1,Class 1,Class 1,"61 FORT STREET,",EH6 4HJ,5041
326052.7436,676832.419,builder & plasterer, ,Class 4,Class 9, , , , ,5042
326054.0944,676838.947699999,shoe repairs, ,Class 1,Class 9, , , , ,5043
326055.6703,676847.727700001,betting shop, ,Class 2,Class 2,Vacant,Vacant,"70 FORT STREET,",EH6 4HL,5044
326058.5969,676855.607100001,public house, ,SUI GENERIS,SUI GENERIS,SUI GENERIS,SUI GENERIS,"72 FORT STREET,",EH6 4HL,5045
326464.2774,676628.403100001,grocer, ,Class 1,Class 1,Class 1,Class 1,39-41 NORTH JUN,EH6 6HR,5046
326459.9789,676653.0733,public house, ,SUI GENERIS,SUI GENERIS,SUI GENERIS,SUI GENERIS,43-47 NORTH JUN,EH6 6HS,5047
326456.5025,676666.3036,post office, ,Class 1,Class 1,Vacant,Class 9, , ,5048
326530.0733,676463.994899999,bank, ,Class 2,Class 2,Class 2,Class 1,2 NORTH JUNCTIO,EH6 6HN,5049
326527.5969,676473.9005,pest control services, ,Class 4,Class 2, , , , ,5050
326526.4713,676478.6282,vacant, ,Vacant,Class 1,Class 1,Class 1,12 NORTH JUNCTI,EH6 6HN,5051
326524.5236,676486.947699999,trade (unknown), ,Class 4,Class 9, , , , ,5052
326523.398,676493.2513,painter & decorator, ,Class 4,Class 9, , , , ,5053
326516.3246,676523.246200001,n/t/c, ,Class 1,Class 1,Vacant,Vacant,22 NORTH JUNCTI,EH6 6HN,5054
326515.4241,676527.2985,vacant, ,Vacant,Vacant,Vacant,Class 9, , ,5055
326514.7487,676530.9005,snack bar, ,Class 1,Class 1, , , , ,5056
326513.8482,676535.403100001,vacant, ,Vacant,Vacant, , , , ,5057
326507.7487,676557.921599999,public house, ,SUI GENERIS,SUI GENERIS,SUI GENERIS,SUI GENERIS,32 NORTH JUNCTI,EH6 6HP,5058
326505.9477,676564.6754,hot food take-away, ,SUI GENERIS,SUI GENERIS,SUI GENERIS,SUI GENERIS,36-38 NORTH JUN,EH6 6HP,5059
326478.0944,676682.670299999,vacant, ,Vacant,Class 9, , , , ,5060
325637.5558,674260.567500001,menswear,Cunningham,Class 1,Class 1,Class 3,Class 3,15 ST. ANDREW S,EH2 1HJ,5061
325635.7036,674266.099300001,sports equipment,Robertson,Class 1,Class 1,Class 1,Class 1,17 ST. ANDREW S,EH2 1HJ,5062
325634.8119,674268.892999999,hot food t/a, ,SUI GENERIS,Class 1, , , , ,5063
325646.3952,674232.8936,public house, ,SUI GENERIS,SUI GENERIS, , , , ,5064
325636.4511,674263.374199999,hairdresser,Kenneth Kim,Class 1,Class 1,Class 1,Class 1,16(1F2) ST. AND,EH2 1HJ,5065
313728.9181,670720.532099999,butcher,Pegg,Class 1,Class 1,Class 1,Class 9, , ,5066
313733.0819,670710.1228,grocer, ,Class 1,Class 1,Class 1,Class 1,62 NORTH STREET,EH28 8RR,5067
313737.2456,670699.713500001,chemist,P. Brewster,Class 1,Class 1,Class 1,Class 1,64 NORTH STREET,EH28 8RR,5068
313747.6548,670691.3861,hairdresser,Duncan,Class 1,Class 4, ,Class 4,68 NORTH STREET,EH28 8RR,5069
324821.3357,674456.111199999,off license, ,Class 1,Class 1,Class 1,Class 1,1 NORTH WEST CI,EH3 6ST,5070
324812.8392,674458.432700001,womens' clothing, ,Class 1,Class 1,Class 2,Class 2,3 NORTH WEST CI,EH3 6ST,5071
324808.8109,674459.6076,antiques, ,Class 1,Class 1,Class 1,Class 1,4 NORTH WEST CI,EH3 6ST,5072
324802.7564,674461.579299999,antiques, ,Class 1,Class 1,Class 1,Class 1,5 NORTH WEST CI,EH3 6ST,5073
324797.5531,674463.4256,soft furnishings, ,Class 1,Class 1,Class 2,Class 2,6 NORTH WEST CI,EH3 6ST,5074
324773.3924,674471.418500001,bank, ,Class 2,Class 2,Class 2,Class 2,11-12 NORTH WES,EH3 6SX,5075
324766.5106,674473.432700001,bank, ,Class 2,Vacant, , , , ,5076
324751.364,674478.761299999,ladies' clothing, ,Class 1,Class 1, , , , ,5077
324749.0142,674479.600500001,photographic studio, ,Class 2,Class 2,Class 1,Class 1,18 NORTH WEST C,EH3 6SX,5078
324744.4823,674481.111199999,"china, fancy goods", ,Class 1,Class 1,Vacant,Class 1,20 NORTH WEST C,EH3 6SX,5079
324740.4539,674482.2861,hairdresser, ,Class 1,Class 2,Class 2, ,22 NORTH WEST C,EH3 6SX,5080
324732.461,674484.460999999,general 2nd hand goods, ,Class 1,Class 2,Class 1,Class 1,23-24 NORTH WES,EH3 6SX,5081
324684.3144,674482.0142,"grocer, n/t/c", ,Class 1,Class 1,Class 1,Class 1,25 NORTH WEST C,EH3 6TP,5082
324693.6926,674475.524800001,books, ,Class 1,Class 1,Class 1,Class 1,26 NORTH WEST C,EH3 6TP,5083
324700.9929,674471.539000001,books, ,Class 1,Class 2, , , , ,5084
324705.0213,674469.8605,sports goods, ,Class 1,Class 2, , , , ,5085
324709.1678,674468.357000001,off license, ,Class 1,Class 1,Class 1,Class 1,30 NORTH WEST C,EH3 6TP,5086
324712.8605,674467.5177,hot food take-away, ,SUI GENERIS,SUI GENERIS,SUI GENERIS,SUI GENERIS,31 NORTH WEST C,EH3 6TP,5087
324719.3428,674465.9858,confectionery & tobacco, ,Class 1,Class 11,Class 11,Class 1,32 NORTH WEST C,EH3 6TP,5088
324741.0071,674453.6856,soft furnishings, ,Class 1,Class 1,Class 1, , , ,5089
324748.5602,674451.5035,post office, ,Class 1,Class 1,Class 1, , , ,5090
328891.5002,674155.1305,diy materials, ,Class 1,Class 1,Class 1,Class 1,88 NORTHFIELD B,EH8 7RU,5091
328889.6307,674160.695800001,electrical goods, ,Class 1,Class 1,Class 1,Class 1,90 NORTHFIELD B,EH8 7RU,5092
328887.522,674166.695800001,hot food t/a, ,SUI GENERIS,SUI GENERIS,SUI GENERIS,SUI GENERIS,92 NORTHFIELD B,EH8 7RU,5093
328886.0004,674171.8913,hot food t/a, ,SUI GENERIS,SUI GENERIS,SUI GENERIS,SUI GENERIS,94 NORTHFIELD B,EH8 7RU,5094
328885.0436,674176.478800001,vacant, ,Vacant,SUI GENERIS, , , , ,5095
327427.5898,667301.753799999,public house, ,SUI GENERIS,SUI GENERIS,Vacant,Class 9, , ,5096
328858.2824,670282.767200001,service station, ,SUI GENERIS,SUI GENERIS,Class 1,Class 1,211 OLD DALKEIT,EH16 4SU,5097
325821,673563,restaurant,Le Sept,Class 3,Class 3,Vacant,Class 3,7 OLD FISHMARKE,EH1 1RW,5098
312128.7992,672607.207,bank, ,Class 2,Class 2,Class 2,Class 2,30 OLD LISTON R,EH28 8SS,5099
319948.7086,672930.373199999,t.v. rental, ,Class 1,Class 1,SUI GENERIS,SUI GENERIS,1 ORMISTON TERR,EH12 7SJ,5100
319943.3417,672931.3794,travel agency, ,Class 1,Class 1,Class 1,Class 1,4 ORMISTON TERR,EH12 7SJ,5101
319937.392,672932.031400001,optician, ,Class 1,Class 1,Class 1,Class 1,5 ORMISTON TERR,EH12 7SJ,5102
319933.0314,672932.696,photographic equipment, ,Class 1,Class 1,Class 1,Class 1,6 ORMISTON TERR,EH12 7SJ,5103
319929.3417,672933.031400001,n/t/c, ,Class 1,Class 1,Class 1,Class 1,8 ORMISTON TERR,EH12 7SJ,5104
319925.9874,672933.702299999,t.v. & video sales, ,Class 1,Class 1,Class 1,Class 1,9-10 ORMISTON T,EH12 7SJ,5105
319917.0063,672935.044,dry cleaners / photo developing, ,Class 1,Class 1,Class 1,Class 1,12 ORMISTON TER,EH12 7SJ,5106
323928.6595,672933.202099999,second hand furniture, ,Class 1,Class 9,residential,residential, , ,5107
323930.7979,672930.5319,ladies clothes, ,Class 1,Vacant,Vacant,Class 9,5 ORWELL PLACE,EH11 2AD,5108
323998,672839,n/t/c, ,Class 1,Class 1, , , , ,5109
323908.2552,672918.127599999,second hand clothes, ,Class 1,Class 1, , , , ,5110
323859.4574,672875.9147,snacks, ,Class 1,Class 9, , , , ,5111
323605.0983,668702.398700001,public house,Good Companions,SUI GENERIS,SUI GENERIS,SUI GENERIS,SUI GENERIS,2 OXGANGS BANK,EH13 9JT,5112
323656,668752,n/t/c, ,Class 1,Class 1, , , , ,5113
323666.5298,668753.264900001,wool/ladies clothes, ,Class 1,Class 1,Class 1,Vacant,3 OXGANGS BROAD,EH13 9LQ,5114
323672.3244,668754.0,bakers, ,Class 1,Class 1,Class 1,Vacant,4 OXGANGS BROAD,EH13 9LQ,5115
323677.2649,668754.9405,betting shop, ,Class 2,Class 2,Class 1,Class 1,4A OXGANGS BROA,EH13 9LQ,5116
323682.5298,668755.735099999,greengrocer, ,Class 1,Class 1,Class 1,Vacant,5 OXGANGS BROAD,EH13 9LQ,5117
323687.4642,668756.410700001,video film hire, ,Class 1,Class 1, , , , ,5118
323693.5298,668757.205399999,chemist, ,Class 1,Class 1, , , , ,5119
323698.3244,668758.0,post office, ,Class 1,Class 1,Class 1,Class 1,8 OXGANGS BROAD,EH13 9LQ,5120
323692.7946,668738.8542,greeting cards, ,Class 1,Class 1, , , , ,5121
323684.0268,668737.589299999,grocer, ,Class 1,Class 1, , , , ,5122
323679.6816,668737.119100001,butcher, ,Class 1,Class 1,SUI GENERIS, , , ,5123
323692.7946,668735.410700001,solicitors, ,Class 2,Class 1,Class 1,Class 1,18 OXGANGS BROA,EH13 9LQ,5124
323589,669296,n/t/c, ,Class 1,Class 1,Vacant,Vacant,17(2)-19 OXGANG,EH13 9HJ,5125
323588,669301,hairdresser, ,Class 1,Class 1,Class 1,Vacant,21 OXGANGS CRES,EH13 9HJ,5126
323587,669307,butcher, ,Class 1,Vacant,Vacant,Vacant,23 OXGANGS CRES,EH13 9HJ,5127
323587,669311,baker, ,Class 1,Class 1,Class 4,Vacant,25 OXGANGS CRES,EH13 9HJ,5128
323587,669317,vacant, ,Vacant,Class 1,Vacant,Vacant,27 OXGANGS CRES,EH13 9HJ,5129
323586,669328,vacant, ,Vacant,Class 1, ,Class 1,29-33 OXGANGS C,EH13 9HJ,5130
323602,669334,greengrocer, ,Class 1,Vacant,Class 2,Vacant,35 OXGANGS CRES,EH13 9HJ,5131
323764,668358,public house,Hunter's Tryst,SUI GENERIS,Class 3,SUI GENERIS,SUI GENERIS,97(05) OXGANGS,EH13 9NG,5132
322640.8244,669757.6183,service station, ,SUI GENERIS,SUI GENERIS,Class 1,Class 9, , ,5133
323288.9405,669099.860200001,supermarket,Scotmid,Class 1,Class 1,Class 1,Class 1,230 OXGANGS ROA,EH13 9BQ,5134
323295.5625,669076.815400001,hot food take-away, ,SUI GENERIS,SUI GENERIS,SUI GENERIS,SUI GENERIS,232 OXGANGS ROA,EH13 9BQ,5135
323299.2709,669064.630799999,hot food take-away, ,SUI GENERIS,SUI GENERIS,SUI GENERIS,SUI GENERIS,234 OXGANGS ROA,EH13 9BQ,5136
324212.1759,673361.5145,bank, ,Class 2,Vacant,Class 3,Class 3,1 PALMERSTON PL,EH12 5AF,5137
325074.5002,672856.5021,vacant, ,Vacant,UNKNOWN USE,Class 1,Class 4,3 PANMURE PLACE,EH3 9HP,5138
319633.2388,674849.830600001,n/t/c /po, ,Class 1,Class 1,Class 1,Class 1,17 PARKGROVE ST,EH4 7NT,5139
319634.5944,674844.6611,hairdresser, ,Class 1,Class 1,Class 1,Class 1,19 PARKGROVE ST,EH4 7NT,5140
319635.9166,674837.489,butcher, ,Class 1,Class 1,Vacant,Class 9, , ,5141
319636.7638,674832.913899999,baker, ,Class 1,Class 1,Class 1,Class 9, , ,5142
319637.6111,674828.0,hardware, ,Class 1,Class 1,Vacant,Class 1,27 PARKGROVE ST,EH4 7NT,5143
319638.6278,674823.2555,grocer (lic), ,Class 1,Class 1,Class 1,Class 1,29 PARKGROVE ST,EH4 7NT,5144
319639.6444,674817.8806,chemist, ,Class 1,Class 1,Class 1,Class 1,31 PARKGROVE ST,EH4 7NT,5145
319640.8306,674812.966600001,shoe repairs, ,Class 1,Vacant,Vacant,Vacant,33 PARKGROVE ST,EH4 7NT,5146
320310.8553,670847.942500001,public house, ,SUI GENERIS,SUI GENERIS,SUI GENERIS,SUI GENERIS,(2) PARKHEAD GA,EH11 4AH,5147
320312.7106,670843.912799999,hot food t/a, ,SUI GENERIS,SUI GENERIS,SUI GENERIS,SUI GENERIS,6 PARKHEAD GARD,EH11 4SQ,5148
320313.6382,670841.593699999,betting shop, ,Class 2,Class 2,Class 2,Class 2,6A PARKHEAD GAR,EH11 4SQ,5149
320315.102,670837.7532,video film hire, ,Class 1,Class 1,Class 1,Class 1,8 PARKHEAD GARD,EH11 4SQ,5150
328038.8595,674177.327199999,butcher, ,Class 1,Class 1,Class 1,Vacant,4/5 PARSONS GRE,EH8 7AN,5151
328045.1312,674173.950099999,tiling shop, ,Class 4,Class 1,Class 1,Class 1,7 PARSONS GREEN,EH8 7AN,5152
328048.4473,674167.709799999,frozen foods, ,Class 1,Class 1, , , , ,5153
328073.1201,674168.3124,solicitors, ,Class 2,Class 2,Class 2,Class 1,14 PARSONS GREE,EH8 7AG,5154
328077.9445,674167.186699999,shoe repairs, ,Class 1,Class 9, , , , ,5155
328082.2865,674166.221799999,post office, ,Class 1,Class 1,Class 1,Class 1,16 PARSONS GREE,EH8 7AG,5156
328144.658,674153.2015,launderette, ,Class 1,SUI GENERIS,SUI GENERIS,SUI GENERIS,25 PARSONS GREE,EH8 7AF,5157
328152.5379,674152.397399999,solicitors, ,Class 2,Class 4,SUI GENERIS,SUI GENERIS,28 PARSONS GREE,EH8 7AF,5158
328159.9797,674151.5934,kitchens, ,Class 1,Class 1,Class 1,Vacant,29-31 PARSONS G,EH8 7AF,5159
328165.1257,674151.1109,hot food t/a, ,SUI GENERIS,SUI GENERIS,Class 4,Class 4,33 PARSONS GREE,EH8 7AF,5160
328170.4325,674150.467700001,dry cleaners, ,Class 1,Class 1,Vacant,Class 1,34 PARSONS GREE,EH8 7AF,5161
328175.7486,674149.844699999,hairdresser, ,Class 1,Class 1,Class 1,Class 1,35 PARSONS GREE,EH8 7AF,5162
328181.5379,674149.0407,ladies clothes, ,Class 1,Class 1, , , , ,5163
328762.5572,671872.4453,public house, ,SUI GENERIS,SUI GENERIS,SUI GENERIS,SUI GENERIS,1 PEFFER STREET,EH16 4BA,5164
328756.7791,671938.5559,vacant, ,Vacant,Vacant, , , , ,5165
328470.6516,671630.0,toys,Jolly Giant,Class 1,Class 1, , , , ,5166
327827.0531,671482.920299999,grocer, ,Class 1,Redeveloped,SUI GENERIS,SUI GENERIS,36 PEFFERMILL R,EH16 5LL,5167
327859.9867,671520.2259,public house, ,SUI GENERIS,SUI GENERIS, , , , ,5168
321897.1581,676086.0868,grocer (lic), ,Class 1,Class 1, , , , ,5169
321881.3163,676082.2093,hot food t/a, ,SUI GENERIS,SUI GENERIS,SUI GENERIS,Vacant,9 PENNYWELL COU,EH4 4TZ,5170
321864.8597,676078.770500001,betting shop, ,Class 2,Class 2,Class 4,Class 2,11 PENNYWELL CO,EH4 4TZ,5171
321889.6659,676103.755100001,post office, ,Class 1,Class 1,Class 1,Vacant,2 PENNYWELL COU,EH4 4TZ,5172
321884.1225,676102.4923,gifts, ,Class 1,Class 1, , , , ,5173
321878.0892,676101.229499999,video film hire, ,Class 1,Class 1, , , , ,5174
321872.9643,676100.089199999,solicitors, ,Class 2,Class 4, ,Class 2,(17) PENNYWELL,EH4 4TZ,5175
321867.3852,676098.808599999,drugs unit, ,Class 4,Class 2,Class 2,Class 2,10 PENNYWELL CO,EH4 4TZ,5176
321861.9822,676097.4055,hairdresser, ,Class 1,Class 1, , , , ,5177
321856.0892,676096.0024,n/t/c, ,Class 1,Class 1, , , , ,5178
321713,676167,service station, ,SUI GENERIS,Demolished, , , , ,5179
322005,675916,grocer (lic), ,Class 1,SUI GENERIS, , , , ,5180
321937.5256,676034.5077,solicitors, ,Class 2,Class 1,Class 1,Class 1,41A PENNYWELL R,EH4 4QR,5181
321930.8727,676049.5077,supermarket,William Low,Class 1,Class 1, , , , ,5182
321926.4542,676064.0535,butcher, ,Class 1,Vacant, , , , ,5183
321925.3317,676068.459000001,bakers, ,Class 1,Class 1,Class 1,Class 1,45A PENNYWELL R,EH4 4QR,5184
328835.2396,674211.152799999,launderette, ,Class 1,Class 1,Class 2,Class 2,175 PIERSFIELD,EH8 7BR,5185
328841.2174,674212.6744,signmaker, ,Class 4,Class 1,Class 1,Class 1,177 PIERSFIELD,EH8 7BR,5186
328804,674062,supermarket,Safeway,Class 1,Redeveloped, , , , ,5187
330428.6777,673933.998400001,fancy goods, ,Class 1,Class 1,Class 1,Class 1,125 PORTOBELLO,EH15 1AF,5188
330433.0049,673928.838,estate agent, ,Class 2,Class 1, , , , ,5189
330437.4992,673923.6777,grocer, ,Class 1,Class 1, , , , ,5190
330440.6711,673920.1719,leather goods, ,Class 1,Class 1,Class 1,Class 2,131 PORTOBELLO,EH15 1AF,5191
330443.676,673916.8331,travel agent, ,Class 1,Class 1,Class 1,Class 1,135 PORTOBELLO,EH15 1AQ,5192
328837.0825,674167.703,freezer centre,Lowfreeze,Class 1,Class 1,Class 1,Class 1,40-42 PIERSFIEL,EH8 7BJ,5193
328393.653,674142.282,hot food t/a, ,SUI GENERIS,SUI GENERIS,SUI GENERIS,SUI GENERIS,1 PIERSHILL PLA,EH8 7EH,5194
328403.1087,674142.716700001,hairdresser, ,Class 1,Vacant,Class 2,Class 2,3 PIERSHILL PLA,EH8 7EH,5195
328432.7176,674144.3475,public house, ,SUI GENERIS,SUI GENERIS,Vacant,Vacant,5 PIERSHILL PLA,EH8 7EH,5196
328445.5434,674143.9991,public house, ,SUI GENERIS,SUI GENERIS,SUI GENERIS,SUI GENERIS,7 PIERSHILL PLA,EH8 7EH,5197
328461.6966,674144.455700001,vacant, ,Vacant,Class 4,Class 2,Class 2,9 PIERSHILL PLA,EH8 7EH,5198
328468.2178,674144.6731,hairdresser, ,Class 1,Vacant,SUI GENERIS,SUI GENERIS,11 PIERSHILL PL,EH8 7EH,5199
328398.4352,674142.607999999,roof repairs, ,Class 4,Vacant,SUI GENERIS,SUI GENERIS,2 PIERSHILL PLA,EH8 7EH,5200
328412.9782,674143.3466,carpets, ,Class 1,Class 4,Class 1,Vacant,4 PIERSHILL PLA,EH8 7EH,5201
328455.6739,674144.1951,video film hire, ,Class 1,SUI GENERIS,SUI GENERIS,SUI GENERIS,8A PIERSHILL PL,EH8 7EH,5202
328474.8477,674144.5644,n/t/c, ,Class 1,Class 1, , , , ,5203
315800,666900,grocer,Holmes,Class 1, , , , , ,5204
321921.1225,676085.8573,greengrocer, ,Class 1,Class 1,Vacant,Class 2,47A PENNYWELL R,EH4 4QR,5205
321905.6634,676106.5612,off licence, ,Class 1,Class 1,Class 1,UNKNOWN USE,49 PENNYWELL RO,EH4 4TY,5206
321904.1379,676112.2806,shoes, ,Class 1,Vacant,Class 1, , , ,5207
321901.5588,676124.5791,ladies/childrens clothes, ,Class 1,Vacant,Class 2, , , ,5208
321900.296,676130.331700001,frozen food,Capital,Class 1,Class 1,Class 1,Class 1,53A PENNYWELL R,EH4 4TY,5209
321895.9108,676138.9822,n/t/c, ,Class 1,Class 1,Class 1,Class 1,55 PENNYWELL RO,EH4 4TY,5210
321894.3674,676145.8573,chemist, ,Class 1,Class 1,Class 1,Class 1,55A-57 PENNYWEL,EH4 4TY,5211
321892.6302,676153.0,butcher, ,Class 1,Class 1,Class 1,Class 1,57A PENNYWELL R,EH4 4TY,5212
321891.9108,676157.5612,hot food take-away, ,SUI GENERIS,SUI GENERIS,SUI GENERIS,SUI GENERIS,59 PENNYWELL RO,EH4 4TY,5213
321890.9679,676162.4945,solicitors, ,Class 2,Vacant, , , , ,5214
321889.9501,676166.9154,fishmongers, ,Class 1,Class 1,Vacant,Class 3,61 PENNYWELL RO,EH4 4TY,5215
321884.7788,676178.2454,public house, ,SUI GENERIS,SUI GENERIS,SUI GENERIS,SUI GENERIS,63 PENNYWELL RO,EH4 4TY,5216
322161,675707,launderette, ,Class 1,Class 9, , , , ,5217
324303.0256,670107.343499999,service station, ,SUI GENERIS,SUI GENERIS, , , , ,5218
318036.2689,667720.039000001,n/t/c,F.M. Malik,Class 1,Class 1,SUI GENERIS,SUI GENERIS,1 PENTLAND VIEW,EH14 5NP,5219
318025.4614,667713.3079,freezer foods,Capital,Class 1,Class 1,Class 1,Class 1,3 PENTLAND VIEW,EH14 5NP,5220
318004.7311,667726.1162,supermarket,Scotmid,Class 1,Class 1,Class 1,Class 1,7 PENTLAND VIEW,EH14 5NP,5221
317996.772,667764.066400001,hairdresser,Anderson,Class 1,SUI GENERIS,SUI GENERIS,SUI GENERIS,9 PENTLAND VIEW,EH14 5NP,5222
318031.2307,667716.769300001,chemist,Red Band,Class 1,Class 1,Class 1,Class 1,2 PENTLAND VIEW,EH14 5NP,5223
318015.1934,667707.770199999,public house, ,SUI GENERIS,SUI GENERIS,SUI GENERIS,SUI GENERIS,4-5 PENTLAND VI,EH14 5NP,5224
318010.9618,667714.1544,bakers,Martins / City Bakeries,Class 1,Class 1,Class 1,Vacant,6 PENTLAND VIEW,EH14 5NP,5225
317991.4659,667760.952,hot food t/a, ,SUI GENERIS,SUI GENERIS,Class 1,SUI GENERIS,8 PENTLAND VIEW,EH14 5NP,5226
325938.8319,674398.3653,public house,Abercraig Lounge,SUI GENERIS,Vacant,SUI GENERIS,SUI GENERIS,2 PICARDY PLACE,EH1 3JT,5227
325947.6232,674400.8695,solicitors & estate agents,J.G. Gray,Class 2,Class 2,Class 2,Class 2,2A PICARDY PLAC,EH1 3JT,5228
325963.571,674407.8465,bank,Bank of Scotland,Class 2,Class 2,Class 2,Class 2,6 PICARDY PLACE,EH1 3JT,5229
325973.5856,674410.817299999,furniture & carpets,Reid Furniture,Class 1,Class 1,Class 1,Vacant,8(GF) PICARDY P,EH1 3JT,5230
325508,677060,cafe, ,Class 3,Class 3,Class 3,Class 3,3 PIER PLACE,EH6 4LP,5231
328681.3947,674178.635199999,building society, ,Class 2,Class 2,Class 2,Class 2,113 PIERSFIELD,EH8 7BS,5232
328686.5399,674179.442299999,design office, ,Class 4,Class 4,Class 4,Class 4,117 PIERSFIELD,EH8 7BS,5233
328695.0743,674180.736099999,n/t/c, ,Class 1,Class 1,Class 1,Class 1,119 PIERSFIELD,EH8 7BS,5234
328700.3204,674181.543199999,betting shop, ,Class 2,Class 2,Class 1,Class 1,123 PIERSFIELD,EH8 7BS,5235
328807.4797,674204.2619,supermarket,Scotmid,Class 1,Class 1, , , , ,5236
328847.3038,674214.087300001,chemist, ,Class 1,Class 1,Class 1,Class 1,173 PIERSFIELD,EH8 7BR,5237
326849.7226,675996.9789,hairdresser, ,Class 1,Class 1,Class 1,Class 1,3 PIRRIE STREET,EH6 5HY,5238
326096.467,676246.6209,vacant, ,Vacant,Class 9, , , , ,5239
325965.4777,676184.309900001,contract cleaning, ,Class 4,Class 4,Class 4,Class 4,2 PITT STREET,EH6 4BU,5240
326105.445,676215.912,trade (unknown), ,Class 4,Class 9, , , , ,5241
326271,676262,public house, ,SUI GENERIS,SUI GENERIS,Class 4, , , ,5242
326271.7536,673292.0459,wholesale, ,Class 2,Class 2,Class 2,Class 2,61 PLEASANCE,EH8 9TQ,5243
326272.3382,673287.077299999,vacant, ,Vacant,Vacant,Class 3,Vacant,65 PLEASANCE,EH8 9TG,5244
326292.3841,673190.507300001,n/t/c, ,Class 1,Vacant, , , , ,5245
326299.8768,673044.292300001,motorcycles, ,SUI GENERIS,Class 9, , , , ,5246
326317.1691,673009.0,vacant, ,Vacant,Class 1,Vacant,Vacant,193 PLEASANCE,EH8 9RU,5247
326321.5845,673002.5845,office, ,Class 4,Class 9, , , , ,5248
326323.0459,672999.661800001,vacant, ,Vacant,Vacant, ,Vacant,201 PLEASANCE,EH8 9RU,5249
326325.1691,672988.215,vacant, ,Vacant,Class 1,Class 1,Class 2,203 PLEASANCE,EH8 9RU,5250
326327.5073,672983.5386,meeting room, ,Class 4,Vacant,Class 4,Class 4,207 PLEASANCE,EH8 9RU,5251
326361.1232,672982.5386,vacant, ,Vacant,SUI GENERIS,SUI GENERIS,SUI GENERIS,192 PLEASANCE,EH8 9RT,5252
324003.9287,672344.2678,electrical contractor, ,Class 4,Class 1,Class 1,Class 1,29 POLWARTH CRE,EH11 1HR,5253
323991.9892,672389.607000001,n/t/c, ,Class 1,Class 1, , , , ,5254
324105.7106,672304.6393,antiques, ,Class 1,Class 1,Class 1,Vacant,2 POLWARTH CRES,EH11 1HW,5255
324101.6285,672301.9179,hairdresser, ,Class 1,Class 1,Class 1,Class 1,4 POLWARTH CRES,EH11 1HW,5256
324094.6178,672297.814300001,estate agents, ,Class 2,Class 2,Class 2,Vacant,6 POLWARTH CRES,EH11 1HW,5257
324090.0821,672295.092900001,grocer,Mace,Class 1,Class 1,Class 1,Class 1,8 POLWARTH CRES,EH11 1HW,5258
324085.0929,672294.185699999,vacant, ,Vacant,Vacant,Vacant,Vacant, , ,5259
324080.5572,672295.092900001,fishmonger, ,Class 1,Class 1,Vacant,Class 2,12A POLWARTH CR,EH11 1HW,5260
324075.1144,672298.2678,vacant, ,Vacant,Class 3,Class 3,Class 3,14 POLWARTH CRE,EH11 1HW,5261
324026.7322,672369.7214,lothian fire protection, ,Class 2,Vacant,Class 4,Class 4,36 POLWARTH CRE,EH11 1HN,5262
324027.1857,672364.2786,photographer, ,Class 2,Vacant, , , , ,5263
324009.393,672404.257099999,motor cycles, ,SUI GENERIS,Vacant, ,Class 1,42 POLWARTH CRE,EH11 1HL,5264
324014.2786,672394.568,motor cycle accessories, ,Class 1,Class 4, ,Vacant,46-50(BF) POLWA,EH11 1HL,5265
324017.4536,672388.218,pest control services, ,Class 4,Class 4, ,Class 4,46-50(GF) POLWA,EH11 1HL,5266
324065.8143,672268.814300001,bank, ,Class 2,Class 2,Class 1,Class 1,1 POLWARTH GARD,EH11 1JS,5267
324062.2463,672263.3715,post office, ,Class 1,Class 1,Class 2,Class 2, , ,5268
324054.5357,672258.8358,glazier, ,Class 4,Class 1,Class 1,Vacant,7 POLWARTH GARD,EH11 1JS,5269
323799.0606,672116.0821,grocer (lic), ,Class 1,Class 1, , , , ,5270
323790.8964,672111.546399999,hairdresser, ,Class 1,Class 1, , , , ,5271
324117.2786,672286.246300001,grocers, ,Class 1,Class 1,Vacant,Class 1,2 POLWARTH GARD,EH11 1LW,5272
324113.1965,672283.524900001,chemist, ,Class 1,Vacant,Class 4,Class 4,4 POLWARTH GARD,EH11 1LW,5273
324109.1144,672280.8035,butcher, ,Class 1,Class 1,Class 1,Class 1,6 POLWARTH GARD,EH11 1LW,5274
324104.5787,672277.6285,hot food take-away, ,SUI GENERIS,SUI GENERIS,SUI GENERIS,SUI GENERIS,8 POLWARTH GARD,EH11 1LW,5275
324102.0929,672274.3499,greengrocer, ,Class 1,Class 1,Class 1, , , ,5276
324099.3715,672267.546399999,n/t/c, ,Class 1,Class 1,Class 1, , , ,5277
324098.4643,672263.9179,grocer, ,Class 1,Class 1,Class 3,Class 3,16 POLWARTH GAR,EH11 1LW,5278
324097.5572,672259.8358,launderette, ,Class 1,Class 1,Class 1,Class 1,20 POLWARTH GAR,EH11 1LW,5279
324755.504,672976.2487,second hand goods, ,Class 1,Class 4,Demolished, , , ,5280
324769.0105,672953.4945,baker, ,Class 1,Class 11, ,Class 2,5 PONTON STREET,EH3 9QQ,5281
312207.9754,678692.5184,sailing accessories,Production Yachts,Class 1,Class 1, , , , ,5282
312268.371,678638.901699999,restaurant   (no file), ,Class 3,Class 3, , , , ,5283
326446.5708,676705.983999999,vacant, ,Vacant,Vacant,Vacant,Vacant,1B-3 PORTLAND P,EH6 6LA,5284
326443.8533,676714.3246,vacant, ,Vacant,Vacant,Vacant, , , ,5285
326441.5548,676722.4241,grocer, ,Class 1,Class 1,Class 1,Class 1,6 PORTLAND PLAC,EH6 6LA,5286
326439.9789,676727.602,vacant, ,Vacant,Class 1,Class 3,Class 3,8 PORTLAND PLAC,EH6 6LA,5287
326436.2041,676735.0995,vacant, ,Vacant,Class 2,Class 2,Class 1,10 PORTLAND PLA,EH6 6LA,5288
326434.8533,676738.476399999,vacant, ,Vacant,Vacant,Class 1,Vacant,12 PORTLAND PLA,EH6 6LA,5289
326433.5025,676741.8533,vacant, ,Vacant,Class 1,Class 1,Class 1,13 PORTLAND PLA,EH6 6LA,5290
326430.2041,676745.602,hot food t/a, ,SUI GENERIS,SUI GENERIS,SUI GENERIS,SUI GENERIS,14 PORTLAND PLA,EH6 6LA,5291
326426.602,676747.6282,n/t/c, ,Class 1,Class 1,Class 2,Class 1,15 PORTLAND PLA,EH6 6LA,5292
326421.7277,676750.1779,public house, ,SUI GENERIS,SUI GENERIS,SUI GENERIS,SUI GENERIS,17 PORTLAND PLA,EH6 6LA,5293
326414.2302,676753.801000001,licensed grocer, ,Class 1,Class 1,Class 1,Class 1,18 PORTLAND PLA,EH6 6LA,5294
326408.8272,676755.827199999,betting shop, ,Class 2,Class 2,Class 2,Class 2,20 PORTLAND PLA,EH6 6LA,5295
326397.78,676759.884500001,hot food take-away, ,SUI GENERIS,SUI GENERIS,SUI GENERIS,Vacant,21 PORTLAND PLA,EH6 6LA,5296
326390.2774,676763.6282,hairdresser, ,Class 1,SUI GENERIS,SUI GENERIS,Vacant,23 PORTLAND PLA,EH6 6LA,5297
330415.8265,674005.8347,fancy goods, ,Class 1,Class 1,Class 1,Class 1,100 PORTOBELLO,EH15 1AL,5298
330417.9967,674003.6645,hot food t/a, ,SUI GENERIS,SUI GENERIS,SUI GENERIS,SUI GENERIS,102 PORTOBELLO,EH15 1AL,5299
330422.4975,673998.327299999,sunbed sale, ,Class 1,Class 1,Class 1,Class 1,104 PORTOBELLO,EH15 1AL,5300
330429.8281,673990.157,hot food t/a, ,SUI GENERIS,SUI GENERIS,SUI GENERIS,SUI GENERIS,108 PORTOBELLO,EH15 1AL,5301
330432.3322,673987.486,grocer (lic), ,Class 1,Class 1, , , , ,5302
330437.6579,673981.659499999,butcher, ,Class 1,Class 1, , , , ,5303
330456.4909,673960.6579,freezer centre (capital), ,Class 1,Class 1,Class 1,Class 1,120-122 PORTOBE,EH15 1AH,5304
330462.6546,673954.323999999,public house, ,SUI GENERIS,SUI GENERIS,SUI GENERIS,Class 2,124 PORTOBELLO,EH15 1AH,5305
330488.9868,673925.662799999,baker, ,Class 1,Class 1,Class 1,Class 1,126 PORTOBELLO,EH15 1AH,5306
330468.9901,673947.662799999,electrical repairs, ,Class 1,Class 1,SUI GENERIS,SUI GENERIS,128 PORTOBELLO,EH15 1AH,5307
330472.6628,673943.4893,n/t/c, ,Class 1,Class 1,Class 1,Class 1,132 PORTOBELLO,EH15 1AH,5308
330483.9868,673931.6579,wine merchant, ,Class 1,Class 1,Class 1,Class 2,134 PORTOBELLO,EH15 1AH,5309
330479.157,673937.1603,greengrocer, ,Class 1,Class 1,Class 1,Class 1,134A PORTOBELLO,EH15 1AH,5310
330486.324,673929.1537,bank, ,Class 2,Class 2,Class 2,Class 2,134C PORTOBELLO,EH15 1AJ,5311
330490.9901,673923.3256,baker, ,Class 1,Class 1,Class 1,Class 1,136 PORTOBELLO,EH15 1AH,5312
330492.6595,673921.656199999,stationery, ,Class 1,Class 1, , , , ,5313
330495.481,673918.666099999,wine merchant, ,Class 1,Class 1,Vacant,Class 1,140 PORTOBELLO,EH15 1AH,5314
330497.9852,673915.6612,n/t/c, ,Class 1,Class 1,Class 1,Class 1,144 PORTOBELLO,EH15 1AH,5315
330500.3223,673913.157,fishmonger, ,Class 1,Class 1,Class 1,Class 1,146 PORTOBELLO,EH15 1AH,5316
330504.8248,673908.3355,children's clothing, ,Class 1,Class 1,Class 1,Class 1,150 PORTOBELLO,EH15 1AH,5317
326387.1256,676765.429199999,public house, ,SUI GENERIS,SUI GENERIS,SUI GENERIS,Vacant,24 PORTLAND PLA,EH6 6LA,5318
326367.5447,676739.1307,vacant, ,Vacant,Class 9, , , , ,5319
326338.3857,676696.4177,vacant, ,Vacant,Vacant, , , , ,5320
326334.7911,676691.516000001,timber store, ,Class 2,Vacant,Vacant,Vacant,25 PORTLAND STR,EH6 4BB,5321
326331.1965,676686.941,vacant, ,Vacant,Vacant, , , , ,5322
330241.4867,674159.5471,plumbing & heating contractor, ,Class 4,Class 1,Class 1,Class 1,25 PORTOBELLO H,EH15 1DE,5323
330245.3545,674155.679300001,pets, ,Class 1,Class 4,Vacant,Class 1,27 PORTOBELLO H,EH15 1DE,5324
330355.1686,674042.1686,vacant, ,Vacant,Class 3,Class 3,Vacant,79 PORTOBELLO H,EH15 1AW,5325
330357.3388,674039.6645,vacant, ,Vacant,Class 9, , , , ,5326
330359.5091,674037.6612,vacant, ,Vacant,Class 9, , , , ,5327
330363.5058,674032.6777,public house, ,SUI GENERIS,SUI GENERIS,SUI GENERIS,SUI GENERIS,87 PORTOBELLO H,EH15 1AW,5328
330369.0115,674025.193299999,video film hire, ,Class 1,Class 1,Class 1,Class 2,91 PORTOBELLO H,EH15 1AW,5329
330373.519,674020.018100001,vacant, ,Vacant,Class 2,Class 4,Class 1,95 PORTOBELLO H,EH15 1AW,5330
330387.6645,674005.838,vacant, ,Vacant,Class 9, , , , ,5331
330390.6694,674002.1653,confectioner, ,Class 1,Class 1,Class 1,Class 1,99 PORTOBELLO H,EH15 1AR,5332
330394.3421,673998.3256,vacant, ,Vacant,Class 1,Vacant,Class 1,103 PORTOBELLO,EH15 1AR,5333
330051,674320,electricity showroom, ,Class 1,Class 1,Vacant,Class 1,113 PORTOBELLO,EH15 1AR,5334
330398.6694,673979.998400001,locks & securities, ,Class 1,Class 4,Vacant,Class 1,115 PORTOBELLO,EH15 1AR,5335
330402.5008,673976.0033,dry cleaner, ,Class 1,Class 1,Class 1,Class 1,117 PORTOBELLO,EH15 1AR,5336
330407.5239,673970.796800001,gas appliances, ,Class 1,Class 4,Class 1,Class 1,119 PORTOBELLO,EH15 1AR,5337
330424.6711,673938.3388,solicitor & estate agent, ,Class 2,Class 1,Class 1,Vacant,121 PORTOBELLO,EH15 1AF,5338
330480.676,673875.995100001,bank, ,Class 2,Class 2, , , , ,5339
330517.242,673860.579700001,public house, ,SUI GENERIS,SUI GENERIS,SUI GENERIS,SUI GENERIS,163 PORTOBELLO,EH15 1EU,5340
330521.3351,673857.2446,hot food t/a, ,SUI GENERIS,SUI GENERIS,Vacant,Vacant,165 PORTOBELLO,EH15 1EU,5341
330524.7287,673854.0319,ladies' & children's clothing, ,Class 1,Vacant, , , , ,5342
330532.3962,673846.6675,hairdresser, ,Class 1,Class 1, , , , ,5343
330536.0345,673843.7872,veterinary surgery, ,Class 2,Class 2,Class 2,Class 2, , ,5344
330544.1861,673838.0612,bank, ,Class 2,Class 2,Class 2,Class 2,177 PORTOBELLO,EH15 1EU,5345
330552.3669,673832.0956,public house, ,SUI GENERIS,SUI GENERIS,SUI GENERIS,SUI GENERIS,187 PORTOBELLO,EH15 1EU,5346
330556.4548,673829.6116,citizens advice bureau, ,Class 2,Class 2,Class 2,Vacant,191-193 PORTOBE,EH15 1EU,5347
330561.758,673826.218,bank, ,Class 2,Class 2, , , , ,5348
330576.3988,673818.2206,restaurant, ,Class 3,Class 3,Class 1,Class 1,201 PORTOBELLO,EH15 1EU,5349
330587.6994,673812.941400001,vacant, ,Vacant,Class 2, , , , ,5350
330601.3351,673807.6994,solicitor & estate agent, ,Class 2,Class 4,Class 1,Class 1,209(A) PORTOBEL,EH15 1EU,5351
330606.1724,673806.2368,grocer, ,Class 1,Class 1,Class 1,Class 1,211(A) PORTOBEL,EH15 1EU,5352
330621.093,673800.608999999,shoes, ,Class 1,Class 1,Class 1,Class 1,215-217 PORTOBE,EH15 1EU,5353
330624.8829,673799.093,n/t/c, ,Class 1,Class 1,Class 1,Class 1,219 PORTOBELLO,EH15 1EU,5354
330681.5797,673774.8829,public house, ,SUI GENERIS,SUI GENERIS,SUI GENERIS,SUI GENERIS,227 PORTOBELLO,EH15 2AN,5355
330698.5159,673768.122300001,jeweller, ,Class 1,Class 1,Class 1,Class 1,237 PORTOBELLO,EH15 2AN,5356
330703.0638,673766.303200001,betting shop, ,Class 2,Vacant,Class 4,Vacant,239 PORTOBELLO,EH15 2AN,5357
330709.8191,673763.5426,public house, ,SUI GENERIS,SUI GENERIS,SUI GENERIS,Vacant,241-243 PORTOBE,EH15 2AW,5358
330715.9096,673760.6994,vacant, ,Vacant,SUI GENERIS,Class 4,Vacant,247 PORTOBELLO,EH15 2AW,5359
330719.6968,673758.973300001,vacant, ,Vacant,Class 3,SUI GENERIS,Vacant,249 PORTOBELLO,EH15 2AW,5360
330723.1835,673757.4574,vacant, ,Vacant,Class 1,Class 1,Class 1,251 PORTOBELLO,EH15 2AW,5361
330818.6357,673707.816500001,vacant, ,Vacant,SUI GENERIS, , , , ,5362
330271.668,674158.916999999,joiner, ,Class 4,Class 4, ,Vacant,26-28 PORTOBELL,EH15 1DD,5363
330276.1547,674154.8945,vacant, ,Vacant,Vacant,Class 2,Class 2,32 PORTOBELLO H,EH15 1DD,5364
330280.7961,674150.8719,vacant, ,Vacant,Class 4,Class 2,Vacant,34 PORTOBELLO H,EH15 1DD,5365
330298.5464,674135.9508,public house, ,SUI GENERIS,SUI GENERIS,SUI GENERIS,SUI GENERIS,40 PORTOBELLO H,EH15 1DA,5366
330308.3852,674126.730900001,vacant,(former Scotmid),Vacant,Vacant, , ,44 PORTOBELLO H,EH15 1DA,5367
330317.2555,674117.035499999,furniture (2nd hand), ,Class 1,Class 1, , ,46 PORTOBELLO H,EH15 1DA,5368
330321.444,674112.4344,fishing tackle, ,Class 1,Class 1,Class 1,Class 1,48 PORTOBELLO H,EH15 1DA,5369
330325.0943,674108.3715,political office,East Edinburgh Labour party,Class 4,Class 1,Class 1,Class 1,52-54 PORTOBELL,EH15 1DA,5370
330329.22,674103.8333,building contractor, ,Class 4,Vacant,Class 2,Class 4,56 PORTOBELLO H,EH15 1DA,5371
330333.5519,674099.295,bathroom furniture, ,Class 1,Vacant,Class 1,Class 1,60 PORTOBELLO H,EH15 1DA,5372
330350,674088,launderette, ,Class 1,Class 1,Class 1,Vacant,62 PORTOBELLO H,EH15 1AN,5373
330350.2555,674078.556,electrical goods, ,Class 1,Class 1,SUI GENERIS,SUI GENERIS,64 PORTOBELLO H,EH15 1AN,5374
330352.5246,674075.874299999,n/t/c, ,Class 1,Class 1,Vacant,Class 3,66 PORTOBELLO H,EH15 1AN,5375
330357.0806,674070.874299999,ladies clothing, ,Class 1,Vacant,Class 1,Class 1,72 PORTOBELLO H,EH15 1AN,5376
330364.9827,674062.610200001,vacant, ,Vacant,Class 1,Class 9, , , ,5377
330372.1229,674053.751700001,bingo shop, ,Class 11,Class 11,Class 11,Vacant, , ,5378
330378.2317,674047.642899999,cafe, ,Class 3,Vacant,Class 3,Class 3,78 PORTOBELLO H,EH15 1AN,5379
330380.8836,674044.784700001,hot food t/a, ,SUI GENERIS,SUI GENERIS,SUI GENERIS,SUI GENERIS,80 PORTOBELLO H,EH15 1AN,5380
330385.2903,674039.628599999,butcher, ,Class 1,Class 2,Class 2,Vacant,84 PORTOBELLO H,EH15 1AN,5381
330388.7309,674035.7937,public house, ,SUI GENERIS,SUI GENERIS,SUI GENERIS,SUI GENERIS,88 PORTOBELLO H,EH15 1AN,5382
330394.4522,674029.7872,vacant, ,Vacant,Class 1,Vacant,Class 1,90 PORTOBELLO H,EH15 1AN,5383
330397.3325,674026.603800001,ladies clothing, ,Class 1,Class 1,Class 1,Vacant,94 PORTOBELLO H,EH15 1AN,5384
330400.8191,674022.5107,jeweller, ,Class 1,Class 1,Class 2,Class 1,96 PORTOBELLO H,EH15 1AN,5385
330405.0638,674018.266100001,hairdresser, ,Class 1,Class 1,Class 2,Vacant,98 PORTOBELLO H,EH15 1AN,5386
330507.162,673905.497500001,baker, ,Class 1,Class 1,Class 1,Class 2,152-154 PORTOBE,EH15 1AH,5387
330511.8083,673900.8314,building society, ,Class 2,Class 2,Class 2,Class 2,158 PORTOBELLO,EH15 1AH,5388
327136.6295,676289.2082,joiner, ,Class 4,Vacant, , , , ,5389
327143.3705,676286.259099999,architect, ,Class 4,Class 1, , , , ,5390
327173.0,676242.3705,insurance office, ,Class 4,Class 2, , , , ,5391
327176.3705,676239.842599999,insurance office, ,Class 4,Class 2, , , , ,5392
327180.5835,676236.8935,grocer, ,Class 1,Class 2, , , , ,5393
327191.7918,676228.842599999,hardware, ,Class 1,SUI GENERIS,Class 3,Vacant,40-42 QUEEN CHA,EH6 6AT,5394
327213,676222,public house, ,SUI GENERIS,SUI GENERIS,SUI GENERIS,SUI GENERIS,44 QUEEN CHARLO,EH6 7EX,5395
327238,676214,hot food t/a, ,SUI GENERIS,SUI GENERIS,SUI GENERIS,SUI GENERIS,52 QUEEN CHARLO,EH6 7EX,5396
327238,676214,leith community workshop, ,Class 4,Class 2,Class 2,Class 2,56 QUEEN CHARLO,EH6 7EX,5397
325513.3703,674238.743100001,travel agent,A.T. Mays,Class 1,Vacant, , , , ,5398
325326,674185,restaurant, ,Class 3,Class 3,Class 1,Class 1,16A QUEEN STREE,EH2 1JE,5399
325276.044,674174.020400001,computers,City Business Computers,Class 1,Class 2, , , , ,5400
325113.6745,674129.020400001,antiques,Herrald,Class 1,Vacant,Class 2,Class 2,38 QUEEN STREET,EH2 1JX,5401
325077,674111,household textiles, ,Class 1,Class 1,Class 1,Class 1,39 QUEEN STREET,EH2 3NH,5402
325077,674111,electrical goods,Edin. Shaver Centre,Class 1,Class 1,Class 1,SUI GENERIS,39A QUEEN STREE,EH2 3NH,5403
324982.8915,674090.434,hairdresser,Paterson,Class 1,Vacant, , , , ,5404
324922.8271,674073.389900001,bank,Royal Bank of Scot.,Class 2,Class 3,Class 3,Class 3,59 QUEEN STREET,EH2 3NS,5405
324888.956,674064.193399999,kitchen furniture,Magnet,Class 1,Class 1,Class 1,Class 1,60 QUEEN STREET,EH2 4NA,5406
324874.5424,674058.389900001,print shop,Rondes Duplicating Agency,Class 4,Class 4,Class 4,Class 4,61A QUEEN STREE,EH2 4NA,5407
324866.783,674056.172900001,clothing,Stewart Christie & Co. Ltd.,Class 1,Class 1,Class 1,Class 1,63-63A QUEEN ST,EH2 4NA,5408
324742.1525,674021.911900001,n/t/c,Doughty,Class 1,Class 1,Class 1,Class 1,78(GF) QUEEN ST,EH2 4NF,5409
324737.7186,674018.5865, , ,UNKNOWN USE,Class 1,Class 1,Class 1,78A QUEEN STREE,EH2 4NF,5410
330515.648,673896.8248,butcher, ,Class 1,Vacant,Class 1,Class 1,160 PORTOBELLO,EH15 1AH,5411
330519.4876,673892.985200001,bank, ,Class 2,Class 1,Class 1,Class 1,162 PORTOBELLO,EH15 1AH,5412
325333.0435,673878.324999999,building society,Leamington,Class 2,Class 1, , , , ,5413
325327.4748,673876.806299999,womenswear,British Shoe Corp.,Class 1,Class 1,Class 1,Class 1,81 PRINCES STRE,EH2 2ER,5414
325321.9062,673875.4563,shoes,Lilley & Skinner,Class 1,Class 1,Class 1,Class 1,81A-82 PRINCES,EH2 2ER,5415
325316.5062,673873.9376,bank,Royal Bank of Scot.,Class 2,Class 4, , , , ,5416
325310.9875,673872.4374,children's clothes,Mothercare,Class 1,Class 1,Class 1,Class 1,84-84A PRINCES,EH2 2ER,5417
325296.9686,673867.944,shoes,Barratt,Class 1,Class 1,Class 1,Class 1,85 PRINCES STRE,EH2 2ER,5418
325290.2187,673865.919,tv rental,Thorn EMI,Class 1,Class 1, , , , ,5419
325272.6937,673859.056500001,shoes,Trueform,Class 1,Class 1,Class 1,Class 1,87 PRINCES STRE,EH2 2ER,5420
325265.9248,673857.3752,sports equipment,Olympus,Class 1,Class 1,Class 1,Class 1,88 PRINCES STRE,EH2 2ER,5421
325261.3375,673855.944,photographic goods,Elena Mae,Class 1,Class 1,Class 1,Class 1,89 PRINCES STRE,EH2 2ER,5422
325258.9499,673855.181500001,hot food take-away,Highland Fare,SUI GENERIS,Class 1,Vacant,Vacant,90(GF) PRINCES,EH2 2ER,5423
325256.6437,673854.6752,shoes,British Shoe Corp.,Class 1,Class 3,Class 1,Class 1,90A PRINCES STR,EH2 2ER,5424
325250.8623,673853.137700001,food,Littlewoods / Iceland,Class 1,Class 1, , , , ,5425
325243.4374,673850.944,large mixed durable,Littlewoods,Class 1,Class 1,Class 1, ,91-93 PRINCES S,EH2 2ER,5426
325236.1812,673848.750299999,restaurant,Littlewoods,Class 1,Class 3,Class 3, , , ,5427
324573.158,673752.744899999,jeweller, ,Class 1,Class 1,Class 1,Class 1,38 QUEENSFERRY,EH2 4QY,5428
324580.6275,673745.7653,fishmonger, ,Class 1,Class 1,Class 1,Class 1,39 QUEENSFERRY,EH2 4QS,5429
324592.9436,673749.862299999,restaurant, ,Class 3,Class 3, , , , ,5430
324599.061,673732.020300001,charity shop, ,Class 1,Class 1,Vacant,Vacant,40 QUEENSFERRY,EH2 4RA,5431
328359.1163,674449.952,vacant, ,Vacant,Class 4, , , , ,5432
328360.4931,674453.1644,grocer, ,Class 1,Class 4, , , , ,5433
328363.2465,674460.048,private office, ,Class 4,Class 4, , , , ,5434
328330.0822,674611.3287,vacant, ,Vacant,Class 1,Class 4,Class 1,80 RESTALRIG RO,EH7 6JB,5435
328297.1985,674654.376700001,n/t/c, ,Class 1,Class 1,Class 1,Class 1,110 RESTALRIG R,EH7 6JB,5436
328192.6488,674855.648800001,supermarket,Scotmid,Class 1,Class 1,Class 1,Class 1,160-162 RESTALR,EH7 6EH,5437
317967,669658,bank,Royal Bank of Scotland,Class 2,Class 2,Class 2,Class 2,12 RICCARTON,EH14 4AP,5438
322850.1491,672208.266000001,picture framers, ,Class 2,Class 9, , , , ,5439
325377.3257,675011.976199999,betting shop,William Hill,Class 2,Class 2,Class 2,Class 2,1 RODNEY STREET,EH7 4EN,5440
325380.9533,675010.0229,"leather goods, shoe repairs", ,Class 1,Class 1,Class 1,Class 1,5 RODNEY STREET,EH7 4EN,5441
325388.279,675004.953299999,travel agent,Lothian Travel Ltd.,Class 1,Class 1,Class 1,Class 1,7 RODNEY STREET,EH7 4EN,5442
325391.0695,675003.0,sports trophies & engraving, ,Class 1,Class 1,Class 1,Vacant,9 RODNEY STREET,EH7 4EN,5443
325396.3715,674999.0933,joiner, ,Class 4,Class 4, , , , ,5444
330539.1119,673872.845799999,greengrocer, ,Class 1,Class 1, , , , ,5445
330544.3006,673868.5426,chemist, ,Class 1,Class 1, , , , ,5446
330547.8165,673865.452199999,dry cleaner, ,Class 1,Class 1,Class 1,Class 1,172 PORTOBELLO,EH15 1EX,5447
330551.6942,673862.026699999,chemist, ,Class 1,Class 1,Class 1,Class 1,174 PORTOBELLO,EH15 1EX,5448
330556.149,673858.4815,solicitors & estate agents, ,Class 2,Class 2,Class 2,Class 2,176 PORTOBELLO,EH15 1EX,5449
330560.6942,673855.026699999,café, ,Class 3,Class 3,Class 3,Class 3,180 PORTOBELLO,EH15 1EX,5450
330565.3299,673851.5426,betting shop, ,Class 2,Class 2,Class 2,Class 2,182 PORTOBELLO,EH15 1EX,5451
330570.7235,673847.603800001,vacant, ,Vacant,Class 1,Class 1,Class 1,186 PORTOBELLO,EH15 1EX,5452
330574.3617,673845.4815,vacant, ,Vacant,Class 1,Class 1,Class 1,188 PORTOBELLO,EH15 1EX,5453
330580.4841,673842.9681,jeweller, ,Class 1,Class 1,Class 1,Class 1,190 PORTOBELLO,EH15 1EX,5454
330586.2687,673839.696799999,grocer, ,Class 1,Class 1,Class 1,Class 1,194 PORTOBELLO,EH15 1EX,5455
330589.7554,673837.877699999,vacant, ,Vacant,Class 1,Class 1,Class 1,196 PORTOBELLO,EH15 1EX,5456
330597.6038,673834.422900001,insurance, ,Class 4,Class 1,Class 1,Class 1,198 PORTOBELLO,EH15 1EX,5457
330605.0586,673831.149,vacant, ,Vacant,Class 1,Class 1,Class 1,202-204 PORTOBE,EH15 1EX,5458
330609.6064,673829.178300001,vacant, ,Vacant,Class 1,Class 1,Class 1,208 PORTOBELLO,EH15 1EX,5459
330633.2713,673818.9362,records & casettes, ,Class 1,Class 1,Class 1,Class 1,210 PORTOBELLO,EH15 2AU,5460
330636.6649,673817.5426,cafe, ,Class 3,Class 1,Class 1,Class 1,212 PORTOBELLO,EH15 2AU,5461
330641.8113,673815.359099999,personal loans, ,Class 2,Class 2,Vacant,Class 2, , ,5462
330649.3858,673813.205,shoes, ,Class 1,Class 1,Class 1,Class 1,218 PORTOBELLO,EH15 2AU,5463
330653.5081,673811.4496,d.i.y., ,Class 1,Class 1, , , , ,5464
330658.056,673809.933599999,hardware, ,Class 1,Class 1, , , , ,5465
330670.7261,673804.7554,butcher, ,Class 1,Vacant, , , , ,5466
330676.3006,673802.5426,books & magazines (2nd hand), ,Class 1,SUI GENERIS,Class 1,Class 2,230 PORTOBELLO,EH15 2AU,5467
330679.6357,673801.3299,hot food take-away, ,SUI GENERIS,Class 1,SUI GENERIS,SUI GENERIS,230A PORTOBELLO,EH15 2AU,5468
330685.8777,673798.149,t.v. rental, ,Class 1,Class 1,Class 1,Class 1,234 PORTOBELLO,EH15 2AU,5469
330692.4841,673795.9044,grocer (licensed), ,Class 1,Class 1,Class 1,Class 1,236 PORTOBELLO,EH15 2AU,5470
330698.9681,673793.1171,greeting cards, ,Class 1,Class 2,Class 1,Class 1,240 PORTOBELLO,EH15 2AU,5471
330701.6968,673792.056,hairdresser, ,Class 1,Class 1,Class 1,Class 1,240A PORTOBELLO,EH15 2AU,5472
330718.1809,673783.271299999,sports goods, ,Class 1,Vacant,Class 4,Class 4,242 PORTOBELLO,EH15 2AT,5473
330723.4496,673780.997400001,shoe repairs, ,Class 1,Class 1,Class 1,Class 1,244 PORTOBELLO,EH15 2AT,5474
330728.2342,673778.784600001,electrical goods, ,Class 1,Class 1,Class 1,Class 1,248 PORTOBELLO,EH15 2AT,5475
330735.5107,673775.9044,grocer, ,Class 1,Class 1,Class 1,Class 1,250 PORTOBELLO,EH15 2AT,5476
330740.7502,673773.5133,hot food take-away, ,SUI GENERIS,SUI GENERIS,SUI GENERIS,SUI GENERIS,254 PORTOBELLO,EH15 2AT,5477
330748.3299,673770.4815,"plants, gardening equipt.", ,Class 1,Class 1, , , , ,5478
330750.7554,673769.2687,wholesale hardware, ,Class 2,Vacant,Class 4,Class 4,258 PORTOBELLO,EH15 2AT,5479
330758.7261,673765.571900001,grocer (licensed), ,Class 1,Class 1, , , , ,5480
330763.5426,673763.3299,hardware, ,Class 1,Class 1,Vacant, , , ,5481
330772.4841,673759.2687,plumbers, ,Class 4,Class 4, , , , ,5482
330778.8165,673756.4815,café, ,Class 3,Class 3,Class 3,Class 3,272 PORTOBELLO,EH15 2AT,5483
330785.0397,673753.1119,dentist, ,Class 2,Class 2,Class 2,Class 2, , ,5484
330792.7261,673749.3299,ladies clothing, ,Class 1,Vacant,Class 1,Class 1,278 PORTOBELLO,EH15 2AT,5485
330802.8777,673745.1119,vacant, ,Vacant,Class 3,Class 3,Class 3,280-284 PORTOBE,EH15 2AT,5486
330826.0267,673731.813899999,"t.v., video, comput.(2nd hand)", ,Class 1,Class 1,Class 11,Class 11, , ,5487
330834.1783,673727.784600001,ladies clothing, ,Class 1,Class 1,Class 1,Class 1,294 PORTOBELLO,EH15 2AS,5488
330837.0267,673726.5133,fishmonger, ,Class 1,Class 1,Class 4,Class 4,298 PORTOBELLO,EH15 2AS,5489
330842.9388,673723.633099999,charity shop, ,Class 1,Class 1,Class 2, , , ,5490
330851.3032,673719.813899999,vacant, ,Vacant,Class 1,Class 1,Class 1,304 PORTOBELLO,EH15 2AS,5491
330883.3006,673705.3617,n/t/c, ,Class 1,Class 1,Class 1,Class 1,306 PORTOBELLO,EH15 2DA,5492
330892.0586,673701.633099999,butcher, ,Class 1,Class 1,Class 1,Class 1,308(GF) PORTOBE,EH15 2DA,5493
330905.0241,673696.1731,d.i.y., ,Class 1,Class 1,Class 1,Class 2, , ,5494
330923.7554,673687.5107,grocer (licensed), ,Class 1,Class 1,Class 1,Class 1,318 PORTOBELLO,EH15 2DA,5495
330931.4815,673684.1171,electrical contractor, ,Class 4,Class 4,Class 4,Class 4,322 PORTOBELLO,EH15 2DA,5496
330934.3617,673682.601199999,restaurant, ,Class 3,Class 3,Class 3,Class 3,324 PORTOBELLO,EH15 2DA,5497
330939.5452,673679.6942,hairdresser, ,Class 1,Class 1,Class 1,Class 1,328 PORTOBELLO,EH15 2DA,5498
330943.3351,673678.3299,vacant, ,Vacant,Class 1, , , , ,5499
330951.218,673674.539999999,chemist, ,Class 1,Class 1, , , , ,5500
328609.1746,674138.760399999,hot food take-away, ,SUI GENERIS,SUI GENERIS,SUI GENERIS,SUI GENERIS,42 PORTOBELLO R,EH8 7EL,5501
328613.8913,674138.543,optician, ,Class 1,Class 1,Class 1,Class 1,44 PORTOBELLO R,EH8 7EL,5502
328618.5653,674138.5648,public house, ,SUI GENERIS,SUI GENERIS,Class 3,Class 11,46A PORTOBELLO,EH8 7EL,5503
327529.1078,671808.357899999,vacant, ,Vacant,Vacant, , , , ,5504
327534.2495,671809.750499999,2nd hand goods, ,Class 1,Vacant, , , , ,5505
327545.0006,671810.036599999,hairdresser, ,Class 1,Class 1, , , , ,5506
327550.2495,671809.286699999,grocer, ,Class 1,Class 1,Class 1,Class 1,31 PRESTONFIELD,EH16 5EG,5507
327560.1796,671806.6786,hot food t/a, ,SUI GENERIS,SUI GENERIS,SUI GENERIS,SUI GENERIS,33 PRESTONFIELD,EH16 5EG,5508
327564.4644,671804.107799999,vacant, ,Vacant,Vacant, , , , ,5509
326390.0393,676583.574899999,drug prevention office, ,Class 4,Class 2,Class 2,Class 2,53 PRINCE REGEN,EH6 4AR,5510
326447.9528,676645.272299999,security systems, ,Class 2,Vacant, , , , ,5511
325784.1749,674007.100099999,hot food take-away, ,SUI GENERIS,Class 3,Class 1,Class 1,12 PRINCES STRE,EH2 2AN,5512
325777.2,674005.075200001,clothes,Hornes,Class 1,Vacant, , , , ,5513
325770.2251,674003.2752,clothes,Evans,Class 1,Class 1, , , , ,5514
325762.1999,674001.025,records/tapes,Other Record Shop,Class 1,Class 1, , , , ,5515
325754.775,673999.0,womenswear,Principles,Class 1,Class 1,Class 1,Class 1,16/17 PRINCES S,EH2 2AN,5516
325743.9752,673995.625,womenswear,Dorothy Perkins,Class 1,Class 1,Class 1,Class 1,18-19 PRINCES S,EH2 2AN,5517
325732.5999,673992.975199999,shoes,Tandem,Class 1,Class 1,Class 1,Class 1,21-22 PRINCES S,EH2 2AN,5518
325727.55,673991.4001,bureau de change, ,Class 4,Class 3,Class 1,Class 1,23 PRINCES STRE,EH2 2AN,5519
325719.775,673989.425000001,jeweller,Herbert Samuel,Class 1,Class 1,Class 1,Class 1,24 PRINCES STRE,EH2 2AN,5520
325713.1,673987.5001,shoes,Charles of Portugal,Class 1,Class 1,Class 1,Class 1,25 PRINCES STRE,EH2 2AN,5521
325676.7747,673976.4001,clothing,Burton,Class 1,Class 1,Class 1,Class 1,30(01)-31 PRINC,EH2 2BY,5522
325661.475,673972.350099999,restaurant,Burton,Class 3,Class 1, , , , ,5523
325639.9749,673966.350099999,general clothing,C & A,Class 1,Class 1,Vacant,Class 1,33 PRINCES STRE,EH2 2BY,5524
325625.8001,673961.850199999,clothing,Burberry,Class 1,Class 1,Vacant,Class 1,41 PRINCES STRE,EH2 2BY,5525
325606.9499,673957.450099999,jeweller,Shiel,Class 1,Class 1,Class 1,Class 1,42A PRINCES STR,EH2 2BY,5526
325602.225,673956.100099999,womenswear,Grant Seward,Class 1,Class 1,Class 1,Class 1,44 PRINCES STRE,EH2 2BY,5527
325595.675,673954.074999999,clothing,Highland Industries,Class 1,Class 1, , , , ,5528
325589.225,673952.300000001,menswear,Dunn,Class 1,Class 1, , , , ,5529
325538.5249,673994.0999,department store - restaurant,Jenners,Class 3,Class 3,Class 3,Class 3,47-52 PRINCES S,EH2 2DF,5530
325552.9247,673942.125600001,department store - mixed durable goods,Jenners,Class 1,Class 1,Class 1,Class 1,47-52 PRINCES S,EH2 2DF,5531
325534.7,673937.1757,department store - food hall,Jenners,Class 1,Class 1,Class 1,Class 1,47-52 PRINCES S,EH2 2DF,5532
325512.9999,673931.675000001,department store - mixed durable goods,Marks & Spencer,Class 1,Class 1, , , , ,5533
325506.475,673929.65,department store - food hall,Marks & Spencer,Class 1,Class 1, , , , ,5534
325480.5248,673921.8002,toys,Scotch House / Galt,Class 1,Class 1, , , , ,5535
325476.2498,673920.6752,clothing,Scotch House,Class 1,Class 1, , , , ,5536
325467.925,673917.3003,clothing,Romanes & Paterson (Edinburgh Woollen Mill),Class 1,Class 1,Class 1,Class 1,62(01) PRINCES,EH2 2DF,5537
325460.0499,673915.3003,clothing,Razzle Dazzle,Class 1,Class 1,Class 1,Class 1,63 PRINCES STRE,EH2 2DF,5538
325448.2748,673911.750299999,department store - restaurant,British Home Stores (BHS),Class 3,Class 3,Class 3,Class 3,64 PRINCES STRE,EH2 2DJ,5539
325438.15,673908.600299999,department store - mixed durable goods,British Home Stores (BHS),Class 1,Class 1,Class 1,Class 1,64 PRINCES STRE,EH2 2DJ,5540
325422.9499,673902.7751,shoes,Dolcis,Class 1,Class 1,Class 1,Class 1,70 PRINCES STRE,EH2 2DF,5541
325415.7,673900.800100001,jeweller,Ratners,Class 1,Class 1,Class 1,Class 1,72-73 PRINCES S,EH2 2DF,5542
325408.925,673898.925100001,womenswear,Paige,Class 1,Class 1,Class 1,Class 1,74-75 PRINCES S,EH2 2DF,5543
325361.4998,673886.1313,jeweller,Collingwood,Class 1,Class 1,Class 1,Class 1,78 PRINCES STRE,EH2 2ER,5544
325354.4124,673884.1063,shoes,Peter Lord,Class 1,Class 1,Class 1,Class 1,79 PRINCES STRE,EH2 2ER,5545
325347.4938,673882.4188,shoes,Ravel,Class 1,Class 1,Class 1,Class 1,79A PRINCES STR,EH2 2ER,5546
325228.1811,673846.368799999,clothes,Benetton,Class 1,Class 1,Class 1,Class 1,94 PRINCES STRE,EH2 2ER,5547
325221.9374,673845.4125,gifts,Tartan Gift Shop,Class 1,Class 1,Class 1,Class 1,95-96 PRINCES S,EH2 2ER,5548
325204.325,673839.65,"leather goods, luggage",Salisburys,Class 1,Class 1, , , , ,5549
325172.6875,673830.9625,shoes,Manfield,Class 1,Class 1,Class 1,Class 1,99 PRINCES STRE,EH2 3AA,5550
325164.1812,673828.7563,womenswear,Country Casuals,Class 1,Class 1,Class 1,Class 1,99A PRINCES STR,EH2 3AA,5551
325148.7,673823.925100001,books,Bargain Books,Class 1,Class 1,Class 1,Class 1,100A PRINCES ST,EH2 3AA,5552
325133.4249,673819.450300001,mixed durable goods,Boots,Class 1,Class 1,Class 1,Class 1,101-103 PRINCES,EH2 3AA,5553
325115.0435,673814.244000001,children's clothing,Marks & Spencer,Class 1,Class 1,Class 1,Class 1,104-106 PRINCES,EH2 3AA,5554
325108.4624,673812.0503,large mixed durable,Marks & Spencer,Class 1,Class 1, , , , ,5555
325101.5437,673810.0254,shoes & footwear,Russell & Bromley,Class 1,Class 1,Class 1,Class 1,106 PRINCES STR,EH2 3AA,5556
325073.9625,673802.6504,books,John Menzies,Class 1,Class 1, , , , ,5557
325069.9126,673801.3004,n/t/c,John Menzies,Class 1,Class 1, , , , ,5558
325065.5252,673800.119200001,misc. leisure,John Menzies,Class 1,Class 1, , , , ,5559
325058.8558,673797.956499999,jewellers,Collingwood,Class 1,Class 1,Vacant,Class 1,109 PRINCES STR,EH2 3AA,5560
325044.006,673793.7378,department store - mixed durable goods,Debenhams,Class 1,Class 1,Class 1,Class 1,110 PRINCES STR,EH2 3AA,5561
325050.3379,673795.394300001,restaurant,Debenhams,Class 1,Redeveloped,Class 3,Class 3,110 PRINCES STR,EH2 3AA,5562
325037.0874,673791.7128,ladies clothing,Wallis,Class 1,Class 1,Class 1,Class 1,111 PRINCES STR,EH2 3AA,5563
325031.0125,673790.0254,sewing goods,Singer,Class 1,Class 3, , , , ,5564
325023.2936,673787.9625,womenswear,Mothercare,Class 1,Class 1,Class 1,Vacant,113 PRINCES STR,EH2 3AA,5565
325018.5124,673786.556299999,jeweller,Colmour,Class 1,Class 1,Class 1,Class 1,114 PRINCES STR,EH2 3AA,5566
325013.5102,673785.303099999,jeweller,Herbert Samuel,Class 1,Class 1,Class 1,Class 1,115 PRINCES STR,EH2 3AA,5567
325008.8472,673783.8243,confectionery,Thornton,Class 1,Class 1,Class 1,Class 1,116 PRINCES STR,EH2 3AA,5568
325003.2126,673782.3939,shoes,K Shoes,Class 1,Class 1,Class 1,Class 1,117 PRINCES STR,EH2 3AA,5569
324970.2312,673772.9625,hot food t/a,Wimpy,SUI GENERIS,Class 3,Vacant,Class 2,118 PRINCES STR,EH2 4AA,5570
324947.0499,673765.9001,clothing,Jaeger,Class 1,Class 1,Class 1,Class 1,119A PRINCES ST,EH2 4AA,5571
324954.9062,673768.0813,ladies clothing,Next,Class 1,Class 1, , , , ,5572
324950.0125,673766.7314,coffee shop,Next,Class 3,Class 1, , , , ,5573
324940.9311,673763.9001,shoes,Saxone,Class 1,Class 1,Class 1,Class 1,120-120A PRINCE,EH2 4AD,5574
324917.325,673756.8377,restaurant,Farmhouse,Class 3,Vacant,Class 1, ,121A PRINCES ST,EH2 4AD,5575
324922.8937,673758.1877,shoes,British Shoe Corp.,Class 1,Class 1,Class 1, ,122 PRINCES STR,EH2 4AD,5576
324908.8937,673754.281500001,shoes,Allan,Class 1,Class 1,Class 1, ,123 PRINCES STR,EH2 4AD,5577
324889.325,673748.762800001,restaurant,Austin Reed,Class 3,Class 1, , , , ,5578
324894.2187,673749.944,menswear,Austin Reed,Class 1,Class 1,Class 1,Class 1,124 PRINCES STR,EH2 4AD,5579
324898.9436,673751.4627,hairdresser,Ian Cameron,Class 1,SUI GENERIS,Vacant,Demolished,125A PRINCES ST,EH2 4AD,5580
324879.5437,673745.944,household textiles, ,Class 1,Class 1,Class 1,Class 1,126 PRINCES STR,EH2 4AD,5581
324846.7,673736.8441,jeweller,Watches of Switzerland,Class 1,Class 1, , , , ,5582
324865.3375,673741.956499999,womenswear,Barratt,Class 1,Class 3,Class 1,Class 1,128 PRINCES STR,EH2 4AD,5583
324871.5812,673743.643999999,jeweller,Hollins,Class 1,Class 1, , , , ,5584
324851.5936,673738.1941,records,HMV,Class 1,Class 1,Class 1,Class 1,129 PRINCES STR,EH2 4AH,5585
324856.3186,673739.5441,electrical goods,Dixons,Class 1,Class 1, , , , ,5586
324838.2686,673734.431700001,records,Virgin,Class 1,Class 1, , , , ,5587
324831.5437,673732.200200001,womenswear,Skincraft,Class 1,Class 1, , , , ,5588
324823.7,673730.1877,clothes,Murray of Hawick,Class 1,Class 1,Class 1,Class 1,133 PRINCES STR,EH2 4AH,5589
324818.3874,673728.5876,clothing,Skirt 'n Slack,Class 1,Class 1,Class 1,Class 1,134 PRINCES STR,EH2 4AH,5590
324805.5626,673724.368899999,clothes,Florence,Class 1,Class 1,Vacant,Class 1,134A PRINCES ST,EH2 4AH,5591
324809.9501,673725.718900001,sports shop,Army & Navy,Class 1,Class 1, , , , ,5592
324814.0,673727.237600001,clothes,Scottish Worsteds,Class 1,Class 1, , , , ,5593
324771.9875,673718.000399999,clothing,Razzle Dazzle,Class 1,Class 1,Class 1,Class 1,135 PRINCES STR,EH2 4BL,5594
324748.9062,673711.1502,sports equipment,Sports Conscious,Class 1,Class 3,Class 3,Class 3,137 PRINCES STR,EH2 4BL,5595
324737.8937,673707.825200001, , ,UNKNOWN USE,Class 1, , , , ,5596
324741.0125,673709.012499999,travel agent,American Express,Class 1,Class 1,Class 1,Class 1,139(01) PRINCES,EH2 4BL,5597
324726.7193,673705.302100001, , ,UNKNOWN USE,Class 2,Class 1,Class 1,141 PRINCES STR,EH2 4BL,5598
324713.4386,673701.413899999,bank,Royal Bank of Scotland,Class 2,Class 2,Class 2,Class 2,142-144 PRINCES,EH2 4EQ,5599
324684.2135,673693.792099999,restaurant,Frasers,Class 3,Class 3, , , , ,5600
324691.9665,673695.477700001,large mixed durable,Frasers,Class 1,Class 1, , , , ,5601
330630.356,674189.2948,confectioners, ,Class 1,Class 1,Class 1, , , ,5602
330606.0906,674196.353499999,amusement centre, ,Class 11,Class 11, ,Class 11,8(05) PROMENADE,EH15 1HH,5603
330702.7288,674129.8397,amusement centre, ,Class 11,Demolished, , , , ,5604
330708.8512,674124.0264,ice cream kiosk, ,Class 1,Demolished, , , , ,5605
330726.8809,674111.505799999,hot food t/a, ,SUI GENERIS,SUI GENERIS,SUI GENERIS,SUI GENERIS,25-25A PROMENAD,EH15 1HH,5606
330890.8414,673986.209799999,public house, ,SUI GENERIS,Class 9, , , , ,5607
330894.6576,673983.0439,cafe, ,Class 3,Demolished, , , , ,5608
327900.6252,675502.378699999,grocer, ,Class 1,Class 9, , , , ,5609
327898.3327,675497.168299999,hairdresser, ,Class 1,Class 9, , , , ,5610
320564.6191,675404.7118,vidio film hire, ,Class 1,Class 1,Class 1,Class 1,51 QUALITY STRE,EH4 5BX,5611
320564.2381,675409.7698,bicycles, ,Class 1,Class 1,Vacant,Class 1,53 QUALITY STRE,EH4 5BX,5612
320563.4683,675415.0,coffee shop, ,Class 3,Class 3,Class 3,Class 3,55 QUALITY STRE,EH4 5BX,5613
320527,675367,service station, ,SUI GENERIS,SUI GENERIS,Vacant,Class 9, , ,5614
320581.537,675403.8519,greengrocer, ,Class 1,Vacant,Vacant,Vacant,20 QUALITY STRE,EH4 5BU,5615
327103.2639,676302.9443,mariko san, ,Class 4,Vacant, , , , ,5616
327115.2082,676298.050799999,vacant, ,Vacant,Vacant,Vacant,Vacant,5 QUEEN CHARLOT,EH6 6BA,5617
327119.8426,676296.365599999,vacant, ,Vacant,Vacant,Vacant,Vacant,9 QUEEN CHARLOT,EH6 6BA,5618
327124.8935,676294.050799999,joiners, ,Class 4,Class 4,Class 4,Vacant,11 QUEEN CHARLO,EH6 6BA,5619
327128.2639,676292.365599999,hairdresser, ,Class 1,Class 1,Class 1,Class 1,13 QUEEN CHARLO,EH6 6BA,5620
327132,676291,public house, ,SUI GENERIS,SUI GENERIS,SUI GENERIS,Class 9, , ,5621
324727.3695,674011.349099999,restaurant,Aye (Japanese),Class 3,SUI GENERIS,SUI GENERIS,SUI GENERIS,79-80 QUEEN STR,EH2 4NF,5622
327834.9801,674110.429099999,vacant, ,Vacant,Vacant, , , , ,5623
327839.737,674105.874600001,vacant, ,Vacant,Vacant, , , , ,5624
319177.4525,674895.0934,service station, ,SUI GENERIS,SUI GENERIS, , , , ,5625
322373.0568,674451.3883,gifts, ,Class 1,Class 4,Class 4,Class 4,132 QUEENSFERRY,EH4 2BG,5626
322368.5944,674451.8698,ladies clothes, ,Class 1,Class 1,Class 4,Class 4,134 QUEENSFERRY,EH4 2BG,5627
322362.318,674452.656400001,wholesale jewellers, ,Class 2,Class 4,Class 4,Class 4,136 QUEENSFERRY,EH4 2BG,5628
322357.4061,674453.153999999,hairdresser, ,Class 1,Class 1,Class 1,Class 1,138 QUEENSFERRY,EH4 2BG,5629
322264.0629,674468.1171,supermarket - scotmid, ,Class 1,Class 4,Class 4,Class 4,184-186 QUEENSF,EH4 2BW,5630
322252.5857,674469.0,scottish spina bifida assoc., ,Class 4,Class 4,Class 2,Class 4,190 QUEENSFERRY,EH4 2BW,5631
322206.7657,674475.468499999,service station, ,SUI GENERIS,SUI GENERIS,Class 1,Class 1,192 QUEENSFERRY,EH4 2BN,5632
322165.1416,674489.014900001,hoover service shop, ,Class 1,Class 1,Class 1,Class 1,202 QUEENSFERRY,EH4 2BN,5633
322158.5024,674492.834100001,tv/video sales/rental, ,Class 1,Class 1, , , , ,5634
322150.3317,674497.829399999,vacant, ,Vacant,Class 1, , , , ,5635
322097.6409,674537.077199999,estate agents, ,Class 2,Class 1, , , , ,5636
322088.6588,674543.0593,bank, ,Class 2,Class 1, , , , ,5637
324562.5102,673802.7042,restaurant, ,Class 3,Class 3,Class 3,SUI GENERIS, , ,5638
324538.2551,673796.489800001,printshop, ,Class 4,Class 4,Class 4,Vacant,13 RANDOLPH PLA,EH3 7TA,5639
319833.231,674300.7137,public house, ,SUI GENERIS,SUI GENERIS,SUI GENERIS,SUI GENERIS,7 RANNOCH ROAD,EH4 7EG,5640
319826.5336,674325.360099999,betting shop, ,Class 2,Class 2,Class 2,Class 2,(7A) RANNOCH RO,EH4 7EG,5641
319789.7484,674283.5011,supermarket,Scotmid,Class 1,Class 1,Class 1,Class 1,1 RANNOCH TERRA,EH4 7ER,5642
326450.3286,671932.129699999,public house, ,SUI GENERIS,SUI GENERIS,SUI GENERIS,SUI GENERIS,1 RATCLIFFE TER,EH9 1SX,5643
326453.611,671924.740700001,hairdresser, ,Class 1,Class 1,Class 1,Class 1,3 RATCLIFFE TER,EH9 1SX,5644
326456.0923,671919.0835,hot food t/a, ,SUI GENERIS,Vacant,SUI GENERIS,SUI GENERIS,7 RATCLIFFE TER,EH9 1SX,5645
326458.9165,671914.0,builder/slater, ,Class 4,Class 1,Class 2,Class 2,9 RATCLIFFE TER,EH9 1SX,5646
326461.6889,671909.227499999,n/t/c, ,Class 1,Class 1,Class 1,Class 1,13 RATCLIFFE TE,EH9 1SX,5647
326488,671857,vacant, ,Vacant,Vacant, , , , ,5648
326488,671857,betting shop, ,Class 2,Class 2, , , , ,5649
326491.3516,671847.4582,vacant, ,Vacant,Class 2,Class 2,Class 2,43 RATCLIFFE TE,EH9 1SU,5650
326495.9252,671837.204399999,public house, ,SUI GENERIS,SUI GENERIS,SUI GENERIS,SUI GENERIS,45-47 RATCLIFFE,EH9 1SU,5651
326500.2681,671828.9769,office equipment, ,Class 2,Class 2,Class 4,Class 4,51 RATCLIFFE TE,EH9 1SU,5652
326503.6571,671822.4813,sports goods, ,Class 1,Class 1,Class 1,Class 4,55 RATCLIFFE TE,EH9 1SU,5653
326508.4901,671813.259299999,hot food t/a, ,SUI GENERIS,SUI GENERIS,Vacant,Vacant, , ,5654
326511.8791,671805.129699999,vacant, ,Vacant,Vacant,Vacant,Class 9, , ,5655
326517.7637,671794.282400001,hardware, ,Class 1,Vacant,Vacant,Class 4,67 RATCLIFFE TE,EH9 1SU,5656
326464.0,671852.1527,grocer (licensed), ,Class 1,Class 1,Class 1,Class 1,42 RATCLIFFE TE,EH9 1SS,5657
326477.8473,671821.0605,kitchen furniture (+1/5 G.Loan), ,Class 1,Class 3,Class 3,Class 3,44 RATCLIFFE TE,EH9 1ST,5658
326479.8242,671815.9769,electrical goods, ,Class 1,Vacant,Class 1,Class 1,46(GF)-48 RATCL,EH9 1ST,5659
322084.7271,674545.8115,shoes, ,Class 1,Class 1,Class 1,Class 1,238 QUEENSFERRY,EH4 2BP,5660
322080.0089,674549.350099999,bank, ,Class 2,Vacant,Class 2,Class 2,240 QUEENSFERRY,EH4 2BP,5661
322070.9659,674555.640900001,architects, ,Class 4,Class 4,Class 4,Class 4,242 QUEENSFERRY,EH4 2BP,5662
322066.6409,674558.7864,hot food t/a, ,SUI GENERIS,SUI GENERIS,SUI GENERIS,SUI GENERIS,246 QUEENSFERRY,EH4 2BP,5663
322063.1024,674561.5386,gardening things, ,Class 1,Class 1,Class 1,Class 1,248 QUEENSFERRY,EH4 2BP,5664
318674.6588,674975.402100001,service station, ,SUI GENERIS,SUI GENERIS, , , , ,5665
318544.3932,674992.675100001,bank, ,Class 2,Class 2,Class 2,Class 2,564 QUEENSFERRY,EH4 6AT,5666
324618.842,673682.6072,public house, ,SUI GENERIS,SUI GENERIS,SUI GENERIS,SUI GENERIS,1 QUEENSFERRY S,EH2 4PA,5667
324610.7449,673688.331800001,building society, ,Class 2,Class 2,Class 2,Class 2,2 QUEENSFERRY S,EH2 4PA,5668
324603.0767,673694.821599999,off licence, ,Class 1,Class 1,Class 1,Class 1,5 QUEENSFERRY S,EH2 4PA,5669
324597.4695,673699.0767,music,Rae Macintosh,Class 1,Class 1,Class 1,Class 1,6 QUEENSFERRY S,EH2 4PA,5670
324753,674068,music,Rae Mackintosh,Class 1,Class 1,Class 3,Class 3,7-8 QUEENSFERRY,EH2 4PA,5671
324581.4288,673714.2754,travel agent, ,Class 1,Class 1,Class 1,Class 1,10 QUEENSFERRY,EH2 4PG,5672
324577.7042,673717.255100001,restaurant, ,Class 3,Class 3,Class 3,Class 3,10A(1F1) QUEENS,EH2 4PG,5673
324573.9797,673720.6072,n/t/c,John Menzies,Class 1,Class 1,Class 1,Class 1,10B QUEENSFERRY,EH2 4PG,5674
324571.0,673723.214400001,power tools, ,Class 1,Class 1,Class 1,Class 1,11 QUEENSFERRY,EH2 4PG,5675
324567.1941,673726.862299999,bakers, ,Class 1,Class 1,Class 1,Class 1,12 QUEENSFERRY,EH2 4PG,5676
324563.842,673729.4695,opticians, ,Class 1,Class 1,Class 1,Class 1,13 QUEENSFERRY,EH2 4PG,5677
324560.1174,673732.0767,vacant, ,Vacant,Class 1,Class 2,Class 2,14 QUEENSFERRY,EH2 4PG,5678
324541.5665,673749.255100001,jewellers, ,Class 1,Class 1,Class 1,Class 1,15-16 QUEENSFER,EH2 4QW,5679
324537.842,673752.2347,opticians, ,Class 1,Class 3,Class 3,Class 3,17 QUEENSFERRY,EH2 4QW,5680
324533.7449,673755.214400001,gifts/novelties, ,Class 1,Class 1,Class 1,Class 1,17A QUEENSFERRY,EH2 4QW,5681
324527.939,673759.214400001,hot food t/a, ,SUI GENERIS,Class 1,Class 1,Class 1,19 QUEENSFERRY,EH2 4QW,5682
324525.3318,673761.449200001,staff recruitment office, ,Class 4,Class 4,Class 4,Class 4,19A QUEENSFERRY,EH2 4QW,5683
324522.3521,673763.3115,chemist, ,Class 1,Class 1,Class 1,Vacant,20 QUEENSFERRY,EH2 4QW,5684
324518.0767,673766.842,bank, ,Class 2,Class 2,Class 2,Class 2,21-22 QUEENSFER,EH2 4QW,5685
324524.903,673792.744899999,baker, ,Class 1,Vacant,Class 1,Vacant,23 QUEENSFERRY,EH2 4QS,5686
324530.1174,673788.2754,baker, ,Class 1,Class 1,Class 1,Class 1,24 QUEENSFERRY,EH2 4QS,5687
324541.2551,673779.2754,shoe repair, ,Class 1,Class 1,Class 1,Class 1,26 QUEENSFERRY,EH2 4QS,5688
324536.7856,673782.627499999,wool shop, ,Class 1,Class 1,Class 1,Class 1,27 QUEENSFERRY,EH2 4QS,5689
324552.4898,673769.4131,menswear, ,Class 1,Class 1,Vacant,Vacant,28 QUEENSFERRY,EH2 4QS,5690
324546.5305,673774.627499999,speciality tobacconist,Herbert Love,Class 1,Class 1,Class 1,Vacant,31A QUEENSFERRY,EH2 4QS,5691
324561.7653,673762.785599999,bakers, ,Class 1,Class 1,Class 3,Class 3,32 QUEENSFERRY,EH2 4QS,5692
324569.2347,673756.0407,hairdresser, ,Class 1,Class 4, ,Class 2,33(1F) QUEENSFE,EH2 4QS,5693
324566.2551,673759.020300001,travel agent, ,Class 1,Class 1,Class 1,Class 2,34-35 QUEENSFER,EH2 4QS,5694
324596.3364,673738.903000001,supermarket - fine fare, ,Class 1,Class 1, , , , ,5695
324603.2958,673727.3928,butcher, ,Class 1,Class 1,Class 1,Vacant,41 QUEENSFERRY,EH2 4RA,5696
324607.0203,673723.668199999,charity shop, ,Class 1,Class 3,SUI GENERIS,Class 3,42-45 QUEENSFER,EH2 4RA,5697
324583.6275,673694.744899999,public house, ,SUI GENERIS,SUI GENERIS,SUI GENERIS,SUI GENERIS,1 QUEENSFERRY S,EH2 4PF,5698
324531.0561,674632.380100001,coffee shop, ,Class 3,Class 3,Class 3,Class 3,1-3 RAEBURN PLA,EH4 1HU,5699
324527.3801,674637.014,"china, toiletries, fancy goods", ,Class 1,Class 1,Class 1,Class 1,5 RAEBURN PLACE,EH4 1HU,5700
324523.662,674637.858999999,vacant, ,Vacant,Class 1,Class 1,Class 1,7 RAEBURN PLACE,EH4 1HU,5701
324515.507,674639.380100001,grocer (lic), ,Class 1,Class 1,Class 1,Class 1,9A-11 RAEBURN P,EH4 1HU,5702
324505.014,674641.5491,hairdresser, ,Class 1,Class 1,Vacant,Class 1,13-13A RAEBURN,EH4 1HU,5703
324497.352,674642.689999999,hot food t/a, ,SUI GENERIS,SUI GENERIS,SUI GENERIS,SUI GENERIS,17-17A RAEBURN,EH4 1HU,5704
324486.183,674644.084100001,photographic processing, ,Class 1,Class 1,Vacant,Class 1,21 RAEBURN PLAC,EH4 1HU,5705
324480.7181,674644.619200001,confectionery, ,Class 1,Class 1,Class 1,Class 1,23 RAEBURN PLAC,EH4 1HU,5706
324477.845,674645.1262,ladies' clothing, ,Class 1,Class 1,Class 1,Class 1,25 RAEBURN PLAC,EH4 1HU,5707
324470.859,674646.4081,hairdresser, ,Class 1,Class 1,Class 1,Class 1,27A RAEBURN PLA,EH4 1HU,5708
324467.986,674646.915100001,2nd hand books, ,Class 1,Class 1,Class 1,Vacant,27B RAEBURN PLA,EH4 1HU,5709
324462.352,674647.7601,"n/t/c, stationery, cards", ,Class 1,Vacant,Class 2,Class 2,29 RAEBURN PLAC,EH4 1HU,5710
324453.8731,674650.633199999,pet foods & supplies, ,Class 1,Class 1,Class 1,Class 1,31 RAEBURN PLAC,EH4 1HX,5711
324445.352,674652.1262,betting shop, ,Class 2,Class 1,Class 3,Class 3,33 RAEBURN PLAC,EH4 1HX,5712
324435.859,674653.281199999,ladies' clothing, ,Class 1,Vacant,Class 1,Class 1,35A-39 RAEBURN,EH4 1HX,5713
324419.7742,674655.8731,grocer, ,Class 1,Class 1,Class 1,Class 1,43 RAEBURN PLAC,EH4 1HX,5714
324414.8731,674656.7181,jeweller, ,Class 1,Class 1,SUI GENERIS,SUI GENERIS,45 RAEBURN PLAC,EH4 1HX,5715
324409.972,674657.563100001,videotape hire, ,Class 1,Class 1,Class 1,Class 1,49 RAEBURN PLAC,EH4 1HX,5716
324404.7329,674658.577099999,optician, ,Class 1,Class 1,Class 1,Vacant,51 RAEBURN PLAC,EH4 1HX,5717
324400.1698,674659.2531,clothing alterations, ,Class 1,Class 1,SUI GENERIS,SUI GENERIS,53 RAEBURN PLAC,EH4 1HX,5718
324395.7757,674659.929099999,post office, ,Class 1,Class 1,Class 1,Class 1,55 RAEBURN PLAC,EH4 1HX,5719
324391.0436,674660.7742,off licence, ,Class 1,Vacant,Class 1,Class 1,59 RAEBURN PLAC,EH4 1HX,5720
324379.2812,674662.5491,party goods & novelties, ,Class 1,Class 1,Class 1,Class 1,63 RAEBURN PLAC,EH4 1JF,5721
324375.3941,674663.225099999,ornamental goods, ,Class 1,Class 1,Class 1,Class 1,65 RAEBURN PLAC,EH4 1JF,5722
324367.7889,674664.577099999,edinburgh people's theatre, ,Class 4,Class 1, , , , ,5723
324349.5911,674667.5491,"paints, wallpapers", ,Class 1,Class 1,Class 1,Class 4,71-73 RAEBURN P,EH4 1JG,5724
324345.028,674668.563100001,"butcher, poulterer & game dealer",George Bower,Class 1,Class 1,Class 1,Class 1,75 RAEBURN PLAC,EH4 1JG,5725
324340.465,674669.4081,wool, ,Class 1,Class 1,Class 1,Class 1,77 RAEBURN PLAC,EH4 1JG,5726
324552.2111,674652.9439,public house, ,SUI GENERIS,SUI GENERIS,SUI GENERIS,SUI GENERIS,2-6 RAEBURN PLA,EH4 1HN,5727
324545.7889,674655.310000001,public house, ,SUI GENERIS,SUI GENERIS,SUI GENERIS,SUI GENERIS,10 RAEBURN PLAC,EH4 1HN,5728
324538.6908,674657.506999999,travel agent, ,Class 1,Class 1,Class 1,Class 3,12 RAEBURN PLAC,EH4 1HN,5729
324530.5631,674659.563899999,solicitors & estate agents, ,Class 2,Class 2,Class 2,Class 2,16 RAEBURN PLAC,EH4 1HN,5730
324525.493,674660.7469,jeweller, ,Class 1,Class 1,Class 1,Class 1,20 RAEBURN PLAC,EH4 1HN,5731
324519.9159,674661.9299,electrical contractor, ,Class 4,Class 4,Class 1,Class 1,20A RAEBURN PLA,EH4 1HN,5732
324511.8871,674663.2258,vacant, ,Vacant,Class 1,Class 1,Class 1,22 RAEBURN PLAC,EH4 1HN,5733
324508.169,674663.732899999,hot food take-away, ,SUI GENERIS,SUI GENERIS,SUI GENERIS,SUI GENERIS,22A RAEBURN PLA,EH4 1HN,5734
324504.2819,674664.4089,vacant, ,Vacant,Class 1,Class 1,Class 1,26 RAEBURN PLAC,EH4 1HN,5735
324498.831,674665.267899999,hairdresser, ,Class 1,Class 1,Class 1,Class 1,28 RAEBURN PLAC,EH4 1HN,5736
324494.352,674665.7609,artists supplies, ,Class 1,Class 1,Class 1,Class 1,28A RAEBURN PLA,EH4 1HN,5737
324490.803,674666.436899999,"domestic appliances, hardware", ,Class 1,Class 1,Class 1,Class 1,30A RAEBURN PLA,EH4 1HN,5738
324486.662,674667.0989,gifts, ,Class 1,Class 1,Class 1,Class 1,30B RAEBURN PLA,EH4 1HN,5739
324483.0,674667.746099999,ladies' clothing, ,Class 1,Class 1,Class 1,Class 1,30D RAEBURN PLA,EH4 1HN,5740
324470.338,674669.9439,building society, ,Class 2,Class 2,Class 2,Class 1,34A RAEBURN PLA,EH4 1HN,5741
324456.2959,674675.7897,mixed durable goods,Woolworths,Class 1,Class 1,Class 1,Class 1,36-38 RAEBURN P,EH4 1HN,5742
324429.141,674676.3956,greeting cards & stationery, ,Class 1,Class 1,Class 1,Class 1,44(01) RAEBURN,EH4 1HL,5743
324410.366,674679.7048,prams & children's clothing, ,Class 1,Class 1,Class 1,Class 1,48 RAEBURN PLAC,EH4 1HL,5744
324404.1129,674680.718800001,butcher, ,Class 1,Class 1,Class 1,Class 3,52-54 RAEBURN P,EH4 1HL,5745
324394.535,674682.0568,charity shop, ,Class 1,Class 1,Class 1,Class 1,56 RAEBURN PLAC,EH4 1HJ,5746
324390.986,674682.732899999,vacant, ,Vacant,Class 1,Class 1,Class 1,58 RAEBURN PLAC,EH4 1HJ,5747
324387.4369,674683.2399,hardware, ,Class 1,Class 1,Class 1,Class 1,62 RAEBURN PLAC,EH4 1HJ,5748
324380.69,674684.2118,charity shop, ,Class 1,Class 1,Class 1,Class 1,64 RAEBURN PLAC,EH4 1HJ,5749
324375.7889,674685.0568,grocer, ,Class 1,Class 1,Class 1,Class 1,66 RAEBURN PLAC,EH4 1HJ,5750
324369.0561,674686.2258,grocer, ,Class 1,Class 1,Class 1,Class 1,70-72 RAEBURN P,EH4 1HJ,5751
324365.0,674686.901900001,hot food carry-out, ,SUI GENERIS,SUI GENERIS,SUI GENERIS,SUI GENERIS,74 RAEBURN PLAC,EH4 1HJ,5752
324361.1129,674687.5779,jeweller, ,Class 1,Class 1,Class 1,Class 1,78 RAEBURN PLAC,EH4 1HJ,5753
324355.8871,674688.2118,fishmonger, ,Class 1,Class 1,Vacant,Class 1,80 RAEBURN PLAC,EH4 1HH,5754
324351.493,674688.887800001,veterinary surgery, ,Class 2,Class 2,Class 2,Class 2, , ,5755
324347.4369,674689.563899999,greengrocer & florist, ,Class 1,Class 1,Class 1,Class 1,86 RAEBURN PLAC,EH4 1HH,5756
324339.155,674691.070900001,baker, ,Class 1,Class 1,Class 1,Class 1,88-92 RAEBURN P,EH4 1HH,5757
324331.8871,674691.9299,* no nameplate *, ,UNKNOWN USE,Class 1,Class 1,Class 1,94 RAEBURN PLAC,EH4 1HH,5758
324328.845,674692.436899999,coffee shop, ,Class 3,Class 3,Class 3,Class 3,96 RAEBURN PLAC,EH4 1HH,5759
324325.803,674692.774900001,2nd hand goods, ,Class 1,Class 1,Class 1,Class 1,98 RAEBURN PLAC,EH4 1HH,5760
324322.5919,674693.4509,driving school, ,Class 4,Vacant,Class 1,Class 1,100 RAEBURN PLA,EH4 1HH,5761
324316.3388,674694.465,games & toys, ,Class 1,Class 1, , , , ,5762
324298.859,674699.380799999,chemist, ,Class 1,Class 1, , , , ,5763
324295.141,674699.887800001,solicitors & estate agents, ,Class 2,Class 1, , , , ,5764
324290.5731,674700.5635,baker, ,Class 1,Class 1,Class 1,Class 1,106A RAEBURN PL,EH4 1HH,5765
324286.1269,674701.2258,china & ornamental goods, ,Class 1,Class 1,Class 1,Class 1,106B RAEBURN PL,EH4 1HH,5766
324280.207,674701.880999999,confectioner & tobacconist, ,Class 1,Class 3,SUI GENERIS,SUI GENERIS,108 RAEBURN PLA,EH4 1HH,5767
324275.8458,674702.5635,restaurant, ,Class 3,Class 3,Class 3,Class 3,110 RAEBURN PLA,EH4 1HH,5768
324546.6072,673825.903000001,antiques, ,Class 1,Class 1,Class 3,Class 3,9(GF) RANDOLPH,EH3 7TE,5769
326482.0231,671811.731899999,n/t/c, ,Class 1,Class 1,Vacant,Class 1,50-52 RATCLIFFE,EH9 1ST,5770
326483.7176,671807.778000001,insurance assessor,C.A. Wickes & Partners,Class 4,Class 2,Class 2,Class 4,54 RATCLIFFE TE,EH9 1TJ,5771
326485.9769,671803.824200001,hairdresser, ,Class 1,Class 1,Class 2,Class 2,56 RATCLIFFE TE,EH9 1ST,5772
326489.0231,671797.8846,antique furniture, ,Class 1,Class 1,Class 1,Class 1,58 RATCLIFFE TE,EH9 1ST,5773
326491.5648,671792.5187,hot food take-away, ,SUI GENERIS,SUI GENERIS,Class 3,Class 3,62 RATCLIFFE TE,EH9 1ST,5774
326494.1066,671786.5879,baker, ,Class 1,Class 1,Class 1,Class 1,64 RATCLIFFE TE,EH9 1ST,5775
326496.7637,671780.365900001,hairdresser, ,Class 1,Class 1,Class 1,Class 1,66 RATCLIFFE TE,EH9 1ST,5776
326498.4121,671776.259299999,videotape hire, ,Class 1,Class 2,Class 2,Class 2,68 RATCLIFFE TE,EH9 1ST,5777
326500.1066,671772.0231,architect, ,Class 4,Class 1,Class 2,Class 2,72 RATCLIFFE TE,EH9 1ST,5778
326501.5648,671768.221999999,butcher, ,Class 1,Class 1,Class 1,Class 1,74 RATCLIFFE TE,EH9 1ST,5779
326503.4121,671763.1066,chemist, ,Class 1,Class 1,Class 2,Class 2,76 RATCLIFFE TE,EH9 1ST,5780
326505.6714,671759.4352,leather goods, ,Class 1,Class 1,Class 1,Class 1,78 RATCLIFFE TE,EH9 1ST,5781
329070,668324,power tools, ,Class 1,Vacant, , , , ,5782
329323.79,668570.789999999,fancy goods, ,Class 1,Class 1, , , , ,5783
329270,668530,post office, ,Class 1,Class 1,Class 1,Class 1,17 RAVENSCROFT,EH17 8QJ,5784
329224,668522,vacant, ,Vacant,Vacant, , , , ,5785
327711.5645,675797.354800001,n/t/c, ,Class 1,Class 1,Class 1,Class 1,1 RESTALRIG ROA,EH6 8BB,5786
327714.6129,675791.596799999,greengrocer, ,Class 1,Class 1,Vacant,Class 4,3 RESTALRIG ROA,EH6 8BB,5787
327721.1451,675782.0645,public house, ,SUI GENERIS,SUI GENERIS,SUI GENERIS,SUI GENERIS,5-7 RESTALRIG R,EH6 8BB,5788
327725.2097,675775.967700001,butcher, ,Class 1,Class 1,Class 1,Class 4,11-13 RESTALRIG,EH6 8BB,5789
327728.9193,675769.3871,office, ,Class 4,Vacant, , , , ,5790
327731.629,675765.6613,video tape hire, ,Class 1,Class 2,Class 2,Class 2,19 RESTALRIG RO,EH6 8BB,5791
327733.9355,675761.596799999,hairdresser, ,Class 1,Vacant, , , , ,5792
327744.871,675744.3387,vacant, ,Vacant,Class 9, , , , ,5793
327746.9032,675740.2742,post office, ,Class 1,Class 1,Vacant, , , ,5794
327749.2742,675736.5484,hot food t/a, ,SUI GENERIS,SUI GENERIS,SUI GENERIS,SUI GENERIS,29 RESTALRIG RO,EH6 8BB,5795
327752.2258,675731.016100001,vacant, ,Vacant,SUI GENERIS,Class 4,Vacant,31 RESTALRIG RO,EH6 8BD,5796
327755.6129,675724.919299999,grocer, ,Class 1,Vacant, , , , ,5797
327770.7258,675694.016100001,vacant, ,Vacant,Vacant, , , , ,5798
327772.6452,675689.5484,grocer, ,Class 1,Vacant, , , , ,5799
327779.4839,675671.2904,n/t/c, ,Class 1,Class 1,Class 1,Class 1,51 RESTALRIG RO,EH6 8BE,5800
327781.5161,675664.1774,tiles, ,Class 1,Class 4,Class 1,Class 1,53 RESTALRIG RO,EH6 8BE,5801
327794.0484,675631.354800001,children's clothes, ,Class 1,Vacant, , , , ,5802
327795.629,675626.403200001,grocer, ,Class 1,Class 1, , , , ,5803
327895.6233,675491.541099999,launderette, ,Class 1,Vacant,Class 1,Class 1,95 RESTALRIG RO,EH6 7NY,5804
327930.1644,675440.539100001,public house, ,SUI GENERIS,SUI GENERIS,SUI GENERIS,Vacant,107 RESTALRIG R,EH6 7NY,5805
327948,675403,vacant, ,Vacant,Class 1,Vacant, , , ,5806
327956.5391,675391.040100001,hot food t/a, ,SUI GENERIS,SUI GENERIS,SUI GENERIS,SUI GENERIS,135 RESTALRIG R,EH7 6HN,5807
327964.1644,675374.7476,public house, ,SUI GENERIS,SUI GENERIS,SUI GENERIS,SUI GENERIS,137(1) RESTALRI,EH7 6HN,5808
327978.5391,675348.086100001,n/t/c, ,Class 1,Class 1,Class 1,Class 1,139-141 RESTALR,EH7 6HW,5809
327981.4569,675339.957900001,elec.repairs, ,Class 1,Class 1, , , , ,5810
327983.7495,675334.122300001,betting shop, ,Class 2,Class 2, , , , ,5811
327986.4971,675327.877699999,video tape hire, ,Class 1,Class 2, , , , ,5812
327988.3728,675322.667300001,vacant, ,Vacant,Class 1,Class 1,Class 1,151 RESTALRIG R,EH7 6HW,5813
327992.3327,675314.539100001,grocer (lic.), ,Class 1,Class 1,Class 1,Class 1,155-157 RESTALR,EH7 6HW,5814
327995.2505,675307.869899999,baker, ,Class 1,Class 1,Class 1,Vacant,161 RESTALRIG R,EH7 6HW,5815
328001.1644,675293.456900001,post office, ,Class 1,Class 1,Class 1,Vacant,165 RESTALRIG R,EH7 6HW,5816
327685.2903,675794.7903,off license, ,Class 1,Vacant,Class 3,Class 3,2 RESTALRIG ROA,EH6 8BN,5817
328303.7193,674607.787599999,public house, ,SUI GENERIS,SUI GENERIS,SUI GENERIS,SUI GENERIS,79 RESTALRIG RO,EH7 6JD,5818
328278.048,674639.623299999,videotape hire, ,Class 1,Class 1,Class 1,Class 1,91 RESTALRIG RO,EH7 6JD,5819
328274.8356,674642.8356,betting shop, ,Class 2,Class 2,Class 2,Vacant,93 RESTALRIG RO,EH7 6JD,5820
328272.0822,674646.9659,licensed grocer, ,Class 1,Class 1,Class 1,Class 1,97 RESTALRIG RO,EH7 6JD,5821
328335.4093,674417.442299999,licensed grocer, ,Class 1,Class 1,Class 1,Class 1,40 RESTALRIG RO,EH7 6LE,5822
325401.7905,674995.301899999,"electr. goods (2nd hand), tv repairs", ,Class 1,Class 1,Class 1,Class 1,17 RODNEY STREE,EH7 4EN,5823
325404.86,674993.3486,n/t/c, ,Class 1,Class 4,Class 4,Class 1,21 RODNEY STREE,EH7 4EN,5824
325407.9296,674990.837099999,butcher, ,Class 1,Class 1,Class 1,Vacant,23 RODNEY STREE,EH7 4EN,5825
325384.581,675007.7905,greengrocer, ,Class 1,Class 1,Class 1,Class 1,6 RODNEY STREET,EH7 4EA,5826
325418.5819,675026.511399999,optician, ,Class 1,Class 1,Class 1,Class 1,8 RODNEY STREET,EH7 4EA,5827
325419.419,675023.721000001,n/t/c, ,Class 1,Class 1,Class 1,Class 1,10 RODNEY STREE,EH7 4EA,5828
325421.6514,675017.581900001,chemist, ,Class 1,Vacant, , , , ,5829
325424.6514,675008.930500001,solicitor, ,Class 2,Class 1,Class 2,Class 1,18 RODNEY STREE,EH7 4EA,5830
325427.4419,675004.465700001,restaurant, ,Class 3,Class 3,Class 3,Class 3,22 RODNEY STREE,EH7 4EA,5831
325433.1171,675000.2324,hairdresser, ,Class 1,Class 1,Vacant,Class 1,24 RODNEY STREE,EH7 4EA,5832
325436.4657,674997.4419,video film hire, ,Class 1,Class 1,Class 3, , , ,5833
325439.5352,674995.488600001,cycle shop, ,Class 1,Class 1,Class 1, , , ,5834
325458.0704,674983.488600001,grocer, ,Class 1,Class 1,Class 2,Class 2,32 RODNEY STREE,EH7 4DX,5835
325461.6981,674981.256200001,fishmonger, ,Class 1,Class 1,Class 1,Class 1,34 RODNEY STREE,EH7 4DX,5836
325465.3257,674979.3028,hairdresser, ,Class 1,Class 1,Vacant,Vacant,38 RODNEY STREE,EH7 4DX,5837
325468.6743,674977.0704,wool shop, ,Class 1,Class 4,Vacant,Class 1,40 RODNEY STREE,EH7 4DX,5838
325472.0229,674975.1171,charity shop, ,Class 1,Class 1,Class 1,Class 1,42 RODNEY STREE,EH7 4DX,5839
325475.9542,674973.046700001,disco equipment, ,Class 1,Class 1,Class 2,Class 2,44 RODNEY STREE,EH7 4DX,5840
325479.0238,674971.372400001,vacant, ,Vacant,Class 1,Class 1,Vacant,46 RODNEY STREE,EH7 4DX,5841
325482.0933,674969.419,childrens' clothes, ,Class 1,Class 1,Class 1,Class 1,50 RODNEY STREE,EH7 4DX,5842
325485.1629,674967.465700001,butcher, ,Class 1,SUI GENERIS, ,SUI GENERIS,52 RODNEY STREE,EH7 4DX,5843
325489.0695,674964.9542,restaurant/take away, ,Class 3,SUI GENERIS, ,SUI GENERIS,54 RODNEY STREE,EH7 4DX,5844
325501.875,674004.575099999,public house,Abbotsford,SUI GENERIS,SUI GENERIS,SUI GENERIS,SUI GENERIS,3-5 ROSE STREET,EH2 2PR,5845
325393.7412,673972.544199999,public house,Cottar's Howff,SUI GENERIS,SUI GENERIS, , , , ,5846
325388.9088,673971.2971,clothes,Gallo,Class 1,SUI GENERIS, , , , ,5847
325308.575,673948.600099999,public house,37 Bar,SUI GENERIS,SUI GENERIS,SUI GENERIS,SUI GENERIS,37 ROSE STREET,EH2 2NH,5848
325285.8249,673942.300000001,public house,Tankard,SUI GENERIS,SUI GENERIS,SUI GENERIS,SUI GENERIS,49 ROSE STREET,EH2 2NH,5849
325235.0265,673927.3236,public house,Rose Street Brewery,SUI GENERIS,SUI GENERIS,SUI GENERIS,SUI GENERIS,55 ROSE STREET,EH2 2NH,5850
325224.8706,673924.9471,restaurant,Francesco's,Class 3,Class 3,Class 3,Class 3,61-65 ROSE STRE,EH2 2NH,5851
325199.3146,673918.247099999,restaurant,Fortrose Grill,Class 3,Class 1,Class 1,Class 1,71 ROSE STREET,EH2 2NH,5852
325134.7412,673899.8177,hairdresser,His Hair,Class 1,Class 9, , , , ,5853
325132.0912,673899.0383,hairdresser,Headline,Class 1,Class 9, , , , ,5854
325129.4412,673898.2588,"clothing alterations, tailoring",Quickstitch,Class 1,Class 1,Class 1,Class 1,79 ROSE STREET,EH2 3DT,5855
325126.4794,673897.4794,hot food take-away, ,SUI GENERIS,Class 1,Class 1,Class 1,81 ROSE STREET,EH2 3DT,5856
325113.7794,673893.1941,travel agent,Bell Travel,Class 1,Class 1,Class 1,Class 1,85-87 ROSE STRE,EH2 3DT,5857
325106.9882,673891.1559,clothes,Scope,Class 1,Class 1,Class 1,Class 1,89 ROSE STREET,EH2 3DT,5858
325102.0,673889.9088,clothes,Gallo,Class 1,Class 1,Class 1,Class 1,93 ROSE STREET,EH2 3DT,5859
325094.8706,673888.0647,clothes,Scope,Class 1,Class 1,Class 1,Class 1,95 ROSE STREET,EH2 3DT,5860
325090.35,673886.9735,jeweller,Scope,Class 1,Class 1,Class 1,Class 1,99 ROSE STREET,EH2 3DT,5861
325083.5853,673885.0,clothes,Scope,Class 1,Class 1,Class 1,Class 1,101 ROSE STREET,EH2 3DT,5862
325079.3765,673883.9088,clothes,Scope,Class 1,Class 1,Class 1,Class 1,105 ROSE STREET,EH2 3DT,5863
325072.1559,673881.9735,novelties/gifts,Route 66,Class 1,Class 1,Class 1,Class 1,107-109 ROSE ST,EH2 3DT,5864
325066.4823,673880.2206,optician,G.A.I. Motion,Class 1,Class 1,Class 1,Class 1,111 ROSE STREET,EH2 3DT,5865
325061.65,673878.9735,shoes,Scholl,Class 1,Class 1,Class 1,Class 1,115-117 ROSE ST,EH2 3DT,5866
325058.2206,673877.8824,public house,The Pub,SUI GENERIS,SUI GENERIS,SUI GENERIS,SUI GENERIS,119 ROSE STREET,EH2 3DT,5867
325054.9471,673876.9471,crystal / china,Les Cadeaux,Class 1,Class 1,Class 2,Class 2,121 ROSE STREET,EH2 3DT,5868
325049.1795,673875.3883,sports shop,Tiso,Class 1,Class 1, , , , ,5869
325045.1266,673874.453,electrical goods (tvs etc.),Hi Fi Corner,Class 1,Class 1, , , , ,5870
325034.059,673871.4912,travel agent,Bennett's,Class 1,Class 1,Class 1,Class 1,121C ROSE STREE,EH2 3DT,5871
325027.5735,673869.247099999,gifts,Dunedin,Class 1,Class 1,Vacant,Class 1,125 ROSE STREET,EH2 3DT,5872
325018.1294,673866.441199999,hot food t/a, ,SUI GENERIS,Class 1,Class 1,Class 1,127A ROSE STREE,EH2 3DT,5873
324997.7,673860.4794,jeweller,Stolen,Class 1,Class 1,Class 1,Class 1,129 ROSE STREET,EH2 3DT,5874
325004.2471,673862.1941,restaurant, ,Class 3,Class 3,Class 3,Class 3,129(BF) ROSE ST,EH2 3DT,5875
324928.2853,673840.752900001,jeweller,Clelland Brown,Class 1,Class 1,Class 1,Class 1,131 ROSE STREET,EH2 3DT,5876
324915.6264,673837.505899999,grocer,Friel,Class 1,Class 1,Vacant,Vacant,133(01) ROSE ST,EH2 4LS,5877
324910.7941,673836.2588,public house,Gordon Arms,SUI GENERIS,SUI GENERIS,SUI GENERIS,SUI GENERIS,133(05) ROSE ST,EH2 4LS,5878
324905.8059,673834.855900001,clothes, ,Class 1,Class 1,Class 1,Class 1,137 ROSE STREET,EH2 4LS,5879
324852.8588,673819.8177,public house,Elders,SUI GENERIS,SUI GENERIS,SUI GENERIS,SUI GENERIS,159 ROSE STREET,EH2 4LS,5880
324846.4676,673818.103,gifts,Masson,Class 1,Class 1,Class 1,Class 1,161A ROSE STREE,EH2 4LS,5881
324837.7412,673815.532400001,vacant, ,Vacant,Class 3, , , , ,5882
324832.4412,673813.9735,restaurant,Alphorn,Class 3,Class 3,Class 3,Class 3,167 ROSE STREET,EH2 4LS,5883
325397.2034,673958.423699999,betting shop,Ladbrokes,Class 2,Class 2,Class 2,Class 2,40 ROSE STREET,EH2 2QA,5884
325203.1559,673902.6117,public house,Victoria & Albert,SUI GENERIS,SUI GENERIS,SUI GENERIS,SUI GENERIS,100-102 ROSE ST,EH2 2NN,5885
325146.8313,673887.712400001,hot food take-away,Campaniles,SUI GENERIS,SUI GENERIS,SUI GENERIS,SUI GENERIS,106 ROSE STREET,EH2 3JF,5886
325143.4624,673886.762399999,novelties/gifts,Sandpiper,Class 1,Class 1, , , , ,5887
325135.3625,673884.2312,clothes,Shiel,Class 1,Class 1, , , , ,5888
325130.8063,673883.049900001,jewellers,Henderson,Class 1,Class 1,Class 1,Class 1,108B ROSE STREE,EH2 3JF,5889
325116.3911,673878.5853,public house,Precinct Tavern,SUI GENERIS,SUI GENERIS,SUI GENERIS,SUI GENERIS,110-114 ROSE ST,EH2 3JF,5890
325107.6235,673876.0529,clothes,Cruise,Class 1,Class 1,Class 1,Class 1,116A ROSE STREE,EH2 3JF,5891
325103.4147,673874.8059,jeweller,John Whyte,Class 1,Class 1,Class 1,Class 1,116B ROSE STREE,EH2 3JF,5892
325098.1823,673873.300000001,shoes,Bertie,Class 1,Class 1, , , , ,5893
325088.3529,673870.4147,hairdresser,Andre Bernard,Class 1,Class 1, , , , ,5894
325084.6235,673869.300000001,shoes,D.S.C.,Class 1,Class 1,Class 1,Class 1,122-124 ROSE ST,EH2 3JF,5895
325079.4676,673868.0765,clothes,Schuh,Class 1,Class 1,Class 1,Class 1,126-128 ROSE ST,EH2 3JF,5896
325074.1795,673866.338199999,womenswear,J. Dalgetty,Class 1,Class 1,Class 1,Class 1,130 ROSE STREET,EH2 3JD,5897
325069.0354,673864.9353,telecom shop,British Telecom,Class 4,Class 1,Class 1,Vacant,134 ROSE STREET,EH2 3JD,5898
325063.5795,673863.376499999,novelties,Romulus,Class 1,Class 1,Class 1,Class 1,136 ROSE STREET,EH2 3JD,5899
325056.5324,673861.208799999,leather goods,Clanbag,Class 1,Class 1,Class 1,Class 1,138 ROSE STREET,EH2 3JD,5900
325051.0765,673859.65, , ,Class 4,Class 1,Class 1,Class 1,142 ROSE STREET,EH2 3JD,5901
325022.4147,673851.6117,public house,The Kenilworth,SUI GENERIS,SUI GENERIS,SUI GENERIS,SUI GENERIS,152-154 ROSE ST,EH2 3JD,5902
325004.9697,673846.915999999,restaurant,Nikki's,Class 3,Class 3,Class 3,Vacant,158-162 ROSE ST,EH2 3JD,5903
324920.4294,673822.7941,public house,Blythe Spirit,SUI GENERIS,SUI GENERIS,SUI GENERIS,Vacant,168 ROSE STREET,EH2 3JD,5904
324916.2206,673821.7029,public house,Rose & Crown,SUI GENERIS,SUI GENERIS,SUI GENERIS,SUI GENERIS,170 ROSE STREET,EH2 4BA,5905
324909.6764,673819.7412,baker, ,Class 1,Class 1,Class 1,Class 1,172 ROSE STREET,EH2 4BA,5906
324905.4676,673818.494100001,vacant, ,Vacant,Class 3,Class 3,Class 3,176 ROSE STREET,EH2 4BA,5907
324899.7529,673816.755799999,hairdresser,Quintessence,Class 1,Class 1,Class 2,Class 2, , ,5908
324895.8559,673815.6646,public house,Misfits,SUI GENERIS,SUI GENERIS,SUI GENERIS,Vacant,178A ROSE STREE,EH2 4BA,5909
324890.7529,673814.1176,vacant, ,Vacant,Class 1,Class 1,Class 1,182 ROSE STREET,EH2 4BA,5910
324884.3647,673812.455800001,hot food take-away,Sergio's,SUI GENERIS,Class 3,Class 3,Class 3,184 ROSE STREET,EH2 4BA,5911
324878.7529,673810.7412,hairdresser,Das Haar,Class 1,Class 1,Class 1,Class 1,188 ROSE STREET,EH2 4BA,5912
324872.1559,673808.8323,restaurant,Get Stuffed,Class 3,Class 3,Class 3,Class 3,192 ROSE STREET,EH2 4AZ,5913
324869.0383,673807.897,betting shop,William Hill,Class 2,Class 2,Class 2,Vacant,192A ROSE STREE,EH2 4AZ,5914
324861.4676,673805.623500001,leather goods,Wiltshire,Class 1,Vacant,Class 1,Class 1,194A ROSE STREE,EH2 4AZ,5915
324852.4558,673803.014699999,travel agent,Edinburgh Travel Centre,Class 1,Class 1,Class 4,Class 4,196 ROSE STREET,EH2 4AT,5916
324847.6235,673801.6117,hot food t/a, ,SUI GENERIS,Class 3,Class 3,Class 3,200 ROSE STREET,EH2 4AZ,5917
324837.8559,673798.9617,public house,Scotts,SUI GENERIS,SUI GENERIS,SUI GENERIS,SUI GENERIS,202 ROSE STREET,EH2 4AZ,5918
325314.3321,673972.618799999,restaurant,New York Steam Packet,Class 3,Class 3,Class 3,Class 3,31(01) ROSE STR,EH2 2NP,5919
325024.9735,673877.364700001,hairdresser, ,Class 1,Class 11,Class 11,Class 11, , ,5920
325012.9971,673872.688200001,public house,Paupers,SUI GENERIS,SUI GENERIS,SUI GENERIS,SUI GENERIS,87(GF)-89 ROSE,EH2 3DX,5921
325062.2088,673900.532400001,public house, ,SUI GENERIS,Class 3,Class 3,Class 3,70-72 ROSE STRE,EH2 3DX,5922
324924.9056,673810.705800001,n/a, ,UNKNOWN USE,Vacant,Vacant,Class 1,120(PF)-122 ROS,EH2 4BB,5923
313078.0712,677850.0614,chemist,Asrar,Class 1,Class 1,Class 1,Class 1,(A) ROSEBERY AV,EH30 9QS,5924
323005,673137,hot food take-away, ,SUI GENERIS,Vacant,Class 1,Class 1,2 ROSEBURN PLAC,EH12 5NN,5925
323036.0503,673168.341700001,public house, ,SUI GENERIS,SUI GENERIS, , , , ,5926
323030.6834,673170.0189,pool room, ,Class 11,Class 9, , , , ,5927
323025.3166,673171.3606,hairdresser, ,Class 1,Class 1,Class 2, , , ,5928
323025.3166,673171.3606,betting shop, ,Class 2,Class 2,Class 2,Class 2,9-11 ROSEBURN T,EH12 5NG,5929
325631.3149,672333.2116,undertaker, ,Class 1,Vacant,Class 4,Class 1,4 ROSENEATH STR,EH9 1JH,5930
325621.3702,672333.2116,ladies' clothing, ,Class 1,Class 1,Class 1,Vacant,6 ROSENEATH STR,EH9 1JH,5931
325626.1058,672333.2116,grocer (lic), ,Class 1,Class 1,Class 1,Class 1,7 ROSENEATH STR,EH9 1JH,5932
325616.8942,672333.2116,chemist, ,Class 1,Class 1,Class 4,Class 1,8 ROSENEATH STR,EH9 1JH,5933
325612.1587,672333.6851,fancy goods, ,Class 1,Class 1,Class 1,Class 1,10 ROSENEATH ST,EH9 1JH,5934
323020.044,673173.341700001,photocopying & printing, ,Class 4,Class 4,Class 4,Vacant,13 ROSEBURN TER,EH12 5NG,5935
323016.3543,673174.347999999,hairdresser, ,Class 1,Class 1,Class 1,Class 1,15 ROSEBURN TER,EH12 5NG,5936
323012.5703,673175.3857,toys, ,Class 1,Class 1,Class 1,Class 1,19 ROSEBURN TER,EH12 5NG,5937
323008.6394,673176.696,hairdresser, ,Class 1,Class 1,Class 1,Class 1,21 ROSEBURN TER,EH12 5NG,5938
323003.3669,673178.341700001,sports equipment, ,Class 1,Class 1,Class 1,Vacant,23 ROSEBURN TER,EH12 5NG,5939
322998.304,673180.0063,woolshop and tailor, ,Class 1,SUI GENERIS,SUI GENERIS,SUI GENERIS,27 ROSEBURN TER,EH12 5NG,5940
322991.696,673182.6834,grocer, ,Class 1,Class 1,Class 3,Class 1,29 ROSEBURN TER,EH12 5NQ,5941
322980.7023,673186.6897,greengrocer, ,Class 1,Class 1,Class 1,Class 1,35 ROSEBURN TER,EH12 5NQ,5942
322976.6771,673188.0251,security systems, ,Class 1,Class 1,Class 1,Class 1,39 ROSEBURN TER,EH12 5NQ,5943
322972.652,673189.7086,solicitor/estate agents, ,Class 2,Vacant,Vacant,Class 1,41 ROSEBURN TER,EH12 5NQ,5944
322967.044,673191.347999999,butcher, ,Class 1,Class 1,Class 1,Class 1,43 ROSEBURN TER,EH12 5NQ,5945
322960.6709,673193.3606,grocer, ,Class 1,Class 1,Class 1,Class 1,47 ROSEBURN TER,EH12 5NQ,5946
322954.044,673196.012599999,hot food take-away, ,SUI GENERIS,SUI GENERIS,SUI GENERIS,SUI GENERIS,49 ROSEBURN TER,EH12 5NQ,5947
322949.6834,673197.3543,travel agent, ,Class 1,Class 1,Class 3,Class 3,53 ROSEBURN TER,EH12 5NQ,5948
322945.3229,673198.696,sauna, ,Class 11,Class 11,Class 11,Class 11,55 ROSEBURN TER,EH12 5NQ,5949
322934.0126,673202.6897,public house, ,SUI GENERIS,SUI GENERIS,SUI GENERIS,SUI GENERIS,57-59 ROSEBURN,EH12 5NQ,5950
323035.3732,673196.3166,bank, ,Class 2,Class 2,Class 4,Class 2,2B ROSEBURN TER,EH12 6AW,5951
323035.9686,673196.3291,upholsterer, ,Class 4,Class 2, , , , ,5952
323022.8868,673198.0063,central heating, ,Class 4,Vacant,Class 1,Class 1,2-2A ROSEBURN T,EH12 6AW,5953
323015.1949,673200.8994,n/t/c, ,Class 1,Class 1,Class 1,Vacant,4 ROSEBURN TERR,EH12 6AW,5954
323011.1697,673202.2411,baker, ,Class 1,Class 1,Class 1,Class 1,6 ROSEBURN TERR,EH12 6AW,5955
323006.8092,673203.582800001,baker, ,Class 1,SUI GENERIS,SUI GENERIS,SUI GENERIS,8 ROSEBURN TERR,EH12 6AW,5956
323002.5766,673205.304,hot food take-away, ,SUI GENERIS,SUI GENERIS,SUI GENERIS,SUI GENERIS,10 ROSEBURN TER,EH12 6AW,5957
322998.7589,673206.937100001,butcher, ,Class 1,Class 1,Class 1,Class 1,12 ROSEBURN TER,EH12 6AW,5958
322994.652,673208.304,off licence, ,Class 1,Class 1,Class 1,Class 4,14 ROSEBURN TER,EH12 6AW,5959
322991.044,673209.956,baker, ,Class 1,Class 1,Class 1,Class 1,16 ROSEBURN TER,EH12 6AW,5960
322987.0189,673210.962300001,chemist, ,Class 1,Class 1,Class 1,Class 1,18 ROSEBURN TER,EH12 6AW,5961
322983.6646,673212.304,videotape hire, ,Class 1,Class 1,Class 1,Class 1,20 ROSEBURN TER,EH12 6AW,5962
322980.6457,673213.3103,grocer, ,Class 1,SUI GENERIS,SUI GENERIS,Vacant,22 ROSEBURN TER,EH12 6AW,5963
322973.6017,673215.658299999,bank, ,Class 2,Class 2,Class 2,Class 2,28 ROSEBURN TER,EH12 6AW,5964
325490.7405,672488.370200001,undertaker, ,Class 1,Class 1, , , , ,5965
325574.3149,672399.8413,vacant, ,Vacant,Vacant, , , , ,5966
325569.5793,672400.7884,vacant, ,Vacant,Vacant,Vacant,Vacant,21 ROSENEATH PL,EH9 1JD,5967
325576.8967,672342.370200001,public address systems, ,Class 2,Class 2,UNKNOWN USE,Class 1,26 ROSENEATH PL,EH9 1JD,5968
325575.476,672346.1587,hot food t/a, ,SUI GENERIS,SUI GENERIS,SUI GENERIS,SUI GENERIS,27 ROSENEATH PL,EH9 1JD,5969
325606.476,672333.6851,baker, ,Class 1,Class 3,Class 3,Class 3,11 ROSENEATH ST,EH9 1JH,5970
325600.4207,672334.2644,grocer, ,Class 1,Class 1,Class 1,Class 1,12 ROSENEATH ST,EH9 1JH,5971
325595.6851,672334.738,second-hand books, ,Class 1,Class 1,Class 1,Vacant,14 ROSENEATH ST,EH9 1JH,5972
325590.9496,672334.738,grocer, ,Class 1,Class 1,Class 1,Class 1,15 ROSENEATH ST,EH9 1JH,5973
325584.0,672334.1587,snack bar, ,Class 1,Class 1,SUI GENERIS,SUI GENERIS,16 ROSENEATH ST,EH9 1JH,5974
325578.3173,672335.579299999,launderette, ,Class 1,Class 1,Class 1,Class 1,17 ROSENEATH ST,EH9 1JH,5975
325560.1058,672427.0529,n/t/c, ,Class 1,Class 1, , , , ,5976
325564.3702,672401.262,vacant, ,Vacant,Vacant, , , , ,5977
326957.666,674602.6927,dog grooming parlour, ,Class 1,Class 1, , , , ,5978
326962.0286,674601.965600001,fishmonger, ,Class 1,Class 1,Class 1,Class 9, , ,5979
326967.1183,674600.996200001,decorator, ,Class 4,Class 9, , , , ,5980
327547.923,674151.534600001,furniture, ,Class 1,Class 9, , , , ,5981
327535.5752,674153.3564,heating engineer, ,Class 4,Class 4, , , , ,5982
326380.8751,674384.031199999,public house, ,SUI GENERIS,Class 11,Class 4, , , ,5983
324705.1768,675931.7401,bathroom & kitchen furniture, ,Class 1,Class 4,Class 4,Class 4,1A ROYSTON TERR,EH3 5QU,5984
324707.5198,675933.4441,shoe repairs, ,Class 1,Class 1,Class 1,Class 1,1B ROYSTON TERR,EH3 5QU,5985
324662.9412,673645.0482,n/t/c,John Menzies,Class 1,UNKNOWN USE, ,Class 3,2-3 RUTLAND STR,EH1 2AE,5986
325645.8249,674039.899700001,restaurant,Kardomah,Class 3,Redeveloped, , , , ,5987
325670.5997,674181.044,restaurant, ,Class 3,Class 3, , , , ,5988
325767.4927,674199.522,confectionery, ,Class 1,Demolished, , , , ,5989
325683,674185,n/t/c, ,Class 1,Class 1, , , , ,5990
324300.7141,674486.5604,n/t/c, ,Class 1,Class 1,Class 4,Class 4,41 ST. BERNARD',EH4 1NR,5991
325669.0,673606.8477,legal publishers & bookshop, ,Class 1,Class 1,Class 1,Class 1,2-4 ST. GILES S,EH1 1PT,5992
325665.5386,673619.8309,legal publishers & bookshop, ,Class 1,Class 3,Class 3,Class 3,8-10 ST. GILES,EH1 1PT,5993
325790.8025,674235.3827,electrical goods,Clydesdale,Class 1,Class 1,Class 1,Class 1,1-3 ST. JAMES C,EH1 3SS,5994
325805.6049,674239.209899999,large mixed durable,Boots,Class 1,Class 1,Class 1,Class 1,5-9 ST. JAMES C,EH1 3SS,5995
325815.7901,674241.8148,furniture,Woodhouse,Class 1,Class 1,Class 1,Class 1,11(GF)-13 ST. J,EH1 3SS,5996
325825.5926,674244.604900001,womenswear,Mackay,Class 1,Class 1,Class 1,Class 1,15-17 ST. JAMES,EH1 3SS,5997
325838.5926,674247.8148,electrical goods,Currys,Class 1,Class 1,Vacant,Class 1,19-21 ST. JAMES,EH1 3SS,5998
325849.6557,674254.0096,cards,Mary Morrison,Class 1,Class 1,Class 2,Class 2,23 ST. JAMES CE,EH1 3SS,5999
325852.8261,674257.089299999,public house, ,SUI GENERIS,Class 3, , , , ,6000
325856.3592,674261.0682,bakers,United Biscuits,Class 1,Class 3,Class 1,Class 1,27 ST. JAMES CE,EH1 3SS,6001
325859.1189,674264.0507,restaurant, ,Class 3,Class 3, ,Class 1,29 ST. JAMES CE,EH1 3SS,6002
325861.9731,674266.860300001,off-licence,Victoria Wine,Class 1,Class 1,Vacant,Class 2,31 ST. JAMES CE,EH1 3SS,6003
325864.7427,674269.535700001,gifts,Dizzie Lizzie,Class 1,Vacant,Vacant,Class 2,33 ST. JAMES CE,EH1 3SS,6004
325867.0595,674271.9584,sports equipment,Intersport,Class 1,Class 1,Vacant,Class 2,35 ST. JAMES CE,EH1 3SS,6005
325869.2593,674274.2752,womenswear,Skirt 'n Slack,Class 1,Class 1,Vacant,Class 2,37 ST. JAMES CE,EH1 3SS,6006
325880.8628,674260.0535,jeweller,G & M,Class 1,Vacant,Class 1,Vacant,39 ST. JAMES CE,EH1 3SS,6007
325875.8142,674255.4068,bank,Royal Bank of Scot.,Class 2,Class 1, , , , ,6008
325877.2977,674243.415899999,womenswear,Chelsea Girl,Class 1,Class 1, , , , ,6009
325883.2099,674237.592599999,menswear,Foster,Class 1,Vacant,Class 1,Class 1,57 ST. JAMES CE,EH1 3SS,6010
325888.3951,674233.012399999,shoes,Easiephit,Class 1,Class 1,Class 1,Class 1,59 ST. JAMES CE,EH1 3SS,6011
325893.1852,674228.209899999,womenswear,Etam,Class 1,Class 1,Class 1,Class 1,61 ST. JAMES CE,EH1 3SS,6012
325896.5076,674225.041099999,misc. leisure,John Menzies,Class 1,Vacant,Class 1,Class 1,63-67 ST. JAMES,EH1 3SS,6013
325899.772,674221.995100001,n/t/c,John Menzies,Class 1,Vacant, , , , ,6014
325898.0162,674223.7509,books,John Menzies,Class 1,Vacant, , , , ,6015
325913.3885,674193.602399999,restaurant,John Lewis,Class 1,Class 3, , , , ,6016
325907.0676,674199.5721,large mixed durable,John Lewis,Class 1,Class 1,Class 1,Class 1,69 ST. JAMES CE,EH1 3SP,6017
325943.0782,674160.6667,restaurant, ,Class 3,Vacant,Vacant,Class 1,71-73 ST. JAMES,EH1 3SJ,6018
325937.1221,674162.598099999,sports equipment,Elliott,Class 1,Vacant,Class 1,Class 1,75 ST. JAMES CE,EH1 3SJ,6019
325930.6516,674164.0933,travel agent,A.T. Mays,Class 1,Class 1,Class 1,Class 1,77 ST. JAMES CE,EH1 3SJ,6020
325925.4068,674165.4581,jeweller,Collingwood,Class 1,Class 1,Class 1,Class 1,79 ST. JAMES CE,EH1 3SJ,6021
325921,674162,menswear,Dunn,Class 1,Class 1,Class 1,Class 1,81 ST. JAMES CE,EH1 3SJ,6022
325916.0124,674156.8148,cards,Cardshops,Class 1,Class 1,Class 1,Class 1,83 ST. JAMES CE,EH1 3SJ,6023
325911.1975,674151.629699999,shoes,Bayne & Duckett,Class 1,Class 1,Class 1,Class 1,85 ST. JAMES CE,EH1 3SJ,6024
325860.4419,674246.9275,public house,Sinatras,SUI GENERIS,Class 3, , , , ,6025
325905.6544,674142.555500001,television rental,Granada,Class 1,Class 1,Class 1,Class 1,93 ST. JAMES CE,EH1 3SJ,6026
325903.8643,674134.7654,clothes,Tie Rack,Class 1,Class 1,Class 1,Class 1,95 ST. JAMES CE,EH1 3SJ,6027
325902.1975,674126.592599999,jeweller,Jones,Class 1,Class 1,Class 1,Class 1,97-99 ST. JAMES,EH1 3SJ,6028
325900.5802,674118.8025,shoe repair,Automagic,Class 1,Class 1,Class 2,Class 2,101 ST. JAMES C,EH1 3SJ,6029
325899.1234,674108.975299999,confectioner,Thorntons,Class 1,Class 1,Class 1,Class 1,103-105 ST. JAM,EH1 3SJ,6030
325792.3209,674218.1852,womenswear,Happit,Class 1,Class 2,Vacant,Class 1,2(BF) ST. JAMES,EH1 3SR,6031
325801.9629,674220.5679,electrical goods,Lasky's,Class 1,Class 1,Class 1,Class 1,4-6 ST. JAMES C,EH1 3SR,6032
325809.2909,674222.187899999,bank,T.S.B.,Class 2,Class 1,Class 1,Class 1,8-10 ST. JAMES,EH1 3SR,6033
325815.7656,674224.1534,shoes, ,Class 1,Class 1, , , , ,6034
325829.5397,674227.9648,paints,Levey's,Class 1,Class 1, , , , ,6035
325837.4046,674229.4581,childrens' clothing,Adams,Class 1,Class 1,Class 1,Class 1,16 ST. JAMES CE,EH1 3SR,6036
325844.1907,674231.614499999,supermarket,Presto,Class 1,Class 1,Vacant,Class 1,18 ST. JAMES CE,EH1 3SR,6037
325850.6094,674233.2322,ladies wear,Paige,Class 1, , , , , ,6038
325856.4637,674235.0,butcher,Munro,Class 1,Class 1,Class 1,Class 1,22 ST. JAMES CE,EH1 3SR,6039
325865.5926,674233.0,n/t/c,R.S. McColl,Class 1,Class 1,Class 1,Class 1,24A ST. JAMES C,EH1 3SR,6040
325868.4398,674230.123199999,n/t/c,R.S. McColl,Class 1,Class 1, , , , ,6041
325871.2482,674227.332,hot food t/a, ,SUI GENERIS,Class 1,Class 1,Class 1,26 ST. JAMES CE,EH1 3SR,6042
325877.2977,674221.2928,menswear,Burton,Class 1,Class 1, , , , ,6043
325873,674201,womenswear,Richard Shops,Class 1,Class 1,Class 1,Class 1,32 ST. JAMES CE,EH1 3SL,6044
325878.1852,674195.012399999,menswear,John Collier,Class 1,Class 1,Class 1,Class 1,34-36 ST. JAMES,EH1 3SL,6045
325885.1852,674188.1852,shoes,Stead & Simpson,Class 1,Class 1,Class 1,Class 1,38 ST. JAMES CE,EH1 3SL,6046
325891.5926,674181.407400001,menswear,Top Man,Class 1,Class 1,Class 1,Class 1,40-42 ST. JAMES,EH1 3SL,6047
325901.107,674171.8093,jeweller,Herbert Samuel,Class 1,Class 1,Class 1,Class 1,44-48 ST. JAMES,EH1 3SL,6048
325896.9163,674167.2674,opticians,Davis,Class 1,Class 1,Class 1,Class 1,50 ST. JAMES CE,EH1 3SL,6049
325892.3976,674162.648800001,fancy goods, ,Class 1, , , , , ,6050
325887.9629,674149.222200001,shoes,Ravel,Class 1,Class 1,Class 1,Class 1,54-56 ST. JAMES,EH1 3SL,6051
325890.6418,674140.525699999,shoes,Timpson,Class 1,Class 1, , , , ,6052
325887.3827,674127.926100001,jeweller,Weir,Class 1,Class 1,Class 1,Class 1,62 ST. JAMES CE,EH1 3SL,6053
325885.7255,674121.914100001,leather goods,Salisbury,Class 1,Class 1, , , , ,6054
325882.9163,674110.3258,electrical goods,Dixons,Class 1,Class 1, , , , ,6055
325881.1605,674102.951400001,womenswear,Dorothy Perkins,Class 1,Class 1, , , , ,6056
325870.2745,674100.142100001,records & tapes,H.M.V.,Class 1,Class 1, , , , ,6057
326194.6618,672920.292300001,greengrocer, ,Class 1,Class 1,Class 1,Class 1,9 ST. PATRICK S,EH8 9HB,6058
324384.1857,672530.475099999,vacant, ,Vacant,Class 1,Class 1,Class 1,1 ST. PETER'S B,EH3 9PG,6059
324388.2678,672533.6501,painters & decorators, ,Class 4,Class 4,Class 4,Class 4,3 ST. PETER'S B,EH3 9PG,6060
324391.8964,672536.3715,hairdresser, ,Class 1,Class 1,Class 1,Class 1,4 ST. PETER'S B,EH3 9PG,6061
324397.6393,672540.6501,grocer, ,Class 1,Class 1,Class 2,Vacant,5 ST. PETER'S B,EH3 9PG,6062
320208.9811,672880.3543,ladies clothes,Marlyn Morris,Class 1,Class 1,Class 1,Class 1,109-111 ST. JOH,EH12 6NN,6063
320175.6246,672883.968599999,ladies clothes,Happit,Class 1,Class 1, , , , ,6064
320167.2389,672885.9811,woolshop, ,Class 1,Class 1,Class 1,Class 1,113D ST. JOHN'S,EH12 7SB,6065
320162.2075,672886.987400001,baby clothes & equipment, ,Class 1,Class 1,Class 1,Class 1,115-117 ST. JOH,EH12 7SB,6066
320157.6771,672888.0189,optician, ,Class 1,Class 1,Class 1,Class 1,119 ST. JOHN'S,EH12 7SB,6067
320153.652,672888.6897,dry cleaner, ,Class 1,Class 1,Class 1,Class 1,119A ST. JOHN'S,EH12 7SB,6068
320146.9434,672889.0251,wool, ,Class 1,Class 1, , , , ,6069
320139.8994,672890.702299999,n/t/c, ,Class 1,Class 1, , , , ,6070
320134.7023,672891.6897,ladies clothes, ,Class 1,Vacant,Class 1,Class 1,121A ST. JOHN'S,EH12 7SB,6071
320128.6646,672893.031400001,bank, ,Class 2,Vacant,Class 2,Class 1,121B ST. JOHN'S,EH12 7SB,6072
320122.6268,672894.366900001,mens clothing, ,Class 1,Class 1,Class 1,Class 1,125 ST. JOHN'S,EH12 7SB,6073
320115.9183,672896.044,window replacement, ,Class 4,Class 4,Class 4,Class 4,125A ST. JOHN'S,EH12 7SB,6074
320108.8743,672897.7212,chemist,Boots,Class 1,Class 1,Class 1,Class 1,129 ST. JOHN'S,EH12 7SB,6075
320102.5011,672899.062899999,florist, ,Class 1,Class 1,Class 1,Class 1,129A ST. JOHN'S,EH12 7SB,6076
320074.6605,672907.784,building society, ,Class 2,Class 1, , , , ,6077
320067.9937,672909.6709,toys/greeting cards, ,Class 1,UNKNOWN USE, , , , ,6078
320052.6709,672898.696,butcher, ,Class 1,Class 1,Class 1,Class 1,139 ST. JOHN'S,EH12 7SD,6079
320047.304,672899.366900001,baker, ,Class 1,Class 1,Class 1,Class 1,139A ST. JOHN'S,EH12 7SD,6080
320036.6771,672901.746300001,supermarket,William Low,Class 1,Class 1,Class 1,Class 1,141 ST. JOHN'S,EH12 7SD,6081
320026.6143,672904.0943,building society, ,Class 2,Class 2,SUI GENERIS,SUI GENERIS,141A ST. JOHN'S,EH12 7SD,6082
320013.5954,672917.0943,bank, ,Class 2,Vacant, , , , ,6083
320002.6897,672919.3606,dry cleaner, ,Class 1,Class 1,Class 1,Vacant,151 ST. JOHN'S,EH12 7SD,6084
319998.9749,672920.0063,butcher, ,Class 1,Class 1,Class 4,Class 1,153 ST. JOHN'S,EH12 7SD,6085
319994.6435,672920.347999999,travel agent, ,Class 1,Class 1,Class 1,Class 1,155 ST. JOHN'S,EH12 7SD,6086
319988.3857,672921.6897,charity shop, ,Class 1,Class 1,Class 1,Class 1,159 ST. JOHN'S,EH12 7SD,6087
319981.6771,672923.031400001,baker, ,Class 1,Class 1,Class 1,Class 1,161 ST. JOHN'S,EH12 7SD,6088
319972.1697,672924.7086,bank, ,Class 2,Class 2,Class 2,Class 2,163 ST. JOHN'S,EH12 7SD,6089
319904.0063,672932.417199999,mixed business,Woolworths,Class 1,Class 1,Class 1,Class 1,181 ST. JOHN'S,EH12 7SL,6090
319893.6709,672933.7149,shoe repairs, ,Class 1,Class 1,Class 1,Class 1,183 ST. JOHN'S,EH12 7SL,6091
319888.348,672934.3794,electrical goods, ,Class 1,Class 1,Class 1,Class 1,185 ST. JOHN'S,EH12 7SL,6092
319883.3417,672934.7086,baker, ,Class 1,Class 1,SUI GENERIS,SUI GENERIS,187 ST. JOHN'S,EH12 7SL,6093
319878.0063,672934.7086,gas showroom, ,Class 1,Class 1,Class 1,Class 1,189 ST. JOHN'S,EH12 7SL,6094
319868.6646,672935.7149,supermarket,Finefare,Class 1,Class 1,Class 1,Class 1,191 ST. JOHN'S,EH12 7SL,6095
319856.6834,672937.056600001,chemist, ,Class 1,Class 1,Class 1,Class 1,193-195 ST. JOH,EH12 7SL,6096
319766.0943,672954.677100001,frozen foods,Capital,Class 1,Vacant,Class 11,Class 11,201 ST. JOHN'S,EH12 7UU,6097
319761.3983,672955.6834,off licence, ,Class 1,Class 1,Class 1,Class 1,205 ST. JOHN'S,EH12 7UU,6098
319756.0314,672956.3543,car accessories, ,Class 1,Class 1,Vacant,Class 2,207 ST. JOHN'S,EH12 7UU,6099
319750.6646,672957.0251,travel agent, ,Class 1,Class 1,Class 1,Class 1,209 ST. JOHN'S,EH12 7UU,6100
319745.9686,672957.696,grocer, ,Class 1,Class 1,Class 1,Class 1,213 ST. JOHN'S,EH12 7UU,6101
319738.3669,672958.7149,baker, ,Class 1,Class 1,Class 1,Class 3,215 ST. JOHN'S,EH12 7UU,6102
319733.6709,672959.3857,hardware, ,Class 1,Class 1,Class 1,Class 1,217-219 ST. JOH,EH12 7UU,6103
319728.6394,672960.056600001,n/t/c, ,Class 1,Class 1,Class 3,Class 3,221 ST. JOHN'S,EH12 7UU,6104
319724.6143,672960.392000001, , ,Class 4,Class 1,Class 1,Vacant,221A ST. JOHN'S,EH12 7UU,6105
319719.9183,672961.062899999, , ,Class 4,Class 1, , , , ,6106
319673.7274,672968.3606,building contractor, ,Class 4,Class 2,Vacant,Class 2,229-229A ST. JO,EH12 7XA,6107
319668.696,672968.696,betting shop, ,Class 2,Class 2,Class 2, , , ,6108
319663.3291,672969.031400001,video film hire, ,Class 1,Vacant,Class 3,Class 3,235 ST. JOHN'S,EH12 7XA,6109
319649.912,672970.037699999,bank, ,Class 2,Class 2,Class 2,Class 2,235A-239 ST. JO,EH12 7XA,6110
319615.348,672961.037699999,public house, ,SUI GENERIS,SUI GENERIS,SUI GENERIS,SUI GENERIS,243 ST. JOHN'S,EH12 7XD,6111
319602.9286,672961.6709,supermarket,Presto,Class 1,Class 2,Class 2,Class 2,245A ST. JOHN'S,EH12 7XD,6112
319595.5492,672962.0063,supermarket,Presto,Class 1,Class 2,Class 1,Class 1,245B ST. JOHN'S,EH12 7XD,6113
319583.1383,672970.727399999,grocer, ,Class 1,Class 2,Class 1,Class 1,247B ST. JOHN'S,EH12 7XD,6114
319574.0189,672971.0189,toyshop, ,Class 1,Class 1,Class 1,Class 1,249A ST. JOHN'S,EH12 7XD,6115
319570.3291,672971.3543, , ,UNKNOWN USE,Class 4, , , , ,6116
319561.6646,672971.037699999,fishmonger, ,Class 1,Class 1,Class 1,Class 1,253 ST. JOHN'S,EH12 7XD,6117
319557.9811,672970.056600001,photo sales/developing, ,Class 1,Class 1,Class 1,Vacant,255 ST. JOHN'S,EH12 7XD,6118
319554.6268,672970.056600001,hot food t/a, ,SUI GENERIS,Class 3, , , , ,6119
319550.2663,672969.3857,restaurant, ,Class 3,Class 3, , , , ,6120
319542.216,672968.044, , ,UNKNOWN USE,Class 2,Class 1,Class 1,263 ST. JOHN'S,EH12 7XD,6121
319530.1405,672964.3543,n/t/c /po, ,Class 1,Class 1,Class 1,Class 1,265-267 ST. JOH,EH12 7XD,6122
319505.3188,672957.6457,off licence, ,Class 1,Class 1,Class 1,Class 1,277 ST. JOHN'S,EH12 7XD,6123
319492.4715,672955.1383,advertising consultants, ,Class 4,Class 1, , , , ,6124
319488.1109,672954.131999999,carpets, ,Class 1,Class 2, , , , ,6125
319476.7064,672951.1132,frozen foods,Farm Foods,Class 1,Class 1,Class 1,Class 1,283-287 ST. JOH,EH12 7XF,6126
319464.2955,672948.0943,vacant, ,Vacant,Class 1,Class 1,Class 1,291 ST. JOHN'S,EH12 7XF,6127
319458.2578,672946.752599999,t.v. & audio sales, ,Class 1,Class 1,Class 1,Class 1,293 ST. JOHN'S,EH12 7XF,6128
319451.2138,672945.0754,off licence, ,Class 1,Class 1,Class 1,Class 3,295 ST. JOHN'S,EH12 7XF,6129
319445.176,672943.3983,kitchen & bathroom fittings, ,Class 1,Class 1,Class 1,Class 1,295B ST. JOHN'S,EH12 7XF,6130
320154,672913,coal merchant's office, ,Class 4,Class 2,Class 2,Class 2,38 ST. JOHN'S R,EH12 6PA,6131
320148.7652,672916.9246,post office, ,Class 1,Class 1,Class 1,Class 1,40 ST. JOHN'S R,EH12 6PA,6132
320141.2663,672918.9246,restaurant, ,Class 3,Class 3,Class 3,Class 3,44 ST. JOHN'S R,EH12 6PA,6133
320133.3354,672920.9497,vacant, ,Vacant,Vacant,Class 3,Class 3,46 ST. JOHN'S R,EH12 6PA,6134
320125.956,672922.2914,building society, ,Class 2,Class 2,Class 2,Class 2,50 ST. JOHN'S R,EH12 6PA,6135
320066.9623,672936.5703,baker, ,Class 1,Class 1,Class 1,Class 1,62-64 ST. JOHN',EH12 8AT,6136
320048.304,672941.3103,vacant, ,Vacant,Class 2,Class 2,Class 2,70 ST. JOHN'S R,EH12 8AT,6137
320032.3291,672944.3354,bank, ,Class 2,Class 2,Class 2,Class 2,74-76 ST. JOHN',EH12 8AT,6138
320025.3354,672945.6457,betting shop, ,Class 2,Class 2,Class 2,Class 2,82 ST. JOHN'S R,EH12 8AT,6139
320019.2977,672946.652000001,sportswear, ,Class 1,Class 1,Class 1,Class 2,84 ST. JOHN'S R,EH12 8AT,6140
320012.3229,672948.304,shoes, ,Class 1,Class 1,Class 1,Class 1,88 ST. JOHN'S R,EH12 8AT,6141
319997.6834,672953.8994,vacant, ,Vacant, , , , , ,6142
319990.6394,672955.2411,indoor market, ,Class 1, , , , , ,6143
319981.3417,672949.9749,ladies clothes, ,Class 1,Class 1,Class 3,Class 3,100 ST. JOHN'S,EH12 8AT,6144
319977.3166,672950.6457,hairdresser, ,Class 1,Class 1,Class 1,Class 1,102 ST. JOHN'S,EH12 8AT,6145
319972.6206,672951.3166,fishmonger, ,Class 1,Class 1,Class 1,Class 3,104 ST. JOHN'S,EH12 8AT,6146
319959.2914,672957.563999999,public house, ,SUI GENERIS,SUI GENERIS,SUI GENERIS,SUI GENERIS,108-110 ST. JOH,EH12 8AX,6147
319870.6646,672967.956,furniture, ,Class 1,Class 1,Class 1,Vacant,128 ST. JOHN'S,EH12 8AX,6148
319865.9937,672968.626800001,shoe repairs, ,Class 1,Class 1,Class 1,Class 1,130 ST. JOHN'S,EH12 8AX,6149
319862.3291,672969.297700001,hairdresser, ,Class 1,Class 4,Class 1,Class 1,132 ST. JOHN'S,EH12 8AX,6150
319855.044,672967.2788,solicitor/est.agent/build.soc., ,Class 2,Class 2, , , , ,6151
319845.9874,672968.6206,optician, ,Class 1,Vacant,Class 1,Class 1,140 ST. JOHN'S,EH12 8AY,6152
319839.3229,672969.5954,diy supplies, ,Class 1,Class 1,Class 1,Class 2,142 ST. JOHN'S,EH12 8AY,6153
319653.0314,673004.626800001,plumber/electrician, ,Class 4,Class 2, , , , ,6154
319642.9686,673002.9497,plumber/electrician, ,Class 4,Class 4, , , , ,6155
319339.6646,672963.626800001,bank, ,Class 2,Class 2,Class 2,Class 2,206 ST. JOHN'S,EH12 8SH,6156
326508.9491,672894.9746,public house, ,SUI GENERIS,SUI GENERIS,SUI GENERIS,SUI GENERIS,67 ST. LEONARD',EH8 9SB,6157
326511.8474,672888.9746,grocer, ,Class 1,Vacant, , , , ,6158
326516.2421,672880.388599999,grocer, ,Class 1,Class 1, , , , ,6159
326395.3841,672880.707699999,public house,The Auld Hoose,SUI GENERIS,SUI GENERIS,SUI GENERIS,SUI GENERIS,23-25 ST. LEONA,EH8 9QN,6160
326386.3841,672895.0,cars & motorcycles, ,SUI GENERIS,SUI GENERIS, , , , ,6161
326391.5073,672888.0,antiques, ,Class 1,Class 2,Vacant, , , ,6162
326397.9227,672876.753599999,metals, ,Class 4,Vacant,Vacant,Vacant,39 ST. LEONARD',EH8 9QN,6163
326402.1691,672869.2609,betting shop, ,Class 2,Class 4, , , , ,6164
326404.5073,672864.5845,electrical contr., ,Class 4,Class 4,Class 4,Class 4,49-53 ST. LEONA,EH8 9QN,6165
326408.0459,672857.6764,antiques, ,Class 1,Class 4, , , , ,6166
326410.0918,672851.8309,grocer, ,Class 1,Class 1,Class 1,Class 1,55 ST. LEONARD',EH8 9QN,6167
326431.6305,672797.2609,betting shop, ,Class 2,Class 1,Class 1,Vacant,67 ST. LEONARD',EH8 9QR,6168
326432.7996,672793.1691,builder,Swan (Builders),Class 4,Class 3, , , , ,6169
326433.9687,672789.9541,builder, ,Class 4,Class 3, , , , ,6170
326436.2609,672782.123199999,restaurant, ,Class 3,Class 3, , , , ,6171
326437.7223,672778.031300001,plumbers, ,Class 4,Class 4,Class 4,Class 1,77-79 ST. LEONA,EH8 9QR,6172
326446.7391,672752.596999999,public house,Bill's Bar,SUI GENERIS,SUI GENERIS,SUI GENERIS,SUI GENERIS,81-85 ST. LEONA,EH8 9QY,6173
326450.5073,672743.2609,hot food take-away, ,SUI GENERIS,SUI GENERIS,Vacant,Vacant,87 ST. LEONARD',EH8 9QY,6174
326451.9687,672739.1691,vacant, ,Vacant,Class 4,Vacant,Vacant,91 ST. LEONARD',EH8 9QY,6175
326453.43,672735.661800001,vacant, ,Vacant,Class 3,Class 3,Class 3,93 ST. LEONARD',EH8 9QY,6176
326456.5991,672727.5386,vacant, ,Vacant,Class 4,Class 2,Class 4,95-97 ST. LEONA,EH8 9QY,6177
326455.43,672730.753599999,furniture, ,Class 1,Class 1, , , , ,6178
326462.1378,672717.4155,restaurant, ,Class 3,Class 3, , , , ,6179
326467.3841,672708.922700001,furniture, ,Class 1,Class 1, , , , ,6180
326532.8768,672631.091800001,vacant, ,Vacant,Class 4,Class 4,Class 4,133 ST. LEONARD,EH8 9RB,6181
326534.6305,672628.4614,glazier, ,Class 4,Class 4, ,Class 4,135-135A ST. LE,EH8 9RB,6182
326539.0459,672623.968699999,joiner, ,Class 4,Class 9, , , , ,6183
326541.3841,672621.6305,plumber, ,Class 4,Class 1, ,Class 2,139 ST. LEONARD,EH8 9RB,6184
326552.7077,672612.1691,grocer, ,Class 1,SUI GENERIS, , , , ,6185
326555.6305,672609.5386,antiques, ,Class 1,Vacant, , , , ,6186
326559.0459,672605.338199999,motor cycles, ,SUI GENERIS,SUI GENERIS,Class 1,Class 1,147A ST. LEONAR,EH8 9RB,6187
326506.5845,672711.4614,builder, ,Class 4,Class 9, , , , ,6188
326145.3382,673681.661800001,public house, ,SUI GENERIS,SUI GENERIS,SUI GENERIS,SUI GENERIS,3-5 ST. MARY'S,EH1 1TA,6189
326147.3382,673675.0459,gifts, ,Class 1,Vacant,Class 1,SUI GENERIS,9 ST. MARY'S ST,EH1 1TA,6190
326148.215,673671.246400001,antiques, ,Class 1,Class 1,Class 1,Class 1,11 ST. MARY'S S,EH1 1TA,6191
326151.9687,673665.876800001,gifts & novelties, ,Class 1,Class 1,Class 1,Class 1,13 ST. MARY'S S,EH1 1TA,6192
326155.7536,673655.1691,musical instruments, ,Class 1,Class 1,Class 1,Vacant,17-21 ST. MARY',EH1 1TA,6193
326160.215,673642.876800001,ladies clothing, ,Class 1,Class 1,Vacant,Vacant,27 ST. MARY'S S,EH1 1TA,6194
326167.172,673683.3879,grocer, ,Class 1,Class 1,Class 1,Class 1,4 ST. MARY'S ST,EH1 1SU,6195
326166.8455,672919.645099999,solicitor, ,Class 2,Class 2, , , , ,6196
326167.1378,672912.6305,baker,Anderson,Class 1,Class 1,Class 1,Class 1,5 ST. PATRICK S,EH8 9ES,6197
326192.9541,672934.0459,chemist,Findlays,Class 1,Class 1,Class 1,Class 1,6 ST. PATRICK S,EH8 9HB,6198
326193.5386,672928.492699999,travel agent,Deal Travel,Class 1,Class 1,Class 1,Class 1,6A ST. PATRICK,EH8 9HB,6199
326195.8309,672915.615900001,window blinds, ,Class 1,Class 1,Class 1,Vacant,7 ST. PATRICK S,EH8 9HB,6200
324400.8143,672542.9179,hairdresser,Highlights,Class 1,Class 1,Class 1,Class 1,6 ST. PETER'S B,EH3 9PG,6201
324404.4428,672545.6393,electricain, ,Class 4,Class 4, ,Class 4,8 ST. PETER'S B,EH3 9PG,6202
324408.1857,672549.103599999,"radio, t.v.", ,Class 1,Class 1,Class 1,Class 4,9 ST. PETER'S B,EH3 9PG,6203
324411.3607,672551.824999999,satellite t.v., ,Class 1,Class 4, ,Vacant,11 ST. PETER'S,EH3 9PG,6204
324415.4428,672554.546399999,travel agent, ,Class 1,Class 4,Class 1,Class 2,12 ST. PETER'S,EH3 9PG,6205
324338.1965,672590.6393,sign painting, ,Class 4,Class 4, , , , ,6206
324345.9071,672580.2073,slater roofs, ,Class 4,Class 4,Class 2,Class 4,13 ST. PETER'S,EH3 9PH,6207
324349.0821,672576.1251,electrician, ,Class 4,Vacant, ,Vacant,14 ST. PETER'S,EH3 9PH,6208
324352.3715,672571.1965,vacant, ,Vacant,Class 1, , , , ,6209
324358.7214,672563.4858,painter, ,Class 4,Class 4,Vacant,Vacant,17 ST. PETER'S,EH3 9PH,6210
324361.8964,672558.950200001,charity shop, ,Class 1,Class 4, , , , ,6211
324375.1144,672544.0821,ceramics, ,Class 1,UNKNOWN USE, , , , ,6212
324743.8109,674533.146600001,woollen jumpers, ,Class 1,Class 1,Class 1,Class 1,2 ST. STEPHEN P,EH3 5AJ,6213
324732.7967,674543.9575,ladies' clothing, ,Class 1,Class 1, , , , ,6214
324710.0496,674497.174900001,cafe, ,Class 3,Class 3,Class 3,Class 3,7 ST. STEPHEN S,EH3 5AN,6215
324712.7352,674499.524800001,interior design consultants, ,Class 4,Class 4,Class 4,Class 4,9 ST. STEPHEN S,EH3 5AN,6216
324715.2529,674502.2104,hot food take-away, ,SUI GENERIS,SUI GENERIS,SUI GENERIS,SUI GENERIS,11 ST. STEPHEN,EH3 5AN,6217
324718.442,674504.8959,bric-a-brac, ,Class 1,Class 1,Class 1,Class 1,13 ST. STEPHEN,EH3 5AN,6218
324722.5248,674508.628900001,vacant, ,Vacant,Vacant, , , , ,6219
324723.8676,674509.9717,old gramophone records, ,Class 1,Class 1,Class 1,Class 1,21 ST. STEPHEN,EH3 5AN,6220
324732.5248,674519.174900001,vacant, ,Vacant,UNKNOWN USE,Class 1,Class 4,29 ST. STEPHEN,EH3 5AN,6221
324745.8251,674531.1324,fancy goods, ,Class 1,Class 3,Class 3,Class 3,33 ST. STEPHEN,EH3 5AH,6222
324748.0071,674532.978700001,ladies' clothing, ,Class 1,Class 1,Class 1,Vacant,35 ST. STEPHEN,EH3 5AH,6223
324750.1891,674534.992900001,sunbed & sauna, ,Class 11,Vacant, ,UNKNOWN USE,37 ST. STEPHEN,EH3 5AH,6224
324754.721,674539.021299999,hairdresser, ,Class 1,Vacant, ,Class 3,39 ST. STEPHEN,EH3 5AH,6225
324758.1466,674541.9504,buyer of jewellery, ,Class 4,Class 1,Class 1,Class 1,41 ST. STEPHEN,EH3 5AH,6226
326170.1545,673676.5386,fine art, ,Class 1,Class 4, ,Vacant,8 ST. MARY'S ST,EH1 1SU,6227
326172.4322,673669.8309,dry cleaner, ,Class 1,Class 1,Class 1,Class 1,10 ST. MARY'S S,EH1 1SU,6228
326174.1859,673664.862199999,pet shop, ,Class 1,Class 1,Class 1,Class 1,14 ST. MARY'S S,EH1 1SU,6229
326176.7077,673656.7996,womens' clothing, ,Class 1,Class 1,Class 1,Class 1,18 ST. MARY'S S,EH1 1SU,6230
326179.8936,673647.968699999,general clothing, ,Class 1,Class 1, , , , ,6231
326183.1086,673639.2004,antiques, ,Class 1,Class 4,Class 1,Class 3,24 ST. MARY'S S,EH1 1SU,6232
326184.3754,673635.605599999,womens' clothing, ,Class 1,Class 1,Class 1,Class 1,26 ST. MARY'S S,EH1 1SU,6233
326188.5554,673625.0,ceramics/china, ,Class 1,Vacant,Vacant,Class 1,30 ST. MARY'S S,EH1 1SU,6234
326190.309,673620.031300001,screen printer, ,Class 4,Class 4, ,Class 4,34 ST. MARY'S S,EH1 1SU,6235
326193.0168,673613.0459,photographer, ,Class 2,Class 4,Class 1,Class 1,36 ST. MARY'S S,EH1 1SX,6236
326194.4781,673608.9541,electrical contractor, ,Class 4,Class 1,Class 3,Class 3,38 ST. MARY'S S,EH1 1SX,6237
326195.9395,673604.862199999,fireplaces (coal), ,Class 1,Class 1, ,Class 4,42 ST. MARY'S S,EH1 1SX,6238
326196.9708,673600.292300001,screen printer, ,Class 4,Class 4, ,Class 4,44 ST. MARY'S S,EH1 1SX,6239
326198.3695,673596.8309,post office, ,Class 1,Class 1,Class 1,Class 1,46 ST. MARY'S S,EH1 1SX,6240
326200.1859,673592.400900001,fireplaces (coal), ,Class 1,Class 1,Class 1,Class 4,50 ST. MARY'S S,EH1 1SX,6241
326202.5554,673585.707699999,confectioner, ,Class 1,Class 1,Class 1,Class 4,52 ST. MARY'S S,EH1 1SX,6242
326204.6013,673579.862199999,restaurant, ,Class 3,Class 3,Class 3,Class 3,56 ST. MARY'S S,EH1 1SX,6243
326208.0168,673569.57,funeral directors, ,Class 1,Class 1,Class 1,Class 1,62-64 ST. MARY',EH1 1SX,6244
326212.3549,673558.9541,vacant, ,Vacant,Class 1,Class 1,SUI GENERIS,68 ST. MARY'S S,EH1 1SX,6245
326198.785,672907.123199999,building society,Northern Rock,Class 4,Class 1,Class 1,Class 1,1 ST. PATRICK S,EH8 9EZ,6246
326200.5386,672902.446799999,restaurant, ,Class 3,Class 3,Class 3,Class 3,2-3 ST. PATRICK,EH8 9EZ,6247
326205.785,672891.908199999,vacant, ,Vacant,Class 1,Class 1,Class 1,5-9 ST. PATRICK,EH8 9EZ,6248
326210.4927,672881.753599999,general clothing, ,Class 1,Class 1, , , , ,6249
326212.8309,672876.2004,vacant, ,Vacant,Class 1,Class 1,Class 4,11 ST. PATRICK,EH8 9EZ,6250
326193.8768,672832.0,bank,Bank of Scot.,Class 2,Class 2, ,Class 2,22-24 ST. PATRI,EH8 9EY,6251
326183.7536,672828.137800001,solicitor, ,Class 2,Class 2, , , , ,6252
326174.0459,672830.5845,office, ,Class 4,Class 2, ,Class 2,26 ST. PATRICK,EH8 9EY,6253
326170.2464,672839.9373,solicitor, ,Class 2,Class 2, ,Class 4,29 ST. PATRICK,EH8 9EY,6254
326127.785,672900.3236,hairdresser, ,Class 1,Vacant, , , , ,6255
326134.215,672902.077299999,restaurant, ,Class 3,Class 3,Class 3,Class 3,45 ST. PATRICK,EH8 9ET,6256
326167.0,672933.922700001,baker, ,Class 1,Class 2, ,Class 2,1-3 ST. PATRICK,EH8 9ES,6257
326167.5845,672928.3695,hi fi sales, ,Class 1,Class 2, , , , ,6258
324766.8747,674550.174900001,cafe, ,Class 3,Class 3,Class 3,Class 3,49 ST. STEPHEN,EH3 5AH,6259
324769.0567,674552.357000001,fireplaces, ,Class 1,Class 1,Class 1,Class 1,51 ST. STEPHEN,EH3 5AH,6260
324773.0,674555.475199999,2nd hand ladies' clothing, ,Class 1,Class 1,Class 1,Class 1,55 ST. STEPHEN,EH3 5AH,6261
324776.1891,674558.8322,brass lampstands, ,Class 1,Class 1,Class 1,Class 1,59 ST. STEPHEN,EH3 5AH,6262
324829.9009,674608.4297,vacant, ,Vacant,UNKNOWN USE, , , , ,6263
324730.279,674489.8322,public house, ,SUI GENERIS,SUI GENERIS,SUI GENERIS,SUI GENERIS,2-6 ST. STEPHEN,EH3 5AL,6264
324733.4681,674493.021299999,bric-a-brac, ,Class 1,Class 1,Class 1,Class 4,8 ST. STEPHEN S,EH3 5AL,6265
324737.8109,674496.4823,vacant, ,Vacant,Class 1,Class 1,Class 1,12 ST. STEPHEN,EH3 5AL,6266
324740.1608,674498.4965,antiques, ,Class 1,Vacant, , , , ,6267
324742.3428,674500.342800001,* no nameplate *, ,UNKNOWN USE,Class 1,Class 1,Class 1,18 ST. STEPHEN,EH3 5AL,6268
324744.7967,674502.160800001,hairdresser, ,Class 1,Class 1,Class 1,Class 1,20 ST. STEPHEN,EH3 5AL,6269
324747.1466,674504.342800001,antique furniture, ,Class 1,Class 1,Class 2,Class 3,24 ST. STEPHEN,EH3 5AL,6270
324748.8251,674505.853399999,storage for no. 24 ?, ,UNKNOWN USE,Class 1, ,Class 4,26 ST. STEPHEN,EH3 5AL,6271
324750.6076,674507.796700001,* no nameplate *, ,UNKNOWN USE,Vacant,Vacant,Vacant,28 ST. STEPHEN,EH3 5AL,6272
324752.6856,674509.5461,antiques - mainly furniture, ,Class 1,Class 1,Class 4,Class 2,30 ST. STEPHEN,EH3 5AL,6273
324754.8676,674511.3924,vacant, ,Vacant,Class 1,Class 1,Class 1,36 ST. STEPHEN,EH3 5AL,6274
324756.7139,674513.070900001,* no nameplate *, ,UNKNOWN USE,Vacant,Vacant,Vacant,38-40 ST. STEPH,EH3 5AL,6275
324758.8959,674514.581499999,restaurant, ,Class 3,Class 1,Class 3,Class 3,42 ST. STEPHEN,EH3 5AL,6276
324761.4469,674516.839199999,public house, ,SUI GENERIS,SUI GENERIS,SUI GENERIS,SUI GENERIS,44 ST. STEPHEN,EH3 5AL,6277
324763.1253,674518.3499,hardware, ,Class 1,Class 1,Class 1,Class 1,46 ST. STEPHEN,EH3 5AL,6278
324764.8038,674519.8605,antiques, ,Class 1,Class 1,Class 1,Class 1,48 ST. STEPHEN,EH3 5AL,6279
324768.3286,674523.217399999,antique furniture (& restorer), ,Class 1,Class 1, , , , ,6280
324769.6714,674524.5602,oriental curios, ,Class 1,Vacant,Class 1,Class 1,56 ST. STEPHEN,EH3 5AL,6281
324772.4539,674526.853399999,antiques, ,Class 1,Class 1,Class 1,Class 1,58 ST. STEPHEN,EH3 5AL,6282
324774.0,674528.1537,ladies' clothing, ,Class 1,Vacant, , , , ,6283
324775.6714,674529.4823,vacant, ,Vacant,Vacant, , , , ,6284
324777.7684,674532.021299999,antique furniture, ,Class 1,Class 1,Class 1,Class 1,66 ST. STEPHEN,EH3 5AQ,6285
324779.9504,674534.035399999,vacant, ,Vacant,Class 1,Class 1,Class 2,68(GF) ST. STEP,EH3 5AQ,6286
324784.4823,674537.7281,public house, ,SUI GENERIS,SUI GENERIS,SUI GENERIS,SUI GENERIS,68-76 ST. STEPH,EH3 5AQ,6287
324782.4681,674535.8818, , ,UNKNOWN USE,Vacant,Class 1,Class 1,72 ST. STEPHEN,EH3 5AQ,6288
324786.1608,674539.238700001,vacant, ,Vacant,Vacant,Class 1,Vacant,74 ST. STEPHEN,EH3 5AQ,6289
324788.0071,674540.917199999,antique furniture, ,Class 1,Vacant, , , , ,6290
324854.8677,674597.0414,travel agent, ,Class 1,Vacant, ,Class 2,110B ST. STEPHE,EH3 5AQ,6291
324866.8594,674601.917400001,vacant, ,Vacant,Class 3,Class 3,Class 3,112 ST. STEPHEN,EH3 5AD,6292
324870.876,674601.6943,antiques, ,Class 1,Class 1,Vacant,Vacant,114 ST. STEPHEN,EH3 5AD,6293
324874.6694,674601.6943,leather goods, ,Class 1,Class 1, , , , ,6294
324878.9091,674601.471100001,antiques, ,Class 1,Vacant, , , , ,6295
324883.876,674600.6943,office,Safeburn Chemicals Ltd.,Class 4,Vacant, , , , ,6296
324887.6694,674600.248,printers,Broughton Printing Press,Class 4,Class 4,Vacant, , , ,6297
324891.0166,674599.578600001,vacant, ,Vacant,Class 1, , , , ,6298
324894.1406,674599.132300001,gallery (the japanese gallery), ,Class 1,Class 1,Class 4,Class 4,130 ST. STEPHEN,EH3 5AD,6299
324899.4297,674597.810000001,antiques, ,Class 1,Class 4,Class 1,Class 4,132 ST. STEPHEN,EH3 5AA,6300
324902.3306,674596.6943,"antique books, old linen, prints", ,Class 1,Class 1,Class 1, , , ,6301
324905.4546,674595.578600001,publishers, ,Class 4,Class 4, , , , ,6302
320211.0033,672229.671,hot food take-away, ,SUI GENERIS,SUI GENERIS,SUI GENERIS,SUI GENERIS,77 SAUGHTON ROA,EH12 7JB,6303
320212.6678,672225.0,hairdresser, ,Class 1,Class 1,Class 1,Class 1,79 SAUGHTON ROA,EH12 7JB,6304
320214,672220,building contractor, ,Class 4,Class 1,Class 1, , , ,6305
320215.671,672214.6678,grocer, ,Class 1,Class 2,Class 2, , , ,6306
320219.0066,672205.6776,vacant, ,Vacant,Class 1,Class 1,Class 1,85-87 SAUGHTON,EH12 7JB,6307
320217.2994,672194.1644,betting shop, ,Class 2,Class 1,Class 1,Class 1,89 SAUGHTON ROA,EH12 7JB,6308
320181.6612,672186.3552,butcher, ,Class 1,Class 1,Class 1,Class 1,100C SAUGHTON R,EH12 7JN,6309
320180.329,672191.0164,baker, ,Class 1,Class 1,Class 1,Class 1,100D SAUGHTON R,EH12 7JN,6310
320178.6645,672195.3454,n/t/c, ,Class 1,Class 1,Class 1,Class 1,100E SAUGHTON R,EH12 7JN,6311
320177.3322,672200.3388,children's clothing, ,Class 1,Class 1,SUI GENERIS,SUI GENERIS,100F SAUGHTON R,EH12 7JN,6312
320334.2987,671981.2752,n/t/c, ,Class 1,Class 1,Class 1,Class 1,142 SAUGHTON RO,EH12 7DS,6313
320336.943,671977.691299999,chemist, ,Class 1,Class 1,Class 1,Class 1,146 SAUGHTON RO,EH12 7DS,6314
324956.3306,674542.132300001,public house, ,SUI GENERIS,SUI GENERIS,SUI GENERIS,SUI GENERIS,11 ST. VINCENT,EH3 6SW,6315
327655.2611,676341.945900001,vacant, ,Vacant,Class 1, , , , ,6316
327659.1921,676339.6996,hairdresser, ,Class 1,Vacant, , , , ,6317
327444.4926,676431.054099999,cleaning & maintenance, ,Class 4,Vacant, ,UNKNOWN USE,2-4 SALAMANDER,EH6 7HR,6318
327447.3004,676429.6502,cleaning & maintenance, ,Class 4,Vacant, , , , ,6319
327450.3891,676428.246300001,bookbinder, ,Class 4,Class 9, , , , ,6320
327485,676405,vacant, ,Vacant,Class 9, , , , ,6321
327485,676405,public house, ,SUI GENERIS,SUI GENERIS,SUI GENERIS,Vacant,18-20 SALAMANDE,EH6 7HR,6322
328093.2197,676020.339299999,"furniture, carpets",Queensway,Class 1,Class 1,Class 1,Class 1,126 SALAMANDER,EH6 7LA,6323
328160.6607,675987.154100001,"carpets, furniture",General George,Class 1,Class 1,Class 1,Vacant,126(1) SALAMAND,EH6 7LA,6324
326490.9227,672192.922700001,bank, ,Class 2,Vacant, , , , ,6325
326486.8309,672191.4614,ladies clothing, ,Class 1,Vacant,Class 3,Class 3,5 SALISBURY PLA,EH9 1SL,6326
326480.8914,672189.6305,hairdresser, ,Class 1,Class 1, , , , ,6327
326475.2609,672187.985400001,greengrocer, ,Class 1,Class 1, , , , ,6328
326471.8309,672187.876800001,hairdresser, ,Class 1,Class 1,Class 1,Class 1,13 SALISBURY PL,EH9 1SL,6329
326467.7391,672186.8455,coffee shop, ,Class 3,Class 3,Class 3,Class 3,15 SALISBURY PL,EH9 1SL,6330
326462.1232,672185.922700001,n/t/c /po, ,Class 1,Class 1,Class 1,Class 1,17 SALISBURY PL,EH9 1SL,6331
326539.0,672233.123199999,pet shop, ,Class 1,Vacant,Vacant,Class 1,53 SALISBURY RO,EH16 5AA,6332
326866.1889,676510.261399999,public house, ,SUI GENERIS,SUI GENERIS,SUI GENERIS,SUI GENERIS,23-24 SANDPORT,EH6 6EW,6333
326980.5299,676562.184900001,vacant, ,Vacant,Vacant, , , , ,6334
326953.766,676540.214500001,architect, ,Class 4,Class 4, , , , ,6335
326983.7256,676564.847999999,bistro, ,Class 3,Class 3,Class 3,Class 3,30 SANDPORT STR,EH6 6EP,6336
326957.228,676543.4102,vacant, ,Vacant,Class 4,Class 4, , , ,6337
326948.8393,676536.219900001,vacant, ,Vacant,Class 4, , , , ,6338
320859.086,671500.498400001,public house, ,SUI GENERIS,SUI GENERIS,SUI GENERIS,Vacant,36 SAUGHTON MAI,EH11 3QE,6339
320909.5609,671506.3709,launderette, ,Class 1,Vacant,SUI GENERIS,SUI GENERIS,52 SAUGHTON MAI,EH11 3QE,6340
320907,671511,vacant, ,Vacant,SUI GENERIS,SUI GENERIS,SUI GENERIS,54 SAUGHTON MAI,EH11 3QE,6341
320905,671515,vacant, ,Vacant,Vacant,Class 1,Class 1,56 SAUGHTON MAI,EH11 3QE,6342
320902.457,671520.0,betting shop, ,Class 2,Class 2,Vacant,Vacant,58 SAUGHTON MAI,EH11 3QE,6343
320896.4659,671530.5787,supermarket,Scotmid,Class 1,Class 1,Vacant,Vacant,60 SAUGHTON MAI,EH11 3QE,6344
320805.543,671449.276000001,butcher, ,Class 1,Vacant, , , , ,6345
320801,671447,hairdresser, ,Class 1,Class 1, , , , ,6346
320796.7329,671444.723999999,n/t/c, ,Class 1,Class 1, , , , ,6347
320791,671442,vacant, ,Vacant,Vacant, , , , ,6348
320786,671439,vacant, ,Vacant,Class 2, , , , ,6349
320781.0,671435.904999999,vacant, ,Vacant,Vacant, , , , ,6350
320777,671434,grocer, ,Class 1,Class 1, , , , ,6351
320202.602,672291.375,service station, ,SUI GENERIS,Vacant, , , , ,6352
320206.6973,672245.0,public house, ,SUI GENERIS,SUI GENERIS,SUI GENERIS,SUI GENERIS,73 SAUGHTON ROA,EH12 7JB,6353
320209.3421,672234.6678,ladies clothing, ,Class 1,Class 1,Class 4,Class 4,75 SAUGHTON ROA,EH12 7JB,6354
320339.3658,671974.5537,baker, ,Class 1,Class 1,Class 1,Class 1,148 SAUGHTON RO,EH12 7DS,6355
320342.4866,671969.7718,grocer, ,Class 1,Class 1,Class 1,Class 1,150 SAUGHTON RO,EH12 7DS,6356
320345.1074,671966.238299999,hardware, ,Class 1,Class 1,Class 1,SUI GENERIS,154 SAUGHTON RO,EH12 7DS,6357
320348.4262,671961.6544,electrical parts, ,Class 1,Class 1,Class 1,Class 1,156 SAUGHTON RO,EH12 7DS,6358
320351.7919,671957.1007,grocer, ,Class 1,Class 1,Class 1,Class 1,158 SAUGHTON RO,EH12 7DS,6359
320355.3557,671952.348999999,sweet shop, ,Class 1,Class 1,Class 1,Class 1,162 SAUGHTON RO,EH12 7DS,6360
320358.9664,671947.4296,coffee shop, ,Class 3,Class 1,Class 2,Class 2,164 SAUGHTON RO,EH12 7DS,6361
321967.9434,673030.3354,vehicle accessories, ,Class 1,Class 2,Class 2,Class 2,21 SAUGHTONHALL,EH12 5TW,6362
321944.0116,672699.391899999,grocer/ n/t/c, ,Class 1,Class 1,Class 1,Class 1,101-103 SAUGHTO,EH12 5TS,6363
321939.6081,672692.397700001,greengrocer, ,Class 1,Class 1,Class 1,Class 4,105 SAUGHTONHAL,EH12 5TS,6364
321937.6139,672688.795399999,butcher, ,Class 1,Class 2,Class 4,Class 4,107 SAUGHTONHAL,EH12 5TS,6365
321911.7874,672517.6379,supermarket,Scotmid,Class 1,Class 1,Class 1,Class 1,(140-144) SAUGH,EH12 5TT,6366
326202.9447,672486.0,veterinary bookshop, ,Class 1,Vacant, , , , ,6367
326203.4182,672480.317299999,hot food t/a, ,SUI GENERIS,SUI GENERIS, , , , ,6368
326204.4736,672467.6851,grocer, ,Class 1,SUI GENERIS, , , , ,6369
325963.6827,672303.738,painter & decorator, ,Class 4,Class 4, , , , ,6370
325992.738,672301.9496,vacant, ,Vacant,Class 4, , , , ,6371
325997.4736,672301.476,"joiner, builder", ,Class 4,Class 4,Vacant,Vacant, , ,6372
326003.1058,672300.6851,butcher, ,Class 1,Vacant, , , , ,6373
326008.3149,672300.2116,glazier & joiner, ,Class 4,Class 2,Class 2,Class 2,20 SCIENNES ROA,EH9 1NX,6374
326015.8967,672299.738,n/t/c, ,Class 1,Class 1,Class 1,Class 1,21 SCIENNES ROA,EH9 1NX,6375
326027.4256,672297.9471,second-hand books, ,Class 1,Class 1, , , , ,6376
326035.0025,672297.4736,grocer, ,Class 1,Vacant, , , , ,6377
326041.1587,672296.5264,workshop, ,Class 4,Class 3,Class 3,Class 3,27 SCIENNES ROA,EH9 1NX,6378
326046.8413,672296.0529,stair cleaning office, ,Class 4,Class 4,Class 3,Class 4,29 SCIENNES ROA,EH9 1NX,6379
313259.3633,677619.6809,laundrette,Maclean,Class 1,Class 1,Class 1,Class 11,1-3 SCOTSTOUN G,EH30 9PH,6380
313260.8947,677601.7906,sweet shop,Denovan,Class 1,Class 1,Vacant,SUI GENERIS,2 SCOTSTOUN GRO,EH30 9PH,6381
313254.2359,677619.8716,n/t/c,Forbuoys,Class 1,Class 1,Class 1, , , ,6382
313256.0855,677601.769099999,hot food take-away (fish & chips),Ness,SUI GENERIS,SUI GENERIS,SUI GENERIS,SUI GENERIS,4 SCOTSTOUN GRO,EH30 9PH,6383
313249.1086,677619.850099999,hairdresser,Lind,Class 1,Class 1,Vacant,Class 1,5 SCOTSTOUN GRO,EH30 9PH,6384
313238.7681,677601.2951,public house,Queen's Retreat,SUI GENERIS,SUI GENERIS,SUI GENERIS,SUI GENERIS,6 SCOTSTOUN GRO,EH30 9PH,6385
313243.87,677619.953199999,chemist,Ainsworth,Class 1,Vacant,Class 1,Class 1,7 SCOTSTOUN GRO,EH30 9PH,6386
313233.6009,677619.9277,supermarket,Scotmid,Class 1,Class 1,Class 1,Class 1,9 SCOTSTOUN GRO,EH30 9PH,6387
328222,675964,public house, ,SUI GENERIS,SUI GENERIS,SUI GENERIS,SUI GENERIS,1-2 SEAFIELD PL,EH6 7QP,6388
328647.6806,675742.5606,cafe, ,Class 3,Class 3,Class 3,Vacant,36 SEAFIELD ROA,EH6 7LQ,6389
328658.1421,675737.9504,hairdresser, ,Class 1,Class 1, , , , ,6390
328719.5504,675667.602700001,carpets,Allied Carpets,Class 1,Class 1,Class 1,Class 1,50 SEAFIELD ROA,EH6 7LQ,6391
328939.6246,675618.086200001,"furniture, carpets",M.F.I.,Class 1,Class 1, , , , ,6392
330013.7233,674433.509,vacant, ,Vacant,Class 9, , , , ,6393
330009.0537,674440.123400001,butcher, ,Class 1,Vacant, , , , ,6394
330005.5442,674445.7117,n/t/c, ,Class 1,Class 1,Class 1,Class 1,6 SEAFIELD ROAD,EH15 1EB,6395
330002.823,674449.876599999,vacant, ,Vacant,Class 1,Class 9, , , ,6396
330000.5066,674453.737299999,sauna/massage, ,Class 11,Vacant,Class 11,Class 9, , ,6397
329997.9942,674457.828600001,grocer, ,Class 1,Class 9, , , , ,6398
329994.7373,674463.0668,cafe, ,Class 3,Class 3,Class 3,Class 3,11-12 SEAFIELD,EH15 1EB,6399
329990.6836,674469.629899999,vacant, ,Vacant,Class 3, , , , ,6400
329986.9544,674475.7871,public house, ,SUI GENERIS,SUI GENERIS,SUI GENERIS,SUI GENERIS,14-16 SEAFIELD,EH15 1EB,6401
329273.0159,675446.7007,d.i.y.,Great Mills,Class 1,Class 1,Class 1,Class 1,1 SEAFIELD WAY,EH15 1TB,6402
322053.7864,674567.7864,restaurant, ,Class 3,Class 3,Class 3,SUI GENERIS,1 SEAFORTH TERR,EH4 2BS,6403
322048.1795,674572.179500001,hairdresser, ,Class 1,Class 1,Class 1,Class 1,3-4 SEAFORTH TE,EH4 2BS,6404
322041.7864,674576.675100001,butcher, ,Class 1,Class 1,Class 1,Class 1,5 SEAFORTH TERR,EH4 2BS,6405
332551.8663,673195.488399999,vacant, ,Vacant,Class 9, , , , ,6406
332576.1105,673175.0,vacant, ,Vacant,Class 9, , , , ,6407
323140.1431,671955.818399999,bank, ,Class 2,Class 2,Class 2,Class 2,1A SHANDON CRES,EH11 1QE,6408
323200.4869,671922.207699999,hairdresser, ,Class 1,Class 1, , , , ,6409
323150.26,671944.0261,video machine agent, ,Class 1,Class 4,Class 4,Class 4,8-10 SHANDON PL,EH11 1QL,6410
324634.0203,673642.449200001,restaurant,Rock Bottom,Class 3,Class 3,Class 3,SUI GENERIS,9 SHANDWICK PLA,EH2 4RG,6411
324630.9797,673640.133099999,vacant, ,Vacant,Class 4, , , , ,6412
324623.903,673634.5462,shoes,K Shoes,Class 1,Class 1, , , , ,6413
324618.3161,673629.7042,betting shop,Coral,Class 2,Class 1, , , , ,6414
324615.3364,673627.4695,vacant, ,Vacant,Class 1,Class 1,Class 1,23 SHANDWICK PL,EH2 4RG,6415
324612.3568,673625.2347, , ,Class 4,Class 2,Class 2,Vacant,23(B) SHANDWICK,EH2 4RG,6416
324608.0203,673622.173699999,job centre,D.o.E.,Class 4,Class 1,Vacant,Class 2,25 SHANDWICK PL,EH2 4RG,6417
324600.1987,673615.842,photographic goods,Jessops,Class 1,Class 1,Class 1, , , ,6418
324592.2754,673609.8983,vacant, ,Vacant,Class 1,Vacant, , , ,6419
324587.8059,673606.5462,restaurant,The Pancake Place,Class 3,Class 3,Class 3,Class 3,35-37 SHANDWICK,EH2 4RG,6420
325966.5073,673590.091800001,womens' clothing, ,Class 1,Class 1,Class 4,Class 4,12-13 SOUTH BRI,EH1 1LL,6421
325972.3695,673567.8309,general clothing, ,Class 1,Class 1, , , , ,6422
325975.8768,673553.8017,jeweller, ,Class 1,Class 1,Class 1,Class 1,21 SOUTH BRIDGE,EH1 1LL,6423
325977.6305,673547.2609,menswear, ,Class 1,Class 1,Class 1,Class 1,24-25 SOUTH BRI,EH1 1LL,6424
325979.6764,673539.9541,travel agent,Trend,Class 1,Class 1,Class 1,Class 1,26 SOUTH BRIDGE,EH1 1LL,6425
325981.1378,673534.400900001,jeweller,The Gold Centre,Class 1,Vacant,Class 1,Class 1,28 SOUTH BRIDGE,EH1 1LL,6426
325982.6764,673527.707699999,shoes, ,Class 1,Class 1,Class 2,Class 1,29-30 SOUTH BRI,EH1 1LL,6427
325986.3695,673513.507300001,large mixed durable, ,Class 1,Vacant, , , , ,6428
325993.2004,673486.4614,shoes, ,Class 1,Class 1,Vacant,Class 1,37 SOUTH BRIDGE,EH1 1LL,6429
325994.3695,673481.2004,general clothing, ,Class 1,SUI GENERIS,SUI GENERIS,SUI GENERIS,38 SOUTH BRIDGE,EH1 1LL,6430
325996.9854,673470.9541,furniture, ,Class 1,Vacant,Class 1,Class 1,39-41 SOUTH BRI,EH1 1LL,6431
326000.4468,673456.785,general clothing, ,Class 1,Class 1,Class 1,Class 1,42-44 SOUTH BRI,EH1 1LL,6432
326002.4927,673448.601299999,n/t/c, ,Class 1,Class 1, , , , ,6433
326004.5386,673442.1713,menswear, ,Class 1,Vacant,Class 1,Vacant,45-46 SOUTH BRI,EH1 1LL,6434
326007.7391,673429.492699999,cafe/restaurant, ,Class 3,Class 3, , , , ,6435
326010.1545,673420.753599999,shoes, ,Class 1,Vacant,Class 11,Class 4,51 SOUTH BRIDGE,EH1 1LL,6436
326012.2004,673414.615900001,decorating supplies, ,Class 1,Class 1,Class 1,Class 1,52 SOUTH BRIDGE,EH1 1LL,6437
326018.9395,673393.968699999,books, ,Class 1,Class 1, , , , ,6438
326023.0313,673380.231799999,hairdresser, ,Class 1,Class 1,Class 1,Class 1,57 SOUTH BRIDGE,EH1 1LS,6439
326024.785,673374.6786,charity shop, ,Class 1,Class 1,Class 1,Class 1,58 SOUTH BRIDGE,EH1 1LS,6440
326027.6472,673365.5386,general clothing, ,Class 1,Class 1,Class 1,Class 1,60-62 SOUTH BRI,EH1 1LS,6441
326029.7536,673355.0962,solicitor, ,Class 2,Class 3,Class 3,Class 3,64 SOUTH BRIDGE,EH1 1LS,6442
326031.524,673348.3069,n/t/c, ,Class 1,Class 1,Class 1, , , ,6443
326034.4614,673337.388499999,restaurant, ,Class 3,Class 3,SUI GENERIS,SUI GENERIS,65-67 SOUTH BRI,EH1 1LS,6444
325980.9687,673428.0022,car accessories,City Car Parts Ltd.,Class 1,Class 1,SUI GENERIS,SUI GENERIS,74 SOUTH BRIDGE,EH1 1HN,6445
325981.2609,673435.8936,building society, ,Class 2,Class 3,Class 3,Class 3,75 SOUTH BRIDGE,EH1 1HN,6446
325979.215,673443.492699999,ladies clothing, ,Class 1,Class 1,Vacant,Class 1,76 SOUTH BRIDGE,EH1 1HN,6447
325976.2923,673455.183700001,scout accessories,Scout Shops Ltd.,Class 1,Class 1, , , , ,6448
325973.6618,673464.536499999,amusement centre, ,Class 11,SUI GENERIS, , , , ,6449
325971.1356,673474.496400001,amusement centre, ,Class 11,Class 3, , , , ,6450
325964.0146,673501.2631,building society,Halifax,Class 2,Class 2, ,Class 2,85-87 SOUTH BRI,EH1 1HN,6451
325961.0918,673511.785,shoes,Curtess,Class 1,Class 1,Class 1,Class 1,88-89 SOUTH BRI,EH1 1HN,6452
325959.6305,673518.215,records & tapes,Ripping Records,Class 1,Class 1,Class 1,Class 1,91 SOUTH BRIDGE,EH1 1HN,6453
325956.6764,673526.615900001,t.v rental,Thorn,Class 1,Class 1,Class 1,Class 1,93 SOUTH BRIDGE,EH1 1HN,6454
325955.2732,673532.1359,shoe repairs,Timpson,Class 1,Class 1,Class 1,Class 1,95 SOUTH BRIDGE,EH1 1HN,6455
324581.8059,673602.291099999,soft furnishings,Wilson,Class 1,Class 1,Class 1,Class 1,41 SHANDWICK PL,EH2 4RG,6456
324575.6885,673597.9187,ladies clothing,Happit,Class 1,Class 1,Class 1,Class 2,45-47 SHANDWICK,EH2 4RG,6457
324564.1784,673588.4288,ladies & mens clothes,Wilkies,Class 1,Class 1,Class 1,Class 1,49-61 SHANDWICK,EH2 4RG,6458
324563.8059,673588.4288,restaurant,Wilkies,Class 1,Class 3, , , , ,6459
324552.2958,673581.291099999,hairdresser,Headline / Impressions,Class 1,Class 1,Class 1,Class 1,63(1F)-65 SHAND,EH2 4SD,6460
324548.5712,673578.3115,restaurant, ,Class 3,Class 4,Class 2,Class 4,63(GF)-65 SHAND,EH2 4SD,6461
324543.5305,673572.8013,ladies & mens clothes,Damart,Class 1,Class 1, , , , ,6462
324533.1017,673564.979699999,toys,Early Learning Centre,Class 1,Class 1,Class 1,Class 2,79 SHANDWICK PL,EH2 4SD,6463
324528.2597,673561.255100001,furniture,Strachan,Class 1,Class 1,Class 1,Vacant,81 SHANDWICK PL,EH2 4SD,6464
324517.9436,673553.449200001,vacant, ,Vacant,Class 1, , , , ,6465
324513.0407,673548.938999999,wool & sewing goods, ,Class 1,Class 1,Class 1,Vacant,89 SHANDWICK PL,EH2 4SD,6466
324508.9436,673545.9593,glazier / picture framers,Smith,Class 4,Class 1,Class 1,Class 1,91-93 SHANDWICK,EH2 4SD,6467
324501.2958,673539.821599999,"tv, hi-fi, video sales",DFL Studios,Class 1,Vacant,Class 3,Class 3,97 SHANDWICK PL,EH2 4SD,6468
324495.8826,673535.627499999,public house,Nimmo's Wine Bar,SUI GENERIS,SUI GENERIS,SUI GENERIS,SUI GENERIS,101(01) SHANDWI,EH2 4SD,6469
324625.0,673674.5305,building society,Abbey National,Class 2,Class 2,Class 2,Class 2,2-4 SHANDWICK P,EH2 4RN,6470
324614.3521,673667.668199999,cameras & opticians,Lizars,Class 1,Class 1,Class 1,Class 1,6 SHANDWICK PLA,EH2 4RN,6471
324608.097,673663.0407,womens clothes,Slendos,Class 1,Class 1,Class 1,Class 1,10 SHANDWICK PL,EH2 4RN,6472
324602.4085,673659.6885,household textiles, ,Class 1,Class 1,Class 1,Class 1,14-16 SHANDWICK,EH2 4RN,6473
324597.5665,673656.3364,building society, ,Class 2,Class 2,Class 11,Class 11,18(01) SHANDWIC,EH2 4RN,6474
324593.097,673653.356799999,n/t/c,R.S. McColl,Class 1,Class 1, , , , ,6475
324577.9797,673641.356799999,public house,The Grosvenor,SUI GENERIS,SUI GENERIS,SUI GENERIS,SUI GENERIS,26-28 SHANDWICK,EH2 4RT,6476
324573.1377,673637.2597,travel agent,Ferer,Class 1,Class 1,Vacant,Class 1,30 SHANDWICK PL,EH2 4RT,6477
324567.5665,673634.061000001,large mixed durable,Habitat,Class 1,Class 1,Class 1,Class 1,32-36 SHANDWICK,EH2 4RT,6478
324564.9593,673631.826300001,restaurant,Habitat,Class 3,Class 3, , , , ,6479
324558.939,673627.4538,ballet supplies, ,Class 1,Class 1, , , , ,6480
324553.8983,673622.785599999,n/t/c,R.S. McColl,Class 1,Class 1,Class 1,Class 1,38 SHANDWICK PL,EH2 4RT,6481
324550.1737,673619.433499999,mixed durable goods,Poundstretcher,Class 1,Class 1,Class 1,Class 1,42 SHANDWICK PL,EH2 4RT,6482
324546.0767,673616.4538,shoe repair,Malone,Class 1,Class 1,Class 1,Class 1,44 SHANDWICK PL,EH2 4RT,6483
324541.9797,673613.1017,photographs / dry cleaners,Klick / Munro,Class 1,Class 1, , , , ,6484
324534.1941,673606.964,large mixed durable,Boots,Class 1,Class 1, , , , ,6485
324528.0564,673602.708900001,bank,Bank of Scotland,Class 2,Class 2,Class 1,Class 1,52(GF) SHANDWIC,EH2 4RT,6486
324522.9593,673598.2958,charity shop,R.N.L.I.,Class 1,Class 4, , , , ,6487
324519.6072,673596.061000001,building society,Woolwich,Class 2,Class 2,Class 3,Class 1,56 SHANDWICK PL,EH2 4RT,6488
327152.0027,676681.991900001,public house, ,SUI GENERIS,SUI GENERIS,SUI GENERIS,SUI GENERIS,1 SHORE,EH6 6QW,6489
327150.0054,676669.0013,public house, ,SUI GENERIS,SUI GENERIS,SUI GENERIS,SUI GENERIS,3 SHORE,EH6 6QW,6490
327130.4213,676582.8378,vacant, ,Vacant,SUI GENERIS, , , , ,6491
327120.9952,676543.0,estate agent, ,Class 2,Class 1,Class 1,Class 1,35 SHORE,EH6 6QN,6492
327111.6295,676525.004799999,public house, ,SUI GENERIS,SUI GENERIS,SUI GENERIS,SUI GENERIS,36 SHORE,EH6 6QU,6493
327090.2639,676493.1065,public house, ,SUI GENERIS,SUI GENERIS,SUI GENERIS,SUI GENERIS,45 SHORE,EH6 6QU,6494
327064.6804,676455.6852,vacant, ,Vacant,Class 1,Class 1,Class 1,52 SHORE,EH6 6RA,6495
327061.7312,676451.472200001,vacant, ,Vacant,Class 3, ,SUI GENERIS,54-55 SHORE,EH6 6RA,6496
327058.5739,676435.7918,public house, ,SUI GENERIS,SUI GENERIS,SUI GENERIS,SUI GENERIS,57-58 SHORE,EH6 6RA,6497
326988,676383,vacant, ,Vacant,Vacant,Class 3,Class 3,77 SHORE,EH6 6RG,6498
326447.5708,675005.3246,vacant, ,Vacant,Demolished, , , , ,6499
319913.395,670911.07,grocer (lic), ,Class 1,Class 1,Class 1,Vacant, , ,6500
319905.5478,670909.808900001,n/t/c, ,Class 1,Class 1,Vacant,Vacant, , ,6501
319899.6624,670908.547700001,butcher, ,Class 1,Vacant,Vacant,Vacant, , ,6502
319894.0573,670907.5668,baker, ,Class 1,Vacant,SUI GENERIS,Vacant,5 SIGHTHILL WYN,EH11 4BL,6503
320832.7987,675863.537900001,toys, ,Class 1,Class 2,Class 1,Class 1,38 SILVERKNOWES,EH4 5LF,6504
320829.4851,675870.0,hairdresser, ,Class 1,Class 1,Vacant,Class 1,40 SILVERKNOWES,EH4 5LF,6505
320827.5973,675873.9703,synthetic surfaces, ,Class 4,Class 4,Class 4,Class 2,42 SILVERKNOWES,EH4 5LF,6506
320825.5676,675877.768999999,insurance, ,Class 4,Class 2,Class 2,Class 2,44 SILVERKNOWES,EH4 5LF,6507
320823.9406,675881.9703,grocer, ,Class 1,Class 1,Class 4,Class 2,46 SILVERKNOWES,EH4 5LF,6508
320821.1122,675887.9703,grocer, ,Class 1,Class 1,Class 1,Vacant,48 SILVERKNOWES,EH4 5LF,6509
320817.4488,675896.231000001,n/t/c, ,Class 1,Class 1,Class 1,Class 1,52 SILVERKNOWES,EH4 5LF,6510
324999.1335,674682.356000001,unknown, ,UNKNOWN USE,Redeveloped, , , , ,6511
323335.3246,672133.0261,vacant, ,Vacant,Class 4, , , , ,6512
323330.0192,672128.8377,entertainment agency, ,Class 4,Class 4, , , , ,6513
323324.9546,672124.9354,grocer, ,Class 1,Class 1, , , , ,6514
323320.7662,672121.0261,electrician, ,Class 4,Class 4, , , , ,6515
323311.3246,672113.8638,wholesale butcher, ,Class 2,Class 4,Class 4,Class 1,23-25 SLATEFORD,EH11 1PA,6516
323304.9354,672109.052300001,wholesale butcher, ,Class 2,Class 11, , , , ,6517
323300.7469,672105.7015,hairdresser, ,Class 1,Class 9, , , , ,6518
323296.5585,672102.9092,electrician, ,Class 4,Vacant,Class 1,Class 1,33 SLATEFORD RO,EH11 1PA,6519
323292.6492,672099.8377,video film hire, ,Class 1,Class 4,Class 4,Class 4,37 SLATEFORD RO,EH11 1PA,6520
323190.7662,672021.8638,computer servicing & sales, ,Class 1,Class 2,Class 1,Vacant,39-41 SLATEFORD,EH11 1PR,6521
323187.4154,672019.3508,hardware, ,Class 1,Class 1,Class 1,Class 1,45 SLATEFORD RO,EH11 1PR,6522
323183.9808,672016.2861,bathrooms/ceramic tiles, ,Class 1,Class 4,Class 1,Class 1,47 SLATEFORD RO,EH11 1PR,6523
323180.0715,672013.214600001,electrical repairs, ,Class 4,Class 1, , , , ,6524
323174.7662,672008.467700001,vacant, ,Vacant,Class 2, , , , ,6525
323171.6946,672005.954600001,electrical goods, ,Class 1,Class 1,Class 1,Class 1,55 SLATEFORD RO,EH11 1PR,6526
323169.1816,672003.441500001,post office, ,Class 1,Class 1,Class 1,Vacant,57 SLATEFORD RO,EH11 1PR,6527
323166.11,672000.6492,fishmonger, ,Class 1,SUI GENERIS,Vacant,SUI GENERIS,59 SLATEFORD RO,EH11 1PR,6528
326378.5073,672473.8455,hot food t/a, ,SUI GENERIS,SUI GENERIS,SUI GENERIS,SUI GENERIS,82 CLERK STREET,EH8 9PT,6529
326381.7223,672465.9541,hardware, ,Class 1,Class 1,Class 1,Class 1,84 CLERK STREET,EH8 9PT,6530
326385.2464,672458.645099999,travel agent, ,Class 1,Class 1,Class 1,Class 1,86 CLERK STREET,EH8 9PT,6531
326387.5845,672453.968699999,antiques, ,Class 1,Class 1,Vacant,Class 2,88 CLERK STREET,EH8 9PT,6532
326389.6305,672449.876800001,travel agent, ,Class 1,Class 1,Class 1,Class 1,92 CLERK STREET,EH8 9PT,6533
326391.3841,672445.785,n/t/c, ,Class 1,Class 1,Class 1,Class 1,94 CLERK STREET,EH8 9PT,6534
326393.1378,672441.985400001,hairdresser, ,Class 1,Class 1,Class 1,Class 1,94A CLERK STREE,EH8 9PT,6535
326395.2923,672436.014599999,restaurant, ,Class 3,SUI GENERIS,SUI GENERIS,SUI GENERIS,96 CLERK STREET,EH8 9PT,6536
326397.3382,672431.0459,carpets, ,Class 1,Class 1,Class 1,Class 1,98 CLERK STREET,EH8 9PT,6537
325997.2464,673300.137800001,public house, ,SUI GENERIS,SUI GENERIS,SUI GENERIS,SUI GENERIS,4 COLLEGE STREE,EH8 9AA,6538
323163.1623,671998.0908,morgage broker/build.soc., ,Class 2,Vacant,Vacant,Class 1,61 SLATEFORD RO,EH11 1PR,6539
323159.5323,671995.2985,hot food take-away, ,SUI GENERIS,SUI GENERIS,Vacant,Class 1,65 SLATEFORD RO,EH11 1PR,6540
323155.1885,671991.656099999,grocer, ,Class 1,SUI GENERIS, , , , ,6541
323148.6492,671986.1885,hairdresser (gents),Just Alan's,Class 1,Vacant, , , , ,6542
323145.8569,671983.6754,baker, ,Class 1,Class 1, , , , ,6543
323142.7854,671980.3246,off licence, ,Class 1,Class 1,Class 1,Class 1,77 SLATEFORD RO,EH11 1PR,6544
323033.1567,671895.7588,n/t/c, ,Class 1,Class 1, , , , ,6545
323027.6268,671890.8433,insurance, ,Class 4,Class 2, , , , ,6546
323023.2289,671888.144400001,baker, ,Class 1,Class 1,Class 2,Class 4,85 SLATEFORD RO,EH11 1QR,6547
323018.3134,671883.8433,bicycles, ,Class 1,Class 3,Class 1,Class 3,87 SLATEFORD RO,EH11 1QR,6548
323012.169,671878.9278,betting shop, ,Class 2,Class 1,Class 1,Class 1,91 SLATEFORD RO,EH11 1QR,6549
322946.1444,671822.420700001,public house, ,SUI GENERIS,SUI GENERIS,SUI GENERIS,SUI GENERIS,101-105 SLATEFO,EH11 1QY,6550
322929.5546,671807.6743,hot food take-away, ,SUI GENERIS,SUI GENERIS,Vacant,SUI GENERIS,109 SLATEFORD R,EH11 1QY,6551
322920.9525,671799.0722,bakery, ,Class 1,Class 1,Class 1,Class 1,113-115 SLATEFO,EH11 1QY,6552
322912.9648,671791.698999999,betting shop, ,Class 2,Class 2,Class 2,Class 2,119 SLATEFORD R,EH11 1QY,6553
322868.3856,671740.216499999,vacant, ,Vacant,Class 1,Class 1,Class 1,143 SLATEFORD R,EH14 1NW,6554
322863.4701,671734.0722,plumbers, ,Class 4,Class 2,Class 2,Class 2,145 SLATEFORD R,EH14 1NW,6555
322856.7113,671725.470100001,vacant, ,Vacant,Class 4,Vacant,Vacant,147 SLATEFORD R,EH14 1NW,6556
322852.4102,671718.096899999,hot food take-away, ,SUI GENERIS,SUI GENERIS,SUI GENERIS,SUI GENERIS,149 SLATEFORD R,EH14 1NW,6557
322886.169,671605.059800001,d.i.y.,Texas Homecare,Class 1,Vacant,Class 4,Class 1,155 SLATEFORD R,EH14 1NZ,6558
322990.6866,671897.614399999,service station, ,SUI GENERIS,Class 9, , , , ,6559
322245.547,670933.9639,hot food t/a, ,SUI GENERIS,SUI GENERIS, , , , ,6560
322242.6201,670928.0579,confectioner, ,Class 1,Class 1, , , , ,6561
322240.2165,670923.321900001,n/t/c, ,Class 1,Class 1,Vacant,Class 1,138 SLATEFORD R,EH14 1LR,6562
326838.7146,675232.285399999,"antiques, bric-a-brac", ,Class 1,Class 9, , , , ,6563
326839.7623,675236.476199999,hairdresser, ,Class 1,Class 1,Vacant,Class 4,42A SLOAN STREE,EH6 8RQ,6564
325954.6886,673639.546700001,bank, ,Class 2,SUI GENERIS,SUI GENERIS,SUI GENERIS,1-3 SOUTH BRIDG,EH1 1LL,6565
325956.1545,673625.7996,public house, ,SUI GENERIS,SUI GENERIS,SUI GENERIS,SUI GENERIS,(4A) SOUTH BRID,EH1 1LL,6566
325958.2004,673619.3695,restaurant, ,Class 3,Class 3,Class 3,Class 3,4-6 SOUTH BRIDG,EH1 1LL,6567
325960.9687,673608.785,general clothing, ,Class 1,Class 1, , , , ,6568
325962.43,673603.231799999,tv hire, ,Class 1,Class 1,Vacant,SUI GENERIS,10 SOUTH BRIDGE,EH1 1LL,6569
325953.7536,673538.8914,photo processing,Gratispool,Class 1,Class 1,SUI GENERIS,Class 1,96 SOUTH BRIDGE,EH1 1HN,6570
325952.0459,673544.753599999,gifts, ,Class 1,Class 1,Class 1,Class 11,97-99 SOUTH BRI,EH1 1HN,6571
325946.785,673564.0437,mixed business,Poundstretcher,Class 1,Class 1,Class 1,Class 1,98-106 SOUTH BR,EH1 1HN,6572
325941.215,673588.599099999,carpets,Ross Carpets,Class 1,Class 1,Class 1,Class 1,107-108 SOUTH B,EH1 1HN,6573
324768.35,673731.3693,restaurant,Country Kitchen,Class 3,Class 3,SUI GENERIS,SUI GENERIS,4 CHARLOTTE STR,EH2 4AW,6574
326310.0627,672693.384099999,off license, ,Class 1,Class 1,Class 1,Class 1,"1 CLERK STREET,",EH8 9JD,6575
326312.4009,672688.707699999,off license, ,Class 1,Class 1,Class 1,Vacant,"3 CLERK STREET,",EH8 9JD,6576
326315.0313,672684.3236,hi fi sales,Forsyth,Class 1,Class 1,Vacant,Vacant,"7 CLERK STREET,",EH8 9JD,6577
326317.0773,672680.231799999,children's clothes, ,Class 1,Class 1,Class 1,Class 1,"9 CLERK STREET,",EH8 9JD,6578
326320.0627,672673.8455,vacant, ,Vacant,Class 1,Class 1,Class 1,11 CLERK STREET,EH8 9JD,6579
326322.4009,672668.5845,launderette, ,Class 1,Class 1,Class 1,Class 1,13-13A CLERK ST,EH8 9JD,6580
326324.7391,672663.615900001,gifts, ,Class 1,Class 1,Class 1,Class 1,17 CLERK STREET,EH8 9JD,6581
326326.4927,672658.354900001,printers, ,Class 4,Class 4,Class 4,Class 4,19 CLERK STREET,EH8 9JD,6582
326330.9854,672651.753599999,carpets, ,Class 1,Class 1,Class 1,Class 2,21 CLERK STREET,EH8 9JD,6583
326333.3236,672645.908199999,bicycles, ,Class 1,Class 1,Vacant,Class 3,23 CLERK STREET,EH8 9JD,6584
326335.6618,672639.770400001,stationery, ,Class 1,Class 1,Class 1,Class 1,27 CLERK STREET,EH8 9JD,6585
326342.0773,672633.2777,sunbeds, ,Class 11,Class 1,Class 1,Class 1,29 CLERK STREET,EH8 9JD,6586
326352.8936,672602.229599999,furniture,C. & J. Brown,Class 1,Class 1,Class 1,Class 1,31-35 CLERK STR,EH8 9NZ,6587
326357.8622,672587.615900001,furniture,C. & J. Brown,Class 1,Class 1,Class 1,Class 1,39 CLERK STREET,EH8 9NZ,6588
326360.6931,672581.123199999,post office, ,Class 1,Class 1,Class 1,Class 1,41 CLERK STREET,EH8 9NZ,6589
326374.7245,672551.384099999,hi fi sales, ,Class 1,Class 1, , , , ,6590
326378.8163,672542.3236,grocer,Breadwinner,Class 1,Class 3,SUI GENERIS,SUI GENERIS,47 CLERK STREET,EH8 9NZ,6591
326380.8622,672537.9395,butcher,Hornig,Class 1,Class 1,Class 1,Class 1,47A CLERK STREE,EH8 9NZ,6592
326385.0627,672528.242000001,furniture,McKay,Class 1,Class 3,Class 1,Class 1,49-49A CLERK ST,EH8 9NZ,6593
326398.215,672500.768200001,furniture, ,Class 1,Class 2,Class 2,Class 2,51-53 CLERK STR,EH8 9PP,6594
326404.3528,672488.492699999,sports goods,Elliott Sports Co.,Class 1,Class 1,Class 1,Class 1,57-59 CLERK STR,EH8 9PP,6595
325463.9589,672132.1536,vacant, ,Vacant,Class 2, ,Vacant,2-6 SPOTTISWOOD,EH9 1BQ,6596
325459.4321,672131.8518,vacant, ,Vacant,Class 2, , , , ,6597
325454.6036,672131.550000001,vacant, ,Vacant,Class 2, , , , ,6598
325281.8967,672375.8967,grocer, ,Class 1,Class 1, , , , ,6599
325282.8438,672368.7884,wholesale business equipment, ,Class 2,Class 1, , , , ,6600
327250.6432,674199.188899999,electrical appliances, ,Class 1,Class 4,Class 4,Class 4,102 SPRING GARD,EH8 8EY,6601
327247.4728,674200.906199999,vacant, ,Vacant,Class 9, , , , ,6602
327244.2851,674202.5284,vacant, ,Vacant,Class 9, , , , ,6603
327241.2469,674204.113600001,baker, ,Class 1,Class 1,Class 1,Class 1,110 SPRING GARD,EH8 8EY,6604
327237.416,674205.963,vacant, ,Vacant,Vacant,Vacant,Vacant,112 SPRING GARD,EH8 8EY,6605
327231.7358,674208.604900001,n/t/c, ,Class 1,Class 1,Class 2,Vacant,116 SPRING GARD,EH8 8EY,6606
327228.5654,674210.058,baker, ,Class 1,Class 1,Class 1,SUI GENERIS,118 SPRING GARD,EH8 8EY,6607
323657.5516,672811.1723,metal workshop, ,Class 4,Class 9, , , , ,6608
326412.4927,672472.123199999,children's clothes, ,Class 1,Class 1,Class 11,Class 11,65A CLERK STREE,EH8 9PP,6609
326415.7077,672464.816299999,public house, ,SUI GENERIS,SUI GENERIS,SUI GENERIS,SUI GENERIS,65-67 CLERK STR,EH8 9PP,6610
326419.7391,672454.1691,shoes,Tandem,Class 1,Class 1,Class 3,Class 3,69 CLERK STREET,EH8 9PP,6611
326424.7391,672443.753599999,gifts, ,Class 1,Class 1, , , , ,6612
326430.0,672434.985400001,grocer, ,Class 1,Class 1, , , , ,6613
326305.215,672637.4614,charity shop, ,Class 1,Class 1,Class 4,Class 4,"2 CLERK STREET,",EH8 9JE,6614
326308.2923,672631.014599999,moneylender, ,Class 2,Vacant,Class 1,Class 1,"4 CLERK STREET,",EH8 9JE,6615
326310.9227,672625.4614,hairdresser, ,Class 1,Class 1,Class 1,Class 1,8-8A CLERK STRE,EH8 9JE,6616
326313.5073,672618.753599999,bank,T.S.B.,Class 2,Class 2, ,Class 2,10 CLERK STREET,EH8 9JE,6617
326326.9687,672591.507300001, , ,Class 4,SUI GENERIS,SUI GENERIS,SUI GENERIS,12 CLERK STREET,EH8 9PR,6618
326329.0146,672586.246400001,dry cleaner, ,Class 1,Class 1,Class 1,Class 1,14 CLERK STREET,EH8 9PR,6619
326331.7536,672578.507300001,general clothing, ,Class 1,Class 1,Vacant,Class 1,18 CLERK STREET,EH8 9PR,6620
326333.215,672574.707699999,grocer, ,Class 1,Class 1,Vacant,Class 1,20 CLERK STREET,EH8 9PR,6621
326334.5532,672570.338199999,public house, ,SUI GENERIS,SUI GENERIS,SUI GENERIS,SUI GENERIS,22-26 CLERK STR,EH8 9PR,6622
326336.5532,672565.507300001,travel goods, ,Class 1,Class 1,Class 1,Class 1,30 CLERK STREET,EH8 9PR,6623
326337.7223,672562.292300001,stationery, ,Class 1,Class 1,Vacant,Class 2,32 CLERK STREET,EH8 9PR,6624
326339.1837,672559.3695,furniture, ,Class 1,Vacant,Class 1,Class 1,34 CLERK STREET,EH8 9PS,6625
326351.9227,672532.183700001,hot food t/a, ,SUI GENERIS,SUI GENERIS,SUI GENERIS,SUI GENERIS,44 CLERK STREET,EH8 9PS,6626
326353.3841,672528.6764,records & tapes, ,Class 1,SUI GENERIS,SUI GENERIS,SUI GENERIS,46 CLERK STREET,EH8 9PS,6627
326354.8455,672525.4614,household linens,Turnbull & Wilson,Class 1,Class 1,Class 1,Vacant,50-54 CLERK STR,EH8 9PS,6628
326358.1378,672518.507300001,gents clothes, ,Class 1,Class 1,SUI GENERIS,SUI GENERIS,56 CLERK STREET,EH8 9PS,6629
326360.0459,672513.7223,photographic goods, ,Class 1,Class 1,Class 1,Class 1,58 CLERK STREET,EH8 9PS,6630
326361.7996,672509.922700001,gents clothes, ,Class 1,Class 1,Class 1,Class 1,62 CLERK STREET,EH8 9PS,6631
326363.8455,672505.8309,stamps, ,Class 1,Class 1,Class 1,Class 1,64 CLERK STREET,EH8 9PS,6632
326365.8914,672501.446799999,musical instruments, ,Class 1,Class 1, , , , ,6633
326370.0459,672490.1691,grocer, ,Class 1,Class 1, , , , ,6634
326371.7996,672486.077299999,grocer, ,Class 1,Class 1,Class 1,Class 1,72 CLERK STREET,EH8 9PT,6635
326373.6931,672481.5386,public house, ,SUI GENERIS,Class 3,Class 3,Class 3,74-78 CLERK STR,EH8 9PT,6636
325991.8768,673299.215,vacant, ,Vacant,Vacant, ,Class 2,6 COLLEGE STREE,EH8 9AA,6637
325986.9082,673297.4614,motor cycles, ,SUI GENERIS,Class 2, ,Class 2,7-8 COLLEGE STR,EH8 9AA,6638
325980.2923,673295.922700001,architect, ,Class 4,Class 4, ,Class 2,9 COLLEGE STREE,EH8 9AA,6639
325975.9082,673294.1691,general clothing, ,Class 1,Vacant,Class 3,Class 3,11 COLLEGE STRE,EH8 9AA,6640
326250.7725,676314.0635,public house, ,SUI GENERIS,SUI GENERIS,SUI GENERIS,SUI GENERIS,"16 FORT STREET,",EH6 4DN,6641
322514,674411,greengrocer, ,Class 1,Demolished, , , , ,6642
322514,674411,grocer/po, ,Class 1,Demolished, , , , ,6643
325710.225,673996.125,public house, ,SUI GENERIS,SUI GENERIS, , , , ,6644
325707.4751,674004.875,building society,Leicester,Class 2,Class 2, , , , ,6645
325705.2,674013.8004,public house, ,SUI GENERIS,SUI GENERIS,SUI GENERIS,SUI GENERIS,7 ST. ANDREW ST,EH2 2AU,6646
325697.3251,674042.375,florist,Rankins,Class 1,Class 1,Class 1,Class 1,19 ST. ANDREW S,EH2 2AU,6647
325669.2998,674022.325099999,vacant, ,Vacant,Class 4, , , , ,6648
325665.7249,674032.35,travel agent,Pickfords,Class 1,Class 2, , , , ,6649
325665.0,674036.124700001,n/t/c,Melrose,Class 1,Class 4, , , , ,6650
325663.8999,674039.8749,jeweller,Slaven,Class 1,Class 3, , , , ,6651
325580.0503,673980.6252,public house,Rakes Wine Bar,SUI GENERIS,SUI GENERIS,SUI GENERIS,Vacant, , ,6652
325578.0254,673988.2751,photographic goods,Campbell Harper,Class 1,Class 1,Class 1,Vacant, , ,6653
325576.075,673994.199999999,vacant, ,Vacant,Class 1,Class 1,Vacant, , ,6654
325572.7251,674005.475,vacant, ,Vacant,Class 1, , , , ,6655
324623.0017,676313.4593,licensed grocer, ,Class 1,Vacant, , , , ,6656
324614,676345,ladies' clothing, ,Class 1,Class 4, , , , ,6657
324612.2322,676350.5737,florist, ,Class 1,Class 1, , , , ,6658
324611.2704,676354.4212,butcher, ,Class 1,Vacant, , , , ,6659
324610.1161,676358.460999999,n/t/c, ,Class 1,Vacant, , , , ,6660
324608.9619,676362.5009,plumber & heating engineer, ,Class 4,Class 1, , , , ,6661
324606.7712,676369.7279,photographic studio, ,Class 2,Class 4, , , , ,6662
324604.6551,676376.2686,chemist, ,Class 1,Class 1,Class 1,Class 1,37 SOUTH TRINIT,EH5 3PN,6663
324602.9237,676383.5788,grocer, ,Class 1,Class 1,Class 1,Class 1,41 SOUTH TRINIT,EH5 3PN,6664
324728.0181,676038.267200001,fireplace surrounds & fittings, ,Class 1,Class 1,Class 1,Class 1,4 SOUTH TRINITY,EH5 3NR,6665
324726.3141,676043.3791,hairdresser, ,Class 1,Class 1,Class 1,Class 1,8 SOUTH TRINITY,EH5 3NR,6666
324725.2491,676048.278000001,baker, ,Class 1,Vacant,Vacant,Class 1,10 SOUTH TRINIT,EH5 3NR,6667
324722.4586,676058.124299999,hardware, ,Class 1,Class 1,Class 1,Class 1,14 SOUTH TRINIT,EH5 3NR,6668
324721.4468,676063.183499999,hardware, ,Class 1,Class 1,Class 1,Class 1,16 SOUTH TRINIT,EH5 3NR,6669
324720.0976,676068.2426,ladies' clothing, ,Class 1,Vacant,Class 2,Class 2,18 SOUTH TRINIT,EH5 3NR,6670
329890.5276,672788.4823,dentist, ,Class 2,Class 2,Class 2,Class 2, , ,6671
329889.3957,672803.196900001,doctor, ,Class 2,Class 2,Vacant,Class 1,12-16 SOUTHFIEL,EH15 1QR,6672
330202.4169,673554.6873,n/t/c, ,Class 1,Class 1,Class 1,Class 1,16 SOUTHFIELD P,EH15 1LZ,6673
327776.6097,668180.3903,upholsterer, ,Class 4,Vacant, , , , ,6674
327779.5144,668173.4191,grocer (lic), ,Class 1,Class 1,Class 1,Class 1,3 SOUTHHOUSE BR,EH17 8DR,6675
327783.0953,668165.5809,post office, ,Class 1,Class 1,Class 1,SUI GENERIS,5 SOUTHHOUSE BR,EH17 8DR,6676
325065.7122,675192.6449,solarium, ,Class 11,Class 11,Class 11,Class 11,1 SUMMER PLACE,EH3 5NR,6677
325167.739,674084.6745,hairdressers,Murdo MacLean's,Class 1,Vacant,Class 1,Class 1,63 THISTLE STRE,EH2 1DY,6678
325162.9355,674083.566,hot food t/a, ,SUI GENERIS,Class 1,Class 1,Class 1,67 THISTLE STRE,EH2 1DY,6679
325292.1965,674102.739,jeweller,Scott,Class 1,Class 1,Class 1,Class 1,20 THISTLE STRE,EH2 1EN,6680
325283.261,674100.434,printers,PIP,Class 4,Class 4,Class 1,Class 1,22 THISTLE STRE,EH2 1EN,6681
325222.1085,674082.8475,antiques, ,Class 1,Class 1,Class 1,Class 1,48 THISTLE STRE,EH2 1EN,6682
325213.6305,674080.8475,womenswear,Jane Davidson,Class 1,Class 1,Class 1,Class 1,50(GF)-52 THIST,EH2 1EN,6683
325184.956,674072.956,clothes,McQueen,Class 1,Class 1,Class 1,Class 1,60 THISTLE STRE,EH2 1EN,6684
325178.305,674071.1085,hot food t/a,King Hero,SUI GENERIS,Class 3,Class 3,Class 3,64 THISTLE STRE,EH2 1EN,6685
325168.4135,674068.1085,antiques, ,Class 1,Class 4,Class 1,Class 1,66-68 THISTLE S,EH2 1EN,6686
325154.739,674064.0645,interior decorators, ,Class 1,Class 1,Class 1,Class 1,72 THISTLE STRE,EH2 1EN,6687
325149.566,674062.217,antiques, ,Class 1,Class 3,Class 3,Class 3,76 THISTLE STRE,EH2 1EN,6688
327069.7623,675540.380799999,electric fires, ,Class 1,Class 4, ,Class 4,5-7 THORNTREE S,EH6 8PY,6689
327029.4778,675595.432700001,baker,Harrisons,Class 1,Vacant, , , , ,6690
326992.8935,676374.5787,joiner, ,Class 4,Class 4,Class 4,Class 4,3 TOLBOOTH WYND,EH6 6DN,6691
326995.8426,676370.365599999,grocer, ,Class 1,Class 1,Class 2,Class 2,7-9 TOLBOOTH WY,EH6 6DN,6692
327070.2881,676306.147700001,vacant, ,Vacant,Vacant, , , , ,6693
324279.4494,673254.6821,building society, ,Class 2,Class 1,Class 1,Class 1,19 TORPHICHEN P,EH3 8DY,6694
324255.63,673290.473999999,restaurant, ,Class 3,SUI GENERIS,SUI GENERIS,SUI GENERIS,6 TORPHICHEN PL,EH3 8DU,6695
324255.4436,673276.2905,public house, ,SUI GENERIS,SUI GENERIS,SUI GENERIS,Vacant,8 TORPHICHEN PL,EH3 8DU,6696
324425,673309,sauna, ,Class 11,Demolished, , , , ,6697
324440,673309,building contractors, ,Class 4,Demolished, , , , ,6698
324440,673309,vacant, ,Vacant,Demolished, , , , ,6699
326243.127,676316.024599999,building preservation office, ,Class 4,Class 9, , , , ,6700
326079.3571,676318.423,plumber's store, ,Class 4,Class 9, , , , ,6701
326083.445,676298.489,betting shop, ,Class 2,Class 9, , , , ,6702
326084.912,676292.6209,pest control services, ,Class 4,Class 9, , , , ,6703
326089.0,676277.3791,public house, ,SUI GENERIS,SUI GENERIS,SUI GENERIS,SUI GENERIS,8 TRAFALGAR STR,EH6 4DG,6704
326089.978,676271.511,sauna, ,Class 11,Class 9, , , , ,6705
326091.445,676266.131899999,trade (unknown), ,Class 4,Class 9, , , , ,6706
327785.2572,668160.4191,betting shop, ,Class 2,Class 2,Class 2,Class 2,7 SOUTHHOUSE BR,EH17 8DR,6707
327697,667859,n/t/c, ,Class 1,Class 1,Class 1,Class 2,47 SOUTHHOUSE B,EH17 8AS,6708
327694,667854,grocer (lic), ,Class 1,Class 1,Class 1,Class 1,49 SOUTHHOUSE B,EH17 8AS,6709
327744.7716,668155.8093,public house, ,SUI GENERIS,SUI GENERIS,SUI GENERIS,SUI GENERIS,8 SOUTHHOUSE BR,EH17 8HG,6710
327707,667855,vacant, ,Vacant,SUI GENERIS,SUI GENERIS,SUI GENERIS,40 SOUTHHOUSE R,EH17 8EW,6711
327712,667851,baker, ,Class 1,Class 1, , , , ,6712
327717,667847,vacant, ,Vacant,Class 1, , , , ,6713
326345.4119,675257.0019,licensed grocer, ,Class 1,Class 1,Class 1,Class 1,26 SPEY TERRACE,EH7 4PL,6714
324911.001,673200.747500001,betting shop, ,Class 2,Class 2,Class 2,Class 2,1 SPITTAL STREE,EH3 9DY,6715
324917.504,673203.999,vacant, ,Vacant,Class 1,Vacant,Class 1,3 SPITTAL STREE,EH3 9DY,6716
324922.0062,673209.001399999,public house, ,SUI GENERIS,SUI GENERIS,SUI GENERIS,SUI GENERIS,7 SPITTAL STREE,EH3 9DY,6717
324940.0038,673233.0,gifts, ,Class 1,Class 4,Class 2,Class 4,13A SPITTAL STR,EH3 9DY,6718
324948.0033,673245.7513,vacant, ,Vacant,Class 1,Class 1,Class 1,17-19 SPITTAL S,EH3 9DY,6719
324969.252,673273.250600001,car accessories, ,Class 1,Class 1, , , , ,6720
324953.747,673205.001,n/t/c, ,Class 1,Class 1,Class 1,Class 1,4 SPITTAL STREE,EH3 9DX,6721
324956.7494,673209.505000001,grocer, ,Class 1,Class 11, ,Vacant,8-10 SPITTAL ST,EH3 9DX,6722
324960.001,673213.506899999,hairdresser, ,Class 1,Class 1, , , , ,6723
325465.5089,672102.2607,joiner, ,Class 4,Class 1, , , , ,6724
325461.8875,672102.2607,electrician, ,Class 4,Class 4, , , , ,6725
325457.6625,672102.5625,hairdresser, ,Class 1,Class 1, , , , ,6726
323695.8617,672746.053099999,plumber, ,Class 4,Class 9, , , , ,6727
323692.9362,672748.7126,vacant, ,Vacant,Class 9, , , , ,6728
321438.1974,669000.3948,public house, ,SUI GENERIS,SUI GENERIS,SUI GENERIS,SUI GENERIS,27 SPYLAW STREE,EH13 0JT,6729
321449.898,669005.217,garage reception, ,Class 4,SUI GENERIS, , , , ,6730
321376,668972,bank, ,Class 2,Class 2,Vacant,Class 2,20 SPYLAW STREE,EH13 0JX,6731
321459.4772,669009.4078,butcher, ,Class 1,Class 1, ,Class 4,30 SPYLAW STREE,EH13 0JT,6732
324469.6479,673622.2958,hairdresser, ,Class 1,Class 1,Class 1,Class 1,13B STAFFORD ST,EH3 7BR,6733
324426.0203,673678.137700001,restaurant, ,Class 3,UNKNOWN USE, ,Class 4,27A-29A STAFFOR,EH3 7BJ,6734
324479.097,673571.489800001,hearing aid centre, ,Class 2,Class 2,Class 2,Class 2,2B STAFFORD STR,EH3 7AU,6735
324476.8623,673574.096999999, , ,Class 4,Class 1, , , , ,6736
324463.3521,673590.7246,musical instruments, ,Class 1,Class 1, , , , ,6737
324456.6275,673592.372500001,arts and crafts, ,Class 1,Class 1, , , , ,6738
324450.6072,673606.2347, , ,Class 4,Class 1,Class 2,Class 2,14 STAFFORD STR,EH3 7AU,6739
324443.2551,673616.3521,cards, ,Class 1,Class 1,Class 1,Class 1,16A-16B STAFFOR,EH3 7AU,6740
324431.7246,673631.489800001,fishmonger, ,Class 1,Class 1,Class 1,Class 1,18 STAFFORD STR,EH3 7BD,6741
324419.9797,673645.3521,restaurant, ,Class 3,Class 4,Class 2,Class 4,22 STAFFORD STR,EH3 7BD,6742
324415.6072,673651.6072,restaurant, ,Class 3,Class 3,Class 3,Class 3,24A STAFFORD ST,EH3 7BD,6743
325618.5146,676810.7952,roofing contractor, ,Class 4,Class 4,Class 4,Class 4,2 STANLEY ROAD,EH6 4SJ,6744
325614.2307,676809.693499999,vacant, ,Vacant,Class 1,Class 1,Class 1,4-6 STANLEY ROA,EH6 4SJ,6745
325607.5387,676807.6176,plumbing & heating contractor, ,Class 4,Class 4,Class 4,Class 4,8 STANLEY ROAD,EH6 4SJ,6746
325328.5388,677001.7159,baker,Masons Home Bakery,Class 1,Class 1,Class 1,Class 1,1-1A STARBANK R,EH5 3BN,6747
325229.369,676996.269400001,grocer, ,Class 1,Class 2,Class 2,Class 9, , ,6748
325218.4612,676994.630999999,joiner & cabinet maker, ,Class 4,Class 4,Class 4,Class 9, , ,6749
320205,672877,hairdresser, ,Class 1,Class 1,Class 1,Class 1,3 STATION ROAD,EH12 7AA,6750
320203.9749,672870.677100001,café, ,Class 3,Class 3,Class 3,Class 3,5-7 STATION ROA,EH12 7AA,6751
312586.4036,674555.895199999,supermarket,Scotmid,Class 1,Class 1,Class 1,Class 1,1-5 STATION ROA,EH29 9BE,6752
312624,674433,"crafts,teas and coffees",Sunny Bank,Class 1,Class 9, , , , ,6753
312582.2439,674502.243899999,computer supplies,Breslin,Class 2,Class 1, , , , ,6754
312583.4916,674497.502800001,fishmonger,Easton,Class 1,Class 1, , , , ,6755
312608.9963,674410.2533,grocer,McMaster,Class 1,Class 1, , , , ,6756
321401.4392,671730.0561,n/t/c, ,Class 1,Class 1,Class 1,Class 1,1 STENHOUSE CRO,EH11 3JY,6757
321394.0,671728.243000001,butcher, ,Class 1,Class 1,Class 1,Class 1,2 STENHOUSE CRO,EH11 3JY,6758
321386.6262,671727.4299,hairdresser, ,Class 1,Class 1,Class 1,Class 1,3 STENHOUSE CRO,EH11 3JY,6759
321351.8692,671752.887800001,chemist, ,Class 1,Class 1, , , , ,6760
321350.5608,671760.9253,grocer, ,Class 1,Class 1, , , , ,6761
321349.9907,671767.6262,grocer, ,Class 1,Class 1,SUI GENERIS,SUI GENERIS,6 STENHOUSE CRO,EH11 3JY,6762
321375.6262,671802.009299999,baker, ,Class 1,Class 1,Class 1,Class 1,7 STENHOUSE CRO,EH11 3JU,6763
321383.0654,671803.9439,grocer, ,Class 1,Class 1,Class 1,SUI GENERIS,8 STENHOUSE CRO,EH11 3JU,6764
321390.5608,671804.383099999,baker, ,Class 1,Class 1,Class 1,Class 1,9 STENHOUSE CRO,EH11 3JU,6765
321423.8224,671778.6916,draper/po, ,Class 1,Class 1,Class 1,Class 1,10 STENHOUSE CR,EH11 3JU,6766
321426.1962,671771.495300001,grocer, ,Class 1,Class 1,Class 1,Class 1,11 STENHOUSE CR,EH11 3JU,6767
321426.5701,671764.065400001,hot food t/a, ,SUI GENERIS,SUI GENERIS,SUI GENERIS,SUI GENERIS,12 STENHOUSE CR,EH11 3JU,6768
322426,672371,d.i.y. + garden centre,B & Q,Class 1,Class 1,Class 1,Vacant,45 STEVENSON RO,EH11 2SL,6769
322367,672165,furniture,Queensway,Class 1,Class 1,Class 1,Class 1,60 STEVENSON RO,EH11 2SG,6770
322511.7216,672330.773800001,fitted bedrooms, ,Class 1,Class 1,Class 1,SUI GENERIS,96 STEVENSON RO,EH11 2SJ,6771
321522.9318,674898.820499999,sale of fire alarms, ,Class 4,Class 1,Vacant,Class 11,2 STRACHAN ROAD,EH4 3RE,6772
321522.5386,674893.179500001,grocer (lic), ,Class 1,Class 1,Class 1,Class 1,4 STRACHAN ROAD,EH4 3RE,6773
325465.4267,671948.189300001,bank, ,Class 2,Class 2,Class 2,Class 2,20A STRATHEARN,EH9 2AB,6774
325472.0,671950.3607,n/t/c, ,Class 1,Class 1,Class 1,Class 1,21 STRATHEARN R,EH9 2AB,6775
325476.775,671951.319599999,dry cleaner, ,Class 1,Class 1,Class 1,Class 1,21A STRATHEARN,EH9 2AB,6776
325483.0178,671953.455399999,ladies clothing, ,Class 1,Class 1,Class 1,Class 1,21C STRATHEARN,EH9 2AB,6777
325486.9411,671954.964299999,grocer, ,Class 1,Class 1,Class 1,Class 3,21D STRATHEARN,EH9 2AB,6778
325063.5932,675196.3532,antiques, ,Class 1,Class 1,Vacant,Class 1,2 SUMMER PLACE,EH3 5NR,6779
325059.1785,675203.5932,piano shop, ,Class 1,Class 1, , , , ,6780
326268.2464,672443.6305,office, ,Class 4,Class 1,Class 1,Class 1,1-3 SUMMERHALL,EH9 1QE,6781
326270.0,672438.077299999,antiques, ,Class 1,Class 1,Vacant,Class 1,7 SUMMERHALL PL,EH9 1QE,6782
326272.3382,672432.524,grocer, ,Class 1,SUI GENERIS,SUI GENERIS,SUI GENERIS,9 SUMMERHALL PL,EH9 1QE,6783
326274.8309,672426.4155,vacant, ,Vacant,SUI GENERIS,SUI GENERIS,SUI GENERIS,11 SUMMERHALL P,EH9 1QE,6784
326276.2172,672422.2675,vacant, ,Vacant,Class 1,Class 1,Class 1,11A SUMMERHALL,EH9 1QE,6785
326066.3131,676354.445,window blinds, ,Class 1,Class 2,Vacant,Vacant,27 SUMMERSIDE P,EH6 4NY,6786
325121.7587,675121.636299999,vacant, ,Vacant,Demolished, , , , ,6787
325119.2473,675124.775599999,vacant, ,Vacant,Demolished, , , , ,6788
325085.4226,675173.232799999,bric-a-brac, ,Class 1,Class 1,Class 1,Class 1,5 TANFIELD,EH3 5DA,6789
325082.9643,675175.997,vacant, ,Vacant,Class 2,Class 1,Class 1,6 TANFIELD,EH3 5DA,6790
325080.429,675178.8836,hairdresser, ,Class 1,Class 1, , , , ,6791
325077.0395,675182.8025,wigs & hairpieces,A & A Studios,Class 1,Class 1, , , , ,6792
324955.2558,672780.999500001,restaurant,North China,Class 3,Class 3,Class 3,Class 3,3 TARVIT STREET,EH3 9LB,6793
324960.5083,672781.7499,laundrette, ,Class 1,Class 1,Class 1,Vacant,7-9 TARVIT STRE,EH3 9LB,6794
324979.5017,672797.7499,public house,Burlington Bertie,SUI GENERIS,SUI GENERIS,SUI GENERIS,SUI GENERIS,11-13 TARVIT ST,EH3 9LB,6795
325007.2492,672790.248199999,vacant, ,Vacant,Class 9, , , , ,6796
325001.4998,672770.5021,vacant, ,Vacant,Class 1,Class 1,Vacant,2A TARVIT STREE,EH3 9JY,6797
326666.3144,676286.2092,undertaker, ,Class 1,Class 1,Class 1,Class 1,2B TAYLOR GARDE,EH6 6TG,6798
326673.9688,676292.512700001,vacant, ,Vacant,Class 1,Class 1,Class 1,4 TAYLOR GARDEN,EH6 6TG,6799
322646.776,675315.4827,grocer (lic), ,Class 1,Class 1,Class 1,Class 1,25(3) TELFORD D,EH4 2NJ,6800
321526.2136,674952.2819,n/t/c /po, ,Class 1,Class 1,Class 1,Class 1,3 TELFORD ROAD,EH4 2AQ,6801
321529.7522,674950.7092,gardening things, ,Class 1,Class 1,Class 1,Class 1,5 TELFORD ROAD,EH4 2AQ,6802
321534.6409,674948.102399999,florist, ,Class 1,Class 1,Class 1,Class 1,7 TELFORD ROAD,EH4 2AQ,6803
321537.7864,674946.5296,hairdresser, ,Class 1,Class 1,Class 1,Class 1,9 TELFORD ROAD,EH4 2AQ,6804
322840,675627,service station, ,SUI GENERIS,SUI GENERIS,Vacant,Class 9, , ,6805
321651.9569,674889.9659,hairdresser, ,Class 1,Class 1,Class 1,Class 1,4 TELFORD ROAD,EH4 2BA,6806
321660.6068,674889.179500001,furniture, ,Class 1,Class 1, , , , ,6807
321681.1795,674885.9659,launderette, ,Class 1,Class 1,Vacant, , , ,6808
321703.8635,674881.5548,furniture, ,Class 1,Class 1,Class 1,Vacant,14/1-2 TELFORD,EH4 2BA,6809
322542.0347,674953.661599999,service station, ,SUI GENERIS,SUI GENERIS,Class 3,Class 3,74A TELFORD ROA,EH4 2NF,6810
322585.9154,674972.357799999,public house,Telford Arms,SUI GENERIS,SUI GENERIS,SUI GENERIS,SUI GENERIS,(78) TELFORD RO,EH4 2NF,6811
324001.4711,672351.0283,public house, ,SUI GENERIS,SUI GENERIS,SUI GENERIS,SUI GENERIS,1 TEMPLE PARK C,EH11 1JF,6812
323944.0929,672312.9892,vacant, ,Vacant,Vacant, , , , ,6813
323938.6501,672309.3607,french polisher, ,Class 4,Class 4,Class 4,Class 4,29 TEMPLE PARK,EH11 1JF,6814
323918.5357,672297.0713,vacant, ,Vacant,Class 1, , , , ,6815
323912.6393,672293.896400001,insurance, ,Class 4,Class 2,Class 2,Vacant,35 TEMPLE PARK,EH11 1JE,6816
323996.9785,672376.0,grocer & videotape hire, ,Class 1,Class 1,Class 1,Vacant,2 TEMPLE PARK C,EH11 1HT,6817
323993.8035,672373.7322,domestic appliance repairs, ,Class 1,Vacant,Class 2,Class 2,4 TEMPLE PARK C,EH11 1HT,6818
323990.6285,672371.0108,vacant, ,Vacant,Vacant, , , , ,6819
323984.2786,672367.382200001,vacant, ,Vacant,Vacant, , , , ,6820
325792.5689,673167.6578,bookshop,Kempton's University Bookshop,Class 1,Class 1,Vacant,Class 1,2-3 TEVIOT PLAC,EH1 2QZ,6821
325785.7733,673162.4089,2nd hand goods, ,Class 1,Class 1,Class 3,Class 3,4 TEVIOT PLACE,EH1 2QZ,6822
325781.0,673158.6963,hardware, ,Class 1,Class 1,Class 1,Class 1,6-7 TEVIOT PLAC,EH1 2QZ,6823
325773.0385,673154.613299999,bookshop,Ferrier,Class 1,Class 1,Class 1,Vacant,8-9 TEVIOT PLAC,EH1 2QZ,6824
325762.0607,673150.2874,general clothing,Hewat of Edinburgh,Class 1,Class 1, , , , ,6825
325758.9333,673149.5526,greeting cards, ,Class 1,Vacant,Class 1,Class 1,14 TEVIOT PLACE,EH1 2QZ,6826
325755.4859,673148.756999999,hot food t/a, ,SUI GENERIS,SUI GENERIS, , , , ,6827
325747.7956,673146.635500001,florist,Swalk,Class 1,SUI GENERIS, , , , ,6828
325742.3259,673144.9615,bookshop,Ferrier,Class 1,Class 1,Class 1,Class 1,18 TEVIOT PLACE,EH1 2QZ,6829
325733.2044,673142.9615,hardware,Kennedy,Class 1,Class 1,Class 3,Class 3,19-20 TEVIOT PL,EH1 2QZ,6830
331141.9582,672315.829600001,public house, ,SUI GENERIS,SUI GENERIS, , , , ,6831
331205.2765,672277.5748,supermarket - large,Asda,Class 1,Class 1,Class 1,Class 1,100 THE JEWEL,EH15 3AR,6832
331200.6596,672292.085200001,large mixed durable,Asda,Class 1,Class 1, , , , ,6833
331134.703,672265.043,building society, ,Class 2,Class 1, , , , ,6834
331155.1495,672245.9156,dry cleaners, ,Class 1,Class 1, , , , ,6835
325541.8622,673519.7391,office - taxicabs,Radiocabs,Class 4,Class 4,Class 2,Class 2,5 UPPER BOW,EH1 2JN,6836
325006.2492,672704.505000001,carpets, ,Class 1,Class 1, ,Class 2,15 VALLEYFIELD,EH3 9LP,6837
324966.2463,672723.7465,vacant, ,Vacant,Vacant,Class 10,Class 10, , ,6838
324974.7504,672724.2468,restaurant, ,Class 3,Class 3,Class 3,Class 3,22 VALLEYFIELD,EH3 9LR,6839
325528.8309,673468.507300001,general clothing, ,Class 1,Class 1,Class 1,Class 1,1 VICTORIA STRE,EH1 2HE,6840
325538.1232,673473.338199999,restaurant, ,Class 3,Class 3,Class 3,Class 3,7 VICTORIA STRE,EH1 2HE,6841
325559.1232,673480.968699999,restaurant, ,Class 3,Class 1,SUI GENERIS,SUI GENERIS, , ,6842
325550.9395,673477.753599999,public house, ,SUI GENERIS,SUI GENERIS,SUI GENERIS,SUI GENERIS, , ,6843
325585.4176,673507.215,books, ,Class 1,Class 1,Class 1,Class 1,8 VICTORIA STRE,EH1 2HG,6844
325580.7412,673507.215,cafe, ,Class 3,Class 3, , , , ,6845
325571.3885,673506.922700001,gifts,Azteca,Class 1,Class 3, , , , ,6846
325566.1275,673506.338199999,ladies clothes, ,Class 1,Class 1,Class 3,Class 3,16 VICTORIA STR,EH1 2HG,6847
325558.9227,673504.292300001,antiques,Bennet,Class 1,Class 1,Class 1,Class 1,18 VICTORIA STR,EH1 2HG,6848
325553.0773,673502.8309,vacant, ,Vacant,Class 1,Class 1,Class 1,20 VICTORIA STR,EH1 2HG,6849
325540.9978,673498.3528,pictures, ,Class 1,Class 1, , , , ,6850
325536.6137,673496.599099999,pictures, ,Class 1,Class 1, , , , ,6851
325532.2296,673494.8455,pictures, ,Class 1,Class 1,Class 1,Class 1,26 VICTORIA STR,EH1 2JW,6852
325528.7223,673493.091800001,ladies clothes, ,Class 1,Class 1,Class 1,Class 1,28 VICTORIA STR,EH1 2JW,6853
325525.215,673491.0459,jewellery, ,Class 1,Class 3,Class 3,Class 3,30 VICTORIA STR,EH1 2JW,6854
325521.1232,673488.707699999,cafe, ,Class 3,Class 1,Class 1,Class 1,30A VICTORIA ST,EH1 2JW,6855
325517.6159,673486.9541,ladies clothes, ,Class 1,Class 1,Class 1,Class 1,32 VICTORIA STR,EH1 2JW,6856
325514.4009,673485.492699999,newspaper office, ,Class 4,Class 1,Class 1,Class 3,34 VICTORIA STR,EH1 2JW,6857
325511.4781,673483.7391,grocer, ,Class 1,Class 3, , , , ,6858
325507.9708,673481.400900001,antiques, ,Class 1,Class 1, , , , ,6859
331146.5752,672268.3408,shoes, ,Class 1,Class 1,Class 1,Class 1,100/2 THE JEWEL,EH15 3AR,6860
331158.4474,672271.638699999,property shop, ,Class 4,Class 1, , , , ,6861
331169.0004,672275.596100001,video film hire, ,Class 1,Class 1,Class 1,Class 1,(100/5) THE JEW, ,6862
331164.3835,672289.446900001,hairdresser, ,Class 1,Class 1, , , , ,6863
331160.4261,672301.978700001,optician, ,Class 1,Class 1,Class 1,Class 1,100/6 THE JEWEL,EH15 3AR,6864
331156.4687,672315.829600001,jewellers, ,Class 1,Class 1, , , , ,6865
331152.5113,672330.34,chemist, ,Class 1,Class 1, , , , ,6866
325067.0104,672027.7744,vacant, ,Vacant,Class 1, , , , ,6867
325061.4028,672027.444499999,camera repairs, ,Class 1,Class 1, , , , ,6868
324224.7429,672506.0,vacant, ,Vacant,Vacant, , , , ,6869
325281.5865,674116.522,restaurant, ,Class 3,Class 3,Class 1,UNKNOWN USE,25 THISTLE STRE,EH2 1DX,6870
325276.4135,674115.044,hot food take-away,Thistle Sandwich Bar,SUI GENERIS,Class 1,Vacant,Class 1,25A THISTLE STR,EH2 1DX,6871
325246.1729,674106.9355,antiques, ,Class 1,Class 1,Class 1,Class 1,37 THISTLE STRE,EH2 1DY,6872
325238.4135,674104.349099999,public house,Marr's,SUI GENERIS,SUI GENERIS,SUI GENERIS,SUI GENERIS,39 THISTLE STRE,EH2 1DY,6873
325226.739,674101.044,antiques, ,Class 1,Class 11,Class 1,Class 1,41 THISTLE STRE,EH2 1DY,6874
325222.305,674099.9355,restaurant,E.S. Danes,Class 3,SUI GENERIS,Class 1,Class 1,45 THISTLE STRE,EH2 1DY,6875
325200.478,674094.044,antiques, ,Class 1,Class 1,Vacant,Class 3,49A THISTLE STR,EH2 1DY,6876
325192.0,674091.566,beauty parlour,Camargue,Class 1,Class 1,Class 1,Class 1,51 THISTLE STRE,EH2 1DY,6877
325187.1965,674090.088099999,public house, ,SUI GENERIS,SUI GENERIS,SUI GENERIS,SUI GENERIS,55-59 THISTLE S,EH2 1DY,6878
325177.739,674087.522,solicitors, ,Class 2,Class 1,Class 1,Class 1,61 THISTLE STRE,EH2 1DY,6879
326094.511,676255.423,hot food t/a, ,SUI GENERIS,Class 3,Class 3,Class 3,13 TRAFALGAR ST,EH6 4DG,6880
326118.7749,676269.555,car components, ,Class 1,Vacant, ,UNKNOWN USE,20 TRAFALGAR ST,EH6 4DF,6881
324850.738,676998.6457,electrical engineer's office, ,Class 4,Class 4,Class 4,Class 4,2 TRINITY CRESC,EH5 3ED,6882
324953.8229,676966.9926,cornices & mouldings -  office, ,Class 4,Class 4, , , , ,6883
324958.5035,676967.0494,cornices & mouldings, ,Class 4,Class 4, , , , ,6884
324968.2269,676967.092,cornices & mouldings, ,Class 4,Vacant, , , , ,6885
324964.1485,676967.1061,cornices & mouldings, ,Class 4,Class 4, , , , ,6886
324972.4536,676967.092,slater & plasterer, ,Class 4,Class 9, , , , ,6887
325941.4,674050.4001,bank, ,Class 2,Class 2,Class 1,Vacant, , ,6888
326068.1998,674089.199999999,public house, ,SUI GENERIS,Class 3,Class 3,Class 3,29A WATERLOO PL,EH1 3BQ,6889
323971.8143,672426.4428,grocer, ,Class 1,Class 1,Class 1,Class 1,1 WATSON CRESCE,EH11 1HD,6890
323967.2786,672423.2678,heating installers,Heatfactors Ltd.,Class 4,Vacant, , , , ,6891
323963.1965,672421.0,betting shop, ,Class 2,Class 9, , , , ,6892
323963.3499,672454.535700001,security systems, ,Class 4,Class 9, , , , ,6893
323966.0713,672448.185699999,car seat upholsterer, ,Class 4,Class 1,Class 1,Class 9, , ,6894
323902.6393,672409.6501,housing improvement office, ,Class 4,Class 4, , , , ,6895
323860.9071,672382.2786,grocer, ,Class 1,Class 1, , , , ,6896
323729.4471,672275.464299999,grocer, ,Class 1,Class 1,Class 1,Class 1,44 WATSON CRESC,EH11 1ET,6897
329375.7237,671692.991,launderette, ,Class 1,Vacant,Vacant,Demolished, , ,6898
329377.6246,671700.594599999,grocer (lic.), ,Class 1,Vacant,Vacant,Demolished, , ,6899
329375.3964,671684.960999999,grocer (lic.), ,Class 1,Class 1, , , , ,6900
329392.5045,671695.7327,vacant, ,Vacant,Vacant, , , , ,6901
325684.2745,673914.228399999,public house,Cafe Noir,SUI GENERIS,SUI GENERIS,Class 1, , , ,6902
325730.2804,673935.8463,bookshop,Tourist Information,Class 1,Class 1,Class 3, , , ,6903
325745.2469,673939.821699999,bank, ,Class 2,Class 1, , , , ,6904
325757.3385,673939.750600001,bureau de change, ,Class 2,Class 4,Class 1, , , ,6905
325779.623,673952.2158,baker,MacDuff / Old Leith Recipe,Class 1,Class 1, , , , ,6906
325780.5584,673948.7081,greengrocer,J. & S. Banks & Son,Class 1,Class 1, , , , ,6907
325781.4938,673945.4342,butcher,John Aytoun,Class 1,Class 1, , , , ,6908
325782.1954,673942.628,fishmonger,J.T. Stewart,Class 1,Class 1, , , , ,6909
325783.1308,673939.5879,baker,Pringles,Class 1,Class 1, , , , ,6910
325784.0662,673937.0155,grocer,Nature's Kitchen,Class 1,Class 1, , , , ,6911
325785.0016,673934.2093,grocer,Di Mario Delicatessen,Class 1,Class 1, , , , ,6912
325683.0425,673919.4767,vacant, ,Vacant,Vacant, , , , ,6913
325681.8733,673924.387599999,records & tapes,Scotia Musicale,Class 1,Vacant, , , , ,6914
325683.3565,673933.4121,vacant,Fraser & Son,Vacant,Class 1,Class 1, , , ,6915
325681.9133,673929.2674,specialist whisky merchant,The Whisky Shop,Class 1,Class 1,Class 1, , , ,6916
325690.3565,673938.1537,florist,Designer Flowers,Class 1,Class 1,Class 1, , , ,6917
325694.8888,673939.686000001,ladies clothing,Oasis,Class 1,Class 1,Class 1, , , ,6918
325709.4767,673943.7261,photo processing,Focal Point,Class 1,Class 1,Class 1, , , ,6919
325705.9289,673942.8553,vacant, ,Vacant,Class 2,Class 1, , , ,6920
325717.009,673945.959899999,gifts,Craft Centre,Class 1,Class 1,Class 1, , , ,6921
325724.0736,673947.7261,kitchenware,Ross Cookshop,Class 1,Class 1,Class 1, , , ,6922
325730.1382,673949.1938,greeting cards,Presence,Class 1,Class 1,Class 1, , , ,6923
325776.3491,673962.037599999,restaurant,Caravelle,Class 3,Class 3, , , , ,6924
325781.1292,673946.7817,hot food take-away,(seafoods),SUI GENERIS,Class 3,SUI GENERIS, , , ,6925
325784.637,673935.676999999,hot food t/a,(soups & salads),SUI GENERIS,Class 3,Vacant, , , ,6926
325768.8659,673926.024499999,hot food t/a, ,SUI GENERIS,Class 1, , , , ,6927
325780.5584,673924.387599999,hot food t/a,(natural foods),SUI GENERIS,Class 1, , , , ,6928
324975.8926,676967.1061,vacant, ,Vacant,Class 4, , , , ,6929
324955.0922,676996.0922,public house, ,SUI GENERIS,SUI GENERIS,SUI GENERIS,SUI GENERIS,32 TRINITY CRES,EH5 3ED,6930
317960,672788,kitchen units, ,Class 1,Class 1,Class 1,Class 1,42 TURNHOUSE RO,EH12 8LX,6931
326057.6679,674439.1985,vacant, ,Vacant,Class 3,Class 3,Class 3,18 UNION PLACE,EH1 3NQ,6932
326061.6354,674444.8664,vacant, ,Vacant,SUI GENERIS, , , , ,6933
326065.4007,674450.032500001,restaurant (Chinese), ,Class 3,Class 3,Class 3,Class 3,20 UNION PLACE,EH1 3NQ,6934
326068.8015,674454.5668,restaurant (Indian), ,Class 3,Class 3,Class 3,Class 3,21-22 UNION PLA,EH1 3NQ,6935
326075.3682,674463.732799999,vacant, ,Vacant,Class 3,Class 3,Class 3,24-25 UNION PLA,EH1 3NQ,6936
326083.4007,674496.3971,restaurant kitchen, ,Class 3,Class 3, , , , ,6937
326078.2996,674503.1985,restaurant, ,Class 3,Class 3,Class 3,Class 3,5A(BF1) UNION S,EH1 3LT,6938
326066.935,674476.166099999,hairdresser,Blazers,Class 1,Class 1,Class 1,Class 1,4 UNION STREET,EH1 3LU,6939
326063.5343,674480.1336,restaurant,Mange Tout,Class 3,Class 3, , , , ,6940
325531.0773,673527.9541,vacant, ,Vacant,Class 1,Class 1,Class 1,2 UPPER BOW,EH1 2JN,6941
325533.3236,673524.661800001,vacant, ,Vacant,Class 2,Class 1,Class 1,3 UPPER BOW,EH1 2JN,6942
325504.1713,673479.0627,hardware, ,Class 1,Class 1,Vacant,Class 1,40 VICTORIA STR,EH1 2JW,6943
325497.1378,673474.3069,antiques, ,Class 1,Class 1,Class 1,Class 1,42 VICTORIA STR,EH1 2JW,6944
325493.3382,673471.384099999,chemist, ,Class 1,Class 1,Class 1,Class 4,44 VICTORIA STR,EH1 2JW,6945
325491.2923,673468.1691,ladies clothes, ,Class 1,Class 1,Class 1,Class 3,46 VICTORIA STR,EH1 2JW,6946
325529.3301,673498.4614,office,Victoria Masonic Regalia,Class 4,Class 4,Class 1,Class 1,9 VICTORIA TERR,EH1 2JL,6947
325465.3221,673452.282,cafe, ,Class 3,Class 3,Class 2,Class 2,15-16 VICTORIA,EH1 2JL,6948
324633.6024,672187.1445,florist, ,Class 1,Class 3, , , , ,6949
324630.1325,672191.4276,vacant, ,Vacant,Class 3, , , , ,6950
324444.2678,672421.2678,printing & photocopying, ,Class 4,Vacant, , , , ,6951
325852.3207,673892.0305,public house,Talisman Bar (BR),SUI GENERIS,SUI GENERIS,SUI GENERIS,SUI GENERIS,4(01) WAVERLEY,EH1 1BQ,6952
325792,673854,n/t/c,John Menzies (BR),Class 1,Class 1, , , , ,6953
325792,673854,hot food take-away, ,SUI GENERIS,Class 1, , , , ,6954
325792,673854,hot food take-away, ,SUI GENERIS,Class 1, , , , ,6955
325792,673854,public house  / bistro, ,SUI GENERIS,SUI GENERIS, , , , ,6956
325792,673854,hot food take-away, ,SUI GENERIS,SUI GENERIS, , , , ,6957
325792,673854,hot food take-away, ,SUI GENERIS,SUI GENERIS, , , , ,6958
324441.5464,672424.896400001,grocer & n/t/c, ,Class 1,Class 1,Class 1,Class 1,67 VIEWFORTH,EH10 4LQ,6959
324438.825,672428.978499999,vacant, ,Vacant,Class 1,Class 1,Class 1,69 VIEWFORTH,EH10 4LQ,6960
324647.9848,672201.1932,vacant, ,Vacant,Vacant, , , , ,6961
324644.1415,672207.3443,wool, ,Class 1,Class 3, , , , ,6962
324638.9116,672213.7249,snack bar, ,Class 1,Vacant,Class 2,Class 4,10 VIEWFORTH,EH10 4JF,6963
324597.073,672268.881200001,accountants, ,Class 2,Class 4,Class 4,Class 3,24 VIEWFORTH,EH10 4JG,6964
324696.4547,672250.479499999,cards etc, ,Class 1,Class 2,Class 1,Class 1,1 VIEWFORTH GAR,EH10 4ET,6965
324694.4436,672252.643100001,hairdresser, ,Class 1,Class 1,Class 1,SUI GENERIS,3 VIEWFORTH GAR,EH10 4ET,6966
324434.2894,672424.896400001,printing & photocopying, ,Class 4,SUI GENERIS, , , , ,6967
328022.3016,670511.2589,betting shop, ,Class 2,Class 2, , , , ,6968
328008.9501,670502.5178,grocer, ,Class 1,Class 1,Class 1,Class 1,68-70 WALTER SC,EH16 5RL,6969
327997.7055,670494.9858,freezer foods, ,Class 1,SUI GENERIS,SUI GENERIS,SUI GENERIS,72 WALTER SCOTT,EH16 5RL,6970
328002.9929,670498.2589,vacant, ,Vacant,SUI GENERIS,SUI GENERIS,SUI GENERIS,74 WALTER SCOTT,EH16 5RL,6971
327994.0641,670492.251800001,fishmonger, ,Class 1,Class 1,Class 11,Class 11,78 WALTER SCOTT,EH16 5RL,6972
327989.0285,670488.978599999,post office, ,Class 1,Class 1,Class 1,Class 1,80 WALTER SCOTT,EH16 5RL,6973
327983.5392,670484.748199999,grocer, ,Class 1,Vacant,Class 1,Class 3,82 WALTER SCOTT,EH16 5RL,6974
327978.5036,670481.223300001,vacant, ,Vacant,Class 1,Class 1,Class 1,84 WALTER SCOTT,EH16 5RL,6975
327973.7197,670477.6984,n/t/c, ,Class 1,Class 1,Class 1,Vacant,86 WALTER SCOTT,EH16 5RL,6976
327968.9359,670474.676999999,soliciters/estate agents, ,Class 2,Class 2,Class 1,SUI GENERIS,88 WALTER SCOTT,EH16 5RL,6977
327957.2732,670467.0,hot food t/a, ,SUI GENERIS,SUI GENERIS,SUI GENERIS,SUI GENERIS,90 WALTER SCOTT,EH16 5RL,6978
327962.8123,670470.524900001,vacant, ,Vacant,Class 1,Vacant,Class 2,90A WALTER SCOT,EH16 5RL,6979
327950.0,670461.805199999,supermarket,Scotmid,Class 1,Class 1,Class 1,Class 1,94-98 WALTER SC,EH16 5RL,6980
327938.0142,670454.237500001,vacant, ,Vacant,Class 1, , , , ,6981
327933.4822,670451.2162,edin. district housing dept., ,Class 4,Class 2, , , , ,6982
323761.184,676584.184,greengrocer, ,Class 1,Class 1,Vacant,Vacant,2 WARDIEBURN DR,EH5 1BU,6983
323760.3888,676590.2048,hot food t/a, ,SUI GENERIS,SUI GENERIS,Vacant,SUI GENERIS,6 WARDIEBURN DR,EH5 1BU,6984
323759.3888,676594.8576,licensed grocer, ,Class 1,Class 1,Class 1,Vacant,8 WARDIEBURN DR,EH5 1BU,6985
323758.4096,676599.510399999,clothes, ,Class 1,Class 4, , , , ,6986
323757.4305,676603.8576,baker, ,Class 1,Vacant, ,Class 2,10-12 WARDIEBUR,EH5 1BU,6987
323019.777,672270.7764,vacant, ,Vacant,Class 9, , , , ,6988
323023.043,672266.7018,vacant, ,Vacant,Class 9, , , , ,6989
323131.1169,672121.4608,grocer (lic), ,Class 1,Class 9, , , , ,6990
322997.9255,672264.0,vacant, ,Vacant,Class 1,Class 1,Class 1,2 WARDLAW PLACE,EH11 1UB,6991
323001,672260,hot food take-away, ,SUI GENERIS,SUI GENERIS,SUI GENERIS,SUI GENERIS,4 WARDLAW PLACE,EH11 1UB,6992
323086.6064,672295.883099999,cleaning services office, ,Class 4,Class 4, , , , ,6993
323064.6488,672290.127599999,woolshop, ,Class 1,Class 4,residential,residential, , ,6994
323137.2338,672132.7662,vacant, ,Vacant,Class 9, , , , ,6995
325473.1082,672352.476,off license, ,Class 1,Class 1,Class 1,Class 1,37A-37B WARREND,EH9 1HJ,6996
325436.2644,672359.420700001,hairdresser, ,Class 1,Class 1,Class 1,Class 1,39 WARRENDER PA,EH9 1EU,6997
325432.0025,672360.367799999,baker, ,Class 1,Class 1, , , , ,6998
325424.4256,672361.3149,solicitor & estate agent, ,Class 2,Class 2, , , , ,6999
325295.2091,672363.2116,paint, ,Class 1,Class 1,Class 1,Class 1,71 WARRENDER PA,EH9 1ES,7000
325290.0,672362.738,post office, ,Class 1,Class 1,Class 1,Class 1,73 WARRENDER PA,EH9 1ES,7001
325283.8438,672361.843800001,grocer (lic), ,Class 1,Class 1,Class 1,Class 1,77 WARRENDER PA,EH9 1ES,7002
324981.7413,672247.8148,frozen foods, ,Class 1,Class 4, , , , ,7003
324978.0372,672246.148,frozen foods, ,Class 1,Class 4, , , , ,7004
324970.0735,672242.814300001,outdoor equipment,S.Y.H.A.,Class 1,Class 1,Class 4,Class 4,161 WARRENDER P,EH9 1DT,7005
325667.9975,672301.894200001,fishmonger, ,Class 1,Vacant,Class 1,Class 1,2 WARRENDER PAR,EH9 1JQ,7006
325661.8413,672301.894200001,toshiba microwave office, ,Class 4,Vacant,Vacant,Class 4,4 WARRENDER PAR,EH9 1JQ,7007
325655.6851,672301.894200001,hardware, ,Class 1,Class 1,Class 1,Class 1,8 WARRENDER PAR,EH9 1JQ,7008
325591.8413,672301.682700001,grocer, ,Class 1,Class 1,Class 1,Class 1,26 WARRENDER PA,EH9 1JG,7009
325586.1587,672302.156199999,grocer, ,Class 1,Class 1,SUI GENERIS,SUI GENERIS,28 WARRENDER PA,EH9 1JG,7010
325546.9975,672306.367799999,plumber, ,Class 4,Class 1, , , , ,7011
325536.1058,672308.7356,grocer,Scotmid,Class 1,Class 1, , , , ,7012
325488.3678,672319.5769,wholesale souvenirs, ,Class 2,Class 1,Class 1,Class 1,48 WARRENDER PA,EH9 1HH,7013
325482.6851,672320.524,bank, ,Class 2,Class 2,Class 2,Class 2,52-54 WARRENDER,EH9 1HH,7014
325442.3678,672325.471100001,building society, ,Class 2,Class 2,Class 1,Class 1,56 WARRENDER PA,EH9 1EX,7015
325438.5793,672326.418199999,grocer, ,Class 1,Class 1,Class 1,Vacant,58 WARRENDER PA,EH9 1EX,7016
325434.3173,672326.891799999,butcher & poulterer, ,Class 1,Class 1,Class 1,Vacant,60 WARRENDER PA,EH9 1EX,7017
325176.3949,675105.9571,electrical contractors, ,Class 4,Class 3, , , , ,7018
325172.5343,675109.9747,restaurant/take away, ,Class 3,Class 3, , , , ,7019
325169.8762,675112.3694,hairdresser, ,Class 1,Class 1,Vacant,Vacant,4 WARRISTON PLA,EH3 5LE,7020
325456.9739,675478.129699999,d.i.y. & garden centre,B & Q,Class 1,Class 1,Class 1,Class 1,(13) WARRISTON,EH7 4HL,7021
327100.3148,676306.736099999,vacant, ,Vacant,Class 4, , , , ,7022
325897.0,674038.200099999,bank, ,Class 2,Class 1,Class 3,Class 3,1 WATERLOO PLAC,EH1 3BG,7023
325909.3999,674041.4001,public house, ,SUI GENERIS,SUI GENERIS,SUI GENERIS,SUI GENERIS,5-7 WATERLOO PL,EH1 3BG,7024
325919.2,674044.200099999,confectionery, ,Class 1,Class 3,Class 1,Class 1,9 WATERLOO PLAC,EH1 3BG,7025
325775.3941,673923.104699999,hot food take-away (seafood),Amazing Sea Food Corp.,SUI GENERIS,SUI GENERIS,Class 1, , , ,7026
325769.7972,673921.741599999,hot food take-away,Chicken Express,SUI GENERIS,SUI GENERIS,SUI GENERIS, , , ,7027
325758.354,673927.184800001,hot food take-away,Pizza Place,SUI GENERIS,SUI GENERIS,Vacant, , , ,7028
325764.8773,673929.5233,hot food take-away,Caprice,SUI GENERIS,Class 1,Class 1, , , ,7029
325767.619,673930.2984,hot food t/a,Hiroz,SUI GENERIS,Class 1,Vacant, , , ,7030
325768.2559,673928.1537,confectionery,Stewart's Mixture,Class 1,Class 1,Vacant, , , ,7031
325760.7081,673928.009,hot food take-away,The Coffee Stop,SUI GENERIS,Class 3,Class 3, , , ,7032
325739.8062,673915.953400001,confectioner,Maxwell & Kennedy,Class 1,Class 1,Class 1, , , ,7033
325724.0491,673912.316500001,jewellery,Harlequin,Class 1,Class 1,Class 2, , , ,7034
325712.9043,673908.695,general clothing,T-Shirt Print,Class 1,Class 1,Class 1, , , ,7035
325693.3009,673903.944399999,vacant, ,Vacant,Class 1,Class 1, , , ,7036
325707.5969,673907.316500001,furniture,The Pine People,Class 1,Class 1, , , , ,7037
325700.5814,673905.9133,ladies clothes,Leisure & Pleasure,Class 1,Class 1, , , , ,7038
325696.6059,673904.9779,ladies clothes,Knitwear Gallery,Class 1,Class 1, , , , ,7039
325690.7596,673903.341,sportswear,Edinburgh Marathon,Class 1,Class 1, , , , ,7040
325675.1292,673929.2739,bookshop,James Thin,Class 1,Class 1,Class 1, , , ,7041
325675.8553,673933.0646,chemist,Waverley Pharmacy,Class 1,Class 1,Class 1, , , ,7042
325680.4767,673940.363,travel goods,Gullivers / Just in Case,Class 1,Class 1,Class 1, , , ,7043
325688.9444,673943.467700001,ladies clothing,Country Casuals,Class 1,Class 1,Class 1, , , ,7044
325692.695,673944.363,general clothing,Highland Home Industries,Class 1,Class 1,Class 1, , , ,7045
325700.2674,673946.363,shoes,Church,Class 1,Class 1,Class 1, , , ,7046
325707.9043,673948.4922,general clothing,Jaeger,Class 1,Class 1,Class 1, , , ,7047
325719.1137,673951.7261,ladies clothes,Langue de Chat,Class 1,Class 1,Class 1, , , ,7048
325723.8242,673952.959899999,vacant, ,Vacant,Class 1,Class 1, , , ,7049
325734.3475,673955.830700001,ladies clothes,Mondi,Class 1,Class 1,Class 1, , , ,7050
325745.3876,673958.9354,toiletries & cosmetics,The Body Shop,Class 1,Class 1,Class 1, , , ,7051
325756.8307,673962.040100001,bookshop,Stockbridge Bookshop,Class 1,Class 1,Class 1, , , ,7052
325769.0646,673965.338500001,sports equipment,Nevisport,Class 1,Class 1,Class 1, , , ,7053
325787.8618,673921.380999999,toys,Tanya's Toys,Class 1,Class 1,Vacant, , , ,7054
325781.7277,673919.7106,creche,Teddy's Place,Class 4,Class 1, , , , ,7055
325775.1292,673918.033500001,greeting cards,Paper Place,Class 1,Class 1,Vacant, , , ,7056
325757.9444,673913.2829,vacant, ,Vacant,Class 1,Class 1, , , ,7057
325751.4121,673911.750600001,ladies clothes,Alexis,Class 1,Class 1,Class 1, , , ,7058
325745.8798,673910.686000001,vacant, ,Vacant,Class 1,Vacant, , , ,7059
325740.7752,673909.1537,gents clothes,Tie Rack,Class 1,Class 1,Class 1, , , ,7060
325736.1267,673908.017999999,ladies clothes,Gabriella,Class 1,Vacant, , , , ,7061
325726.5388,673905.679500001,vacant, ,Vacant,Vacant, , , , ,7062
325716.7171,673903.341,vacant, ,Vacant,Class 1, , , , ,7063
325719.5233,673904.0425,vacant, ,Vacant,Class 1, , , , ,7064
325704.7907,673900.300899999,general clothing,Benetton,Class 1,Class 1, , , , ,7065
325689.1227,673896.3255,"general clothing, sheepskins",Proudfoot,Class 1,Class 1, , , , ,7066
325680.4702,673894.220799999,vacant, ,Vacant,Class 1, , , , ,7067
325726.6615,673931.403100001,hi-fi & audio goods,Patersons,Class 1,Class 1,Class 1, , , ,7068
325746.354,673936.8708,china & glass,Stockwell China Bazaar,Class 1,Class 1,Class 1, , , ,7069
325736.646,673934.1292,vacant, ,Vacant,Class 1,Class 1, , , ,7070
325719.7571,673932.5724,cafe,Café Plaza,Class 3,Vacant, , , , ,7071
325785.4693,673931.637,florist,Flower Stop,Class 1,Class 3, , , , ,7072
325786.4047,673929.0646,n/t/c,Sweet News,Class 1,Class 3, , , , ,7073
325864,673883,hot food take-away, ,SUI GENERIS,SUI GENERIS,SUI GENERIS,SUI GENERIS, , ,7074
325838.4122,673854.6413,car rental,Godfrey Davis (BR),SUI GENERIS,Vacant,Class 1, , , ,7075
325822.9165,673908.374199999,florist,Cumming (BR),Class 1,Class 1,Class 1,SUI GENERIS,4(52) WAVERLEY,EH1 1BQ,7076
325840.3282,673912.4427,bureau de change,Lenlyn (BR),Class 2,Class 2,Class 2, , , ,7077
325854.2902,673915.7634,travel agent,Capital Holidays (BR),Class 1,Class 1,Class 1, , , ,7078
325828.6793,673909.6183,general clothing,T-shirt Print Int'l (BR),Class 1,Vacant,Class 1, , , ,7079
325792,673854,vacant, ,Vacant,Vacant, , , , ,7080
325792,673854,vacant, ,Vacant,Vacant, , , , ,7081
325792,673854,vacant, ,Vacant,Vacant, , , , ,7082
325792,673854,vacant, ,Vacant,Vacant, , , , ,7083
325952.1573,673884.610300001,vacant, ,Vacant,Vacant,SUI GENERIS,SUI GENERIS,4(60) WAVERLEY,EH1 1BQ,7084
325841.4122,673843.6108,vacant, ,Vacant,Vacant,Class 1, , , ,7085
325831.4963,673881.2366,confectionery, ,Class 1,Vacant,Class 1, , , ,7086
327246,674149,vacant, ,Vacant,Demolished, , , , ,7087
327244.4716,674145.867900001,vacant, ,Vacant,Demolished, , , , ,7088
327223.3568,674105.907400001,vacant, ,Vacant,Class 4, , , , ,7089
325795.7031,673948.722899999,gifts,Edinburgh Crafts & Gifts,Class 1,Class 1,Class 1,Vacant,1 WAVERLEY STEP,EH2 2EH,7090
325796.5128,673945.6654,mens clothes, ,Class 1,Class 1, , , , ,7091
325798.2529,673939.1413,pictures, ,Class 1,Class 1, , , , ,7092
325799.3497,673935.4432,gifts, ,Class 1,Class 1,Class 1,Vacant,7 WAVERLEY STEP,EH2 2EH,7093
327217.477,676047.523,camping & outdoor equipment, ,Class 1,Class 1, , , , ,7094
324806,674084,sports shop,Blues,Class 1,Class 1, , , , ,7095
325855.4914,675063.474199999,vacant, ,Vacant,Class 9, , , , ,7096
325780.5086,675132.295600001,grocer, ,Class 1,Class 11, , , , ,7097
325776.2475,675134.0,insurance office, ,Class 4,UNKNOWN USE, ,Class 4,30 ANNANDALE ST,EH7 4JY,7098
325489.0957,673461.259400001,jeweller, ,Class 1,Class 1,Class 1,Class 1,87 WEST BOW,EH1 2JP,7099
325488.215,673456.5845,antiques, ,Class 1,Class 1,Class 1,Class 1,89 WEST BOW,EH1 2JP,7100
325488.215,673451.615900001,vacant, ,Vacant,Class 1,Class 1,Class 1,93 WEST BOW,EH1 2JP,7101
325487.3382,673444.5386,antiques, ,Class 1,Class 1,Class 1,Class 1,95 WEST BOW,EH1 2JP,7102
325486.7996,673438.4155,"jokes, novelties & fancy goods",Score Promotions,Class 1,Class 1,Class 1,Class 1,99 WEST BOW,EH1 2JP,7103
325482.7996,673421.985400001,antiques, ,Class 1,Class 1, , , , ,7104
325523.1232,673466.0,public house,Cheers,SUI GENERIS,SUI GENERIS,SUI GENERIS,SUI GENERIS,80 WEST BOW,EH1 2HH,7105
325517.3841,673464.215,antiques, ,Class 1,Class 1,Class 2,Class 1,82 WEST BOW,EH1 2HH,7106
325514.1691,673463.0459,woolshop, ,Class 1,Class 1,Class 1,Class 1,84 WEST BOW,EH1 2HH,7107
325510.9541,673461.5845,cafe, ,Class 3,Class 1, , , , ,7108
325505.1086,673457.492699999,grocer, ,Class 1,Class 1, , , , ,7109
325506.3695,673451.246400001,antiques, ,Class 1,Class 1,Class 1,Class 1,96 WEST BOW,EH1 2HH,7110
325508.3236,673443.753599999,ladies clothes, ,Class 1,Class 1,Class 1,Vacant,98 WEST BOW,EH1 2HH,7111
325510.9541,673438.2004,antiques,Bennet,Class 1,Class 1,Class 1,Class 1,102 WEST BOW,EH1 2HH,7112
325515.4927,673430.5386,vacant, ,Vacant,Class 1,Class 1,Class 1,108 WEST BOW,EH1 2HH,7113
325521.0773,673423.661800001,vacant, ,Vacant,Class 3,Class 3,Class 3,110 WEST BOW,EH1 2HH,7114
325524.9876,673416.3695,pictures, ,Class 1,Class 1,Class 1,Class 1,116 WEST BOW,EH1 2HH,7115
325527.9103,673413.1545,antiques, ,Class 1,Class 1,Class 4,Class 3,118 WEST BOW,EH1 2HH,7116
326115.2318,672937.8455,vacant, ,Vacant,Class 1, , , , ,7117
326125.4614,672934.0459,antiques, ,Class 1,Class 1, , , , ,7118
326133.9541,672934.1691,coins, ,Class 1,Vacant,Class 1,Class 1,11 CROSSCAUSEWA,EH8 9JW,7119
326137.7536,672934.1691,antiques, ,Class 1,Class 1, ,SUI GENERIS,13 CROSSCAUSEWA,EH8 9JW,7120
326141.5532,672933.876800001,office, ,Class 4,Vacant,Vacant,Vacant,17 CROSSCAUSEWA,EH8 9JW,7121
326201.1378,672933.753599999,electric cookers, ,Class 1,Class 2, , , , ,7122
326074.6764,672971.3695,musical instruments, ,Class 1,Class 1,SUI GENERIS,SUI GENERIS,2 CROSSCAUSEWAY,EH8 9JP,7123
326143.1691,672953.031300001,office, ,Class 4,Class 9, , , , ,7124
326145.7996,672953.031300001,plumber, ,Class 4,Class 4, , , , ,7125
326151.7077,672952.785,bookshop, ,Class 1,Class 1,Vacant,Class 1,40-42 CROSSCAUS,EH8 9JP,7126
326161.9957,672952.0627,public house, ,SUI GENERIS,SUI GENERIS,SUI GENERIS,SUI GENERIS,44 CROSSCAUSEWA,EH8 9JP,7127
321939.3574,676399.129699999,butcher, ,Class 1,Demolished, , , , ,7128
321937.098,676398.645500001,grocer (lic), ,Class 1,Demolished, , , , ,7129
321934.6772,676398.0,n/t/c /po, ,Class 1,Demolished, , , , ,7130
321932.4178,676397.515799999,vacant, ,Vacant,Demolished, , , , ,7131
323232,676860,grocer (lic), ,Class 1,Class 1,Class 1,Class 1,201-203 WEST GR,EH5 1PD,7132
323222.1887,676857.193,grocer (lic), ,Class 1,Class 1,Class 1,Class 1,205 WEST GRANTO,EH5 1PD,7133
323217.5791,676855.3904,n/t/c, ,Class 1,SUI GENERIS, , , , ,7134
323208.2105,676853.5704,chemist, ,Class 1,Class 1, , , , ,7135
323303.3904,677031.0044,glaziers, ,Class 4,Class 4,Class 4,Class 4,68 WEST GRANTON,EH5 1HR,7136
323258.3599,676939.724099999,public house, ,SUI GENERIS,SUI GENERIS,SUI GENERIS,SUI GENERIS,114 WEST GRANTO,EH5 1PF,7137
323253.0087,676925.9913,off licence, ,Class 1,Class 1,SUI GENERIS,SUI GENERIS,116 WEST GRANTO,EH5 1PF,7138
323249.9782,676912.9826,butcher, ,Class 1,SUI GENERIS, , , , ,7139
323245.5878,676905.7983,hot food t/a, ,SUI GENERIS,SUI GENERIS, , , , ,7140
323241.9956,676901.4078,betting shop, ,Class 2,Class 2,Class 2,Class 2,126 WEST GRANTO,EH5 1PF,7141
323238.0044,676898.2148,n/t/c, ,Class 1,Class 1,Class 1,Class 1,128 WEST GRANTO,EH5 1PF,7142
323234.0131,676894.2235,grocer (lic), ,Class 1,Class 1,Class 1,Class 1,132 WEST GRANTO,EH5 1PF,7143
323230.4209,676891.0305,info. centre, ,Class 4,Class 2, ,Class 2,134-138 WEST GR,EH5 1PE,7144
323226.0305,676888.2366,betting shop, ,Class 2,Class 2, , , , ,7145
323220.6009,676885.2061,grocer, ,Class 1,Class 1, , , , ,7146
319776.1271,669894.0711,job centre, ,Class 1,Class 1, , , , ,7147
319774.1767,669899.1423,building society,Leeds Permanent Building Society,Class 2,Class 2,Class 2,Class 2,18 WESTER HAILE,EH14 2SW,7148
319770.2758,669910.0647,electrical goods,S.S.E.B.,Class 1,Class 4,Class 1,Vacant,19 WESTER HAILE,EH14 2SW,7149
319801.0927,669951.6338,frozen foods,Capital,Class 1,Class 2,Vacant,Vacant,20 WESTER HAILE,EH14 2SW,7150
319772.8729,669943.653100001,vacant, ,Vacant,Class 1,Class 1,Class 1,20(A) WESTER HA,EH14 2SW,7151
319807.7242,669933.299699999,off licence,Victoria Wine,Class 1,Vacant,Vacant,Vacant,21 WESTER HAILE,EH14 2SW,7152
319815.916,669915.1359,baker,City Bakeries,Class 1,Class 1, , , , ,7153
319823.3277,669896.6315,greengrocer,Paterson,Class 1,Class 1,Class 2,Class 2,25 WESTER HAILE,EH14 2SW,7154
323212.7939,676883.2105,vacant, ,Vacant,Class 1,Class 1,Class 1,142 WEST GRANTO,EH5 1PE,7155
323207.193,676881.8113,hot food t/a, ,SUI GENERIS,SUI GENERIS,SUI GENERIS,SUI GENERIS,144 WEST GRANTO,EH5 1PE,7156
323200.5965,676879.6052,fishmonger, ,Class 1,Class 1,Class 1,Class 1,146 WEST GRANTO,EH5 1PE,7157
323196.1974,676878.2061,video film hire, ,Class 1,Class 1,Vacant,SUI GENERIS,148 WEST GRANTO,EH5 1PE,7158
323189.0044,676876.0087,amusements, ,Class 11,Class 1,Class 11,Class 1,150-152 WEST GR,EH5 1PE,7159
322770.6535,676732.5474,betting shop, ,Class 2,Class 2, , , , ,7160
322766.0,676731.182499999,grocer, ,Class 1,SUI GENERIS,SUI GENERIS,Vacant,306 WEST GRANTO,EH5 1HY,7161
322709.5141,676759.211300001,bingo club, ,Class 11,Vacant, , , , ,7162
322721.407,676713.902799999,hardware/toys, ,Class 1,Class 1,Class 1,Class 1,316 WEST GRANTO,EH5 1QN,7163
322713.8761,676711.0591,hot food t/a, ,SUI GENERIS,SUI GENERIS,Vacant,Vacant,318 WEST GRANTO,EH5 1QN,7164
322709.9704,676709.5901,launderette, ,Class 1,Vacant,Vacant,Vacant,320 WEST GRANTO,EH5 1QN,7165
322705.1916,676707.6845,n/t/c, ,Class 1,Class 1,Vacant,Vacant,322 WEST GRANTO,EH5 1QN,7166
322701.2831,676705.9648,grocer (lic), ,Class 1,Class 2,Class 2,Vacant,326 WEST GRANTO,EH5 1QN,7167
322695.5014,676704.026799999,hairdresser, ,Class 1,Class 1,Class 1,Vacant,328 WEST GRANTO,EH5 1QN,7168
323596.5687,677338.8169,furniture,Queensway,Class 1,Class 1,Vacant,Class 1, , ,7169
323607.9216,677380.444499999,carpets,General George,Class 1,Class 1,Class 1,Vacant, , ,7170
324198.0,673310.283399999,photocopying service, ,Class 4,Class 4,Class 4,Class 4,3 MAITLAND STRE,EH12 5DS,7171
324195.4462,673307.364800001,records, ,Class 1,Class 1, , , , ,7172
324190.3517,673302.837200001,post office, ,Class 1,Class 1,Class 1,Class 1,4A MAITLAND STR,EH12 5DS,7173
324178.9869,673293.931700001,restaurant, ,Class 3,Class 3,Class 3,Class 3,6A MAITLAND STR,EH12 5DS,7174
324173.811,673290.837200001,grocer, ,Class 1,Class 1,Class 1,Class 1,7 MAITLAND STRE,EH12 5DS,7175
324170.8924,673288.283399999,greengrocer, ,Class 1,Class 1,Class 1,Class 1,7A MAITLAND STR,EH12 5DS,7176
324165.9186,673285.755799999,restaurant, ,Class 3,Class 3,Class 3,Class 3,8 MAITLAND STRE,EH12 5DS,7177
324162.6352,673282.4724,vacant, ,Vacant,Class 1,Vacant,Class 1,8A MAITLAND STR,EH12 5DS,7178
324158.9869,673279.5538,electrical goods, ,Class 1,Vacant,Class 1,Class 1,9A MAITLAND STR,EH12 5DS,7179
324154.2864,673276.119000001,optician, ,Class 1,Vacant,Class 3,Class 3,10 MAITLAND STR,EH12 5DS,7180
324151.6052,673273.6415,records & casettes, ,Class 1,Class 3,Class 1,Vacant,10A MAITLAND ST,EH12 5DS,7181
324143.2311,673266.983100001,public house, ,SUI GENERIS,SUI GENERIS,SUI GENERIS,SUI GENERIS,11A-14 MAITLAND,EH12 5DS,7182
324125.9055,673293.703500001,baker, ,Class 1,Class 1,Class 1,Class 1,16 MAITLAND STR,EH12 5EA,7183
324129.9186,673297.3517,gifts, ,Class 1,Class 1,Vacant,Class 1,17 MAITLAND STR,EH12 5EA,7184
324133.5669,673299.9055,shoe repair, ,Class 1,Class 1,Class 3,Class 1,18 MAITLAND STR,EH12 5EA,7185
324137.9738,673303.136600001,betting shop, ,Class 2,Class 2, , , , ,7186
324143.0814,673307.149700001,travel agents, ,Class 1,Class 2, , , , ,7187
324147.0945,673310.068299999,hairdresser, ,Class 1,Class 1,Class 1,Class 1,22 MAITLAND STR,EH12 5EA,7188
324150.3779,673312.622099999,baker, ,Class 1,Class 1,Vacant,Class 2,23 MAITLAND STR,EH12 5EA,7189
324153.6613,673315.175899999,opticians, ,Class 1,Vacant,Class 1,Class 1,24 MAITLAND STR,EH12 5DX,7190
324161.4855,673320.8663,bank, ,Class 2,Class 2,Class 2,Class 2,25-26 MAITLAND,EH12 5DX,7191
324170.0945,673326.8794,wine bar, ,SUI GENERIS,SUI GENERIS,SUI GENERIS,SUI GENERIS,28 MAITLAND STR,EH12 5DX,7192
324173.7427,673330.162799999,snacks, ,Class 1,Class 3,Class 3,Class 3,29 MAITLAND STR,EH12 5DX,7193
324186.3096,673340.270300001,bank, ,Class 2,Class 2,Class 1,Class 1,32 MAITLAND STR,EH12 5DZ,7194
321066,668771,furniture,Shapes,Class 1,Class 1, , , , ,7195
326114.8768,673086.400900001,vacant, ,Vacant,Vacant, , , , ,7196
326090.1691,673063.246400001,gifts, ,Class 1,Class 1,Class 1,Class 1,17 NICOLSON STR,EH8 9DA,7197
326073.6305,673047.8309,hot food take-away, ,SUI GENERIS,SUI GENERIS,SUI GENERIS,SUI GENERIS,31 NICOLSON STR,EH8 9DB,7198
326070.1232,673045.2004,records & tapes, ,Class 1,Class 1,Class 1,Class 3,33 NICOLSON STR,EH8 9DB,7199
326065.1378,673041.4614,gifts, ,Class 1,Class 1,Class 1,Class 1,35 NICOLSON STR,EH8 9DB,7200
326061.9227,673039.123199999,vacant, ,Vacant,Class 2,Class 1,Class 1,37 NICOLSON STR,EH8 9DB,7201
326058.7077,673036.2004,general clothing, ,Class 1,Class 3,Class 3,Class 3,41 NICOLSON STR,EH8 9DB,7202
326056.3695,673034.446799999,slater, ,Class 4,Class 1,Class 1, , , ,7203
326051.2609,673030.0,glaziers, ,Class 4,Class 4,Class 4, , , ,7204
326048.9227,673027.9541,hairdresser, ,Class 1,Class 1,Class 2,Class 2,47 NICOLSON STR,EH8 9DB,7205
326046.2923,673025.908199999,woolshop, ,Class 1,Class 3,Class 3,Class 3,51-53 NICOLSON,EH8 9DB,7206
326043.3695,673023.2777,restaurant, ,Class 3,Class 3, , , , ,7207
326039.0918,673019.123199999,vacant, ,Vacant,Class 3,Class 3,Class 3,55 NICOLSON STR,EH8 9DB,7208
326072.6931,673021.922700001,restaurant, ,Class 3,SUI GENERIS,SUI GENERIS,Class 3,32/1 NICOLSON S,EH8 9DD,7209
326077.0773,673026.3069,public house, ,SUI GENERIS,SUI GENERIS,SUI GENERIS,SUI GENERIS,32/2 NICOLSON S,EH8 9DD,7210
326068.6013,673011.1086,public house,Pear Tree,SUI GENERIS,SUI GENERIS,SUI GENERIS,SUI GENERIS,34 NICOLSON STR,EH8 9DD,7211
325283.5532,673305.014599999,general clothing, ,Class 1,Class 1,Class 1,Class 1,9 WEST PORT,EH1 2JA,7212
325274,673293,hairdresser, ,Class 1,Class 1,Class 1,Class 1,11 WEST PORT,EH1 2JA,7213
325067.5026,673218.248199999,pet shop, ,Class 1,Class 1,Class 2,Class 1,137 WEST PORT,EH3 9DP,7214
325064.001,673215.997099999,baker, ,Class 1,Class 1,Class 1,Class 1,139 WEST PORT,EH3 9DP,7215
325059.7489,673213.2458,bookshop, ,Class 1,Class 1,Class 1,Class 1,141 WEST PORT,EH3 9DP,7216
325054.7489,673210.246300001,fishmonger, ,Class 1,Vacant,Class 1,Class 1,143 WEST PORT,EH3 9DP,7217
325048.7542,673206.750800001,hairdresser, ,Class 1,Class 1,Class 1,Class 1,145-147 WEST PO,EH3 9DP,7218
325042.7513,673203.249199999,books, ,Class 1,Vacant,Class 1,Class 1,151 WEST PORT,EH3 9DP,7219
325035.9981,673199.747500001,wholesale grocer, ,Class 2,Class 1,Class 1,Class 1,155 WEST PORT,EH3 9DP,7220
325031.7461,673197.496400001,public house, ,SUI GENERIS,SUI GENERIS,SUI GENERIS,SUI GENERIS,157-159 WEST PO,EH3 9DP,7221
325163.6618,673237.922700001,vacant, ,Vacant,Class 1,Class 1,Class 1,62 WEST PORT,EH1 2LD,7222
325093.5145,673191.7623,public house, ,SUI GENERIS,SUI GENERIS,SUI GENERIS,Demolished, , ,7223
326279.0043,672415.816299999,public house, ,SUI GENERIS,SUI GENERIS,SUI GENERIS,SUI GENERIS,1-2 WEST PRESTO,EH8 9PX,7224
326334.2464,672421.492699999,bicycles, ,Class 1,Class 1,Class 1,Class 9, , ,7225
326398.7996,672426.9541,betting shop, ,Class 2,Class 2,Class 2,Class 2,19-20 WEST PRES,EH8 9PU,7226
326397.5386,672400.384099999,charity shop, ,Class 1,Class 1,Class 1,Class 1,23 WEST PRESTON,EH8 9PZ,7227
326387.0918,672399.384099999,public house, ,SUI GENERIS,SUI GENERIS,SUI GENERIS,SUI GENERIS,24-26 WEST PRES,EH8 9PZ,7228
326365.9854,672397.7996,sports equipment, ,Class 1,Class 1, , , , ,7229
326378.5532,672398.6764,sports equipment, ,Class 1,Class 1, , , , ,7230
326341.5073,672394.8455,carpets, ,Class 1,Vacant, ,Class 4,31-32 WEST PRES,EH8 9PY,7231
326335.9541,672394.553200001,grocer, ,Class 1,Class 1,Class 1,Class 4,33 WEST PRESTON,EH8 9PY,7232
326328.2609,672393.922700001,restaurant, ,Class 3,Class 3,Class 3,Class 3,34 WEST PRESTON,EH8 9PY,7233
326321.2464,672393.338199999,vacant, ,Vacant,Class 1,Class 1,Class 3,36-37 WEST PRES,EH8 9PY,7234
326313.4155,672392.6305,health clinic, ,Class 2,Class 2, ,Class 1,38-39 WEST PRES,EH8 9PY,7235
326306.2609,672392.446799999,restaurant, ,Class 3,Vacant,Class 3,Class 3,41-42 WEST PRES,EH8 9PY,7236
326297.7996,672391.753599999,vacant, ,Vacant,Class 1,Class 1,Vacant, , ,7237
326293.2464,672391.1691,electrician, ,Class 4,Class 1,Class 1,Vacant,44 WEST PRESTON,EH8 9PY,7238
325779.8749,674045.700099999,public house,Guildford Arms,SUI GENERIS,SUI GENERIS,SUI GENERIS,SUI GENERIS,1 REGISTER STRE,EH2 2AA,7239
325771.325,674043.225099999,betting shop,Waugh,Class 2,Class 2, , , , ,7240
325766.975,674042.074999999,hairdresser,Hair by 7 West,Class 1,Class 1,Class 1,Class 1,7 REGISTER STRE,EH2 2AA,7241
325756.625,674040.950099999,public house,Coronation Inns,SUI GENERIS,SUI GENERIS,SUI GENERIS,SUI GENERIS,13 REGISTER STR,EH2 2AA,7242
325755.1,674046.425000001,hot food t/a,Munchaway s/w bar,SUI GENERIS,Vacant,SUI GENERIS,SUI GENERIS,15-17 REGISTER,EH2 2AA,7243
325751.7251,674060.5998,public house, ,SUI GENERIS,SUI GENERIS,SUI GENERIS,SUI GENERIS,19 REGISTER STR,EH2 2AA,7244
325752.85,674056.324899999,restaurant,Cafe Royal ?,Class 3,Class 3, ,SUI GENERIS,19A REGISTER ST,EH2 2AA,7245
325710.8249,674048.2249,baker,Crawfords,Class 1,Class 1,Class 1,Class 1,50 REGISTER STR,EH2 2AA,7246
326165.0459,673096.4614,public house, ,SUI GENERIS,SUI GENERIS,SUI GENERIS,SUI GENERIS,3-7 RICHMOND ST,EH8 9EF,7247
326173.8943,673103.2234,chemist, ,Class 1,Class 1,Vacant,Class 4,9 RICHMOND STRE,EH8 9EF,7248
326180.6472,673109.507300001,photographer, ,Class 2,Class 2, ,Class 3,13 RICHMOND STR,EH8 9EF,7249
326183.1545,673111.8455,hairdresser, ,Class 1,Class 1,Class 1,Class 1,15 RICHMOND STR,EH8 9EF,7250
326185.8776,673114.037599999,pet shop, ,Class 1,Vacant,Vacant,Class 1,15A RICHMOND ST,EH8 9EF,7251
326187.4614,673147.246400001,vacant, ,Vacant,Class 2, , , , ,7252
326272.0773,673186.0,restaurant, ,Class 3,Class 3,Class 3,Class 3,46 RICHMOND STR,EH8 9DZ,7253
326279.3841,673186.0,vacant, ,Vacant,Class 3,Class 1,Class 1,50 RICHMOND STR,EH8 9DZ,7254
326289.1691,673186.123199999,baker, ,Class 1,Class 1,Class 3,Class 3,52 RICHMOND STR,EH8 9DZ,7255
322280.418,677293.9098,furniture,Just Leather,Class 1, , , , , ,7256
322278.0,677292.7008,d.i.y.,Texas Homecare,Class 1,Demolished, , , , ,7257
322969.0821,677427.328199999,vacant, ,Vacant,Demolished, , , , ,7258
322162.418,677323.9549,furniture,Roselodge Kitchens,Class 1, , , , , ,7259
312984.9775,678334.6994,draper,Carson,Class 1,Class 1, ,Demolished,15 WEST TERRACE,EH30 9LL,7260
312978.0757,678338.1874,consulting architects,Ferry Homecraft,Class 4,Class 4,Vacant,Vacant,19 WEST TERRACE,EH30 9LL,7261
312999.015,678327.496300001,hairdresser,Hunter,Class 1,Class 1,Class 1,Class 1,12 WEST TERRACE,EH30 9LL,7262
312990.985,678331.706900001,betting shop,Barrett,Class 2,Class 2,Class 2,Class 2,14(A) WEST TERR,EH30 9LL,7263
319258,669822,hot food t/a, ,SUI GENERIS,Class 9, , , , ,7264
322021,675497,alfo flooring ltd., ,Class 4,Class 2, , , , ,7265
319797.1918,669962.726500001,betting shop,Ladbrokes,Class 2,Class 1, , , , ,7266
324417.9593,673601.214400001,hairdresser, ,Class 1,Class 1,Class 1,Class 1,12 WILLIAM STRE,EH3 7NH,7267
324408.2754,673595.627499999,womens clothes, ,Class 1,Class 1,Class 1,Class 1,16 WILLIAM STRE,EH3 7NH,7268
324400.8826,673590.7246,womens clothes, ,Class 1,Class 1,Class 1,Class 1,18 WILLIAM STRE,EH3 7NH,7269
324395.2958,673586.627499999,hairdresser, ,Class 1,Class 1,Class 1,Class 1,20 WILLIAM STRE,EH3 7NH,7270
324389.5102,673583.862299999,cafe, ,Class 3,SUI GENERIS, , , , ,7271
324389.8826,673583.862299999,restaurant, ,Class 3,SUI GENERIS,SUI GENERIS,SUI GENERIS,26 WILLIAM STRE,EH3 7NH,7272
324303.4462,673518.188999999,vacant, ,Vacant,Class 1,Class 1,Class 1,28 WILLIAM STRE,EH3 7LJ,7273
324289.5276,673506.0131,hairdresser, ,Class 1,Class 1,Class 1,Class 1,34 WILLIAM STRE,EH3 7LJ,7274
324282.811,673500.9055,restaurant, ,Class 3,Class 3,Class 3,Class 3,38 WILLIAM STRE,EH3 7LJ,7275
328330.6636,674129.809599999,greengrocer, ,Class 1,Class 1,Class 1,Class 1,3 WILLOWBRAE RO,EH8 7DB,7276
319795.2414,669940.7114,n/t/c,Shafi,Class 1,Class 10,Class 1,Class 1,5 WESTER HAILES,EH14 2SW,7277
319794.8513,669940.7114,n/t/c,Shafi,Class 1, , , , , ,7278
319798.7522,669931.349300001,dry cleaner,Pullars,Class 1,Vacant,Class 1,Class 3,6 WESTER HAILES,EH14 2SW,7279
319806.944,669912.0152,t.v. hire & sales,Granada,Class 1,Class 1,Vacant,Class 2,7 WESTER HAILES,EH14 2SW,7280
319802.6531,669921.987199999,optician,J.G. Brown,Class 1,Vacant,Class 1,Class 1,7A WESTER HAILE,EH14 2SW,7281
319811.235,669902.653100001,post office,Post Office,Class 1,Class 1,Class 1,Class 1,8 WESTER HAILES,EH14 2SW,7282
319814.7458,669892.900900001,shoes,I. Ahmed,Class 1,Class 1,Class 11,Class 11,9 WESTER HAILES,EH14 2SW,7283
319818.6466,669883.7586,shoes,Tandem,Class 1,Class 1,Class 1,Vacant,10 WESTER HAILE,EH14 2SW,7284
319823.3277,669874.396500001,ladies' & childrens' clothes,Mackays,Class 1,Class 1,Class 1,Class 1,11 WESTER HAILE,EH14 2SW,7285
319820.9224,669862.971999999,indoor market hall,various,Class 1,Vacant,Class 1,Class 1,12 WESTER HAILE,EH14 2SW,7286
319816.6962,669859.963300001,ladies' & childrens' clothes,R. Tuli,Class 1,Class 2, , , , ,7287
319810.4548,669856.842599999,video film hire,R. Tuli,Class 1, , , , , ,7288
319802.263,669853.331800001,electrical goods,Clydesdale,Class 1,Class 2, , , , ,7289
319790.1703,669861.3038,hairdresser,Das Haar,Class 1,Vacant,Vacant,Class 2, , ,7290
319786.2694,669869.4956,shoes,Flotilla Shoes Ltd.,Class 1,Class 1, , , , ,7291
319831.9096,669878.0776,chemist,Savory & Moore,Class 1,Class 1,Class 1,Class 1,26 WESTER HAILE,EH14 2SW,7292
319830.3493,669855.842599999,supermarket,Presto,Class 1,Class 1,Class 1,Class 1,26A WESTER HAIL,EH14 2SW,7293
319779.9289,669863.709000001,butcher,Alex Munro,Class 1,Class 1, , , , ,7294
319777.1983,669869.6099,frozen foods,Farmfoods,Class 1,Class 1, , , , ,7295
319773.0064,669880.6379,baker,United Biscuits,Class 1,Class 1,Class 1,Class 1,29 WESTER HAILE,EH14 2SW,7296
319767.9353,669893.681,cards,Cardshops Ltd.,Class 1,Class 1,Class 1,Class 2,30 WESTER HAILE,EH14 2SW,7297
319763.6443,669905.9936,hardware/diy,Double M (Retail) Ltd.,Class 1,Class 1,Vacant,Class 1,31-34 WESTER HA,EH14 2SW,7298
319761.3038,669912.234999999,"ladies clothes, elec. goods, gifts",I. Ahmed,Class 1,Class 1,Class 1, , , ,7299
319758.5732,669919.2566,butcher,Coulter,Class 1,Class 1,Class 1, , , ,7300
319755.0624,669926.668199999,baker,Greggs,Class 1,Class 1,Class 1, , , ,7301
319794.4612,669891.5603,unknown, ,UNKNOWN USE, , , , , ,7302
321980.652,673109.3543,greengrocer, ,Class 1,Class 4,Class 1,Class 1,1 WESTERN CORNE,EH12 5PY,7303
321979.9811,673103.652000001,grocer, ,Class 1,Class 1,Class 1,Class 1,3 WESTERN CORNE,EH12 5PY,7304
321978.9749,673097.6143, , ,Class 4,Class 1,Vacant,Vacant,4 WESTERN CORNE,EH12 5PY,7305
321977.9686,673091.912,alarm security systems, ,Class 4,Class 4,Class 2,Vacant,5 WESTERN CORNE,EH12 5PY,7306
321974.9749,673079.6709,hairdresser, ,Class 1,Class 1,Vacant,Class 9, , ,7307
322421.7479,672414.826099999,furniture,Landmark,Class 1,Class 1,Vacant,Vacant,(7) WESTFIELD A,EH11 2QQ,7308
322683.1702,672217.6886,bakers, ,Class 1,Class 1, , , , ,7309
322653.7873,672212.363600001,butcher, ,Class 1,Vacant, , , , ,7310
322648.913,672217.2379,off licence, ,Class 1,Class 1, , , , ,7311
322534.5391,672324.165200001,public house, ,SUI GENERIS,SUI GENERIS,SUI GENERIS,SUI GENERIS,20 WESTFIELD RO,EH11 2QR,7312
324601.3324,672272.753699999,grocer, ,Class 1,Class 9, , , , ,7313
323023.7126,672314.9255,hot food take-away, ,SUI GENERIS,SUI GENERIS,SUI GENERIS,SUI GENERIS,3 WHEATFIELD ST,EH11 2NZ,7314
323042.6172,672328.404300001,hairdresser, ,Class 1,Class 1, , , , ,7315
332171.3407,671948.1248,sports and leisure, ,Class 1,Class 1, , , , ,7316
331930.7853,671873.848300001,grocer, ,Class 1,Class 1,Class 1,Class 1,2B WHITEHILL ST,EH21 8RA,7317
325052.8302,672053.1753,estate agent, ,Class 2,Class 2, , , , ,7318
325054.0531,672046.2347,bagpipes, ,Class 1,Class 1, , , , ,7319
325055.1081,672036.9737,wholesale business machines, ,Class 2,Class 4, , , , ,7320
325056.3401,672030.387,audio-visual consultants, ,Class 4,Class 4, , , , ,7321
318567.4183,675087.3518,hairdresser, ,Class 1,Class 1,Class 1,Class 1,185 WHITEHOUSE,EH4 6BU,7322
318569.3842,675079.8814,grocer (lic), ,Class 1,Class 1,Class 1,Class 1,187-189 WHITEHO,EH4 6BU,7323
318566.632,675069.6588,gifts, ,Class 1,Class 2,Class 2,Class 1,193 WHITEHOUSE,EH4 6BU,7324
318568.9911,675061.0089,chemist, ,Class 1,Class 1,Class 1,Class 1,195 WHITEHOUSE,EH4 6BU,7325
318571.3501,675052.7522,n/t/c (menzies), ,Class 1,Class 1,SUI GENERIS,SUI GENERIS,197 WHITEHOUSE,EH4 6BU,7326
318572.9228,675046.854599999,wool/po, ,Class 1,Class 1,Class 1,Class 1,199 WHITEHOUSE,EH4 6BU,7327
318909.4546,676599.5778,grocer, ,Class 1,Class 1,Class 1,Vacant,20 WHITEHOUSE R,EH4 6HX,7328
318903.87,676599.647,n/t/c /po, ,Class 1,Class 9, , , , ,7329
324426.8826,673628.137700001,shoes, ,Class 1,Vacant,Class 1,Class 1,5 WILLIAM STREE,EH3 7NG,7330
324419.6072,673626.255100001,cards and gifts, ,Class 1,Class 1,Class 1,Class 1,5A WILLIAM STRE,EH3 7NG,7331
324416.2551,673624.3928,hairdresser, ,Class 1,Class 1,Class 1,Class 1,7 WILLIAM STREE,EH3 7NG,7332
324412.5305,673622.158,restaurant, ,Class 3,Class 3,Class 3,Vacant,11(BF)-15 WILLI,EH3 7NG,7333
324409.1784,673619.9233,grocer, ,Class 1,Class 1,Class 1,Class 1,11-13 WILLIAM S,EH3 7NG,7334
324404.3318,673616.862299999,printshop, ,Class 4,Class 1,Class 4,Vacant,15 WILLIAM STRE,EH3 7NG,7335
324394.2754,673610.903000001,public house, ,SUI GENERIS,SUI GENERIS,SUI GENERIS,SUI GENERIS,19-25 WILLIAM S,EH3 7NG,7336
324383.097,673604.255100001,public house, ,SUI GENERIS,SUI GENERIS,SUI GENERIS,SUI GENERIS,29-31 WILLIAM S,EH3 7NG,7337
324294.9186,673534.811000001,hot food t/a, ,SUI GENERIS,Class 1,Class 1,Class 3,33 WILLIAM STRE,EH3 7LW,7338
324291.8503,673533.0,paintings, ,Class 1,Class 1,Class 1,Class 2,35 WILLIAM STRE,EH3 7LW,7339
324289.6613,673531.175899999,hairdresser, ,Class 1,Class 1, , , , ,7340
324286.1076,673527.635199999,tailor, ,Class 1,Class 1, , , , ,7341
324279.8241,673523.4462,homebrew shop, ,Class 1,Class 1, , , , ,7342
324276.391,673520.5407,hairdresser, ,Class 1,Class 1,Class 1,Class 1,45 WILLIAM STRE,EH3 7LW,7343
324273.1076,673517.9869,clothes, ,Class 1,Class 1,Class 1,Class 1,49 WILLIAM STRE,EH3 7LW,7344
324268.4593,673514.4462,sewing accessories, ,Class 1,Class 1,Class 1,Class 1,51 WILLIAM STRE,EH3 7LW,7345
324436.9233,673612.627499999,sweets, ,Class 1,Class 1,Class 1,Class 1,4 WILLIAM STREE,EH3 7NH,7346
324431.3364,673609.2754,betting shop, ,Class 2,Class 2,Class 2,Class 1,4A-6 WILLIAM ST,EH3 7NH,7347
324425.7653,673606.0,clothes, ,Class 1,Class 1,Class 1,Class 1,10 WILLIAM STRE,EH3 7NH,7348
328375.4122,674079.146,hairdresser, ,Class 1,Class 1,Class 1,Class 1,15 WILLOWBRAE R,EH8 7DB,7349
328769.9642,673762.928300001,hot food t/a, ,SUI GENERIS,SUI GENERIS,SUI GENERIS,SUI GENERIS,157 WILLOWBRAE,EH8 7JB,7350
328774.0999,673760.928300001,hot food t/a, ,SUI GENERIS,SUI GENERIS,SUI GENERIS,SUI GENERIS,159 WILLOWBRAE,EH8 7JB,7351
329125.8526,673259.844699999,public house, ,SUI GENERIS,SUI GENERIS,SUI GENERIS,SUI GENERIS,(229) WILLOWBRA,EH8 7ND,7352
329124.8553,673231.2842,grocer, ,Class 1,Class 1,Class 1,Class 1,231 WILLOWBRAE,EH8 7ND,7353
329157,673206,service station, ,SUI GENERIS,SUI GENERIS,SUI GENERIS,SUI GENERIS,235 WILLOWBRAE,EH8 7ND,7354
328339.7893,674123.879899999,grocer, ,Class 1,Class 1,Class 1,Class 1,4 WILLOWBRAE RO,EH8 7DB,7355
328342.6839,674120.502800001,hairdresser, ,Class 1,Vacant,Vacant,Class 4,6 WILLOWBRAE RO,EH8 7DB,7356
328345.9002,674116.160800001,n/t/c, ,Class 1,Class 1,Class 1,Class 1,8 WILLOWBRAE RO,EH8 7DB,7357
328372.0351,674083.327199999,chemist, ,Class 1,Class 1,Class 1,Class 1,14 WILLOWBRAE R,EH8 7DB,7358
328379.4325,674075.286499999,video film hire, ,Class 1,Class 1,Class 1,Class 1,16A WILLOWBRAE,EH8 7DB,7359
330624.1434,673745.0472,post office, ,Class 1,Class 1, , , , ,7360
328270.7542,674139.2717,betting shop, ,Class 2,Class 1,Class 1,Class 1,1 WOLSELEY PLAC,EH8 7AD,7361
328266.8946,674139.914999999,grocer, ,Class 1,Class 1, , , , ,7362
328254.427,674142.0407,bank, ,Class 2,Class 2,Class 2,Class 2,5-7 WOLSELEY PL,EH8 7AD,7363
328240.0056,674143.914999999,baker, ,Class 1,Class 1,Class 1,Class 4,9 WOLSELEY PLAC,EH8 7AD,7364
328228.3752,674145.256899999,bank, ,Class 2,Class 2,Class 1,Class 1,13 WOLSELEY PLA,EH8 7AD,7365
328262.8743,674140.5582,butcher, ,Class 1,Vacant,Class 2,Class 2,4 WOLSELEY PLAC,EH8 7AD,7366
328235.9852,674144.397399999,fishmonger, ,Class 1,Vacant,Class 1,Class 1,10 WOLSELEY PLA,EH8 7AD,7367
328231.9649,674144.879899999,plumber, ,Class 4,SUI GENERIS,SUI GENERIS,SUI GENERIS,12 WOLSELEY PLA,EH8 7AD,7368
328285.5471,674136.578600001,off license, ,Class 1,Class 1, , , , ,7369
328291.4972,674135.613700001,n/t/c, ,Class 1,Class 1, , , , ,7370
327450.6214,675425.66,grocer, ,Class 1,Class 9, , , , ,7371
324921.7518,672536.001399999,public house,Ye Olde Golf Tavern,SUI GENERIS,SUI GENERIS,SUI GENERIS,SUI GENERIS,30 WRIGHT'S HOU,EH10 4HR,7372
324929.2554,672548.257300001,restaurant, ,Class 3,Class 3, , , , ,7373
326878.6071,676111.172800001,public house, ,SUI GENERIS,SUI GENERIS,SUI GENERIS,SUI GENERIS,1-2 YARDHEADS,EH6 6BU,7374
326867.0784,676119.125600001,builder & property agency, ,Class 4,Class 1,Vacant,Vacant,5 YARDHEADS,EH6 6BU,7375
326872.8482,676115.403100001,betting shop, ,Class 2,Class 2,Vacant,Vacant,4 YARDHEADS,EH6 6BU,7376
326863.0261,676121.827199999,security firm, ,Class 4,Vacant,Class 4,Class 4,6 YARDHEADS,EH6 6BU,7377
326859.4241,676124.3036,builder's store, ,Class 4,Vacant,Vacant,Class 9, , ,7378
323949.3715,672550.3715,hot food take-away, ,SUI GENERIS,SUI GENERIS,SUI GENERIS,SUI GENERIS,3 YEAMAN PLACE,EH11 1BR,7379
323952.7429,672543.175000001,bakery, ,Class 1,Class 1, , , , ,7380
323955.9179,672535.0108,baker, ,Class 1,Class 1, , , , ,7381
323931.2571,672535.6285,butcher, ,Class 1,Class 4, , , , ,7382
323958.7214,672467.535700001,electrical repairs,New Town Electrics,Class 1,Class 9, , , , ,7383
323960.5357,672462.092900001,tv repairs, ,Class 1,Class 9, , , , ,7384
323976.3499,672428.257099999,public house, ,SUI GENERIS,SUI GENERIS,SUI GENERIS,SUI GENERIS,30 YEAMAN PLACE,EH11 1BU,7385
323978.6178,672422.814300001,grocer, ,Class 1,Vacant, , , , ,7386
325635.0644,674275.806700001,office supplies, ,Class 2,Class 1, , , , ,7387
325639.4387,674276.0229,key cutting, ,Class 1,Class 1,Class 1,Class 1,3C YORK PLACE,EH1 3EB,7388
325840.8773,674332.8005,n/t/c,Williamson,Class 1,Class 1, , , , ,7389
325837.5093,674331.6778,hairdresser,Das Haar,Class 1,Class 1, , , , ,7390
325861.632,674337.1976,map shop,Thomas Nelson (O.S. Agency),Class 1,Class 1, ,Class 1,51-59 YORK PLAC,EH1 3JD,7391
325932.2372,674358.5656,public house,Conan Doyle,SUI GENERIS,SUI GENERIS,SUI GENERIS,SUI GENERIS,71-73 YORK PLAC,EH1 3JD,7392
325632.3715,674314.513900001,solicitor, ,Class 2,Class 1,Class 1,Class 1,4B YORK PLACE,EH1 3EP,7393
324862.478,673997.1525,n/t/c,Innes,Class 1,Class 1,Class 1,Class 1,5 YOUNG STREET,EH2 4HU,7394
324874,673984,public house,Oxford Bar,SUI GENERIS,SUI GENERIS,SUI GENERIS,SUI GENERIS,8 YOUNG STREET,EH2 4JB,7395
324792.9355,673960.956,public house,Cambridge Bar,SUI GENERIS,SUI GENERIS,SUI GENERIS,SUI GENERIS,20 YOUNG STREET,EH2 4JB,7396
