X,Y,DESCRIP96,BUSINESS96,USECLASS86,USECLASS96,USECLASS04,USECLASS10,ADDRESS,POSTCODE,OBJECTID
326794.4614,673934.384099999,residential, ,Class 3,Class 9,Class 3,Class 3,9 ABBEY STRAND,EH8 8DU,1
327067.4706,674402.0065,hairdresser,L & G Hair,Class 1,Class 1, , , , ,2
326939.8169,674274.0781,demolished, ,Vacant,Demolished, , , , ,3
328372.6636,674066.014799999,building consultants,Foundations,Class 2,Class 4,Class 4,Class 4,4 ABERCORN ROAD,EH8 7DE,4
325432,674403,restaurant,Premier Mandarin Cuisine,Class 3,Class 3, , , , ,5
327065.6429,675875.6072,furniture removal office,Holyrood Removals,Vacant,Class 2,Vacant,Vacant,4 ACADEMY STREET,EH6 7EF,6
327068.7502,675878.964600001,vacant, ,Vacant,Vacant, , , , ,7
326540.7538,676593.450300001,residential, ,Vacant,Class 9,Class 9, , , ,8
326545.0261,676599.0733,residential, ,Vacant,Class 9,Class 9, , , ,9
326547.9528,676602.6754,residential, ,Vacant,Class 9,Class 9, , , ,10
325604.971,674390.9144,public house,The Magnum,SUI GENERIS,SUI GENERIS,SUI GENERIS,SUI GENERIS,1 ALBANY STREET,EH1 3PY,11
325596.783,674420.320800001,hairdresser,Charles Kivlin,Class 1,Class 1,Class 1,Class 1,2 ALBANY STREET,EH1 3QB,12
325600.3632,674421.5142,computer training,STS Group,Class 2,Class 4,Class 4,Class 1,4 ALBANY STREET,EH1 3QB,13
326504.1046,675014.6623,videotape hire,Azad,Class 1,Class 1,Class 1,Vacant,1 ALBERT PLACE,EH7 5HN,14
326499.3377,675008.6754,second-hand furniture,Leith Discount Centre,Class 1,Class 1,Class 1,Class 1,3 ALBERT PLACE,EH7 5HN,15
326496.9739,675005.3377,restaurant & hot food take-away,Naz Tandoori,Vacant,Class 3,Class 3,Class 3,4 ALBERT PLACE,EH7 5HN,16
326488.2593,674992.1688,betting shop,William Hill,Vacant,Class 2,Class 2,Vacant,5 ALBERT PLACE,EH7 5HN,17
326493.3246,674999.260399999,haberdashery,First Choice Fabrics,Class 1,Class 1,Class 1,Class 1,7-8 ALBERT PLACE,EH7 5HN,18
326485.1558,674987.8442,computer games,Game Masters,Vacant,Class 1,Class 3,Class 1,9 ALBERT PLACE,EH7 5HN,19
326482.6623,674984.8181,post office,Post Office,Class 1,Class 1,Class 1,Class 1,10 ALBERT PLACE,EH7 5HN,20
326480.0,674981.0131,hot food take-away,Golden Star,SUI GENERIS,SUI GENERIS,SUI GENERIS,SUI GENERIS,12 ALBERT PLACE,EH7 5HN,21
326477.1296,674977.2985,travel agent,Airlink Travel (Scotland) Ltd.,Class 1,Class 1,Class 1,Class 1,13 ALBERT PLACE,EH7 5HN,22
326470.2723,674968.0,restaurant,Sorrento,Class 3,Class 3, , , , ,23
326466.8954,674963.103499999,public house,The Old Salt,SUI GENERIS,SUI GENERIS,SUI GENERIS,SUI GENERIS,17 ALBERT PLACE,EH7 5HN,24
326459.9869,674956.3638,jeweller,Leith Jewellers,Class 1,Class 1,SUI GENERIS,Class 4,20 ALBERT PLACE,EH7 5HN,25
326457.9608,674953.4935,second-hand goods (recr. / elec. etc.),Boston's,Class 1,Class 1,Class 1,Class 1,21-22 ALBERT PLACE,EH7 5HN,26
326455.5436,674950.1666,public house,The Red Lion,SUI GENERIS,SUI GENERIS,SUI GENERIS,Class 1,25 ALBERT PLACE,EH7 5HN,27
326452.8954,674946.570800001,n/t/c,A.C. Henderson,Class 1,Class 1,Class 1,Vacant,26 ALBERT PLACE,EH7 5HN,28
326450.5316,674943.3627,hairdresser,Bella,Class 1,Class 1,Class 1,Class 1,27 ALBERT PLACE,EH7 5HN,29
326447.9989,674939.817,hairdresser,The Cutting Room,Class 1,Class 1,Class 1,Class 1,28 ALBERT PLACE,EH7 5HN,30
326443.1024,674933.738500001,vacant, ,Class 4,Vacant, , , , ,31
326516.7658,675014.416099999,hot food take-away (Indian),Tandoori Takeaway & Restaurant,Class 3,SUI GENERIS,Class 3,Class 3,3A ALBERT STREET,EH7 5HL,32
326577.7401,675008.803200001,wine merchant,Fairbairns,Class 1,Class 1, , , , ,33
326635.6299,675006.1732,catering contractors,T. Dalgleish & Co.,Class 2,Class 4,Vacant,Class 4,21 ALBERT STREET,EH7 5LH,34
326656.0,675005.2599,vacant, ,Class 2,Vacant,Vacant,Class 1,33 ALBERT STREET,EH7 5LH,35
326679.7401,675003.629899999,estate agents,W.W. & J. Borland,Vacant,Class 2,Class 2,Class 2,45 ALBERT STREET,EH7 5LN,36
326894.1968,674991.1732,hot food take-away,Pizza Connection,SUI GENERIS,SUI GENERIS,Class 4,Class 9, , ,37
326899.6299,674990.0866,residential, ,Vacant,Class 9,Class 9, , , ,38
326977,674981,betting shop,Leith Racing,Class 1,Class 2,Class 9, , , ,39
326543.5577,675038.103499999,sandwich bar,Harvey's,Class 1,Class 1,Class 1,Vacant, , ,40
326547.2723,675037.934599999,welfare,Milan Senior Welfare Council,Class 1,Class 2,Class 2,Vacant,10 ALBERT STREET,EH7 5LG,41
326553.5196,675037.596899999,baker,Sicilian Pastry Shop,Class 1,Class 1,Class 1,Class 1,14-16 ALBERT STREET,EH7 5LG,42
326559.7789,675037.259299999,baker,Sicilian Pastry Shop,Class 1,Class 1, , , , ,43
326566.0261,675037.090399999,grocer,Ben Stores,Vacant,Class 1, , , , ,44
326568.7277,675036.921599999,food take-away,Monte Carlo,Vacant,Class 1,SUI GENERIS,SUI GENERIS,24 ALBERT STREET,EH7 5LG,45
326118.5719,674544.116599999,"trophies, engraving",Emslie Engraving Co.,Class 1,Class 1,Class 1,Vacant,13 ANTIGUA STREET,EH1 3NH,46
326121.5588,674548.934599999,"wallpaper, paints",Fads,Class 1,Class 1,Class 1,Class 1,14 ANTIGUA STREET,EH1 3NH,47
323508.8081,672456.9794,bank,Bank of Scotland,Class 2,Class 2,Class 2,Class 2,1(GF) ARDMILLAN TERRACE,EH11 2JN,48
323508.4043,672448.266000001,hairdresser,Graphics Hair Studio,Class 1,Class 1,Class 1,Class 1,2 ARDMILLAN TERRACE,EH11 2JN,49
323507.1486,672437.788000001,chemist,Ardmillan Pharmacy,Class 1,Class 1,Class 1,Class 1,3 ARDMILLAN TERRACE,EH11 2JN,50
323492.7987,672294.433,vacant, ,Class 1,Vacant, , , , ,51
323492.6706,672290.7195,vacant, ,Class 1,Vacant, , , , ,52
323492.5426,672287.2621,vacant, ,Class 4,Vacant, , , , ,53
323492.2865,672283.420499999,vacant, ,Class 1,Vacant,Class 4,Class 4,24 ARDMILLAN TERRACE,EH11 2JW,54
323492.1584,672279.322799999,"trophies, engraving",Activity Awards,Class 2,Class 1,Class 1,Class 1,25 ARDMILLAN TERRACE,EH11 2JW,55
325660.262,672359.632200001,public house,The Argyle,SUI GENERIS,SUI GENERIS,SUI GENERIS,SUI GENERIS,15-17 ARGYLE PLACE,EH9 1JJ,56
325660.7356,672340.002499999,grocer,Nadia's Fruit Market,Class 4,Class 1,Class 1,Class 1,18 ARGYLE PLACE,EH9 1JJ,57
325660.262,672347.105799999,health foods,New Year Health Food Store,Class 1,Class 1,Class 1,Vacant,20 ARGYLE PLACE,EH9 1JJ,58
325660.7356,672352.7884,restaurant,The Good Year at Marchmont,Class 3,Class 3,Class 3,Class 3,21 ARGYLE PLACE,EH9 1JJ,59
325660.262,672364.0529,antiques,This & That Antiques,Class 1,Class 1,Class 1,Vacant,22 ARGYLE PLACE,EH9 1JJ,60
325660.262,672368.3149,greengrocer,Tse's Fruit Market,Class 1,Class 1,Class 1,Class 1,23 ARGYLE PLACE,EH9 1JJ,61
325660.262,672371.629799999,greengrocer,Haji's Fruitmarket,Class 1,Class 1,Class 1, , , ,62
325660.262,672374.944700001,vacant, ,Class 1,Vacant,Vacant, , , ,63
325660.3149,672383.579299999,n/t/c,F. McCormack,Class 1,Class 1,Vacant, , , ,64
325660.3149,672389.7356,bicycle repairs,Bicycle Works,Vacant,Class 1,Class 1,Class 1,30 ARGYLE PLACE,EH9 1JJ,65
325659.3149,672417.1587,financial services,Credit Union House,Class 2,Class 2,Class 2,Class 4,31 ARGYLE PLACE,EH9 1JT,66
325658.8942,672441.579299999,second-hand goods,n/a,Class 4,Class 1,Class 2,Class 4,38 ARGYLE PLACE,EH9 1JT,67
325658.8942,672447.262,bicycles,David's Bicycle Store,Class 4,Class 1,Class 1,Class 3,39 ARGYLE PLACE,EH9 1JT,68
325658.8413,672456.2644,beauty parlour,The New Gentle Touch,Class 1,Class 1,Class 11,Class 11,40 ARGYLE PLACE,EH9 1JT,69
325658.8413,672462.420700001,hairdresser,Joy Ann's,Class 1,Class 1,Class 11,Class 2,41 ARGYLE PLACE,EH9 1JT,70
325658.3678,672469.0504,architects,Christopher Dinnis Associates,Class 4,Class 4,Class 2,Class 4,43(BF) ARGYLE PLACE,EH9 1JT,71
323354.1444,671717.0359,n/t/c & grocer,Ramzan & Sons,Class 1,Class 1, , , , ,72
323351.2704,671720.432399999,wool merchants,Hughes & Patterson Ltd.,Class 2,Class 2,Class 2,Class 4, , ,73
323348.3965,671723.567600001,plumbers,A1 Emergency Services,Class 4,Class 4, , , , ,74
323345.5225,671726.4416,hairdresser,Ashley Hair Fashions,Class 1,Class 1, , , , ,75
323342.6486,671729.054199999,plumbers & electricians,Ashley House,Vacant,Class 4,Class 1,Class 1,1E ASHLEY TERRACE,EH11 1RF,76
323259.7028,671820.054199999,n/t/c & grocer,Munir & Sons,Class 1,Class 1,Class 1,Class 1,29-30 ASHLEY TERRACE,EH11 1RE,77
323256.3514,671823.4866,soft furnishings,James Aird,Class 1,Class 1,Class 1,Class 1,32 ASHLEY TERRACE,EH11 1RE,78
323253.4775,671826.3606,vacant, ,Class 1,Vacant,Class 2,Class 4,33 ASHLEY TERRACE,EH11 1RE,79
323249.793,671830.8289,security systems,RD Alarm Systems Ltd.,Class 1,Class 4,Class 1,Class 1,34 ASHLEY TERRACE,EH11 1RE,80
323247.1803,671833.9641,"greeting cards, stationery, printing",Goldprint,Class 1,Class 1,Class 1,Class 2,36 ASHLEY TERRACE,EH11 1RE,81
323258.9908,671855.2162,chemist,Tainsh Pharmacy,Class 1,Class 1,Class 1,Class 1,37 ASHLEY TERRACE,EH11 1RY,82
323261.8648,671852.081,florist,Victoria Rose,Class 1,Class 1,Class 4,Class 1,39 ASHLEY TERRACE,EH11 1RY,83
323264.4775,671848.945800001,vacant, ,Class 1,Vacant,Class 4,Vacant,40 ASHLEY TERRACE,EH11 1RY,84
323268.9458,671844.522500001,confectioner & tobacconist,n/a,Class 1,Class 1,Class 4,Class 2,41 ASHLEY TERRACE,EH11 1RY,85
323271.0359,671841.3873,community / church,St. Michael's Parish Church Restoration Shop,Class 1,Class 2,Class 1,Class 1,42 ASHLEY TERRACE,EH11 1RY,86
323273.9099,671837.990800001,videotape hire,Movie Box,Class 1,Class 1,Vacant,Class 1,44 ASHLEY TERRACE,EH11 1RY,87
323276.5225,671835.116900001,grocer,MA Minimarket,Class 1,Class 1,Class 1,Class 1,45 ASHLEY TERRACE,EH11 1RY,88
323280.5584,671831.396500001,butcher,C. Boyle,Class 1,Class 1, , , , ,89
323286.0451,671825.1261,shoes & shoe repairs,Robertsons Shoes,Class 1,Class 1, , , , ,90
323289.1803,671821.729599999,vacant, ,Class 1,Vacant, , , , ,91
323307.9458,671805.081,vacant, ,Class 1,Vacant, , , , ,92
327339.9492,676406.426100001,public house & restaurant,Mongolian Restaurant,SUI GENERIS,SUI GENERIS,Class 3,Class 3,43 ASSEMBLY STREET,EH6 7BQ,93
324313.1759,673394.9186,restaurant (Indian),Indian Cavalry Club,Class 3,Class 3,Class 3,Class 3,3 ATHOLL PLACE,EH3 8HP,94
324284.0945,673372.9186,engineers,Blackwood Partnership,Class 1,Class 4, ,Class 4,6-7 ATHOLL PLACE,EH3 8HP,95
324262.7297,673357.5799,surveyors & estate agents,Dave Davies,Class 1,Class 4,Class 4,Vacant, , ,96
324258.7166,673348.824100001,office,Weight Watchers,Class 4,Class 4,Class 2,Vacant,13 ATHOLL PLACE,EH3 8HP,97
327058,668605,grocer & n/t/c,Tracey's Shop / J. Borthwick,Class 1,Class 1, , , , ,98
330160.5783,673983.477499999,furniture,Mackays, ,Class 1,Class 4,Class 4,11 BAILEYFIELD CRESCENT,EH15 1ET,99
313928.5443,670872.7599,public house,Bridge Inn,SUI GENERIS,SUI GENERIS,SUI GENERIS,SUI GENERIS,27 BAIRD ROAD,EH28 8RU,100
324691.6997,674505.056700001,demolished, ,Class 1,Demolished, , , , ,101
324689.3499,674507.4066,demolished, ,Class 4,Demolished, , , , ,102
324686.8322,674509.5886,demolished, ,Class 1,Demolished, , , , ,103
324684.818,674511.602700001,charity shop,Viewpoint,Class 1,Class 1,Class 1,Class 1,6 BAKER'S PLACE,EH3 6SY,104
324682.8038,674513.449100001,baker,Italian Home Bakery,Class 1,Class 1,Class 1,Vacant,7 BAKER'S PLACE,EH3 6SY,105
324680.6218,674515.463199999,antique furniture,Arcadia,Class 1,Class 1,Class 3,Class 3,8-10 BAKER'S PLACE,EH3 6SY,106
324346.5954,670946.3005,housing association office,Barony Housing,Class 4,Class 2,Class 2,Class 2,8 BALCARRES STREET,EH10 5JB,107
324341.4452,670948.1733,housing association office,Barony Housing,Vacant,Class 2, , , , ,108
324248,670951,car showroom,Western Saab,SUI GENERIS,SUI GENERIS,SUI GENERIS,SUI GENERIS,21-22 BALCARRES STREET,EH10 5JD,109
323959.9364,670866.2544,vacant, ,Class 4,Vacant, , , , ,110
326664.7146,675370.234200001,hairdresser,Individuals,Class 1,Class 1,Class 1,Class 11,3 BALFOUR STREET,EH6 5BY,111
326661.0915,675374.5196,vacant, ,Class 2,Vacant, , , , ,112
326658.5588,675377.558800001,vacant, ,Vacant,Vacant, , , , ,113
326656.3638,675380.597999999,hot food take-away,Seven Seas,SUI GENERIS,SUI GENERIS,SUI GENERIS,SUI GENERIS,7C BALFOUR STREET,EH6 5BY,114
326645.7146,675395.3508,dry cleaner,Manson of Dunbar,Class 1,Class 1,Vacant,Vacant, , ,115
326643.3508,675399.065400001,vacant, ,Vacant,Vacant, , , , ,116
326641.1558,675402.948799999,residential, ,Class 4,Class 9, , , , ,117
326593.7069,675468.823799999,grocer & n/t/c,A M Licensed Grocer,Class 1,Class 1,Class 1,Class 1,29 BALFOUR STREET,EH6 5DQ,118
326530.7663,675554.588099999,vacant, ,Class 4,Vacant, , , , ,119
326678.4975,675400.6231,residential, ,Class 1,Class 9, , , , ,120
326571.598,675036.752699999,butcher,Graham Cherrie,Class 1,Class 1,Class 1,Class 1,26 ALBERT STREET,EH7 5LG,121
326581,675042,disk jockey,Unicorn Entertainments,Class 1,Class 4,Vacant,Class 4,28 ALBERT STREET,EH7 5LG,122
326581,675042,hot food take-away,Dante's Pizza Shop,SUI GENERIS,SUI GENERIS, , , , ,123
326581,675042,scrap metal,Albert Street Metals,Class 2,Class 2,Class 4,Class 4,34 ALBERT STREET,EH7 5LG,124
326860.6535,675020.023600001,stonemason,Stone Restore,Class 4,Class 4,Class 4,Class 4,144 ALBERT STREET,EH7 5LT,125
326870.4331,675019.4803,vacant, ,Class 4,Vacant,Class 2,Vacant,152 ALBERT STREET,EH7 5LT,126
326882.882,675018.937000001,public house,Clan Tavern,SUI GENERIS,SUI GENERIS,SUI GENERIS,Vacant, , ,127
326912.5669,675016.937000001,n/t/c,S & J Albert Stores,Class 1,Class 1,Class 1,Class 1,160 ALBERT STREET,EH7 5NA,128
326918.5433,675016.937000001,vacant, ,Vacant,Vacant,Class 9, , , ,129
326961.2835,675014.6535,vacant, ,Vacant,Vacant, , , , ,130
326969.4331,675014.110200001,laundering & ironing service,Hot Iron,Class 1,Class 1,Class 4,Class 4,176 ALBERT STREET,EH7 5NA,131
326978.5433,675013.5669,public house,Royal Nip,SUI GENERIS,SUI GENERIS,SUI GENERIS,SUI GENERIS,180 ALBERT STREET,EH7 5NA,132
327007.7401,674929.196799999,residential, ,Class 4,Class 9, , , , ,133
327011.5433,674930.283500001,traction recordings,Hire for Sound Edin.,UNKNOWN USE,Class 1,Class 1,Class 1,5 ALBION ROAD,EH7 5QJ,134
327015.8898,674931.370100001,second-hand goods,Clark's Second Hand Emporium,Class 1,Class 1,Class 4,Class 9, , ,135
327022.4803,674933.4803,vacant, ,Vacant,Vacant, , , , ,136
327028.4567,674934.5669,food take-away,Albion Snack Bar,Class 1,Class 1,Class 1,Class 1,11 ALBION ROAD,EH7 5QJ,137
327033.3465,674935.6535,hairdresser (gents),Clippers,Vacant,Class 1,Class 1,Class 1,13 ALBION ROAD,EH7 5QJ,138
327199.0866,674944.5669,public house,Albion Bar,SUI GENERIS,SUI GENERIS,SUI GENERIS,SUI GENERIS,49 ALBION ROAD,EH7 5QP,139
327178.9134,674924.3465,car sales,Albion Road Garage,SUI GENERIS,SUI GENERIS,SUI GENERIS,SUI GENERIS,36-36A ALBION ROAD,EH7 5QU,140
327182.7165,674918.9134,car sales,Albion Road Garage,UNKNOWN USE,SUI GENERIS,SUI GENERIS,SUI GENERIS,38 ALBION ROAD,EH7 5QU,141
327185.4331,674912.937000001,health studio / sauna,Scorpio Leisure,Class 4,Class 11,Class 11,Class 11,42-44 ALBION ROAD,EH7 5QU,142
327230.45,674850.3202,bagpipe manuf. & sales,Albion Bagpipes,Class 4,Class 1, , , , ,143
327237.6131,674846.2665,vacant, ,Vacant,Vacant,Vacant,Vacant,58 ALBION ROAD,EH7 5QZ,144
322568.5184,672179.2147,dentist,A.J. Thomson,Class 2,Class 2, , , , ,145
322565.3849,672184.7853,car windscreens,Edinburgh Autoglass,Class 1,Class 1, , , , ,146
322308.2289,670979.7711,surveyors & estate agents,Davidson & Robertson,Class 2,Class 4,Class 4,Class 4,1 ALLAN PARK ROAD,EH14 1LD,147
324467.0407,673638.979699999,hairdresser,Hair by Maria / Claire's Beauty Box,Class 1,Class 1,Class 1,Class 1,33 ALVA STREET,EH2 4PS,148
324452.842,673658.0407,cafe & take-away food,Elizabeth's,Class 3,Class 3,Class 3,Class 1,34-34B ALVA STREET,EH2 4PY,149
324937.073,672306.9628,bicycles,Edinburgh Bicycle Co-operative,Class 1,Class 1, , , , ,150
324939.8511,672301.962300001,bicycles,Edinburgh Bicycle Co-operative,Class 1,Class 1, , , , ,151
324945.222,672291.0353,plumbers,Rutherford & McAlpine,Class 4,Class 4, , , , ,152
324948.0,672285.4793,bicycles,Edinburgh Bicycle Co-operative,Class 1,Class 1, , , , ,153
325827.785,673648.6764,restaurant,Filling Station,Class 3,Class 3, , , , ,154
325994.7159,676929.4539,public house,Prom Bar,SUI GENERIS,SUI GENERIS, , , , ,155
325985.6384,676931.269400001,engineers,Forth Engineers,Class 1,Class 4,Class 2,Class 2,5 ANCHORFIELD,EH6 4JG,156
325980.6457,676932.177100001,baker,Anchor Bakery,Class 1,Class 1,Class 1,Vacant,6 ANCHORFIELD,EH6 4JG,157
325975.5388,676933.4465,n/t/c,Anchorfield Newsagent,Class 1,Class 1,Class 1,Vacant,7 ANCHORFIELD,EH6 4JG,158
325970.5461,676934.3543,cafe,Lockie's Cafe,Class 1,Class 3,Class 3,Vacant,9 ANCHORFIELD,EH6 4JG,159
323653.1772,672446.220100001,public house,Athletic Arms,SUI GENERIS,SUI GENERIS,SUI GENERIS,SUI GENERIS,1-3 ANGLE PARK TERRACE,EH11 2JX,160
323649.5776,672442.033399999,vacant, ,Class 2,Vacant,Vacant,Class 4,5 ANGLE PARK TERRACE,EH11 2JX,161
323645.6635,672437.3365,betting shop,Credit Bookmaker (U.K.),Class 2,Class 2,Class 2,Class 4,7 ANGLE PARK TERRACE,EH11 2JX,162
323633.4893,672421.792300001,furniture,Pine Furniture Showroom,SUI GENERIS,Class 1, , , , ,163
323594,672386,joiners & decorators,Peter Sandilands,Class 4,Class 4,Class 4,Class 4,22 ANGLE PARK TERRACE,EH11 2JX,164
323583,672368,vacant, ,Class 1,Vacant,Class 11,Vacant,24 ANGLE PARK TERRACE,EH11 2JT,165
323524,672303,public house,Caledonian Sample Room,SUI GENERIS,SUI GENERIS,SUI GENERIS,SUI GENERIS,58 ANGLE PARK TERRACE,EH11 2JR,166
323504.2805,672289.0792,grocer,The Grocers,Class 1,Class 1,Class 1,Class 1,60 ANGLE PARK TERRACE,EH11 2JR,167
323500.8231,672286.2621,hairdresser,Reflections,Class 1,Class 1,Class 1,Class 2,62 ANGLE PARK TERRACE,EH11 2JR,168
323497.573,672283.5122,painters & decorators,Murray Thomson,Class 4,Class 4,Class 1,Class 4,64 ANGLE PARK TERRACE,EH11 2JR,169
323501.0608,672262.841600001,vacant, ,Class 4,Vacant,Class 4,Class 9, , ,170
323504.3901,672265.4026,cleaning contractors,Rosebud Cleaning Services Ltd.,Class 4,Class 4,Class 4,Class 4, , ,171
323507.5914,672267.9637,residential, ,Class 1,Class 9,Class 9, , , ,172
323528.4693,672283.408600001,hairdresser (gents),Harvey's,Class 1,Class 1, , , , ,173
323533.2073,672286.866,car repairs / garage,n/a,Class 1,Class 1,Class 4,Class 4,76 ANGLE PARK TERRACE,EH11 2JP,174
326079.6137,674827.678099999,bathroom furniture & fittings,Bathroom Planet, ,Class 1,Class 1,Demolished, , ,175
325893.622,675029.3608,florist,Garden Room,Class 4,Class 1, , , , ,176
326198.4673,674751.3115,car showroom,Annandale Motors,SUI GENERIS,SUI GENERIS,SUI GENERIS,SUI GENERIS,12 ANNANDALE STREET,EH7 4AN,177
325925.5461,676939.4539,hot food take-away,Annfield Fish Bar,SUI GENERIS,SUI GENERIS,SUI GENERIS,SUI GENERIS,3 ANNFIELD,EH6 4JF,178
325886.262,676944.723300001,public house,The Annfield,SUI GENERIS,SUI GENERIS,SUI GENERIS,SUI GENERIS,10 ANNFIELD,EH6 4JF,179
325756.9004,676976.084899999,residential, ,Vacant,Class 9, , , , ,180
325668.0074,676991.630999999,residential, ,Vacant,Class 9, , , , ,181
326088.4332,674489.1985,hot food take-away,Deep Sea,Class 3,SUI GENERIS,Class 3,Class 3,1 ANTIGUA STREET,EH1 3NH,182
326090.7004,674493.732799999,hot food take-away,Deep Sea Fish & Chips,SUI GENERIS,SUI GENERIS,SUI GENERIS,SUI GENERIS,2 ANTIGUA STREET,EH1 3NH,183
326094.5668,674500.7653,restaurant,Mama Roma,Class 4,Class 3, , , , ,184
326097.4007,674505.8664,travel agent,Scotia Travel,Class 1,Class 1, , , , ,185
326100.8834,674511.9739,computers,Silicon Centre,Class 1,Class 1, , , , ,186
326106.7646,674520.552100001,pictures & picture framing,L. Freedman,Class 1,Class 1,Class 1,Class 1,8 ANTIGUA STREET,EH1 3NH,187
326107.9703,674523.0,restaurant,Golden Bengal,Class 3,Class 3,Class 3,Class 3,9A ANTIGUA STREET,EH1 3NH,188
326109.8834,674527.1296,musical instruments & printed music,Bandparts,Class 1,Class 1, , , , ,189
326051.8914,673524.6472,n/t/c,K. McLean,Class 1,Class 1,Class 1,Vacant,56 BLACKFRIARS STREET,EH1 1NE,190
327837.3064,675703.629000001,hairdresser,Lydia's,Class 1,Class 1,Class 1,Class 9, , ,191
325910.5073,673580.7996,vacant, ,SUI GENERIS,Vacant, , , , ,192
325912.2609,673574.077299999,vacant, ,Class 4,Vacant, , , , ,193
325915.1691,673564.0,vacant, ,Class 1,Vacant,Class 4,Class 4,15 BLAIR STREET,EH1 1QR,194
325918.6305,673549.8309,offices, ,Class 1,Class 4, , , , ,195
325948.5508,673530.09,sauna,Blair Street Sauna,Class 11,Class 11,Class 11,Class 11,30 BLAIR STREET,EH1 1QR,196
326156.9608,674485.260399999,bank,Royal Bank of Scotland,Class 2,Class 2,Class 2,Class 2,2-3A BLENHEIM PLACE,EH7 5JH,197
326170.2081,674483.0392,pets & pet supplies,Dofos Pet Centre,Class 1,Class 1, , , , ,198
325570.8855,676200.934599999,sports clothing & equipment,Gilmour Sports,Class 1,Class 1,Class 1,Class 1, , ,199
326205.3506,675735.588099999,fabrics,The Cloth Shop, ,Class 1,Class 1,Class 1,169 BONNINGTON ROAD,EH6 5BQ,200
326710.0784,676148.1779,public house,Fox's Bar,SUI GENERIS,SUI GENERIS,SUI GENERIS,SUI GENERIS,8 BONNINGTON ROAD,EH6 5JD,201
326707.6282,676141.4241,cafe,Canasta,Class 3,Class 3,Vacant,Class 3,10-12 BONNINGTON ROAD,EH6 5JD,202
326704.4764,676133.774900001,hot food take-away,Treasure House,Vacant,SUI GENERIS,Class 4, , , ,203
326204.1169,675784.881200001,vacant, ,Vacant,Vacant, , , , ,204
326189.1782,675774.9387,vacant, ,Class 2,Vacant,Class 1,Class 1,264 BONNINGTON ROAD,EH6 5BE,205
326176.6475,675765.588099999,grocer,n/a,Class 1,Class 1,Vacant,Class 9, , ,206
326113.7277,674534.5196,food take-away,Dhana's,SUI GENERIS,Class 1, , , , ,207
326115.7538,674538.571900001,vacant, ,SUI GENERIS,Vacant, , , , ,208
321529,672903,grocer,The Corner Shop,Vacant,Class 1, , , , ,209
322253.822,671986.266899999,building preservation,Town & Country Preservation,Class 4,Class 4,Class 4,Class 4,191 BALGREEN ROAD,EH11 2RZ,210
322255.2147,671982.7853,hot food take-away (Chinese),B.M.,SUI GENERIS,SUI GENERIS,SUI GENERIS,SUI GENERIS,193 BALGREEN ROAD,EH11 2RZ,211
322260.4371,671970.947799999,car parts,Vw Audi Parts Centre,Class 1,Class 1, , , , ,212
322262.178,671967.814300001,builders,Robert Dick,Class 1,Class 4,Class 1,Class 1,199 BALGREEN ROAD,EH11 2RZ,213
322263.9188,671963.9845,hot food take-away,Balgreen Fish Bar,SUI GENERIS,SUI GENERIS,SUI GENERIS,SUI GENERIS,203 BALGREEN ROAD,EH11 2RZ,214
322274.3404,671944.6963,public house,Wheatsheaf Inn,SUI GENERIS,SUI GENERIS,SUI GENERIS,Class 4, , ,215
322285.8066,671918.1412,vacant, ,Vacant,Vacant,Vacant,Vacant,213 BALGREEN ROAD,EH11 2RZ,216
322288.5919,671913.963300001,building services engineers,Irons Foulner Partnership,Class 4,Class 4,Vacant,Vacant,215 BALGREEN ROAD,EH11 2RZ,217
322294.8588,671907.6963,hairdresser,B & A Associates,Class 1,Class 1, , , , ,218
322299.0367,671906.3037,betting shop,William Hill,Class 2,Class 2,Class 2,Class 2,221-223 BALGREEN ROAD,EH11 2RZ,219
322303.911,671905.955499999,sports clothing & equipment,Country Life,Class 1,Class 1, , , , ,220
322307.7408,671907.0,sports equipment & clothing,Country Life,Class 1,Class 1,Class 1,Class 1,229 BALGREEN ROAD,EH11 2RZ,221
322022.5243,672316.936000001,hot food take-away (Chinese),Lucky Star,SUI GENERIS,SUI GENERIS,SUI GENERIS,SUI GENERIS,154 BALGREEN ROAD,EH11 3AU,222
322027.5574,672310.749399999,charity office,Scottish Downs Syndrome Association,Class 1,Class 2,Class 2,Class 2,158-160 BALGREEN ROAD,EH11 3AU,223
322033.5343,672303.619100001,hairdresser,Senga's Hair Care,Class 1,Class 1,Class 1,Class 1,164 BALGREEN ROAD,EH11 3AU,224
322039.5111,672296.6986,vacant, ,Vacant,Vacant,Class 1,Class 1,166 BALGREEN ROAD,EH11 3AU,225
322046.0971,672289.741699999,n/t/c & post office,Edwards - Kidd/Balgreen Rd. Sub P.O.,Class 1,Class 1,Class 1,Class 1,170 BALGREEN ROAD,EH11 3AU,226
327333.4213,676456.2082,public house,Corn Exchange Bar,SUI GENERIS,SUI GENERIS,Vacant, , , ,227
327438.3153,676431.334899999,redeveloped to residential, ,Vacant,Class 9,Class 1,Vacant,4 BALTIC STREET,EH6 7BW,228
327434.9459,676431.334899999,redeveloped to residential, ,Vacant,Class 9, , , , ,229
327441.3546,676431.334899999,redeveloped to residential, ,Class 4,Class 9, , , , ,230
327346.2131,676429.680400001,redeveloped to residential, ,SUI GENERIS,Class 9, , , , ,231
326638.0733,676247.502499999,storage for grocer,Imran Bros.,Vacant,Class 2, ,Class 1,3 BANGOR ROAD,EH6 5JY,232
326635.3718,676243.9005,residential, ,Vacant,Class 9, , , , ,233
325590.8309,673632.091800001,vacant, ,Class 1,Vacant,Class 1,Class 1,14 BANK STREET,EH1 2LN,234
325593.4614,673624.785,take-away food,Gustos,SUI GENERIS,Class 1,Class 1,SUI GENERIS,15 BANK STREET,EH1 2LN,235
325594.3382,673618.4155,photographic goods,Castle Photographic,Class 1,Class 1,Class 1,Class 1,16 BANK STREET,EH1 2LN,236
325595.7223,673610.5386,jeweller,R.L. Christie,Class 1,Class 1,Class 1,Vacant,17-20 BANK STREET,EH1 2LN,237
319420.0503,670788.455399999,bank,Bank of Scotland,Class 2,Class 2,Class 2,Class 2,10 BANKHEAD AVENUE,EH11 4HD,238
319399.9475,670798.176899999,bank,Clydesdale Bank,Class 2,Class 2,Class 2,Class 2,12 BANKHEAD AVENUE,EH11 4HD,239
324911.5002,672580.253900001,public house,Barclays,SUI GENERIS,SUI GENERIS,SUI GENERIS,SUI GENERIS,1-3 BARCLAY PLACE,EH10 4HW,240
324909.9995,672577.252499999,financial advisers,Istonelime,Class 1,Class 2, , , , ,241
324904.9971,672566.747500001,restaurant,La Fabrica,SUI GENERIS,Class 3,Class 3,Class 3,7-13 BARCLAY PLACE,EH10 4HW,242
327289.1574,676459.995200001,bank,Royal Bank of Scotland,Class 2,Class 2,Class 2,Class 2,2 BERNARD STREET,EH6 6PU,243
327277.6295,676465.4213,bank,Clydesdale Bank,Class 2,Class 2,Class 2,Class 2,4(GF90) BERNARD STREET,EH6 6PU,244
327215.9395,676514.888599999,vacant, ,Class 2,Vacant,SUI GENERIS,SUI GENERIS,28 BERNARD STREET,EH6 6QD,245
327181.8426,676518.8378,marine electronics,Alexiam,Class 1,Class 2,Class 1,Class 1,38 BERNARD STREET,EH6 6PR,246
327174.7361,676519.1017,public house,Todds Tap,SUI GENERIS,SUI GENERIS,SUI GENERIS,SUI GENERIS,42 BERNARD STREET,EH6 6PR,247
327127.3148,676540.472200001,sandwich shop,VIP Takeaway Foods,Class 1,Class 1,Class 1,Class 1,58 BERNARD STREET,EH6 6PR,248
326351.1399,672634.7245,property managers,Newington Property Managers,Class 4,Class 4, , , , ,249
326366.0168,672609.922700001,redeveloped tor offices, ,Class 1,Redeveloped, , , , ,250
325010.3016,667186.5352,service station,Lothianburn Service Station (Esso),SUI GENERIS,SUI GENERIS, , , , ,251
324767.5459,668235.6908,bank,Royal Bank of Scotland,Class 2,Class 2,Class 2,Class 2,2 BIGGAR ROAD,EH10 7BQ,252
324766.0,668245.2753,n/t/c & post office,Fairmilehead Sub Post Office,Class 1,Class 1,Class 1,Class 2,2A BIGGAR ROAD,EH10 7BQ,253
324769.0918,668227.144200001,dentist,Fairmilehead Dental Practice,Class 1,Class 2,Class 2, , , ,254
324772.1642,668215.9275,grocer,Pinnacle Food Stores,Class 1,Class 1,Class 1,Class 1,6(01) BIGGAR ROAD,EH10 7BQ,255
324797,667782,public house,Fairmile Inn,SUI GENERIS,SUI GENERIS,SUI GENERIS,Vacant,44 BIGGAR ROAD,EH10 7BJ,256
324957.3662,667198.990599999,fencing,Cliffords Fencing Services,Class 1,Class 4, , , , ,257
324972.9354,667027.7289,restaurant & public house,The Steading,SUI GENERIS,Class 3,Class 3,Class 3,118 BIGGAR ROAD,EH10 7DU,258
330141,672476,"draper, post office",Bingham Post Office, ,Class 1,Class 1,Vacant,84 BINGHAM AVENUE,EH15 3HX,259
330147,672484,grocer,Bingham General Store - Taylor, ,Class 1,Class 1,Class 1,86 BINGHAM AVENUE,EH15 3HX,260
324900.9986,672558.2487,vacant, ,Class 1,Vacant, , , , ,261
324881.7442,672523.4921,service station,Links Service Station,SUI GENERIS,SUI GENERIS,Class 1,Class 1,21(02)-23 BARCLAY PLACE, ,262
324880.0005,672520.002900001,hairdresser,Illusions,Class 1,Class 1,Class 1,Vacant,39 BARCLAY PLACE,EH10 4HW,263
324878.2496,672517.501700001,solicitors & estate agents,Thomas H.G. Stewart,Class 1,Class 2,Class 2,Class 2,41 BARCLAY PLACE,EH10 4HW,264
324875.9986,672514.0,domestic staff agency,Helping Hands,Class 4,Class 4, , , , ,265
324873.9976,672509.4979,nursing staff agency,Winsom,Class 4,Class 4, , , , ,266
324871.4955,672505.000499999,electrical goods / electricians,William Watt,Class 1,Class 1,Class 1,Class 1,49 BARCLAY PLACE,EH10 4HW,267
324871.7456,672501.2487,hairdresser (gents),Sirs Barber,Class 1,Class 1,Class 1,Class 1,2 BARCLAY TERRACE,EH10 4HP,268
324875.4974,672499.2477,antiques,Antiques,Class 1,Class 1,Class 1,Class 1,3 BARCLAY TERRACE,EH10 4HP,269
324878.4955,672497.4979,stationery / printing,AP Print,Class 1,Class 1,Vacant,Class 4,5 BARCLAY TERRACE,EH10 4HP,270
324881.5002,672495.996200001,musical instruments,Gordon Stevenson & Laurence Taylor,Class 1,Class 1,Class 1,Class 1,6 BARCLAY TERRACE,EH10 4HP,271
324884.4983,672494.496400001,sheet music,Sheena McNeil,Class 1,Class 1,Class 1,Class 3,7 BARCLAY TERRACE,EH10 4HP,272
324888.5002,672492.7456,crafts,Swan & Reeves,Class 1,Class 1,Class 1,Vacant,8 BARCLAY TERRACE,EH10 4HP,273
324891.5017,672491.244899999,antiques,Links Antiques,Class 1,Class 1,Class 2,Class 1,10 BARCLAY TERRACE,EH10 4HP,274
324894.253,672489.744200001,musical instruments,Pianos,Class 1,Class 1,Vacant,Class 10,11 BARCLAY TERRACE,EH10 4HP,275
324897.0043,672488.4936,hot food take-away,Potatoland,SUI GENERIS,SUI GENERIS,Class 3,Class 3,12 BARCLAY TERRACE,EH10 4HP,276
325800.8058,674544.466600001,fancy goods,Han Pict,Vacant,Class 1,Class 1,Class 1,5 BARONY STREET,EH3 6PD,277
325797.2349,674543.168099999,delicatessen,Edinburgh Delicacies Centre,Class 1,Class 1,Vacant,Class 3,7 BARONY STREET,EH3 6PD,278
325732.4861,674544.799799999,vacant,Tromans,Class 1,Vacant, , , , ,279
325727.9144,674543.428200001,vacant, ,Vacant,Vacant, , , , ,280
325722.8854,674542.056700001,vacant, ,Class 2,Vacant, , , , ,281
325715.1146,674539.256899999,vacant, ,Vacant,Vacant, , , , ,282
327657.7882,676348.403899999,public house,Moray Arms,SUI GENERIS,SUI GENERIS,SUI GENERIS,SUI GENERIS,2 BATH ROAD,EH6 7JT,283
330556.4496,673896.186100001,grocer,Portobello Grocer / The Handy Shop,Class 1,Class 1, , , , ,284
330599.8215,673934.8314,vacant, ,Class 1,Vacant, , , , ,285
330603.6612,673938.337200001,vacant, ,Vacant,Vacant, , , , ,286
330625.6678,673951.8347,unknown - poss. storage ?, ,Class 2,UNKNOWN USE,Vacant,Class 9, , ,287
330628.8397,673954.672700001,unknown - poss. storage ?, ,SUI GENERIS,UNKNOWN USE, , , , ,288
330647.1603,673971.3355,vacant, ,Class 4,Vacant, , , , ,289
330651.0,673975.008199999,residential, ,Vacant,Class 9,Class 9, , , ,290
330739.8182,674059.5074,amusement centre,Treasure Island,Class 11,Class 11, , , , ,291
330753.1735,674081.376800001,amusement centre,Treasure Island,SUI GENERIS,Class 11, ,Class 3,55/2 BATH STREET,EH15 1HE,292
330527.8347,673900.1636,confectioner,Hamiltons,Class 1,Class 1,Class 1,Class 1,4 BATH STREET,EH15 1EY,293
330521.643,673946.907299999,supermarket,Scotmid,Class 1,Class 1,Class 1,Class 1,6 BATH STREET,EH15 1EY,294
330548.8314,673917.8149,hairdresser,Studio 8A,Class 1,Class 1, , , , ,295
330550.9951,673919.813300001,hairdresser,Buddys,Class 1,Class 1,Vacant,Class 2,8A-8B BATH STREET,EH15 1EY,296
330553.8397,673921.988500001,vacant, ,Class 1,Vacant,Class 2,Class 2,8D BATH STREET,EH15 1EY,297
330558.681,673926.3289,vacant, ,Vacant,Vacant, , , , ,298
330563.9984,673930.813300001,hairdresser,Maison Avis,Class 1,Class 1, , , , ,299
330566.5025,673933.1504,hairdresser,Hairlines,Class 1,Class 1,Class 1,Class 1,10B BATH STREET,EH15 1EY,300
330556.3372,673924.1537,restaurant,Porto Grill,Class 3,Class 3,SUI GENERIS,SUI GENERIS,10D-10E BATH STREET,EH15 1EY,301
330712.9934,674057.9802,vacant, ,Class 2,Vacant,Vacant,Vacant,46 BATH STREET,EH15 1HF,302
330717.0,674061.8199,vacant, ,Class 1,Vacant, , , , ,303
330721.0066,674065.4926,fancy goods,Singh,Class 1,Class 1,Vacant,Vacant,50 BATH STREET,EH15 1HF,304
330724.5124,674070.0,amusement centre,Nobles,Class 11,Class 11, , , , ,305
330736.5124,674088.8298,public house,Ruthvens,Vacant,SUI GENERIS,SUI GENERIS,SUI GENERIS,62-66 BATH STREET,EH15 1HF,306
316304.4373,666317.228399999,children's holiday camps - office,EAC Activity Camps,Class 1,Class 2, , , , ,307
326137.4793,674473.6373,public house,Route 66,SUI GENERIS,SUI GENERIS,SUI GENERIS,SUI GENERIS,6 BAXTER'S PLACE,EH1 3AF,308
326143.8181,674481.8442,hot food take-away,Bronx Diner,Class 1,SUI GENERIS,SUI GENERIS,SUI GENERIS,9 BAXTER'S PLACE,EH1 3AF,309
330553,674108,no trace, ,SUI GENERIS,UNKNOWN USE, , , , ,310
325547.6982,671974.6625,chemist,Steven Ward Pharmacy,Class 4,Class 1,Class 1,Class 1,2 BEAUFORT ROAD,EH9 1AG,311
325542.9822,671973.225,vacant, ,Class 1,Vacant,Class 4,Class 4,3 BEAUFORT ROAD,EH9 1AG,312
325537.8107,671971.775,woollens & knitting wool,n/a,Class 1,Class 1,Class 2,Class 2,5 BEAUFORT ROAD,EH9 1AG,313
325533.2071,671970.0768,cash registers,Osler & Robertson,Class 2,Class 2,Class 2,Class 2,6 BEAUFORT ROAD,EH9 1AG,314
325529.0,671969.094599999,wine merchant,Threshers,Class 1,Class 1, , , , ,315
325524.0589,671966.948100001,wine merchant,Threshers,Class 1,Class 1, , , , ,316
325684.9471,675268.526000001,children's nursery,The Edinburgh Nursery,Class 1,Class 10,Class 10,Class 10, , ,317
325706.6846,675287.4211,vacant, ,Vacant,Vacant,Vacant,Vacant,2 BEAVERHALL ROAD,EH7 4JQ,318
323968.1751,673808.649900001,residential, ,Vacant,Class 9, , , , ,319
323962.905,673808.095000001,n/t/c,Belford Road Newsagent,Class 1,Class 1,Class 3,Class 3,54 BELFORD ROAD,EH4 3BR,320
323943.27,673813.299799999,clothing,Q Mark (discount club), ,Class 1, , , , ,321
324466.4475,670911.163799999,public house,Belhaven Inn,SUI GENERIS,SUI GENERIS,SUI GENERIS,SUI GENERIS,7-8 BELHAVEN TERRACE,EH10 5HZ,322
324458.4298,670915.1461,bedroom furniture & fittings,The Mirror Door Company,Class 4,Class 1, , , , ,323
325882.7561,675018.708000001,hot food take-away,Chunky Box,SUI GENERIS,SUI GENERIS, , , , ,324
325884.4605,675023.1822,residential, ,Vacant,Class 9, , , , ,325
325886.165,675027.8694,hairdresser,Ann's Salon,Class 1,Class 1,Vacant,Class 9, , ,326
325889.3608,675031.704399999,grocer & n/t/c,Alexanders,Class 1,Class 1,Class 1,Class 1,42 BELLEVUE ROAD,EH7 4DB,327
325765.1932,674917.128799999,vacant, ,Class 2,Vacant,Class 4,Vacant,2 BELLEVUE STREET,EH7 4BY,328
325765.1932,674925.5493,financial services,Scotia Financial Services,Class 4,Class 2,Class 4,Class 4,4 BELLEVUE STREET,EH7 4BY,329
327267.5278,676418.634400001,hot food take-away,The Sauceboat,SUI GENERIS,SUI GENERIS,SUI GENERIS,SUI GENERIS,1 BERNARD STREET,EH6 6PW,330
327263.3148,676422.426100001,betting shop,William Hill,Class 2,Class 2,Class 2,Class 2,5 BERNARD STREET,EH6 6PW,331
327259.523,676426.6392,public house,Cavern Bar,SUI GENERIS,SUI GENERIS,SUI GENERIS,SUI GENERIS,7 BERNARD STREET,EH6 6PW,332
327255.7312,676429.588400001,post office,Leith Post Office,Class 4,Class 1,Class 1,Class 1,9 BERNARD STREET,EH6 6PW,333
327251.6344,676433.0557,hot food take-away,Pierino's,SUI GENERIS,SUI GENERIS,SUI GENERIS,SUI GENERIS,11 BERNARD STREET,EH6 6PW,334
327246.1065,676438.1065,dentist,Kenneth J. Scott - Gentle Dental Care,Class 2,Class 2,Class 2,Class 1, , ,335
327240.7918,676443.213099999,vacant, ,Class 1,Vacant,Class 4,Class 4,19 BERNARD STREET,EH6 6PW,336
327235.5278,676448.949200001,vacant, ,Class 2,Vacant,Class 1,SUI GENERIS,23 BERNARD STREET,EH6 6PW,337
327202.6344,676476.0557,restaurant (Chinese),LB,SUI GENERIS,Class 3,Class 3,Class 3,27 BERNARD STREET,EH6 6SH,338
327160.2131,676493.046,office & business supplies,Lynch McQueen Ltd.,Vacant,Class 2, , , , ,339
327147.2688,676502.3148,vacant, ,Class 4,Vacant,Class 10,Class 1,49 BERNARD STREET,EH6 6SL,340
327140.1065,676507.3705,vacant, ,Vacant,Vacant,Class 2,Class 2,51 BERNARD STREET,EH6 6SL,341
327131.6852,676513.0557,vacant, ,Vacant,Vacant, , , , ,342
330194,672470,redeveloped, ,Vacant,Redeveloped, , , , ,343
330197,672469,redeveloped, ,Vacant,Redeveloped, , , , ,344
330200,672467,redeveloped, ,Vacant,Redeveloped, , , , ,345
330203,672466,redeveloped, ,Vacant,Redeveloped, , , , ,346
330196,672472,redeveloped, ,Vacant,Redeveloped, , , , ,347
330196,672472,redeveloped, ,Class 1,Redeveloped, , , , ,348
330236,672424,redeveloped, ,Class 1,Redeveloped, , , , ,349
330241,672422,redeveloped, ,Vacant,Redeveloped, , , , ,350
325915.5623,671125.968499999,n/t/c & post office,Blackford Avenue Post Office,Class 1,Class 1,Class 1,Class 1,31 BLACKFORD AVENUE,EH9 2PP,351
325890.4692,671123.6566,grocer,The Avenue Store,Class 1,Class 1,Class 1,Class 1,36 BLACKFORD AVENUE,EH9 2PP,352
325895.844,671114.155999999,vacant, ,Class 2,Vacant,Class 2,Class 2, , ,353
325996.8126,670992.2818,charity office,Dog Aid Society of Scotland,Vacant,Class 4,Class 2,Class 2,60 BLACKFORD AVENUE,EH9 3ER,354
326116.9056,670950.0944,dental laboratory,Pentland Crown & Bridge,Class 4,Class 2, , , , ,355
326123.8126,670947.250299999,dental laboratory,Pentland Crown & Bridge,Class 4,Class 2, , , , ,356
326127.8755,670945.6252,car hire & leasing,Forth Fleet Car Management / Hire,Class 1,SUI GENERIS,Class 1,Class 1,106 BLACKFORD AVENUE,EH9 3ES,357
326148.9371,670940.125800001,vacant, ,Class 4,Vacant,Class 4,Class 4,108 BLACKFORD AVENUE,EH9 3HH,358
326155.0315,670937.688100001,hairdresser,Tangles (Jillian & Telfer),Class 1,Class 1,Class 1,Class 1,112 BLACKFORD AVENUE,EH9 3HH,359
326033.4009,673649.615900001,travel agent and guided tours,Haggis Backpackers,Vacant,Class 1,Class 1,Class 1,7-9 BLACKFRIARS STREET,EH1 1NB,360
326036.0773,673642.4155,travel agent and guided tours,Haggis Backpackers,Vacant,Class 1,Class 1,Class 1,11 BLACKFRIARS STREET,EH1 1NB,361
326038.1545,673635.8309,"café, bar & restaurant",El Bar,Vacant,Class 3,Class 3,Class 3,15 BLACKFRIARS STREET,EH1 1NB,362
326056.0313,673579.123199999,musical instruments etc.,Blackfriars Music,Class 1,Class 1,Class 1,Class 2,49 BLACKFRIARS STREET,EH1 1NB,363
326063.2004,673553.123199999,public house & restaurant,Black Bo's,SUI GENERIS,SUI GENERIS,SUI GENERIS,SUI GENERIS,57-61 BLACKFRIARS STREET,EH1 1NB,364
326169.8276,675761.6456,sunbed studio,Sunbed Studio,Class 11,Class 11,Class 11,Class 11,278 BONNINGTON ROAD,EH6 5BE,365
326164.4732,675758.762399999,hot food take-away,Better Bites,SUI GENERIS,SUI GENERIS,SUI GENERIS,SUI GENERIS,280 BONNINGTON ROAD,EH6 5BE,366
326159.5307,675756.291200001,public house,Old Toll Bar,SUI GENERIS,SUI GENERIS,SUI GENERIS,SUI GENERIS,284 BONNINGTON ROAD,EH6 5BE,367
324001.307,676456.939300001,n/t/c & post office,William T. Duncan,Class 1,Class 1,Class 1,Class 1,55A BOSWALL DRIVE,EH5 2BE,368
323998.7611,676464.051100001,vacant, ,Class 1,Vacant,Vacant,Vacant,57A BOSWALL DRIVE,EH5 2BE,369
324008.7338,676456.5119,vacant, ,Class 1,Vacant, , , , ,370
323810.3789,676586.572799999,vacant, ,Class 1,Vacant,Class 1,Class 1,33 BOSWALL PARKWAY,EH5 2BR,371
323796.736,676584.780999999,supermarket,Scotmid Late Shop,Class 1,Class 1,Class 1,Class 1,35-41 BOSWALL PARKWAY,EH5 2BR,372
323786.1632,676583.551999999,n/t/c,J. & M. Abbott,Class 1,Class 1,Class 1,Class 1,45 BOSWALL PARKWAY,EH5 2BR,373
321504.8002,668939.6052,estate agents,Allingham,Vacant,Class 2, , , , ,374
321499,668940,estate agents,Allingham,Class 2,Class 2, , , , ,375
321603,668997,restaurant,MacKenzies,Class 3,Class 3,Class 3,Class 3,2 BRIDGE ROAD,EH13 0LF,376
321593.3948,668990.9935,hot food take-away,Pizza Connection,Class 1,SUI GENERIS,SUI GENERIS,SUI GENERIS,4 BRIDGE ROAD,EH13 0LF,377
321590.5987,668989.6052,hairdresser,Hair Design,Class 1,Class 1,Class 1,Class 1,4A BRIDGE ROAD,EH13 0LF,378
321586.3944,668986.6393,n/t/c,John Menzies,Class 1,Class 1, , , , ,379
321568.262,668973.431500001,public house,Colinton Inn,SUI GENERIS,SUI GENERIS,SUI GENERIS,SUI GENERIS,12 BRIDGE ROAD,EH13 0LQ,380
321560.0954,668969.5033,travel agent,Global,Class 1,Class 1,Class 1,Class 1,16 BRIDGE ROAD,EH13 0LQ,381
321557.102,668969.2039,dry cleaner,Care Clean,Class 1,Class 1,Class 11,Class 3,18 BRIDGE ROAD,EH13 0LQ,382
321550.0954,668968.5033,florist,Colinton Village Florist,Class 1,Class 1,Class 4,Class 4,24 BRIDGE ROAD,EH13 0LQ,383
321546.5033,668967.9046,pet grooming,Caring Cuts,Vacant,Class 2,Class 1,Class 1,26 BRIDGE ROAD,EH13 0LQ,384
321539.0,668966.4078,grocer,Colinton Food Store,Class 1,Class 1,Class 1,Class 1,30-32 BRIDGE ROAD,EH13 0LQ,385
321532.0889,668965.2039,architect,Colinton Architects,Class 2,Class 4,Class 4,Class 2,34 BRIDGE ROAD,EH13 0LQ,386
321527.0,668964.0065,greengrocer,T.H. Downes,Class 1,Class 1,Class 1,Class 1,38 BRIDGE ROAD,EH13 0LQ,387
321521.6117,668962.5098,gifts,Colinton Arts,Class 1,Class 1,Class 1,Class 1,40 BRIDGE ROAD,EH13 0LQ,388
321475.6052,668965.6052,chemist,Colinton Pharmacy,Class 3,Class 1,Class 1,Class 1,46A BRIDGE ROAD,EH13 0LQ,389
321450.9046,668967.4013,n/t/c,Dantes,Class 1,Class 1,Class 3,Class 3,48-50 BRIDGE ROAD,EH13 0LQ,390
321443.0,668967.2039,videotape hire,Silver Screen,Class 1,Class 1,Class 1,Class 1,52 BRIDGE ROAD,EH13 0LQ,391
321437.2993,668967.5033,toiletries,Peaches,Class 1,Class 1,Class 1,Class 1,54 BRIDGE ROAD,EH13 0LQ,392
321432.7007,668967.8026,grocer,Dantes,Class 2,Class 1,Class 3,Class 1,56 BRIDGE ROAD,EH13 0LQ,393
321428.0,668968.2039,hairdresser,Ken Taylor,Class 1,Class 1,Class 1,Vacant,58 BRIDGE ROAD,EH13 0LQ,394
321419.4902,668969.0,bank,Royal Bank of Scotland,Class 2,Class 2,Class 2,Class 2,64 BRIDGE ROAD,EH13 0LQ,395
312137.8012,672706.998,redeveloped ?, ,Vacant,Redeveloped, , , , ,396
312138,672707,public house,Newbridge Inn,SUI GENERIS,SUI GENERIS,SUI GENERIS,SUI GENERIS,31 BRIDGE STREET,EH28 8SR,397
312129.6025,672677.602499999,betting shop,S.C. Bookmakers & Partners,Class 2,Class 2,Class 2,Class 1,36 BRIDGE STREET,EH28 8SH,398
312306.6065,672675.399599999,"grocer, n/t/c & post office",Newbridge Sub Post Office / Mail House Food Bar,Class 1,Class 1, , , , ,399
330508.3325,673849.733899999,grocer,Brighton Convenience Store,Class 1,Class 1,Class 11,Class 1,3 BRIGHTON PLACE,EH15 1LH,400
330505.907,673847.460000001,florist,Flowers by Ray,Class 1,Class 1,Class 1,Class 1,7 BRIGHTON PLACE,EH15 1LH,401
330503.5133,673844.6435,travel agent,World Travel,Class 1,Class 1,Class 1,Class 1,9 BRIGHTON PLACE,EH15 1LH,402
330500.1783,673841.1568,hairdresser,She Hair,Class 1,Class 1,Class 1,Class 1,11 BRIGHTON PLACE,EH15 1LH,403
323781.6736,676583.0416,butcher,Allan Roberts,Class 1,Class 1,Class 1,Class 1,47 BOSWALL PARKWAY,EH5 2BR,404
323774.0591,676581.2015,grocer,Instore,Class 1,Class 1, , , , ,405
323766.3888,676580.2223,grocer,Instore,Class 1,Class 1, , , , ,406
323295.7057,676545.9684,vacant, ,Class 1,Vacant,Class 2, , , ,407
322839.3352,676454.447000001,bank,T.S.B.,Class 2,Class 2,Class 2,Class 2,210 BOSWALL PARKWAY,EH5 2LX,408
322831.7412,676453.447000001,grocer,J. & I. Deacons / Shoeib,Class 1,Class 1,Class 1,Class 1,212 BOSWALL PARKWAY,EH5 2LX,409
322827.6648,676452.705800001,baker,Crawfords,Class 1,Class 1,Class 1,Class 1,214 BOSWALL PARKWAY,EH5 2LX,410
322823.2178,676451.964600001,hairdresser,Angela Rae,Class 1,Class 1,Class 1,Class 1,218 BOSWALL PARKWAY,EH5 2LX,411
325430.1232,673509.7996,restaurant,The Witchery,Class 3,Class 3,Class 3,Class 3,"1(GF) BOSWELL'S COURT, ( 352 C",EH1 2NF,412
327040.5458,674760.6985,grocer & n/t/c,Sharma,Class 1,Class 1, , , , ,413
324690.278,676002.6028,bank,T.S.B.,Class 2,Class 2,Class 2,Class 2,3A BOWHILL TERRACE,EH3 5QY,414
324728.491,675999.472899999,vacant, ,Class 1,Vacant, , , , ,415
324732.852,675999.9638,betting shop,Coral,Class 2,Class 2, , , , ,416
324738.065,676000.9277,public house,Spiers Bar,SUI GENERIS,SUI GENERIS,SUI GENERIS,SUI GENERIS,10 BOWHILL TERRACE,EH3 5QY,417
327122.2439,670242.392200001,hairdresser,vacant,Class 1,Class 1, , , , ,418
327121.8976,670248.6961,hairdresser,Leigh Thomas,Class 1,Class 1,Class 1,Class 1,3 BRAEFOOT TERRACE,EH16 6AA,419
327121.6644,670252.3497,office,unknown,Class 2,Class 4, , , , ,420
327121.1873,670257.060000001,vacant, ,Vacant,Vacant, , , , ,421
327120.8976,670263.579500001,financial services - insurance,E. Ranson,Class 2,Class 2, , , , ,422
324843,669890,golf equipment,Golf Shop,Class 1,Class 1,Class 1,Class 1,23 BRAID HILLS APPROACH,EH10 6JZ,423
324518.4803,670830.0253,undertakers,William Purves,Class 1,Class 1,Class 1,Class 1,6 BRAID ROAD,EH10 6AD,424
324514.8006,670761.087099999,plumbers & electricians,R. Blackie & Son,Class 4,Class 4, , , , ,425
324513.6292,670749.028100001,painters & decorators,J.C. Lindsay & Co.,Class 4,Class 4, , , , ,426
324513.5983,670744.3146,vacant, ,Class 4,Vacant,Class 2,Class 4,30 BRAID ROAD,EH10 6AD,427
324511.6545,670722.213500001,electrical contractors,W. Watt McLean,Class 4,Class 4,Class 4,Class 4,36 BRAID ROAD,EH10 6AD,428
324510.9944,670717.3989,chiropodist,R.G. MacPherson,Class 2,Class 2,Class 2,Class 4,38 BRAID ROAD,EH10 6AD,429
324510.4803,670712.9438,joiners,Alasdair N. Morrison,Class 4,Class 4,Class 4,Class 4,42 BRAID ROAD,EH10 6AD,430
325205.5063,675026.1897,baker,Hendersons,Class 1,Class 1,Class 1,Class 1,1 BRANDON TERRACE,EH3 5EA,431
325198.4052,675019.5063,post office,Warriston Post Office,Class 1,Class 1, , , , ,432
325194.228,675015.7469,bank,Royal Bank of Scotland,Class 2,Class 2,Class 2,Class 2,4-5 BRANDON TERRACE,EH3 5EA,433
325185.4177,675009.341700001,contract carpeting,Forth Furnishing,Class 1,Class 2, , , , ,434
325178.7343,675003.4937,restaurant (Indian),Curry Club,Class 4,Class 3,Class 3,Class 3,9 BRANDON TERRACE,EH3 5EA,435
325175.8103,675000.987400001,hot food take-away (Indian),Curry Club,Class 1,SUI GENERIS, , , , ,436
325169.5823,674996.6834,motor accessories,Sports Tune,Class 1,Class 1,Class 1,Class 1,10-12 BRANDON TERRACE,EH3 5EA,437
325164.5697,674992.5063,hairdresser,Hayes,Class 1,Class 1,Class 1,Class 1,14-15 BRANDON TERRACE,EH3 5EA,438
325158.5823,674987.6834,food take-away,Cafe au Lait,Class 4,Class 1,Class 1,Class 1,16 BRANDON TERRACE,EH3 5DZ,439
325155.6583,674985.177100001,antiques,Martine's Antiques,Vacant,Class 1,Class 1,Class 1,17 BRANDON TERRACE,EH3 5DZ,440
325152.3166,674982.6709,florist,Bee Bee Flowers,Class 1,Class 1,Class 4,Class 1,19 BRANDON TERRACE,EH3 5DZ,441
325149.3926,674980.1646,hairdresser,Raymond,Class 1,Class 1,Class 1,Class 1,20 BRANDON TERRACE,EH3 5DZ,442
325143.4177,674975.177100001,vacant, ,SUI GENERIS,Vacant, ,Class 1,21-22 BRANDON TERRACE,EH3 5DZ,443
325925.4551,674426.8058,n/t/c,R.S. McColl,Class 1,Class 1,Class 1,Class 1,27 BROUGHTON STREET,EH1 3JU,444
325922.858,674432.3246,betting shop,Ladbrokes,Class 2,Class 2,Class 2,Class 2,29 BROUGHTON STREET,EH1 3JU,445
325917.1044,674443.1044,wholefoods,Real Foods,Class 1,Class 1, , , , ,446
325911.1566,674454.4551,public house,Crombies,SUI GENERIS,SUI GENERIS,SUI GENERIS,SUI GENERIS,39-41 BROUGHTON STREET,EH1 3JU,447
325906.1044,674465.831900001,social assistance,Scottish Refugee Council,Class 4,Class 2,Class 3,Class 3,43 BROUGHTON STREET,EH1 3JU,448
325902.5334,674472.9739,vacant, ,Class 1,Vacant,Class 1,Class 1,45 BROUGHTON STREET,EH1 3JU,449
325887.2724,674495.5595,ladies clothing,Lorraine Weselby,Class 1,Class 1, , , , ,450
325746.4405,674642.5188,hairdresser,Joseph Quigley,Class 1,Class 1,Class 2,Class 2,49 BROUGHTON STREET,EH1 3RJ,451
325882.0783,674501.727600001,wine merchant,Bottle Stop,Class 1,Class 1,Class 1,Class 1,49A BROUGHTON STREET,EH1 3RJ,452
325877.1044,674508.429,restaurant,Smoke Stack,Class 3,Class 3,Class 3,Class 3,53-55 BROUGHTON STREET,EH1 3RJ,453
325873.0261,674513.884099999,dance footwear,Zzaj,Class 1,Class 1,Class 1,Class 3,57 BROUGHTON STREET,EH1 3RJ,454
325867.1827,674520.7015,antiques,n/a,Class 4,Class 1, ,Class 2,61-63 BROUGHTON STREET,EH1 3RJ,455
325859.8058,674529.078299999,hairdresser,Allan Hair,Class 1,Class 1,Class 1,Class 1,65-67 BROUGHTON STREET,EH1 3RJ,456
325856.0261,674534.1044,sandwich bar,Broughton Street Bruncherie,Vacant,Class 1,Class 1,Class 1,71(1) BROUGHTON STREET,EH1 3RJ,457
325850.8956,674540.2349,cafe & hot food take-away,Just-a-Bite,Class 3,Class 3,Class 3,Class 3,73 BROUGHTON STREET,EH1 3RJ,458
325848.2985,674543.4812,hot food take-away,Rapido,Class 1,SUI GENERIS, , , , ,459
325843.429,674548.6754,hot food take-away,Rapido,SUI GENERIS,SUI GENERIS, , , , ,460
325840.5073,674551.921700001,office,Council of British Pakistanis,Vacant,Class 2,Class 2,Class 2,79A BROUGHTON STREET,EH1 3RJ,461
325836.1044,674557.7797,public house,Barony Bar,Vacant,SUI GENERIS,SUI GENERIS,SUI GENERIS,81-85 BROUGHTON STREET,EH1 3RJ,462
325830.7536,674564.0,bric-a-brac,Just Junk,Class 1,Class 1,Class 1,Class 1,87 BROUGHTON STREET,EH1 3RJ,463
325817.0783,674589.2609,videotape hire,CA Video Library,Class 2,Class 1,Class 1,Vacant,93 BROUGHTON STREET,EH1 3RZ,464
325814.4812,674594.4551,butcher,Crombie & Son,Class 1,Class 1, , , , ,465
325808.9624,674604.8434,delicatessen,Crombie & Son,Class 1,Class 1, , , , ,466
325795.1044,674626.1566,chemist,Lindsay & Gilmour,Class 1,Class 1,Class 1,Class 1,105 BROUGHTON STREET,EH1 3RZ,467
325791.858,674631.3507,d.i.y.,The Original D-I-Y Shop,Class 1,Class 1,Vacant,Vacant,109 BROUGHTON STREET,EH1 3RZ,468
325788.1305,674637.4812,jeweller's equipment,H.M. Temple & Co.,Class 1,Class 2,Class 2,Vacant,111 BROUGHTON STREET,EH1 3RZ,469
325786.1827,674641.376800001,jeweller,Lockwood,Vacant,Class 1,Class 1,Class 1,111A BROUGHTON STREET,EH1 3RZ,470
325781.1044,674651.727600001,public house,Cask & Barrel,SUI GENERIS,SUI GENERIS,SUI GENERIS,SUI GENERIS,115 BROUGHTON STREET,EH1 3RZ,471
325899.8956,674414.3246,public house,The Basement,SUI GENERIS,SUI GENERIS,SUI GENERIS,SUI GENERIS,10A-12A BROUGHTON STREET,EH1 3RH,472
326918.3034,674827.303400001,residential, ,Class 1,Class 9, , , , ,473
326932.6069,674825.334000001,residential, ,Class 1,Class 9, , , , ,474
326949.8798,674804.482799999,ceramic tiles,Edinburgh Tile & Terrazzo Co. Ltd.,Class 1,Class 1,Vacant,Class 9,48 BRUNSWICK ROAD,EH7 5PF,475
326954.4847,674803.7557,vacant, ,Class 1,Vacant,Class 4,Vacant,50 BRUNSWICK ROAD,EH7 5PF,476
325137.9874,674971.0,vacant, ,Class 1,Vacant, ,Class 3,24-27 BRANDON TERRACE,EH3 5DZ,477
324841.9976,673200.9981,hot food take-away,Mrs. Chippy,SUI GENERIS,SUI GENERIS,SUI GENERIS,SUI GENERIS,9 BREAD STREET,EH3 9AL,478
324850.0014,673200.9981,vacant, ,Class 1,Vacant,Class 1,Class 1,9A BREAD STREET,EH3 9AL,479
324856.4988,673201.2477,internet cafe,Web 13,Class 1,Class 3,Vacant,Class 3,13 BREAD STREET,EH3 9AL,480
324860.7508,673200.9976,betting shop,Ricky Nelson Racing,Vacant,Class 2,Class 1,Class 1,15 BREAD STREET,EH3 9AL,481
324864.5026,673201.2477,public house,Tipplers,SUI GENERIS,SUI GENERIS,SUI GENERIS,Vacant,19 BREAD STREET,EH3 9AL,482
324874.2473,673200.999,amusement arcade,Johnny's Amusements,Class 1,Class 11,Class 11,Class 11,23 BREAD STREET,EH3 9AL,483
324880.7504,673200.999,delicatessen,Fine Wines & Quality Food Centre,Vacant,Class 1,Class 3,SUI GENERIS,25(GF2)-27 BREAD STREET,EH3 9AL,484
324890.7475,673200.497400001,locks & security,Duncan McLaren,Class 4,Class 1,Class 1,Class 1,29 BREAD STREET,EH3 9AL,485
324896.5002,673200.247300001,café,Carolina,SUI GENERIS,Class 3,Class 3,Class 3,33 BREAD STREET,EH3 9AL,486
324902.9971,673200.247300001,travel agent,Jascot Travel,Class 1,Class 1,Class 4,Class 11,35-37 BREAD STREET,EH3 9AL,487
324953.7889,673199.247300001,public house,Blue Blazer,SUI GENERIS,SUI GENERIS,SUI GENERIS,Vacant,39 BREAD STREET,EH3 9AL,488
324966.504,673197.499299999,greetings cards,Crawfords Card Centre,Class 1,Class 1,Class 2,Vacant,43 BREAD STREET,EH3 9AH,489
324973.7461,673197.247300001,jeweller & goldsmith,K. Milligan,Class 1,Class 1,Class 1,Class 1,47 BREAD STREET,EH3 9AH,490
324977.748,673197.247300001,wine merchant,Haddows,Class 1,Class 1,Class 1,Class 1,49 BREAD STREET,EH3 9AH,491
324981.4998,673197.247300001,second-hand goods,Magpie,Class 1,Class 1,Class 1,Class 1,51 BREAD STREET,EH3 9AH,492
324985.0014,673196.997099999,vacant, ,Class 1,Vacant,Vacant,Vacant,55 BREAD STREET,EH3 9AH,493
324995.495,673196.9967,vacant, ,Class 1,Vacant,Class 4,Class 4,61 BREAD STREET,EH3 9AH,494
325000.7475,673196.7465,hot food take-away,Friendly's,SUI GENERIS,SUI GENERIS,Vacant,Vacant,65 BREAD STREET,EH3 9AH,495
325006.0,673196.7465,medical supplies,Med-Ecosse,Class 4,Class 2,Class 1,Class 1,67 BREAD STREET,EH3 9AH,496
325011.7494,673196.496400001,hot food take-away,Kingfisher,Class 1,SUI GENERIS, , , , ,497
325019.253,673195.996200001,hot food take-away,Kingfisher,SUI GENERIS,SUI GENERIS, , , , ,498
325022.7546,673195.996200001,vacant, ,Vacant,Vacant,Vacant,Vacant,75 BREAD STREET,EH3 9AH,499
325026.7565,673195.996200001,vacant, ,Class 1,Vacant,Class 2,Vacant,77 BREAD STREET,EH3 9AH,500
324846.4988,673171.7513,vacant, ,Class 1,Vacant,Class 1,Class 1,6-8 BREAD STREET,EH3 9AF,501
324874.4993,673172.751800001,solarium,Fahrenheit,Class 1,Class 11,Class 11,Vacant,22 BREAD STREET,EH3 9AF,502
321518.0,668939.8026,"greeting cards, post office",Colinton Post Office,Class 1,Class 1,Class 1, ,7 BRIDGE ROAD,EH13 0LH,503
321510.8026,668939.5987,electrical goods,Hallidays,Class 1,Class 1, , , , ,504
330497.8484,673838.672700001,clothing hire,Top Hat,Vacant,Class 1,Class 1, , , ,505
330495.298,673835.6994,"fancy goods, clothing, cafe",The Fairy Emporium,Class 1,Class 1, , , , ,506
330488.931,673829.484099999,vacant, ,Vacant,Vacant, , , , ,507
330486.7528,673827.215399999,optician,Forde Brian,Class 1,Class 1,Class 1,Class 1,19 BRIGHTON PLACE,EH15 1LH,508
330484.0241,673824.4867,hairdresser,Shapes,Class 1,Class 1,Class 1,Class 1,21 BRIGHTON PLACE,EH15 1LH,509
325783.4696,673222.795600001,church hall, ,Class 1,Class 2, , , , ,510
325891.8695,674430.052200001,fishmonger,Something Fishy,Class 1,Class 1,Class 1,Class 1,16A BROUGHTON STREET,EH1 3RH,511
325889.2724,674433.947799999,jeweller,Hamiltons,Class 1,Class 1,Class 1,Class 1,16B BROUGHTON STREET,EH1 3RH,512
325887.0,674438.168099999,grocer,Eastern Union,Class 1,Class 1,Class 1,Class 1,20 BROUGHTON STREET,EH1 3RH,513
325837.0898,674513.6493,n/t/c,Broughton Newsagency,Class 1,Class 1,Class 1,Class 1,28 BROUGHTON STREET,EH1 3SB,514
325833.1942,674517.5449,wine merchant,Threshers,Class 1,Class 1,Class 1,Class 1,30 BROUGHTON STREET,EH1 3SB,515
325828.7651,674523.142000001,restaurant,Khushi,Class 1,Class 3,Class 3,Class 3,32B BROUGHTON STREET,EH1 3SB,516
325825.1942,674526.713,cafe bar,Over the Rainbow,Class 3,Class 3,Class 3,Class 3,32C BROUGHTON STREET,EH1 3SB,517
325816.713,674536.6754,second-hand goods,Utilities,Class 1,Class 1,Class 1,Class 1,34 BROUGHTON STREET,EH1 3SB,518
325811.8434,674542.1942,cafe,Blue Moon Cafe,Vacant,Class 3,Class 3,Class 3,36 BROUGHTON STREET,EH1 3SB,519
325808.9217,674545.7651,hairdresser,Alex & Pam Hair Studio,Vacant,Class 1,Class 1,Class 1,40 BROUGHTON STREET,EH1 3SB,520
325797.713,674568.507300001,delicatessen,The Globe,Class 1,Class 1,Class 1,Class 1,42 BROUGHTON STREET,EH1 3SA,521
325796.4144,674572.402899999,wood carvings etc.,Manik Manik,Class 1,Class 1,Class 1,Class 1,44 BROUGHTON STREET,EH1 3SA,522
325794.2433,674576.029200001,public house,Phoenix,SUI GENERIS,SUI GENERIS,SUI GENERIS,SUI GENERIS,46-48A BROUGHTON STREET,EH1 3SA,523
325787.1942,674583.272399999,greengrocer,Shamoon,Class 1,Class 1,Class 1,Class 1,50 BROUGHTON STREET,EH1 3SA,524
325785.2464,674586.1942,greengrocer,Harvest Fare,Class 1,Class 1,Class 1,Class 1,50A BROUGHTON STREET,EH1 3SA,525
325779.5449,674594.817299999,clocks & watches,James Ritchie & Sons,Class 1,Class 1, , , , ,526
325775.4927,674601.2203,gents clothing,Outright Scotland,Class 1,Class 1,UNKNOWN USE, , , ,527
325773.5449,674603.817299999,cafe,Cafe Streusel Kuchen,Class 3,Class 3,Class 3, , , ,528
325756.4927,674628.5188,vacant, ,Class 4,Vacant, , , , ,529
325752.9217,674633.3883,vacant, ,Class 2,Vacant,Vacant,Class 1,74 BROUGHTON STREET,EH1 3SA,530
331744.5496,672962.6349,n/t/c,W. Gordon,Class 1,Class 1,Class 1,Class 1,2 BRUNSTANE BANK,EH15 2NR,531
331746.0942,672958.092,hairdresser,Karmen,Class 4,Class 1,Class 1,Class 1,4 BRUNSTANE BANK,EH15 2NR,532
331747.3673,672954.453199999,bedroom & kitchen furniture,Brunstane Bedroom & Kitchen Studio,Vacant,Class 1,Class 1,Class 1,6 BRUNSTANE BANK,EH15 2NR,533
331748.3668,672950.728,bedroom & kitchen furniture,Brunstane Bedroom & Kitchen Studio,Class 1,Class 1,Class 1,Class 1,8 BRUNSTANE BANK,EH15 2NR,534
331219,673256,"laminates, wall panel systems",Modus Fabrications,Class 1,Class 4, , , , ,535
326388.3246,674861.740700001,hot food take-away,The Brunswick Fry,SUI GENERIS,SUI GENERIS,SUI GENERIS,SUI GENERIS,1 BRUNSWICK PLACE,EH7 5HP,536
326392.2081,674866.975,office,The Scottish Kennel Club,Class 2,Class 4, , , , ,537
326407.5839,674887.6885,mixed durable goods,Poundstretcher,Class 1,Class 1,Class 1,Class 1,4-6 BRUNSWICK PLACE,EH7 5HW,538
326417.4542,674900.4804,clothing,Leith Army Stores,Class 1,Class 1, , , , ,539
326430.9619,674914.1569,furniture,Magnet, ,Class 1,Class 1,Class 1,10B BRUNSWICK PLACE,EH7 5HW,540
325754.4755,673242.044399999,china,John Donald & Co.,Class 1,Class 1,Class 1,Class 1,8-10 BRISTO PLACE,EH1 1EY,541
325786.2044,673184.6296,restaurant (Chinese),Jasmine House,Vacant,Class 3,Class 3,Class 3,15 BRISTO PLACE,EH1 1EZ,542
325792.0385,673178.2652,restaurant,Napiers Dispensary,Class 3,Class 3,Class 2,Class 2, , ,543
325797.6074,673172.9615,herbal remedies & therapies,Napiers Dispensary,Class 1,Class 1,Class 1,Class 1,18 BRISTO PLACE,EH1 1EZ,544
325879.5526,673203.508199999,bank,Bank of Scotland,Class 2,Class 2,Class 2,Class 2,4 BRISTO SQUARE,EH8 9AL,545
325590.4614,673547.6931,café,The Deacon's House,Class 3,Class 3,Class 3,Class 3,"3 BRODIE'S CLOSE, ( 304 LAWNMA",EH1 2PS,546
319397.7915,672429.9617,n/t/c,R.S. McColl,Class 1,Class 1, , , , ,547
319400.8298,672427.7915,vacant,formerly Nizami's,Class 1,Vacant, , , , ,548
319405.6596,672424.3574,post office,Broomhall Post Office,Class 1,Class 1, , , , ,549
319409.6213,672421.8298,hairdresser,Ro'ann,Class 1,Class 1,Class 1,Class 1,43 BROOMHALL DRIVE,EH12 7QL,550
319414.6128,672418.5745,grocer,Forth Food Stores,Class 1,Class 1,Class 1,Class 1,45 BROOMHALL DRIVE,EH12 7QL,551
319817.8845,672193.9637,unknown, ,Class 1,UNKNOWN USE,Vacant,Vacant,14 BROOMHALL ROAD,EH12 7PB,552
319819.5968,672191.0283,butcher,Charles Cormack,Class 1,Class 1, , , , ,553
319823.2661,672185.157400001,n/t/c,Mofatt Newsagents,Class 1,Class 1, , , , ,554
319824.8562,672182.3442,hairdresser,Hair Concepts,Class 1,Class 1,Class 1,Class 1,20 BROOMHALL ROAD,EH12 7PB,555
320202,671301,public house,Gauntlet Bar,SUI GENERIS,SUI GENERIS, , , , ,556
320173,671351,community health information,Health Strategy Group,Class 1,Class 2,Class 2,Class 1,1-3 BROOMHOUSE MARKET,EH11 3UU,557
320175,671346,solicitor,Winning Megson & Son,Class 1,Class 2,Class 2, , , ,558
320176,671341,baker,G. McGuff,Class 1,Class 1,Class 1,Class 1,5 BROOMHOUSE MARKET,EH11 3UU,559
320179,671335,vacant, ,Class 1,Vacant, , , , ,560
320181,671327,grocer,Broomhouse Minimarket,Class 1,Class 1,Class 1,Class 1,11 BROOMHOUSE MARKET,EH11 3UU,561
320031,670898,grocer,Saveway Store,Class 1,Class 1,Class 1,Class 1,367 BROOMHOUSE ROAD,EH11 3TA,562
325063.7451,672855.501700001,disco equipment,Sweet Inspiration,Class 1,Class 1,Vacant,Class 4,1 BROUGHAM PLACE,EH3 9HW,563
325067.9971,672850.249199999,printers,The Doing Very Well Company,Class 1,Class 4,Vacant,Class 2,1A BROUGHAM PLACE,EH3 9HW,564
325071.2487,672845.747,confectioner,Chocolate Express,Class 1,Class 1,Vacant,Vacant,2 BROUGHAM PLACE,EH3 9HW,565
325086.7475,672819.9981,restaurant (Indian),Bombay Bicycle Club,Class 3,Class 3, , , , ,566
325070.0071,672793.740800001,public house,International Bar,SUI GENERIS,SUI GENERIS,SUI GENERIS,SUI GENERIS,15 BROUGHAM PLACE,EH3 9JX,567
325056.5007,672813.2501,grocer,Jimmy's Licensed Grocers,Class 1,Class 1,Class 1,Class 1,15A-17 BROUGHAM PLACE,EH3 9JX,568
325050.2511,672822.750399999,residential, ,Class 1,Class 9, , , , ,569
325043.5002,672833.2511,vacant, ,Vacant,Vacant,Vacant,Vacant,20 BROUGHAM PLACE,EH3 9JU,570
325045.5012,672829.999500001,vacant, ,Class 1,Vacant,Class 1,Vacant,20A BROUGHAM PLACE,EH3 9JU,571
325038.7508,672840.000499999,restaurant (French),La Bagatelle,Class 3,Class 3,Class 3,Class 3,22 BROUGHAM PLACE,EH3 9JU,572
325034.7585,672845.0277,restaurant,Sukhothai,Class 3,Class 3,Class 3,Class 3,23-23A BROUGHAM PLACE,EH3 9JU,573
325033.0019,672847.499299999,financial services - mortgages,Mortgage Desk,Class 2,Class 2,Class 1,Class 4,25 BROUGHAM PLACE,EH3 9JU,574
325028.7499,672853.252,hairdresser,Rocco Unisex Hairdresser,SUI GENERIS,Class 1,Class 1,Class 1,26 BROUGHAM PLACE,EH3 9JU,575
325026.4988,672856.2535,chemist,Brougham Pharmacy,Class 1,Class 1, , , , ,576
324955.4964,672918.7546,post office,Post Office,Class 1,Class 1,Class 1,Class 1,5 BROUGHAM STREET,EH3 9JS,577
324982.7494,672899.0019,delicatessen,Bonningtons,Class 1,Class 1,Class 2,Class 2, , ,578
324960.7489,672915.7532,florist,Evans & Gair Flowerhouse,Class 1,Class 1,Vacant,Vacant,13A BROUGHAM STREET,EH3 9JS,579
324986.5012,672896.250600001,second-hand records,Backtracks,Class 1,Class 1,Class 1,Class 1,17 BROUGHAM STREET,EH3 9JS,580
324990.5031,672892.999,hot food take-away,Turkish Doner Inn,SUI GENERIS,SUI GENERIS,SUI GENERIS,SUI GENERIS,17A BROUGHAM STREET,EH3 9JS,581
325001.4993,672882.750800001,vacant, ,Class 1,Vacant,Class 4,Class 4,23 BROUGHAM STREET,EH3 9JS,582
325030.7546,672850.2454,restaurant & hot food take-away,Il Marinaio,Class 3,Class 3,SUI GENERIS,SUI GENERIS,25-27 BROUGHAM STREET,EH3 9JT,583
325024.0014,672860.0,n/t/c,Brougham Newsagency,Class 1,Class 1,Vacant,Vacant,31 BROUGHAM STREET,EH3 9JT,584
325021.0,672863.751800001,hairdresser (unisex),Rocco,Class 1,Class 1,Class 1,Vacant,33 BROUGHAM STREET,EH3 9JT,585
324966.9986,672949.4979,public house,Illicit Still,SUI GENERIS,SUI GENERIS,SUI GENERIS,SUI GENERIS,2-4 BROUGHAM STREET,EH3 9JH,586
324974.0,672945.249199999,restaurant,Khan's Tandoori Restaurant,Class 3,Class 3,Class 3,Class 3,6 BROUGHAM STREET,EH3 9JH,587
324982.2477,672938.750800001,health foods,Real Foods,Class 1,Class 1,Class 1,Class 1,8 BROUGHAM STREET,EH3 9JH,588
324989.7513,672933.248199999,solicitors & estate agents,Clark & Co.,Class 2,Class 2,Class 2,Class 2,12 BROUGHAM STREET,EH3 9JH,589
324996.9971,672927.502599999,restaurant (Indian),Shamiana,Class 3,Class 3,Class 3,Class 3,14-14A BROUGHAM STREET,EH3 9JH,590
325000.4988,672924.7513,hot food take-away,Spud-u-Like,Class 1,SUI GENERIS,SUI GENERIS,Vacant,18 BROUGHAM STREET,EH3 9JH,591
325005.001,672921.4998,grocer,Nina's Mini Market,SUI GENERIS,Class 1,Class 1,Class 1,18A BROUGHAM STREET,EH3 9JH,592
325022.7523,672905.9948,restaurant (Chinese),Fortune Cookie,Class 3,Class 3,Class 3,Class 3,24 BROUGHAM STREET,EH3 9JH,593
325821.6232,674590.5595,cafe,Broughton Street Brasserie,Class 1,Class 3,Class 3,Class 3,2 BROUGHTON PLACE,EH1 3RX,594
325826.1681,674591.857999999,second-hand books,Broughton Books,Class 1,Class 1,Class 1,Class 1,2A BROUGHTON PLACE,EH1 3RX,595
325422.1048,675094.344599999,supermarket - large,Tesco,Class 1,Class 1,Class 1,Class 1,7 BROUGHTON ROAD,EH7 4EW,596
325497.7894,675149.0529,hairdresser,Zoots,Class 1,Class 1,Class 1,Class 1,41 BROUGHTON ROAD,EH7 4EP,597
325529.1313,675173.684599999,vacant, ,Vacant,Vacant, , , , ,598
325544.6317,675185.8687,n/t/c,n/a,Class 1,Class 1,Class 1,Class 4,55 BROUGHTON ROAD,EH7 4EX,599
325549.3683,675188.237,vacant, ,Class 2,Vacant,Class 9, , , ,600
325603.8159,675223.473999999,vacant, ,Class 1,Vacant,Class 1,Class 1,89 BROUGHTON ROAD,EH7 4EG,601
325608.9471,675225.0529,ironmonger,A. McLennan,Class 1,Class 1,Class 9, , , ,602
325619.4211,675229.473999999,public house,Powderhall Arms,SUI GENERIS,SUI GENERIS,SUI GENERIS,SUI GENERIS,97-99 BROUGHTON ROAD,EH7 4EG,603
325624.2106,675231.079299999,residential, ,Class 4,Class 9, , , , ,604
325628.9471,675232.658199999,vacant, ,Class 4,Vacant,Class 9, , , ,605
325681.7894,675257.473999999,hot food take-away,Leader San,SUI GENERIS,SUI GENERIS,SUI GENERIS,SUI GENERIS,113 BROUGHTON ROAD,EH7 4EQ,606
325687.7101,675262.2106,hot food take-away,Fonzies Fish Takeaway,Class 3,SUI GENERIS,SUI GENERIS,SUI GENERIS,119 BROUGHTON ROAD,EH7 4EQ,607
325717.3418,675287.4211,n/t/c,A. & E. Whitton,Class 1,Class 1,Class 1,Class 1,121-123 BROUGHTON ROAD,EH7 4JH,608
325713.3947,675284.658199999,office,n/a,Vacant,Class 4,Class 4, , , ,609
325709.0529,675281.895199999,children's nursery,The Edinburgh Nursery,Vacant,Class 10,Class 10,Class 10, , ,610
325801.8943,675351.6317,vacant, ,Class 1,Vacant,Class 2,Class 2,153 BROUGHTON ROAD,EH7 4JJ,611
325796.763,675347.289899999,grocer,Tuck Shop,Class 1,Class 1,UNKNOWN USE,UNKNOWN USE,157 BROUGHTON ROAD,EH7 4JJ,612
325415.0238,675038.395199999,public house,Stag's Head,SUI GENERIS,SUI GENERIS,SUI GENERIS,SUI GENERIS,2-4 BROUGHTON ROAD,EH7 4EB,613
325615.237,675202.341800001,residential, ,Vacant,Class 9, , , , ,614
325621.9471,675205.104800001,hairdresser,Strands,Class 1,Class 1,Class 9, , , ,615
325935.0783,674406.857999999,hot food take-away,Bodrum Takeaway,SUI GENERIS,SUI GENERIS,Class 3,Class 3,19 BROUGHTON STREET,EH1 3JU,616
325931.5073,674414.3246,pets & pet supplies,Aquatic Centre,Class 1,Class 1,Class 1,Class 1,23 BROUGHTON STREET,EH1 3JU,617
325928.5073,674420.429,public house,Mathers,SUI GENERIS,SUI GENERIS,SUI GENERIS,SUI GENERIS,25 BROUGHTON STREET,EH1 3JU,618
326393.3246,674824.908500001,n/t/c,Ben's Newsagent,Class 1,Class 1,Class 1,Class 1,97 BRUNSWICK STREET,EH7 5HR,619
326392.4804,674828.6231,food take-away,Quick Snack,Class 1,Class 1,SUI GENERIS,SUI GENERIS,99 BRUNSWICK STREET,EH7 5HR,620
326391.6362,674832.1688,hot food take-away,Natural Spice,Class 2,SUI GENERIS,SUI GENERIS,SUI GENERIS,103 BRUNSWICK STREET,EH7 5HR,621
326390.7919,674836.221100001,travel agent,Prima,Class 1,Class 1,Class 2,Class 1,105 BRUNSWICK STREET,EH7 5HR,622
326389.3377,674841.6481,pictures & picture framing,Scottish Heritage Gallery,Class 1,Class 1, , , , ,623
326387.4804,674850.090399999,framed photographs & pictures,Old Scotland in Pictures,Class 1,Class 1, , , , ,624
326386.6362,674854.4804,restaurant,Vittoria,Class 3,Class 3,Class 3,Class 3,113-115 BRUNSWICK STREET,EH7 5HR,625
326365.7538,674811.8181,vacant, ,Class 4,Vacant, ,Vacant,86-88 BRUNSWICK STREET,EH7 5HU,626
326364.4031,674816.883400001,electricians,New Town Electricians,Class 4,Class 4,Vacant,Class 1,90 BRUNSWICK STREET,EH7 5HU,627
326363.0523,674822.793,wine merchant,Oddbins,Class 1,Class 1,Class 1,Class 1,94-96 BRUNSWICK STREET,EH7 5HU,628
324495.9071,672203.7106,vacant, ,UNKNOWN USE,Vacant, , , , ,629
324573.5182,672140.325300001,hairdresser,Greig Firth,Class 1,Class 1,Class 1,Class 1,2 BRUNTSFIELD AVENUE,EH10 4EP,630
324520.1857,672217.464299999,vacant, ,Vacant,Vacant, , , , ,631
324517.0108,672222.0,bathroom fittings & tiles,Bathroom Design,Vacant,Class 1,Class 1,Class 1,26 BRUNTSFIELD AVENUE,EH10 4EW,632
324700.2275,672204.081499999,sports equipment & clothing,Bruntsfield Sports,Class 1,Class 1,Class 1,Class 1,103-105 BRUNTSFIELD PLACE,EH10 4EQ,633
324695.6011,672198.7697,toiletries,The Bay Tree Company,Class 1,Class 1,Class 1,Class 1,107 BRUNTSFIELD PLACE,EH10 4EQ,634
324690.0,672192.2247,estate agents,Menzies Dougal,Class 1,Class 2,Class 2,Class 2,109-111 BRUNTSFIELD PLACE,EH10 4EQ,635
324686.059,672188.112400001,n/t/c,Margiotta,Class 1,Class 1,Class 1,Class 1,115 BRUNTSFIELD PLACE,EH10 4EQ,636
324681.0309,672182.598300001,baker,Lightbody of Hamilton,Class 1,Class 1,Class 1,Class 1,117 BRUNTSFIELD PLACE,EH10 4EQ,637
324678.118,672179.514,estate agents,Sturrock & Armstrong,Class 2,Class 2,Class 1,Class 1,119 BRUNTSFIELD PLACE,EH10 4EQ,638
324675.3764,672176.6011,vacant, ,Class 1,Vacant,Class 1,Class 1,123 BRUNTSFIELD PLACE,EH10 4EQ,639
324671.4326,672171.823000001,security hardware,The Lock Shop,Class 1,Class 1,Class 1,Class 1,125 BRUNTSFIELD PLACE,EH10 4EQ,640
324667.1489,672167.368000001,chemist,Lloyds,Class 1,Class 1,Class 1,Class 1,129 BRUNTSFIELD PLACE,EH10 4EQ,641
324649.8539,672151.508400001,vacant, ,Class 2,Vacant,Class 1,Class 1,131 BRUNTSFIELD PLACE,EH10 4EB,642
324646.5983,672148.081499999,hairdresser,Kimiko,Vacant,Class 1,Class 1,Class 1,133 BRUNTSFIELD PLACE,EH10 4EB,643
324643.3427,672144.997199999,children's clothing,Nippers,Vacant,Class 1,Class 1,Class 1,137 BRUNTSFIELD PLACE,EH10 4EB,644
324637.3455,672139.1713,photo processing / dry cleaners,Klick / Munro,Class 1,Class 1,Class 1,Class 1,141 BRUNTSFIELD PLACE,EH10 4EB,645
324571.2865,672091.0,grocer,Peckhams,Class 1,Class 1,Class 1,Class 1,155-159 BRUNTSFIELD PLACE,EH10 4DG,646
324559.1629,672084.6208,restaurant,Montpeliers,Class 3,Class 3,Class 3,Class 3,159A-163A BRUNTSFIELD PLACE,EH10 4DG,647
324556.9298,672083.5309,solicitors,Lindsays,Class 2,Class 2, , , , ,648
326136.0,672735.292300001,residential, ,Vacant,Class 9,Class 9,Class 4,78 BUCCLEUCH STREET,EH8 9NH,649
326145.6305,672712.1691,antiques,Buccleuch Antiques,Class 1,Class 1,Class 11,Class 11,90 BUCCLEUCH STREET,EH8 9NH,650
326149.215,672705.091800001,n/t/c,Kausar,Class 1,Class 1,Vacant,Class 3,94 BUCCLEUCH STREET,EH8 9NH,651
326150.9687,672700.4155,hairdresser,Ebony & Ivory,Class 1,Class 1,Class 1,Class 1,98 BUCCLEUCH STREET,EH8 9NH,652
326204.8768,672825.5845,security systems,Lothian Lock & Security Co.,Class 1,Class 4,Vacant,Class 2,5 CLERK STREET,EH8 9JH,653
326213.6305,672808.753599999,bank,T.S.B.,Vacant,Class 2, , , , ,654
326218.0146,672799.6931,florist,George Wilson,Class 1,Class 1,Vacant,Class 1,13 CLERK STREET,EH8 9JH,655
326222.5845,672791.507300001,hardware,Laird,Class 1,Class 1,Vacant,Class 1,17 CLERK STREET,EH8 9JH,656
326225.7996,672786.246400001,optician,J.G.S. Brown,Class 1,Class 1,Class 1,Class 1,19 CLERK STREET,EH8 9JH,657
324551.9157,672080.8006,jeweller,McDonald-Greene,Class 1,Class 1,Class 1,Class 1,165 BRUNTSFIELD PLACE,EH10 4DG,658
324547.632,672078.401699999,grocer,Peckham's,Class 1,Class 1,Class 1,Class 1,165A BRUNTSFIELD PLACE,EH10 4DG,659
324543.0056,672076.002800001,furniture,Marilyn Rose,Vacant,Class 1,Class 1,Class 1,165B BRUNTSFIELD PLACE,EH10 4DG,660
324537.2275,672071.7697,grocer,Avi-Foodstore,Class 1,Class 1,Class 1,Vacant,167 BRUNTSFIELD PLACE,EH10 4DG,661
324534.3146,672069.028100001,"hot food take-away (fish & chips, pizzas)",Globetrotter,SUI GENERIS,SUI GENERIS,SUI GENERIS,SUI GENERIS,169 BRUNTSFIELD PLACE,EH10 4DG,662
324532.7725,672065.4298,restaurant,Himalaya Tandoori Restaurant,Class 3,Class 3,Class 3,Class 3,171 BRUNTSFIELD PLACE,EH10 4DG,663
324530.7135,672060.912900001,n/t/c,T. Mahmoods,Class 1,Class 1,Class 1,Class 2,175 BRUNTSFIELD PLACE,EH10 4DG,664
324529.1713,672056.6292,chemist,S.M. Swanson,Class 1,Class 1,Class 1,Class 1,177 BRUNTSFIELD PLACE,EH10 4DG,665
324527.9719,672052.8595,take-away food,Good Food,SUI GENERIS,Class 1,SUI GENERIS,SUI GENERIS,179 BRUNTSFIELD PLACE,EH10 4DG,666
324526.2556,672046.9663,ladies clothing,The Changing Room,Class 4,Class 1,Class 1,Class 1,181 BRUNTSFIELD PLACE,EH10 4DG,667
324525.0562,672042.682600001,sauna,Mayfair,Class 11,Class 11,Class 3,Class 3,183 BRUNTSFIELD PLACE,EH10 4DG,668
324523.8567,672037.713500001,antiques,Young Happy Antiques,Class 1,Class 1,Class 1,Class 1,185 BRUNTSFIELD PLACE,EH10 4DG,669
324518.1152,671989.1713,fishmonger,George Hughes & Son,Class 1,Class 1,Class 1,Class 1,197 BRUNTSFIELD PLACE,EH10 4DQ,670
324517.7725,671980.6292,furniture,Classic Fitted Bedrooms,Class 1,Class 1,Class 2,Class 2,201-203 BRUNTSFIELD PLACE,EH10 4DH,671
324517.6011,671973.7697,n/t/c,Lawries Newagents,Class 1,Class 1,Class 1,Class 1,205 BRUNTSFIELD PLACE,EH10 4DH,672
324517.6011,671969.8287,estate agents,Trinity Factoring Services,Class 2,Class 2, , , , ,673
324517.7725,671962.631999999,estate agents,Trinity Factoring Services,Class 2,Class 2, , , , ,674
324517.4298,671957.1994,"greeting cards, calendars, stationery",Everyone's Design,Class 1,Class 1,Class 1,Class 1,213 BRUNTSFIELD PLACE,EH10 4DH,675
324517.6011,671952.401699999,fancy goods,Old and New,Class 1,Class 1,Class 1,Class 1,217 BRUNTSFIELD PLACE,EH10 4DH,676
324517.6011,671947.6039,"framed prints, posters etc",Everyone's Design,Class 1,Class 1,Class 1,Class 1,219 BRUNTSFIELD PLACE,EH10 4DH,677
324713.8399,672260.004799999,"eather goods, luggage; kilt hire & purchase",Manacraft Leather & Highland Co.,Class 1,Class 1,Class 1,Class 1,88 BRUNTSFIELD PLACE,EH10 4HG,678
324698.4598,672246.127900001,financial services - insurance,Swinton Insurance,Class 1,Class 2,Class 2,Class 2,90-92 BRUNTSFIELD PLACE,EH10 4ES,679
324694.0141,672241.956599999,fabrics,My House,Class 1,Class 1,Class 1,Class 1,96 BRUNTSFIELD PLACE,EH10 4ES,680
324689.2107,672237.4036,bank admin.,Bank of Scotland,Class 2,Class 2,Class 4,Class 4,98 BRUNTSFIELD PLACE,EH10 4ES,681
324686.771,672235.0724,hot food take-away,The Luncherie,Class 1,SUI GENERIS,Class 1,Class 3,100 BRUNTSFIELD PLACE,EH10 4ES,682
324684.0602,672232.470000001,driving school,DRM Drivers,Class 2,Class 4,Class 1,Vacant,104 BRUNTSFIELD PLACE,EH10 4ES,683
324681.4578,672229.9219,furniture,Sitting Room,Class 1,Class 1,Class 1,Class 1,106 BRUNTSFIELD PLACE,EH10 4ES,684
324677.012,672225.6085,launderette,Launderette,Class 1,Class 1,Class 1,Class 1,108 BRUNTSFIELD PLACE,EH10 4ES,685
324673.5121,672222.355599999,greeting cards & gift wrap,The Bay Tree Company,Class 1,Class 1,Class 1,Class 1,110 BRUNTSFIELD PLACE,EH10 4ES,686
324669.5543,672218.8858,optician,R.C. Cunning,Class 1,Class 1,Class 1,Class 1,114 BRUNTSFIELD PLACE,EH10 4ES,687
324665.2228,672214.337400001,shoe repairs,Shoe Trade,Class 1,Class 1,Class 1,Class 1,116 BRUNTSFIELD PLACE,EH10 4ES,688
324661.8615,672211.0845,vacant, ,Vacant,Vacant,Class 1,Class 1,118 BRUNTSFIELD PLACE,EH10 4ES,689
324658.2832,672207.6689,luggage,Alex Gibb & Son,Class 1,Class 1,Class 1,Class 1,120 BRUNTSFIELD PLACE,EH10 4ES,690
324652.6473,672202.23,vacant,vacant,Class 1,Vacant,Class 1,Class 3,124-130 BRUNTSFIELD PLACE,EH10 4ES,691
324634.0542,672181.6085,grocer,Spar,Class 1,Class 1,Class 1,Class 1,132-134 BRUNTSFIELD PLACE,EH10 4ER,692
324630.235,672178.271199999,photographic goods,Bruntsfield Cameras,Class 1,Class 1,Class 1,Class 1,136 BRUNTSFIELD PLACE,EH10 4ER,693
324625.3373,672174.1204,greengrocer,The Central Fruit Shop,Class 1,Class 1,Class 1,SUI GENERIS,138 BRUNTSFIELD PLACE,EH10 4ER,694
324622.3494,672171.518100001,delicatessen & food take-away,Kipp's Delicatessen,Class 2,Class 1,Class 1,SUI GENERIS,140 BRUNTSFIELD PLACE,EH10 4ER,695
324619.3615,672169.2049,fancy goods,Nomoss Gallery,Vacant,Class 1,Class 1,Class 1,144 BRUNTSFIELD PLACE,EH10 4ER,696
324616.9519,672167.1808,florist,Honeysuckle,Class 1,Class 1,Class 1,Class 1,146 BRUNTSFIELD PLACE,EH10 4ER,697
324612.6626,672163.409600001,greeting cards,Bruntsfield Cards,Class 1,Class 1,Class 1,Class 1,148 BRUNTSFIELD PLACE,EH10 4ER,698
324609.2892,672160.518100001,shoe repairs / key cutting,S.O.S.,Class 1,Class 1,Class 1,Class 1,150 BRUNTSFIELD PLACE,EH10 4ER,699
324605.4338,672157.337400001,domestic appliance servicing,Bruntsfield Hoover Service,Class 1,Class 1,Class 1,Class 1,154 BRUNTSFIELD PLACE,EH10 4ER,700
324600.3734,672153.6987,caterers,A La Carte,Class 1,Class 1,Class 1,Class 1,156 BRUNTSFIELD PLACE,EH10 4ER,701
324597.8675,672151.9638,restaurant,Il Giardino dell'Italia,Class 3,Class 3,Class 3,Class 3,158 BRUNTSFIELD PLACE,EH10 4ER,702
324595.0723,672149.9398,beautician,Bodiwize,Vacant,Class 1, , , , ,703
324592.2772,672148.1085,beautician,Bodiwize,Vacant,Class 1,Class 1,Class 1,164 BRUNTSFIELD PLACE,EH10 4ER,704
324587.5902,672144.8553,books,Read Books,Class 1,Class 1,Class 1,Class 1,166 BRUNTSFIELD PLACE,EH10 4ER,705
324583.4458,672142.1566,jeweller,N.W. Gayler,Class 1,Class 1,Class 2,Class 2,168 BRUNTSFIELD PLACE,EH10 4ER,706
324579.8796,672139.554199999,jeweller,Fabulous Fakes,Class 4,Class 1,Class 1,Class 1,170 BRUNTSFIELD PLACE,EH10 4ER,707
324575.8315,672136.9519,confectioner,Chocolate Delights,Vacant,Class 1,Class 1,Class 1,174 BRUNTSFIELD PLACE,EH10 4ER,708
324553.1807,672123.1204,wine merchant,Oddbins,Class 1,Class 1,Class 1,Class 1,176 BRUNTSFIELD PLACE,EH10 4DF,709
324549.2289,672120.325300001,ladies clothing,Variations,Class 1,Class 1,Class 1,Class 1,178 BRUNTSFIELD PLACE,EH10 4DF,710
324545.3736,672117.8193,vacant, ,Class 1,Vacant, , , , ,711
324541.8074,672115.3134,restaurant,La Cafetiere,Class 3,Class 3, , , , ,712
324537.1083,672112.1204,butcher,William Christie,Class 1,Class 1,Class 1,Class 1,186 BRUNTSFIELD PLACE,EH10 4DF,713
324534.1204,672110.0,grocer,Greig & Purves,Class 1,Class 1,Class 1,Class 1,188 BRUNTSFIELD PLACE,EH10 4DF,714
324529.9759,672107.494000001,baker,Crawfords,Class 1,Class 1,Class 1,Class 3,192-194 BRUNTSFIELD PLACE,EH10 4DF,715
324525.4459,672104.506100001,n/t/c,Crerar & Co.,Class 1,Class 1,Class 1,Class 1,196 BRUNTSFIELD PLACE,EH10 4DF,716
324520.1564,672101.1083,baker,Greggs,Class 1,Class 1,Class 1,Class 1,198 BRUNTSFIELD PLACE,EH10 4DF,717
324516.2047,672098.6987,travel agent,Karl Dyson,Class 1,Class 1,Class 1,Class 1,200 BRUNTSFIELD PLACE,EH10 4DF,718
324511.6747,672095.614499999,fishmonger,Robert Main & Sons,Class 1,Class 1,Class 1,Class 1,202 BRUNTSFIELD PLACE,EH10 4DF,719
324507.4338,672093.1085,bank,Royal Bank of Scotland,Class 2,Class 2,Class 2,Class 2,206 BRUNTSFIELD PLACE,EH10 4DF,720
324490.9637,672051.242799999,bank,Royal Bank of Scotland,Class 2,Class 2,Class 3,Class 3,208 BRUNTSFIELD PLACE,EH10 4DE,721
324880.0024,672582.252499999,vacant, ,Class 1,Vacant,Class 2,Class 1,1 BRUNTSFIELD PLACE,EH10 4HN,722
324877.7513,672577.2501,vacant, ,Class 1,Vacant,Class 1,Vacant,2 BRUNTSFIELD PLACE,EH10 4HN,723
324875.0,672571.9976,restaurant (Chinese),Lee-On,Class 3,Class 3,Class 3,Class 3,4-5 BRUNTSFIELD PLACE,EH10 4HN,724
324871.7513,672564.749399999,charity shop,Thrift Shop,Class 1,Class 1,Class 1,Class 1,6 BRUNTSFIELD PLACE,EH10 4HN,725
324908.2487,672574.001,antique clocks,Bruntsfield Clocks,Class 1,Class 1,Class 1,Class 2,7 BRUNTSFIELD PLACE,EH10 4HN,726
324906.4979,672570.499299999,mobile telephones,Mobile Direct,Class 1,Class 1,Class 1,Class 1,9 BRUNTSFIELD PLACE,EH10 4HN,727
324869.5017,672560.0,hairdresser,Riva Hair Design,Class 1,Class 1,Class 1,Class 1,10 BRUNTSFIELD PLACE,EH10 4HN,728
324863.5026,672548.0024,vacant, ,Vacant,Vacant,Class 1,Class 1,11 BRUNTSFIELD PLACE,EH10 4HN,729
324861.0014,672543.2501,cakes & cake decorations,Cake & Chocolate Shop, ,Class 1,Class 1,Class 1,12 BRUNTSFIELD PLACE,EH10 4HN,730
324858.2501,672537.9976,sports equipment & clothing,Elliot Sport,Class 1,Class 1,Class 1,Class 1,14-17 BRUNTSFIELD PLACE,EH10 4HN,731
324855.2525,672530.7523,Chinese supermarket,Sin Fung,Class 1,Class 1,Class 1, , , ,732
324852.5012,672525.7499,hi-fi repairs,Hi-Fi Repair Shop,Class 1,Class 1,Class 1,Class 1,19 BRUNTSFIELD PLACE,EH10 4HN,733
324850.0,672520.747500001,baker,Breadwinner,Class 1,Class 1,Class 1,Class 1,20 BRUNTSFIELD PLACE,EH10 4HN,734
324846.0014,672512.251499999,vacant, ,Class 1,Vacant,Class 1,Vacant,22 BRUNTSFIELD PLACE,EH10 4HN,735
324844.7508,672508.249600001,beautician & hairdresser,Salon Victoria,Class 1,Class 1,Class 1,Class 1,23 BRUNTSFIELD PLACE,EH10 4HN,736
324843.5045,672503.2554,videotape hire,Azad Video,Class 1,Class 1,Class 1,Class 1,25-27 BRUNTSFIELD PLACE,EH10 4HJ,737
324841.7537,672496.7523,books,Book Swop,Class 1,Class 1,Class 1,Class 1,28 BRUNTSFIELD PLACE,EH10 4HJ,738
324840.5031,672492.2501,antiques,Tim Hardie,Class 1,Class 1,Class 1,Class 1,30 BRUNTSFIELD PLACE,EH10 4HJ,739
324839.5026,672488.248199999,gents clothing,Davison,Vacant,Class 1, , , , ,740
324836.5012,672479.494100001,hairdresser (gents),Davison,Class 1,Class 1, , , , ,741
324835.2525,672474.4998,pets & pet supplies,Hill Lord & Co.,Class 1,Class 1,Class 1,Class 1,35 BRUNTSFIELD PLACE,EH10 4HJ,742
324834.0019,672468.4969,antiques,Young,Class 1,Class 1,Class 2,Class 2,36 BRUNTSFIELD PLACE,EH10 4HJ,743
324832.0033,672461.252,business services,Scotsec,Class 4,Class 4,Class 1,Class 1,37 BRUNTSFIELD PLACE,EH10 4HJ,744
324830.5026,672455.999500001,letting agency,Lothian Lettings,Class 2,Class 2,Class 2,Class 1,38 BRUNTSFIELD PLACE,EH10 4HJ,745
324829.0019,672449.7465,hot food take-away,Pronto Pizza,Class 3,SUI GENERIS,Class 3,Class 3,40-41 BRUNTSFIELD PLACE,EH10 4HJ,746
324877.2492,672515.750800001,insurance brokers,John Paton,Vacant,Class 2,Class 1,Class 2,43 BRUNTSFIELD PLACE,EH10 4HJ,747
324742.1182,672286.3166,grocer,Margiotta,Class 4,Class 1,Class 1,Class 1,78 BRUNTSFIELD PLACE,EH10 4HG,748
324737.0406,672281.307499999,hot food take-away,Greenway,SUI GENERIS,SUI GENERIS,SUI GENERIS,SUI GENERIS,80 BRUNTSFIELD PLACE,EH10 4HG,749
324732.3941,672276.9122,plants,Bonsai,Class 1,Class 1,Class 1,Class 1,81 BRUNTSFIELD PLACE,EH10 4HG,750
324729.375,672274.0075,pictures & picture framing,Framers,Vacant,Class 1,Class 1,Class 1,83 BRUNTSFIELD PLACE,EH10 4HG,751
324726.1729,672270.942600001,hot food take-away,Pizza Connection,Class 3,SUI GENERIS,SUI GENERIS,SUI GENERIS,84 BRUNTSFIELD PLACE,EH10 4HG,752
324721.5707,672267.186699999,clothing repairs,Stitches,Class 1,Class 1, , , , ,753
324717.4766,672263.412799999,clothing repairs,Stitches,Class 1,Class 1, , , , ,754
318317.3962,668195.8113,vacant, ,Class 1,Vacant,Vacant, , , ,755
318323.2013,668195.2075,n/t/c,R.S. McColl,Class 1,Class 1,Vacant, , , ,756
318330.3081,668194.8994,hairdresser,Hair Tech,Class 1,Class 1,Class 1,Class 1,17 BRYCE ROAD,EH14 5LT,757
318540.0132,667926.9059,hot food take-away,Sun Kuk,SUI GENERIS,SUI GENERIS,SUI GENERIS,SUI GENERIS,56 BRYCE ROAD,EH14 5LD,758
318542.0941,667922.9323,florist,Vicky's Flowers,Class 1,Class 1,Class 1,Class 1,60 BRYCE ROAD,EH14 5LD,759
318543.7244,667918.0527,wine merchant,Victoria Wine,Class 1,Class 1, , , , ,760
323884.4643,672450.6285,grocer,Zenith Food & Wine,Class 1,Class 1,Class 1,Class 1,1-3 BRYSON ROAD,EH11 1ED,761
323815.987,672409.7214,residential, ,Vacant,Class 9, , , , ,762
323679.8078,672295.3737,shopfitters,Rosie & Howells,Class 4,Class 4,Class 9,Class 9, , ,763
323876.8143,672472.6501,grocer,Sakinas - Family Choice,Class 1,Class 1, , , , ,764
326350.7996,673763.1545,gents clothing,Braveheart Trading Post,Class 1,Class 1,Class 1,Class 1,189 CANONGATE,EH8 8BN,765
326341.9227,673760.446799999,vacant, ,Vacant,Vacant,Vacant,Vacant,193 CANONGATE,EH8 8BN,766
326333.2923,673758.1545,"coffee shop, confectionery",Fudge House of Edinburgh,Class 3,Class 3,Class 3,Class 3,197 CANONGATE,EH8 8BN,767
326323.0459,673755.661800001,hot food take-away,Elvas,SUI GENERIS,SUI GENERIS,SUI GENERIS,SUI GENERIS,223 CANONGATE,EH8 8BJ,768
326293.9541,673747.492699999,florist,The Green House,Vacant,Class 1,Class 1,Class 1,229 CANONGATE,EH8 8BJ,769
326242.7369,673732.9541,gifts & crafts,Eastern Crafts,Class 1,Class 1,Class 1,Class 3,251-253 CANONGATE,EH8 8BQ,770
326210.7996,673723.615900001,bank,Bank of Scotland,Class 2,Class 2, , , , ,771
326200.8768,673722.2777,restaurant,The Grange,Class 1,Class 3,Class 3,Class 3,267 CANONGATE,EH8 8BQ,772
326163.3841,673715.615900001,rugs,Mihrab Gallery,Class 1,Class 1,Class 1,Class 1,297 CANONGATE,EH8 8BD,773
326157.2464,673714.446799999,"gifts, souvenirs, clothing",Simply Scotland,Vacant,Class 1,Class 1,Class 1,299 CANONGATE,EH8 8BD,774
326606.8309,673845.922700001,playing cards,R. Somerville,Class 1,Class 1,Class 1,Class 1,82 CANONGATE,EH8 8BZ,775
326536.5845,673813.338199999,musical instruments (organs),Edinburgh Organ Studio,Class 1,Class 1,Class 1,Class 1,98 CANONGATE,EH8 8DD,776
326520.4155,673806.0,demolished, ,Class 1,Demolished,Class 1,Class 1,110 CANONGATE,EH8 8DD,777
326502.7077,673800.7996,office,Edinburgh Jazz Festival,Class 4,Class 1, , , , ,778
326494.2464,673797.922700001,pictures & picture framing,Holyrood Gallery,Class 1,Class 1, , , , ,779
326419,673766,"gifts, curios",Curio Shop,Class 1,Class 1,Class 1,Class 1,154 CANONGATE,EH8 8DD,780
326419,673766,clothing ( t-shirts & sweaters),Fantastic Leisure,Class 1,Class 1,Class 1,Class 1,156 CANONGATE,EH8 8DD,781
326419,673766,tea room & café,Brambles Coffee Shop,Class 1,Class 3,Class 3,Class 3,158 CANONGATE,EH8 8DD,782
326409,673763,hot food take-away,Bene's Fish & Chips,SUI GENERIS,SUI GENERIS,SUI GENERIS,SUI GENERIS,162 CANONGATE,EH8 8DD,783
326409,673763,crafts,Celtic & Pictish Knitwear & Crafts,Class 1,Class 1,Class 1,Class 1,164 CANONGATE,EH8 8DD,784
326409,673763,knitwear,Celtic & Pictish Knitwear & Crafts,Class 1,Class 1,Class 1,Class 1,166 CANONGATE,EH8 8DD,785
326396,673754,antiques,Talish Gallery,Vacant,Class 1,Class 1,Class 1,168 CANONGATE,EH8 8DF,786
323777.4623,672415.384400001,hot food take-away,Tico Tico,SUI GENERIS,SUI GENERIS,SUI GENERIS,Vacant,26 BRYSON ROAD,EH11 1DX,787
323771.0,672411.3455,"car accessories, motor factors",Watson Trade Services,Class 1,Class 1, , , , ,788
326100.2004,672924.077299999,architect,Arcade Architects,Class 4,Class 4, , , , ,789
326117.3695,672874.123199999,books,James Thin,Class 1,Class 1,Class 1,Class 1,29-31 BUCCLEUCH STREET,EH8 9LT,790
326119.1545,672866.6764,baker,Craft Bakers,Class 1,Class 1,Class 1,Class 1,35 BUCCLEUCH STREET,EH8 9LT,791
326120.6159,672860.5386,dressmaker,Cinderella Dresses,Class 4,Class 1,Vacant,Class 1,37 BUCCLEUCH STREET,EH8 9LT,792
326129.4927,672823.908199999,residential, ,Vacant,Class 9, , , , ,793
326139.4927,672788.908199999,solicitors,Soutar & Co.,Class 4,Class 2, , , , ,794
326143.2004,672776.3695,restaurant,King's Balti, ,Class 3, , , , ,795
326149.9082,672756.5845,public house,Proctors,SUI GENERIS,SUI GENERIS,SUI GENERIS,SUI GENERIS,93-95 BUCCLEUCH STREET,EH8 9NG,796
326158.9082,672729.0459,restaurant,Pierre Lapin,Class 3,Class 3,Class 3,Class 3,111-113 BUCCLEUCH STREET,EH8 9NG,797
326163.0,672722.3236,hot food take-away,Afshan Tandoori Palace,Vacant,SUI GENERIS,Class 3,Class 3,117-119 BUCCLEUCH STREET,EH8 9NG,798
326188.57,672689.707699999,charity shop,Women Onto Work,Vacant,Class 1,Class 2,Class 2,137 BUCCLEUCH STREET,EH8 9NE,799
326190.9082,672685.615900001,antiques,Chesterfield Antiques,Class 1,Class 1, , , , ,800
326193.8309,672682.1086,hairdresser,Violet's Hair Stylists,Class 1,Class 1,Class 1,Class 1,143 BUCCLEUCH STREET,EH8 9NE,801
326197.7391,672676.876800001,office supplies,Management Solutions,Class 4,Class 2,Class 2,Class 2,145 BUCCLEUCH STREET,EH8 9NE,802
326200.9541,672672.492699999,residential, ,Vacant,Class 9, , , , ,803
326204.1691,672669.2777,bicycles,Bargain Bikes,Class 1,Class 1,Vacant,Class 9, , ,804
326088.2609,672882.077299999,office equipment,Cash Registers (Buccleuch) Ltd.,Class 1,Class 2,Vacant,Demolished, , ,805
326101.9541,672846.8455,vacant, ,Vacant,Vacant,Class 1,Class 3,30 BUCCLEUCH STREET,EH8 9LP,806
326105.4614,672833.7996,vacant, ,Vacant,Vacant,SUI GENERIS,SUI GENERIS,36 BUCCLEUCH STREET,EH8 9LP,807
326106.3382,672830.292300001,information office,The Advice Place (Edin. Univ. Students Assoc.),Class 3,Class 2,Class 4,Class 4,38 BUCCLEUCH STREET,EH8 9LP,808
326106.8768,672827.3695,public house,Meadow Bar,SUI GENERIS,SUI GENERIS,SUI GENERIS,SUI GENERIS,42-44 BUCCLEUCH STREET,EH8 9LP,809
326166.0313,672673.5678,cafe & food take-away (French),The Renaissance of Food,Class 1,Class 3,Vacant,Class 3,118 BUCCLEUCH STREET,EH8 9NQ,810
326172.1837,672666.077299999,antiques,Adam & Co.,Class 1,Class 1,Vacant,Vacant,124 BUCCLEUCH STREET,EH8 9NQ,811
326581,675042,electrical contractors,John Redpath,Class 4,Class 4,Class 4,Class 4,1 BUCHANAN STREET,EH6 8SJ,812
326648.1513,675135.2728,community development office,Pilmeny Development Project,Class 4,Class 2, , , , ,813
326645.2251,675129.407500001,community development office,Pilmeny Development Project,Class 4,Class 2, , , , ,814
326714.5669,675161.8268,public house,Dizzies,SUI GENERIS,SUI GENERIS,SUI GENERIS,SUI GENERIS,25 BUCHANAN STREET,EH6 8SQ,815
326699.0236,675170.0,unknown,Too Daft Birds,Vacant,UNKNOWN USE,Class 4,Vacant,28 BUCHANAN STREET,EH6 8RE,816
324476.9807,669054.852299999,bank,Bank of Scotland,Class 2,Class 2,Class 2,Class 2,2 BUCKSTONE TERRACE,EH10 6PZ,817
324480.5602,669048.1636,n/t/c,Buckstone Newsagent,Class 1,Class 1,Class 1,Class 1,4 BUCKSTONE TERRACE,EH10 6PZ,818
324482.6148,669043.669299999,solicitors,Allingham,Class 2,Class 2,Class 2,Class 2,4A BUCKSTONE TERRACE,EH10 6PZ,819
324485.0545,669038.918199999,post office,Post Office,Class 1,Class 1,Class 1,Class 1,8 BUCKSTONE TERRACE,EH10 6PZ,820
324486.4943,669034.645500001,grocer,McCallums,Class 1,Class 1,Class 1,Class 1,8A BUCKSTONE TERRACE,EH10 6PZ,821
324489.175,669029.521600001,butcher,Ballantyne,Class 1,Class 1,Class 1,Class 1,10 BUCKSTONE TERRACE,EH10 6PZ,822
324491.5796,669023.887499999,chemist,Moss,Class 1,Class 1,Class 1,Class 1,10A BUCKSTONE TERRACE,EH10 6PZ,823
324493.6693,669018.863600001,wine merchant,Victoria Wine,Class 1,Class 1,Class 1,Class 1,14 BUCKSTONE TERRACE,EH10 6PZ,824
324496.1091,669013.3421,videotape hire,Global Video,Class 1,Class 1,Class 1,Class 3,16 BUCKSTONE TERRACE,EH10 6PZ,825
318656.1182,673968.020199999,betting shop,Regent Racing / Arthur Prince,Vacant,Class 2,Vacant,Demolished, , ,826
318656.196,673961.5649,hairdresser,Jane Montgomery,Class 1,Class 1,Class 1,Demolished, , ,827
318655.8415,673955.2248,videotape hire,Global Video,Class 1,Class 1,Vacant, , , ,828
318655.7493,673946.9078,n/t/c,John Menzies,Class 1,Class 1,Class 1,Demolished, , ,829
318662.4986,673924.662799999,supermarket,Safeway,Class 1,Class 1,Class 1,Demolished, , ,830
312322.6067,677672.459799999,restaurant,McDonalds, ,Class 3, , , , ,831
312231.4492,677684.8467,service station,Texaco, ,SUI GENERIS, , , , ,832
327524,667908,hot food take-away (Chinese),Harmony,SUI GENERIS,SUI GENERIS,SUI GENERIS,SUI GENERIS,10 BURDIEHOUSE TERRACE,EH17 8AQ,833
327312.843,675674.3873,public house,n/a,SUI GENERIS,SUI GENERIS,SUI GENERIS,Class 9, , ,834
327114.5359,674413.719000001,bicycles,Sandy Gilchrist,Class 1,Class 1,Class 1,Class 1,1 CADZOW PLACE,EH7 5SN,835
327119.5033,674414.4641,hairdresser,A Cut Above,Class 1,Class 1,Class 1,Class 1,3 CADZOW PLACE,EH7 5SN,836
327125.0916,674414.960899999,videotape hire,Armchair Theatre Video,Class 1,Class 1,Class 1,Class 1,4(01) CADZOW PLACE,EH7 5SN,837
327134.013,674414.9739,unknown,Consultation & Advocacy Promotions,Class 1,UNKNOWN USE,UNKNOWN USE,UNKNOWN USE,5 CADZOW PLACE,EH7 5SN,838
327140.0981,674414.725500001,restaurant,Yellow River,Class 3,Class 3,Class 3,Class 3,7-8 CADZOW PLACE,EH7 5SN,839
327147.9084,674414.2092,second-hand furniture,Abbey Saleroom,Class 1,Class 1,Class 1,Class 1,9 CADZOW PLACE,EH7 5SN,840
327152.8758,674413.7125,property agent,Consumer Finance Ltd.,Class 1,Class 4,Class 2,Class 2,11 CADZOW PLACE,EH7 5SN,841
327157.719,674413.215700001,hot food take-away,New Horizon,SUI GENERIS,SUI GENERIS,SUI GENERIS,Vacant,12 CADZOW PLACE,EH7 5SN,842
327168.7647,674412.3204,n/t/c,K & B,Class 1,Class 1,Class 1,Class 1,14-15 CADZOW PLACE,EH7 5SN,843
327173.7321,674411.6994,hot food take-away,Moonlighting,Class 1,SUI GENERIS,SUI GENERIS,SUI GENERIS,17 CADZOW PLACE,EH7 5SN,844
327180.1372,674410.960899999,chemist,Lloyds,Class 1,Class 1,Class 1,Vacant,18 CADZOW PLACE,EH7 5SN,845
327185.2288,674410.3399,t.v. & video repairs,T.V. & Video Repair Centre,Class 1,Class 1,Class 1,Class 2,19 CADZOW PLACE,EH7 5SN,846
327190.072,674409.8432,public house,Station Bar,SUI GENERIS,SUI GENERIS,SUI GENERIS,SUI GENERIS,21 CADZOW PLACE,EH7 5SN,847
327213.2616,674404.6601,plumbers,YB Contracts,Vacant,Class 4, , , , ,848
327216.2353,674404.111099999,grocer,Jaffa King,Class 1,Class 1, , , , ,849
319109.1516,670383.845000001,grocer,Calder Supermarket,Class 1,Class 1, , , , ,850
319122.0122,670383.2675,hot food take-away,Spice of Life,Vacant,SUI GENERIS, , , , ,851
319132.6968,670383.0869,grocer,Sleemy Brothers,Class 1,Class 1, , , , ,852
319150.2419,670382.4805,hardware & post office,Calder Crossway Sub Post Office,Class 1,Class 1,Class 1,Class 1,10-12 CALDER PARK,EH11 4JN,853
319156.0,670382.238600001,n/t/c & greeting cards,T. & B.M. Hand,Class 1,Class 1,Vacant, , , ,854
319161.0,670382.0869,baker,n/a,Vacant,Class 1,Class 1,SUI GENERIS,14 CALDER PARK,EH11 4JN,855
319165.6968,670381.9353,hairdresser,A. & M. Methven,Class 1,Class 1,Class 1,Vacant,16 CALDER PARK,EH11 4JN,856
319170.2419,670381.845000001,chemist,Calder Pharmacy (Vantage),Class 1,Class 1,Class 1,Class 1,18 CALDER PARK,EH11 4JN,857
320343.2412,670908.853399999,supermarket,Scotmid,Class 1,Class 1,Class 1,Class 1,283-289 CALDER ROAD,EH11 4RH,858
320331.128,670904.231899999,chemist,J. & A. Walker,Class 1,Class 1,Class 1,Class 1,291 CALDER ROAD,EH11 4RH,859
320287.744,670888.4954,grocer,Corner Shop,Class 1,Class 1,Class 3,Class 3,329 CALDER ROAD,EH11 4AH,860
320283.1447,670886.870100001,wine merchant,Haddows,Class 1,Class 1,Class 1,Class 1,331 CALDER ROAD,EH11 4AH,861
320279.1633,670885.248600001,fabrics,H.M. Yardley,Class 1,Class 1,Class 11,Class 11,333 CALDER ROAD,EH11 4AH,862
320265.9852,670879.4211,n/t/c,R.S. McColl,Class 1,Class 1,Class 1,Vacant,339 CALDER ROAD,EH11 4AH,863
320261.9128,670877.5659,grocer,Calder Road Food Stores,Class 1,Class 1, , , , ,864
320257.6661,670875.465700001,butcher,P.S. Hewitt,Class 1,Class 1, , , , ,865
320252.9573,670873.4211,hairdresser,Cutters,Class 1,Class 1,Vacant,Class 1,345 CALDER ROAD,EH11 4AH,866
319699.6328,670712.2576,supermarket,Presto,Class 1,Class 1,Class 1,Class 1,483 CALDER ROAD,EH11 4AW,867
319701.3289,670705.7556,chemist,David King Pharmacy,Class 1,Class 1,Class 1,Class 1,483A CALDER ROAD,EH11 4AW,868
319703.5905,670694.7305,public house,Artful Dodger,SUI GENERIS,SUI GENERIS,SUI GENERIS,SUI GENERIS,485 CALDER ROAD,EH11 4AW,869
319702.4597,670699.819,videotape hire,Global Video,Vacant,Class 1, , , , ,870
319715.181,670690.2074,vacant, ,Vacant,Vacant,SUI GENERIS,SUI GENERIS,487 CALDER ROAD,EH11 4AW,871
319716.3118,670681.726500001,vacant, ,Vacant,Vacant,SUI GENERIS,SUI GENERIS,487A CALDER ROAD,EH11 4AW,872
319708.1136,670677.486099999,hot food take-away (Chinese),Hong Kong Chinese,Vacant,SUI GENERIS,SUI GENERIS,SUI GENERIS,489 CALDER ROAD,EH11 4AW,873
319702.7424,670676.638,shoe repairs,H. Cant,Class 1,Class 1,Class 2,Class 2,489A CALDER ROAD,EH11 4AW,874
319697.9366,670675.789899999,vacant, ,Class 1,Vacant,Class 11, , , ,875
319692.0,670674.6592,hairdresser,Simply Heads,Class 1,Class 1,Vacant, , , ,876
319687.7596,670674.093800001,baker,Kelly's Bakery,Class 1,Class 1,Class 1,Class 1,493 CALDER ROAD,EH11 4AW,877
319684.9326,670673.5284,bank,T.S.B.,Class 2,Class 2, , , , ,878
319681.823,670700.1017,n/t/c,R.S. McColl,Class 1,Class 1,Class 1,Class 1,497 CALDER ROAD,EH11 4AW,879
319680.6922,670705.472899999,betting shop,Ladbrokes,Class 2,Class 2,Class 2,Class 1,499 CALDER ROAD,EH11 4AW,880
319671.646,670709.1479,launderette,Aqua Launderette,Class 1,Class 1,SUI GENERIS,SUI GENERIS,501 CALDER ROAD,EH11 4AW,881
319602.7094,670677.080600001,service station,Burmah, ,SUI GENERIS,Vacant, , , ,882
319625.3712,670766.502,service station,B.P.,SUI GENERIS,SUI GENERIS, , , , ,883
324056.9785,672872.0,grocer & n/t/c,M.R.A. Stores - The Corner Shop,Class 1,Class 1,Class 1,Class 1,14-16 CALEDONIAN CRESCENT,EH11 2AJ,884
323964.2552,672955.191400001,security systems,Scotia Alarms Ltd.,Class 1,Class 4, ,Class 4,4 CALEDONIAN PLACE,EH11 2AS,885
323966.6488,672951.733999999,"records, tapes",Disks,Class 1,Class 1,Class 4,Vacant,6 CALEDONIAN PLACE,EH11 2AS,886
324018.1169,672990.9893,hardware wholesale office,Cairney Hardware,Class 4,Class 1, , , , ,887
324014.9255,672992.8509,hardware wholesale office,Cairney Hardware,Class 1,Class 1, , , , ,888
324011.734,672994.1807,vacant, ,Vacant,Vacant, , , , ,889
325999.2001,673980.600099999,public house,The Venue,SUI GENERIS,SUI GENERIS, , , , ,890
325955.261,674089.942399999,public house,Leith Oyster Bar,Vacant,SUI GENERIS, , , , ,891
327537.4304,674353.513900001,t.v. aerial installation,Aerial-rite,Class 1,Class 4,Class 4,Class 4,1 CAMBUSNETHAN STREET,EH7 5TZ,892
327559.5214,674345.888699999,vacant, ,Class 4,Vacant,Class 1,Class 1,4 CAMBUSNETHAN STREET,EH7 5UA,893
327553.0721,674398.5085,dental laboratory,Jim Taylor,Vacant,Class 2,Vacant,Class 9, , ,894
327552.4901,674402.290999999,upholsterer,John James White,UNKNOWN USE,Class 4,Class 4,Class 4,18 CAMBUSNETHAN STREET,EH7 5UA,895
324552.3202,671181.227499999,betting shop,Ladbrokes,Class 2,Class 2,Vacant,Class 1,1 CANAAN LANE,EH10 4SZ,896
324593.7472,671158.6601,home brew supplies,Home Brew Centre,Class 1,Class 1, , , , ,897
325679.4918,673327.3037,training centre,The Diver Training Centre,Vacant,Class 4,Class 2,Class 3,21 CANDLEMAKER ROW,EH1 2QG,898
325677.2044,673330.2652,office,unknown,Class 1,Class 4, , , , ,899
325674.8178,673334.243000001,antiques,Another World,Class 1,Class 1,Class 4,Vacant,25 CANDLEMAKER ROW,EH1 2QG,900
325673.5526,673337.204399999,comics,Deadhead Comics,Class 1,Class 1,Class 1,Class 1,27 CANDLEMAKER ROW,EH1 2QG,901
325656.8563,673354.718499999,nursery,Elim Day Nursery Centre,Class 4,Class 10, , , , ,902
325654.4696,673357.3704,public house,Kicks,Class 4,SUI GENERIS, , , , ,903
325652.6133,673365.060699999,public house,Kicks,Class 1,SUI GENERIS, , , , ,904
325617.4311,673378.204399999,antiques,Joys,Class 1,Class 1,Class 1,Class 1,39 CANDLEMAKER ROW,EH1 2QB,905
325621.9393,673376.348099999,art gallery,Pg Portfolio Gallery,Class 1,Class 1,Class 1,Class 1, , ,906
325685.917,673285.386700001,public house,Greyfriars Bobby,SUI GENERIS,SUI GENERIS,SUI GENERIS,SUI GENERIS,30-34 CANDLEMAKER ROW,EH1 2QE,907
325673.3867,673306.5911,candles,Edinburgh Candle Shop,Class 1,Class 1,Class 1,Class 1,42 CANDLEMAKER ROW,EH1 2QE,908
325670.1215,673312.060699999,restaurant,The Haw House,Class 1,Class 3,Class 3,Class 3,44 CANDLEMAKER ROW,EH1 2QE,909
325666.4474,673319.5911,kitchen & bedroom fittings,G. Chater,Class 1,Class 1,Class 1,Class 1,46 CANDLEMAKER ROW,EH1 2QE,910
325662.243,673327.2652,residential letting agency,Greyfriars Letting Agency,Class 1,Class 2,Class 2,Class 2,50 CANDLEMAKER ROW,EH1 2QE,911
325658.7956,673331.7733,antiques,Still Life Antiques,Class 1,Class 1,Class 1,Class 1,54 CANDLEMAKER ROW,EH1 2QE,912
325655.1215,673336.0,vacant, ,Class 1,Vacant,Class 1,Class 1,56A CANDLEMAKER ROW,EH1 2QE,913
325652.2044,673338.1215,ladies clothing,Rosie's,Class 1,Class 1,Class 1,Class 1,58 CANDLEMAKER ROW,EH1 2QE,914
325645.8563,673343.0,gents clothing,Odd Man Out,Class 1,Class 1,Class 4,Class 1,62-64 CANDLEMAKER ROW,EH1 2QE,915
325249.0886,675010.2531,hot food take-away,Chinese Gastronomic Takeaway,SUI GENERIS,SUI GENERIS,SUI GENERIS,Vacant,12 CANON STREET,EH3 5HE,916
326724.3382,673919.661800001,clothing & highland dress hire,A' the Best  fae Scotland,Class 1,Class 1,Class 1,Class 1, , ,917
326709.7536,673909.9541,professional sound & lighting sysytems,Pegasus Sound & Light,Vacant,Class 4,Class 4,Class 4,23-25 CANONGATE,EH8 8BX,918
326696.1691,673902.9541,vacant, ,Class 1,Vacant,Vacant,Vacant,29 CANONGATE,EH8 8BS,919
326597.5845,673865.492699999,public house,Jenny Ha's,SUI GENERIS,SUI GENERIS,SUI GENERIS,SUI GENERIS,67 CANONGATE,EH8 8BS,920
326584.1691,673859.123199999,café & tea room,Clarinda's Tea Room,Class 3,Class 3,Class 3,Class 3,69 CANONGATE,EH8 8BS,921
326552.8768,673844.9541,gifts & souvenirs,The Genuine Article,Class 1,Class 1,Class 1,Class 1,97 CANONGATE,EH8 8BP,922
326535.2923,673837.8309,grocer,Canongate Stores,Class 1,Class 1,Class 1,Class 1,101 CANONGATE,EH8 8BP,923
326515.3382,673824.8309,knitwear,Old Town Knitwear,Class 1,Class 1,Class 1,Class 1,125 CANONGATE,EH8 8BP,924
326502.8768,673819.9541,knitwear,T.N. Middlemass,Class 1,Class 1,Class 1,Class 1,131 CANONGATE,EH8 8BP,925
326497.6159,673818.2004,vacant, ,Class 1,Vacant,Class 1,Class 1,133-135 CANONGATE,EH8 8BP,926
326483.3382,673813.908199999,Christmas decorations,Ye Olde Christmas Shoppe,Class 1,Class 1,Class 1,Class 1,143-145 CANONGATE,EH8 8BN,927
326404.5073,673785.4781,public house,Tolbooth Tavern,SUI GENERIS,SUI GENERIS,SUI GENERIS,SUI GENERIS,167 CANONGATE,EH8 8BN,928
326394.5073,673784.3236,maps (antiquarian & reproduction),Carson Clark Gallery,Class 1,Class 1,Class 1,Class 1,173 CANONGATE,EH8 8BN,929
326386.6305,673780.615900001,second-hand books,Tolbooth Books,Class 1,Class 1,Class 1,Class 1,175 CANONGATE,EH8 8BN,930
326373.6305,673775.031300001,vacant, ,Class 1,Vacant,Class 1,Class 1,181-183 CANONGATE,EH8 8BN,931
326360.7536,673766.400900001,toys & models,Mac's Models,Class 1,Class 1,Vacant,Class 1,187 CANONGATE,EH8 8BN,932
326396,673754,spirit merchant,Cadenhead's Whisky Shop,Class 1,Class 1,Class 1,Class 1,172 CANONGATE,EH8 8DF,933
326282.0146,673721.492699999,second-hand books,Castle Books,Class 1,Class 1,Class 1,Class 3,204 CANONGATE,EH8 8DQ,934
326273.0,673718.338199999,n/t/c,D. & C. Murdoch,Class 1,Class 1,Class 1,Class 1,208 CANONGATE,EH8 8DQ,935
326261.2923,673714.659600001,public house,The Canon's Gait,SUI GENERIS,SUI GENERIS,SUI GENERIS,SUI GENERIS,232 CANONGATE,EH8 8DQ,936
326236.4133,673706.8266,restaurant,Pancho Villa's,Class 3,Class 3,Class 3,Class 3,240 CANONGATE,EH8 8AB,937
326212.2923,673703.137800001,grocer,Royal Mile General Grocer & Off License,Class 1,Class 1,Class 1,Class 1,244 CANONGATE,EH8 8AB,938
326209.3695,673702.8455,jeweller,Buzzmarks,Class 1,Class 1,Class 2,Class 2,248 CANONGATE,EH8 8AA,939
326203.6764,673702.3069,knitwear,Cameron's Cashmere,Class 1,Class 1,Class 1,Class 1,250 CANONGATE,EH8 8AA,940
326196.3695,673701.137800001,crafts,Frontiers,Class 1,Class 1,Class 1,Class 1,254 CANONGATE,EH8 8AA,941
326187.9235,673699.7552,public house,White Horse,SUI GENERIS,SUI GENERIS,SUI GENERIS,SUI GENERIS,266 CANONGATE,EH8 8AA,942
326182.2923,673698.983200001,fishmonger,Croan,Class 1,Class 1,Class 1,Class 1,270 CANONGATE,EH8 8AA,943
326178.785,673698.1064,fine art,Royal Mile Gallery,Class 1,Class 1,Class 1,Class 1,272 CANONGATE,EH8 8AA,944
326173.8163,673696.9373,vacant, ,Class 1,Vacant,Class 1,Class 3,274 CANONGATE,EH8 8AA,945
326168.6159,673695.553200001,knitwear,Ragamuffin,Class 1,Class 1,Class 1,Class 1,276 CANONGATE,EH8 8AA,946
326164.524,673694.091800001,butcher,Michael Wilson - Royal Mile Butchers,Class 1,Class 1,Class 1,Class 1,278 CANONGATE,EH8 8AA,947
325353.8371,675021.2324,public house,McLachlans,SUI GENERIS,SUI GENERIS,SUI GENERIS,SUI GENERIS,1 CANONMILLS,EH3 5HA,948
325338.581,675026.185699999,residential, ,Class 1,Class 9, , , , ,949
325333.279,675027.581,hot food take-away,Cannonmeals Takeaway,Class 4,SUI GENERIS,SUI GENERIS,Class 3,5 CANONMILLS,EH3 5HA,950
325296.2148,675018.050899999,service station,Texaco,SUI GENERIS,SUI GENERIS,Class 1,Class 1,23 CANONMILLS,EH3 5HA,951
325242.3291,675051.3291,baker,Taylors,Class 1,Class 1,Class 1,Vacant,30 CANONMILLS,EH3 5LH,952
324534.4298,671656.912900001,carpets,Lorimer & Beetham,Class 1,Class 1,Class 1,Class 1,6-10 CHURCH HILL PLACE,EH10 4BD,953
324542.1405,671657.598300001,furniture,James Erskine,Class 1,Class 1,Class 1,Class 1,14 CHURCH HILL PLACE,EH10 4BD,954
324546.0815,671658.112400001,furniture,James Erskine,Class 1,Class 1,Class 1,Class 1,16 CHURCH HILL PLACE,EH10 4BD,955
324765.7797,674719.423599999,grocer & wine merchant,R Wines,Class 1,Class 1, , , , ,956
326202.5386,672830.2609,n/t/c,Bukahari,Class 1,Class 1,Class 1,Class 1,3 CLERK STREET,EH8 9JH,957
326229.7996,672778.6305,prize bingo,Johnny's Amusements,Class 1,Class 11,Class 11,Class 11,21 CLERK STREET,EH8 9JH,958
326232.1378,672774.8309,clothing & gifts,Fool Clothing,Class 1,Class 1, , , , ,959
326235.8309,672767.768200001,grocer,Spar 24 hour shop,Class 1,Class 1, , , , ,960
326237.5845,672764.553200001,hot food take-away,Pasquale Fish & Chips,Class 3,SUI GENERIS,SUI GENERIS,SUI GENERIS,33-35 CLERK STREET,EH8 9JH,961
326241.0918,672758.4155,cafe,Marmaris,Class 1,Class 3, , , , ,962
326246.7077,672748.183700001,business services,Edin. Word Processing Svs.,Class 2,Class 4,Class 1,Class 1,37 CLERK STREET,EH8 9JQ,963
326248.7536,672744.384099999,"second-hand t.v.s, videos",Discount T.V. Centre,Class 1,Class 1,Class 1,Class 1,39 CLERK STREET,EH8 9JQ,964
326253.43,672737.077299999,travel agent,The Flight Bureau,Class 1,Class 1,Class 1,Class 1,45 CLERK STREET,EH8 9JQ,965
324217.8871,674687.225099999,hairdresser,Clip Joint Hairdresser,Class 1,Class 1,Class 1,Class 1,17 COMELY BANK ROAD,EH4 1DS,966
324213.662,674688.0701,vacant, ,Class 1,Vacant, , , , ,967
326226.4468,672844.4614,delicatessen,Ashby's Deli,SUI GENERIS,Class 1, , , , ,968
326229.0773,672839.2004,hot food take-away,La Palma,SUI GENERIS,SUI GENERIS, , , , ,969
326231.8622,672834.091800001,clothing,Army & Navy Store,Class 1,Class 1,Class 1,Class 1,10 CLERK STREET,EH8 9HX,970
326233.9082,672829.707699999,fishmonger,Granton Seafoods,Class 1,Class 1,Class 1,Class 1,12 CLERK STREET,EH8 9HX,971
326235.9541,672825.3236,baker,Francis Irvine,Class 1,Class 1,Class 2,Class 2,16 CLERK STREET,EH8 9HX,972
326239.4468,672818.922700001,public house,Wm. McEwan's Ale House,SUI GENERIS,SUI GENERIS,SUI GENERIS,SUI GENERIS,18-24 CLERK STREET,EH8 9HX,973
326241.785,672814.5386,n/t/c,Capital Newsagents,Class 1,Class 1,Class 1,Class 1,26 CLERK STREET,EH8 9HX,974
326244.4155,672810.446799999,hot food take-away,Diane's Chinese Emporium,Class 3,SUI GENERIS,Class 3,Class 3,28 CLERK STREET,EH8 9HX,975
326247.4468,672804.553200001,betting shop,William Hill,Class 2,Class 2,Class 2,Class 2,30-32 CLERK STREET,EH8 9HX,976
326249.4927,672799.876800001,butcher,First Class,Class 1,Class 1,Class 1,Vacant,36 CLERK STREET,EH8 9HX,977
326252.1232,672795.2004,fishmonger & poulterer,Walton's,Class 1,Class 1,Class 1,Vacant,38 CLERK STREET,EH8 9HX,978
326255.9854,672788.8309,estate agents & financial services,Drummond Drysdale & Grieve,Class 2,Class 2,Class 1,Class 1,40 CLERK STREET,EH8 9HX,979
326259.4927,672783.862199999,wine merchant,Thresher,Class 1,Class 1,Class 1,Vacant,42-44 CLERK STREET,EH8 9HX,980
326273.9395,672757.215,chemist,G. Chapman,Class 1,Class 1,Class 1, , , ,981
326278.3236,672749.3236,beauty salon,Beauty by Elaine,Class 1,Class 1,Class 1, , , ,982
326280.0773,672745.816299999,travel agent,World Travel,Class 1,Class 1,Class 2,Class 1,52 CLERK STREET,EH8 9JB,983
326282.57,672740.4614,grocer,SNS Food Store,Class 1,Class 1,Vacant,Vacant,54 CLERK STREET,EH8 9JB,984
324408.1124,670614.657299999,antiques,Craiglea Clocks,Vacant,Class 1,Class 1,Class 1,88 COMISTON ROAD,EH10 5QJ,985
324406.5702,670610.0309,fireplaces,Hestia Fireside Design,Class 1,Class 1,Class 1,Class 1,90 COMISTON ROAD,EH10 5QJ,986
324397.5674,670583.5112,grocer,Morningside General Store,Class 1,Class 1,Class 1,Class 1,92 COMISTON ROAD,EH10 5QL,987
324396.368,670579.741599999,vacant, ,Class 1,Vacant,Class 1,Class 1,94 COMISTON ROAD,EH10 5QL,988
324395.3399,670576.3146,dry cleaner,Comiston Dry Cleaning Service,Class 1,Class 1,Class 2,Class 2, , ,989
324394.1405,670572.202199999,hairdresser,Jackie Murray Hair Design,Vacant,Class 1,Class 1,Class 1,98 COMISTON ROAD,EH10 5QL,990
324346.8848,670437.657299999,veterinary surgery,Armac Veterinary Group,Class 2,Class 2,Class 2,Class 2, , ,991
324345.6854,670434.3708,architectural consultant,Hunter Walker Associates,Class 1,Class 4,Class 4,Class 4,130 COMISTON ROAD,EH10 5QN,992
324344.2275,670429.997199999,n/t/c,D. & D. Ballantyne,Class 1,Class 1,Class 4,Class 4,134 COMISTON ROAD,EH10 5QN,993
324342.6854,670424.932600001,accountants,Accountant Services (Edin.) Ltd.,Class 1,Class 2,Class 4,Class 4,136 COMISTON ROAD,EH10 5QN,994
325219.8605,675066.0634,fireplaces,Fireplace Design,Class 1,Class 1,Class 1,Class 1,1 CANONMILLS BRIDGE,EH3 5LF,995
325216.1011,675068.569700001,hot food take-away,Eastern Spices,Class 1,SUI GENERIS,SUI GENERIS,SUI GENERIS,2 CANONMILLS BRIDGE,EH3 5LF,996
325207.7469,675074.0,tiles,Budget Tiles,Class 1,Class 1,Class 1,Class 1,3-6 CANONMILLS BRIDGE,EH3 5LF,997
327609,668149,demolished for housing, ,Class 1,Demolished, , , , ,998
327603.6763,668146.066500001,demolished for housing, ,Class 1,Demolished, , , , ,999
320911.5228,672073.0,demolished, ,Class 1,Demolished, , , , ,1000
324998.6647,673799.4537,vacant, ,Class 3,Vacant,Class 1,Class 1,5 CASTLE STREET,EH2 3AH,1001
324995.2413,673803.8391,office,n/a,Class 1,Class 4, , , , ,1002
324994.6118,673809.793400001,building society,Northern Rock,Class 1,Class 2,Class 2,Class 2,9 CASTLE STREET,EH2 3AH,1003
324993.625,673812.675000001,cafe,Cafe 9,Class 1,Class 3,Vacant,Class 1,9A CASTLE STREET,EH2 3AH,1004
324990.6001,673823.506200001,building society,Bristol & West,Class 1,Class 2,Class 2,Class 3,13A CASTLE STREET,EH2 3AH,1005
324989.2876,673828.612600001,restaurant,Pizzaland,Class 3,Class 3,Class 3,Class 3,15 CASTLE STREET,EH2 3AH,1006
324987.9762,673832.312100001,restaurant (Chinese),Orchid Lodge,Class 3,Class 3,Class 3,Class 3,15A CASTLE STREET,EH2 3AH,1007
324983.2324,673855.855900001,wine merchant,Victoria Wine,Class 1,Class 1,Class 1,Class 1,21(GF10) CASTLE STREET,EH2 3DN,1008
324982.1412,673859.752900001,restaurant (Chinese),Golden Dragon,Class 3,Class 3,Class 3,Class 3,21(GF20) CASTLE STREET,EH2 3DN,1009
324980.2971,673865.8177,shoe repairs,H. Robertson,Class 1,Class 1,Class 1,Class 1,21A CASTLE STREET,EH2 3DN,1010
324978.1412,673872.661800001,charity shop,Royal Edinburgh Repository & Self Aid Society,Class 1,Class 1,Class 1,Class 1,23(GF) CASTLE STREET,EH2 3DN,1011
324974.2706,673885.0383,gifts,Evolution,Class 1,Class 1,Class 1,Class 1,29 CASTLE STREET,EH2 3DN,1012
324972.7118,673889.8706,t.v. & video rental,Radio Rentals,Class 1,Class 1, , , , ,1013
324970.8177,673895.2853,furniture,Hardwood Furniture,Class 1,Class 1,Class 1,Vacant,31 CASTLE STREET,EH2 3DN,1014
324970.1941,673897.623500001,sewing machine repair,Singer,Class 1,Class 1, , , , ,1015
324966.5812,673788.675000001,mens clothing,High & Mighty,Class 1,Class 1,Class 1,Class 1,4 CASTLE STREET,EH2 3AT,1016
324964.0624,673797.012499999,gents clothing,Nickleby's,Class 1,Class 1,Class 1,Class 1,6(GF)-8 CASTLE STREET,EH2 3AT,1017
324959.9062,673814.8687,sports clothing,Intersport,Class 1,Class 1,Class 1,Class 1,14 CASTLE STREET,EH2 3AT,1018
324948.7322,673850.661800001,vacant, ,Class 1,Vacant, , , , ,1019
324946.2381,673858.7676,vacant, ,Class 1,Vacant,Class 3,Class 3,26 CASTLE STREET,EH2 3HT,1020
324937.7941,673890.1677,ladies clothing,Pink,Class 1,Class 1,Class 1,Class 1,32A CASTLE STREET,EH2 3HT,1021
324939.5706,673884.8824,florist,Maxwell,Class 1,Class 1,Class 1,Class 1,32B CASTLE STREET,EH2 3HT,1022
324774.5036,673508.250600001,redeveloped, ,Class 1,Redeveloped, , , , ,1023
324782.0071,673509.7513,office supplies,Scotia U.K. plc,Class 2,Class 2, , , , ,1024
324987.4974,673301.2444,restaurant (Chinese),Orchid,Class 3,Class 3, , , , ,1025
325457.215,673533.354900001,gifts,Castle Gift Shop,Class 1,Class 1,Class 1,Class 1,539 CASTLEHILL,EH1 2ND,1026
325454.5845,673532.185900001,cafe,Castle Tea Room,Class 3,Class 3,Class 3,Class 3,539A CASTLEHILL,EH1 2ND,1027
325432.4614,673526.785,gifts,Camera Obscura,Class 1,Class 1, , , , ,1028
323629.6207,672890.241599999,vacant, ,Vacant,Vacant, ,Vacant,26 CATHCART PLACE,EH11 2HE,1029
328359.2322,672700.0,public house,Sheep's Heid,SUI GENERIS,SUI GENERIS,SUI GENERIS,SUI GENERIS,43 THE CAUSEWAY,EH15 3QA,1030
326288.57,672390.876800001,n/t/c,A.B. Flynn,Class 1,Class 1,Class 1,Class 1,17 CAUSEWAYSIDE,EH9 1QF,1031
326290.0313,672385.615900001,ski equipment & clothing,Snow Sense,Class 1,Class 1,Class 3,Class 3,19 CAUSEWAYSIDE,EH9 1QF,1032
326292.2004,672380.4614,rugs,The Rug Gallery,Class 1,Class 1, , , , ,1033
326293.3695,672377.246400001,antiques,Alan Lawson & Son,Class 4,Class 1, , , , ,1034
326294.9708,672371.3047,public house,Victoria Bar,SUI GENERIS,SUI GENERIS,SUI GENERIS,SUI GENERIS,25-27 CAUSEWAYSIDE,EH9 1QF,1035
326298.3695,672361.707699999,chiropodist,Feet First,Class 4,Class 2,Class 2,Class 2, , ,1036
326308.2004,672334.753599999,antiques,Da Capo,Class 1,Class 1,Class 1,Class 1,45 CAUSEWAYSIDE,EH9 1QF,1037
326309.3695,672331.246400001,restaurant (French),La Bonne Vie,Vacant,Class 3, , , , ,1038
326312.0,672323.9395,restaurant (French),La Bonne Vie, ,Class 3, , , , ,1039
326313.2004,672320.492699999,musical instruments,Stringer,Class 1,Class 1, ,Class 1,55 CAUSEWAYSIDE,EH9 1QF,1040
326315.3876,672314.8145,musical instruments,Stringer,Class 4,Class 1, , , , ,1041
326316.9656,672311.364700001,store,Stringer,Class 4,Class 2, , , , ,1042
326318.6208,672306.2349,clothing alterations,B. Rosa,Class 1,Class 1,Class 1,Class 2,63 CAUSEWAYSIDE,EH9 1QF,1043
326319.9082,672303.077299999,antiques,Allan K.L. Jackson,Vacant,Class 1,Class 1,Class 1,67 CAUSEWAYSIDE,EH9 1QF,1044
326322.1545,672297.1691,slaters,A. Milne,Class 4,Class 4, , , , ,1045
326324.2004,672293.077299999,food take-away,Meadows Pantry & Sandwich Bar,Class 2,Class 1,Vacant,Vacant, , ,1046
326326.2004,672287.292300001,kitchen furniture & fittings,Lawrence McIntosh & Sons,Class 1,Class 1,Vacant,Class 9, , ,1047
326344,672260,antiques,Causewayside Antiques,Class 1,Class 1,Vacant,Vacant,89 CAUSEWAYSIDE,EH9 1QG,1048
326344,672260,political party office,Labour Party,Class 4,Class 2,Vacant,Class 1,93 CAUSEWAYSIDE,EH9 1QG,1049
326348,672242,antiques,Causewayside Antiques,Class 1,Class 1,Class 3,Class 3,99 CAUSEWAYSIDE,EH9 1QG,1050
326349,672237,antiques,Salisbury Antiques,Vacant,Class 1, , , , ,1051
326350,672234,antiques,Causewayside Antiques,Class 1,Class 1, , , , ,1052
326407.611,672036.9769,antiques,Olympian Antiques,Class 1,Class 1,Class 1,Class 1,179-181 CAUSEWAYSIDE,EH9 1PH,1053
326406.4813,672040.0231,lighting & furniture,Decorum,Class 1,Class 1, , , , ,1054
326409.5879,672031.8934,lighting & furniture,Decorum,Class 1,Class 1, ,Class 1,189 CAUSEWAYSIDE,EH9 1PH,1055
326410.6889,672029.4726,printers,Paramount Printers,Class 1,Class 4,Class 1,Class 4,191 CAUSEWAYSIDE,EH9 1PH,1056
326442.4869,671948.363600001,public house,Old Bell Inn,SUI GENERIS,SUI GENERIS,SUI GENERIS,SUI GENERIS,233 CAUSEWAYSIDE,EH9 1PH,1057
326287.5845,672319.338199999,upholsterer,The Chairwoman,Class 1,Class 4,Vacant,Vacant,56 CAUSEWAYSIDE,EH9 1PY,1058
326300.8141,672293.091800001,vacant, ,SUI GENERIS,Vacant, ,Demolished,72-80 CAUSEWAYSIDE,EH9 1PY,1059
326304.8768,672281.6305,vacant, ,Vacant,Vacant, , , , ,1060
326306.0459,672278.123199999,antiques,Avalon,Class 1,Class 1,Vacant,Vacant,84 CAUSEWAYSIDE,EH9 1PY,1061
326322,672238,knitting wool,Daintyland,Class 1,Class 1,Class 1,Class 1,100 CAUSEWAYSIDE,EH9 1PU,1062
326322,672238,vacant, ,Class 1,Vacant,Class 1,Class 1,102 CAUSEWAYSIDE,EH9 1PU,1063
326322,672238,antiques & reproduction furniture,Grange Court Antiques,Class 1,Class 1,Class 1,Class 1,106-108 CAUSEWAYSIDE,EH9 1PU,1064
326306,672240,vacant, ,Class 1,Vacant, , , , ,1065
326328,672224,vacant, ,Class 4,Vacant,Class 4,Class 4,110-112 CAUSEWAYSIDE,EH9 1PU,1066
326331,672214,public house,Minders,SUI GENERIS,SUI GENERIS,SUI GENERIS,SUI GENERIS,114 CAUSEWAYSIDE,EH9 1PU,1067
326347.1232,672151.123199999,public house,Jamie's,SUI GENERIS,SUI GENERIS,SUI GENERIS,SUI GENERIS,130-132 CAUSEWAYSIDE,EH9 1PR,1068
326348.4155,672143.0,plumbers & electricians,T. McDonald,Class 4,Class 4, , , , ,1069
326384.2824,672031.0835,antiques,S.F. Antiques,Vacant,Class 1,Class 1,Vacant,180 CAUSEWAYSIDE,EH9 1PN,1070
326385.4121,672028.259299999,antiques,Hermitage Antiques,Class 1,Class 1,Class 1,Class 1,182 CAUSEWAYSIDE,EH9 1PN,1071
326387.9539,672022.0461,florist,Sarah Menzies,Class 1,Class 1, , , , ,1072
326390.8242,672015.236300001,restaurant (Indian & Bangladeshi),Pataka,Class 1,Class 3,Class 3,Class 3,190 CAUSEWAYSIDE,EH9 1PN,1073
326049.7369,673737.0,cafe,n/a,SUI GENERIS,Class 3,Class 3,Class 3,"1 CHALMERS CLOSE, ( 81 HIGH ST",EH1 1SS,1074
325971.3236,673423.033500001,food take-away,Martone Food,Class 1,Class 1, , , , ,1075
325964.6013,673421.279899999,hi-fi equipment,Richer Sounds,Class 1,Class 1,Class 1,Class 1,1B CHAMBERS STREET,EH1 1HR,1076
325712.1822,673335.635500001,bank,Bank of Scotland,Class 2,Class 2, , , , ,1077
325569.6559,676205.3609,storage for grocer,Bobby's Newsagent ?,Vacant,Class 2,Class 1, , , ,1078
325566.705,676204.869100001,grocer,Bobby's Newsagent,Class 1,Class 1,Class 1, , , ,1079
326028,673037,vacant, ,Class 4,Vacant,Class 3,Class 3,4 CHAPEL STREET,EH8 9AY,1080
326028,673037,cafe & sandwich bar,Al Sahara,Class 3,Class 3,Class 3,Class 3,6 CHAPEL STREET,EH8 9AY,1081
326028,673037,sandwich bar,Olympic Sandwich Bar,Class 1,Class 1,Class 1,Class 3,10 CHAPEL STREET,EH8 9AY,1082
326028,673037,restaurant,Charcool Restaurant,Class 4,Class 3, , , , ,1083
326033.2464,673017.661800001,restaurant,Buffalo Grill,Class 3,Class 3, , , , ,1084
324556.964,673777.744899999,restaurant,Indigo Yard,Class 3,Class 3,Class 3,Class 3,7 CHARLOTTE LANE,EH2 4QZ,1085
321867.118,671601.578299999,bank,Royal Bank of Scotland,Class 2,Class 2,Class 2,Class 2,1 CHESSER AVENUE,EH14 1TB,1086
322268.1474,671415.144400001,supermarket,Scotmid,Class 1,Class 1, , , , ,1087
324522.7725,671681.286499999,photographic studio,Churchill Photography,Class 2,Class 2,Class 2,Class 4,3 CHURCH HILL PLACE,EH10 4BE,1088
324527.0562,671681.6292,ladies clothing,Lena,Class 1,Class 1,Class 11,Class 1,5 CHURCH HILL PLACE,EH10 4BE,1089
324548.2556,671684.0309,furniture,Lorimer & Beetham,Class 1,Class 1, , , , ,1090
326256.2464,672732.229599999,butcher & poulterer,D.M. Malcolm,Class 1,Class 1,Vacant,Class 1,47 CLERK STREET,EH8 9JQ,1091
326258.0,672728.43,greeting cards & gifts,The Paper Gallery,Class 4,Class 1,Class 1,Class 1,49 CLERK STREET,EH8 9JQ,1092
326260.3382,672723.753599999,cafe,Wayfarers,Class 3,Class 3,Class 3,Class 3,53 CLERK STREET,EH8 9JQ,1093
326262.3841,672719.9541,insurance brokers,Coversure,Class 1,Class 2,Class 2,Vacant,55 CLERK STREET,EH8 9JQ,1094
326264.9541,672714.645099999,hot food take-away,Peking Kitchen,Class 1,SUI GENERIS,Class 3,SUI GENERIS,57 CLERK STREET,EH8 9JQ,1095
326266.7077,672711.137800001,videotape hire,Vogue Video,Class 1,Class 1,Class 1,Class 1,59 CLERK STREET,EH8 9JQ,1096
326269.0459,672707.338199999,restaurant,Tandoori Land,Class 3,Class 3,Class 3,Class 3,63 CLERK STREET,EH8 9JQ,1097
326271.0918,672703.5386,hairdresser,Gordon Black,Class 1,Class 1,Class 1,Class 1,65 CLERK STREET,EH8 9JQ,1098
326274.0,672699.014599999,electrical spares & parts,Radio Electrics,Class 1,Class 1,Class 3,Class 3,67 CLERK STREET,EH8 9JG,1099
326276.3382,672695.215,"records, tapes, cds",Record Shak,Class 1,Class 1,Class 1,Class 1,69 CLERK STREET,EH8 9JG,1100
326277.7996,672691.707699999,second-hand photocopiers,SOS Copiers,Class 2,Class 2,Class 1,Class 1,73 CLERK STREET,EH8 9JG,1101
326279.8455,672689.077299999,delicatessen,Bonningtons,Class 1,Class 1,Class 1,Class 1,75 CLERK STREET,EH8 9JG,1102
326283.5386,672683.229599999,public house,The Pioneer,SUI GENERIS,SUI GENERIS,SUI GENERIS,SUI GENERIS,77 CLERK STREET,EH8 9JG,1103
326285.8768,672677.6764,health foods,Nature's Gate,Class 1,Class 1,Class 1,Class 1,83 CLERK STREET,EH8 9JG,1104
326288.8141,672672.4322,box office,Queen's Hall Box Office,Class 1,Class 1, , , , ,1105
326223.2318,672850.599099999,hairdresser & beauty salon,Yvonne Bailey,Class 1,Class 1,Class 1,Class 1,2 CLERK STREET,EH8 9HX,1106
322933.3251,673278.6291,post office,Roseburn Post Office,Class 1,Class 1,Class 1,Class 1,8 COLTBRIDGE AVENUE,EH12 6AH,1107
322937.8199,673287.3376,vacant, ,Class 4,Vacant,Class 1,Class 4,14 COLTBRIDGE AVENUE,EH12 6AH,1108
322940.1679,673291.3628,building contractor,James Swan & Sons,Class 1,Class 4,Class 4,Class 4,16 COLTBRIDGE AVENUE,EH12 6AH,1109
323671,674683,supermarket - large,Safeway, ,Class 1,Class 1,Class 1,38 COMELY BANK,EH4 1AF,1110
324086.914,674573.8851,accountants,D. MacMichael,Class 1,Class 2, , , , ,1111
324089.1679,674568.2092,second-hand clothing,Alternatives,Class 1,Class 1,Vacant,Class 4,35 COMELY BANK AVENUE,EH4 1ES,1112
324005.6703,674711.059800001,food take-away,Food Glorious Food,Class 1,Class 1,Class 1,Class 1,4 COMELY BANK AVENUE,EH4 1EL,1113
324007.3874,674706.750299999,n/t/c,Alonzi,Class 1,Class 1,Class 1,Class 1,6 COMELY BANK AVENUE,EH4 1EL,1114
324008.6889,674702.6525,hats,The Mad Hatter,Class 1,Class 1,Class 4,Class 4,8 COMELY BANK AVENUE,EH4 1EL,1115
324009.6968,674699.782500001,central heating engineers,T.B. Mackay Energy Services,Class 4,Class 4, , , , ,1116
324011.3108,674696.0252,financial services,Independent Financial Advisory Centre,Class 2,Class 2, , , , ,1117
324012.6508,674692.1041,office,Morfit & Turnbull (Mag't Svs.) Ltd.,Class 1,Class 4,Class 2,Class 2,16 COMELY BANK AVENUE,EH4 1EL,1118
324014.1974,674688.145099999,hairdresser,Ruth Ball,Class 1,Class 1,Class 1,Class 1,18 COMELY BANK AVENUE,EH4 1EL,1119
324142.0,674590.5492,baker,Robertson's Home Bakery,Class 1,Class 1,Vacant,Class 9, , ,1120
324096.6394,674577.6435,sauna,Roseburn Sauna,Class 11,Class 11,Class 11,Class 11,43-45 COMELY BANK PLACE,EH4 1ER,1121
324091.6352,674575.823799999,hairdresser,Murray Head,Class 1,Class 1,Class 1,Class 1,49 COMELY BANK PLACE,EH4 1ER,1122
324088.9098,674601.180299999,n/t/c,Comely Bank Newsagent,Class 1,Class 1,Class 1,Class 9, , ,1123
324084.1844,674598.9057,independent financial advisers,Stockbridge Associates Ltd.,Class 4,Class 2, , , , ,1124
324077.3606,674596.631100001,launderette,Automatic Launderette,Class 1,Class 1, , , , ,1125
324269.0841,674680.535,restaurant,San Marco,Class 1,Class 3,Class 3,Class 3, , ,1126
324266.2111,674681.042099999,hot food take-away,Franco's,Class 1,SUI GENERIS, , , , ,1127
324262.493,674681.7181,hot food take-away,Franco's,SUI GENERIS,SUI GENERIS, , , , ,1128
324253.028,674683.183,charity shop,St. Columba's Wardrobe,Class 1,Class 1,Class 1,Class 1,9 COMELY BANK ROAD,EH4 1DR,1129
324248.465,674684.028000001,butcher,Dalzell & McIntosh,Class 1,Class 1,Vacant,Class 1,13 COMELY BANK ROAD,EH4 1DR,1130
324222.6192,674686.211100001,videotape hire,Blockbuster Video,Class 1,Class 1,Class 1,Class 1,15 COMELY BANK ROAD,EH4 1DS,1131
326285.2004,672736.3695,greeting cards,Past & Present,Class 2,Class 1, , , , ,1132
326288.7077,672730.524,pine furniture,Tweed Pine,Class 1,Class 1, , , , ,1133
326291.9227,672725.2631,photographic goods,Edinburgh Cameras,Class 2,Class 1,Class 1,Class 1,60 CLERK STREET,EH8 9JB,1134
326294.2004,672720.3236,pets & pet supplies,Aqualand,Vacant,Class 1,Class 1,Class 1,62 CLERK STREET,EH8 9JB,1135
326296.8309,672715.354900001,greengrocer,Drummond,Class 1,Class 1,Class 1,Class 1,64-66 CLERK STREET,EH8 9JB,1136
320032.3719,674677.0,vacant, ,Class 1,Vacant, , , , ,1137
320028.9828,674673.795299999,vacant, ,SUI GENERIS,Vacant, , , , ,1138
320026.2047,674670.925000001,n/t/c,Alexanders,Class 1,Class 1,Class 1,Class 9, , ,1139
320022.9453,674667.406199999,baker,Dunsmore Bakery,Class 1,Class 1,Class 1,Class 9,22 CLERMISTON GROVE,EH4 7DE,1140
320019.4641,674663.5359,vacant, ,Vacant,Vacant, , , , ,1141
320016.5016,674660.0547,hardware,Something Fancy,Vacant,Class 1, , , , ,1142
320013.6484,674656.942199999,haberdashery,Something Fancy,Class 1,Class 1, , , , ,1143
320010.7234,674653.129699999,grocer,Mark & May Gale ?,Class 1,Class 1,Vacant,Vacant,32 CLERMISTON GROVE,EH4 7DE,1144
320101.3291,672947.304,antiques,The Thursday Shop,Class 1,Class 1,Vacant,Class 4,5 CLERMISTON ROAD,EH12 6XG,1145
320100.9937,672950.9937,hairdresser,No. 7 Salon,Class 1,Class 1,Class 1,Class 1,7 CLERMISTON ROAD,EH12 6XG,1146
320097.9749,672959.3794,gardening equipment,Mini Garden Centre, ,Class 1, , , , ,1147
323992.7297,673223.703500001,car hire,Melvilles,Class 1,SUI GENERIS,SUI GENERIS,SUI GENERIS,9 CLIFTON TERRACE,EH12 5DR,1148
323985.8634,673224.068299999,florist,Margaret Spence,Class 1,Class 1,Class 1,Vacant,11 CLIFTON TERRACE,EH12 5DR,1149
323980.391,673224.4331,cafe & take-away food,Oasis,Class 3,Class 3,Class 3,Class 3,13 CLIFTON TERRACE,EH12 5DR,1150
323974.9186,673224.798,hot food take-away,Pizza Connection,Class 1,SUI GENERIS,SUI GENERIS,SUI GENERIS,10 CLIFTON TERRACE,EH12 5DR,1151
323968.0,673224.9869,ceramic tiles,Ceramic Tile Clearance Warehouse,Class 1,Class 1,Class 1,Class 1,14-15 CLIFTON TERRACE,EH12 5DR,1152
320302,669485,grocer,Corner Market,Class 1,Class 1,Class 1,Class 1,3 CLOVENSTONE PARK,EH14 3BG,1153
325673.855,674235.652899999,public house,The Postillion,SUI GENERIS,SUI GENERIS, , , , ,1154
324328.0262,673478.8924,"uniforms, outdoor equipment",Guide Association Scotland, ,Class 1, , , , ,1155
326629.6344,676511.263900001,restaurant,Marinette,SUI GENERIS,Class 3,Class 3,Class 3,52 COBURG STREET,EH6 6HJ,1156
326556.2513,676477.016000001,vacant, ,Vacant,Vacant, , , , ,1157
326551.5236,676474.5396,vacant, ,Vacant,Vacant, , , , ,1158
326541.1046,676469.398,vacant, ,Vacant,Vacant,Vacant,Vacant,86 COBURG STREET,EH6 6HJ,1159
326535.7015,676466.246200001,bank,Bank of Scotland,Class 1,Class 2, , , , ,1160
325836.94,674749.635399999,solicitors & estate agents,Ballantynes,Class 2,Class 2, ,Class 4, , ,1161
325725,673719,ice cream & confectionery,Mr Boni's,Class 1,Class 1,Class 1,Class 1,5 COCKBURN STREET,EH1 1BP,1162
325729.0,673716.4155,take-away food,Toddle In,SUI GENERIS,Class 1,Class 1,Class 1,7 COCKBURN STREET,EH1 1BP,1163
325735.0,673714.077299999,vacant, ,Vacant,Vacant,Class 1,Class 1,9 COCKBURN STREET,EH1 1BP,1164
325745.4614,673711.615900001,public house,Malt Shovel,SUI GENERIS,SUI GENERIS,SUI GENERIS,SUI GENERIS,11-15 COCKBURN STREET,EH1 1BP,1165
325756.5678,673711.615900001,public house,Drew Nicols,SUI GENERIS,SUI GENERIS,SUI GENERIS,SUI GENERIS,19 COCKBURN STREET,EH1 1BP,1166
325763.4614,673712.2004,ladies clothing,Pie in the Sky,Class 1,Class 1,Class 1,Class 1,21 COCKBURN STREET,EH1 1BP,1167
325770.2923,673713.031300001,art gallery,Stills Gallery,Class 1,Class 1,Class 1,Class 1, , ,1168
325780.5073,673713.354900001,restaurant,La Rusticana,Class 3,Class 3, , , , ,1169
325775.2464,673712.770400001,clothing,Turret Clothing Co.,Class 1,Class 1, , , , ,1170
325791.0773,673715.2004,clothing,Ground Control,Class 1,Class 1, , , , ,1171
325795.7536,673715.2004,general clothing,Ground Control,Class 1,Class 1,Class 1,Class 1,29A-33 COCKBURN STREET,EH1 1BP,1172
325803.8309,673715.785,ladies clothing & interior decor.,Eden,Class 1,Class 1,Class 1,Class 1,37-39 COCKBURN STREET,EH1 1BP,1173
325814.0,673716.077299999,restaurant (Mexican),Viva Mexico,Class 1,Class 3,Class 3,Class 3,41 COCKBURN STREET,EH1 1BS,1174
325820.4155,673715.492699999,vacant, ,Class 1,Vacant,Class 1,Class 1,45 COCKBURN STREET,EH1 1BS,1175
325827.5386,673715.077299999,vacant, ,Class 1,Vacant,Class 1,Class 1,47 COCKBURN STREET,EH1 1BS,1176
325832.5845,673714.123199999,"antiques - jewellery, coins, medals etc.",D.L. Cavanagh,Class 1,Class 1,Class 1,Class 1,49 COCKBURN STREET,EH1 1BS,1177
325839.7077,673712.9541,"leather & rubber clothing, novelty goods",Whiplash Trash,Class 1,Class 1,Class 1,Class 1,53 COCKBURN STREET,EH1 1BS,1178
325846.0,673711.615900001,"records, tapes, CDs",Fopp,Class 1,Class 1,Class 1,Class 1,55 COCKBURN STREET,EH1 1BS,1179
325852.5073,673710.507300001,"jewellery, ornaments",Enchantment,Class 1,Class 1,Class 1,Class 1,57 COCKBURN STREET,EH1 1BS,1180
325856.4468,673709.753599999,take-away food,Cappuccino Express,Class 1,Class 1,Class 1,Class 1,61 COCKBURN STREET,EH1 1BS,1181
325859.3695,673709.1691,travel agent,Balmoral Travel,Class 1,Class 1, , , , ,1182
325877.1086,673705.4344,"greeting cards, gifts",Everyone's Designs, ,Class 1, , , , ,1183
325881.785,673701.927100001,n/t/c,M.Z. Iqbal,Class 1,Class 1,Class 1,Class 1,65A COCKBURN STREET,EH1 1BU,1184
325901.785,673674.0459,public house,Scotsmans Lounge,SUI GENERIS,SUI GENERIS,SUI GENERIS,SUI GENERIS,73 COCKBURN STREET,EH1 1BU,1185
325819.4155,673690.922700001,information office,Crew 2000,Class 1,Class 2,Class 2,Class 2,32 COCKBURN STREET,EH1 1PB,1186
325825.7077,673690.753599999,t-shirts / cards,Return to Sender,Class 1,Class 1,Class 1,Class 1,34 COCKBURN STREET,EH1 1PB,1187
325831.8768,673689.922700001,"records, tapes, cds",23rd Precinct,Class 1,Class 1,Class 1,Class 1,36 COCKBURN STREET,EH1 1PB,1188
325838.5386,673688.876800001,grocer,Mama Said,Class 1,Class 1,Class 1,Class 1,40 COCKBURN STREET,EH1 1PB,1189
325847.5845,673687.5845,internet cafe,Electric Frog,Class 1,Class 3,Class 1,Class 1,42-44 COCKBURN STREET,EH1 1PB,1190
325857.785,673684.768200001,public house,Arcade Bar,SUI GENERIS,SUI GENERIS,SUI GENERIS,SUI GENERIS,48 COCKBURN STREET,EH1 1PB,1191
325866.9082,673681.8455,betting shop,Ladbrokes,Class 2,Class 2,Vacant,Class 1,50 COCKBURN STREET,EH1 1PB,1192
325876.8309,673677.707699999,leather clothing,Lux Leather,Class 1,Class 1,Class 1,Class 1,52 COCKBURN STREET,EH1 1PB,1193
325879.1232,673671.5845,hot food take-away,Bann's Baked Potato shop,SUI GENERIS,SUI GENERIS,SUI GENERIS,SUI GENERIS,56 COCKBURN STREET,EH1 1PB,1194
323257.9792,669085.669600001,service station,Firrhill Service Station,SUI GENERIS,SUI GENERIS, , , , ,1195
322998.7351,669176.2381,n/t/c,R.S. McColl,Class 1,Class 1,Class 1,Class 1,76 COLINTON MAINS DRIVE,EH13 9BJ,1196
323004.2649,669173.735099999,videotape hire,Video World,Class 1,Class 1,Class 2,Vacant,78 COLINTON MAINS DRIVE,EH13 9BJ,1197
323008.0595,669171.4702,hairdresser,Paul Turner,Class 1,Class 1,Class 1,Class 1,80 COLINTON MAINS DRIVE,EH13 9BJ,1198
323011.5298,669169.264900001,post office,Colinton Mains Sub Post Office,Class 1,Class 1,Class 1,Class 1,82 COLINTON MAINS DRIVE,EH13 9BJ,1199
323016.8274,669166.086300001,chemist,A.H. Tod (Medical Hall),Class 1,Class 1,Class 1,Class 1,84-86 COLINTON MAINS DRIVE,EH13 9BJ,1200
323022.7946,669162.9405,pets & pet supplies,Champion Pets,Class 1,Class 1,Class 11,Class 11,88 COLINTON MAINS DRIVE,EH13 9BJ,1201
323027.7351,669160.205399999,grocer,M A Superstore,Class 1,Class 1,Class 1,Class 1,90 COLINTON MAINS DRIVE,EH13 9BJ,1202
324467.5557,671863.9219,computers,Connections,Class 1,Class 1,Class 2,Class 2,5 COLINTON ROAD,EH10 5DP,1203
324463.8946,671861.451199999,"joiners, plasterers & roofers",George Hardie & Son,Class 4,Class 4,Class 4,Class 4,9 COLINTON ROAD,EH10 5DP,1204
324460.3267,671859.134299999,financial services - insurance broker,Kingston & Hurn,Class 4,Class 2,Vacant,Class 1,11 COLINTON ROAD,EH10 5DP,1205
324455.0059,671855.3169,children's clothing,Sunday Best,Class 1,Class 1,Class 1,Class 1,13 COLINTON ROAD,EH10 5DP,1206
324451.7807,671852.486,greengrocer,A. & J. Logan,Class 1,Class 1,Class 1,Class 1,15 COLINTON ROAD,EH10 5DP,1207
324446.9482,671849.826300001,restaurant (Italian),Tony's,Class 1,Class 3,Class 3,Class 3,19 COLINTON ROAD,EH10 5DP,1208
323270.5016,671237.082,vacant, ,Class 1,Vacant,Class 1,Class 1,101 COLINTON ROAD,EH14 1AL,1209
323262.4227,671227.085200001,vacant, ,Vacant,Vacant, , , , ,1210
323266.7539,671232.918,bowls,International Bowls,Class 1,Class 1,Class 1,Class 1,101A(/1) COLINTON ROAD,EH14 1AL,1211
323258.4259,671221.675100001,public house,St. Andrews Ale House,SUI GENERIS,SUI GENERIS,SUI GENERIS,SUI GENERIS,101B-103 COLINTON ROAD,EH14 1AL,1212
323252.9968,671216.170299999,hairdresser,Just Giles Too,Class 1,Class 1,Class 1,Class 1,103A COLINTON ROAD,EH14 1AL,1213
324442.8635,671889.696699999,garden centre,Churchhill Garden Centre (Mulhearn & Brotchie),Class 1,Class 1,Class 1, , , ,1214
323304.082,671295.3344,carpets,Craiglockhart Carpets,Class 1,Class 1,Class 1,Class 1,60A COLINTON ROAD,EH14 1AH,1215
323086.9916,671118.591,service station,Esso,SUI GENERIS,SUI GENERIS, , , , ,1216
322842.0658,670819.4647,car showroom,Western Automobile Co. - Mercedes Benz,SUI GENERIS,SUI GENERIS,SUI GENERIS,SUI GENERIS,116 COLINTON ROAD,EH14 1BY,1217
322836.8643,670806.9946,car radios,Mac's Radio Shack,Class 1,Class 1,Class 1,Class 3,118 COLINTON ROAD,EH14 1BY,1218
322834.133,670801.999700001,grocer,Happy Valley Store,Class 1,Class 1,Class 1,Class 1,120-122 COLINTON ROAD,EH14 1BY,1219
322829.7357,670792.719900001,public house,Centre Court,SUI GENERIS,SUI GENERIS,SUI GENERIS,SUI GENERIS,124 COLINTON ROAD,EH14 1BY,1220
322825.1995,670784.4003,hot food take-away (Chinese),Li,SUI GENERIS,SUI GENERIS,SUI GENERIS,SUI GENERIS,130 COLINTON ROAD,EH14 1BY,1221
322822.3996,670779.867000001,wine merchant,Oddbins,Class 1,Class 1, , , , ,1222
322818.1998,670771.7344,wine merchant,Oddbins,Class 1,Class 1, , , , ,1223
322815.6666,670766.467800001,butcher,William Murray & Sons,Class 1,Class 1,Class 1,Class 1,136 COLINTON ROAD,EH14 1BY,1224
322812.5329,670761.8005,n/t/c & post office,Craiglockhart Post Office,Class 1,Class 1,Class 1,Class 1,140-142 COLINTON ROAD,EH14 1BY,1225
322931.3103,673268.6646,advertising & design,Heriot Design & Advertising,Class 1,Class 4, , , , ,1226
324210.7889,674688.577099999,wine merchant,Raeburn Fine Wines,Class 1,Class 1, , , , ,1227
324002.0943,674719.2787,wine merchant,Victoria Wine,Class 1,Class 1,Class 1,Class 1,63 COMELY BANK ROAD,EH4 1AW,1228
323996.6352,674717.914000001,furniture,Discovery Bay,Class 1,Class 1,Class 1,Class 1,67 COMELY BANK ROAD,EH4 1AW,1229
323990.7213,674717.0041,hairdresser,Bobs,Class 1,Class 1,Class 1,Class 1,69 COMELY BANK ROAD,EH4 1AW,1230
323826.889,674673.9394,accountants,Anderson Evans,Vacant,Class 2,Class 2,Class 2,129-131 COMELY BANK ROAD,EH4 1BH,1231
323766.5858,674661.686899999,chemist,George Lunan,Class 1,Class 1,Class 1,Class 1,149-151 COMELY BANK ROAD,EH4 1BH,1232
323738.3637,674655.1414,gifts,Country Connection,Class 1,Class 1,Class 3,Class 3,153-155 COMELY BANK ROAD,EH4 1BQ,1233
327315.3822,674360.6456,car showroom,IWC,SUI GENERIS,SUI GENERIS,Class 1,Class 1,13-17 COMELY GREEN PLACE,EH7 5SY,1234
324325.6573,670410.3146,hardware & building contractor,A. Anderson & Son,Class 4,Class 1,Vacant,Vacant,6-8 COMISTON DRIVE,EH10 5QP,1235
324478.8595,670721.7191,financial services,Mainly Mortgages,Class 4,Class 2, , , , ,1236
324484.8567,670719.3202,antiques,Archway Antiques,Class 1,Class 1, , , , ,1237
324514.3989,670843.1632,public house,The Hermitage,SUI GENERIS,SUI GENERIS,SUI GENERIS,SUI GENERIS,1-5 COMISTON ROAD,EH10 6AA,1238
324511.0215,670833.9209,vacant, ,Class 4,Vacant,Class 1,Class 1,9 COMISTON ROAD,EH10 6AA,1239
324508.1215,670825.9691,hairdresser,Raymond,Class 1,Class 1,Class 1,Class 1,11 COMISTON ROAD,EH10 6AA,1240
324505.2944,670816.9811,bank,Royal Bank of Scotland,Class 2,Class 2,Class 2,Class 2,13-17 COMISTON ROAD,EH10 6AA,1241
324483.4888,670744.1152,glass,Morningside Glass Centre,Vacant,Class 4,Class 1,Class 1,37 COMISTON ROAD,EH10 6AB,1242
324482.2865,670740.3961,upholsterer,Brian Kelly,Class 4,Class 4,Class 4,Class 4,41 COMISTON ROAD,EH10 6AB,1243
324481.0871,670736.797800001,grocer,Doyles,Class 1,Class 1,Class 1,Class 1,43 COMISTON ROAD,EH10 6AB,1244
324479.8876,670733.028100001,butcher,William Leslie,Class 1,Class 1,Class 1,Class 1,45 COMISTON ROAD,EH10 6AB,1245
324478.5168,670728.9157,nursing staff agency,JB Staff Employment,Class 4,Class 4,Class 4,Class 4,47 COMISTON ROAD,EH10 6AB,1246
324477.6601,670724.4607,videotape hire,Hollywood Nites,Class 1,Class 1,Class 1,Class 2,49 COMISTON ROAD,EH10 6AB,1247
324432.573,670589.941,hot food take-away,The Hill Station,Class 3,SUI GENERIS,SUI GENERIS,SUI GENERIS,99 COMISTON ROAD,EH10 6AG,1248
324431.3736,670586.6854,hot food take-away (Chinese),Xian,Vacant,SUI GENERIS,SUI GENERIS,SUI GENERIS,101 COMISTON ROAD,EH10 6AG,1249
324430.3455,670583.087099999,"electricians, elec. h'hold gds.",W. Watt McLean,Class 4,Class 4,Class 4,Class 2,105 COMISTON ROAD,EH10 6AG,1250
324429.1461,670579.1461,saddler & riding equipment,Tack Up & Go,Class 1,Class 1,Class 2,Class 2,107 COMISTON ROAD,EH10 6AG,1251
324418.8595,670555.7697,car accessories,Accessory Centre (Edin.) Ltd.,Class 1,Class 1,Class 1,Class 1,109 COMISTON ROAD,EH10 6AQ,1252
324416.9747,670550.286499999,greengrocer & florist,Logan of Comiston,Class 1,Class 1,Class 1,Class 1,111 COMISTON ROAD,EH10 6AQ,1253
324415.2612,670544.118000001,ladies clothing,Gigha,Class 1,Class 1,Class 4,Class 4,115 COMISTON ROAD,EH10 6AQ,1254
324413.6011,670538.997199999,pictures & picture framing,Susan McCall,Class 2,Class 1,Class 2,Class 1,117 COMISTON ROAD,EH10 6AQ,1255
324412.573,670535.997199999,gifts,Casablanca,Class 1,Class 1,Class 1,Class 2,119 COMISTON ROAD,EH10 6AQ,1256
324411.5449,670532.657299999,"second-hand t.v.s, hi-fi",A1,Class 1,Class 1,Class 4,Class 4,123 COMISTON ROAD,EH10 6AQ,1257
324409.3174,670525.2893,plumbers & gasfitters,James Smith & Son,Class 4,Class 4, , , , ,1258
324406.059,670516.227499999,n/t/c,Alexander,Class 1,Class 1, , , , ,1259
324404.8595,670512.457900001,builders,Acorn Building Service,Vacant,Class 4,Vacant,Class 4,133 COMISTON ROAD,EH10 6AQ,1260
324403.4888,670508.3455,vacant, ,Vacant,Vacant,Vacant,Class 1,135 COMISTON ROAD,EH10 6AQ,1261
324401.7725,670502.856699999,dry cleaner,Braidburn Drycleaners,Class 1,Class 1,Class 1,Class 1,137 COMISTON ROAD,EH10 6AQ,1262
324339.486,670415.373600001,vacant, ,Vacant,Vacant,Class 2,Class 2,139 COMISTON ROAD,EH10 5QN,1263
324493.2275,670868.0,solicitors & estate agents,Menzies Dougal,Class 2,Class 2,Class 2,Class 2,2-4 COMISTON ROAD,EH10 5QE,1264
324491.8904,670864.143300001,windows,Saveheat,Class 1,Class 4, , , , ,1265
324490.6573,670860.631999999,hairdresser,Number Ten Hair & Beauty,Class 1,Class 1,Class 1,Class 1,10 COMISTON ROAD,EH10 5EQ,1266
324489.4579,670857.0337,clothing,Classic Clothes,Class 2,Class 1,Class 1,Vacant,12-14 COMISTON ROAD,EH10 5EQ,1267
324486.941,670849.8006,chemist,S. Crawford,Class 1,Class 1,Class 1,Class 1,18-20 COMISTON ROAD,EH10 5EQ,1268
324483.2528,670839.4242,hot food take-away,Abdul's,Class 1,SUI GENERIS, , , , ,1269
324480.1685,670830.6854,infants' clothing,Irene's,Vacant,Class 1,Vacant,Class 1,28 COMISTON ROAD,EH10 5EQ,1270
324478.7978,670826.2303,vacant, ,Class 1,Vacant,Class 1,Class 1,30 COMISTON ROAD,EH10 5EQ,1271
324477.5983,670821.2612,ladies clothing,La Sartoria,Class 1,Class 1, , , , ,1272
324475.1124,670815.0309,wine merchant,Thresher,Class 1,Class 1, , , , ,1273
324466.6826,670785.1405,hot food take-away,Fernando's,Vacant,SUI GENERIS,SUI GENERIS,SUI GENERIS,36 COMISTON ROAD,EH10 5QQ,1274
324465.7915,670781.864,hairdresser,Shaid's,Class 1,Class 1,Class 1,Class 1,38 COMISTON ROAD,EH10 5QQ,1275
324465.0661,670778.939200001,hairdresser,Ivy May's,Vacant,Class 1,Class 1,Class 1,40 COMISTON ROAD,EH10 5QQ,1276
324463.9687,670775.741900001,florist,Florabunda,Vacant,Class 1,Class 1,Class 1,42 COMISTON ROAD,EH10 5QQ,1277
324409.8258,670619.4551,jewellery valuation,Jewellery Valuation Service,Class 4,Class 4,Class 2,Class 2,86 COMISTON ROAD,EH10 5QJ,1278
324340.4326,670418.713500001,office,Minister Services Group,Class 2,Class 4,Class 4,Class 4,138 COMISTON ROAD,EH10 5QN,1279
324338.0562,670410.971899999,second-hand & antiquarian books,Donald MacCormack,Class 1,Class 1,Class 1,Class 1,140 COMISTON ROAD,EH10 5QN,1280
324336.3989,670405.143300001,grocer,Margiotta,Class 1,Class 1,Class 1,Class 1,142-143 COMISTON ROAD,EH10 5QN,1281
327041.117,676549.4593,restaurant,Giuliano's,Class 3,Class 3,Class 3,Class 3,1 COMMERCIAL STREET,EH6 6JA,1282
327035.6577,676551.456599999,ship chandlers,Beruldsons,Class 2,Class 2, , , , ,1283
327022.117,676556.195699999,computers,Scotsys,Vacant,Class 1,Vacant,Vacant,7 COMMERCIAL STREET,EH6 6JA,1284
327016.1251,676558.193,architect,Holmes,Vacant,Class 4,Class 3,Class 3,9-10 COMMERCIAL STREET,EH6 6JA,1285
327011.3315,676559.7908,interior designer,Amanda McLeod,Class 2,Class 4,SUI GENERIS, , , ,1286
326993.2986,676565.445800001,restaurant,The Tattler,SUI GENERIS,Class 3,Class 3,SUI GENERIS,23 COMMERCIAL STREET,EH6 6JA,1287
327031.3046,676553.0,marine consultants,E.K. Wallace,Class 4,Class 4,Class 1,Class 1,6 COMMERCIAL STREET,EH6 6JA,1288
326900.1541,676627.3167,restaurant (Japanese),Daruma Ya, ,Class 3,Class 3,Class 3,82 COMMERCIAL STREET,EH6 6LX,1289
326861.8168,676639.3083,restaurant,Daniel's Bistro, ,Class 3, , , , ,1290
327257.4213,676320.949200001,design consultancy,PDP Design & Business Promotion,Class 1,Class 4, ,Class 2,57(BF) CONSTITUTION STREET,EH6 7AF,1291
327205.0048,676206.7918,vacant, ,Class 1,Vacant, , , , ,1292
327156.1017,676109.949200001,restaurant,Denzlers,SUI GENERIS,Class 3,Class 3,Class 3,121 CONSTITUTION STREET,EH6 7AE,1293
327076.7361,675993.263900001,computers,PC Upgrade Centre,Class 4,Class 1,Class 1,Vacant,149A CONSTITUTION STREET,EH6 7AD,1294
327068.8378,675985.0557,car parts,Pentland Component Parts Ltd.,Class 1,Class 1, , , , ,1295
327051.523,675967.1065,public house,Alan Breck Lounge,SUI GENERIS,SUI GENERIS,SUI GENERIS,SUI GENERIS,159 CONSTITUTION STREET,EH6 7AD,1296
327019.9285,675932.749299999,amusement centre,Empire Entertainments,Class 11,Class 11,Vacant,Class 1,173 CONSTITUTION STREET,EH6 7AA,1297
327015.2143,675927.6423,framed pictures,Picture & Clock Co.,Vacant,Class 1,Class 2,Class 2,177 CONSTITUTION STREET,EH6 7AA,1298
327010.5002,675922.1424,information office,ME Foundation,Class 1,Class 2,Vacant,Class 1,179 CONSTITUTION STREET,EH6 7AA,1299
327006.1789,675917.428300001,financial services - mortgages,Leith Mortgage Centre,Class 1,Class 2,Class 2,Class 1,181 CONSTITUTION STREET,EH6 7AA,1300
327269.2131,676414.4213,n/t/c,R.S. Bishop,Class 1,Class 1,Class 1,Class 1,30 CONSTITUTION STREET,EH6 6RS,1301
327266.6852,676410.2082,hot food take-away,McCabes,Vacant,SUI GENERIS,SUI GENERIS,SUI GENERIS,32 CONSTITUTION STREET,EH6 6RS,1302
327265.0,676405.995200001,residential, ,Class 4,Class 9, ,Vacant,34 CONSTITUTION STREET,EH6 6RS,1303
327257.1114,676390.4165,stationery,Andrew Ovens,Class 1,Class 1,Class 1,Class 1,42 CONSTITUTION STREET,EH6 6RS,1304
327252.4261,676384.1017,public house,Nobles Bar,SUI GENERIS,SUI GENERIS,SUI GENERIS,SUI GENERIS,44A CONSTITUTION STREET,EH6 6RS,1305
327248.477,676375.736099999,vacant, ,Vacant,Vacant, ,Class 3,46(GF) CONSTITUTION STREET,EH6 6RS,1306
327243.7918,676367.5787,public house,Papa's Lounge Bar,SUI GENERIS,SUI GENERIS,SUI GENERIS,SUI GENERIS,48 CONSTITUTION STREET,EH6 6RS,1307
327239.3196,676356.6295,photocopying service,Mathieson's,Class 4,Class 4,Class 1,Class 1,54 CONSTITUTION STREET,EH6 6RS,1308
327237.2639,676349.842599999,public house,Port o' Leith,SUI GENERIS,SUI GENERIS,SUI GENERIS,SUI GENERIS,58 CONSTITUTION STREET,EH6 6RS,1309
327207.2131,676267.8935,painters & decorators,Hugh Muirhead & Son Ltd.,Class 4,Class 4,Class 4,Class 4,88-90 CONSTITUTION STREET,EH6 6RP,1310
327183.2688,676210.5835,public house,Bubbles,SUI GENERIS,SUI GENERIS,SUI GENERIS,SUI GENERIS,100A CONSTITUTION STREET,EH6 6AW,1311
326981.5817,675928.162699999,mixed durable goods,Woolworths,Class 1,Class 1,Class 1,Vacant,170-174 CONSTITUTION STREET,EH6 6AG,1312
320908.3468,675355.5119,fitness studio,The Retreat,Class 1,Class 11,Class 4,Class 1,31 CORBIEHILL ROAD,EH4 5BQ,1313
320852.5523,675403.429300001,"greeting cards, post office",Davidsons Mains Post Office,Class 1,Class 1,Class 1,Class 1,49 CORBIEHILL ROAD,EH4 5AT,1314
326149.121,673519.6764,musical instruments,Melody's, ,Class 1,Class 4,Class 4,311 COWGATE,EH1 1NA,1315
326154.6742,673521.137800001,second-hand clothing,W. Armstrong & Son,Class 1,Class 1,Class 4,Class 1,313 COWGATE,EH1 1NA,1316
326159.9352,673522.599099999,vacant, ,Vacant,Vacant, ,Vacant,317 COWGATE,EH1 1NA,1317
326168.4111,673525.229599999,charity office,Children's Cancer Charity,Class 4,Class 4, ,Vacant,319 COWGATE,EH1 1NA,1318
325529.0,673388.8309,public house,Aqua Bar,SUI GENERIS,SUI GENERIS,SUI GENERIS,SUI GENERIS,3 COWGATEHEAD,EH1 1JY,1319
325536.7077,673388.1691,fossils & minerals,Mr. Wood's Fossils,Vacant,Class 1,Class 1,Class 1,5 COWGATEHEAD,EH1 1JY,1320
325542.8768,673387.338199999,vacant, ,Class 1,Vacant,Class 1,Class 1,7 COWGATEHEAD,EH1 1JY,1321
325549,673387,kites & games,Wind Things,Class 1,Class 1,Class 1,Class 1,11 COWGATEHEAD,EH1 1JY,1322
325554.8309,673386.292300001,bicycles,Mountain Magic,Vacant,Class 1,Class 1,Class 1,13 COWGATEHEAD,EH1 1JY,1323
325559.785,673386.246400001,residential, ,Class 1,Class 9, , , , ,1324
320845.2113,675409.275599999,hot food take-away (Chinese),Imperial Palace,SUI GENERIS,SUI GENERIS, , , , ,1325
318341.39,668206.327500001,public house,Weaver's Knowe,SUI GENERIS,SUI GENERIS,SUI GENERIS,SUI GENERIS,1-7 CORSLET PLACE,EH14 5LS,1326
318347.9244,668223.5912,supermarket,Alldays,Class 1,Class 1,Class 1,Class 1,9-11 CORSLET PLACE,EH14 5LS,1327
319957.2449,672692.676000001,vacant,formerly Corstorphine Leisure Centre,Vacant,Vacant, , , , ,1328
319938.1582,672687.6556,public house,Corstorphine Inn,SUI GENERIS,SUI GENERIS,SUI GENERIS,SUI GENERIS,17-19 CORSTORPHINE HIGH STREET,EH12 7SU,1329
319920.9005,672683.755100001,t.v. aerial contractors,George Blair,Class 1,Class 4, , , , ,1330
319914.9337,672682.755100001,n/t/c & grocer,H. & J. McLean,Class 1,Class 1,Class 1,Class 1,27 CORSTORPHINE HIGH STREET,EH12 7SU,1331
319907.0332,672699.489800001,brewing & wine making supplies,Village Home Brew,Class 1,Class 1,Class 1,Class 4,24(A) CORSTORPHINE HIGH STREET,EH12 7ST,1332
319902.5561,672698.456599999,decorators,Deerstalker Interior Decorators,Class 1,Class 4,Class 4,Class 2,26 CORSTORPHINE HIGH STREET,EH12 7SY,1333
319845.7883,672686.5561,vacant, ,Vacant,Vacant, , , , ,1334
319840.6225,672685.523,decorators,L.F. Stewart & Sons,Class 1,Class 4,Class 1,Class 1,60 CORSTORPHINE HIGH STREET,EH12 7SY,1335
322009.6646,673119.0251,butcher,John Brash,Class 1,Class 1,Class 1,Class 1,113 CORSTORPHINE ROAD,EH12 5PZ,1336
322005.4737,673118.4109,hot food take-away,Monte Bianco Fish & Chicken Bar,SUI GENERIS,SUI GENERIS,SUI GENERIS,SUI GENERIS,115-115A CORSTORPHINE ROAD,EH12 5PZ,1337
322000.7777,673117.74,sports equipment,Racers Hockey Locker,Class 1,Class 1,Class 1,Class 1,117 CORSTORPHINE ROAD,EH12 5PZ,1338
321996.4172,673117.0692,chemist,Lloyds,Class 1,Class 1,Class 1,Class 1,119 CORSTORPHINE ROAD,EH12 5PZ,1339
321991.7212,673116.3983,hot food take-away,Perfect Pizza,Class 3,SUI GENERIS,SUI GENERIS,SUI GENERIS,123 CORSTORPHINE ROAD,EH12 5PZ,1340
321986.6897,673115.392000001,hot food take-away (Chinese),Eastern Dragon,SUI GENERIS,SUI GENERIS,SUI GENERIS,SUI GENERIS,123A CORSTORPHINE ROAD,EH12 5PZ,1341
321981.6583,673114.0503,wine merchant,Victoria Wine,Class 1,Class 1,Class 1,Class 4,125 CORSTORPHINE ROAD,EH12 5PZ,1342
321942.9811,673105.012599999,grocer & post office,Alldays,Class 1,Class 1,Class 1,Class 1,129 CORSTORPHINE ROAD,EH12 5SG,1343
320987.044,672837.3166,service station,Shell,SUI GENERIS,SUI GENERIS,SUI GENERIS,Class 1,227 CORSTORPHINE ROAD,EH12 7AY,1344
321940.7086,673140.6709,bank,Royal Bank of Scotland,Class 2,Class 2,Class 4,Class 4,54 CORSTORPHINE ROAD,EH12 6JQ,1345
321931.9937,673136.6457,hairdresser,Salon La Greca,Class 1,Class 1,Class 1, , , ,1346
321918.0,673134.3103,accountants,Pearson Donaldson,Class 2,Class 2,Class 4,Class 4,64 CORSTORPHINE ROAD,EH12 6JQ,1347
323355.9733,671711.5493,n/t/c & grocer,Ramzan & Sons,Class 1,Class 1,Class 1,Class 1,2-4 COWAN ROAD,EH11 1RQ,1348
325678.3481,673436.530400001,public house,Subways,SUI GENERIS,SUI GENERIS,SUI GENERIS,SUI GENERIS,69 COWGATE,EH1 1JW,1349
325687.4089,673438.7733,public house,Legends,SUI GENERIS,SUI GENERIS,SUI GENERIS,SUI GENERIS,71 COWGATE,EH1 1JW,1350
325690.3259,673439.3037,public house,Sneaky Pete's,SUI GENERIS,SUI GENERIS,SUI GENERIS,SUI GENERIS,73 COWGATE,EH1 1JW,1351
325786,673460,vacant, , ,Vacant, , , , ,1352
325828,673466,vacant, , ,Vacant, , , , ,1353
325822,673466,vacant, , ,Vacant, , , , ,1354
325815,673464,vacant, , ,Vacant, , , , ,1355
326747.4155,672351.7996,property managers,Steyn Lettings,Class 4,Class 4,Class 2,Class 1,38 DALKEITH ROAD,EH16 5BS,1356
326750.9227,672348.876800001,n/t/c,A.B. Flynn,Class 1,Class 1,Class 1,Class 1,40 DALKEITH ROAD,EH16 5BS,1357
326755.0146,672345.661800001,hot food take-away (Chinese),Victory Cantonese Carry Out,SUI GENERIS,SUI GENERIS,SUI GENERIS,SUI GENERIS,44 DALKEITH ROAD,EH16 5BS,1358
326764,672307,public house,Firkin Brewery,SUI GENERIS,SUI GENERIS,SUI GENERIS,SUI GENERIS,58 DALKEITH ROAD,EH16 5AD,1359
327090.4363,671929.547599999,hot food take-away (Chinese),Lees,SUI GENERIS,SUI GENERIS,SUI GENERIS,SUI GENERIS,142-144 DALKEITH ROAD,EH16 5HG,1360
327094.3953,671925.4363,vacant, ,UNKNOWN USE,Vacant,Vacant,Vacant,146 DALKEITH ROAD,EH16 5HG,1361
327098.6589,671920.716,hot food take-away,Yaadgar Kebab House,Vacant,SUI GENERIS, , , , ,1362
327179.7204,671813.5022,hairdresser,Farnington Salon,Class 1,Class 1, , , , ,1363
327182.1567,671809.695499999,chemist,Moss,Class 1,Class 1,Class 1,Class 1,158 DALKEITH ROAD,EH16 5DX,1364
327186.2182,671804.1567,chemist,Moss,Class 1,Class 1, , , , ,1365
327189.5388,671799.695499999,hairdresser,One Six Eight,Class 1,Class 1,Class 1,Class 1,166 DALKEITH ROAD,EH16 5DX,1366
327231.3499,671745.284,public house,Grey Horse,SUI GENERIS,SUI GENERIS,SUI GENERIS,SUI GENERIS,200 DALKEITH ROAD,EH16 5DT,1367
327236.5432,671738.461200001,hot food take-away,Casbah,Class 1,SUI GENERIS,SUI GENERIS,SUI GENERIS,202 DALKEITH ROAD,EH16 5DT,1368
327239.7409,671733.740900001,wine merchant,Victoria Wine,Class 1,Class 1,Vacant,Class 4,206 DALKEITH ROAD,EH16 5DT,1369
327242.634,671729.324999999,launderette,Capital Laundrette,Class 1,Class 1,Class 4,Class 2,208 DALKEITH ROAD,EH16 5DT,1370
327246.0,671724.679400001,books (second hand),The Bookworm,Vacant,Class 1,Class 1,Class 1,210 DALKEITH ROAD,EH16 5DT,1371
327248.4363,671721.024900001,hot food take-away (Chinese),Jade Palace,Class 1,SUI GENERIS,SUI GENERIS,SUI GENERIS,212 DALKEITH ROAD,EH16 5DT,1372
327251.4817,671716.761299999,vacant, ,Vacant,Vacant,Vacant,Vacant,216 DALKEITH ROAD,EH16 5DT,1373
327254.5271,671712.6501,vacant, ,Class 4,Vacant,Vacant,Vacant,218 DALKEITH ROAD,EH16 5DT,1374
326692.6362,675315.7919,"confectioner, tobacconist",Mather,Class 1,Class 1,Vacant,Class 1,5 DALMENY STREET,EH6 8PF,1375
326695.8442,675314.778899999,office,Properties Group,Class 1,Class 4, , , , ,1376
326760.19,675296.476199999,office equipment,Interactive Office Ltd.,Class 2,Class 2, ,Vacant,23-23A DALMENY STREET,EH6 8PG,1377
326764.9046,675294.9046,charity shop,Scottish Albanian Appeal,Vacant,Class 1, , , , ,1378
326769.6192,675293.3331,catering equipment,John Wishart Ltd.,UNKNOWN USE,Class 2, , , , ,1379
326840.2854,675273.1423,vacant, ,Vacant,Vacant, , , , ,1380
326846.5715,675271.570699999,wholesale eggs & cheese,Michael F. Notman,Class 2,Class 2,Class 2,Class 9, , ,1381
326869.6184,675266.0,sign writers,G.R. Handsigns,Class 1,Class 4, , , , ,1382
326874.3331,675264.952299999,vacant, ,Vacant,Vacant, ,Class 9,65 DALMENY STREET,EH6 8PW,1383
326879.5715,675263.9046,vacant, ,Class 1,Vacant, , , , ,1384
326679.1084,675291.766899999,food take-away,Haineys,Class 1,Class 1, , , , ,1385
326683.7407,675290.585000001,property maintenance,Ace Property Care,Class 2,Class 4,Class 4,Class 4,6A DALMENY STREET,EH6 8RA,1386
326734.1908,675272.6669,vacant, ,Vacant,Vacant, , , , ,1387
325807,673463,vacant, , ,Vacant, , , , ,1388
325798,673463,vacant, , ,Vacant, , , , ,1389
326131.5845,673515.292300001,printing supplies,Scotia Print Supplies,Class 1,Class 4,Class 2,Vacant,301-303 COWGATE,EH1 1NA,1390
326137.1378,673516.753599999,vacant, ,Class 1,Vacant,Class 1,Class 1,307 COWGATE,EH1 1NA,1391
326142.9832,673517.922700001,vacant, ,Class 1,Vacant,Class 4,Class 1,309 COWGATE,EH1 1NA,1392
322050.5045,674535.572699999,wine merchant,Victoria Wine,Class 1,Class 1,Class 1,Class 1,1 CRAIGCROOK PLACE,EH4 3NG,1393
321516.1464,674352.111400001,caterers,Cherry,Class 1,Class 4,Class 1,Class 1,53 CRAIGCROOK ROAD,EH4 3PH,1394
321512.5732,674354.8248,plumbers,J. Wilson & Son,Class 4,Class 4,Class 4,Class 4,55 CRAIGCROOK ROAD,EH4 3PH,1395
321508.5732,674357.5031,hairdresser,Joyce's,Class 1,Class 1,Class 1,Class 1,57 CRAIGCROOK ROAD,EH4 3PH,1396
321504.8949,674359.8598,n/t/c,E.M. McLeod,Class 1,Class 1,Class 1,Class 1,59 CRAIGCROOK ROAD,EH4 3PH,1397
322044.4614,674539.888699999,dry cleaner,Presstige,Class 2,Class 1,Class 1,Class 1,1 CRAIGCROOK TERRACE,EH4 3QN,1398
329036.2557,674285.170399999,n/t/c & post office,Forbuoys,Class 1,Class 1,Class 1,Class 1,2C CRAIGENTINNY AVENUE,EH7 6PX,1399
329033.8773,674293.5864,grocer,General Stores,Class 1,Class 1, , , , ,1400
329032.4261,674298.634099999,hairdresser,Hair Beauty,Class 1,Class 1,Class 1,Class 1,2F CRAIGENTINNY AVENUE,EH7 6PX,1401
329031.1329,674303.466,butcher,J. & A. Fraser,Class 1,Class 1,Class 1,Class 1,2G CRAIGENTINNY AVENUE,EH7 6PX,1402
329039.7318,674272.180600001,bank,Royal Bank of Scotland,Class 2,Class 2,Class 2,Class 2,2-2A CRAIGENTINNY AVENUE,EH7 6PX,1403
328824.8837,675619.290100001,car accessories & bicycles,Halfords,Class 1,Class 1,Class 1, , , ,1404
328857.2465,675616.347999999,carpets,Carpetwise,Class 1,Class 1,Class 1, , , ,1405
329089.8929,674732.0485,hairdresser,Solitaire,Class 2,Class 1, , , , ,1406
328752.0727,674770.1556,baker,Allans Home Bakery,Class 1,Class 1,Class 1,Class 1,26 CRAIGENTINNY ROAD,EH7 6LT,1407
328758.5778,674763.325300001,grocer,Aqqa Stores,Class 1,Class 1, , , , ,1408
328768.1798,674753.0485,hot food take-away,Aldos Takeaway,SUI GENERIS,SUI GENERIS,SUI GENERIS,SUI GENERIS,36 CRAIGENTINNY ROAD,EH7 6LT,1409
328773.2768,674747.5778,hairdresser,Solitaire,Class 1,Class 1,Class 1,Class 1,38 CRAIGENTINNY ROAD,EH7 6LT,1410
328778.4808,674741.723200001,n/t/c,Umar Newsagents,Class 1,Class 1,Class 1,Class 1,42 CRAIGENTINNY ROAD,EH7 6LT,1411
329007.0242,674693.276799999,grocer,Craigentinny Bargain Stores,Class 1,Class 1,Class 1,Class 1,94 CRAIGENTINNY ROAD,EH7 6RN,1412
329013.6263,674689.9515,post office,Craigentinny Road Post Office,Class 1,Class 1,Class 1,Class 4,96 CRAIGENTINNY ROAD,EH7 6RN,1413
329018.6263,674687.9515,chemist,Craiglogan Pharmacy,Class 1,Class 1,Class 1,Class 1,98 CRAIGENTINNY ROAD,EH7 6RN,1414
329026.1071,674684.698999999,chemist,Craiglogan Pharmacy,Vacant,Class 1,Class 1,Class 1,100 CRAIGENTINNY ROAD,EH7 6RN,1415
325407.3789,676624.989499999,public house,Lobster Pot,SUI GENERIS,SUI GENERIS,SUI GENERIS,SUI GENERIS,83(1) CRAIGHALL ROAD,EH6 4RS,1416
325370.1264,676714.484200001,charity shop,Haven Trust,Class 2,Class 1,Vacant,Class 4,14 CRAIGHALL ROAD,EH6 4SA,1417
325370.5895,676710.778999999,n/t/c,A. & J.P. Ward,Class 1,Class 1,Class 1,Class 1,16 CRAIGHALL ROAD,EH6 4SA,1418
325371.3263,676706.589400001,hairdresser,Raymonde Paul,Class 1,Class 1,Class 1,Class 1,18 CRAIGHALL ROAD,EH6 4SA,1419
325374.4,676683.6527,vacant, ,Class 1,Vacant,Class 2,Class 2,24-26 CRAIGHALL ROAD,EH6 4SA,1420
325375.0948,676679.0211,unknown, ,Class 1,UNKNOWN USE,SUI GENERIS,Vacant,30 CRAIGHALL ROAD,EH6 4SA,1421
325375.7895,676674.621099999,builders & joiners,Perfection Joinery,Class 4,Class 4,Class 4,Class 4,32 CRAIGHALL ROAD,EH6 4SA,1422
325376.7158,676669.2947,domestic appliance servicing / carpets,Blackhall Dom. Appl. Centre / Craighall Carpet Decor Ltd.,Class 1,Class 1,Class 4,Class 4,34-36 CRAIGHALL ROAD,EH6 4SA,1423
325377.4106,676664.199999999,office,n/a,Class 4,Class 4,Class 4,Class 11,34-36 CRAIGHALL ROAD,EH6 4SA,1424
325380.8,676638.7895,electrical contractors,Ritchie & Goodwin,Class 1,Class 4,Vacant,Class 4,38 CRAIGHALL ROAD,EH6 4RU,1425
325381.4948,676632.536800001,catering contractors,Caring Catering,Vacant,Class 4,Class 4,Vacant,42 CRAIGHALL ROAD,EH6 4RU,1426
325378.1053,676659.3368,glaziers,Trinity Glazing,Vacant,Class 4,Class 2,Class 4,44 CRAIGHALL ROAD,EH6 4RU,1427
325382.6527,676627.2105,pictures & picture framing,Framework,Class 4,Class 1,Class 4,Class 2,46 CRAIGHALL ROAD,EH6 4RU,1428
325384.4,676619.5579,plumbers,Muir Brothers,Class 4,Class 4,Class 2,Class 2,48 CRAIGHALL ROAD,EH6 4RU,1429
325385.3263,676615.3895,"distributor of packing, gaskets, seals",Beldam Crossley Ltd.,Class 1,Class 2, , , , ,1430
325386.0211,676611.4526,hairdresser,Fringe Benefits,Class 4,Class 1,Vacant,Class 9, , ,1431
325389,676604,public house management,Peter Carnie Ltd.,Class 4,Class 4,Class 4,Vacant, , ,1432
325389.6211,676600.7684,hot food take-away,Spice Island,Class 1,SUI GENERIS,Vacant,Vacant, , ,1433
325390.5474,676597.1579,vacant, ,Class 4,Vacant,Vacant,Vacant, , ,1434
325391.779,676593.7684,skin product wholesale,Skin Guard Products Ltd.,Vacant,Class 2,Vacant,Vacant, , ,1435
323708.605,670637.474300001,grocer,Craighouse Park Food Store,Class 1,Class 1, , , , ,1436
324387.1152,670582.8258,beauty salon,Libra Toning Centre,Class 1,Class 1,Class 11,Class 11,5-9 CRAIGLEA DRIVE,EH10 5PB,1437
324379.5758,670581.626399999,hairdresser,JD Salon,Vacant,Class 1,Class 1,Class 1,11 CRAIGLEA DRIVE,EH10 5PB,1438
322813,674838,n/t/c & post office,Craigleith Hill Sub Post Office,Class 1,Class 1, , , , ,1439
322804.1258,674440.648600001,service station,Gulf,SUI GENERIS,SUI GENERIS,Class 1,Class 1,139 CRAIGLEITH ROAD,EH4 2EH,1440
322595.4425,674520.9826,supermarket - large,Sainsbury, ,Class 1,Class 1,Class 1,185 CRAIGLEITH ROAD,EH4 2EB,1441
322558,674406,demolished, ,Class 1,Demolished, , , , ,1442
322549,674405,demolished, ,Class 1,Demolished, , , , ,1443
322540,674404,demolished, ,Class 4,Demolished, , , , ,1444
322532,674404,demolished, ,Class 1,Demolished, , , , ,1445
322524,674404,demolished, ,Class 1,Demolished, , , , ,1446
323509.7045,674592.1702,n/t/c,James Borthwick,Class 1,Class 1,Class 1,Class 1,6 CRAIGLEITH ROAD,EH4 2DP,1447
323503.2955,674592.7612,restaurant (Indian),The Far Pavilions,Class 1,Class 3,Class 3,Class 3,10-12 CRAIGLEITH ROAD,EH4 2DP,1448
322408.8513,670496.6335,n/t/c,Gary's News,Class 1,Class 1,Class 1,Class 4,"2 CRAIGLOCKHART DRIVE, SOUTH",EH14 1HZ,1449
322404.9466,670493.171700001,hairdresser,Style Setters,Class 1,Class 1,Class 4,Class 4,"2A CRAIGLOCKHART DRIVE, SOUTH",EH14 1HZ,1450
322400.7708,670490.194700001,heating services,Arnott & Mann,Class 1,Class 4,Class 4,Class 4,"2B CRAIGLOCKHART DRIVE, SOUTH",EH14 1HZ,1451
322807.7999,670759.334100001,chemist,J. Hutchings Pharmacy,Class 1,Class 1,Class 1,Class 1,"2 CRAIGLOCKHART ROAD, NORTH",EH14 1BU,1452
322801.7341,670761.334100001,"videotape hire, gifts",Video World,Class 1,Class 1,Class 1,Class 1,"4 CRAIGLOCKHART ROAD, NORTH",EH14 1BU,1453
328839.911,671617.271299999,vacant, ,Class 1,Vacant,Vacant,Vacant,3 CRAIGMILLAR CASTLE ROAD,EH16 4BY,1454
328841.9104,671610.1823,grocer,Wali & Sons,Class 1,Class 1,Class 1,Class 1,5-7 CRAIGMILLAR CASTLE ROAD,EH16 4BY,1455
328844.2751,671602.995200001,solicitors,Belmonte,Class 2,Class 2,Class 2,Class 2,9 CRAIGMILLAR CASTLE ROAD,EH16 4BY,1456
326910.9109,671519.311100001,vacant,formerly Ace Property Care,Class 4,Vacant,Class 4,Class 4,1A CRAIGMILLAR PARK,EH16 5PG,1457
318719.1411,673992.950999999,public house,Mid Yoken,SUI GENERIS,SUI GENERIS,SUI GENERIS,SUI GENERIS,75 CRAIGMOUNT BRAE,EH12 8XF,1458
319234.8231,673475.2893,public house,Rainbow Inn,SUI GENERIS,SUI GENERIS,SUI GENERIS,Vacant,1 CRAIGMOUNT VIEW,EH12 8HG,1459
319190.0063,672929.012599999,plumbers,J. & C. Cowe (Plumbers) Ltd.,Class 4,Class 4,Class 4,Class 4,1A CRAIGS AVENUE,EH12 8HR,1460
325781.3841,673724.753599999,restaurant,Chez Jules, ,Class 3,Class 3,Class 3,1 CRAIG'S CLOSE,EH1 1BA,1461
318971.0461,677062.6009,public house,Cramond Inn,SUI GENERIS,SUI GENERIS,SUI GENERIS,SUI GENERIS,30(1) CRAMOND GLEBE ROAD,EH4 6NX,1462
320563,675528,supermarket,Safeway,Class 1,Class 1,Class 1,Class 1,"36 CRAMOND ROAD, SOUTH",EH4 6AA,1463
320548.4963,675467.989499999,bank,Royal Bank of Scotland,Class 2,Class 2,Class 2,Class 2,"38 CRAMOND ROAD, SOUTH",EH4 6AA,1464
327192.7364,671795.4319,hairdresser (gents),One Six Eight,Class 1,Class 1,Class 1,Class 1,168 DALKEITH ROAD,EH16 5DX,1465
327195.5681,671791.6545,domestic appliance repairs / servicing,Wm. Reagan & Sons,Class 1,Class 1,Class 1,Class 2,170 DALKEITH ROAD,EH16 5DX,1466
327198.309,671787.8477,electronic components,Omni,Class 1,Class 1,Class 1,Class 1,174 DALKEITH ROAD,EH16 5DX,1467
327201.2387,671784.3543,vacant, ,Class 1,Vacant,Class 4,Class 4,176-178 DALKEITH ROAD,EH16 5DU,1468
327205.4114,671778.770199999,bathroom furniture & fittings,Flamingo Bathrooms,SUI GENERIS,Class 1,Class 1,Class 1,182-186 DALKEITH ROAD,EH16 5DU,1469
327212.0088,671770.2752,n/t/c & post office,A. Foster,Class 1,Class 1,Class 1,Class 1,190 DALKEITH ROAD,EH16 5DU,1470
327214.9136,671766.333900001,grocer,Azda Store,Class 1,Class 1,Class 1,Class 1,192 DALKEITH ROAD,EH16 5DU,1471
327219.1772,671761.0044,baker & food take-away,n/a,Class 1,Class 1,SUI GENERIS,SUI GENERIS,194 DALKEITH ROAD,EH16 5DU,1472
327222.3748,671757.045399999,car repairs & parts,Mainly Minis,Class 1,Class 1,Class 1,Class 2,196A DALKEITH ROAD,EH16 5DU,1473
327227.959,671749.893100001,betting shop,William Hill,Class 2,Class 2,Class 2,Class 2,198A DALKEITH ROAD,EH16 5DT,1474
318950,677055,gifts,Inn Step,Class 1,Class 1,Class 3,Class 3,8 CRAMOND VILLAGE,EH4 6NU,1475
318934.2845,677061.1384,vacant, ,Class 3,Vacant,Class 3,Class 3,18(05) CRAMOND VILLAGE,EH4 6NU,1476
326162.5073,673720.876800001,electric lamps,Ian Fraser Lighting,Vacant,Class 1,Class 4,Vacant,3-5 CRANSTON STREET,EH8 8BE,1477
322819.8826,676429.729900001,grocer,Scoop a Market,Class 1,Class 1, ,Class 2,"222 CREWE ROAD, NORTH",EH5 2NS,1478
322819.512,676434.1768,butcher,B.W. Borthwick,Class 1,Class 1,Class 11,Class 1,"224 CREWE ROAD, NORTH",EH5 2NS,1479
322818.3706,676450.411599999,n/t/c & post office,Crewe Road North Post Office,Class 1,Class 1, , , , ,1480
322818.7709,676440.8473,n/t/c,S.B. Ali,Class 1,Class 1, , , , ,1481
322815.2625,676493.026900001,supermarket,Scotmid Late Shop,Class 1,Class 1,Class 1,Class 1,"236-240 CREWE ROAD, NORTH",EH5 1LW,1482
322811.6987,676513.551899999,chemist,Lindsay & Gilmour,Class 1,Class 1,Class 1,Class 1,"242A CREWE ROAD, NORTH",EH5 1LW,1483
323190,675109,bank,Bank of Scotland,Class 2,Class 2, , , , ,1484
326537.8834,675038.4673,vacant, ,Vacant,Vacant, , , , ,1485
326534.8442,675038.6362,hairdresser,Creations,Class 1,Class 1,SUI GENERIS,Class 1,2 CRIGHTON PLACE,EH7 4NZ,1486
326527.415,675039.4804,office stationery,Thomas H. Peck Ltd.,Class 1,Class 2,Class 2,Class 2,4-5 CRIGHTON PLACE,EH7 4NZ,1487
326525.0512,675043.195,sports equipment & clothing,Hunter,Class 1,Class 1, , , , ,1488
326528.7658,675049.273399999,chemist,Lloyds,Class 1,Class 1, , , , ,1489
326531.8693,675054.6362,solicitors & estate agents,The Lints Partnership,Class 2,Class 2, , , , ,1490
326536.2593,675061.221100001,greeting cards,Trump Cards,Class 1,Class 1, , , , ,1491
326538.4542,675064.766899999,hot food take-away,Heaven's Kitchen,SUI GENERIS,SUI GENERIS,SUI GENERIS,SUI GENERIS,12 CRIGHTON PLACE,EH7 4NY,1492
326540.8823,675068.441199999,charity shop,Edinburgh Voluntary Organisations Council,Class 1,Class 1,Class 1,Class 1,13 CRIGHTON PLACE,EH7 4NY,1493
326542.8442,675071.5207,window blinds,Apollo Blinds,Class 1,Class 1,Class 1,Class 1,14 CRIGHTON PLACE,EH7 4NY,1494
326546.6231,675077.2081,betting shop,Ladbrokes,Class 2,Class 2,Class 2,Class 2,16-18 CRIGHTON PLACE,EH7 4NY,1495
326554.4281,675090.0,travel agent,World Travel,Class 1,Class 1,Class 1,Class 1,20 CRIGHTON PLACE,EH7 4NY,1496
326556.7919,675094.052300001,ironmonger,Walkers,Class 1,Class 1,Class 1,Class 2,21-22 CRIGHTON PLACE,EH7 4NY,1497
326563.0773,675104.3246,financial services - insurance,Annandale Insurance Brokers,Class 2,Class 2,Class 2,Class 2,23-24 CRIGHTON PLACE,EH7 4NY,1498
326565.2723,675107.5327,charity shop,Barnados,Class 1,Class 1,Class 1,Class 1,26 CRIGHTON PLACE,EH7 4NY,1499
326567.4673,675111.247300001,hairdresser,Hair Factory,Class 1,Class 1,Vacant,Class 1,27 CRIGHTON PLACE,EH7 4NY,1500
326569.8562,675115.778899999,grocer,Fruity Moments,Class 1,Class 1,Class 1,Class 3,28 CRIGHTON PLACE,EH7 4NY,1501
326572.22,675119.8312,cafe,Harry's Cafe & Bistro,Class 1,Class 3,SUI GENERIS,SUI GENERIS,29 CRIGHTON PLACE,EH7 4NY,1502
326574.415,675123.2081,plumbers & heating engineers,Patrick Knox & Sons,Class 4,Class 4,Class 1,Vacant,31 CRIGHTON PLACE,EH7 4NY,1503
326576.4412,675126.416099999,n/t/c,Crighton Place Newsagents,Class 1,Class 1,Class 1,Class 1,32 CRIGHTON PLACE,EH7 4NY,1504
326384.2342,674916.6362,bank,Clydesdale Bank,Class 2,Class 2, , , , ,1505
326388.1177,674921.8704,vacant, ,Class 2,Vacant,Vacant,Class 2,5 CROALL PLACE,EH7 4LT,1506
326391.6623,674926.752699999,grocer,M.N. Iqbal,Class 1,Class 1,Class 1,Class 1,6 CROALL PLACE,EH7 4LT,1507
326394.5327,674930.2985,"sports goods (darts), t.v. & hi-fi",Borlands,Class 1,Class 1,Class 1,Class 1,7 CROALL PLACE,EH7 4LT,1508
326396.8965,674933.5065,electronic goods & components,G. Strachan,Class 1,Class 1,Class 1,Class 3,9 CROALL PLACE,EH7 4LT,1509
326400.1046,674937.052300001,undertakers,Cramond,Class 2,Class 1,Class 2,Class 2,10 CROALL PLACE,EH7 4LT,1510
318510.1316,670917.0712,d.i.y.,Homebase, ,Class 1,Class 1, , , ,1511
318494.3043,670972.9617,shoes,Shoe City, ,Class 1,Vacant, , , ,1512
318489.8715,670992.0,carpets,General George, ,Class 1,Class 1, , , ,1513
318481.6907,671024.608200001,sports clothing,Olympus, ,Class 1,Class 1,Class 1,27 CULTINS ROAD,EH11 4DG,1514
318471.7071,671061.606799999,computer supplies,Byte, ,Class 1,Vacant,Vacant,29 CULTINS ROAD,EH11 4DG,1515
318466.0827,671087.816500001,children's clothing,Children's World, ,Class 1,Class 1,Class 1,31 CULTINS ROAD,EH11 4DG,1516
318461.5443,671102.6405,office supplies,Office World, ,Class 2,Class 4,Class 4,33 CULTINS ROAD,EH11 4DG,1517
318452.3535,671133.172700001,carpets,Carpet Depot, ,Class 1,Class 1,Class 1,35 CULTINS ROAD,EH11 4DG,1518
318449.2191,671150.0,furniture,Harveys, ,Class 1,Class 1,Class 1,37 CULTINS ROAD,EH11 4DG,1519
318444.2191,671168.6438,motor accessories,Halfords, ,Class 1,Class 1,Class 1,39 CULTINS ROAD,EH11 4DG,1520
318435.285,671198.893200001,electrical goods,Currys, ,Class 1,Class 1,Class 1,41 CULTINS ROAD,EH11 4DG,1521
325362.0,674643.6423,public house,Cumberland Bar,SUI GENERIS,SUI GENERIS,SUI GENERIS,SUI GENERIS,1(GF)-3 CUMBERLAND STREET,EH3 6RT,1522
325327.5623,674636.157400001,office,Pencom,Class 1,Class 4,Vacant,Class 2,7 CUMBERLAND STREET,EH3 6RT,1523
325323.0,674634.9672,cleaning contractors,Edinburgh Cleaning Services Ltd.,Vacant,Class 4, ,Class 4, , ,1524
325318.041,674633.5787,decorators,Edinburgh Painters & Decorators,Vacant,Class 4, ,Class 2, , ,1525
325235.4131,674610.554099999,vacant, ,Vacant,Vacant, , , , ,1526
325126.5207,674578.934,florist,By Arrangement,Class 4,Class 1, , , , ,1527
325119.6447,674576.8182,fine art,T. Fidelo,Class 1,Class 1, ,Class 4,49 CUMBERLAND STREET,EH3 6RA,1528
325112.7686,674575.2314,beauty salon,Susanne,Class 1,Class 1,Class 1,Class 1,51 CUMBERLAND STREET,EH3 6RA,1529
325085.4132,674567.8182,wine merchant,J.E. Hogg,Class 1,Class 1, , , , ,1530
325014.3306,674548.9091,fine art,Open Eye Gallery,Class 1,Class 1,Class 1,Class 4,75-79 CUMBERLAND STREET,EH3 6RD,1531
325005.4297,674569.1983,vacant, ,Vacant,Vacant,Class 2,Class 1,64 CUMBERLAND STREET,EH3 6RE,1532
325009.4463,674570.0909,vacant, ,Class 4,Vacant,Vacant,Class 1,64A CUMBERLAND STREET,EH3 6RE,1533
325015.0248,674571.652899999,vacant, ,Class 1,Vacant,Class 1,Class 2,66 CUMBERLAND STREET,EH3 6RE,1534
327555.0904,674437.090399999,vacant, ,Vacant,Vacant,Vacant,Class 4,3 DALGETY AVENUE,EH7 5UF,1535
326584.5073,672578.553200001,wine merchant,J. & H. Logan & Sons,Class 1,Class 1, , , , ,1536
326702,672389,vacant, ,Class 11,Vacant, , , , ,1537
326830.3331,675244.333900001,restaurant (Chinese),Yee Kiang,Class 3,Class 3,Class 3,Class 3,42-44 DALMENY STREET,EH6 8RG,1538
326837.6669,675241.714600001,printers,Paragon Print Co.,Class 4,Class 4,Class 4,Class 4,48 DALMENY STREET,EH6 8RG,1539
324116,673223,demolished, ,Class 1,Demolished, , , , ,1540
324120,673216,demolished, ,Class 3,Demolished, , , , ,1541
324116,673212,demolished, ,Class 3,Demolished, , , , ,1542
324110,673207,demolished, ,Class 1,Demolished, , , , ,1543
324090,673167,electrical tools,Toolstore,Class 1,Class 1,Vacant, , , ,1544
324087.3506,673159.0,restaurant,Star of Bengal,Class 3,Class 3,Vacant,Vacant,13 DALRY ROAD,EH11 2BQ,1545
324083.0996,673153.274900001,vacant, ,Class 1,Vacant,Class 3,Class 3,15 DALRY ROAD,EH11 2BQ,1546
324081.4502,673149.701199999,restaurant,Verandah,Class 3,Class 3,Class 3,Class 3,17 DALRY ROAD,EH11 2BQ,1547
324078.6494,673142.9243,restaurant,The Balti Place,Class 3,Class 3,Vacant,Class 3,19 DALRY ROAD,EH11 2BQ,1548
324075.7251,673136.199200001,videotape hire,VIP Video,Class 1,Class 1,Class 1,Vacant,21 DALRY ROAD,EH11 2BQ,1549
324074.0757,673131.800799999,wine merchant,Threshers,Class 1,Class 1,Class 1,Vacant,23 DALRY ROAD,EH11 2BQ,1550
324072.1514,673127.4024,grocer,Neil's,Class 1,Class 1,Class 1,Class 1,25 DALRY ROAD,EH11 2BQ,1551
324069.5498,673121.6494,charity shop,Shelter,Class 1,Class 1,Class 1,Class 1,27 DALRY ROAD,EH11 2BQ,1552
324067.9004,673117.525900001,army stores,GI Joes,Class 1,Class 1,Class 1,Class 1,29 DALRY ROAD,EH11 2BQ,1553
324062.0239,673104.498,leather goods,Premier Discount Leathers,Class 1,Class 1,Class 1,Class 1,31 DALRY ROAD,EH11 2BU,1554
324060.9243,673102.0239,printers,Print Shop,Class 1,Class 4,Class 1,Class 1,33 DALRY ROAD,EH11 2BU,1555
324059.5863,673099.367799999,electrical goods,Dalry Discount Centre,Class 1,Class 1,Class 1,Class 1,35 DALRY ROAD,EH11 2BU,1556
324058.4502,673096.525900001,leather goods,Best in Leather,Class 1,Class 1,Vacant,Class 1,35A DALRY ROAD,EH11 2BU,1557
324054.3506,673087.800799999,baker,Greggs,Class 1,Class 1,Class 1,Class 1,37 DALRY ROAD,EH11 2BU,1558
324056.5498,673092.474099999,grocer,Spar,Class 1,Class 1,Class 1,Class 1,37A-39 DALRY ROAD,EH11 2BU,1559
324052.0757,673083.0,charity shop,Sue Ryder,Class 1,Class 1,Class 2,Class 2,39A DALRY ROAD,EH11 2BU,1560
324050.7012,673079.701199999,vacant, ,Class 2,Vacant,Class 4,Class 4,41 DALRY ROAD,EH11 2BU,1561
324049.3267,673076.127499999,vacant, ,Class 1,Vacant,Class 4,Class 1,43 DALRY ROAD,EH11 2BU,1562
324047.4681,673071.3298,charity shop,Save the Children,Class 1,Class 1,Class 1,Class 1,45 DALRY ROAD,EH11 2BU,1563
324045.6064,673067.0745,vacant, ,Class 1,Vacant,Class 1,Vacant,47 DALRY ROAD,EH11 2BU,1564
324039.5319,673050.8509,wine merchant,Haddows,Class 1,Class 1,Class 1, , , ,1565
324038.2021,673047.127599999,travel agent,Frutin Travel,Class 1,Class 1,Vacant,Class 1,51-57 DALRY ROAD,EH11 2BX,1566
324031.0638,673030.648800001,butcher,David Purdie,Class 1,Class 1,Class 1,Class 1,59 DALRY ROAD,EH11 2BZ,1567
324028.9362,673025.8617,restaurant,Howies,Class 1,Class 3,Class 3,Class 3,63 DALRY ROAD,EH11 2BZ,1568
324026.2129,673018.8509,chemist,Lindsay & Gilmour,Class 1,Class 1,Class 1,Class 1,65 DALRY ROAD,EH11 2BZ,1569
324024.6172,673014.8617,n/t/c,Newsagent,Class 1,Class 1,Class 1,Class 1,67A DALRY ROAD,EH11 2BZ,1570
324006.1491,672991.7871,computers,Edinburgh Microsystems Centre,Class 1,Class 1,Class 4,Class 1,69-71 DALRY ROAD,EH11 2AA,1571
323998.1914,672985.191400001,second-hand goods,n/a,Vacant,Class 1,Class 1,Class 2,73 DALRY ROAD,EH11 2AA,1572
323994.2021,672982.0,hairdresser,Dalry Hairstylists,Class 1,Class 1,Class 1,Class 1,77 DALRY ROAD,EH11 2AA,1573
323989.266,672977.3936,café / restaurant,Café Maria,Class 3,Class 3,Class 3,Class 3,79 DALRY ROAD,EH11 2AA,1574
323983.9469,672974.202099999,hairdresser,Simpsons,Class 1,Class 1,Class 1,Class 1,81 DALRY ROAD,EH11 2AA,1575
323979.6917,672971.5426,furniture,The Pine Place,Class 2,Class 1,Class 11,Class 11,85 DALRY ROAD,EH11 2AA,1576
323959.4681,672960.7764,domestic appliances,Wallaces,Class 1,Class 1, , , , ,1577
323956.8086,672959.1807,hairdresser,Rosa's,Class 1,Class 1,Class 1, , , ,1578
323951.7555,672955.4574,post office,Post Office,Class 1,Class 1,Class 1,Class 1,91 DALRY ROAD,EH11 2AB,1579
323947.2021,672951.2552,domestic appliances,Wallaces Spare Parts,Class 1,Class 1, , , , ,1580
323944.1914,672948.9147,hot food take-away,Mrs. Unis,Class 1,SUI GENERIS,SUI GENERIS, , , ,1581
323939.6702,672945.191400001,hot food take-away,Mrs. Unis,Class 3,SUI GENERIS, , , , ,1582
323937.5426,672943.595699999,grocer,Asian Delicatesssen,Class 1,Class 1, , , , ,1583
323934.2021,672941.9147,hot food take-away,Takeaway,SUI GENERIS,SUI GENERIS, , , , ,1584
323926.2236,672936.8617,restaurant,Mr. Marios,Class 3,Class 3, , , , ,1585
323906.1276,672923.1807,furniture,Mirror Door Centre,Class 3,Class 1, , , , ,1586
323901.0745,672919.9893,kitchen furniture & fittings,Kitchen Centre,Class 3,Class 1, , , , ,1587
323897.3512,672917.3298,butcher,James Paton,Class 1,Class 1,Class 2,Class 2,111 DALRY ROAD,EH11 2DR,1588
323891.266,672911.585000001,charity shop,New to You,Class 1,Class 1,Class 1,Class 1,113-115 DALRY ROAD,EH11 2DR,1589
323886.7448,672907.595699999,clothing,G. Bank,Class 1,Class 1,Vacant,Class 2,119-121 DALRY ROAD,EH11 2DR,1590
323879.6064,672901.9147,n/t/c,Scotts,Class 1,Class 1,Class 1,Class 1,123 DALRY ROAD,EH11 2DR,1591
323875.3512,672898.723300001,second-hand goods,Murrays,Class 1,Class 1,Vacant,Class 3,125 DALRY ROAD,EH11 2DR,1592
323858.9255,672883.6273,charity  shop,Evoc Shop,Class 1,Class 1,Vacant,SUI GENERIS,131 DALRY ROAD,EH11 2EA,1593
323856.5319,672880.967800001,second-hand goods,Ruby's,Class 1,Class 1,Vacant,Vacant,133 DALRY ROAD,EH11 2EA,1594
323854.1383,672878.3083,hairdresser,Raffles,Class 1,Class 1,Class 1,Class 1,135 DALRY ROAD,EH11 2EA,1595
323849.6172,672873.521199999,vacant, ,Vacant,Vacant, , , , ,1596
323697.4574,672740.733999999,financial services - mortgages,Allan Edwards Mortgage Consultants,Class 1,Class 2,Class 2,Class 1,162 DALRY ROAD,EH11 2EG,1597
323694.0,672736.478800001,hairdresser (gents),Paddy's,Class 1,Class 1,Class 1,Class 1,164 DALRY ROAD,EH11 2EG,1598
323689.585,672731.127599999,vacant, ,Class 1,Vacant,SUI GENERIS,SUI GENERIS,166 DALRY ROAD,EH11 2EG,1599
323686.9255,672727.6702,betting shop,Ladbrokes,Class 2,Class 2,Class 2,Class 2,168-170 DALRY ROAD,EH11 2EG,1600
323684.266,672724.7448,n/t/c,Roy G. Jack,Class 1,Class 1,Class 1,Class 1,174 DALRY ROAD,EH11 2EG,1601
323682.1383,672722.351199999,stage costume hire,McMillen Stage Costume Hire,Class 1,Class 1,Class 1,Class 1,176 DALRY ROAD,EH11 2EG,1602
323674.266,672715.681,public house,Balmoral,SUI GENERIS,SUI GENERIS,SUI GENERIS, , , ,1603
323657.9785,672693.797900001,community education,Adult Learning Project,Class 4,Class 10,Vacant,Vacant,184 DALRY ROAD,EH11 2EP,1604
323655.585,672690.6064,second-hand electrical goods,All Mod Cons,Class 1,Class 1,Class 1,Class 9,186 DALRY ROAD,EH11 2EP,1605
323652.9255,672686.883099999,vacant, ,Class 1,Vacant,Vacant,Class 9,188 DALRY ROAD,EH11 2EP,1606
323847.0821,672509.6285,restaurant,Guru Balti Restaurant,Vacant,Class 3,Class 3,Class 3,9 DUNDEE TERRACE,EH11 1DL,1607
323842.0929,672507.3607,residential, , ,Class 9, , , , ,1608
323837.5572,672505.546399999,residential, , ,Class 9, , , , ,1609
323746.4233,672458.0,residential, ,Class 1,Class 9, , , , ,1610
323797.8856,672514.9222,car showroom,Midas Motor Co.,Class 1,SUI GENERIS,SUI GENERIS,SUI GENERIS,4 DUNDEE TERRACE,EH11 1DL,1611
323771,672473,residential, ,Class 4,Class 9, , , , ,1612
324885.7613,672971.7423,café,Il Fungo Coffee House,Class 1,Class 3,Class 3,Class 3,4 EARL GREY STREET,EH3 9BN,1613
324881.5093,672977.745100001,pine & cane furniture,Omni,Class 1,Class 1, ,Class 1,6-10 EARL GREY STREET,EH3 9BN,1614
324877.5074,672983.4979,pine & cane furniture,Omni,Class 1,Class 1, , , , ,1615
324590.7068,674558.3499,clothing,Baggins, ,Class 1,Class 1,Class 4,12 DEANHAUGH STREET,EH4 1LY,1616
324589.5319,674559.692600001,chemist,R.M. Park,Class 1,Class 1,Class 1,Class 1,14 DEANHAUGH STREET,EH4 1LY,1617
324588.357,674561.203299999,dress agency,Inspirations,Class 1,Class 1,Class 1, , , ,1618
324587.0142,674563.0496,charity shop,St. John's Association,Class 1,Class 1,Class 1,Class 1,20 DEANHAUGH STREET,EH4 1LY,1619
324585.3357,674565.0638,fancy goods,The Owl and the Pussycat,Class 1,Class 1,Class 1,Class 1,22 DEANHAUGH STREET,EH4 1LY,1620
323650.7979,672683.957699999,vacant, ,Class 4,Vacant,Class 9, , , ,1621
323846.5957,672869.521199999,food take-away,Mary's Cafe,Class 3,Class 1, , , , ,1622
323843.6702,672866.3298,vacant, ,Class 1,Vacant,Class 1,Class 2,141 DALRY ROAD,EH11 2EA,1623
323841.0107,672863.6702,launderette,Sundial Laundrette,Class 1,Class 1, , , , ,1624
323835.7979,672857.723300001,second-hand goods,ALP's,Class 1,Class 1, , , , ,1625
323833.6702,672855.0638,vacant, ,Vacant,Vacant,Vacant,Class 1,149 DALRY ROAD,EH11 2EA,1626
323831.2767,672852.6702,office furniture & equipment,BMG Office Equipment,Class 4,Class 1,Class 4,Class 4,151 DALRY ROAD,EH11 2EA,1627
323829.1491,672850.276699999,vacant, ,Vacant,Vacant,Class 2,Class 2,155 DALRY ROAD,EH11 2EA,1628
323827.0215,672847.883099999,vacant, ,Class 1,Vacant,Class 1,Class 1,157 DALRY ROAD,EH11 2EA,1629
323823.9893,672844.510399999,fancy goods,Pound Power,Class 1,Class 1,Class 1,Class 1,159 DALRY ROAD,EH11 2EB,1630
323820.5319,672841.053099999,vacant, ,Vacant,Vacant,Class 1,Class 1,163 DALRY ROAD,EH11 2EB,1631
323816.2767,672837.0638,supermarket,Scotmid,Class 1,Class 1, , , , ,1632
323809.1276,672829.3936,computers,Silicon Group,Vacant,Class 1, , , , ,1633
323806.734,672826.733999999,solicitors,Stewart Watt & Co.,Class 2,Class 2, , , , ,1634
323803.0107,672823.276699999,solicitors,Stewart Watt & Co.,Class 1,Class 2, , , , ,1635
323799.2767,672818.8617,hairdresser,Excel Hairdressing,Class 1,Class 1,Class 3,Class 3,175 DALRY ROAD,EH11 2EB,1636
323795.5534,672815.1383,vacant, ,Vacant,Vacant,Class 1,Class 1,177 DALRY ROAD,EH11 2EB,1637
323792.362,672811.681,books,Bobbie's Bookshop,Class 1,Class 1,Class 4,Vacant,181 DALRY ROAD,EH11 2EB,1638
323789.8193,672808.435900001,electrical repairs,Dunedin Electrical Services,Class 2,Class 1,Vacant,Class 4,183 DALRY ROAD,EH11 2EB,1639
323786,672805,jeweller,Marshalls,Vacant,Class 1,Vacant,Class 1,185 DALRY ROAD,EH11 2EB,1640
323786,672805,carpets,no name,Vacant,Class 1,Vacant,Class 1,189 DALRY ROAD,EH11 2EB,1641
323786,672805,hot food take-away (Indian),Curry House,SUI GENERIS,SUI GENERIS,SUI GENERIS,SUI GENERIS,191 DALRY ROAD,EH11 2EB,1642
323747,672747,residential, ,Class 2,Class 9, , , , ,1643
323747,672747,tool & equipment hire,Speedy Hire Centres Northern Ltd.,Class 1,Class 1, , , , ,1644
323743.1383,672741.9893,public house,Clock Inn,SUI GENERIS,SUI GENERIS, , , , ,1645
324072.9186,673190.729699999,hot food take-away,Oriental Carry-Out,SUI GENERIS,SUI GENERIS,SUI GENERIS,SUI GENERIS,2-6 DALRY ROAD,EH11 2BG,1646
324049.8402,673137.9147,dry cleaner / photo processing,Klick / Munro,Class 1,Class 1,Class 1,Class 1,18-20 DALRY ROAD,EH11 2BA,1647
324048.5104,673134.9893,vacant, ,Class 11,Vacant,Vacant, , , ,1648
324047.1807,673132.0638,hot food take-away,Bun on the Run,Class 11,SUI GENERIS,SUI GENERIS,SUI GENERIS,24 DALRY ROAD,EH11 2BA,1649
324045.585,673128.6064,hairdresser (gents),Men's International,Class 11,Class 1,Vacant,Class 1,26 DALRY ROAD,EH11 2BA,1650
324044.2552,673125.414999999,clothing,Indoor Outdoors,Class 1,Class 1,Class 1,Class 1,28 DALRY ROAD,EH11 2BA,1651
324042.9255,673122.2236,clothing,Indoor Outdoors,Class 1,Class 1,Class 1,Class 1,30 DALRY ROAD,EH11 2BA,1652
324040.9893,673118.4574,bicycles,Pedal Pushers,Class 1,Class 1,Class 1,Class 1,32 DALRY ROAD,EH11 2BA,1653
324039.6595,673115.0,n/t/c,J. & M. Lewis,Class 1,Class 1,Class 1,Vacant,34 DALRY ROAD,EH11 2BA,1654
324038.6917,673112.0,grocer,El Oasis,Class 1,Class 1,Class 11,Class 11,38 DALRY ROAD,EH11 2BA,1655
324037.4788,673109.053099999,videotape hire,Azad Video,Class 1,Class 1,Vacant,Vacant,40 DALRY ROAD,EH11 2BA,1656
324033.6595,673100.404300001,travel agent,Patersons Travel,Class 1,Class 1,Class 1,Class 1,42 DALRY ROAD,EH11 2BA,1657
324030.1914,673092.0638,vacant, ,Class 1,Vacant,Class 1,Class 1,46 DALRY ROAD,EH11 2BA,1658
324028.5957,673088.6064,vacant, ,Class 4,Vacant,Class 1,Class 1,48 DALRY ROAD,EH11 2BA,1659
324027.0,673084.883099999,children's clothing,Beauty,Class 1,Class 1,Vacant,Vacant,50 DALRY ROAD,EH11 2BA,1660
324025.1383,673080.362,vacant, ,Class 4,Vacant,Class 1,Class 1,54 DALRY ROAD,EH11 2BA,1661
324023.5426,673076.3727,sports equipment & clothing,"Run & Become, Become & Run",Class 1,Class 1,Class 1,Class 2,56 DALRY ROAD,EH11 2BA,1662
324016.4574,673070.9893,household goods,Your More Store Ltd.,Class 1,Class 1,Class 1,Class 1,56A DALRY ROAD,EH11 2BA,1663
324009.0638,673051.7871,sports equipment & clothing,Edinburgh Golf centre,Class 1,Class 1,Class 1,Class 1,58 DALRY ROAD,EH11 2AY,1664
324007.4681,673047.0,"records, tapes, cds",Hot Wax,Class 1,Class 1,Class 1,Class 1,60 DALRY ROAD,EH11 2AY,1665
324005.3405,673042.2129,optician,Just Specs,Class 2,Class 1,Class 1,Vacant,64 DALRY ROAD,EH11 2AY,1666
324003.4788,673037.957699999,pets & pet supplies,Gorgie Pet Stores,Class 1,Class 1,Class 1,Class 1,66 DALRY ROAD,EH11 2AY,1667
324002.0,673033.733999999,travel agent,Lunn Poly,Class 1,Class 1,Class 4,Class 4,68(1F) DALRY ROAD,EH11 2AY,1668
324000.1383,673031.340500001,travel agent,Lunn Poly,Class 1,Class 1,Class 1,Class 1,68(GF) DALRY ROAD,EH11 2AY,1669
323998.5426,673029.2129,vacant, ,Class 1,Vacant,Class 1,Class 1,70 DALRY ROAD,EH11 2AY,1670
323996.1914,673026.808599999,hot food take-away,The Rickshaw,Class 1,SUI GENERIS,SUI GENERIS,SUI GENERIS,72 DALRY ROAD,EH11 2AY,1671
323993.6595,673023.1383,furniture,Woodcraft,Class 1,Class 1,Class 4,Class 1,74 DALRY ROAD,EH11 2AY,1672
323990.1276,673017.872400001,wine merchant,Victoria Wine,Class 1,Class 1,Class 1,Class 1,76 DALRY ROAD,EH11 2AX,1673
323987.4681,673014.414999999,vacant, ,Class 1,Vacant,Class 2,Class 1,78 DALRY ROAD,EH11 2AX,1674
323984.8086,673010.648800001,launderette,Laundrette,Class 1,Class 1,Class 1,Vacant,84 DALRY ROAD,EH11 2AX,1675
323966.3936,672994.733999999,t.v. & video repairs,Thomson T.V. Services,Class 1,Class 1,Class 1,Class 1,86 DALRY ROAD,EH11 2AX,1676
323957.7979,672988.4681,public house,Dickens Lounge,SUI GENERIS,SUI GENERIS,SUI GENERIS,SUI GENERIS,88 DALRY ROAD,EH11 2AX,1677
323951.1276,672984.6172,vacant, ,Class 11,Vacant,Class 2,Class 2,90 DALRY ROAD,EH11 2AX,1678
323945.319,672980.733999999,betting shop,Victor Gold,Class 2,Class 2,Class 2,Class 2,92 DALRY ROAD,EH11 2AX,1679
323940.4681,672977.5426,grocer,Shanoo's,Class 1,Class 1,Vacant, , , ,1680
323935.3298,672974.6064,restaurant,Pepe's Taverna,Class 3,Class 3,Class 3,Class 3,94A-96 DALRY ROAD,EH11 2AX,1681
323915.5212,672963.478800001,car hire,Avis Car Rental,Class 4,SUI GENERIS,Vacant,Class 3,100-102 DALRY ROAD,EH11 2DW,1682
323817.4043,672909.266000001,supermarket,Somerfield,Class 1,Class 1,Class 1,Class 1,114 DALRY ROAD,EH11 2EZ,1683
323803.2451,672872.351199999,electrical goods,Comet,Class 1,Class 1,Vacant, , , ,1684
323791.5212,672860.6172,electrical goods & accessories,Maplin Electronics,SUI GENERIS,Class 1,Class 1,Class 1,118-126 DALRY ROAD,EH11 2EZ,1685
323782.4681,672850.5319,vacant, ,Class 1,Vacant,Vacant,Class 3,128 DALRY ROAD,EH11 2EZ,1686
323648.6702,672681.2982,hot food take-away,Gino's Fish & Chips,SUI GENERIS,SUI GENERIS,SUI GENERIS,SUI GENERIS,192 DALRY ROAD,EH11 2EP,1687
323618.1807,672643.9255,grocer (licensed),Javid General Stores,Class 1,Class 1,Class 1, , , ,1688
323615.7871,672641.266000001,vacant, ,Class 4,Vacant,Vacant,Vacant,200 DALRY ROAD,EH11 2ES,1689
323613.3936,672638.6064,hardware / d.i.y.,R. Imrie,Class 1,Class 1,Class 1,Vacant,202 DALRY ROAD,EH11 2ES,1690
323610.9147,672635.659499999,residential, ,Class 4,Class 9, , , , ,1691
323609.319,672633.266000001,residential, ,Class 1,Class 9, , , , ,1692
323607.4574,672630.872400001,residential, ,Class 1,Class 9, , , , ,1693
323604.7979,672627.414999999,tailor,Carswells Alterations,Class 1,Class 1, , , , ,1694
323602.7764,672624.521199999,hot food take-away (Chinese),DJ Chinese Takeaway,SUI GENERIS,SUI GENERIS,SUI GENERIS,SUI GENERIS,214 DALRY ROAD,EH11 2ES,1695
323599.585,672620.797900001,vacant, ,Vacant,Vacant, , , , ,1696
323596.4043,672617.425799999,vacant, ,Vacant,Vacant, , , , ,1697
323593.7448,672614.500299999,building services,K.V.N. Design & Build Services,Class 4,Class 4, , , , ,1698
323590.3083,672610.4681,office,West Edinburgh Support Team,Vacant,Class 2, , , , ,1699
323588.1807,672607.5426,building services,K.V.N. Design & Build Services,Class 4,Class 4, , , , ,1700
323585.7871,672604.883099999,tattoo studio,Dragon's Lair,Class 1,Class 2,Class 9, , , ,1701
323583.1276,672602.2236,vacant, ,Class 1,Vacant,Vacant,Class 4,230 DALRY ROAD,EH11 2ES,1702
323558.1914,672570.6602,vacant, ,Vacant,Vacant, , , , ,1703
323555.8193,672567.9046,vacant, ,Class 1,Vacant,Class 9, , , ,1704
323552.1169,672564.0,vacant, ,Class 2,Vacant, , , , ,1705
323549.1914,672559.7448,painters & decorators,R. Tully,Class 4,Class 4, , , , ,1706
323545.734,672555.7555,grocer,Food Fayre,Class 1,Class 1, , , , ,1707
323540.8402,672549.9893,sports clothing & equipment,Marshall's Sports,Class 1,Class 1,Vacant,Class 9, , ,1708
323538.4466,672546.5319,hairdresser,Salon 243,Class 1,Class 2, , , , ,1709
323535.5212,672543.0745,n/t/c,Dalry Newsagents,Class 1,Class 1, , , , ,1710
323532.3298,672539.351199999,vacant, ,Class 1,Vacant,Class 2,Class 2,246 DALRY ROAD,EH11 2JG,1711
323528.7764,672535.2552,hot food take-away,Le Menu / La Gargotte,Class 1,SUI GENERIS, , , , ,1712
323526.6488,672532.8617,vacant, ,Vacant,Vacant,Vacant,Vacant,249 DALRY ROAD,EH11 2JQ,1713
323524.5212,672530.202099999,vacant, ,Class 1,Vacant, , , , ,1714
323519.734,672524.6172,vacant, ,Class 4,Vacant, , , , ,1715
323517.5104,672521.446599999,vacant, ,Vacant,Vacant,Vacant,Class 9, , ,1716
323514.585,672517.9893,vacant, ,Vacant,Vacant, , , , ,1717
323511.9255,672514.797900001,information office,Business & Community Information Centre,Vacant,Class 2, , , , ,1718
323508.734,672510.808599999,information office,Business & Community Information Centre,Vacant,Class 2, , , , ,1719
323500.8509,672502.0745,vacant, ,Class 1,Vacant,Vacant,Class 9, , ,1720
323497.1276,672498.0853,hot food take-away (Indian),Taste of the Maharajahs,SUI GENERIS,SUI GENERIS,SUI GENERIS,SUI GENERIS,261 DALRY ROAD,EH11 2JQ,1721
327537.6735,674348.653100001,ladies clothing,Pretty Woman,Class 4,Class 1,Class 2,Class 2,12 DALZIEL PLACE,EH7 5TR,1722
327560.2505,674338.840500001,restaurant (Cantonese),Karen's Restaurant,SUI GENERIS,Class 3,Class 3,Class 3,13-14 DALZIEL PLACE,EH7 5TP,1723
327608.2987,674322.0557,hot food take-away (Chinese),New Green Leaf,SUI GENERIS,SUI GENERIS,SUI GENERIS,SUI GENERIS,21 DALZIEL PLACE,EH7 5TP,1724
327613.4026,674320.3544,hairdresser & beauty salon,Ziska's Hair & Beauty,Class 1,Class 1,Class 1,Class 1,23 DALZIEL PLACE,EH7 5TP,1725
324617.4229,676311.535499999,vacant, ,Class 1,Vacant, , , , ,1726
324666.6268,674607.6951,restaurant (Indian),Lancers,Class 3,Class 3,Class 3,Class 3,1 DEAN BANK LANE,EH3 5BS,1727
324183.2746,674357.270500001,residential, ,Class 1,Class 9, , , , ,1728
324185,674619,conference services,20/20 Productions,Vacant,Class 4, , , , ,1729
324248.0989,674661.506999999,butcher's meat preparation unit,Dalzell & McIntosh,Class 1,Class 4,Class 1,Class 1,9 DEAN PARK STREET,EH4 1JN,1730
324225.0041,674650.1886,café,Tuck-In,Class 1,Class 3,Class 3,Class 1,6 DEAN PARK STREET,EH4 1JW,1731
324225.459,674645.6394,plumbers & gasfitters,A.R. Mason,Class 4,Class 4,Class 4,Class 9, , ,1732
324240.2787,674484.3606,wholesale clothing,Potter Hughes & Co. Ltd.,Class 1,Class 2,Vacant,Class 9, , ,1733
324489,674618,residential, ,Class 2,Class 9, , , , ,1734
324527.352,674614.619899999,public house,McAndrews Ale House,SUI GENERIS,SUI GENERIS,SUI GENERIS,SUI GENERIS,4-6 DEAN STREET,EH4 1LW,1735
324374.8132,674534.005999999,public house,The Dean,SUI GENERIS,SUI GENERIS,SUI GENERIS,SUI GENERIS,50 DEAN STREET,EH4 1LQ,1736
324619.0496,674564.368899999,vacant, ,Class 2,Vacant,Class 3,Class 3,1 DEANHAUGH STREET,EH4 1LU,1737
324613.4752,674571.4823,wine merchant,Victoria Wine,Vacant,Class 1,Class 1,Class 1,3 DEANHAUGH STREET,EH4 1LU,1738
324609.9858,674576.1182,travel agent,A.T. Mays,Class 1,Class 1,Class 1,Class 1,5 DEANHAUGH STREET,EH4 1LU,1739
324607.3074,674579.475199999,chemist,Lloyds,Class 1,Class 1, , , , ,1740
324604.636,674583.1395,chemist,Lloyds Pharmacy,Class 1,Class 1,Class 1,Class 1,9 DEANHAUGH STREET,EH4 1LU,1741
324602.1395,674586.475199999,grocer,Krazy Kuts,Class 1,Class 1,Class 1,Class 1,11 DEANHAUGH STREET,EH4 1LU,1742
324599.3074,674590.642999999,bank,Bank of Scotland,Class 2,Class 2,Class 2,Class 2,13 DEANHAUGH STREET,EH4 1LU,1743
324596.2223,674594.917199999,greeting cards,Happy Days,Class 1,Class 1,Class 1,Class 1,15 DEANHAUGH STREET,EH4 1LU,1744
324586.6501,674603.796700001,tailor,Sergio's,Class 1,Class 1, , , , ,1745
324583.2932,674609.0,hairdresser,Hector's,Class 1,Class 1, , , , ,1746
324579.9646,674613.264799999,n/t/c,Stockbridge Newsagents,Class 1,Class 1,Class 1,Class 1,33 DEANHAUGH STREET,EH4 1LR,1747
324577.4114,674616.810900001,wine merchant,Thresher,Vacant,Class 1,Class 1,Class 1,35-37 DEANHAUGH STREET,EH4 1LR,1748
324574.6218,674622.796700001,charity shop,Capability Scotland,Class 1,Class 1,Class 1,Class 1,39-41 DEANHAUGH STREET,EH4 1LR,1749
324572.2719,674627.328600001,dry cleaner / photo processing,Klick / Munro,Class 1,Class 1,Class 1,Class 1,45 DEANHAUGH STREET,EH4 1LR,1750
324568.7826,674633.6218,public house,Maison Hector,SUI GENERIS,SUI GENERIS,SUI GENERIS,SUI GENERIS,47-49 DEANHAUGH STREET,EH4 1LR,1751
324598.1962,674549.524800001,coffee shop,Bib & Tucker,Class 3,Class 3,Class 3,Class 3,2 DEANHAUGH STREET,EH4 1LY,1752
324596.3499,674551.874700001,hairdresser,Gordon Fraser,Class 1,Class 1,Class 1,Class 1,4 DEANHAUGH STREET,EH4 1LY,1753
324594.3357,674553.888800001,antiques,Stockbridge Antiques,Class 1,Class 1,Class 1,Class 1,8 DEANHAUGH STREET,EH4 1LY,1754
324592.6572,674556.070900001,florist,Bee Bee Flowers,Class 4,Class 1,Class 1,Class 4,10 DEANHAUGH STREET,EH4 1LY,1755
323891.2678,672528.257099999,advertising & design agency,Jack Gold,Class 4,Class 4,Vacant,Class 1,177 DUNDEE STREET,EH11 1BY,1756
323886.2786,672526.4428,chemist,N.B. McDonald,Class 1,Class 1,Class 1,Class 1,179 DUNDEE STREET,EH11 1BY,1757
323881.7429,672523.7214,post office,Dundee Street Sub Post Office,Class 1,Class 1,Class 1,Class 1,181 DUNDEE STREET,EH11 1BY,1758
323855.0,672548.9179,public house,The Auld Store / Clancy's Bar,SUI GENERIS,SUI GENERIS,SUI GENERIS,Class 1,174 DUNDEE STREET,EH11 1DQ,1759
323836.9071,672549.6501,bathroom furniture & fittings,Victor Paris,Vacant,Class 1,Class 1,Class 1,176-180 DUNDEE STREET,EH11 1DQ,1760
323863.175,672515.9892,glaziers,Munro of Dalry,Vacant,Class 4,Class 4,Class 4,1 DUNDEE TERRACE,EH11 1DL,1761
323858.6393,672514.175000001,hot food take-away (Chinese),Fortunate Star,SUI GENERIS,SUI GENERIS,SUI GENERIS,SUI GENERIS,5 DUNDEE TERRACE,EH11 1DL,1762
323853.6501,672511.907099999,doors & accessories,Door Depot,Class 4,Class 1,Class 3,Class 3,7 DUNDEE TERRACE,EH11 1DL,1763
324583.9929,674566.9101,restaurant,Rendezvous,Class 3,Class 3,Class 3,Class 3,18-24 DEANHAUGH STREET,EH4 1LY,1764
324581.8818,674569.489399999,restaurant (Chinese),Ping On,UNKNOWN USE,Class 3, , , , ,1765
324580.539,674571.3357,restaurant (Chinese),Ping On,Class 3,Class 3,Class 3,Class 3,28 DEANHAUGH STREET,EH4 1LY,1766
324579.0283,674573.0142,restaurant (Chinese),Ping On,UNKNOWN USE,Class 3, , , , ,1767
324577.6856,674574.357000001,betting shop,Stanley Racing,UNKNOWN USE,Class 2, , , , ,1768
324575.8392,674576.539000001,cafe,The River Cafe,Class 1,Class 3, , , , ,1769
326888.8898,675022.6535,residential, ,Class 1,Class 9, , , , ,1770
326889.9764,675028.0866,hairdresser (gents),J.H. Ferguson,Class 1,Class 1, , , , ,1771
326928.3701,675097.7796,residential, ,Vacant,Class 9, , , , ,1772
327000.4208,676677.574999999,restaurant,Skippers Bistro,Class 3,Class 3,Class 3,Class 3,1A DOCK PLACE,EH6 6LU,1773
327008.4166,676677.4166,public house,Waterfront Wine Bar,SUI GENERIS,SUI GENERIS,SUI GENERIS,SUI GENERIS,1C DOCK PLACE,EH6 6LU,1774
326970.525,676637.5792,restaurant,Pierre Victoire,Vacant,Class 3, , , , ,1775
326978.2583,676663.1,public house & bistro,Sirius, ,SUI GENERIS,SUI GENERIS,SUI GENERIS,7-10 DOCK PLACE,EH6 6LU,1776
326833.8542,676613.8375,Highland dress outfitter,Kinloch Anderson, ,Class 1,Class 1,Class 1,4 DOCK STREET,EH6 6EY,1777
317662.5313,667652.1876,hairdresser,Tony Harper,Class 1,Class 1,Class 4,Class 9, , ,1778
317661.8637,667657.127900001,n/t/c,Dots News,Class 1,Class 1,Class 1,Class 1,10 DOLPHIN AVENUE,EH14 5RL,1779
317661.3296,667661.934599999,butcher,Alick Carson,Class 1,Class 1,Class 1,Class 1,12 DOLPHIN AVENUE,EH14 5RL,1780
317660.5284,667667.2755,"delicatessen, wines, sandwiches",Hannah's Deli,Class 1,Class 1,Vacant,Class 1,14 DOLPHIN AVENUE,EH14 5RL,1781
323652.6595,672697.2552,women's health project,Women Unlimited,Class 4,Class 2,Vacant,Class 9, , ,1782
323648.6702,672700.1807,community education,Adult Learning Project,Vacant,Class 10,Class 10,Class 9, , ,1783
319182.8668,673888.256100001,supermarket,Scotmid,Class 1,Class 1,Class 1,Class 1,1 DRUM BRAE AVENUE,EH12 8TE,1784
319204.0207,673895.622300001,butcher,Ian Proudfoot,Class 1,Class 1,Class 2,Class 2,1A-3 DRUM BRAE AVENUE,EH12 8TE,1785
319214.4929,673898.1669,car parts,Pistons & Components Ltd.,Class 1,Class 1,Class 1,Class 4,5-7 DRUM BRAE AVENUE,EH12 8TE,1786
319222.511,673900.089299999,hairdresser,Heads Together,Vacant,Class 1,Class 1,Class 1,9 DRUM BRAE AVENUE,EH12 8TE,1787
319228.0776,673901.467,photocopying service,Corstorphine Copy Centre,Class 4,Class 4,Class 2,Class 2,11 DRUM BRAE AVENUE,EH12 8TE,1788
319652.6499,674305.834100001,n/t/c,The Wee Shop, ,Class 1, , , , ,1789
319252.8491,673549.035399999,electrical repairs,J.K. McCrone,Class 1,Class 1,Class 1,Class 1,30 DRUM BRAE SOUTH,EH12 8SU,1790
329257.0775,668750.6403,supermarket,Shoprite, ,Class 1, , , , ,1791
329224.9501,668731.9432,frozen food,Iceland, ,Class 1, , , , ,1792
329238.623,668708.053400001,hairdresser (unisex),Francesca,Class 1,Class 1,Class 1,Class 1,9 DRUM STREET,EH17 8QQ,1793
329242.8365,668701.469900001,"grocer, confectionery, videotape hire",Moon Foodmarket,Class 1,Class 1,Class 1,Class 1,13 DRUM STREET,EH17 8QQ,1794
329271.4664,668661.1601,bingo club,Royal Bingo,SUI GENERIS,Class 11, , , , ,1795
329293.3132,668632.313200001,public house,The Dykes,SUI GENERIS,SUI GENERIS,SUI GENERIS,SUI GENERIS,33 DRUM STREET,EH17 8RQ,1796
329300.1033,668626.313200001,optician,Spex,Class 1,Class 1,Class 1,Class 1,37 DRUM STREET,EH17 8RQ,1797
329302.2633,668618.946599999,fishmonger,A.H. Cumberland,Class 1,Class 1,SUI GENERIS,SUI GENERIS,39 DRUM STREET,EH17 8RQ,1798
325191.0283,674487.827099999,take-away food,New Town Food Co.,Class 1,Class 1,Class 1,Class 1,44 DUNDAS STREET,EH3 6JN,1799
325190.0014,674491.333000001,design consultancy,The Dignon Collective,Class 1,Class 4,Class 1,Class 1,46 DUNDAS STREET,EH3 6JN,1800
325188.8485,674494.940400001,travel agent,Ian Dickson Travel Service,Class 1,Class 1,Class 1,Class 1,50 DUNDAS STREET,EH3 6JN,1801
325176.7025,674536.0579,residential property letting,D.J. Alexander,Class 1,Class 2,Class 2,Class 2,52-54 DUNDAS STREET,EH3 6QZ,1802
325143.8741,674660.054500001,carpets,Bremner Carpets,Class 1,Class 1,Vacant,Vacant,106 DUNDAS STREET,EH3 6RQ,1803
329307.4733,668614.7367,hot food take-away,Mr. Man's,Class 1,SUI GENERIS,SUI GENERIS,SUI GENERIS,41 DRUM STREET,EH17 8RQ,1804
329317.4733,668605.6833,florist,Gilmerton Flower Shop,Class 1,Class 1, , , , ,1805
329327.79,668602.9965,bank,Bank of Scotland,Class 2,Class 2,Class 2,Class 2,49-51 DRUM STREET,EH17 8RQ,1806
329364.6799,668578.733200001,hot food take-away,Claudia's,SUI GENERIS,SUI GENERIS,SUI GENERIS, , , ,1807
329226.8434,668656.3201,hot food take-away,Supperbowl Fish & Chips,SUI GENERIS,SUI GENERIS,SUI GENERIS,SUI GENERIS,6 DRUM STREET,EH17 8QH,1808
329230.2668,668651.3167,videotape hire,Tape Vision,Class 1,Class 1,Vacant, , , ,1809
329235.3167,668644.266799999,vacant, ,Class 1,Vacant,Class 1,Class 1,12 DRUM STREET,EH17 8QH,1810
329239.0035,668639.789999999,n/t/c,R.S. McColl,Class 1,Class 1,Class 1,Class 1,14A DRUM STREET,EH17 8QH,1811
329305,668589,public house,Mechanics Arms,SUI GENERIS,SUI GENERIS,SUI GENERIS,SUI GENERIS,36(1) DRUM STREET,EH17 8QH,1812
329420.2134,668522.106699999,public house,Gardener's Arms,SUI GENERIS,SUI GENERIS,SUI GENERIS,SUI GENERIS,62 DRUM STREET,EH17 8RN,1813
329433,668502,service station,B.P.,SUI GENERIS,SUI GENERIS,SUI GENERIS,SUI GENERIS,64 DRUM STREET,EH17 8RN,1814
325015.7475,672861.500700001,chiropodist,Brougham Place Chiropody Clinic,Class 1,Class 2,Class 2,Vacant,1 DRUMDRYAN STREET,EH3 9JZ,1815
325010.5002,672857.7513,converted to residential, ,Class 2,Class 9, , , , ,1816
326049.4155,673343.8309,public house,Rutherford,SUI GENERIS,SUI GENERIS,Vacant,Vacant, , ,1817
326045.6618,673317.2609,sex shop,Mr. Vince Delicato, ,Class 1, , , , ,1818
326055.0146,673321.0605,videotape hire,Video Exchange,Class 1,Class 1,Class 1,Class 1,8 DRUMMOND STREET,EH8 9TT,1819
326050.0459,673319.014599999,bistro,Ercolano,SUI GENERIS,Class 3, , , , ,1820
326066.8163,673326.0459,bistro,Ercolano,SUI GENERIS,Class 3, , , , ,1821
326070.9082,673327.7996,hairdresser (gents),J. Wood,Class 1,Class 1,Class 1,Class 1,12 DRUMMOND STREET,EH8 9TU,1822
326075.0,673329.2609,public house,R. Stewart & Son,SUI GENERIS,SUI GENERIS,SUI GENERIS,SUI GENERIS,14 DRUMMOND STREET,EH8 9TU,1823
326083.0773,673333.968699999,restaurant,Khushi's Lothian Restaurant,Class 3,Class 3,Class 3,Class 3,16 DRUMMOND STREET,EH8 9TX,1824
324434.7042,673815.5869,take-away food,Cherry Catering Co.,SUI GENERIS,Class 1,Class 1,Class 1,2 DRUMSHEUGH PLACE,EH3 7PT,1825
324430.2347,673818.1941,hairdresser,Cheynes,Class 1,Class 1,Class 1,Class 1,3 DRUMSHEUGH PLACE,EH3 7PT,1826
324425.7653,673820.4288,charity shop,St. Columba's,Class 1,Class 1,Class 1,Class 1,4 DRUMSHEUGH PLACE,EH3 7PT,1827
324421.6682,673821.9187,dry cleaner,Pullars,Class 1,Class 1,Class 1,Class 1,5 DRUMSHEUGH PLACE,EH3 7PT,1828
324412.8623,673824.173699999,gents clothing,Mr. James,Class 1,Class 1,Class 1,Class 1,7 DRUMSHEUGH PLACE,EH3 7PT,1829
324408.3928,673824.5462,financial services - insurance,Hill House Hammond,Class 2,Class 2,Vacant,Class 1,8-9 DRUMSHEUGH PLACE,EH3 7PT,1830
324399.097,673824.9187,restaurant,La Campagnola,Class 3,Class 3,Class 3,Class 3,11 DRUMSHEUGH PLACE,EH3 7PT,1831
324390.5305,673824.173699999,printers,Sime Malloch,Class 2,Class 4,Class 4,Class 4,12-13 DRUMSHEUGH PLACE,EH3 7PT,1832
319167.0278,674137.6435,hot food take-away,Roberto's / Giovanni's,SUI GENERIS,SUI GENERIS,SUI GENERIS,SUI GENERIS,24 DUART CRESCENT,EH4 7JP,1833
319161.4769,674135.300899999,"post office, gifts",Duart Crescent Sub Post Office / Cards & Curios,Class 1,Class 1,Class 1,Class 1,26 DUART CRESCENT,EH4 7JP,1834
319157.2083,674134.0463,hot food take-away (Chinese),Jimmy's Chinese Takeaway,Class 4,SUI GENERIS,SUI GENERIS,SUI GENERIS,28 DUART CRESCENT,EH4 7JP,1835
319150.537,674135.925899999,butcher,Iain Hay,Class 1,Class 1,SUI GENERIS,SUI GENERIS,30 DUART CRESCENT,EH4 7JP,1836
319145.2685,674133.7917,videotape hire,Blockbuster Video,Class 1,Class 1,Class 1,Class 2, , ,1837
319139.1343,674131.5833,wine merchant,Haddows,Class 1,Class 1,Class 1,Class 1,34 DUART CRESCENT,EH4 7JP,1838
319133.1635,674129.6941,hairdresser,Worth's Hairdressing,Class 1,Class 1,Class 1,Class 1,36 DUART CRESCENT,EH4 7JP,1839
319127.0417,674127.537,chemist,Alex Skinner,Class 1,Class 1,Class 1,Class 1,38 DUART CRESCENT,EH4 7JP,1840
319121.2685,674125.388900001,n/t/c,Wilson & McGregor,Class 1,Class 1, ,Class 1,40 DUART CRESCENT,EH4 7JP,1841
319114.6111,674122.972200001,grocer,A & F Supermarket,Class 1,Class 1, , , , ,1842
325624.1713,674313.5428,public house,Learies,SUI GENERIS,SUI GENERIS,SUI GENERIS,SUI GENERIS,3(GF1) DUBLIN STREET,EH1 3PG,1843
325622.8854,674319.056700001,hot food take-away,Something Tastier,SUI GENERIS,SUI GENERIS,SUI GENERIS,SUI GENERIS,7 DUBLIN STREET,EH1 3PG,1844
325621.7998,674323.4849,betting shop,Ladbrokes,Class 2,Class 2,Class 2,Class 1,9 DUBLIN STREET,EH1 3PG,1845
325593.1321,674419.2028,hot food take-away,Wilsons,Class 1,SUI GENERIS,Class 1,Class 1,27 DUBLIN STREET,EH3 6NL,1846
325591.7736,674427.448100001,restaurant (Scottish),Stac Polly,Class 3,Class 3, , , , ,1847
325573,674531,interior designer,Mary Maxwell,Class 1,Class 4,Class 2,Class 2,63 DUBLIN STREET,EH3 6NS,1848
325570,674542,fine art,Dublin Street Studio,Vacant,Class 1,Class 4,Class 4,73 DUBLIN STREET,EH3 6NS,1849
325555.6179,674426.3585,artificial flowers,Inscape,Class 1,Class 1,Class 1,Class 1,26 DUBLIN STREET,EH3 6NN,1850
325538.4038,674487.223099999,antiques,52 Dublin Street,Class 1,Class 1,Class 1,Class 1,52 DUBLIN STREET,EH3 6NP,1851
325537.15,674491.6116,vacant, ,Class 1,Vacant,Class 1,Class 2,54 DUBLIN STREET,EH3 6NP,1852
325529.5077,674516.0154,grocer,Dublin Street General Store,Class 1,Class 1,Class 1,Class 1,76 DUBLIN STREET,EH3 6NP,1853
330310.2337,672879.532500001,vacant, ,Class 1,Vacant,SUI GENERIS,SUI GENERIS,94 DUDDINGSTON PARK,EH15 1JZ,1854
330311.7698,672875.324899999,butcher,A.C. Ferguson & Sons,Class 1,Class 1,SUI GENERIS,SUI GENERIS,96 DUDDINGSTON PARK,EH15 1JZ,1855
330466.3609,672019.5414,betting shop,William Hill,Class 2,Class 2,Class 2,Class 2,179 DUDDINGSTON PARK SOUTH,EH15 3EG,1856
330494.0,671914.951199999,public house,Duddingston Mull Inn,SUI GENERIS,SUI GENERIS,SUI GENERIS,SUI GENERIS,189 DUDDINGSTON PARK SOUTH,EH15 3EJ,1857
330492.7219,671880.1316,frozen food,Farmfoods,Class 1,Class 1,Class 1,Class 1,191-193 DUDDINGSTON PARK SOUTH,EH15 3EJ,1858
330494.7219,671866.018999999,hot food take-away,Duddingston Fry, ,SUI GENERIS,SUI GENERIS,SUI GENERIS,195 DUDDINGSTON PARK SOUTH,EH15 3EJ,1859
329505.7332,673265.533199999,hairdresser,Joys,Class 1,Class 1,Class 1,Class 1,60 DUDDINGSTON ROAD,EH15 1SG,1860
329513.5445,673267.288899999,n/t/c,Duddingston General Store & Newsagent,Class 1,Class 1,Class 1,Class 1,62-64 DUDDINGSTON ROAD,EH15 1SG,1861
328582.8716,672738.1284,vacant, ,Vacant,Vacant, , , , ,1862
326101.7142,676360.8901,vacant, ,Vacant,Vacant, , , , ,1863
326966.9949,675940.5759,betting shop,William Hill,Class 2,Class 2,Class 2,Vacant,1 DUKE STREET,EH6 6AE,1864
326970.5969,675938.3246,chemist,Hills,Class 1,Class 1, , , , ,1865
326975.0995,675933.596899999,chemist,Hills,Class 1,Class 1, , , , ,1866
327003.0361,675902.5002,florist,Carolyn & Co.,Class 1,Class 1,Class 1,Class 1,7B DUKE STREET,EH6 8HG,1867
327007.7502,675899.3574,"confectioner, tobacconist",The Sweet Shack,Class 1,Class 1,Class 2,Vacant,9A DUKE STREET,EH6 8HG,1868
327012.4644,675896.214600001,vacant, ,Class 1,Vacant,Vacant,Vacant,11 DUKE STREET,EH6 8HG,1869
327017.5714,675893.4647,public house,Marksman Bar,SUI GENERIS,SUI GENERIS,SUI GENERIS,SUI GENERIS,13 DUKE STREET,EH6 8HG,1870
327024.3932,675890.2859,public house,TJ's Bar & Diner,SUI GENERIS,SUI GENERIS,Vacant,Vacant,15 DUKE STREET,EH6 8HG,1871
327038.0,675880.464400001,vacant, ,Class 2,Vacant,Class 1,Class 1,17 DUKE STREET,EH6 8HG,1872
327060.5359,675866.535599999,public house,Billie Lawrie's,SUI GENERIS,SUI GENERIS,SUI GENERIS,Vacant,27 DUKE STREET,EH6 8HH,1873
327072.3213,675858.6787,public house,Duke's Head,SUI GENERIS,SUI GENERIS,SUI GENERIS,SUI GENERIS,31 DUKE STREET,EH6 8HH,1874
327081.6787,675852.5714,cafe,Mel's Diner,Class 1,Class 3,SUI GENERIS,SUI GENERIS,33 DUKE STREET,EH6 8HH,1875
327086.0,675849.8215,vacant, ,Class 1,Vacant,Class 1,Vacant,37 DUKE STREET,EH6 8HH,1876
327089.5356,675847.464400001,vacant, ,Class 1,Vacant,Class 2,Class 2,39-43 DUKE STREET,EH6 8HH,1877
327099.0,675841.642899999,hot food take-away,Elio's fish & chicken bar,SUI GENERIS,SUI GENERIS,SUI GENERIS,SUI GENERIS,47-49 DUKE STREET,EH6 8HH,1878
327124.2501,675824.6787,vacant, ,Class 4,Vacant, ,Vacant,63 DUKE STREET,EH6 8HN,1879
327128.2501,675820.642899999,computers,AIM,Vacant,Class 1,Class 1,Class 1,65 DUKE STREET,EH6 8HN,1880
327132.1785,675816.321599999,t.v. & hi-fi,Dobies,Class 1,Class 1,Vacant, , , ,1881
326980.9586,675882.633300001,employment office,Job Centre,SUI GENERIS,Class 4, , , , ,1882
326990.6391,675877.9056,employment office,Job Centre,Vacant,Class 4, , , , ,1883
327000.0944,675873.403100001,vacant, ,SUI GENERIS,Vacant,Vacant,Vacant,12-16 DUKE STREET,EH6 8HQ,1884
327009.7749,675869.125600001,vacant, ,Class 1,Vacant,Class 1,Class 1,20 DUKE STREET,EH6 8HQ,1885
327019.2302,675864.172800001,food take-away,Finnegan's,Class 1,Class 1,Class 1,Class 2,22 DUKE STREET,EH6 8HQ,1886
327100.1073,675816.856899999,hairdresser,Steelie's Unisex Hair Stylist,Vacant,Class 1,Class 1, , , ,1887
327103.322,675814.0712,vacant, ,Vacant,Vacant, , , , ,1888
327107.2504,675810.9285,vacant, ,Vacant,Vacant, , , , ,1889
327110.3213,675807.8215,vacant, ,Vacant,Vacant, , , , ,1890
327114.2498,675804.2859,vacant, ,Vacant,Vacant, , , , ,1891
327121.9642,675798.357100001,butcher (offal),Aikman's,Class 1,Class 1, , , , ,1892
327131.8569,675790.3213,vacant, ,Class 1,Vacant, , , , ,1893
327134.6068,675786.785700001,vacant, ,Class 1,Vacant,Class 2,Class 2,106 DUKE STREET,EH6 8HL,1894
327154.0,675766.8927,embroidery,Diane Summerville,Class 4,Class 4,Class 1,Class 1,110 DUKE STREET,EH6 8HR,1895
327155.9642,675764.535599999,converted to residential, ,Class 1,Class 9, , , , ,1896
327158.3213,675761.785700001,converted to residential, ,SUI GENERIS,Class 9, , , , ,1897
327163.7499,675756.7499,vacant, ,Class 1,Vacant,Class 4,Class 4,120 DUKE STREET,EH6 8HR,1898
327166.107,675754.0,vacant, ,Class 1,Vacant,Vacant,Vacant,124 DUKE STREET,EH6 8HR,1899
327170.6072,675748.4998,clothing alterations,Stitch 'n' Zip,Class 4,Class 1,Class 1,Vacant,126 DUKE STREET,EH6 8HR,1900
327173.3571,675745.357100001,food take-away,New City,SUI GENERIS,Class 1,SUI GENERIS,SUI GENERIS,130 DUKE STREET,EH6 8HR,1901
327176.107,675741.8215,butcher,John Forrest,Class 1,Class 1, , , , ,1902
327181.7857,675736.3213,hairdresser,Raymond McGill,Class 1,Class 1,Class 1,Class 1,134 DUKE STREET,EH6 8HR,1903
327185.7141,675731.6072,restaurant,Lahore Tandoori,Class 4,Class 3,Class 3,Class 3,138-140 DUKE STREET,EH6 8HR,1904
327194.3928,675722.035399999,public house,The Carldon Lounge,SUI GENERIS,SUI GENERIS, , , , ,1905
327196.7499,675718.4998,pets & pet supplies,Pets & Things,Class 1,Class 1,Class 1,Class 1,146 DUKE STREET,EH6 8HR,1906
327199.8927,675714.964199999,food take-away,Just-a-Bite,Class 1,Class 1,Class 1,Class 3,148 DUKE STREET,EH6 8HR,1907
327204.3245,675710.6557,"trophies, engraving",Links Engraving Co.,Class 1,Class 1,Class 1,Class 1,150 DUKE STREET,EH6 8HR,1908
327207.6524,675705.3311,food take-away,LB's Bakery,Class 1,Class 1,Class 1,Class 1,152 DUKE STREET,EH6 8HR,1909
326548,673488,unknown - poss. private storage, ,Vacant,UNKNOWN USE,Vacant,Vacant,65 DUMBIEDYKES ROAD,EH8 9UT,1910
326547,673474,grocer,Dumbiedykes Licensed Grocers,Class 1,Class 1,Class 1,Class 1,67 DUMBIEDYKES ROAD,EH8 9UT,1911
320444.8293,670445.2195,grocer,Aikman & Ross,Vacant,Class 1,Class 1,Class 9, , ,1912
320660.0854,670155.7805,supermarket,Tesco,Class 1,Class 1,Class 1,Vacant,15 DUMBRYDEN ROAD,EH14 2AF,1913
325269.9879,674342.820699999,furniture design,Tangram,Class 1,Class 1,Class 1,Class 1,3 DUNDAS STREET,EH3 6QG,1914
325268.5138,674347.218900001,restaurant,Winterglen, ,Class 3,Class 3,Vacant,3A DUNDAS STREET,EH3 6QG,1915
325264.9758,674354.884500001,vacant, ,Class 1,Vacant,Class 2,Class 2,7 DUNDAS STREET,EH3 6QG,1916
325263.2697,674361.136499999,hairdresser,Ritz Hair & Beauty,Class 1,Class 1,Class 1,Class 1,9 DUNDAS STREET,EH3 6QG,1917
325262.2189,674370.474099999,restaurant,Keepers,SUI GENERIS,Class 3,Class 3,Class 3,13B DUNDAS STREET,EH3 6QG,1918
325260.7448,674375.781099999,office,New Town Conservation Committee,Class 1,Class 2, , , , ,1919
325257.6931,674389.0,property managers,Dickins,Class 1,Class 4,Class 2,Class 2,17(GF) DUNDAS STREET,EH3 6QG,1920
325255.0396,674398.462099999,restaurant (Chinese),Kweilin Cantonese Restaurant,Class 3,Class 3,Class 3,Class 3,19(GF) DUNDAS STREET,EH3 6QG,1921
325245.8086,674428.872400001,florist,New Town Flower Shop,Class 1,Class 1,Class 1,Class 1,23A DUNDAS STREET,EH3 6QQ,1922
325244.6293,674432.115499999,antiques,Adam Antiques,Class 1,Class 1, ,Class 2,23(C) DUNDAS STREET,EH3 6QQ,1923
325243.45,674435.9483,books,West & Wilde,Class 1,Class 1, ,Vacant,23(D) DUNDAS STREET,EH3 6QQ,1924
325240.3983,674446.449999999,vacant, ,Class 1,Vacant, , , , ,1925
325234.4103,674473.9241,n/t/c & grocer,Hamid Store Newsagents,Class 1,Class 1, , , , ,1926
325233.5259,674476.872400001,records,Avalanche Records,Class 1,Class 1, , , , ,1927
325232.0517,674481.2948,photo processing,City Lab,Class 1,Class 1,Class 4,Class 1,35 DUNDAS STREET,EH3 6QQ,1928
325231.1672,674484.832800001,carpets & rugs,Karabach Rugs,Vacant,Class 1,Class 1,Class 1,35A DUNDAS STREET,EH3 6QQ,1929
325229.9879,674488.6655,joiners,Lumsden & Ross,Class 4,Class 4,UNKNOWN USE,UNKNOWN USE,37 DUNDAS STREET,EH3 6QQ,1930
325227.7052,674494.6414,books,Pringle,Class 1,Class 1,Class 1,Class 1,39 DUNDAS STREET,EH3 6QQ,1931
325226.5259,674499.0638,fine art,Gallery 41,Class 1,Class 1,Class 1,Class 1,41 DUNDAS STREET,EH3 6QQ,1932
325225.5017,674503.4103,antiques,James Scott Antiques,Class 1,Class 1,Class 1,Class 1,43 DUNDAS STREET,EH3 6QQ,1933
325213.3862,674539.6293,grocer,Keen Kost,Class 1,Class 1,Class 1,Class 1,45 DUNDAS STREET,EH3 6RS,1934
325212.2069,674543.756899999,hairdresser,New Town Hair Studio,Class 1,Class 1,Class 1,Class 4,47 DUNDAS STREET,EH3 6RS,1935
325211.3224,674547.884500001,antiques,The Thrie Estaits,Class 1,Class 1,Class 1,Class 1,49 DUNDAS STREET,EH3 6RS,1936
325204.1551,674570.3586,antiques,Unicorn Antiques,Class 1,Class 1,Class 1,Class 1,65 DUNDAS STREET,EH3 6RS,1937
325202.9758,674573.6017,office,n/a,Class 1,Class 4,Class 4,Class 4,65B DUNDAS STREET,EH3 6RS,1938
325195.912,674598.550000001,kitchenware,The Kitchen Lady,Class 1,Class 1,Class 1,Class 1,77 DUNDAS STREET,EH3 6RS,1939
325178.7381,674666.6931,veterinary surgery,Dundas Veterinary Group,Class 2,Class 2,Class 2,Class 2,99 DUNDAS STREET,EH3 6SD,1940
325177.7992,674670.465700001,chemist,Fisher Pharmacy,Class 1,Class 1,Class 1,Class 1,101 DUNDAS STREET,EH3 6SD,1941
325176.4996,674673.998,antiques,Letham Fine Arts,Class 4,Class 1,Class 1,Vacant,103 DUNDAS STREET,EH3 6SD,1942
325236.858,674329.388499999,delicatessen,Glass & Thompson,Class 4,Class 1,Class 1,Class 1,2 DUNDAS STREET,EH3 6HZ,1943
325227.0435,674362.159399999,fine art,Malcolm Innes Gallery,Class 1,Class 1,Class 1,Class 1,4 DUNDAS STREET,EH3 6HZ,1944
325233.3972,674344.637599999,antiques & fine art,Bourne,Class 1,Class 1,Class 1,Class 1,6 DUNDAS STREET,EH3 6HZ,1945
325220.8281,674383.637599999,antiques,The Edinburgh Gallery,Class 1,Class 1,Class 1,Class 1,18A DUNDAS STREET,EH3 6HZ,1946
325219.7073,674388.1208,artists supplies,Greyfriars Art Shop,Class 1,Class 1,Class 1,Class 1,20 DUNDAS STREET,EH3 6HZ,1947
325218.3624,674393.052200001,"records, tapes, cds",Aria,Class 1,Class 1,Class 1,Class 1,20A DUNDAS STREET,EH3 6HZ,1948
325211.9489,674418.655099999,fine art,Hanover Fine Arts,Class 1,Class 1,Class 1,Class 1,22A DUNDAS STREET,EH3 6JN,1949
325202.0348,674451.207900001,drawing supplies,Millers Graphic Centres,Class 1,Class 1,Class 1,Class 1,28A DUNDAS STREET,EH3 6JN,1950
325195.4218,674473.9958,"furniture, antiques",Just Chairs (Tim Kerr),Class 1,Class 1, , , , ,1951
325193.1654,674480.652799999,solicitors,Marwicks,Class 2,Class 2, ,Class 2,38-40 DUNDAS STREET,EH3 6JN,1952
325192.1075,674484.3553,clock repairs,William Mitchell,Class 4,Class 1,Class 1,Class 1,42 DUNDAS STREET,EH3 6JN,1953
325120.0489,674749.7763,gents clothing,Capital Menswear,Class 1,Class 1,Class 1,Class 1,122-124 DUNDAS STREET,EH3 5DQ,1954
325118.6391,674754.945499999,vacant, ,Class 1,Vacant,Class 1,Class 1,126 DUNDAS STREET,EH3 5DQ,1955
325117.2293,674759.6447,food take-away,Finnegan's Sandwich Bar,SUI GENERIS,Class 1,Class 1,Class 1,130 DUNDAS STREET,EH3 5DQ,1956
325116.0545,674765.048900001,vacant, ,Class 1,Vacant,Class 1,Class 1,132 DUNDAS STREET,EH3 5DQ,1957
325114.2293,674771.2951,books,The New Town Paperback,Class 1,Class 1,Class 1,Vacant,136 DUNDAS STREET,EH3 5DQ,1958
325112.8196,674775.759400001,hot food take-away,T. Jays,SUI GENERIS,SUI GENERIS,SUI GENERIS,SUI GENERIS,138 DUNDAS STREET,EH3 5DQ,1959
325111.6447,674780.2237,public house,Clark's Bar,SUI GENERIS,SUI GENERIS,SUI GENERIS,SUI GENERIS,142 DUNDAS STREET,EH3 5DQ,1960
325109.6391,674786.830800001,wine merchant,The Wine Basket,Class 1,Class 1,Class 1,Vacant,144 DUNDAS STREET,EH3 5DQ,1961
325108.4643,674791.2951,restaurant & hot food take-away,Darjeeling,SUI GENERIS,Class 3,Class 3,Vacant,146 DUNDAS STREET,EH3 5DQ,1962
327034.6669,675325.952299999,hot food take-away,St. Clair's Bakery,Class 4,SUI GENERIS,SUI GENERIS,SUI GENERIS,275 EASTER ROAD,EH6 8LQ,1963
327033.7146,675320.619200001,hot food take-away (Indian),Calcutta,Class 1,SUI GENERIS, , , , ,1964
327035.7146,675331.1908,videotape hire,Select Video,Class 4,Class 1,Class 1,Class 1,281 EASTER ROAD,EH6 8LQ,1965
327037.81,675340.620100001,wine merchant,Victoria Wine,Class 1,Class 1,Class 1,Vacant,283-285 EASTER ROAD,EH6 8LQ,1966
327038.81,675346.905400001,plastic sheeting & signs,Easter Road Plastics,Class 1,Class 1,Class 1,Class 1,289 EASTER ROAD,EH6 8LQ,1967
327040.8577,675370.856899999,public house,Coopers Rest,SUI GENERIS,SUI GENERIS,SUI GENERIS,SUI GENERIS,291-293 EASTER ROAD,EH6 8LH,1968
327042.4293,675376.619200001,children's nursery,Edinburgh Creche Co-op,Class 1,Class 10,Class 10,Class 10,297 EASTER ROAD,EH6 8LH,1969
327049.2862,675411.4285,grocer,S.N. Nabi,Class 1,Class 1,Class 1,Class 1,307 EASTER ROAD,EH6 8LH,1970
327088.7146,675521.7138,tattoo studio,Blue Tiger Tattoo,Class 1,Class 1,Class 2,Class 4,343 EASTER ROAD,EH6 8JG,1971
327091.3339,675528.523800001,public house,Shades,SUI GENERIS,SUI GENERIS,SUI GENERIS,Class 9, , ,1972
327024.8494,675809.545499999,supermarket - large,Scotmid, ,Class 1,Class 1,Class 1,379 EASTER ROAD,EH6 8HU,1973
327200.2435,675696.983999999,n/t/c,Easter Road Newsagents,Class 1,Class 1,Vacant,Class 9, , ,1974
327203.9642,675701.6105,shoe repairs / key cutting,Feet 1st,Vacant,Class 1,Class 1,Class 1,387 EASTER ROAD,EH6 8HU,1975
326935.3034,674482.606899999,n/t/c,Alex,Class 1,Class 1,Vacant,Class 1,4 EASTER ROAD,EH7 5RG,1976
326938.2118,674496.4256,frozen food,Iceland,Class 1,Class 1,Class 1,Class 1,8-10 EASTER ROAD,EH7 5RG,1977
326940.0,674506.395,greengrocer,Scoop 'n' Fruit,Class 1,Class 1,Class 1,Class 1,12 EASTER ROAD,EH7 5RG,1978
326940.4847,674511.2424,vacant, ,Class 1,Vacant,Class 1,Vacant,14 EASTER ROAD,EH7 5RG,1979
326941.2118,674516.5744,florist,Clare,Class 1,Class 1,Vacant,Class 1,18-20 EASTER ROAD,EH7 5RG,1980
326942.1832,674523.9103,grocer,Dryburgh,Class 1,Class 1,Class 1,Class 1,22-24 EASTER ROAD,EH7 5RG,1981
326942.7576,674529.2118,hot food take-away (Chinese),Lotus House,SUI GENERIS,SUI GENERIS,SUI GENERIS,SUI GENERIS,28 EASTER ROAD,EH7 5RG,1982
326943.4847,674533.3321,domestic appliances,City Domestics,Class 1,Class 1,Class 1,Class 1,30 EASTER ROAD,EH7 5RG,1983
326944.0305,674539.606899999,florist,S.E.A. Florist,Class 1,Class 1,Class 1,Class 2,32 EASTER ROAD,EH7 5RG,1984
326944.5153,674543.0,vacant, ,Class 1,Vacant,Class 1,Class 1,34 EASTER ROAD,EH7 5RG,1985
326945.2424,674546.150800001,café,The 38 Café,Vacant,Class 3,Class 3,Class 3,38 EASTER ROAD,EH7 5RG,1986
326945.7271,674549.7863,vacant, ,Vacant,Vacant,Class 4,Class 1,40 EASTER ROAD,EH7 5RG,1987
326946.4256,674556.0,fishmonger,J. Gowans,Class 1,Class 1,Class 1,Class 1,42 EASTER ROAD,EH7 5RG,1988
326946.6679,674559.393100001,n/t/c,Citipress,Class 1,Class 1,Vacant,Class 2,46 EASTER ROAD,EH7 5RG,1989
326947.1527,674562.5439,hairdresser,Chique,Class 1,Class 1,Class 1,Vacant,48 EASTER ROAD,EH7 5RG,1990
326947.9408,674567.576300001,vacant, ,Class 1,Vacant,Class 1,Class 1,50 EASTER ROAD,EH7 5RQ,1991
326948.1832,674571.2118,grocer,A & A Foodstore,Class 1,Class 1,Class 1,Class 1,52 EASTER ROAD,EH7 5RQ,1992
326948.9103,674578.240499999,fancy goods,A & A,Class 1,Class 1, , , , ,1993
326949.1202,674581.334000001,chemist,Low Price Drug Store, ,Class 1, , , , ,1994
326949.4256,674586.4542,bank,Bank of Scotland,Class 1,Class 2,Class 2,Class 2,88 EASTER ROAD,EH7 5RQ,1995
325106.3496,674799.048900001,betting shop,Lester Racing,Class 1,Class 2,Class 2,Vacant,152 DUNDAS STREET,EH3 5DQ,1996
325104.8139,674803.885299999,hairdresser,Jones,Class 1,Class 1,Class 3,Class 3,154 DUNDAS STREET,EH3 5DQ,1997
325103.8741,674806.7049,n/t/c & grocer,M. & L. Gallacher,Class 1,Class 1, , , , ,1998
325102.6993,674810.464299999,grocer & n/t/c,M. & L. Gallacher,Class 1,Class 1, , , , ,1999
325101.7594,674813.5188,grocer,Food for Cash,Class 1,Class 1,Class 1,Class 3,160 DUNDAS STREET,EH3 5DQ,2000
325092.9888,674836.0658,residential, ,Class 1,Class 9, , , , ,2001
325090.8741,674843.819599999,sauna,Dundas Street Sauna,Class 11,Class 11,Class 11,Class 11,168 DUNDAS STREET,EH3 5DT,2002
324052.9071,672604.7214,grocer,Sandher & Sons,Class 1,Class 1,Class 1,Class 1,117 DUNDEE STREET,EH11 1AX,2003
324048.3715,672602.453600001,hot food take-away,First Choice International,SUI GENERIS,SUI GENERIS,SUI GENERIS,SUI GENERIS,119 DUNDEE STREET,EH11 1AX,2004
324019.6823,672587.114399999,public house,The Fountain,SUI GENERIS,SUI GENERIS,SUI GENERIS,SUI GENERIS,131 DUNDEE STREET,EH11 1AX,2005
323974.4428,672567.1642,betting shop,Mark Robbins,Class 2,Class 2,Class 2,Class 2,139 DUNDEE STREET,EH11 1BP,2006
323970.8143,672565.3499,sandwich bar,Mange Tout,Class 2,Class 1,Class 1,Class 1,143 DUNDEE STREET,EH11 1BP,2007
323963.5572,672562.175000001,hot food take-away,Spice of Life,Class 3,SUI GENERIS, , , , ,2008
323956.3001,672559.0,hot food take-away,Spice of Life,Class 1,SUI GENERIS, , , , ,2009
323952.0929,672557.175000001,vacant, ,Class 1,Vacant,Class 1,Vacant,151 DUNDEE STREET,EH11 1BP,2010
323948.0108,672554.907099999,n/t/c & grocer,Nadeem,Class 1,Class 1,Class 1,Vacant,153 DUNDEE STREET,EH11 1BP,2011
323926.0,672544.546399999,vacant, ,Vacant,Vacant,Vacant,Class 1,155 DUNDEE STREET,EH11 1BP,2012
323926,672545,videotape hire,D & D Video Star Ltd.,Class 1,Class 1,Class 1,Class 1,157 DUNDEE STREET,EH11 1BY,2013
323920.3715,672541.978499999,sauna,1st Choice,SUI GENERIS,Class 11,SUI GENERIS,SUI GENERIS,159 DUNDEE STREET,EH11 1BY,2014
323916.6393,672540.0821,hot food take-away (Indian),Taj Express, ,SUI GENERIS,SUI GENERIS,SUI GENERIS,161 DUNDEE STREET,EH11 1BY,2015
323912.5572,672538.2678,vacant, ,Class 1,Vacant,Class 2,Class 4,165 DUNDEE STREET,EH11 1BY,2016
323902.1251,672533.2786,central heating showroom,Cairn Heat (Edin) Ltd.,Class 1,Class 1, , , , ,2017
323896.6393,672530.6285,hairdresser,Joolz,Class 1,Class 1,Class 1,Class 1,175 DUNDEE STREET,EH11 1BY,2018
324869.0033,672996.003799999,chemist,Boots,Class 1,Class 1, ,Class 1,12-14 EARL GREY STREET,EH3 9BN,2019
324864.7513,673001.7565,furniture,Savoy Bed & Suite Centre,Class 1,Class 1,Class 1,Class 1,16-20 EARL GREY STREET,EH3 9BN,2020
324844.2587,673031.2487,carpets,General George,Class 1,Class 1, ,Class 1,32 EARL GREY STREET,EH3 9BN,2021
324841.0071,673035.500700001,clothing,Zip Up Casual Wear,Class 1,Class 1,Vacant,Class 1,36 EARL GREY STREET,EH3 9BN,2022
324837.0052,673041.2535,vacant, , ,Vacant,Vacant,Class 2, , ,2023
324833.2458,673047.0143,n/t/c,Earl Grey Newsagent,Class 1,Class 1,Vacant,Class 1,44 EARL GREY STREET,EH3 9BN,2024
324825.7508,673054.999500001,building society,Halifax,Class 2,Class 2,Vacant,Class 3,48 EARL GREY STREET,EH3 9BN,2025
327177.1503,674438.6535,grocer & wine merchant,Mace,Class 1,Class 1,Class 1,Class 1,3 EARLSTON PLACE,EH7 5SU,2026
327181.7451,674437.784299999,chiropodist,F.J. Baxter,Class 1,Class 2, , , , ,2027
327186.4641,674436.914999999,plumbers,Eastern Plumbing Co.,Class 1,Class 4,Class 11,Class 1,5 EARLSTON PLACE,EH7 5SU,2028
327195.0,674435.405200001,vacant, ,Class 1,Vacant,Class 1,Vacant,6 EARLSTON PLACE,EH7 5SU,2029
327200.7125,674434.5359,hot food take-away,North Sea Take-Away,SUI GENERIS,SUI GENERIS,SUI GENERIS,SUI GENERIS,8 EARLSTON PLACE,EH7 5SU,2030
327230.6274,674427.914999999,office,The Action Group,Class 2,Class 4,Class 1,Class 1,12 EARLSTON PLACE,EH7 5SU,2031
325808.3418,675317.684599999,vacant, ,Class 1,Vacant,Class 1,Class 1,131 EAST CLAREMONT STREET,EH7 4JA,2032
325813.0784,675328.341800001,public house,The Claremont,SUI GENERIS,SUI GENERIS,SUI GENERIS,SUI GENERIS,133-135 EAST CLAREMONT STREET,EH7 4JA,2033
325691.6616,674965.3354,grocer,M & A Store,Class 1,Class 1,Class 1,Class 1,34 EAST CLAREMONT STREET,EH7 4JR,2034
325693.3663,674970.290999999,chiropractic clinic,S. Scott Chiropractic Clinic,Class 4,Class 2,Class 1,Class 2,36 EAST CLAREMONT STREET,EH7 4JR,2035
325694.953,674975.1403,plumbers,P & W Plumbing,Vacant,Class 4,Class 4,Class 4,38 EAST CLAREMONT STREET,EH7 4JR,2036
326222.2923,672932.707699999,records,Backbeat Records,Class 1,Class 1,Class 1,Class 1,"31 CROSSCAUSEWAY, EAST",EH8 9HE,2037
326236.2464,672932.292300001,vacant, ,Class 1,Vacant, , , , ,2038
326268.1859,672937.215,redeveloped to residential, ,Vacant,Class 9, , , , ,2039
326280.4614,672937.507300001,upholsterer,Waverley Upholstery,Vacant,Class 4,Class 4,Class 4,"53 CROSSCAUSEWAY, EAST",EH8 9HG,2040
326219.8309,672954.661800001,solicitors,Gilmore Lewis,Class 1,Class 2, ,Class 2,"54-56 CROSSCAUSEWAY, EAST",EH8 9HD,2041
326233.4927,672955.9541,solicitors,Gilmore Lewis,Class 3,Class 2, , , , ,2042
326245.5386,672957.077299999,residential, ,Class 1,Class 9, , , , ,2043
326270.0459,672956.601299999,public house,Tapsters,SUI GENERIS,SUI GENERIS,SUI GENERIS,SUI GENERIS,"74 CROSSCAUSEWAY, EAST",EH8 9HQ,2044
326276.8309,672956.661800001,vacant, ,Class 1,Vacant,Vacant,Vacant, , ,2045
326287.6451,672958.123199999,baker,The Old Fashioned Bakery,Class 1,Class 1,Vacant,Class 4,"84 CROSSCAUSEWAY, EAST",EH8 9HQ,2046
324998.6941,673164.347100001,clothing,Herman Brown,Class 1,Class 1,Class 1,Class 1,1 EAST FOUNTAINBRIDGE,EH3 9BH,2047
325006.2059,673169.170600001,musical instruments,Axis Guitars,Class 1,Class 1,Class 1,Class 1,3 EAST FOUNTAINBRIDGE,EH3 9BH,2048
325002.5882,673166.7588,vacant, ,Class 1,Vacant,Class 1,Class 3,5 EAST FOUNTAINBRIDGE,EH3 9BH,2049
325009.6117,673170.958799999,tattoo studio,Bizarre Ink,Class 1,Class 1,Class 2,Vacant,9 EAST FOUNTAINBRIDGE,EH3 9BH,2050
324994.7588,673162.135299999,hairdresser (gents),Saki & Flynn,Class 11,Class 1,Class 2,Vacant,11 EAST FOUNTAINBRIDGE,EH3 9BH,2051
324860.5017,673103.749399999,hairdresser,Jardinework,Class 1,Class 1,Class 1,Class 1,48 EAST FOUNTAINBRIDGE,EH3 9BH,2052
324855.7199,673100.483100001,restaurant (Mexican),Viva Mexico,Class 3,Class 3,Class 3,Class 3,50 EAST FOUNTAINBRIDGE,EH3 9BH,2053
325782.3507,674665.5449,launderette,Sundial,Class 1,Class 1, ,Class 3,"7-11 LONDON STREET, EAST",EH7 4BN,2054
325791.7797,674669.8695,children's nursery,Edinburgh Nursery Creche,Vacant,Class 10,Class 10,Class 10, , ,2055
325796.0,674671.168099999,n/t/c,My Data,Class 1,Class 1,Class 1, , , ,2056
325799.8956,674672.466600001,vacant, ,Class 4,Vacant,Class 2,Class 2,"17-19 LONDON STREET, EAST",EH7 4BN,2057
326012.163,674738.321900001,carpets,Edinburgh Carpet Warehouse,Class 1,Class 1, , , , ,2058
327020.9163,674434.5363,vacant, ,Class 2,Vacant, , , , ,2059
327013.5818,674436.117699999,hot food take-away,Bigger Bites,SUI GENERIS,SUI GENERIS,SUI GENERIS,SUI GENERIS,"7 NORTON PLACE, EAST",EH7 5DR,2060
327010.1046,674436.8628,vacant, ,Class 1,Vacant,Vacant,Class 1,"8 NORTON PLACE, EAST",EH7 5DR,2061
327006.7516,674437.4837,vacant, ,Class 1,Vacant,Class 1,Class 1,"9 NORTON PLACE, EAST",EH7 5DR,2062
326999.9674,674439.104599999,restaurant,Cappuccino's,Class 3,Class 3,Class 1,Class 1,"11 NORTON PLACE, EAST",EH7 5DR,2063
326993.8823,674440.3465,office,Castle Group,Class 1,Class 4,Class 4,Class 2,"13 NORTON PLACE, EAST",EH7 5DR,2064
326987.0328,674441.9739,post office,Post Office,Class 1,Class 1,Class 1,Class 1,"14-15 NORTON PLACE, EAST",EH7 5DR,2065
326981.5687,674442.8432,dry cleaner,Edinburgh Dry Cleaners,Class 1,Class 1,Vacant,Class 1,"17 NORTON PLACE, EAST",EH7 5DR,2066
326975.4837,674444.085000001,building society,Scottish Building Society,Class 4,Class 2, , , , ,2067
326963.1177,674446.405200001,building society,Scottish Building Society,Class 2,Class 2, , , , ,2068
326953.7582,674447.457599999,sports equipment & clothing,The Sports Basket,Class 4,Class 1,Vacant,Vacant,"25 NORTON PLACE, EAST",EH7 5DR,2069
326943.8234,674448.451099999,charity office,Edinburgh University Settlement,Class 1,Class 4,Class 2,Class 2,"27 NORTON PLACE, EAST",EH7 5DR,2070
326930.2679,674449.8236,confectionery,Casey's,Class 1,Class 1,Class 1,Class 2,"28 NORTON PLACE, EAST",EH7 5DR,2071
326452,672407,café,Chatterbox,Class 3,Class 3,Class 3,Class 3,1 EAST PRESTON STREET,EH8 9QQ,2072
326606.2464,672469.9541,residential, ,Class 1,Class 9, , , , ,2073
326610.309,672470.7996,residential, ,Class 1,Class 9, , , , ,2074
325364.1053,676713.5579,office,n/a,Class 1,Class 4,Vacant,Class 9, , ,2075
325359.8526,676712.8421,office & window cleaning servs,n/a,Class 4,Class 4,Class 4,Class 4,3A EAST TRINITY ROAD,EH5 3DZ,2076
325354.7579,676712.378900001,"fancy dress hire, militaria",Kit Bag,Class 4,Class 1,Class 4,Class 1,3B EAST TRINITY ROAD,EH5 3DZ,2077
325301.2843,676721.6316,architects,Margaret Lynn & Associates,Class 4,Class 4,Class 4,Class 4,10-14 EAST TRINITY ROAD,EH5 3DY,2078
325291.0948,676717.463199999,grocer (lic.) and general store,W.D. Johnstone,Class 1,Class 1,Class 1,Class 1,16-20 EAST TRINITY ROAD,EH5 3DY,2079
325210.6842,676662.5474,vacant, ,Class 1,Vacant,Class 1,Class 1,44A EAST TRINITY ROAD,EH5 3DJ,2080
322483.5121,675437.526799999,vacant, ,Class 1,Vacant,Vacant,Class 1,18 EASTER DRYLAW BANK,EH4 2QN,2081
322481.496,675444.4153,glaziers,J & W Glazing,Class 1,Class 4,Class 4,Class 9, , ,2082
322479.8158,675450.4637,grocer,Bobs,Class 1,Class 1,Vacant,Class 4,24 EASTER DRYLAW BANK,EH4 2QN,2083
322478.4718,675456.3441,fishmonger,J.R. Gowans,Class 1,Class 1,Class 1,Class 1,26 EASTER DRYLAW BANK,EH4 2QN,2084
322476.7916,675462.5605,vacant, ,Class 1,Vacant,Vacant,Class 9, , ,2085
322475.1115,675468.4409,butcher,Drylaw Butchers,Class 1,Class 1, , , , ,2086
322439.7897,675595.0,grocer,Pick N Save,Vacant,Class 1, ,Class 4,24-26 EASTER DRYLAW PLACE,EH4 2QF,2087
322423.3306,675582.9323,vacant, ,Class 1,Vacant, , , , ,2088
326920.8492,674532.120200001,videotape hire,VIP Video,Class 1,Class 1,Class 1,Class 1,1B EASTER ROAD,EH7 5PH,2089
326921.5763,674538.906500001,optician,20/20 Opticians,Vacant,Class 1,Class 1,Class 1,1C-3 EASTER ROAD,EH7 5PH,2090
326922.9695,674547.7576,baker,Crawfords,Class 1,Class 1,Vacant,Vacant, , ,2091
326923.2118,674552.8473,dry cleaner,Klick / Munro,Vacant,Class 1,Class 1,Class 1,7 EASTER ROAD,EH7 5PH,2092
326926.7252,674587.274800001,bank,Clydesdale Bank,Class 2,Class 2,Class 2,Class 2,11-15 EASTER ROAD,EH7 5PJ,2093
326930.0,674599.4561,videotape hire,Prime Time,Class 1,Class 1,Class 1,Class 1,17 EASTER ROAD,EH7 5PJ,2094
326930.4847,674603.334000001,wine merchant,Easter Road Wine & Spirits,Class 1,Class 1,Class 1,Class 1,19 EASTER ROAD,EH7 5PJ,2095
326930.7271,674607.2118,dry cleaner,Express,Class 1,Class 1,Class 1,Class 1,23 EASTER ROAD,EH7 5PJ,2096
326931.4542,674611.0897,charity  shop,Lothian Cat Rescue,Class 1,Class 1,Class 1,Class 1,25 EASTER ROAD,EH7 5PJ,2097
326931.9389,674617.091600001,wine merchant,Thresher,Class 1,Class 1,Class 1,Vacant,27-29 EASTER ROAD,EH7 5PJ,2098
326932.666,674621.2118,sports equipment & clothing,Marshalls Sports,Class 1,Class 1,Vacant,Class 1,33 EASTER ROAD,EH7 5PJ,2099
326933.1508,674626.3015,mens clothing & suit hire,Bowdens,Class 1,Class 1,Class 1,Class 1,35(1)-37 EASTER ROAD,EH7 5PJ,2100
326934.1508,674635.9408,greeting cards,Best Wishes,Class 1,Class 1,Class 1,Class 2,39 EASTER ROAD,EH7 5PL,2101
326935.1202,674642.2424,solicitors & estate agents,Valente McCombie & Hunter,Class 2,Class 2,Class 2,Class 2,43-45 EASTER ROAD,EH7 5PL,2102
326935.9695,674651.4256,dental surgery,Dentist,Class 2,Class 2,Class 2,Class 2, , ,2103
326936.4542,674655.303400001,hairdresser,Trimmers,Class 1,Class 1,Class 1,Class 1,49 EASTER ROAD,EH7 5PL,2104
326936.9389,674659.181299999,ladies clothing,Fashion World,Class 1,Class 1,Class 1,Class 1,53 EASTER ROAD,EH7 5PL,2105
326937.4237,674663.3015,butcher,McKellar,Class 1,Class 1,Class 2,Class 2,55 EASTER ROAD,EH7 5PL,2106
326938.8168,674670.091600001,printers,Keyprint,Vacant,Class 4,Class 1,Class 1,57 EASTER ROAD,EH7 5PL,2107
326939.5439,674674.696599999,grocer,M & A Foodstore,Class 1,Class 1,Class 1,Class 1,59 EASTER ROAD,EH7 5PL,2108
326940.271,674682.937000001,vacant, ,Class 2,Vacant,Class 2,Class 2,63-65 EASTER ROAD,EH7 5PL,2109
326943.9981,674703.9103,public house,Middletons,SUI GENERIS,SUI GENERIS,SUI GENERIS,SUI GENERIS,69 EASTER ROAD,EH7 5PW,2110
326944.7252,674708.2729,betting shop,GB Racing,Class 1,Class 2,Class 2,Class 1,73 EASTER ROAD,EH7 5PW,2111
326945.4523,674712.877900001,books,Bobbie's Bookshop,Class 1,Class 1,Vacant,Class 1,75 EASTER ROAD,EH7 5PW,2112
326945.937,674717.240499999,charity  shop,Edinburgh Volunteer Exchange,Class 1,Class 1,Class 1,Class 1,77-79 EASTER ROAD,EH7 5PW,2113
326946.8779,674723.091600001,n/t/c,Mr. News,Class 1,Class 1,Vacant,Vacant,81 EASTER ROAD,EH7 5PW,2114
326947.605,674728.181299999,launderette,Luxury Speed Wash,Class 1,Class 1,Class 1,Class 1,85 EASTER ROAD,EH7 5PW,2115
326948.3321,674733.7557,hot food take-away,Shapla,Class 1,SUI GENERIS,SUI GENERIS,SUI GENERIS,87 EASTER ROAD,EH7 5PW,2116
326949.2424,674740.9408,greengrocer,The Fruit Box,Vacant,Class 1,Vacant,Vacant,89 EASTER ROAD,EH7 5PW,2117
326949.7271,674744.818700001,hairdresser,Barbers (His & Hers),Vacant,Class 1,Class 1,Class 1,91 EASTER ROAD,EH7 5PW,2118
326950.2118,674748.938899999,grocer,John & Pat's General Stores (Lifestyle),Class 1,Class 1,Class 1,Class 1,95 EASTER ROAD,EH7 5PW,2119
326950.9389,674752.8168,vacant, ,Class 1,Vacant,Class 4,Class 2,97 EASTER ROAD,EH7 5PW,2120
326951.9084,674758.334000001,financial services,Capital Cheques plc,Class 1,Class 2,Class 1,Class 1,99 EASTER ROAD,EH7 5PP,2121
326952.6355,674762.938899999,videotape hire,Movie Tec Video,Class 1,Class 1,SUI GENERIS,Vacant,101 EASTER ROAD,EH7 5PP,2122
326953.1202,674767.5439,betting shop,Ladbrokes,Class 2,Class 2,Vacant,Class 2,105-107 EASTER ROAD,EH7 5PP,2123
326958.605,674803.271,hot food take-away,Rose Garden,SUI GENERIS,SUI GENERIS,SUI GENERIS,SUI GENERIS,127 EASTER ROAD,EH7 5PP,2124
326961.4237,674824.0305,vacant, ,Class 1,Vacant, , , , ,2125
326967.9389,674870.818700001,restaurant (Italian),Ristorante Tinelli,Class 3,Class 3,Class 3,Class 3,139 EASTER ROAD,EH7 5QA,2126
326974.2204,674951.1732,service station (& shop),Gulf, ,SUI GENERIS, , , , ,2127
326977,674981,grocer,Khayyam's Stores,Class 1,Class 1,Class 1,Class 1,169 EASTER ROAD,EH7 5QB,2128
326985.063,675013.5669,vacant, ,Vacant,Vacant, , , , ,2129
326989.2599,675051.370100001,unknown, ,UNKNOWN USE,UNKNOWN USE,Vacant,Vacant,177-185 EASTER ROAD,EH6 8LF,2130
326991.8032,675067.370100001,furniture,James Thomas Furniture CEntre,Class 1,Class 1,Class 1,Class 1,187-193 EASTER ROAD,EH6 8LF,2131
326993.5197,675080.110200001,vacant, ,Class 1,Vacant,Vacant,Vacant,197-199 EASTER ROAD,EH6 8LF,2132
326994.6063,675087.716499999,public house,Iona Bar,SUI GENERIS,SUI GENERIS,SUI GENERIS,SUI GENERIS,203 EASTER ROAD,EH6 8LF,2133
326950.6374,674594.452299999,vacant, ,Class 1,Vacant, , , , ,2134
326951.8492,674602.9351,chemist,Tarbit Pharmacy,Class 1,Class 1,Vacant, , , ,2135
326954.5782,674621.818700001,solicitors & estate agents,Shield & Kidd,Class 2,Class 2, , , , ,2136
326955.7901,674628.605,solicitors & estate agents,Shield & Kidd,Class 1,Class 2, , , , ,2137
326956.3645,674634.061100001,baker,Greggs,Class 1,Class 1,Class 1,Class 1,106 EASTER ROAD,EH7 5RH,2138
326957.0916,674639.877900001,restaurant,Ristorante Pellicano,Class 3,Class 3,Class 11,Class 11,110-112 EASTER ROAD,EH7 5RH,2139
326958.7595,674653.271,supermarket,Scotmid,Class 1,Class 1,Class 1,Class 1,114-118 EASTER ROAD,EH7 5RH,2140
326964.0324,674680.5458,hot food take-away,Giovanni,SUI GENERIS,SUI GENERIS, , , , ,2141
326965.2443,674688.7863,restaurant & hot food take-away,The Tiffin,Class 3,Class 3, , , , ,2142
326966.5153,674699.181299999,pets & pet supplies,Capital Pets,Class 1,Class 1,Class 1,Class 1,134 EASTER ROAD,EH7 5RJ,2143
326967.0,674703.0592,books,Eye Browse,Class 4,Class 1,Class 1,Vacant,136 EASTER ROAD,EH7 5RJ,2144
326967.8492,674708.1832,butcher,G.G. Lang & Sons,Class 1,Class 1,Class 1,Class 2,138-140(GF) EASTER ROAD,EH7 5RJ,2145
326968.334,674712.061100001,hairdresser,Barbers Shop,Class 1,Class 1,Class 1, ,144 EASTER ROAD,EH7 5RJ,2146
326968.8187,674715.4542,hot food take-away,Turkish Kebab,SUI GENERIS,SUI GENERIS,SUI GENERIS, ,146 EASTER ROAD,EH7 5RJ,2147
326970.0,674724.5458,furniture (antique & reproduction),J. Casson,Class 1,Class 1,Class 1,Class 1,148 EASTER ROAD,EH7 5RL,2148
326970.4847,674728.665999999,vacant, ,Class 1,Vacant,Class 1,Class 1,150 EASTER ROAD,EH7 5RL,2149
326971.2118,674732.7863,public house,The Thistle,SUI GENERIS,SUI GENERIS, , , , ,2150
326972.6374,674745.5744,chemist,Wade's Pharmacy,Class 1,Class 1,Class 1,Vacant,162 EASTER ROAD,EH7 5RL,2151
326991.334,674851.547700001,"security equipment, locks",Key & Security Centre,Class 4,Class 1,Vacant,Vacant, , ,2152
326991.8187,674856.1527,car parts,ABS Auto Parts (Motor Factors),Class 4,Class 1,Vacant,Class 1,178 EASTER ROAD,EH7 5QQ,2153
326992.5458,674860.2729,vacant, ,Vacant,Vacant,Vacant,Vacant,178A EASTER ROAD,EH7 5QQ,2154
326993.0305,674864.393100001,vacant, ,Vacant,Vacant,Class 1,Class 2,180 EASTER ROAD,EH7 5QQ,2155
326994.0,674868.9981,vacant, ,Vacant,Vacant,Class 1,Class 1,184 EASTER ROAD,EH7 5QQ,2156
327001.7637,674928.110200001,poulterer,Cooked Chicks,Class 1,Class 1,Class 1,Class 1,190 EASTER ROAD,EH7 5QH,2157
327002.307,674933.0,vacant, ,Class 1,Vacant, , , , ,2158
326149.0901,676367.3643,vacant, ,Vacant,Vacant,Vacant,SUI GENERIS,124 FERRY ROAD,EH6 4PG,2159
326146.2623,676366.911800001,hot food take-away (Chinese),Hung Fung,Vacant,SUI GENERIS,SUI GENERIS, , , ,2160
326136.6702,676365.1099,n/t/c & grocer,Ahmed,Class 1,Class 1, ,Class 1,124A FERRY ROAD,EH6 4PG,2161
326130.3131,676363.642899999,vacant, ,Class 4,Vacant,Class 1,Class 1,130 FERRY ROAD,EH6 4PG,2162
326124.445,676362.664899999,florist,Elaine's,Class 1,Class 1,Class 1,Class 1,132 FERRY ROAD,EH6 4PG,2163
326103.967,676356.609999999,vacant, ,Class 4,Vacant,SUI GENERIS,SUI GENERIS,134 FERRY ROAD,EH6 4PQ,2164
326099.7968,676355.3902,t.v. & radio,Forrest & Son,Class 1,Class 1,Class 1,Class 1,136 FERRY ROAD,EH6 4PQ,2165
326095.5167,676354.4122,hairdresser,Profile,Class 1,Class 1,Vacant,Class 2,140 FERRY ROAD,EH6 4PQ,2166
326091.2969,676353.3737,grocer,Lifestyle,Class 1,Class 1,Class 1,Class 1,142 FERRY ROAD,EH6 4PQ,2167
326087.4454,676352.4066,fireplaces,Elegant Surroundings,Vacant,Class 1,Class 4,Class 4,142A FERRY ROAD,EH6 4NX,2168
326065.8241,676347.5989,office,TELIT (Thematic Evangelistic Literature),Class 1,Class 4,Class 2,Vacant,144 FERRY ROAD,EH6 4NX,2169
326060.445,676345.642899999,office,TELIT (Thematic Evangelistic Literature),Class 4,Class 4,Class 4,Class 4,144A FERRY ROAD,EH6 4NX,2170
326053.1099,676343.686899999,vacant, ,Class 1,Vacant, , , , ,2171
326012.4943,676336.044,baker,Thistle Bakery,Class 1,Class 1,Class 1,Class 4,152 FERRY ROAD,EH6 4NX,2172
326004.6702,676334.577,wine merchant,Tipples,Vacant,Class 1,Class 4,Class 4,154 FERRY ROAD,EH6 4NX,2173
327003.8504,674941.110200001,vacant, ,Class 1,Vacant,Vacant,Vacant,196 EASTER ROAD,EH7 5QH,2174
327004.937,674948.1732,residential, ,Vacant,Class 9, , , , ,2175
327008.8504,674973.6535,vacant, ,Class 1,Vacant, , , , ,2176
327009.937,674979.629899999,vacant, ,Class 2,Vacant,Class 2,Class 2,212 EASTER ROAD,EH7 5QH,2177
327010.4803,674985.062999999,public house,Four In Hand,SUI GENERIS,SUI GENERIS,SUI GENERIS,SUI GENERIS,216-218 EASTER ROAD,EH7 5QH,2178
327014.1968,675012.283500001,security services,Chattan Security,Class 4,Class 4,Class 4,Class 4,220 EASTER ROAD,EH6 8LE,2179
327014.7401,675019.3465,agent for Admiralty charts,Chattan,Class 4,Class 4,Class 4,Vacant,222 EASTER ROAD,EH6 8LE,2180
327019.4567,675053.1732,d.i.y.,B & Q,Class 1,Class 1,Class 1,Class 1,234-246 EASTER ROAD,EH6 8LE,2181
327046.6184,675231.4285,public house,Tamson's Bar,SUI GENERIS,SUI GENERIS,SUI GENERIS,SUI GENERIS,280 EASTER ROAD,EH6 8JU,2182
327064.2748,675331.237,sauna,Carol's Sauna,Class 1,Class 11, , , , ,2183
327065.5549,675339.1537,sauna,Carol's Sauna,Class 4,Class 11, , , , ,2184
327066.1364,675342.820599999,betting shop,S. Stephen,Class 2,Class 2,Class 2,Class 2,326 EASTER ROAD,EH6 8JT,2185
327201.6184,675645.713,public house,Persevere,SUI GENERIS,SUI GENERIS, , , , ,2186
332631.2006,673159.157,office,Alan Carr - Easy Way to Stop Smoking,Class 1,Class 4,Vacant,Vacant,49 EASTFIELD,EH15 2PN,2187
332628.2674,673162.0901,office,Alan Carr - Easy Way to Stop Smoking,Vacant,Class 4,Class 1,Class 4,48 EASTFIELD,EH15 2PN,2188
326993.8473,674654.3015,plasterers & builders,J.S. Campbell,Class 4,Class 4,Class 1,Class 1,12 EDINA PLACE,EH7 5RP,2189
326934.6966,674683.906500001,vacant, ,Class 1,Vacant, , , , ,2190
326891.6374,674711.6985,vacant ?, ,Class 4,Vacant,Vacant,Vacant,10 EDINA STREET,EH7 5PN,2191
314889.9348,673656.934800001,bank,Royal Bank of Scotland,Class 2,Class 2, , , , ,2192
313226.1058,678299.327199999,public house,Anchor Inn,SUI GENERIS,SUI GENERIS, , , , ,2193
313233.9422,678299.692500001,hot food take-away,Ferry Chip Shop,Class 4,SUI GENERIS, , , , ,2194
327476,676375,box forme setters,Easton & Son,Class 4,Class 4,Class 4,Vacant,47 ELBE STREET,EH6 7HP,2195
327483,676388,vacant, ,Class 1,Vacant,Vacant,Vacant,59 ELBE STREET,EH6 7HP,2196
327460.3498,676304.965500001,residential, ,Class 2,Class 9, , , , ,2197
325750.6751,674276.5514,optician,J.G.S. Brown,Class 1,Class 1,Class 1,Class 1,30(GF) ELDER STREET,EH1 3DX,2198
325749.1165,674281.871099999,hot food take-away,The Lunch Box,SUI GENERIS,SUI GENERIS,Class 3,Class 3,34 ELDER STREET,EH1 3DX,2199
326890.1221,674688.5134,shoe repairs,Hutton's,Class 1,Class 1,Class 1,Class 1,11 ELGIN TERRACE,EH7 5NN,2200
326906.5458,674809.635500001,residential, ,Class 4,Class 9, , , , ,2201
326891.8779,674716.335899999,home brew supplies,Edina Home Brew,Class 1,Class 1,Class 1,Class 1,14 ELGIN TERRACE,EH7 5NW,2202
326181.1427,674528.8181,grocer,S. Singh & Sons,Class 1,Class 1,Class 1,Class 1,1 ELM ROW,EH7 4AA,2203
326181.9216,674536.6623,photo processing / dry cleaners,Klick  / Munro,Class 1,Class 1,Class 1,Class 3,3 ELM ROW,EH7 4AA,2204
326183.9477,674540.5458,travel agent,Murray Travel,Class 1,Class 1,Class 1,Class 1,3A ELM ROW,EH7 4AA,2205
326187.9216,674547.3638,betting shop,Ladbrokes,Class 2,Class 2,Class 2,Class 2,4 ELM ROW,EH7 4AA,2206
326191.7658,674554.052300001,"records, tapes, cds",Vinyl Villains,Class 1,Class 1,Class 1,Class 1,5 ELM ROW,EH7 4AA,2207
326196.1939,674561.3497,public house,The Elm Bar,SUI GENERIS,SUI GENERIS,SUI GENERIS,SUI GENERIS,7-8 ELM ROW,EH7 4AA,2208
326201.6362,674570.0,restaurant,Jolly,Class 3,Class 3,Class 3,Class 3,9 ELM ROW,EH7 4AA,2209
326205.0131,674576.247300001,chemist,Lindsay & Gilmour,Class 1,Class 1,Class 1,Class 1,11 ELM ROW,EH7 4AA,2210
326208.61,674583.8573,dry cleaner / shoe repairs,Pullars / Mister Minit,Class 1,Class 1,Class 1,Class 1,12 ELM ROW,EH7 4AA,2211
326211.9477,674589.6885,outdoor equipment & clothing,Blacks,Class 1,Class 1,Class 1,Class 1,14 ELM ROW,EH7 4AA,2212
326213.7527,674593.272299999,wine merchant,Victoria Wine,Class 1,Class 1,Class 1,Vacant,15 ELM ROW,EH7 4AA,2213
326216.6242,674597.8203,hot food take-away,Anatolian Kebab House,SUI GENERIS,SUI GENERIS,SUI GENERIS,SUI GENERIS,16 ELM ROW,EH7 4AA,2214
326219.1569,674602.2103,restaurant,Amber Inn,Class 3,Class 3,Class 3,Class 2,18 ELM ROW,EH7 4AA,2215
326224.0904,674611.6623,delicatessen,Valvona & Crolla,Class 1,Class 1,Class 1,Class 1,19 ELM ROW,EH7 4AA,2216
326228.7919,674620.7015,n/t/c & post office,Post Office,Class 1,Class 1,Class 1,Class 1,20 ELM ROW,EH7 4AA,2217
326230.9869,674625.091499999,baker,Greggs,Class 1,Class 1,Class 1,Class 1,21 ELM ROW,EH7 4AA,2218
326235.7919,674631.909600001,public house,Joseph Pearce,SUI GENERIS,SUI GENERIS,SUI GENERIS,SUI GENERIS,23 ELM ROW,EH7 4AA,2219
326105.3518,676329.1372,public house,Carousel,SUI GENERIS,SUI GENERIS,SUI GENERIS,SUI GENERIS,145 FERRY ROAD,EH6 4ET,2220
326078.3791,676322.824100001,betting shop,Morrison,Vacant,Class 2,Class 2,Class 2,147 FERRY ROAD,EH6 4NJ,2221
322425.0829,675632.5713,videotape hire,DD Video,Class 1,Class 1,Class 1,Class 1,645 FERRY ROAD,EH4 2TX,2222
322405.361,675626.0374,frozen food,Farm Foods,Class 1,Class 1,Class 1,Class 1,647 FERRY ROAD,EH4 2TX,2223
322395.1203,675623.0,greengrocer,Fairholm Fruit,Class 1,Class 1,Class 1,Class 1,649 FERRY ROAD,EH4 2TX,2224
322389.4135,675621.879699999,doctor's surgery,Dr. B. Agrawal,Class 2,Class 2,Class 2,Class 2, , ,2225
322385.0,675621.4661,hairdresser,Cut 'n' Curl,Class 1,Class 1,Class 1,Class 1,653 FERRY ROAD,EH4 2TX,2226
322379.7068,675620.879699999,chemist,Drylaw Pharmacy,Class 2,Class 1,Class 1,Class 1,655 FERRY ROAD,EH4 2TX,2227
322372.4135,675619.864499999,grocer,Fair Price,Class 1,Class 1,Class 1,Class 1,657-659 FERRY ROAD,EH4 2TX,2228
322364.4135,675618.172900001,advice bureau,Citizens Advice Bureau,Class 2,Class 2,Class 2,Class 2,661 FERRY ROAD,EH4 2TX,2229
326245.2331,674669.609999999,n/t/c,R.S. McColl,Class 1,Class 1,Class 1,Class 1,25-26 ELM ROW,EH7 4AH,2230
326247.9346,674673.4935,photo processing,One Hour Images,Class 1,Class 1,Class 1,Class 1,27 ELM ROW,EH7 4AH,2231
326250.9739,674677.5458,baker (Italian),D'Onofrio,Class 1,Class 1,Class 4,Class 1,28 ELM ROW,EH7 4AH,2232
326254.0131,674681.597999999,florist,Garlands,Class 1,Class 1,Class 1,Class 1,29 ELM ROW,EH7 4AH,2233
326258.0904,674687.246200001,food take-away,Tamara,Class 3,Class 1,SUI GENERIS,SUI GENERIS,30 ELM ROW,EH7 4AH,2234
326260.6231,674690.6231,vacant, ,Class 1,Vacant,Vacant,Class 1,31 ELM ROW,EH7 4AH,2235
326263.3246,674694.1688,"dress fabrics, haberdashery",Fabric World,Vacant,Class 1,SUI GENERIS,SUI GENERIS,33 ELM ROW,EH7 4AH,2236
326266.195,674697.883400001,solarium,Edinburgh Sunbed Solarium,Class 1,Class 11,Class 1,Class 1,34 ELM ROW,EH7 4AH,2237
326270.1166,674702.778899999,greengrocer,J. & P. Yorkston,Class 1,Class 1,Class 1,Class 1,35 ELM ROW,EH7 4AH,2238
326273.1558,674706.4935,fancy goods,Mad Jack Trading Co.,Class 1,Class 1,Class 1,Class 1,36 ELM ROW,EH7 4AH,2239
326276.195,674710.714600001,restaurant,The Peking,Class 3,Class 3,Class 3,Class 3,38-39 ELM ROW,EH7 4AH,2240
326292.6754,674732.0131,public house,Windsor Buffet,SUI GENERIS,SUI GENERIS,SUI GENERIS,SUI GENERIS,45 ELM ROW,EH7 4AH,2241
326297.2593,674738.3508,grocer,Makkah Stores,Class 1,Class 1,Class 1,Vacant,47 ELM ROW,EH7 4AH,2242
326299.9608,674741.896500001,musical instruments,Live Music,Vacant,Class 1,Class 1,Class 1,48 ELM ROW,EH7 4AH,2243
326307.2854,674751.6492,"dress fabrics, haberdashery",Royal Fabrics,Class 1,Class 1, , , , ,2244
326309.4804,674754.6885,ladies clothing,Nayab Boutique,Class 1,Class 1,Class 1,Class 1,51 ELM ROW,EH7 4AH,2245
326311.5065,674757.558800001,sports clothing,Thompson Sports,Class 1,Class 1,Class 1,Class 1,53 ELM ROW,EH7 4AH,2246
326314.7396,674761.609999999,launderette,Laundromat,Class 1,Class 1,Class 1,Class 1,54 ELM ROW,EH7 4AQ,2247
326317.1035,674764.4804,fishmonger,W. Brown,Class 1,Class 1,Class 1,Class 1,55 ELM ROW,EH7 4AQ,2248
326319.805,674767.8573,food take-away,Truly Scrumptious,SUI GENERIS,Class 1,SUI GENERIS,SUI GENERIS,57 ELM ROW,EH7 4AQ,2249
326322.0,674770.896500001,grocer,Lahore Oriental Foodstore,Class 1,Class 1,Class 1,Class 1,58 ELM ROW,EH7 4AQ,2250
326325.415,674775.1296,"dress fabrics, haberdashery",Modern Fabrics,Vacant,Class 1,Vacant,Vacant,59 ELM ROW,EH7 4AQ,2251
326328.2854,674778.8442,health supplements,Private Lines,Vacant,Class 1,Class 1,Class 1,60 ELM ROW,EH7 4AQ,2252
326330.3115,674781.5458,hot food take-away,Golden Dragon,SUI GENERIS,SUI GENERIS,SUI GENERIS,Class 3,62 ELM ROW,EH7 4AQ,2253
326332.3377,674784.416099999,vacant, ,Vacant,Vacant,Class 1,Class 4,63 ELM ROW,EH7 4AQ,2254
326335.4281,674787.805,hairdresser,La Coupe,Class 1,Class 1,Class 1,Class 1,64 ELM ROW,EH7 4AQ,2255
326338.6362,674792.0261,grocer,Primrose,Class 1,Class 1,Vacant,Class 1,65 ELM ROW,EH7 4AQ,2256
326342.0131,674795.909600001,toys,Harburn Hobbies,Class 1,Class 1,Class 1,Class 1,67 ELM ROW,EH7 4AQ,2257
326344.7658,674800.3115,"tailor, clothing repairs",Chic for Style,Class 1,Class 1,Class 1,Class 1,68 ELM ROW,EH7 4AQ,2258
326347.9739,674804.7015,betting shop,Macbet,Class 2,Class 2,Class 2,Class 2,69 ELM ROW,EH7 4AQ,2259
326350.6754,674808.585000001,public house,Brunswick Lounge,SUI GENERIS,SUI GENERIS,SUI GENERIS,SUI GENERIS,71 ELM ROW,EH7 4AQ,2260
326353.5969,674813.0,household goods,Adeel,Class 1,Class 1,Class 1,Class 1,72 ELM ROW,EH7 4AQ,2261
326356.4673,674816.883400001,tattoo studio,Bill's Tattoo Studio,Class 2,Class 2,Class 2,Class 2,73 ELM ROW,EH7 4AQ,2262
326359.1688,674820.260399999,grocer,Eastern Enterprises,Class 1,Class 1,Class 1,Class 1,75 ELM ROW,EH7 4AQ,2263
331680.1328,673418.9911,hot food take-away,Mr. Fish & Chips,Class 3,SUI GENERIS,SUI GENERIS,SUI GENERIS,37-38 ESPLANADE TERRACE,EH15 2ES,2264
326148.1245,670935.250299999,vacant, ,Vacant,Vacant,Vacant,Class 4,1 EVA PLACE,EH9 3ET,2265
325267.9114,674904.734300001,decorators,Ian Bell,Class 4,Class 4,Class 4,Class 4,21 EYRE PLACE,EH3 5EX,2266
325307.1857,674961.907600001,advertising agency,The Leith Agency,Vacant,Class 4, , , , ,2267
325310.9762,674964.5352,air conditioning engineer,Russell,Class 1,Class 4, , , , ,2268
325323.2782,674982.278999999,public house,Smithies,SUI GENERIS,SUI GENERIS,SUI GENERIS,SUI GENERIS,49-51 EYRE PLACE,EH3 5EY,2269
325204.656,674843.114700001,restaurant,Ducks at Le Marche Noir,Class 3,Class 3,Class 3,Class 3,14 EYRE PLACE,EH3 5EP,2270
325210.9124,674846.5132,restaurant,Baltis Brasserie,Class 3,Class 3,Class 3,Class 3,18 EYRE PLACE,EH3 5EP,2271
325318.2562,674920.2324,residential, ,Class 1,Class 9, , , , ,2272
325333.8143,674960.185699999,mobile telephones,Veecom Systems,Class 1,Class 1,Class 1,Class 4,68 EYRE PLACE,EH3 5EJ,2273
325371.4657,675007.511399999,residential, ,Class 1,Class 9, , , , ,2274
324591.7809,671356.162900001,tyre fitters,Kwik Fit,Class 4,Class 1, , , , ,2275
319646.9749,672955.3543,vacant, ,Class 1,Vacant,SUI GENERIS,SUI GENERIS,5 FEATHERHALL AVENUE,EH12 7TG,2276
319648.3166,672948.9811,chemist,Nicolson Chemist (T.S. McNee) Ltd.,Class 1,Class 1,Class 1,Class 1,5A FEATHERHALL AVENUE,EH12 7TG,2277
329477.0,669230.316500001,public house,Ferniehill Inn,SUI GENERIS,SUI GENERIS, , , , ,2278
329190.9432,668790.629899999,chemist,Lloyds,Class 1,Class 1,Class 1,Class 1,2 FERNIEHILL ROAD,EH17 7AB,2279
329468,669274,betting shop,Ladbrokes,Class 2,Class 2,Class 2,Class 2,66A FERNIESIDE CRESCENT,EH17 7HR,2280
326509.3668,676434.3791,plumbers,Ian R. Thomson,Class 4,Class 4,Class 4,Class 4,5 FERRY ROAD,EH6 4AD,2281
326505.0369,676433.6066,picture framers office,C.M. Marr,Class 4,Class 4,Class 4,Class 4,7 FERRY ROAD,EH6 4AD,2282
326500.9488,676432.7459,pictures & picture framing,C.M. Marr,Class 1,Class 1,Vacant,Vacant,9 FERRY ROAD,EH6 4AD,2283
326496.2152,676431.6701,sauna & massage parlour,Mermaids,Class 11,Class 11,Vacant, , , ,2284
326489.3299,676430.164000001,decorators,Robert Hughson,Class 4,Class 4,Vacant, , , ,2285
326481.291,676427.7971,t.v. & video rental,Keil TV Rentals,Class 2,Class 1,UNKNOWN USE,Vacant,17 FERRY ROAD,EH6 4AD,2286
326477.418,676426.9365,clothing alterations,J.D. Ross,Class 1,Class 1, , , , ,2287
326470.0246,676424.7213,dental surgery,The Dental Practice,Class 2,Class 2, , , , ,2288
326463.7848,676423.430299999,betting shop,Sportsman's Bookmakers,Class 2,Class 2, , , , ,2289
326460.127,676422.354499999,vacant, ,Class 1,Vacant, , , , ,2290
326456.0389,676421.2787,furniture removals,Frank's City Removals,SUI GENERIS,Class 2,Class 1,Class 4,29 FERRY ROAD,EH6 4AD,2291
326449.9488,676419.5943,hairdresser,Sections,Class 1,Class 1,Class 1,Class 1,33 FERRY ROAD,EH6 4AD,2292
326446.5062,676418.7336,fishmonger,Welch,Vacant,Class 1, , , , ,2293
326440.6967,676417.227499999,fishmonger,Welch,Vacant,Class 1, , , , ,2294
326433.4673,676415.303300001,fishmonger (office),Welch,Vacant,Class 2,Class 4, , , ,2295
326430.0246,676414.227499999,vacant, ,Vacant,Vacant,Class 9,Class 9,39 FERRY ROAD,EH6 4AF,2296
326426.1517,676413.151699999,financial services,Finance Services Scotland,Class 1,Class 2,Class 2,Vacant,43 FERRY ROAD,EH6 4AF,2297
326422.0635,676412.0758,hairdresser,Stanleys,Class 1,Class 1,Class 1,Class 1,45 FERRY ROAD,EH6 4AF,2298
326416.0123,676410.5943,hot food take-away,Curry Connection,Class 1,SUI GENERIS,SUI GENERIS,SUI GENERIS,47 FERRY ROAD,EH6 4AF,2299
326410.8483,676409.303300001,n/t/c,C. Davidson,Class 1,Class 1,Class 4,Vacant,49 FERRY ROAD,EH6 4AF,2300
326405.8995,676408.0123,furniture,Bradbury,Class 4,Class 1,Class 1,Class 1,53 FERRY ROAD,EH6 4AF,2301
326226.291,676358.582,vacant, ,Class 4,Vacant,Class 2,Class 2,99 FERRY ROAD,EH6 4ET,2302
326191.978,676351.423,vacant, ,Class 1,Vacant,Class 4,Class 1,109 FERRY ROAD,EH6 4ET,2303
326186.5989,676349.956,"trophies, engraving",Alpha Trophies,Vacant,Class 1,Class 1,Class 1,111 FERRY ROAD,EH6 4ET,2304
326179.956,676348.269099999,carpets,Carpets Direct,Vacant,Class 1,Class 1,Class 1,113 FERRY ROAD,EH6 4ET,2305
326174.088,676347.291099999,wine merchant,Haddows,Class 1,Class 1,Class 1,Vacant,117 FERRY ROAD,EH6 4ET,2306
326166,676346,post office,Ferry Road Post Office,Class 1,Class 1,Class 1,Class 1,119-121 FERRY ROAD,EH6 4ET,2307
326162.489,676345.0,hairdresser,Lynda Miller,Class 1,Class 1,Class 1, , , ,2308
326155.7089,676343.0712,plumbers,JSB Plumbing, ,Class 4,Class 4,Class 1,123 FERRY ROAD,EH6 4ET,2309
326122.511,676333.934,launderette,Ferry Road Laundrette,Class 1,Class 1,SUI GENERIS,SUI GENERIS,137-141 FERRY ROAD,EH6 4ET,2310
326113.6649,676331.0932,hot food take-away,Gold Sea Fish Bar,SUI GENERIS,SUI GENERIS,SUI GENERIS, , , ,2311
322357.0,675617.0526,n/t/c & post office,Drylaw Post Office,Class 1,Class 1,Class 1,Class 1,663-667 FERRY ROAD,EH4 2TX,2312
322349.1203,675615.744200001,n/t/c & post office,Drylaw Post Office,Class 1,Class 1,Class 1, , , ,2313
322343.5865,675615.172900001,baker,Crawfords,Class 1,Class 1,Class 1,Class 1,669 FERRY ROAD,EH4 2TX,2314
322335.7745,675613.5865,hot food take-away,Al Capone,Class 1,SUI GENERIS, , , , ,2315
322328.0,675612.759400001,hot food take-away,Mr. Lee's,SUI GENERIS,SUI GENERIS,SUI GENERIS,SUI GENERIS,675 FERRY ROAD,EH4 2TX,2316
322321.2406,675611.759400001,amusements,n/a,Class 11,Class 11,Class 11,SUI GENERIS,677-679 FERRY ROAD,EH4 2TX,2317
322313.0,675610.4661,betting shop,William Hill,Class 2,Class 2,Class 2,Class 2,681 FERRY ROAD,EH4 2TX,2318
322299.0,675608.0526,public house,Ferry Boat,SUI GENERIS,SUI GENERIS,Vacant,Class 2,683(01) FERRY ROAD,EH4 2TX,2319
321999.3832,675556.1426,public house,Doo'cot Road House,SUI GENERIS,SUI GENERIS,SUI GENERIS, ,729 FERRY ROAD,EH4,2320
326422.9857,676435.557399999,vacant, ,Class 1,Vacant, , , , ,2321
326419.5431,676434.911900001,dry cleaner,Whites of Liberton,Class 1,Class 1, ,Class 1,32-34 FERRY ROAD,EH6 4AE,2322
326413.5185,676433.4057,chemist,Clark,Class 1,Class 1,Class 1,Class 1,36 FERRY ROAD,EH6 4AE,2323
326407.2787,676432.114700001,upholsterer,Bradbury,Class 1,Class 4,Class 1,Class 1,40 FERRY ROAD,EH6 4AE,2324
326396.2152,676435.0635,upholsterer,A. Hunter,Class 1,Class 4,Class 4,Class 1,44 FERRY ROAD,EH6 4AE,2325
326250.1046,676397.9739,car sales,Howard Johnstone,SUI GENERIS,SUI GENERIS,SUI GENERIS,SUI GENERIS,92 FERRY ROAD,EH6 4AH,2326
326242.6754,676396.6231,car sales,Howard Johnstone,Class 1,SUI GENERIS,SUI GENERIS,SUI GENERIS,94 FERRY ROAD,EH6 4AH,2327
326206.3131,676388.978,bank,T.S.B.,Class 2,Class 2,Vacant,Class 2,98 FERRY ROAD,EH6 4PG,2328
326199.934,676379.044,chemist,G.W. Allan,Class 1,Class 1,Class 1,Class 2,102 FERRY ROAD,EH6 4PG,2329
326158.7953,676369.412699999,car sales,Howard Johnstone,Vacant,SUI GENERIS, , , , ,2330
325997.8241,676333.1099,"records, tapes, cds",Cut Price Compacts,Class 4,Class 1,Class 1,Class 1,158-160 FERRY ROAD,EH6 4NX,2331
325990.0,676331.642899999,videotape hire,Blockbuster Video,Class 1,Class 1,Class 1,Vacant,162 FERRY ROAD,EH6 4NX,2332
325863.7685,676302.9462,estate agents,Duncan & Wallace,Class 2,Class 2, , , , ,2333
325857.2124,676301.451199999,vacant, ,Class 1,Vacant,Class 1,Class 11,182A FERRY ROAD,EH6 4NW,2334
324750.213,676029.3972,undertakers,Cramond Funeral Directors,Class 1,Class 1,Class 1,Class 1,318 FERRY ROAD,EH5 3NP,2335
324738.0723,676028.5452,bank,Royal Bank of Scotland,Class 2,Class 2,Class 2,Class 2,322-324 FERRY ROAD,EH5 3NP,2336
322557.9885,675992.977,second-hand furniture,Homemaker (Bethany Christian Trust), ,Class 1,Class 2,Class 2,22-24 FERRY ROAD DRIVE,EH4 4BR,2337
322563.368,675998.034399999,thrift shop,Pilton Community Thrift Shop,Class 1,Class 1, , , , ,2338
322567.8852,676002.8967,office,Play on Wheels,Class 4,Class 2, , , , ,2339
322573.4483,676009.977,vacant, ,Class 1,Vacant,Vacant,Class 1,34 FERRY ROAD DRIVE,EH4 4BR,2340
322578.5057,676014.275800001,grocer,Ann's Bazaar,Class 1,Class 1,Class 1,Class 1,36 FERRY ROAD DRIVE,EH4 4BR,2341
322574.5976,676044.0921,"grocer, n/t/c, videotape hire",Lifestyle Store,Class 1,Class 1, , , , ,2342
322566.5057,676051.678200001,hot food take-away,Ferry Fry,SUI GENERIS,SUI GENERIS,SUI GENERIS,SUI GENERIS,42 FERRY ROAD DRIVE,EH4 4DD,2343
322558.9196,676057.747099999,grocer,Katies General Stores,Class 1,Class 1,Class 1,Vacant,44 FERRY ROAD DRIVE,EH4 4DD,2344
322552.0921,676063.3103,grocer,Superstore,Class 1,Class 1,Class 1,Class 1,48 FERRY ROAD DRIVE,EH4 4DD,2345
330416.3273,674009.6744,residential, ,Vacant,Class 9, , , , ,2346
330418.6645,674011.844599999,redeveloped, ,Vacant,Redeveloped, , , , ,2347
330619,674185,redeveloped, ,SUI GENERIS,Redeveloped, , , , ,2348
330408.0956,674020.9948,hairdresser,Jon Paul,Class 4,Class 1, , , , ,2349
330419.0741,674032.7805,residential, ,Vacant,Class 9, , , , ,2350
325526,677036,wholesale fish merchant,W.G. Muirhead,Class 2,Class 2,Class 2,Class 2,3 FISHMARKET SQUARE,EH6 4LW,2351
323890.8143,672452.896400001,launderette,Ali Ashgar,Class 1,Class 1,Class 1,Class 2,21 FOWLER TERRACE,EH11 1DB,2352
323893.9892,672447.0,residential, ,Vacant,Class 9, , , , ,2353
323906.2678,672420.535700001,vacant, ,Vacant,Vacant, , , , ,2354
323908.5357,672413.2786,ventilation & emergency lighting engineers,E. Manzi,Class 2,Class 4,Class 4,Class 4,31 FOWLER TERRACE,EH11 1DB,2355
323884.4643,672518.7322,residential, ,Class 1,Class 9, , , , ,2356
323926.1036,672435.7214,painters & decorators,Liddle & Watson,Class 4,Class 4, , , , ,2357
323929.2786,672428.464299999,residential, ,Class 4,Class 9, , , , ,2358
325201.5706,673848.2059,ladies clothing,Oasis,Class 1,Class 1,Class 1,Class 1,3(GF) FREDERICK STREET,EH2 2EY,2359
325199.5059,673854.997099999,restaurant,Pizzaland,Class 3,Class 3,Class 3,Class 3,5-7 FREDERICK STREET,EH2 2EY,2360
325197.6353,673861.3883,gifts,Past Times,Class 1,Class 1,Class 1,Class 1,7A FREDERICK STREET,EH2 2EY,2361
325193.8177,673876.791200001,ladies clothing,Country Casuals,Class 1,Class 1,Class 1,Class 1,9-11 FREDERICK STREET,EH2 2EY,2362
325195.7265,673867.791200001,employment agency,Reed Employment,Class 1,Class 4,Class 4,Class 3,13(PF) FREDERICK STREET,EH2 2EY,2363
325191.3529,673884.0118,public house & restaurant,Victoria & Albert,SUI GENERIS,SUI GENERIS,SUI GENERIS,SUI GENERIS,17 FREDERICK STREET,EH2 2EY,2364
325188.8824,673892.2206,building society,Skipton Building Society,Class 3,Class 2, , , , ,2365
325181.3118,673914.2853,guns & fishing tackle,John Dickson & Son,Class 1,Class 1,Class 1,Class 1,21 FREDERICK STREET,EH2 2NE,2366
325179.0,673920.532400001,dry cleaner,Pullars,Class 1,Class 1,Class 1,Class 1,23 FREDERICK STREET,EH2 2ND,2367
325173.1294,673938.494100001,jeweller,Laing,Class 1,Class 1,Class 1,Class 1,29A FREDERICK STREET,EH2 2ND,2368
325170.7529,673946.2853,restaurant,Garfunkels,Class 3,Class 3,Class 3,Class 3,31 FREDERICK STREET,EH2 2ND,2369
325148.522,674018.979599999,ladies clothing,Droopy & Browns,Class 1,Class 1,Class 1,Class 1,37(GF)-39 FREDERICK STREET,EH2 1EP,2370
325137.1321,674052.237400001,hairdresser,Ian Cameron Hairdressing,Class 2,Class 1,Class 1,Class 1,47 FREDERICK STREET,EH2 1EP,2371
325135.2846,674058.1494,public house,Queen's Arms,SUI GENERIS,SUI GENERIS,SUI GENERIS,SUI GENERIS,49 FREDERICK STREET,EH2 1EP,2372
325528.9151,677059.885600001,public house,Stone Pier Inn,SUI GENERIS,SUI GENERIS,SUI GENERIS,SUI GENERIS,4-6 FISHMARKET SQUARE,EH6 4LW,2373
330203.7421,674140.824899999,doors,The Door Centre, ,Class 1, ,UNKNOWN USE,5A FISHWIVES CAUSEWAY,EH15 1DF,2374
325862.2464,673714.876800001,take-away food,Neville's, ,Class 1,Class 1,Class 1,"14 FLESHMARKET CLOSE, ( 199 HI",EH1 1BX,2375
325861.5386,673720.7996,vacant, ,Class 3,Vacant,Vacant, , , ,2376
325860.4155,673726.876800001,hairdresser (gents),Hair by Alfie,Class 1,Class 1,Class 1,Class 1,"18B FLESHMARKET CLOSE, ( 199 H",EH1 1BX,2377
325858.5386,673735.031300001,public house,Jinglin Geordie,SUI GENERIS,SUI GENERIS,SUI GENERIS,SUI GENERIS,"21 FLESHMARKET CLOSE, ( 199 HI",EH1 1BX,2378
325856.5845,673743.814099999,public house,Halfway House,SUI GENERIS,SUI GENERIS,SUI GENERIS,SUI GENERIS,"24 FLESHMARKET CLOSE, ( 199 HI",EH1 1BX,2379
324671.4326,672159.8287,bathroom furniture & fittings,Splash Bathrooms,Class 1,Class 1,Vacant,Class 1,27 FORBES ROAD,EH10 4EG,2380
324653.6236,672146.881999999,bathroom furniture & fittings,Splash Bathrooms,Class 1,Class 1,Class 4,Class 4,42 FORBES ROAD,EH10 4ED,2381
325700.6133,673253.0385,financial services - insurance,Endsleigh,Class 1,Class 2,Class 2,Class 1,1-5 FORREST ROAD,EH1 2QH,2382
325703.5304,673238.453299999,food take-away,Freshers,Class 2,Class 1,Class 1,Class 1,3 FORREST ROAD,EH1 2QH,2383
325702.8563,673232.795600001,remainder books,Campbell & Stilwell,Class 1,Class 1,Class 1,Class 1,7 FORREST ROAD,EH1 2QH,2384
325701.917,673228.0,housing association office,Old Town Housing Association,Class 1,Class 2,Class 1,Class 1,11 FORREST ROAD,EH1 2QH,2385
325699.6519,673213.779300001,t-shirts & t-shirt printing,Colour Copy Centre,Class 1,Class 1,Vacant,Class 1,13 FORREST ROAD,EH1 2QH,2386
325700.917,673222.2267,restaurant,Maharajahs,Class 3,Class 3,Class 3,Class 3,17-19 FORREST ROAD,EH1 2QH,2387
325698.4859,673207.4311,hot food take-away,Forrest Frier,SUI GENERIS,SUI GENERIS,SUI GENERIS,SUI GENERIS,21 FORREST ROAD,EH1 2QH,2388
325697.6296,673201.939300001,public house,Sandy Bells,SUI GENERIS,SUI GENERIS,SUI GENERIS,SUI GENERIS,25 FORREST ROAD,EH1 2QH,2389
325695.3645,673187.7126,bank admin.,Royal Bank of Scotland,Class 2,Class 2,Class 1,Class 1,27 FORREST ROAD,EH1 2QS,2390
325694.5689,673180.2874,post office,Post Office,Class 1,Class 1,Class 1,Class 1,33 FORREST ROAD,EH1 2QP,2391
325692.8119,673170.530400001,optician,Thomas J. Walls,Class 1,Class 1,Class 1,Class 1,35 FORREST ROAD,EH1 2QP,2392
325692.2815,673165.756999999,charity shop,Shelter,Class 1,Class 1,Class 1,Class 1,39 FORREST ROAD,EH1 2QP,2393
325692.16,673157.651900001,grocer,Evergreen,Class 1,Class 1,Class 1,Class 1,43 FORREST ROAD,EH1 2QP,2394
325691.32,673154.032600001,chemist,Mackenzie & Co.,Class 1,Class 1,Class 1,Class 1,45 FORREST ROAD,EH1 2QP,2395
325690.5245,673147.9333,n/t/c,R.S. McColl,Class 1,Class 1,Class 1,SUI GENERIS,49 FORREST ROAD,EH1 2QP,2396
325689.9941,673142.099300001,travel agent,Campus Travel,Class 2,Class 1,Class 1,Class 1,51-53 FORREST ROAD,EH1 2QP,2397
325688.9333,673135.469599999,restaurant,San Remo Ristorante,Class 1,Class 3,Class 3,Class 3,55 FORREST ROAD,EH1 2QP,2398
325684.6904,673130.6963,bank,Royal Bank of Scotland,Vacant,Class 2, , , , ,2399
325679.3867,673128.044399999,bank,Royal Bank of Scotland,Vacant,Class 2, , , , ,2400
325673.5526,673125.3926,bank,Royal Bank of Scotland,Vacant,Class 2,Class 2,Class 2,61 FORREST ROAD,EH1 2QP,2401
325724.8178,673195.7348,restaurant (Indian),Himalaya Tandoori,Class 3,Class 3,Class 3,Class 3,4-4A FORREST ROAD,EH1 2QN,2402
325723.8785,673189.4474,take-away food,Archies Sandwich Bar,Class 1,Class 1,Class 1,Class 1,8 FORREST ROAD,EH1 2QN,2403
325723.4696,673185.508199999,restaurant,Aroma,Class 3,Class 3,SUI GENERIS,SUI GENERIS,10 FORREST ROAD,EH1 2QN,2404
325722.5585,673179.916999999,books,Christian Bookshop,Class 1,Class 1,SUI GENERIS,SUI GENERIS,14 FORREST ROAD,EH1 2QN,2405
325722.1437,673176.3259,vacant, ,Class 1,Vacant,SUI GENERIS, , , ,2406
325721.083,673167.84,restaurant (Italian),Cafe Sardi,Class 1,Class 3,Class 3,Class 3,18-20 FORREST ROAD,EH1 2QN,2407
325719.8178,673159.7348,grocer,Forrest Road Newsagents & Groceries,Class 4,Class 1,Class 1,Class 1,24 FORREST ROAD,EH1 2QN,2408
325719.1437,673153.2652,wine merchant,Thresher,Class 4,Class 1,Class 1,Class 1,26 FORREST ROAD,EH1 2QN,2409
325718.6963,673147.243000001,delicatessen,Charlie McNair's,Class 1,Class 1,Class 1,Class 1,30 FORREST ROAD,EH1 2QN,2410
325719.757,673139.8178,public house,Doctors,SUI GENERIS,SUI GENERIS,SUI GENERIS,SUI GENERIS,32 FORREST ROAD,EH1 2QN,2411
319749,671707,"t.v., video, hi-fi",Scotmid,Class 1,Class 1,Class 1,Class 1,1 FORRESTER PARK DRIVE,EH12 9AY,2412
312609,677734,service station,Gulf,SUI GENERIS,SUI GENERIS,Class 1,Class 1,(B) FORTH ROAD BRIDGE, ,2413
325916.7015,674477.8695,restaurant,The Tapas Tree,Class 3,Class 3,Class 3,Class 3,1 FORTH STREET,EH1 3JX,2414
325923.5188,674480.142000001,"fine art, framed prints",Forth Gallery,Class 1,Class 1,Vacant,Class 11,5 FORTH STREET,EH1 3JX,2415
325895.5971,674495.208799999,computers,Alva Systems,Class 4,Class 1,Class 1,Class 1,2(GF90) FORTH STREET,EH1 3LD,2416
325903.0,674497.0261,engineering consultant,Philip Thomson & Partners,Class 4,Class 4,Class 4,Class 4,4(GF) FORTH STREET,EH1 3LD,2417
324817.4969,673051.2477,restaurant,Samsun's Kebab & Pizza House,Class 3,Class 3,Class 3,Class 3,73 FOUNTAINBRIDGE,EH3 9PU,2418
324810.7437,673046.2454,hot food take-away,Samsun's Kebab & Pizza House,SUI GENERIS,SUI GENERIS, , , , ,2419
324793.999,673034.252,betting shop,William Hill,Class 2,Class 2,Class 2,Vacant,81 FOUNTAINBRIDGE,EH3 9PU,2420
324786.9981,673028.756100001,cafe,The Bridge,SUI GENERIS,Class 3,Class 1,Class 1,83 FOUNTAINBRIDGE,EH3 9PU,2421
324781.7456,673025.0043,public house,Auld Clachan,SUI GENERIS,SUI GENERIS,SUI GENERIS,SUI GENERIS,85-87 FOUNTAINBRIDGE,EH3 9PU,2422
324768.2482,673011.000499999,housing association office,Fountainbridge Housing Assoc.,Vacant,Class 2,Class 2,Class 2,89-95 FOUNTAINBRIDGE,EH3 9PU,2423
324745.0,672989.748,public house,Malt & Hops,SUI GENERIS,SUI GENERIS,Class 3,Class 3,97-101 FOUNTAINBRIDGE,EH3 9QG,2424
324732.7508,672980.503599999,fitness equipment,Physique,Vacant,Class 1, , , , ,2425
324728.2487,672976.251499999,restaurant,Topkapi,Class 3,Class 3, , , , ,2426
324723.2463,672972.249600001,hot food take-away,Topkapi,SUI GENERIS,SUI GENERIS, , , , ,2427
324720.495,672969.998600001,vacant, ,Class 1,Vacant,Class 1,Class 1,113 FOUNTAINBRIDGE,EH3 9QG,2428
324718.2439,672968.2477,n/t/c,McGinnie,Class 1,Class 1,Class 1,Class 1,115 FOUNTAINBRIDGE,EH3 9QG,2429
324639.2496,672906.4998,public house,Port Hamilton Tavern,SUI GENERIS,SUI GENERIS, , , , ,2430
324370.2052,672807.8632,vacant, ,Vacant,Vacant, , , , ,2431
324357.8947,672802.621099999,escort agency,Angel Escort Agency,Class 11,Class 1,Class 11,Vacant,209 FOUNTAINBRIDGE,EH3 9RU,2432
324791.4998,673068.463099999,frozen food,Farm Foods, ,Class 1, , , , ,2433
324753.5079,673045.505000001,restaurant,Fat Sam's,Class 4,Class 3,Vacant, , , ,2434
324750.7532,673038.254899999,restaurant,Fat Sam's,Class 3,Class 3, , , , ,2435
324746.001,673032.252,electronic & computer parts,Electronic Source,Class 1,Class 1,Vacant, , , ,2436
324739.001,673025.0019,restaurant,Fat Sam's,Class 1,Class 3, , , , ,2437
324732.4979,673018.2487,disco equipment,Coloursound Audio,Class 1,Class 1,Class 1, , , ,2438
324723.4936,673011.4955,demolished, ,Class 2,Demolished, , , , ,2439
324714.2506,673003.748,demolished, ,Class 2,Demolished, , , , ,2440
324688.7508,672971.9981,tiles,City Ceramics Ltd.,Class 1,Class 1,Vacant,Class 1,88 FOUNTAINBRIDGE,EH3 9QA,2441
324651.0019,672952.246300001,undertaker,Scotmid Funeral Directors,Vacant,Class 1, , , , ,2442
324629.001,672942.248199999,travel agent,Scotmid,Class 1,Class 1,Class 2, , , ,2443
324604.0133,672943.007099999,demolished, ,SUI GENERIS,Demolished,Class 2, , , ,2444
324451.1423,672867.931600001,hoover repairs,Vacuum Appliances,Class 1,Class 1,Class 1,Class 1,158 FOUNTAINBRIDGE,EH3 9RX,2445
324446.7948,672866.6895,residential, ,Class 1,Class 9,Class 9,UNKNOWN USE,160 FOUNTAINBRIDGE,EH3 9RX,2446
324441.5157,672864.826300001,building services,Craig Douglas Building Services,Class 4,Class 4,Vacant,UNKNOWN USE,162 FOUNTAINBRIDGE,EH3 9RX,2447
324436.8577,672863.273600001,hoover repairs,Vacuum Appliances,Class 1,Class 1,Class 1,Class 1,164 FOUNTAINBRIDGE,EH3 9RX,2448
326496.6945,671753.740700001,financial services - insurance,Scott & Scott Insurance Brokers,Class 1,Class 2,Class 1,Class 1,2 FOUNTAINHALL ROAD,EH9 2NN,2449
323865.8964,672511.0,residential, ,Class 1,Class 9, , , , ,2450
323879.5357,672477.185699999,grocer & n/t/c,M. Abdullah,Class 1,Class 1,Class 1,Class 4,17 FOWLER TERRACE,EH11 1DD,2451
325316.5324,674011.9882,shoes,Jones,Class 1,Class 1,Class 1,Class 1,32 GEORGE STREET,EH2 2LE,2452
325311.3883,674010.429400001,t.v. & hi-fi,Sony Centre,Class 1,Class 1,Class 1,Class 1,34 GEORGE STREET,EH2 2LE,2453
325301.0383,674005.7147,restaurant,Madogs,SUI GENERIS,Class 3,SUI GENERIS,SUI GENERIS,38A GEORGE STREET,EH2 2LE,2454
325290.6618,674004.65,optician,Trotters,Class 1,Class 1,Class 1,Class 1,44-44A GEORGE STREET,EH2 2LE,2455
325282.3118,674000.300000001,hairdresser,Cheynes, ,Class 1,Class 1,Class 1,46 GEORGE STREET,EH2 2LE,2456
325279.8177,673999.6764,estate agents,Debenham Thorpe,Class 4,Class 2,Class 1,Class 1,46A GEORGE STREET,EH2 2LE,2457
325273.9735,673998.261700001,gents clothing,Hobbs,Class 1,Class 1,Class 1,Class 1,48 GEORGE STREET,EH2 2LE,2458
325267.7529,673996.391100001,kitchenware,Lakeland Plastics,Class 1,Class 1,Class 1,Class 1,52 GEORGE STREET,EH2 2LE,2459
325219.0647,673981.7676,employment agency,Blue Arrow,Class 1,Class 4, , , , ,2460
325209.6882,673978.9617,wine merchant,Victoria Wine,Class 1,Class 1,Class 1,Class 1,60 GEORGE STREET,EH2 2LR,2461
325033.5442,673930.252800001,ladies clothing,Laura Ashley,Vacant,Class 1,Class 1,Class 1,90 GEORGE STREET,EH2 3DF,2462
325025.5442,673928.252800001,glassware,Rana,Class 1,Class 1,Class 1,Class 1,92 GEORGE STREET,EH2 3DF,2463
325017.7,673925.7587,bridal salon,Pronuptia Youngs,Class 1,Class 1,Class 1,Class 1,94 GEORGE STREET,EH2 3DF,2464
324888.6618,673889.208799999,offices, ,Class 1,Class 4, , ,114-116 GEORGE STREET,EH2 4LN,2465
324832.503,673871.7733,vacant, ,Class 1,Vacant,SUI GENERIS,SUI GENERIS,126-128 GEORGE STREET,EH2 4JZ,2466
324827.2031,673870.3704,vacant, ,Class 1,Vacant, , , , ,2467
324887.7475,672608.7465,antiques,Antiques & Books,Class 1,Class 1,Vacant,Class 1,2 GILLESPIE CRESCENT,EH10 4HT,2468
324908.7527,672644.750800001,florist,Bluebell,Class 1,Class 1,Class 1,Class 1,1 GILLESPIE PLACE,EH10 4HS,2469
324908.0024,672639.748500001,vacant, ,Vacant,Vacant,Class 2,Class 2,2 GILLESPIE PLACE,EH10 4HS,2470
324906.2515,672635.7465,n/t/c,Gillespies,Class 1,Class 1,Class 1,Class 1,4 GILLESPIE PLACE,EH10 4HS,2471
324903.0024,672629.248199999,greengrocer,Global Fruit,Class 1,Class 1,Class 1,Class 1,5 GILLESPIE PLACE,EH10 4HS,2472
324901.0014,672624.996200001,food take-away,Salvatore Pizza & Pasta,Class 1,Class 1,Class 3,Class 3,6 GILLESPIE PLACE,EH10 4HS,2473
324898.5002,672620.9943,restaurant (French),Jacques,Class 3,Class 3,Class 3,Class 3,8 GILLESPIE PLACE,EH10 4HS,2474
324896.2515,672614.749399999,osteopathic clinic,Marchmont Physiotherapy Clinic,Vacant,Class 2,Class 1,Vacant,9 GILLESPIE PLACE,EH10 4HS,2475
324893.0,672609.747,delicatessen,Scott's,Class 1,Class 1,Class 1,Class 1,10 GILLESPIE PLACE,EH10 4HS,2476
328850,668196,public house,The Gordons,SUI GENERIS,SUI GENERIS,SUI GENERIS,Demolished, , ,2477
328355.8218,668474.178200001,butcher,J.T. Millar,Class 1,Class 1,Class 1,Vacant,10 GILMERTON DYKES STREET,EH17 8JX,2478
325127.9355,674082.1085,hairdresser,Angus Gordon,Class 1,Class 1,Class 1,Class 1,53(1F) FREDERICK STREET,EH2 1LH,2479
325125.3491,674089.867900001,restaurant,Vito's,Class 2,Class 3,Class 3,Class 3,55A FREDERICK STREET,EH2 1LH,2480
325122.044,674099.6745,restaurant,Bamboo Garden,Class 3,Class 3,Class 3,Class 3,57A FREDERICK STREET,EH2 1LH,2481
325121.305,674102.6305,restaurant,Chez Jules,SUI GENERIS,Class 3, , , , ,2482
325119.4576,674107.8035,public house,Fingers Piano Bar,SUI GENERIS,SUI GENERIS, , , , ,2483
325169.1373,673841.2126,shoes,Schuh,Class 1,Class 1, , , , ,2484
325163.7374,673857.074899999,shoes,Schuh,Class 1,Class 1, , , , ,2485
325160.356,673867.906199999,computer games,Electronics Boutique,Class 1,Class 1,Class 1,Class 1,10 FREDERICK STREET,EH2 2HB,2486
325158.8373,673873.4748,camping goods,Millets,Class 1,Class 1,Class 1,Class 1,12 FREDERICK STREET,EH2 2HB,2487
325157.4873,673878.030999999,ladies clothing,Next,Class 1,Class 1,Class 1,Vacant,14(GF)-16 FREDERICK STREET,EH2 2HB,2488
325155.6061,673883.493799999,n/t/c,R.S. McColl,Class 1,Class 1,Vacant,Class 1,18A FREDERICK STREET,EH2 2HB,2489
325154.7624,673886.362500001,solicitors,John Prydent,Class 2,Class 2, , , , ,2490
325153.5812,673889.906199999,baker,Crawfords,Class 1,Class 1,Class 1,Class 1,18B FREDERICK STREET,EH2 2HB,2491
325148.2617,673903.9088,building society,Bradford & Bingley,Class 2,Class 2,Class 2,Class 2,20 FREDERICK STREET,EH2 2JR,2492
325146.547,673909.5206,repair of leather goods,Gullivers,Class 1,Class 1,Class 1,Class 1,22 FREDERICK STREET,EH2 2JR,2493
325145.1587,673916.467599999,vacant, ,Class 1,Vacant,Class 1,Class 1,24 FREDERICK STREET,EH2 2JR,2494
325143.5999,673921.300000001,bar,Stones Music Bar,Class 3,SUI GENERIS,SUI GENERIS,SUI GENERIS,24A FREDERICK STREET,EH2 2JR,2495
325135.5352,673946.9353,travel agent,British Airways,Class 1,Class 1,Class 1,Class 1,34 FREDERICK STREET,EH2 2JR,2496
325133.6646,673952.8588,travel agent,Lunn Poly,Class 1,Class 1, , , , ,2497
325110.0204,674017.261,post office,Frederick Street Post Office,Class 1,Class 1,Class 1,Class 1,38-40 FREDERICK STREET,EH2 1EX,2498
325106.6069,674029.478,"mens clothing, robemakers",Ede & Ravenscroft,Class 1,Class 1,Class 1,Class 1,46 FREDERICK STREET,EH2 1EX,2499
325104.7594,674035.739,artists supplies,John Mathieson,Class 1,Class 1,Class 1,Class 1,48 FREDERICK STREET,EH2 1EX,2500
325103.6509,674039.0645,photo processing,Film 1 hour photo,Class 1,Class 1,Class 1,Class 1,48A FREDERICK STREET,EH2 1EX,2501
325096.0645,674067.8475,artists supplies,Sime Malloch,Class 1,Class 1, , , , ,2502
327341.6186,668072.161900001,hairdresser,Heads & Things,Class 1,Class 1, , , , ,2503
326230.4318,668506.5173,public house,Stables Bar,SUI GENERIS,SUI GENERIS, , , , ,2504
326504,668105,garden centre,Klondyke,Class 1,Class 1, , , , ,2505
326126,674655,residential, ,Class 1,Class 9, , , , ,2506
325650.4474,673420.8563,books,Bauermeister,Class 1,Class 1,Class 2,Class 2,10-11 GEORGE IV BRIDGE,EH1 1EE,2507
325652.4488,673413.7291,take-away food,Millers,Class 1,Class 1,Class 1,Class 1,13 GEORGE IV BRIDGE,EH1 1EE,2508
325656.16,673405.530400001,stationery,Bauermeister,Class 1,Class 1,Class 3,Class 3,15-16 GEORGE IV BRIDGE,EH1 1EE,2509
325659.917,673390.469599999,books,Bauermeister,Class 1,Class 1,Class 1,Class 3,19 GEORGE IV BRIDGE,EH1 1EE,2510
325663,673366,restaurant,Elephant House,Class 1,Class 3, , , , ,2511
325677.5304,673342.243000001,ladies clothing (oriental dance costumes & accessories),Bazaar,Class 1,Class 1,Class 1,SUI GENERIS,27 GEORGE IV BRIDGE,EH1 1EN,2512
325681.1822,673330.530400001,letting agency,Greyfriars Letting Agents,Class 1,Class 2,Class 2,Class 1,29-30 GEORGE IV BRIDGE,EH1 1EN,2513
325684.2652,673322.2652,amusement centre,Bob's of Greyfriars,Class 11,Class 11,Vacant, , , ,2514
325686.917,673314.84,hot food take-away,Pizza Paradise,Class 1,SUI GENERIS,SUI GENERIS, , , ,2515
325699.4311,673358.530400001,vacant, ,Class 1,Vacant,Class 3,Class 3,37-39 GEORGE IV BRIDGE,EH1 1EL,2516
325685.7793,673399.6963,n/t/c,Greyfriars News,Class 1,Class 1, , , , ,2517
325684.3481,673403.6741,tobacconist,M.T. MacDonald,Class 1,Class 1,SUI GENERIS,SUI GENERIS,48 GEORGE IV BRIDGE,EH1 1EJ,2518
325682.5526,673408.044399999,public house,O'Briens,Class 3,SUI GENERIS, , , , ,2519
325680.9615,673414.6741,public house,Scruffy Murphy's,Class 3,SUI GENERIS, , , , ,2520
325055.9735,673936.911699999,outdoor & travel clothing,Rohan,Class 1,Class 1,Class 1,Class 1,86 GEORGE STREET,EH2 3BU,2521
325050.2706,673935.197000001,bank,Royal Bank of Scotland (Mortgages),Class 2,Class 2,Class 2,Class 2,86B GEORGE STREET,EH2 3BU,2522
325041.2971,673932.5645,jeweller,Mappin & Webb,Class 1,Class 1,Class 1,Vacant,88 GEORGE STREET,EH2 3DF,2523
323419.638,672465.1383,charity  shop,Barnardos,Class 1,Class 1, , , , ,2524
323412.4574,672463.0107,information office,Gorgie Dalry Housing Impr. Centre,Vacant,Class 2,Vacant,Vacant,28 GORGIE ROAD,EH11 2LZ,2525
323349.3298,672446.6702,chemist,Alexander Walker,Class 1,Class 1,Class 1,Class 1,62-64 GORGIE ROAD,EH11 2NB,2526
323342.1276,672444.6917,post office,Post Office,Class 1,Class 1,Class 4,Class 1,66 GORGIE ROAD,EH11 2NB,2527
323331.6595,672466.127599999,second-hand goods,Something Old Something New, ,Class 1, , , , ,2528
323329.0638,672441.681,n/t/c,Ramzan & Sons,Class 1,Class 1,Class 1,Vacant,76 GORGIE ROAD,EH11 2NB,2529
323324.5426,672440.351199999,food take-away,Anita's,Class 1,Class 1,Vacant,Vacant,78 GORGIE ROAD,EH11 2NB,2530
323320.5534,672439.021500001,hardware,Gorgie Universal Stores,Class 1,Class 1,SUI GENERIS,Vacant,82 GORGIE ROAD,EH11 2NB,2531
323251.4036,672411.1807,public house,Tynecastle Arms,SUI GENERIS,SUI GENERIS,SUI GENERIS,SUI GENERIS,92-94 GORGIE ROAD,EH11 2NP,2532
323247.1807,672409.4681,games,Chicago Games,Class 1,Class 1,Class 1,Vacant,98 GORGIE ROAD,EH11 2NP,2533
323243.4574,672407.340500001,vacant, ,Class 2,Vacant,Class 1,Class 1,100 GORGIE ROAD,EH11 2NP,2534
323237.7764,672404.733999999,fishmonger,D. McPherson,Class 1,Class 1,Class 1,Class 1,102 GORGIE ROAD,EH11 2NP,2535
323235.3828,672403.1383,grocer,D. McPherson,Class 1,Class 1,Class 1,Class 1,104 GORGIE ROAD,EH11 2NP,2536
323232.4574,672401.5426,ladies clothing,Jan's Boutique,Class 1,Class 1,Class 4,Class 2,104A GORGIE ROAD,EH11 2NP,2537
323230.0638,672399.946900001,jeweller,Continental Jewellers,Class 1,Class 1,Class 4,Class 1,108 GORGIE ROAD,EH11 2NP,2538
323227.4043,672398.6172,vacant, ,Class 1,Vacant,Class 2,Class 2,108A-110A GORGIE ROAD,EH11 2NP,2539
323219.7233,672393.6064,hairdresser,Debbie's Beauty Salon,Class 1,Class 1,Vacant,Vacant,110B GORGIE ROAD,EH11 2NP,2540
323210.7764,672388.0638,videotape hire,Videotech,Class 4,Class 1,Vacant,Class 1,112 GORGIE ROAD,EH11 2NR,2541
323207.319,672386.202099999,vacant, ,Class 1,Vacant,SUI GENERIS,Vacant,112A GORGIE ROAD,EH11 2NR,2542
323204.3936,672384.0745,amusement arcade,Johnny's Entertainments,Class 11,Class 11,Class 11,Class 11,114 GORGIE ROAD,EH11 2NR,2543
323201.4681,672382.478800001,vacant, ,Class 1,Vacant,SUI GENERIS,SUI GENERIS,118 GORGIE ROAD,EH11 2NR,2544
323197.1807,672380.5319,grocer,Quality Cusine,Class 1,Class 1,Class 4,SUI GENERIS,120 GORGIE ROAD,EH11 2NR,2545
323192.6595,672377.340500001,vacant, ,Class 1,Vacant,Class 4,Class 2,122 GORGIE ROAD,EH11 2NR,2546
323188.1383,672374.946900001,confectioner,R.S. McColl,Class 1,Class 1,Class 1,Class 1,126-128 GORGIE ROAD,EH11 2NR,2547
323183.3083,672371.202099999,tattoo studio,Ace Tattoo Studio,Class 1,Class 2,Class 2,Class 2,130 GORGIE ROAD,EH11 2NS,2548
323179.8509,672369.340500001,grocer (licensed),Utility Store,Class 1,Class 1,Class 1,Class 1,132 GORGIE ROAD,EH11 2NS,2549
323177.1914,672367.7448,vacant, ,Class 1,Vacant, , , , ,2550
325679.6355,673418.1215,ladies clothing,Cottonfield,Vacant,Class 1,SUI GENERIS,SUI GENERIS,51 GEORGE IV BRIDGE,EH1 1EJ,2551
325678.4311,673423.083000001,hot food take-away,The Forrest,SUI GENERIS,SUI GENERIS,SUI GENERIS,SUI GENERIS,52 GEORGE IV BRIDGE,EH1 1EJ,2552
325676.84,673428.5526,public house,Bar Kohl,SUI GENERIS,SUI GENERIS, , , , ,2553
325682.5911,673437.5911,veterinary surgery,P.D.S.A.,Class 2,Class 2, , , , ,2554
325363.8475,674065.1965,printers,Xerox Copy Centre,Class 4,Class 4,Class 4,Class 1,27(GF) GEORGE STREET,EH2 2PA,2555
325352.217,674063.0032,bank,Clydesdale Bank,Class 2,Class 2,SUI GENERIS,SUI GENERIS,29-31 GEORGE STREET,EH2 2PA,2556
325315.7358,674053.1997,florist,The Edinburgh Flower Shop,Class 1,Class 1,Class 1,Class 1,33 GEORGE STREET,EH2 2HN,2557
325312.0409,674052.0912,n/t/c,Nagra,Class 1,Class 1,Class 1,Class 3,33A GEORGE STREET,EH2 2HN,2558
325308.3459,674050.9827,telephones,Phone-In, ,Class 1,Class 1,Class 1,33B GEORGE STREET,EH2 2HN,2559
325304.6509,674049.874199999,stationery,Waterston,Class 1,Class 1,Class 1,Class 1,35 GEORGE STREET,EH2 2HN,2560
325299.6069,674048.349099999,ladies clothing,Escada, ,Class 1,Class 1,Class 1,35A GEORGE STREET,EH2 2HN,2561
325295.5424,674047.240599999,hairdresser,Brian Drumm,Class 1,Class 1,Class 1,Class 1,37A GEORGE STREET,EH2 2HN,2562
325291.478,674046.132099999,hairdresser,Brian Drumm,SUI GENERIS,Class 1, , , , ,2563
325280.695,674043.8506,wine merchant,Oddbins,Class 1,Class 1, , , , ,2564
325271.695,674041.220100001,clothing,Austin Reed,Class 1,Class 1, , , , ,2565
325264.8035,674039.220100001,mens clothing,Savoy Taylors Guild & Moss Bros.,Class 1,Class 1,Class 1,Class 1,43(GF) GEORGE STREET,EH2 2HT,2566
325258.0204,674037.4812,wine merchant,Justerini & Brooks, ,Class 1, , , , ,2567
325248.4984,674034.2642,ladies clothing,Liberty,Class 1,Class 1,Class 1,Class 1,47 GEORGE STREET,EH2 2HT,2568
325244.434,674032.7862,ladies clothing,Phase Eight,Class 1,Class 1,Class 1,Class 1,47B GEORGE STREET,EH2 2HT,2569
325226.5865,674026.959100001,cosmetics,Face,Class 2,Class 1,SUI GENERIS,SUI GENERIS,51A GEORGE STREET,EH2 2HT,2570
325220.6745,674025.8506,knitwear,Edinburgh Woollen Mill,Class 1,Class 1,Class 1,Class 1,53(GF) GEORGE STREET,EH2 2HT,2571
325207.8679,674022.284600001,books,James Thin,Class 1,Class 1,Class 1,Class 1,57 GEORGE STREET,EH2 2JQ,2572
325191.6101,674017.8506,ladies clothing,United Colours of Benetton,Class 1,Class 1,Class 1,Class 1,61 GEORGE STREET,EH2 2JG,2573
325183.695,674015.067600001,clothing,Crombie,Class 1,Class 1,Class 1,Class 1,63 GEORGE STREET,EH2 2JG,2574
325167.8475,674010.1525,ladies & mens clothing,Cashmere Store,Class 1,Class 1,Class 1,Class 1,67(GF) GEORGE STREET,EH2 2JG,2575
325152.522,674005.1965,bank,Bank of Scotland,Class 2,Class 2,Class 2,Class 2,69 GEORGE STREET,EH2 2JG,2576
325087.8679,673986.8035,clothing,Aitken & Niven,Class 1,Class 1,Class 1, , , ,2577
325070.8475,673982.305,financial services - insurance,Commercial Union,Class 4,Class 2, , , , ,2578
325057.8035,673978.1525,books,Waterstones,Class 1,Class 1, , , , ,2579
325044.1085,673974.6305,jeweller,Hamilton & Inches,Class 1,Class 1,Class 1,Class 1,87-87A GEORGE STREET,EH2 3ES,2580
325035.261,673972.3255,hardware,James Gray & Son,Class 1,Class 1,Class 1,Class 1,89-89A GEORGE STREET,EH2 3ES,2581
324979.2282,673956.7925,bank,Bank of Scotland,Class 2,Class 2, , , , ,2582
324919.9119,673940.522,bank,Royal Bank of Scotland,Class 2,Class 2,Class 2,Class 2,109-109A GEORGE STREET,EH2 4JN,2583
324865.3695,673924.8302,books,Wesley Owen Books & Music,Class 1,Class 1, , , , ,2584
324827.9119,673914.566,converted to offices, ,Class 1,Class 4, , , , ,2585
324820.522,673912.718599999,converted to offices, ,Class 2,Class 4, , , , ,2586
324811.478,673908.979599999,vacant, ,Class 2,Vacant, , , , ,2587
324800.3931,673905.654100001,vacant, ,Class 1,Vacant, , , , ,2588
324791.8915,673903.393100001,butcher,T.G. Willis,Class 1,Class 1,Class 3,Class 3,135 GEORGE STREET,EH2 4JS,2589
324783.0,673899.979599999,office,Scottish Claymores (American Football),Class 1,Class 4,Class 3,Class 3,137 GEORGE STREET,EH2 4JY,2590
324773.3931,673897.023600001,computers,Silica,Vacant,Class 1,Class 1,Class 1,141 GEORGE STREET,EH2 4JY,2591
325442.625,674039.1996,restaurant & club,Frazers / Dome Bar & Grill,Class 2,Class 3,SUI GENERIS,SUI GENERIS,14(BF) GEORGE STREET,EH2 2PF,2592
325439.023,674038.0736,vacant, , ,Vacant, , , , ,2593
325410.2859,674036.4113,insurance,Standard Life, ,Class 4,Class 2,Class 3,16 GEORGE STREET,EH2 2PF,2594
325326.2471,674015.014699999,travel agent,Going Places,Class 1,Class 1,Class 3,Class 3,30 GEORGE STREET,EH2 2LE,2595
328360.5412,668475.7513,hairdresser,Hairstyle,Class 1,Class 1,Class 1,Vacant,14 GILMERTON DYKES STREET,EH17 8JX,2596
328366.5226,668478.0253,baker,Gilmerton Bakery,Class 1,Class 1,Class 1,Class 1,16 GILMERTON DYKES STREET,EH17 8JX,2597
328371.1409,668479.757999999,grocer,Sams Grocers,Class 1,Class 1, , , , ,2598
328377.9175,668482.0572,grocer,Sams Grocers,Class 1,Class 1, , , , ,2599
328382.637,668483.9934,n/t/c & post office,J. Gilhooley,Class 1,Class 1,Class 1,Class 1,26 GILMERTON DYKES STREET,EH17 8JX,2600
328701.8807,668432.589500001,supermarket,Cost-u-Less,Class 1,Class 1,Class 1,Class 1,(60) GILMERTON DYKES STREET,EH17 8LQ,2601
327781.8194,670223.289799999,public house,Rob Roy,SUI GENERIS,SUI GENERIS, , , , ,2602
328266.4394,669705.9066,public house,Robin's Nest Inn,SUI GENERIS,UNKNOWN USE,SUI GENERIS,SUI GENERIS,391 GILMERTON ROAD,EH17 7PX,2603
327284,670642,service station,B.P.,SUI GENERIS,SUI GENERIS, , , , ,2604
328251.7197,669672.5328,service station,Gulf,SUI GENERIS,SUI GENERIS, , , , ,2605
324886.7499,672732.751800001,office, ,Class 4,Class 4,Class 2,Class 2, , ,2606
324568,672633,printers & stationers,Central Printing Co.,Class 4,Class 4, , , , ,2607
324534,672610,upholsterer,Town & Country,Vacant,Class 4, , , , ,2608
324534,672610,office,Andrew J. Gilbertson,Class 4,Class 4, , , , ,2609
324534,672610,vacant, ,Vacant,Vacant,Class 2,Class 2,93 GILMORE PLACE,EH3 9NU,2610
324534,672610,restaurant (Vietnamese),Hanoi Restaurant,Class 3,Class 3,Class 3,Vacant,95 GILMORE PLACE,EH3 9NU,2611
324430,672528,ventilation engineers,n/a,Class 4,Class 4,Class 4,Class 2,119 GILMORE PLACE,EH3 9PP,2612
324430,672528,vacant, ,Class 1,Vacant,Vacant,Vacant,123 GILMORE PLACE,EH3 9PP,2613
324430,672528,printers,Alan Kane Printing,Class 2,Class 4,Class 4,Class 1,125 GILMORE PLACE,EH3 9PP,2614
324418,672518,"ornaments, bric-a-brac",Collector Centre,Class 1,Class 1,Class 1,Class 1,127 GILMORE PLACE,EH3 9PP,2615
324418,672518,"t.v. & video repairs, aerial installation",Atlas Electronic,Class 2,Class 1,Class 1,Vacant,131 GILMORE PLACE,EH3 9PP,2616
324418,672518,charity office,Meningitis Research Foundation,Vacant,Class 4, , , , ,2617
324418,672518,vacant, ,Class 1,Vacant, , , , ,2618
324408,672511,vacant, ,Vacant,Vacant,Class 1,Class 4,137 GILMORE PLACE,EH3 9PP,2619
323152.5212,672355.0107,vacant, ,Class 1,Vacant,Class 1,Class 2,150-152 GORGIE ROAD,EH11 2NT,2620
323146.6702,672353.414999999,photo processing / dry cleaners,Klick / Munro,Class 1,Class 1,Vacant,Vacant,156 GORGIE ROAD,EH11 2NT,2621
323139.9785,672351.0745,vacant, ,Class 1,Vacant,Class 2,Class 1,158 GORGIE ROAD,EH11 2NT,2622
323137.0531,672350.276699999,hairdresser,Shirleys,Class 1,Class 1,Class 1,Class 1,160 GORGIE ROAD,EH11 2NT,2623
323134.1276,672349.2129,food take-away,Bigger Bites,SUI GENERIS,Class 1,Vacant,SUI GENERIS,162 GORGIE ROAD,EH11 2NT,2624
323131.4681,672348.1491,hairdresser,Beverly Paul,Class 2,Class 1,Class 1,Class 1,166 GORGIE ROAD,EH11 2NT,2625
323128.2767,672347.6172,greeting cards,Wynn Cards,Class 1,Class 1,Class 1,Class 1,168 GORGIE ROAD,EH11 2NT,2626
323123.1169,672345.0853,chemist,JM Toiletries,Class 1,Class 1,Class 1,Class 2,170 GORGIE ROAD,EH11 2NT,2627
323117.5319,672343.489600001,bank,T.S.B.,Class 2,Class 2,Class 2,Class 2,174-176 GORGIE ROAD,EH11 2NT,2628
323069.3083,672327.404300001,ladies clothing,Factor 3,Class 1,Class 1, , , , ,2629
323063.4574,672325.276699999,ladies clothing,Factor 3,Class 1,Class 1, , , , ,2630
323060.266,672323.681,optician,Optical Express,Class 1,Class 1,Class 1,Class 1,200 GORGIE ROAD,EH11 2NX,2631
323056.8086,672322.351199999,jeweller,Scotts,Class 1,Class 1,Class 1,Class 1,202 GORGIE ROAD,EH11 2NX,2632
323051.8617,672320.6702,hairdresser,Sams,Class 1,Class 1,Class 1,Class 1,204 GORGIE ROAD,EH11 2NX,2633
323048.1383,672319.340500001,fishmonger,B. Wilson,Class 1,Class 1,Class 1,Class 1,206 GORGIE ROAD,EH11 2NX,2634
323044.415,672318.276699999,grocer,Orange Grove,Class 1,Class 1,Class 1,Class 1,208 GORGIE ROAD,EH11 2NX,2635
323023.7126,672309.340500001,wine merchant,Victoria Wine,Class 1,Class 1,Class 1,Vacant,212 GORGIE ROAD,EH11 2PN,2636
323018.9255,672307.2129,grocer,Gorgie Mini-Market,Class 1,Class 1,Class 1,Class 1,214 GORGIE ROAD,EH11 2PN,2637
323011.8617,672304.7448,pets & pet supplies,Edina Pets,Class 1,Class 1,Class 1,Class 1,216 GORGIE ROAD,EH11 2PN,2638
323007.8724,672303.1491,grocer,Green Grocer,Class 1,Class 1,Class 1,Class 1,218 GORGIE ROAD,EH11 2PN,2639
323004.415,672301.553400001,travel agent,Scotmid Travel,Class 1,Class 1,Class 1,Class 1,222 GORGIE ROAD,EH11 2PN,2640
324408,672511,glaziers,Viewforth Glazing,Class 1,Class 4,Class 4,Class 4,139 GILMORE PLACE,EH3 9PP,2641
324386.2678,672496.699899999,office systems & equipment,Business & Electronic Systems,Vacant,Class 2, ,Class 2,141 GILMORE PLACE,EH3 9PW,2642
324382.6393,672493.978499999,polishers,Berlands Metal Polishers,Class 1,Class 4,Class 4,Class 4,143 GILMORE PLACE,EH3 9PW,2643
324379.0108,672491.257099999,plumbers,Whites,Class 4,Class 4,Class 4,Class 4,145 GILMORE PLACE,EH3 9PW,2644
324374.6393,672487.6285,vacant, ,Class 2,Vacant, , , , ,2645
324371.4643,672485.814300001,photographic studio,ANM Photographics,Vacant,Class 2,Class 9,Class 9, , ,2646
324367.8358,672483.092900001,vacant, ,Class 1,Vacant, , , , ,2647
324363.2786,672479.535700001,knitwear,Duncan Stewart,Class 1,Class 1, , , , ,2648
324360.5572,672476.3607,vacant, ,Class 2,Vacant, , , , ,2649
324356.4751,672473.185699999,second-hand furniture,Doktor Findlay,Class 1,Class 1, , , , ,2650
324351.825,672469.175000001,taxi office,Central Radio Taxis,Class 4,Class 4,Class 4,Class 4,163-165 GILMORE PLACE,EH3 9PW,2651
324347.7429,672466.453600001,restaurant,Pasquales,Class 3,Class 3,Class 3,Class 3,169-173 GILMORE PLACE,EH3 9PW,2652
324344.6285,672462.978499999,hot food take-away,The International Takeaway,SUI GENERIS,SUI GENERIS,SUI GENERIS,SUI GENERIS,175-177 GILMORE PLACE,EH3 9PW,2653
324341.0,672460.257099999,security systems,Intruder Detection & Electrical Supplies,Class 4,Class 4, , , , ,2654
324332.8035,672452.885600001,accountants,B.G. Connor & Co.,Class 1,Class 2,Class 2,Class 2,185 GILMORE PLACE,EH3 9PW,2655
324328.2678,672449.257099999,vacant, ,Class 1,Vacant,Vacant,Vacant,187 GILMORE PLACE,EH3 9PW,2656
324323.2786,672446.0821,furniture,Oak & Pine Furniture,Vacant,Class 1,Class 1,Class 9, , ,2657
324319.1965,672442.907099999,decorators,A & W Interiors,Class 4,Class 4,Class 4,Class 9, , ,2658
324315.1144,672439.7322,decorators,A & W Interiors,Class 4,Class 4,Class 4,Vacant, , ,2659
324307.1965,672433.453600001,vacant, ,Class 2,Vacant,Class 2,Vacant,197 GILMORE PLACE,EH3 9PW,2660
324806.7494,672739.503599999,grocer,Khyber Stores,Class 1,Class 1, , , , ,2661
324801,672743,residential, ,Class 4,Class 9, , , , ,2662
324793,672741,doctor's surgery,Dr. A. Leckie,Class 2,Class 2, , , , ,2663
324605,672694,jeweller & watchmaker,n/a,Class 1,Class 1,Class 1,Vacant,50C GILMORE PLACE,EH3 9NX,2664
324546,672669,service station,Forall's Garage & Showroom,SUI GENERIS,SUI GENERIS,SUI GENERIS,SUI GENERIS,66 GILMORE PLACE,EH3 9NX,2665
324559,672669,children's nursery,Rainbow Kindergarten,Class 4,Class 10,Class 10,Class 10, , ,2666
324515,672638,grocer,Leamington Mini Market (Day Today),Class 1,Class 1, , , , ,2667
324559,672669,grocer,Leamington Mini Market (Day Today),Class 1,Class 1,Class 9,Class 9, , ,2668
324515,672638,grocer,Leamington Mini Market (Day Today),Class 1,Class 1, , , , ,2669
327712.2419,675801.758099999,chemist,John Noble,Class 1,Class 1, , , , ,2670
324671.6501,674523.125299999,grocer,Naim Brothers,Class 2,Class 1,Class 1,Class 1,1 GLANVILLE PLACE,EH3 6SZ,2671
324667.2861,674526.9858,"locks, nameplates, key cutting",Edina Lock & Key Co.,Class 1,Class 1,Vacant,Class 1,3 GLANVILLE PLACE,EH3 6SZ,2672
324658.9221,674534.5177,restaurant,Monty's,Class 1,Class 3,Class 3,Class 3,4-6 GLANVILLE PLACE,EH3 6SZ,2673
319231.7544,672823.444499999,pets & pet supplies,Petsmart, ,Class 1, , , , ,2674
319269.6579,672864.702299999,computer supplies,PC World, ,Class 1,Class 1,Class 1,1-17 GLASGOW ROAD,EH12 8HH,2675
319183,672870,restaurant,Lightbody's,Class 3,Class 3,Class 3,Class 3,23 GLASGOW ROAD,EH12 8HW,2676
318022.6993,672654.6669,d.i.y.,Great Mills, ,Class 1,Class 1,Class 1,113 GLASGOW ROAD,EH12 8LU,2677
318020.9103,672664.722200001,garden centre,Great Mills,Class 1,Class 1, , , , ,2678
319218.0943,672928.677100001,hairdresser,A & E Turvey & Co.,Class 1,Class 1,Class 1,Class 1,14 GLASGOW ROAD,EH12 8HL,2679
319214.4612,672927.727399999,pets & pet supplies,Corstorphine Pets,Class 1,Class 1,Class 1,SUI GENERIS,18 GLASGOW ROAD,EH12 8HL,2680
319210.9497,672926.849099999,hot food take-away,n/a,SUI GENERIS,SUI GENERIS, , , , ,2681
319206.6897,672925.9937,hot food take-away,n/a,Class 1,SUI GENERIS, , , , ,2682
319203.3354,672925.157199999,n/t/c,n/a,Class 1,Class 1,Class 1,Class 1,24 GLASGOW ROAD,EH12 8HL,2683
319199.3103,672924.3166,grocer (Japanese food),n/a,Vacant,Class 1, , , , ,2684
319195.6206,672923.6457,electrical parts,n/a,Class 1,Class 1,SUI GENERIS,SUI GENERIS,28 GLASGOW ROAD,EH12 8HL,2685
318310.1558,672783.4037,residential (guest house), ,Class 1,Class 9,Class 1,Class 1,144A GLASGOW ROAD,EH12 8LS,2686
324517.8477,674884.974300001,vacant, ,Class 1,Vacant, , , , ,2687
327780.3608,669993.343599999,vacant, ,Vacant,Vacant,Vacant,Class 1,33 GLENVARLOCH CRESCENT,EH16 6AS,2688
327775.2955,669991.9175,vacant, ,Class 1,Vacant,Class 4,Class 9, , ,2689
327769.3608,669990.343599999,n/t/c,K. Ali,Class 1,Class 1,Class 1, , , ,2690
327761.3608,669988.343599999,grocer,n/a,Class 1,Class 1, ,Class 1,39-45 GLENVARLOCH CRESCENT,EH16 6AS,2691
327754.33,669986.426100001,vacant, ,Class 1,Vacant,Class 4,Vacant, , ,2692
327747.9347,669984.982799999,wine merchant,"Kingsway Video, Wines & Spirits",Class 1,Class 1,Class 1,Class 9, , ,2693
327741.7045,669983.982799999,videotape hire,"Kingsway Video, Wines & Spirits",Vacant,Class 1, , , , ,2694
327731.1478,669981.982799999,grocer,The Fruit Basket,Class 1,Class 1,Class 1,Class 9,55 GLENVARLOCH CRESCENT,EH16 6AS,2695
327724.9347,669980.982799999,baker,Glenvarloch Bakery,Class 1,Class 1,Class 1,Vacant,59 GLENVARLOCH CRESCENT,EH16 6AS,2696
327717.9347,669979.982799999,vacant, ,Vacant,Vacant,Class 9,Class 9, , ,2697
327709.5739,669978.556700001,post office,Glenvarloch Crescent Post Office,Class 1,Class 1,Class 1,Vacant,65 GLENVARLOCH CRESCENT,EH16 6AS,2698
327700.3608,669977.556700001,decorators,Town & Country Decorators,Class 4,Class 4, , , , ,2699
324688.2245,674452.9221,restaurant,Duncans Land,Class 3,Class 3,Class 3,Class 3,8 GLOUCESTER STREET,EH3 6EG,2700
317213,670869,garden centre,Suntrap Garden & Advice Centre,Class 1,Class 1, , , , ,2701
324738.4079,675863.166099999,optician / optometrist,Rodger & Smalridge, ,Class 1,Class 1,Class 1,1 GOLDENACRE TERRACE,EH3 5QP,2702
323332.2129,672408.797900001,public house,Billy's Bar,SUI GENERIS,SUI GENERIS,SUI GENERIS,SUI GENERIS,73 GORGIE ROAD,EH11 2LA,2703
323318.6702,672405.0,cafe,Jemima's Pantry, ,Class 3, , , , ,2704
323217.8617,672361.053099999,launderette,Bendix Launderette,Class 1,Class 1,Class 1,Class 1,123 GORGIE ROAD,EH11 1TE,2705
323214.4043,672358.3936,vacant, ,Class 2,Vacant,Vacant,Vacant,125 GORGIE ROAD,EH11 1TE,2706
323210.415,672355.733999999,glaziers,Edinburgh Glass & Glazing,Class 4,Class 4,Class 1,Class 1,127 GORGIE ROAD,EH11 1TE,2707
323191.734,672343.2552,sports equipment & clothing,Topsport,Class 1,Class 1,Vacant,Class 1,129 GORGIE ROAD,EH11 1TH,2708
323186.415,672340.0638,pictures & picture framing,McCrae of Gorgie,Class 1,Class 1,Class 11,Class 1,131 GORGIE ROAD,EH11 1TH,2709
323179.5957,672336.521199999,vacant, ,Class 1,Vacant,Class 1,Class 1,133 GORGIE ROAD,EH11 1TH,2710
323176.6702,672334.3936,estate agents,Grigor Hales,Class 1,Class 2,Class 2,Class 2,135 GORGIE ROAD,EH11 1TH,2711
323172.415,672332.5319,optician,Spectacles,Class 1,Class 1,Class 1,Class 1,139 GORGIE ROAD,EH11 1TH,2712
323101.734,672309.521199999,heating engineer / plumber,J. Carlisle,Vacant,Class 4,Class 4,Class 4,165 GORGIE ROAD,EH11 1TJ,2713
323097.2129,672307.9255,estate agents,Caesar & Howie,Class 2,Class 2,Class 2,Class 2,169 GORGIE ROAD,EH11 1TJ,2714
323090.8617,672306.2552,hairdresser,Visage,Class 1,Class 1,Class 1,Class 2,171 GORGIE ROAD,EH11 1TJ,2715
323086.6064,672304.3936,butcher,Chris H. Brand,Class 1,Class 1,Class 1,Class 1,173 GORGIE ROAD,EH11 1TJ,2716
323081.8193,672303.0638,clothing,G. Banks,Class 1,Class 1,Class 1,Class 1,177 GORGIE ROAD,EH11 1TJ,2717
323060.1276,672294.3828,videotape hire,Blockbuster Video,Class 1,Class 1,Class 1,Class 1,179 GORGIE ROAD,EH11 1TT,2718
323054.8086,672291.9893,vacant, ,Class 1,Vacant,Class 3,UNKNOWN USE,183-185 GORGIE ROAD,EH11 1TT,2719
323047.7233,672289.116900001,vacant, ,Class 1,Vacant,Class 11,Class 1,187 GORGIE ROAD,EH11 1TT,2720
323043.734,672287.2552,florist,Clare,Class 1,Class 1,Class 1,Class 1,189 GORGIE ROAD,EH11 1TT,2721
323040.2767,672285.9255,furniture removal,Gorgie Sells and Removals,Class 1,Class 2,Class 1,Class 1,193 GORGIE ROAD,EH11 1TT,2722
323035.6064,672283.723300001,hot food take-away,Marvids Café,Class 3,SUI GENERIS,SUI GENERIS,SUI GENERIS,195 GORGIE ROAD,EH11 1TT,2723
323030.5534,672281.595699999,photographic studio,Islay Studio,Class 2,Class 2,Class 1,Class 1,199 GORGIE ROAD,EH11 1TT,2724
323024.266,672278.446599999,hairdresser,Cutting Crew,Class 1,Class 1,Class 1,Class 1,201 GORGIE ROAD,EH11 1TT,2725
323020.8086,672276.8509,vacant, ,Class 1,Vacant,Class 1,Class 2,203 GORGIE ROAD,EH11 1TT,2726
323017.0853,672275.521199999,betting shop,Ladbrokes,Class 2,Class 2,Class 2,Class 2,205-207 GORGIE ROAD,EH11 1TT,2727
322995.5319,672267.4574,vacant, ,Class 1,Vacant,Class 2,Class 2,213 GORGIE ROAD,EH11 1TU,2728
322990.7448,672266.127599999,electrical goods,Alec's Audio Services,Class 1,Class 1,Class 1,Class 1,217 GORGIE ROAD,EH11 1TU,2729
322986.2236,672264.5319,n/t/c,D. & J. Ewing,Class 1,Class 1,Class 1,Class 1,219 GORGIE ROAD,EH11 1TU,2730
322964.415,672255.797900001,residential, ,Class 1,Class 9,residential,residential, , ,2731
322955.405,672251.8193,public house,Stratfords,SUI GENERIS,SUI GENERIS,SUI GENERIS,SUI GENERIS,227-229 GORGIE ROAD,EH11 1TU,2732
322880.319,672225.9255,vacant, ,Vacant,Vacant, , , , ,2733
322874.4681,672224.3298,vacant, ,Class 1,Vacant, , , , ,2734
322871.0107,672223.5319,vacant, ,Class 1,Vacant,SUI GENERIS,SUI GENERIS,257 GORGIE ROAD,EH11 1TX,2735
322867.0,672222.191400001,charity shop,Lifeline Pregnancy Counselling,Class 1,Class 1,Class 1,Vacant,259 GORGIE ROAD,EH11 1TX,2736
322862.4466,672220.8617,vacant, ,Class 2,Vacant, , , , ,2737
322855.266,672219.0,n/t/c,Newsagent,Class 1,Class 1, , , , ,2738
322851.8086,672217.9362,kitchenware,Homeflare,Class 1,Class 1,SUI GENERIS,Class 1,267 GORGIE ROAD,EH11 1TX,2739
322847.5534,672216.872400001,grocer,Ski Discount Store,Class 1,Class 1,Class 1,Class 1,269 GORGIE ROAD,EH11 1TX,2740
322317.3482,671865.7776,public house,Luckies,SUI GENERIS,SUI GENERIS,SUI GENERIS,SUI GENERIS,437 GORGIE ROAD,EH11 2RT,2741
322053.3559,671706.177999999,tool hire,HSS Tool Hire,Class 1,Class 1, , , , ,2742
322040.6228,671700.125700001,public house,Laich Bar,SUI GENERIS,SUI GENERIS,SUI GENERIS,SUI GENERIS,(477A) GORGIE ROAD,EH11 3AD,2743
321942.2592,671649.3927,furniture,Alma Allan,Class 1,Class 1,Class 9,Class 9, , ,2744
321937.3849,671646.259199999,hairdresser,L. Connor,Class 1,Class 1,Class 1,Class 1,503B GORGIE ROAD,EH11 3AJ,2745
323464.1914,672477.2129,vacant, ,Class 2,Vacant,Vacant,Class 9, , ,2746
323451.1276,672473.808599999,pets & pet supplies,Water Wonders,Class 1,Class 1,Class 1,Class 1,14-16 GORGIE ROAD,EH11 2LZ,2747
323436.585,672469.872400001,charity  shop (furniture),Barnardos,Class 1,Class 1, , , , ,2748
323172.4043,672365.351199999,food take-away,The Gorgie,SUI GENERIS,Class 1, , , , ,2749
323167.7871,672362.404300001,vacant, ,Class 1,Vacant,Vacant,Class 1,140 GORGIE ROAD,EH11 2NS,2750
323164.0638,672360.5426,baker,Cullens,Class 1,Class 1,Class 1,Class 1,142 GORGIE ROAD,EH11 2NS,2751
323160.0745,672358.946900001,travel agent,Sibbald Travel,Class 1,Class 1,Class 1,Class 1,146-148 GORGIE ROAD,EH11 2NS,2752
322999.3083,672298.659499999,baker,Greggs,Class 1,Class 1,Class 1,Class 1,224 GORGIE ROAD,EH11 2PN,2753
322995.319,672297.0638,estate agents,Paul Gebal & Co.,Class 2,Class 2,Class 2,Class 1,226 GORGIE ROAD,EH11 2PN,2754
322991.0638,672295.4681,chemist,Boots,Class 1,Class 1, , , , ,2755
322974.1169,672289.777000001,supermarket,Scotmid,Class 1,Class 1,Class 1,Class 1,234-236 GORGIE ROAD,EH11 2PL,2756
322962.3083,672285.191400001,vacant, ,Class 6,Vacant,Vacant,Vacant,242 GORGIE ROAD,EH11 2PL,2757
322959.6488,672283.8617,vacant, ,Class 1,Vacant,Class 1,Class 1,244 GORGIE ROAD,EH11 2PL,2758
322956.9893,672282.797900001,butcher,Charles F. Stanley,Class 1,Class 1, , , , ,2759
322950.8724,672280.9362,vacant, ,Class 1,Vacant, , , , ,2760
322947.681,672279.872400001,hot food take-away,Kebab Express,Class 1,SUI GENERIS,SUI GENERIS,SUI GENERIS,252 GORGIE ROAD,EH11 2PL,2761
322939.5319,672277.351199999,betting shop,William Hill,Class 2,Class 2,Class 11,Class 1,254-256 GORGIE ROAD,EH11 2PL,2762
322913.5212,672268.0745,sports equipment & clothing,Thompson Sports,Class 1,Class 1,Class 1,Class 1,260 GORGIE ROAD,EH11 2PP,2763
322908.734,672266.7448,butcher,J. Robertson,Class 1,Class 1,Class 1,Class 1,264 GORGIE ROAD,EH11 2PP,2764
322903.9469,672264.6172,shoe repairs,Gorgie Cobblers,Class 1,Class 1,Class 1,Class 1,266 GORGIE ROAD,EH11 2PP,2765
322892.0,672261.2129,advice bureau,Citizens Advice Bureau,Class 2,Class 2,Vacant,Class 2,268-270 GORGIE ROAD,EH11 2PP,2766
322880.4466,672257.872400001,electrical goods,Robertsons,Class 1,Class 1,Class 1,Vacant,274-284 GORGIE ROAD,EH11 2PP,2767
322875.1276,672256.0107,n/t/c,Capital Newsagent,Class 1,Class 1,Class 1,Class 1,288 GORGIE ROAD,EH11 2PP,2768
322869.0107,672254.414999999,clothing,Sheltie,Class 1,Class 1,Vacant,Class 1,290 GORGIE ROAD,EH11 2PP,2769
322863.5319,672252.681,hairdresser,Bitz and Bobz,Class 1,Class 1,Class 1,Class 1,292 GORGIE ROAD,EH11 2PP,2770
322859.5426,672251.6172,dental laboratory,Dental Laboratory,Class 2,Class 2,Class 2,Vacant,294 GORGIE ROAD,EH11 2PP,2771
322856.0853,672250.2874,coffee shop,The Koffee Pot,Class 3,Class 3,Class 3,Class 3,298 GORGIE ROAD,EH11 2PP,2772
322845.9362,672247.6064,bank,Clydesdale Bank,Class 2,Class 2,Vacant,Class 1,302-306 GORGIE ROAD,EH11 2PP,2773
324273.8265,676160.6084,"confectioner, tobacconist",Marcantonio,Class 1,Class 1,Class 1,Class 1,28 GRANTON ROAD,EH5 3QS,2774
324272.7608,676167.736099999,veterinary surgery,Dundas Veterinary Group,Class 2,Class 2,Class 2,Class 2, , ,2775
324272.3482,676172.2392,hairdresser,Bonnie & Clyde,Class 1,Class 1,Class 1,Class 1,36 GRANTON ROAD,EH5 3QS,2776
324271.7831,676175.3259,pets & pet supplies,Noah's Ark,Class 4,Class 1, , , , ,2777
324271.2615,676180.717499999,pets & pet supplies,Noah's Ark,Class 4,Class 1, , , , ,2778
324269.6741,676188.8265,hairdresser,Ray Douglas,Class 1,Class 1,Class 1,Class 1,46 GRANTON ROAD,EH5 3QS,2779
324266.544,676211.7608,n/t/c,M. McMillan  (MacDougal ?),Class 1,Class 1,Vacant,Class 1,48 GRANTON ROAD,EH5 3QU,2780
324265.8265,676216.2392,hot food take-away,Granton Fry,SUI GENERIS,SUI GENERIS,SUI GENERIS,SUI GENERIS,50 GRANTON ROAD,EH5 3QU,2781
324260.544,676248.108999999,grocer,A. Aziz,Class 1,Class 1,Class 1,Class 1,56 GRANTON ROAD,EH5 3QU,2782
324259.4572,676254.956599999,videotape hire,Videochain,Class 1,Class 1,Class 1,Class 1,62 GRANTON ROAD,EH5 3QU,2783
324258.7398,676260.434900001,dairy,Granton Road Dairy,Class 1,Class 1,Class 1,Class 1,64 GRANTON ROAD,EH5 3QU,2784
324234.3048,676423.348200001,hairdresser,Luigi's,Class 1,Class 1,Class 2,Class 2,110 GRANTON ROAD,EH5 3RE,2785
324230.3482,676426.6741,hairdresser,Luigi's,Class 1,Class 1,Class 1,Class 1,112 GRANTON ROAD,EH5 3RE,2786
324226.9133,676429.348200001,chemist,Noble Pharmacy,Class 1,Class 1,Class 1,Class 1,114-116 GRANTON ROAD,EH5 3RE,2787
324220.3048,676459.1735,vacant, ,Class 1,Vacant,Class 11,Class 11,122-126 GRANTON ROAD,EH5 3RF,2788
324227.3048,676471.891000001,vacant, ,Class 1,Vacant,Class 1,Class 1,128 GRANTON ROAD,EH5 3RF,2789
323665.5965,677111.2017,vacant, ,Class 2,Vacant,Class 2,Class 2,2 GRANTON SQUARE,EH5 1HE,2790
323736.2017,677071.4035,hot food take-away,Jaws,SUI GENERIS,SUI GENERIS,SUI GENERIS,SUI GENERIS,6 GRANTON SQUARE,EH5 1HA,2791
325271.5824,673327.0437,bathroom furniture & fittings,Zenith Plumbpoint,Class 1,Class 1,Class 1,Class 1,1 GRASSMARKET,EH1 2HY,2792
325277.9832,673317.2755,household goods,Azteca,Class 1,Class 1,Class 1,Vacant,5 GRASSMARKET,EH1 2HY,2793
325280.906,673311.7223,gifts / café,Helios Fountain,Class 1,Class 1,Class 1,Class 1,7 GRASSMARKET,EH1 2HY,2794
325283.812,673299.862199999,public house,Fiddlers Arms,SUI GENERIS,SUI GENERIS,SUI GENERIS,SUI GENERIS,9-11 GRASSMARKET,EH1 2HY,2795
325311.4468,673291.753599999,clothing,The Grassmarket,Class 1,Class 1,Class 1,Vacant,15 GRASSMARKET,EH1 2HS,2796
325315.5386,673293.7996,clothing,No. 19,Class 1,Class 1,Class 1,Class 1,19 GRASSMARKET,EH1 2HS,2797
325320.9082,673296.507300001,grocer,Gerry's,Class 1,Class 1,Class 1,Class 3,21 GRASSMARKET,EH1 2HS,2798
325324.1232,673297.968699999,antiques,May Mallinson,Class 1,Class 1,Class 1,Class 1,23 GRASSMARKET,EH1 2HS,2799
325331.3695,673300.968699999,trade service,Abbey Trades Services,Class 1,Class 2,Class 1,Class 1,27 GRASSMARKET,EH1 2HS,2800
325335.1691,673302.7223,clothes hire,Butterflies,Class 1,Class 1,Class 1,Class 1,29 GRASSMARKET,EH1 2HS,2801
325460.5386,673360.091800001,florist,Davine,Class 4,Class 1,Class 1,Class 1,63 GRASSMARKET,EH1 2HJ,2802
325504.5386,673382.215,second-hand / retro clothing,W. Armstrong & Son,Class 1,Class 1,Class 1,Class 1,83 GRASSMARKET,EH1 2HJ,2803
325517.1232,673387.215,hot food take-away,Castle Rock Fish Bar,Class 3,SUI GENERIS,SUI GENERIS,SUI GENERIS,87 GRASSMARKET,EH1 2HJ,2804
325294.7996,673349.1545,vacant, ,Class 1,Vacant, , , , ,2805
325306.2923,673346.785,fancy goods,Images of Nepal,Class 1,Class 1,Class 3,Class 3,10 GRASSMARKET,EH1 2JU,2806
322780.5212,672233.0107,public house,Station Tavern,SUI GENERIS,SUI GENERIS,SUI GENERIS,SUI GENERIS,316-320 GORGIE ROAD,EH11 2QZ,2807
322698.4894,672215.5996,n/t/c,A.R. Crawford,Class 1,Class 1,Vacant,Class 1,340 GORGIE ROAD,EH11 2QU,2808
322693.9633,672214.5551,vacant, ,Vacant,Vacant,Vacant,Class 3,342 GORGIE ROAD,EH11 2QU,2809
322687.6963,672213.8588,hot food take-away,Sunset Fish & Chicken Bar,SUI GENERIS,SUI GENERIS,SUI GENERIS,SUI GENERIS,346 GORGIE ROAD,EH11 2QU,2810
322660.7505,672207.1412,tools,Tool Centre,Class 1,Class 1,Class 1,Class 1,348-350 GORGIE ROAD,EH11 2RQ,2811
322656.2244,672206.0967,grocer,The Wee Shop,Class 1,Class 1,Class 1,Class 1,352 GORGIE ROAD,EH11 2RQ,2812
322647.1722,672204.0077,videotape hire,Global Video,Class 1,Class 1, , , , ,2813
325368.242,673372.229599999,restaurant,Pierre Victoire,Class 1,Class 3,Class 3,Class 3,38-40 GRASSMARKET,EH1 2JU,2814
325376.7996,673375.661800001,charity shop,CHSA (Scotland),Class 1,Class 1,Class 1,Class 1,42 GRASSMARKET,EH1 2JU,2815
325417,673390,cafe,Cafe Capri,Class 1,Class 3,Class 3,Class 3,60-64 GRASSMARKET,EH1 2JR,2816
325422.1232,673393.1545,restaurant,Gennaro,Class 3,Class 3,Class 3,Class 3, , ,2817
325428.0459,673395.770400001,knitwear,Bill Baber,Class 1,Class 1,Class 1,Class 1,66 GRASSMARKET,EH1 2JR,2818
325436.9227,673398.908199999,vacant, ,Class 1,Vacant,Class 1,Class 1,70-72 GRASSMARKET,EH1 2JR,2819
325446.215,673403.7391,public house,The Last Drop,SUI GENERIS,SUI GENERIS,SUI GENERIS,SUI GENERIS,74-78 GRASSMARKET,EH1 2JR,2820
325454.3382,673407.862199999,clothing,Loud,Class 1,Class 1,Class 1,Class 1,86 GRASSMARKET,EH1 2JR,2821
325457.5532,673409.3236,leather goods,Arch Leather Co.,Class 2,Class 1,Class 1,Class 1,88 GRASSMARKET,EH1 2JR,2822
325461.6305,673412.2004,public house,Maggie Dickson's,SUI GENERIS,SUI GENERIS,SUI GENERIS,SUI GENERIS,92 GRASSMARKET,EH1 2JR,2823
326935.0835,675905.549699999,food take-away,Greedy Guts,Class 1,Class 1, , , , ,2824
326931.0312,675910.2774,public house,Macphersons,SUI GENERIS,SUI GENERIS,SUI GENERIS,Class 2,5 GREAT JUNCTION STREET,EH6 5HX,2825
324873.2492,673279.501700001,vacant, ,Class 2,Vacant,Class 1,Class 1,24 GRINDLAY STREET,EH3 9AP,2826
322638.1199,672201.9188,videotape hire,Global Video,Class 4,Class 1, , , , ,2827
322633.2457,672200.874299999,car accessories,Carnoisseur,Class 4,Class 1, , , , ,2828
322623.149,672197.740800001,electrical contractors,Preteq Associates,Class 1,Class 4, , , , ,2829
322615.4894,672194.955499999,hairdresser,Sylvia,Class 1,Class 1,Class 1,Class 2,372 GORGIE ROAD,EH11 2RQ,2830
322608.5261,672193.2147,vacant, ,Vacant,Vacant,Vacant,Class 1,376 GORGIE ROAD,EH11 2RQ,2831
322596.3404,672187.9923,wood suppliers,Woodstock,Class 2,Class 1, , , , ,2832
322584.851,672182.421700001,hot food take-away,Saiyem's,SUI GENERIS,SUI GENERIS,SUI GENERIS,SUI GENERIS,386 GORGIE ROAD,EH11 2RQ,2833
322577.2224,672177.822000001,hot food take-away (Chinese),King Wa,SUI GENERIS,SUI GENERIS,SUI GENERIS,SUI GENERIS,388 GORGIE ROAD,EH11 2RQ,2834
322572.3482,672175.036699999,grocer,United Grocers,Class 1,Class 1,Class 1,Class 1,390 GORGIE ROAD,EH11 2RQ,2835
322388,672025,car showroom,Sloan of Edinburgh,SUI GENERIS,SUI GENERIS, , , , ,2836
322322.3636,671921.274700001,n/t/c,G. & J. Gillies,Class 2,Class 1,Class 1,Class 1,472 GORGIE ROAD,EH11 2RY,2837
322319.2302,671917.4449,reconditioned washing machines,Gorgie Domestics,Class 1,Class 1,Class 1,Class 1,474 GORGIE ROAD,EH11 2RY,2838
322315.7486,671913.266899999,pets parlour,"Christine, dog Stylist",Class 2,Class 2,Class 2,Class 2,478 GORGIE ROAD,EH11 2RY,2839
322312.2669,671909.7853,hairdresser,Contrasts,Class 1,Class 1, , , , ,2840
321920.9652,671678.905200001,car park, ,SUI GENERIS,Car park, , , , ,2841
321894.0077,671655.125700001,public house,The Chesser,SUI GENERIS,SUI GENERIS,SUI GENERIS,SUI GENERIS,536 GORGIE ROAD,EH11 3AL,2842
321888.9188,671652.562899999,hot food take away,Chesser Fish Bar,SUI GENERIS,SUI GENERIS,SUI GENERIS,SUI GENERIS,538 GORGIE ROAD,EH11 3AL,2843
321884.7563,671650.0077,office,Federation of Master Builders,Class 1,Class 4, , , , ,2844
321880.6963,671648.2147,videotape hire,Blockbuster,Class 1,Class 1,Class 1,Class 1,542 GORGIE ROAD,EH11 3AL,2845
321876.6963,671645.6073,wine merchant,Victoria Wine,Class 1,Class 1,Class 1,Class 2,544 GORGIE ROAD,EH11 3AL,2846
321872.6518,671642.6963,food take-away,Tastebuds,Class 1,Class 1,Class 1,Class 1,546 GORGIE ROAD,EH11 3AL,2847
321868.9555,671640.3037,hot food take-away,Mac's Takeaway,SUI GENERIS,SUI GENERIS,SUI GENERIS,Class 1,548 GORGIE ROAD,EH11 3AL,2848
321865.3927,671638.2147,hot food take-away,Fortune Court (Lucky Dragon ?),SUI GENERIS,SUI GENERIS,SUI GENERIS,SUI GENERIS,550 GORGIE ROAD,EH11 3AL,2849
321859.6963,671635.6073,post office,Gorgie Post Office,Class 1,Class 1,Class 1,Class 1,552 GORGIE ROAD,EH11 3AL,2850
321856,671633,betting shop,Premier Racing,Class 2,Class 2,Class 2,Class 1,554 GORGIE ROAD,EH11 3AL,2851
321851.3927,671630.955499999,greengrocer & florist,McDowell for Flowers,Class 1,Class 1,Class 1,Class 1,556 GORGIE ROAD,EH11 3AL,2852
321838.6073,671624.955499999,n/t/c,A & N Newsagents,Class 1,Class 1,Class 1,Class 1,560 GORGIE ROAD,EH11 3AL,2853
321713.0435,671659.2783,"tiles, bathroom suites",Pentland Ceramics, ,Class 1,Class 1,Class 1,566-568 GORGIE ROAD,EH11 3XN,2854
321740.9392,671689.173900001,redeveloped, ,Class 1,Redeveloped, , , , ,2855
312953.8126,678416.759400001,fishmonger,A.A. Young,Class 1,Class 1,Class 4,Class 4,4-6 GOTE LANE,EH30 9PS,2856
327825.8093,668267.742799999,vacant, ,Vacant,Vacant,Class 1,Class 1,1 GRACEMOUNT DRIVE,EH16 6RR,2857
327823,668275,vacant, ,Class 1,Vacant,Class 1,Class 1,3 GRACEMOUNT DRIVE,EH16 6RR,2858
327821.1619,668280.5809,chemist,Taylor Pharmacy,Class 1,Class 1,Class 1,Class 1,5 GRACEMOUNT DRIVE,EH16 6RR,2859
327818,668286,hairdresser,Frananne Salon,Class 1,Class 1,Vacant,Vacant,7 GRACEMOUNT DRIVE,EH16 6RR,2860
327816.1619,668291.5809,baker,Fairleys,Class 1,Class 1,Class 1,Class 1,9 GRACEMOUNT DRIVE,EH16 6RR,2861
327813.7428,668298.5809,greengrocer,Rana Foodstore,Class 1,Class 1,Class 1,Class 1,11 GRACEMOUNT DRIVE,EH16 6RR,2862
327811.7428,668303.5809,vacant, ,Class 1,Vacant,Class 1,Class 4,13 GRACEMOUNT DRIVE,EH16 6RR,2863
327817.4191,668314.161900001,hot food take-away (Chinese),Captain's Palace,Class 1,SUI GENERIS,SUI GENERIS,SUI GENERIS,15 GRACEMOUNT DRIVE,EH16 6RR,2864
327822.0,668315.742799999,betting shop,Morrison,Vacant,Class 2,Class 2,Class 2,17 GRACEMOUNT DRIVE,EH16 6RR,2865
327831.0665,668320.3237,hot food take-away,Fryers Delight,SUI GENERIS,SUI GENERIS,SUI GENERIS,SUI GENERIS,19 GRACEMOUNT DRIVE,EH16 6RR,2866
327809,668354,supermarket,Scotmid,Class 1,Class 1,Class 1,Class 1,21 GRACEMOUNT DRIVE,EH16 6RP,2867
327881.3525,668305.867000001,public house,Captain's Cabin,SUI GENERIS,SUI GENERIS, , , , ,2868
327813,668783,grocer,Family Choice Store,Class 1,Class 1,Vacant,Class 1,94 GRACEMOUNT DRIVE,EH16 6QZ,2869
327813,668783,vacant, ,Class 1,Vacant,Vacant,SUI GENERIS,96 GRACEMOUNT DRIVE,EH16 6QZ,2870
326472.8759,671830.662699999,wine merchant,Thresher,Class 1,Class 1,Class 1,Class 1,1 GRANGE LOAN,EH9 2NP,2871
326467.4582,671830.671399999,wine merchant,Threshers,Class 1,Class 1, , , , ,2872
326460.5418,671849.694499999,storage,Sadiq Stores,Vacant,Class 2, , , , ,2873
326457.5012,671847.3803,furniture,Grange Reproductions,Class 1,Class 1, , , , ,2874
326453.2132,671845.282400001,delicatessen,Grange Delicatessen,Class 1,Class 1,Vacant,Class 9, , ,2875
326449.0286,671842.296700001,cafe,Chinese Cafe,Class 3,Class 3, , , , ,2876
326444.5418,671840.198899999,electricians,Pentland Electrical Services,Class 4,Class 4, , , , ,2877
326441.4121,671837.9539,vacant, ,Vacant,Vacant, , , , ,2878
326437.2132,671835.1066,plumbers & electricians,G. Gilhooley,Class 4,Class 4,Class 4,Class 4,22 GRANGE LOAN,EH9 2NR,2879
326432.6945,671831.717599999,dry cleaner,The Chinese Laundry Co. Ltd.,Class 1,Class 1,Class 1,Class 1,24 GRANGE LOAN,EH9 2NR,2880
326427.8473,671828.4582,dry cleaner,Grange Drycleaners,Class 4,Class 1,Class 1,Class 1,26 GRANGE LOAN,EH9 2NR,2881
326424.4582,671825.9165,vacant, ,Class 4,Vacant,Class 4,Class 4,28 GRANGE LOAN,EH9 2NR,2882
326420.8703,671823.4121,dancing school,Heritage House Scottish Official Board of Highland Dancing (SOBHD),Class 4,Class 11,Class 4,Class 4,32 GRANGE LOAN,EH9 2NR,2883
326343.5073,672159.4614,curtains,June Thompson,Class 1,Class 1, , , , ,2884
326334.3382,672157.507300001,antiques & bric-a-brac,Magpie's Nest,Class 1,Class 1,Class 2,Class 2,4 GRANGE ROAD,EH9 1UH,2885
326329.6618,672156.338199999,interior designer,Wild Woodpine,Class 4,Class 4,Class 4,Class 4,5 GRANGE ROAD,EH9 1UH,2886
326322.9687,672153.7996,second-hand clothing,New to You,Class 1,Class 1,Class 1,Class 1,5A GRANGE ROAD,EH9 1UH,2887
326319.1691,672152.922700001,electricians,Nicholson Brothers,Class 4,Class 4, , , , ,2888
326306.1691,672149.876800001,wholesale business,Bannerman Essence & Flavour Blenders,Class 2,Class 2,Class 1,Class 1,7A GRANGE ROAD,EH9 1UH,2889
322357.0,676623.2103,"grocer, n/t/c & post office",Mace (West Granton Community Shop), ,Class 1, , , , ,2890
324260.3036,676465.2392,office,n/a,Class 1,Class 4, , , , ,2891
324236.6295,676610.651799999,tow-bars & trailers,Indespension,Class 1,Class 1,Vacant,Class 1,133 GRANTON ROAD,EH5 3NJ,2892
324235.4337,676616.1524,tool & plant hire,ET Hire,Class 1,Class 1,Vacant,Class 1,133A GRANTON ROAD,EH5 3NJ,2893
324234.4771,676622.1313,tow-bars & trailers,Indespension,Class 1,Class 1,Class 1,Class 1,137 GRANTON ROAD,EH5 3NJ,2894
324228.456,676663.6084,hot food take-away (Chinese),New Happy Palace,SUI GENERIS,SUI GENERIS,SUI GENERIS,SUI GENERIS,145 GRANTON ROAD,EH5 3NL,2895
324226.6952,676674.2169,n/t/c,J. & M. Graham,Class 1,Class 1, , , , ,2896
324225.9777,676678.5217,vacant, ,Class 1,Vacant, , , , ,2897
324225.2602,676683.0657,baker,Laurie's Home Bakery,Class 1,Class 1, , , , ,2898
324224.7819,676686.413899999,grocer & wine merchant,Younis Bros.,Class 1,Class 1,Class 1,Vacant,157 GRANTON ROAD,EH5 3NL,2899
325313.1691,673349.785,public house,Black Bull,SUI GENERIS,SUI GENERIS,SUI GENERIS,SUI GENERIS,12 GRASSMARKET,EH1 2JU,2900
325333.1691,673357.615900001,public house,Beehive Inn,Class 3,SUI GENERIS,SUI GENERIS,SUI GENERIS,18-20 GRASSMARKET,EH1 2JU,2901
325343.3987,673362.292300001,restaurant,Mamma's,Class 4,Class 3, , , , ,2902
325350.121,673364.6305,restaurant,Mamma's,Class 3,Class 3, , , , ,2903
325357.785,673367.3695,public house,White Hart Inn,SUI GENERIS,SUI GENERIS,SUI GENERIS,SUI GENERIS,34 GRASSMARKET,EH1 2JU,2904
324868.2501,673281.750800001,confectioner,Mahtab Tabatabai,Class 1,Class 1,Vacant,Vacant,28 GRINDLAY STREET,EH3 9AP,2905
324855.5074,673287.261499999,restaurant (Chinese),Loon Fung,Class 3,Class 3,Class 3,Class 3,32-34 GRINDLAY STREET,EH3 9AP,2906
324845.2535,673292.752699999,nightclub,Citrus Club,SUI GENERIS,SUI GENERIS,SUI GENERIS,SUI GENERIS,40-42 GRINDLAY STREET,EH3 9AP,2907
324834.7523,673298.253,vacant, ,Class 3,Vacant,Class 3,Class 3,44 GRINDLAY STREET,EH3 9AP,2908
324825.9981,673302.505000001,books,H.M.S.O. Bookshop,Class 1,Class 1, , , , ,2909
322027.9848,675539.811899999,betting shop,William Hill,Class 2,Class 2,Class 2,Class 2,"4-4A GROATHILL ROAD, NORTH",EH4 2SW,2910
322030.8645,675532.759400001,hot food take-away,Groathill Fish Bar,SUI GENERIS,SUI GENERIS,SUI GENERIS,SUI GENERIS,"6 GROATHILL ROAD, NORTH",EH4 2SW,2911
322032.1577,675527.879699999,fancy goods,Bargain Store,Class 1,Class 1,Vacant,Class 1,"8 GROATHILL ROAD, NORTH",EH4 2SW,2912
322033.5713,675523.4661,hot food take-away (Chinese),New Lucky Home,SUI GENERIS,SUI GENERIS,SUI GENERIS,SUI GENERIS,"8A GROATHILL ROAD, NORTH",EH4 2SW,2913
322034.5713,675519.172900001,baker,MacKenzie Home Bakers,Vacant,Class 1,Class 1,Class 1,"10 GROATHILL ROAD, NORTH",EH4 2SW,2914
322035.8645,675515.0526,hairdresser,Salon Bertalan,Class 1,Class 1, , , , ,2915
322036.8645,675510.0,n/t/c,Groathill Newsagents,Class 1,Class 1, , , , ,2916
324118.6352,673288.0814,restaurant,Omar Khayyam Tandoori,Class 3,Class 3,Class 3,Class 3,1(GF)-3 GROSVENOR STREET,EH12 5ED,2917
324088.0,673265.9869,bank,Clydesdale Bank,Class 2,Class 2,Vacant,Class 3,2 GROSVENOR STREET,EH12 5EG,2918
324353.7674,673212.862600001,"greeting cards, gifts, publishing & secretarial svs.",M. Pressif,Vacant,Class 1,Vacant,Class 3,1 GROVE STREET,EH3 8AF,2919
324355.2139,673208.2601,restaurant,Caribbean Connection,Class 3,Class 3,Vacant,Vacant,3 GROVE STREET,EH3 8AF,2920
324356.7919,673203.263,musical instruments - keyboard,M & S Music,Class 1,Class 1,Class 1,Class 1,7-9 GROVE STREET,EH3 8AF,2921
324358.5015,673198.134400001,"printers, designers, artwork",Grove Printing,Class 4,Class 4,Class 2,Class 2,11 GROVE STREET,EH3 8AF,2922
326926.5548,675915.2985,ladies clothing,Wardrobe,Class 1,Class 1,Class 1,Class 1,7 GREAT JUNCTION STREET,EH6 5HX,2923
326923.6173,675918.932399999,charity shop,Cancer Research Campaign,Class 2,Class 1,Vacant,Vacant,11 GREAT JUNCTION STREET,EH6 5HX,2924
326919.801,675923.403100001,ladies clothing,Landa Fashions,Class 1,Class 1,Class 1,Class 1,13 GREAT JUNCTION STREET,EH6 5HX,2925
326916.8744,675927.005100001,grocer,Supersave,Class 1,Class 1,Class 1,Class 1,15 GREAT JUNCTION STREET,EH6 5HX,2926
326912.7277,675932.198999999,poulterer & fishmonger,Methven,SUI GENERIS,Class 1,Class 1, , , ,2927
326902.8272,675943.3769,travel agent,Frutin Travel,Class 1,Class 1,Class 1,Class 1,23-29 GREAT JUNCTION STREET,EH6 5HX,2928
326898.1569,675948.172800001,charity shop,Disability Scotland,Class 1,Class 1,Class 1,Vacant,33 GREAT JUNCTION STREET,EH6 5HX,2929
326894.3297,675952.6754,hairdresser,Scissors Technique,Class 2,Class 1,Class 1,Class 1,35 GREAT JUNCTION STREET,EH6 5HX,2930
326890.0523,675957.1779,public house,Tam O'Shanter,SUI GENERIS,SUI GENERIS,SUI GENERIS,SUI GENERIS,39 GREAT JUNCTION STREET,EH6 5HX,2931
326884.8061,675963.2985,betting shop,Ladbrokes,Class 2,Class 2,Class 2,Class 2,41-43 GREAT JUNCTION STREET,EH6 5HX,2932
326880.5287,675967.5759,videotape hire,Blockbuster Express,Class 1,Class 1,Class 1,Class 1,47 GREAT JUNCTION STREET,EH6 5HX,2933
326876.9267,675971.8533,chemist,John F. Rodgers & Son Ltd.,Class 1,Class 1,Class 1,Class 1,49 GREAT JUNCTION STREET,EH6 5HX,2934
326870.9789,675977.874399999,butcher & poulterer,James Anderson,Class 1,Class 1,Class 1,Class 1,51 GREAT JUNCTION STREET,EH6 5HX,2935
326868.5025,675980.801000001,greengrocer,Joyce Rodgers,Class 1,Class 1,Class 1,Class 1,53 GREAT JUNCTION STREET,EH6 5HX,2936
326865.801,675984.1779,shoes,Timpson,Class 1,Class 1,Class 1,Class 1,57 GREAT JUNCTION STREET,EH6 5HX,2937
326863.3246,675987.5548,greengrocer,Fruit Junction,Class 1,Class 1,Class 1,Class 1,59 GREAT JUNCTION STREET,EH6 5HX,2938
326859.8533,675991.5759,grocer,Shoppers Choice,Class 1,Class 1,Vacant,Class 1,61 GREAT JUNCTION STREET,EH6 5HX,2939
326856.7015,675995.6282,vacant, ,Class 1,Vacant,Class 1,Class 2,63 GREAT JUNCTION STREET,EH6 5HX,2940
326853.6717,675999.229499999,wine merchant,Victoria Wine,Class 1,Class 1,Class 1,Vacant,67 GREAT JUNCTION STREET,EH6 5HX,2941
326840.9528,676014.602,building society,Britannia,SUI GENERIS,Class 2,Class 1,Class 1,69-73 GREAT JUNCTION STREET,EH6 5HZ,2942
326836.0784,676021.0995,dry cleaner / photo processing,Klick / Munro,Class 1,Class 1,Class 1,Class 1,75 GREAT JUNCTION STREET,EH6 5HZ,2943
326831.5759,676026.502499999,vacant, ,Class 2,Vacant,Class 1,Class 1,79 GREAT JUNCTION STREET,EH6 5HZ,2944
326819.4764,676039.5759,undertakers,McKenzie & Millar,Class 1,Class 1,Class 1,Class 1,83-89 GREAT JUNCTION STREET,EH6 5HZ,2945
326751.0784,676116.3718,cafe,Up The Junction,Class 3,Class 3,Class 3,Class 3,127 GREAT JUNCTION STREET,EH6 5JB,2946
326747.7015,676120.6492,grocer,Gary's Discount Food store,Vacant,Class 1,Class 1,Vacant,131 GREAT JUNCTION STREET,EH6 5JB,2947
326744.3246,676125.151799999,hairdresser,Bubbles,Class 1,Class 1,Class 1,Class 1,133 GREAT JUNCTION STREET,EH6 5JB,2948
326740,676129,post office,Post Office,Class 1,Class 1,Class 1,Class 1,135 GREAT JUNCTION STREET,EH6 5JB,2949
326736.6282,676133.398,second-hand electrical goods,Morrisons TV & Video,Class 1,Class 1,Class 1,Class 1,137 GREAT JUNCTION STREET,EH6 5JB,2950
326733.0261,676137.9005,n/t/c,Newscentre,Class 1,Class 1,Class 1,Class 2,141 GREAT JUNCTION STREET,EH6 5JB,2951
326729.8744,676141.727700001,second-hand furniture,J & B Salerooms,Class 1,Class 1,Vacant,Class 1,143 GREAT JUNCTION STREET,EH6 5JB,2952
326715.6282,676159.7487,vacant, ,Class 2,Vacant,Class 2,Class 1,145 GREAT JUNCTION STREET,EH6 5LG,2953
326712.7015,676163.3508,clothing,Gold Brothers,Class 1,Class 1, , , , ,2954
326706.6231,676170.329700001,clothing,Gold Brothers,Class 1,Class 1, , , , ,2955
326701.1518,676176.3769,hot food take-away,Goodly House,SUI GENERIS,SUI GENERIS,Vacant,SUI GENERIS,155 GREAT JUNCTION STREET,EH6 5LG,2956
326690.8272,676188.774900001,shoes,Edinburgh Leather Crafts,Class 1,Class 1,Vacant,Class 4,159 GREAT JUNCTION STREET,EH6 5LG,2957
326687.4503,676192.602,"leather bags, luggage",Edinburgh Leather Crafts,Class 1,Class 1,Class 1,Class 2, , ,2958
326681.602,676199.874399999,second-hand electrical goods,A1 Sale Rooms,Class 1,Class 1, , , , ,2959
324877.2511,673277.500700001,musical instruments,Music Shop,Class 1,Class 1,Class 1,Class 1,22 GRINDLAY STREET,EH3 9AP,2960
324360.6359,673191.4465,office,n/a,Class 4,Class 4,Class 2,Class 4,13 GROVE STREET,EH3 8AF,2961
324361.9509,673186.844000001,vacant, ,Class 1,Vacant, , , , ,2962
324449.0998,672939.720899999,children's clothing - school outfitters,Clan House of Edinburgh Ltd., ,Class 1,Class 1,Class 1, , ,2963
324457.0315,672911.478800001,residential, ,Vacant,Class 9, , , , ,2964
324389.658,673040.658,residential, ,Vacant,Class 9, , , , ,2965
324391.5212,673035.378900001,"video services (tape to video, duplic'n etc.)",A & M,Class 1,Class 4,Class 2,Class 2,36A GROVE STREET,EH3 8AZ,2966
324403.4843,672999.8632,vacant, ,Class 1,Vacant, , , , ,2967
324421.9002,672952.3105,hairdresser (gents),Benny's,Class 1,Class 1,Class 1,Class 1,54 GROVE STREET,EH3 8AT,2968
324423.7634,672947.342,furniture restorer,Siller & Donaldson,Class 1,Class 4,Class 1,Class 1,58 GROVE STREET,EH3 8AT,2969
324429.6211,672930.1053,grocer,Ben Crolla,Class 1,Class 1,Class 1,Vacant,64 GROVE STREET,EH3 8AP,2970
324452.695,672871.658,rubber stamps,Stampers Grove,Class 1,Class 1,Class 1,Class 1,92 GROVE STREET,EH3 8AP,2971
325871.9082,673435.57,charity office,Edinburgh University Settlement School of Art Therapy,Class 4,Class 2,Class 2,Vacant,13 GUTHRIE STREET,EH1 1JG,2972
325878.0459,673437.3236,charity office,Edin. Students Charities Appeal,Class 4,Class 2, ,Class 4,17 GUTHRIE STREET,EH1 1JG,2973
325888.7077,673440.1545,redeveloped to residential, ,Class 4,Class 9, , , , ,2974
325901.5845,673444.1545,redeveloped to residential, ,Vacant,Class 9, , , , ,2975
325911.1232,673446.7391,charity office,Edin. University Settlement,Class 4,Class 2, , , , ,2976
325923.9832,673450.246400001,vacant, ,Class 4,Vacant,Class 2,Vacant,35 GUTHRIE STREET,EH1 1JG,2977
325851,673432,converted to residential, ,Class 4,Class 9, , , , ,2978
325854,673425,converted to residential, ,Vacant,Class 9, , , , ,2979
325854,673425,converted to residential, ,Vacant,Class 9, , , , ,2980
318010.9806,672455.5998,bank,T.S.B., ,Class 2, ,Class 2,1 GYLE AVENUE,EH12 8NG,2981
326678.0,676204.151799999,grocer,Javed,Class 1,Class 1, , ,171 GREAT JUNCTION STREET,EH6 5LG,2982
326672.4031,676211.398,grocer,Stop 'n' Shop Supermarket,Class 1,Class 1, , , , ,2983
326667.9005,676216.5759,food take-away,Alberto's,Class 1,Class 1, , , , ,2984
326665.6492,676219.2774,baker,Bargain Bakery,Class 1,Class 1,Class 2,Class 2,177B GREAT JUNCTION STREET,EH6 5LQ,2985
326663.398,676221.9789,videotape hire,Global Video,Class 1,Class 1,Class 1,Class 2,179-181 GREAT JUNCTION STREET,EH6 5LQ,2986
326660.2774,676225.523600001,vacant, ,Vacant,Vacant,Vacant,Class 1,185 GREAT JUNCTION STREET,EH6 5LQ,2987
326657.801,676228.9005,vacant, ,Vacant,Vacant, ,Class 3,187 GREAT JUNCTION STREET,EH6 5LQ,2988
326652.7066,676234.895400001,butcher,Prime Cut,Class 1,Class 1, ,Class 1,189 GREAT JUNCTION STREET,EH6 5LQ,2989
326648.6543,676239.848200001,restaurant & hot food take-away,Kathmandu Kitchen,Vacant,Class 3,Vacant,SUI GENERIS,191 GREAT JUNCTION STREET,EH6 5LQ,2990
326646.1779,676243.6754,hairdresser,Hair House,Class 1,Class 1,Vacant,Class 1,193 GREAT JUNCTION STREET,EH6 5LQ,2991
326643.7015,676246.827199999,shoe repairs,Shoe Repairs,Class 1,Class 1,Vacant,Class 1,197 GREAT JUNCTION STREET,EH6 5LQ,2992
326640.7749,676250.654300001,vacant, ,Class 1,Vacant,Class 1,Class 3,199-201 GREAT JUNCTION STREET,EH6 5LQ,2993
326513.2398,676432.873,public house,Junction Bridge Bar,SUI GENERIS,SUI GENERIS,SUI GENERIS,Class 1,269 GREAT JUNCTION STREET,EH6 5LP,2994
326944.8482,675932.366699999,vacant, ,Class 1,Vacant,Class 1,Class 1,2 GREAT JUNCTION STREET,EH6 5LA,2995
326936.7436,675941.3718,photographic goods & processing,SupaSnaps,Class 1,Class 1,Class 1,Class 1,6 GREAT JUNCTION STREET,EH6 5LA,2996
326933.5919,675945.198999999,gents clothing,Mean Jeans,Class 1,Class 1,Class 1,Class 1,10 GREAT JUNCTION STREET,EH6 5LA,2997
326930.0733,675949.523600001,photo processing / dry cleaners,Klick / Munro,Class 1,Class 1,Class 1,Class 1,12 GREAT JUNCTION STREET,EH6 5LA,2998
326926.1728,675954.0733,charity shop,Scottish Council for Spastics,Class 1,Class 1,Class 1,Class 1,16 GREAT JUNCTION STREET,EH6 5LA,2999
326921.398,675959.947699999,clothing,Concept Clothing,Class 1,Class 1,Class 1,Class 1,18 GREAT JUNCTION STREET,EH6 5LA,3000
326917.5708,675964.225099999,optician,JP Optometrist,Class 1,Class 1,Class 1,Class 1,20 GREAT JUNCTION STREET,EH6 5LA,3001
326913.9688,675968.2774,sports clothing & equipment,Thompson Sports,Class 1,Class 1,Class 1,Class 2,24-26 GREAT JUNCTION STREET,EH6 5LA,3002
326908.9739,675974.272299999,travel agent,Sibbald Travel,Class 1,Class 1,Class 1,Class 1,28 GREAT JUNCTION STREET,EH6 5LA,3003
326906.4975,675977.4241,t.v. & video rental,Radio Rentals,Class 1,Class 1,Class 1,Class 1,30 GREAT JUNCTION STREET,EH6 5LA,3004
326903.7959,675980.3508,fishmonger,G. Welsh,Class 1,Class 1,Class 1,Class 1,34 GREAT JUNCTION STREET,EH6 5LA,3005
326901.0944,675983.2774,travel agent,Lunn Poly,Class 1,Class 1,Class 1,Class 2,36 GREAT JUNCTION STREET,EH6 5LA,3006
326894.1728,675989.9739,charity shop,Marie Curie Cancer Care,Class 1,Class 1,Class 1,Vacant,40 GREAT JUNCTION STREET,EH6 5LA,3007
326891.2462,675993.125600001,butcher,George Bowman,Class 1,Class 1,Class 1,Class 1,44 GREAT JUNCTION STREET,EH6 5LB,3008
326887.9739,675997.3246,books,DL's Book Exchange,Class 1,Class 1,Class 1,Class 1,46 GREAT JUNCTION STREET,EH6 5LB,3009
326884.4503,676001.921599999,grocer,Bargain Shop,Class 1,Class 1,Class 1,Class 1,48 GREAT JUNCTION STREET,EH6 5LB,3010
326881.6231,676005.0733,shoes,Feet & Co.,Class 1,Class 1,Vacant,Class 1,48A GREAT JUNCTION STREET,EH6 5LB,3011
326878.8221,676008.225099999,baker,Greggs,Class 1,Class 1, , , , ,3012
326864.4625,676025.448899999,public house,The Mariner, ,SUI GENERIS, , , , ,3013
326860.8744,676029.497500001,n/t/c,Alan's,Class 1,Class 1,Class 1,Class 1,60 GREAT JUNCTION STREET,EH6 5LD,3014
326858.1728,676032.874399999,clothing,Lookin' Trendy,Class 1,Class 1,Class 1,Class 1,62 GREAT JUNCTION STREET,EH6 5LD,3015
326852.3246,676039.8221,greeting cards & gifts,Congratulations,Class 1,Class 1,Vacant,Class 3,64-66 GREAT JUNCTION STREET,EH6 5LD,3016
326848.2723,676044.549699999,baker,Cullens,Vacant,Class 1,Vacant,Class 1,70 GREAT JUNCTION STREET,EH6 5LD,3017
326843.4553,676050.607799999,cafe,Fed-Up,Class 3,Class 3, , , , ,3018
326839.4031,676055.5606,"greeting cards, stationery",The Kard Box,Class 1,Class 1, , , , ,3019
326835.1256,676060.2883,clothing,Fashion Wave,Class 1,Class 1, , , , ,3020
326831.2985,676064.5657,"household goods, clothing",Relax Supermarket,Class 1,Class 1, , , , ,3021
326827.4713,676069.068299999,ladies clothing,Easton's,Class 1,Class 1, , , , ,3022
326824.0944,676073.570800001,ladies clothing,In Style,Class 1,Class 1, , , , ,3023
326820.4924,676078.0733,photographic studio,Michael Courtney,Class 2,Class 2, , , , ,3024
326817.1155,676082.125600001,children's clothing,Trendy Kids,Class 1,Class 1, , , , ,3025
326814.1888,676086.1779,ladies clothing,Munir,Class 1,Class 1, , , , ,3026
326691.435,676231.602,department store - mixed durable goods,Scotmid,Class 1,Class 1, , , , ,3027
326689.2251,676234.832900001,office furniture (new & second-hand),Allied Office Furniture,Class 1,Class 2, , , , ,3028
326683.6492,676240.0581,"fancy goods, gifts",Leith Gift Centre,Class 1,Class 1,Class 2,Class 2,162 GREAT JUNCTION STREET,EH6 5LJ,3029
326678.4713,676246.136499999,citizen's advice bureau,Citizens Advice Bureau,Class 2,Class 2,Class 2,Class 2,166 GREAT JUNCTION STREET,EH6 5LJ,3030
326673.0683,676252.440099999,grocer,Countdown Stores,Class 1,Class 1,Class 2,Vacant,168 GREAT JUNCTION STREET,EH6 5LJ,3031
326662.037,676264.8221,market stalls - mixed (mainly durable) goods,Leith Indoor Market,Vacant,Class 1, , , , ,3032
326656.634,676270.6754,bedroom furniture,The Bed Factory,Class 2,Class 1,Class 1,Class 1,174 GREAT JUNCTION STREET,EH6 5LJ,3033
326574.4662,676377.366699999,taxi office,Leith Private Hire,Class 1,Class 4,Vacant,Class 1,204 GREAT JUNCTION STREET,EH6 5LW,3034
326572.2149,676381.419,grocer,Joan Rooney,Class 1,Class 1,Class 2,Vacant,206 GREAT JUNCTION STREET,EH6 5LW,3035
326569.7385,676385.246200001,amusement arcade,Johnny's Amusements,Class 11,Class 11,Class 4,Class 4,208-210 GREAT JUNCTION STREET,EH6 5LW,3036
329710,671196,grocer,Greendykes Licensed Grocer,Class 1,Class 1,Class 1,Demolished, , ,3037
329706.9022,671190.9022,post office,n/a,Class 1,Class 1,Vacant,Demolished, , ,3038
329704.1277,671186.240499999,vacant, ,SUI GENERIS,Vacant,Vacant,Demolished, , ,3039
329701.2255,671181.451099999,vacant, ,Class 1,Vacant,Vacant,Demolished, , ,3040
329698.1277,671176.1128,vacant, ,Class 1,Vacant,Vacant,Demolished, , ,3041
326075.893,674373.511600001,demolished, ,Vacant,Demolished, , , , ,3042
326089.9602,674399.736500001,public house,Cafe Kudos,SUI GENERIS,SUI GENERIS,SUI GENERIS,SUI GENERIS,22 GREENSIDE PLACE,EH1 3AA,3043
326101.065,674418.6679,public house,C.C. Blooms Bar & Diner,SUI GENERIS,SUI GENERIS,SUI GENERIS,SUI GENERIS,23-24 GREENSIDE PLACE,EH1 3AA,3044
326107.6318,674428.870100001,public house,Theatre Royal Bar,Class 1,SUI GENERIS,SUI GENERIS,SUI GENERIS,24A-27 GREENSIDE PLACE,EH1 3AA,3045
325693.5304,673270.7733,artists supplies,Greyfriars Art Shop,Class 1,Class 1,Class 1,Class 1,1 GREYFRIARS PLACE,EH1 2QQ,3046
325696.4474,673265.7348,jeweller,Jewellers of Greyfriars,Class 1,Class 1,Class 1,Class 1,3 GREYFRIARS PLACE,EH1 2QQ,3047
325700.0607,673259.651900001,sandwich bar,Bobby's Sandwich Bar,Class 1,Class 1,Class 1,Class 1,4 GREYFRIARS PLACE,EH1 2QQ,3048
325704.3037,673247.188100001,financial services - insurance,Ensleigh Insurance,Class 1,Class 2, , , , ,3049
324960.2477,673271.4998,grocer & food take-away,P.M. & F. Fox,Class 1,Class 1,Vacant,Class 1,5 GRINDLAY STREET,EH3 9AT,3050
324942.2506,673248.502599999,converted to residential, ,Vacant,Class 9, , , , ,3051
324934.2511,673252.251499999,restaurant (Scottish),Stac Polly,Class 3,Class 3, , , , ,3052
318006,672467,bank,Bank of Scotland, ,Class 2,Class 2,Class 1,2 GYLE AVENUE,EH12 8NG,3053
318002.2611,672475.5222,florist,Williamsons Florist, ,Class 1,Vacant,Class 1,3 GYLE AVENUE,EH12 8NG,3054
318005.5222,672482.6306,"ice cream, coffee & confectionery",Nardini's, ,Class 1,Class 1,Class 3,4 GYLE AVENUE,EH12 8NG,3055
318007.8917,672490.0,jeweller,Robert Anthony, ,Class 1,Class 1,Class 1,(4A) GYLE AVENUE,EH12 8NG,3056
318010.7389,672498.847200001,jeweller,Beaverbrooks, ,Class 1,Class 1,Class 1,5 GYLE AVENUE,EH12 8NG,3057
318019.7389,672496.1083,electrical goods,Dixons, ,Class 1,Vacant,Class 1,6 GYLE AVENUE,EH12 8NG,3058
318030.1083,672493.3694,ladies clothing,Jeffrey Rogers, ,Class 1,Class 1,Class 1,7 GYLE AVENUE,EH12 8NG,3059
318039.7389,672489.6306,clothing,Logo (Instyle Aberdeen), ,Class 1,Class 1,Class 1,8 GYLE AVENUE,EH12 8NG,3060
318048.1083,672486.2611,jeweller,Hendersons, ,Class 1,Class 1,Class 1,9 GYLE AVENUE,EH12 8NG,3061
318056.2611,672483.2611,sports clothing,Golf Shop (Edin. Woollen Mill), ,Class 1,Class 1,Class 1,10 GYLE AVENUE,EH12 8NG,3062
318063.8917,672480.152799999,ladies clothing,Wallis, ,Class 1,Class 1,Class 1,11 GYLE AVENUE,EH12 8NG,3063
318070.2611,672477.5222,knitwear,Sweater Shop, ,Class 1,Class 1,Class 1,12 GYLE AVENUE,EH12 8NG,3064
318077.8917,672474.8917,clothing,Jeanster, ,Class 1,Class 1,Class 1,13 GYLE AVENUE,EH12 8NG,3065
318084.789,672472.4333,gifts & cards,The Bay Tree Co., ,Class 1,Class 1,Class 1,14 GYLE AVENUE,EH12 8NG,3066
318090.5222,672470.152799999,ladies clothing,Benetton, ,Class 1,Class 1,Class 1,15 GYLE AVENUE,EH12 8NG,3067
318094.8449,672465.6887,clothing,Tie Rack, ,Class 1, , , , ,3068
318097.8917,672461.4778,shoes,Barratts, ,Class 1,Class 1,Class 1,17 GYLE AVENUE,EH12 8NG,3069
318100.7389,672456.8917,jeweller,Ortak, ,Class 1,Class 1,Class 1,18 GYLE AVENUE,EH12 8NG,3070
318102.8472,672450.5222,clothing,Premiere International, ,Class 1,Vacant,Class 4,19 GYLE AVENUE,EH12 8NG,3071
318106.4778,672443.2611,clothing,Wilkies, ,Class 1,Class 3,Class 3,20 GYLE AVENUE,EH12 8NG,3072
318169.6203,672464.383099999,department store - mixed durable goods,Marks & Spencer, ,Class 1, , , , ,3073
318172.1425,672458.7081,department store - food hall,Marks & Spencer, ,Class 1, , , , ,3074
318116.9361,672482.2805,gifts (Japanese & Oriental),Bonsai, ,Class 1,Class 1,Class 1,22 GYLE AVENUE,EH12 8NG,3075
318111.9351,672490.104900001,clothing accessories,Accessorize (Monsoon), ,Class 1,Class 1,Class 1,23 GYLE AVENUE,EH12 8NG,3076
318107.4139,672497.3694,clothing,Paco, ,Class 1,Class 1,Class 1,24 GYLE AVENUE,EH12 8NG,3077
318098.0,672501.586100001,shoes,Clarks, ,Class 1,Class 1,Class 1,25 GYLE AVENUE,EH12 8NG,3078
318090.1083,672504.847200001,shoes,Hush Puppies (Saxone), ,Class 1,Class 1,Vacant,26 GYLE AVENUE,EH12 8NG,3079
318080.2166,672507.847200001,clothing,River Island, ,Class 1,Class 1,Class 1,27 GYLE AVENUE,EH12 8NG,3080
318068.8472,672511.1722,ladies clothing,Next, ,Class 1,Class 1,Class 1,28 GYLE AVENUE,EH12 8NG,3081
318058.4778,672515.4333,clothing,Dorothy Perkins / Burton, ,Class 1,Class 1,Class 1,29 GYLE AVENUE,EH12 8NG,3082
318048.7834,672519.324999999,gifts,Round the World, ,Class 1,Class 1,Class 1,30 GYLE AVENUE,EH12 8NG,3083
318039.2611,672522.216600001,confectionery,Thorntons, ,Class 1,Class 1,Class 1,31 GYLE AVENUE,EH12 8NG,3084
318031.3694,672524.847200001,toiletries & cosmetics,The Body Shop, ,Class 1,Class 1,Class 1,32 GYLE AVENUE,EH12 8NG,3085
318022.4778,672529.216600001,stationery & books,John Menzies, ,Class 1,Class 1,Class 1,33 GYLE AVENUE,EH12 8NG,3086
318019.1083,672537.586100001,sports clothing,Sports Division, ,Class 1,Vacant,Class 1,34-35 GYLE AVENUE,EH12 8NG,3087
318013.1083,672544.3694,books,James Thin, ,Class 1,Vacant, , , ,3088
318004.5861,672546.0,toys,Early Learning Centre (J. Menzies), ,Class 1,Class 1,Class 1,36 GYLE AVENUE,EH12 8NG,3089
317996.1528,672542.1722,mixed durable goods,Boots, ,Class 1,Class 1,Class 1,37 GYLE AVENUE,EH12 8NG,3090
317985.8917,672541.063899999,"greeting cards, stationery",Pickwicks (Athena), ,Class 1,Class 1, , , ,3091
317974.3694,672544.694399999,soft furnishings,Rosebys Curtains & Linens, ,Class 1,Class 1,Class 1,39 GYLE AVENUE,EH12 8NG,3092
317963.9555,672547.955499999,travel agent,A.T. Mays, ,Class 1,Class 1,Class 1,40 GYLE AVENUE,EH12 8NG,3093
317952.5861,672552.694399999,"records, tapes, cds",Our Price, ,Class 1,Class 1,Class 1,41 GYLE AVENUE,EH12 8NG,3094
317944.3694,672556.4333,ladies & childrens clothing,Mackays, ,Class 1,Class 1,Class 1,42A GYLE AVENUE,EH12 8NG,3095
317931.2611,672560.955499999,electrical goods,Scottish Power, ,Class 1,Class 1,Class 1,43 GYLE AVENUE,EH12 8NG,3096
317924.0,672563.216600001,shoes & clothing,Timberland / Hype!, ,Class 1,Class 2,Vacant,44 GYLE AVENUE,EH12 8NG,3097
317918.6306,672566.4778,clothing accessories,Schmook, ,Class 1,Vacant,Vacant,45 GYLE AVENUE,EH12 8NG,3098
317911,672569,telephones,Phone In, ,Class 1,Class 1,Class 1,46 GYLE AVENUE,EH12 8NG,3099
317862,672584,supermarket - large,Safeway, ,Class 1,Class 1,Class 1,47 GYLE AVENUE,EH12 8NG,3100
317881.455,672534.3751,patisserie,Mathiesons, ,Class 1, , , , ,3101
317886.4995,672536.266799999,greengrocer,Patersons, ,Class 1, , , , ,3102
317891.5439,672538.158500001,butcher,Malcolm Allan & Sons, ,Class 1, , , , ,3103
317897.219,672540.0502,vacant, , ,Vacant, , , , ,3104
317907.9384,672540.6807,perfumes,Perfume Shop, ,Class 1, , , , ,3105
317901.7195,672541.5222,gas appliances,Energy Centre Scottish Gas, ,Class 1,Class 1,Class 1,53 GYLE AVENUE,EH12 8NG,3106
324704.5764,674627.3552,hearing aids,Hearing Care Centre,Class 2,Class 2,Class 1,Class 1,46 HAMILTON PLACE,EH3 5AX,3107
324707.7464,674632.2203,furniture,Stockbridge Pine Company,Class 4,Class 1,Class 1,Class 1,48 HAMILTON PLACE,EH3 5AX,3108
324710.3903,674636.626800001,furniture,Stockbridge Pine Company,Class 4,Class 1, , , , ,3109
324712.3732,674640.152000001,books,"Mind, Body & Soul",Class 1,Class 1,Class 1,Class 1,52 HAMILTON PLACE,EH3 5AX,3110
324719.9667,674653.0,supermarket,Scotmid,Class 1,Class 1, , , , ,3111
327489.7295,675333.7349,grocer,S & M Foodstore,Class 1,Class 1,Class 1,Class 1,1 HERMITAGE PARK,EH6 8HD,3112
325018.7342,673106.714199999,demolished, ,Class 1,Demolished, , , , ,3113
325020.0024,673174.7513,public house,Burke & Hare,SUI GENERIS,SUI GENERIS,SUI GENERIS,SUI GENERIS,2 HIGH RIGGS,EH3 9BX,3114
326134.1378,673711.661800001,public house,Royal Archer,SUI GENERIS,SUI GENERIS,SUI GENERIS,SUI GENERIS,1 HIGH STREET,EH1 1SR,3115
326130.4155,673708.0,n/t/c,A. & E. Irvine,Class 1,Class 1,Class 1,Class 1,5 HIGH STREET,EH1 1SR,3116
326122.1232,673705.8309,shoes,Barnets,Class 1,Class 1,Class 1,Class 1,7 HIGH STREET,EH1 1SR,3117
326116,673705,"knitwear & tartans; highland dress hire",McCalls,Class 1,Class 1,Class 1,Class 1,11 HIGH STREET,EH1 1SR,3118
326093.8768,673700.7391,Old Town enquiry centre,John Knox House,Class 1,Class 2, , , , ,3119
326085.5845,673703.492699999,gifts,The Moggie Shop,Class 1,Class 1,Class 1,Class 1,51 HIGH STREET,EH1 1SR,3120
326078.2923,673701.3695,craft shop,Geoffrey (Tailor) Highland Crafts,Class 1,Class 1, ,Class 1,57-59 HIGH STREET,EH1 1SR,3121
326067.5386,673700.876800001,cleaning contractors,Window Clean Services ltd.,Class 1,Class 4,Class 1,Class 1,63 HIGH STREET,EH1 1SR,3122
326059.973,673699.231799999,chemist,Royal Mile Pharmacy,Class 1,Class 1,Class 1,Class 1,67 HIGH STREET,EH1 1SR,3123
326050.9687,673696.661800001,food take-away,Select Sandwiches,Class 1,Class 1,Class 1,Class 1,83 HIGH STREET,EH1 1SR,3124
326046.8768,673695.492699999,travel agent,Scotline Tours,Class 1,Class 1,Class 1,Class 1,85-87 HIGH STREET,EH1 1SG,3125
326043.0773,673694.615900001,gifts,Tappit Hen,Class 1,Class 1,Class 1,Class 1,89 HIGH STREET,EH1 1SG,3126
326039.2777,673693.446799999,"knitwear, gifts",Craft Collection,Class 1,Class 1,Class 1,Class 1,95 HIGH STREET,EH1 1SG,3127
326035.215,673692.031300001,wine merchant,Thresher,Class 1,Class 1,Class 1,Class 1,97 HIGH STREET,EH1 1SG,3128
326032.5845,673691.1545,baker,Crawfords,Class 1,Class 1,Class 1,Class 1,99 HIGH STREET,EH1 1SG,3129
326027.9227,673690.3695,cafe,Gustos,Class 1,Class 3,Class 3,Class 3,103 HIGH STREET,EH1 1SG,3130
317917.1083,672536.8917,novelty goods,The Disney Store, ,Class 1,Class 1,Class 1,54-55 GYLE AVENUE,EH12 8NG,3131
317921.8107,672535.636299999,novelty goods,The Disney Store, ,Class 1, , , , ,3132
317925.8027,672533.783399999,computer games,Electronics Boutique, ,Class 1,Class 1,Class 1,56 GYLE AVENUE,EH12 8NG,3133
317934.325,672530.152799999,clothing,The Jean Scene (TJS), ,Class 1,Class 1,Class 1,57 GYLE AVENUE,EH12 8NG,3134
324946.9924,672780.495999999,public house,Bentleys,SUI GENERIS,SUI GENERIS,SUI GENERIS,SUI GENERIS,69 HOME STREET,EH3 9JP,3135
324899.2539,672950.0019,bank,Clydesdale Bank,Class 2,Class 2,Class 2,Class 1,2(A) HOME STREET,EH3 9LY,3136
324899.7518,672943.5002,financial services - mortgages,Mortgage Advisory Centre,Class 2,Class 2,Class 2,Class 2,6 HOME STREET,EH3 9LY,3137
324900,672935,knitting wool,Wool Shop,Class 1,Class 1,Class 4,Class 4,8 HOME STREET,EH3 9LY,3138
324900,672935,photographic studio & photo processing,Photo Finish & Oasis Studios,Class 1,Class 2,Class 1,Class 1,12 HOME STREET,EH3 9LY,3139
317942.2166,672527.5222,"t.v., radio, hi-fi",Sound & Vision (Scottish Power), ,Class 1,Class 1,Class 1,58 GYLE AVENUE,EH12 8NG,3140
317950.2166,672524.2611,sports equipment & clothing,Intersport, ,Class 1,Class 1,Class 1,59 GYLE AVENUE,EH12 8NG,3141
317959.4778,672520.1083,travel agent,Thomas Cook, ,Class 1,Class 1,Class 1,60 GYLE AVENUE,EH12 8NG,3142
317967.3694,672516.3694,ladies clothing,Bay Trading Company, ,Class 1,Class 1,Class 1,61 GYLE AVENUE,EH12 8NG,3143
317975.0,672513.3694,t.v. & video rental,Radio Rentals, ,Class 1,Class 1,Class 1,62 GYLE AVENUE,EH12 8NG,3144
317982,672510,ladies clothing,Next, ,Class 1,Class 1,Class 1,63 GYLE AVENUE,EH12 8NG,3145
317989,672507,greeting cards,Birthdays, ,Class 1,Class 1,Vacant,64 GYLE AVENUE,EH12 8NG,3146
317985.7834,672498.152799999,optician,Optical Express, ,Class 1,Class 1,Class 1,65 GYLE AVENUE,EH12 8NG,3147
317982.675,672489.783399999,building society,Halifax, ,Class 2,Class 2,Class 2,66 GYLE AVENUE,EH12 8NG,3148
317960.3067,672476.801999999,n/t/c,John Menzies, ,Class 1, , , , ,3149
317964.6887,672478.2554,food take-away,Le Sandwich, ,Class 1, , , , ,3150
317956.4915,672475.733200001,office,Shopmobility, ,Class 2, , , , ,3151
317971.1271,672481.643300001,restaurant,Burger King, ,Class 3,Class 3,Class 1,68 GYLE AVENUE,EH12 8NG,3152
317998.6306,672534.5724,take-away food,Mathiesons, ,Class 1,Class 1,Class 1,101 GYLE AVENUE,EH12 8NG,3153
317996.7389,672528.897399999,take-away food,Spud-u-Like, ,Class 1,Class 1,Class 1,102 GYLE AVENUE,EH12 8NG,3154
317992.325,672518.8084,take-away food,Le Sandwich, ,Class 1,Class 1,Class 1,103 GYLE AVENUE,EH12 8NG,3155
318008.7195,672518.8084,take-away food,Pizza Connection, ,Class 1,Class 1,Class 1,104 GYLE AVENUE,EH12 8NG,3156
318012.6112,672529.330700001,office suite,management suite, ,Class 4, , , , ,3157
317988.6499,672523.0251,restaurant,Burger King, ,Class 3, , , , ,3158
318003.1528,672525.5473,restaurant,Acanthus Bistro, ,Class 3, , , , ,3159
318000.6306,672519.872300001,restaurant,Acanthus Bistro, ,Class 3, , , , ,3160
319303,672790,public house,Gyle Park Inn,SUI GENERIS,SUI GENERIS, , , , ,3161
326182.1558,674658.375800001,hi-fi,Select Hi-Fi,Class 1,Class 1,Class 1,Class 1,1 HADDINGTON PLACE,EH7 4AE,3162
326185.0261,674662.596899999,vacant, ,Vacant,Vacant,Vacant,Class 2,1A HADDINGTON PLACE,EH7 4AE,3163
326187.8965,674666.6492,second-hand electrical & h'hold goods,Cash in Hand Secondhand Shop,Class 1,Class 1,Class 1,Class 1,3 HADDINGTON PLACE,EH7 4AE,3164
326190.7669,674670.3638,second-hand books,McNaughtons Bookshop,Class 1,Class 1,Class 1,Class 1,3A-4A HADDINGTON PLACE,EH7 4AE,3165
326204.7538,674688.0261,dentist,"Sim, Cleland, Rennie, McBrierty",Class 1,Class 2,Class 1,Class 1,8 HADDINGTON PLACE,EH7 4AE,3166
326255.4673,674755.025,hairdresser,Mark Tait Hairdressing,Vacant,Class 1, , , , ,3167
326257.1558,674756.882300001,grocer,Punjab Store,Class 1,Class 1, , , , ,3168
326260.195,674760.765799999,solicitors & estate agents,David Symington,Class 2,Class 2,Class 1,Class 1,19A HADDINGTON PLACE,EH7 4AF,3169
326261.7146,674762.7919,sports equipment,Aero Skip,Vacant,Class 1, ,Vacant,21A HADDINGTON PLACE,EH7 4AF,3170
326263.2342,674764.9869,pine furniture,Back Street Pine Ltd.,Vacant,Class 1,Class 1,Class 1,21-22A HADDINGTON PLACE,EH7 4AF,3171
326264.9227,674767.1819,pine furniture,Back Street Pine,Vacant,Class 1, , , , ,3172
326267.7789,674770.5054,solicitors & estate agents,Doyle & Co.,Class 1,Class 2,Class 2,Class 2,24 HADDINGTON PLACE,EH7 4AF,3173
326271.8312,674775.064300001,office,The Lecture Library,Vacant,Class 4,Vacant,Class 2,24A HADDINGTON PLACE,EH7 4AF,3174
326274.8704,674779.285399999,gas appliances,The Aga Shop,Class 4,Class 1,Class 1,Class 2,26A HADDINGTON PLACE,EH7 4AF,3175
326278.4161,674784.1819,kitchen furniture & fittings,Clive Christian,Class 1,Class 1,Class 1,Vacant,26-27 HADDINGTON PLACE,EH7 4AF,3176
326281.6231,674788.375800001,guns & fishing tackle,Foley,Class 1,Class 1,Class 1,Class 1,28 HADDINGTON PLACE,EH7 4AF,3177
326283.1427,674790.402000001,architects & surveyors,DWB Associates,Vacant,Class 4,Class 1,Class 1,28A HADDINGTON PLACE,EH7 4AF,3178
326285.0,674792.428099999,second-hand goods,Dealers,Class 1,Class 1,Class 3,Class 3,29 HADDINGTON PLACE,EH7 4AG,3179
326286.6885,674794.9608,sign writers,Inline Sign Design,Vacant,Class 4, , , , ,3180
326288.3769,674797.1558,vacant, ,Class 1,Vacant,Class 2,Class 2,31 HADDINGTON PLACE,EH7 4AG,3181
326291.585,674801.3769,dentist,J.K. Stevenson & Associates,Vacant,Class 2, , , , ,3182
326293.2734,674803.571900001,household fabrics,Clarke's Fabrics,Class 1,Class 1,Class 1,Class 1,32B HADDINGTON PLACE,EH7 4AG,3183
326300.6362,674808.1677,vacant, ,Class 1,Vacant, , , , ,3184
326306.7146,674815.934599999,electrical tools,Black & Decker,Class 2,Class 1,Vacant,Class 1,33B HADDINGTON PLACE,EH7 4AG,3185
326312.793,674824.2081,electrical goods,Icon Ltd.,Class 2,Class 1,Vacant,Vacant,34A HADDINGTON PLACE,EH7 4AG,3186
321090,669258,vacant, ,Vacant,Vacant, , , , ,3187
320257.1016,670241.203299999,grocer,Mahmood Asif,Class 1,Class 1,Vacant,Vacant,5A HAILESLAND GROVE,EH14 2QH,3188
320417,670077,redeveloped, ,Class 1,Redeveloped, , , , ,3189
319982.4512,670069.8496,hot food take-away (Chinese),Chopstick Express,Class 3,SUI GENERIS,SUI GENERIS,SUI GENERIS,12 HAILESLAND PLACE,EH14 2SL,3190
319988.8252,670084.4593,vacant, ,Class 1,Vacant, , , , ,3191
327041.4762,675558.6669,cafe & food take-away,Hot Stuff,Class 4,Class 3,Class 3,Class 3,11 HALMYRE STREET,EH6 8QA,3192
326987.7138,675384.3331,vacant, ,Vacant,Vacant, , , , ,3193
327020.1431,675571.047700001,grocer & n/t/c,R.A. Foodstores (Lifestyle),Class 1,Class 1,Class 1,Class 1,10 HALMYRE STREET,EH6 8PZ,3194
324750.8642,674735.339,hairdresser,Reiss Hair,Vacant,Class 1,Class 1,Class 1,27 HAMILTON PLACE,EH3 5BA,3195
324756.5423,674740.6951,solicitors,Lovells,Class 2,Class 2, , , , ,3196
324763.3723,674745.982899999,herbal remedies,Napiers Dispensary,Class 2,Class 1, , , , ,3197
324660.17,674545.7797,videotape hire,Carl Dyson,Class 1,Class 1,Class 1,Class 1,6 HAMILTON PLACE,EH3 5AU,3198
324663.4748,674552.3894,t.v. & hi-fi,Carl Dyson,Class 1,Class 1,Class 1,Class 1,10-12 HAMILTON PLACE,EH3 5AU,3199
324666.9496,674560.3049,public house,Hamiltons,SUI GENERIS,SUI GENERIS,SUI GENERIS,SUI GENERIS,16-18 HAMILTON PLACE,EH3 5AU,3200
324680.8309,674585.406500001,bicycles & accessories,Williamson Cycles,Class 1,Class 1,Class 1,Class 11,26 HAMILTON PLACE,EH3 5AU,3201
324702.3732,674623.1691,vacant, ,Class 1,Vacant, , , , ,3202
324725.4748,674662.253599999,charity shop,Bethany Christian Trust, ,Class 1, , , , ,3203
324730.4074,674669.5594,books,Bookspeed,Class 4,Class 1,Class 2,Class 2,62 HAMILTON PLACE,EH3 5AZ,3204
324733.9326,674676.1691,vacant, ,Class 4,Vacant,Vacant,Vacant,66-68 HAMILTON PLACE,EH3 5AZ,3205
325389.75,673909.65,vacant, ,Vacant,Vacant,Class 1,Class 1,3-5 HANOVER STREET,EH2 2DL,3206
325387.9501,673915.85,public house,Three Tuns,SUI GENERIS,SUI GENERIS,SUI GENERIS,Class 3,7-11(BF) HANOVER STREET,EH2 2DL,3207
325387.0501,673919.0,restaurant,Pizzaland,Class 3,Class 3,Class 3,Class 3,9-11 HANOVER STREET,EH2 2DL,3208
325385.6002,673926.8002,ladies clothing,Miss Selfridge,Class 1,Class 1,Class 1,Class 1,15(GF90)-19 HANOVER STREET,EH2 2DL,3209
325382.7251,673936.75,n/t/c,R.S. McColl,Class 1,Class 1,Class 1,Class 1,23 HANOVER STREET,EH2 2DL,3210
325381.6001,673941.025,travel information & ticket office (local buses),LRT Ticket Office,Class 1,Class 1,Class 1,Class 1,27 HANOVER STREET,EH2 2DL,3211
325374.0383,673967.0118,public house,Milnes Bar,SUI GENERIS,SUI GENERIS,SUI GENERIS,SUI GENERIS,35 HANOVER STREET,EH2 2PJ,3212
325372.7912,673971.376499999,photographic goods,Elena Mae,Class 1,Class 1,Class 1,Vacant,37 HANOVER STREET,EH2 2PJ,3213
325371.7,673975.429400001,estate agents,Spiers Gumley,Class 1,Class 2, , , , ,3214
325369.1677,673985.2588,ladies clothing,French Connection,Class 1,Class 1,Class 1,Class 1,45A HANOVER STREET,EH2 2PJ,3215
325368.0765,673988.688200001,restaurant (Mexican),Tex Mex,Class 3,Class 3,SUI GENERIS,SUI GENERIS,47 HANOVER STREET,EH2 2PJ,3216
325367.1412,673992.429400001,clothing (rainwear),Robertson,Class 1,Class 1,Class 1,Class 1,49 HANOVER STREET,EH2 2PJ,3217
325365.8942,673996.326400001,t.v. & video rental,Granada,Class 1,Class 1,Class 3,Class 3,51 HANOVER STREET,EH2 2PJ,3218
325342.3491,674093.1085,restaurant,Bar Napoli,Class 3,Class 3, , , , ,3219
325339.6101,674101.718599999,vacant, ,Class 1,Vacant,Class 3,Class 3, , ,3220
325338.1321,674106.1525,restaurant,La Lanterna,Class 3,Class 3,Class 3,Class 3,83 HANOVER STREET,EH2 1EE,3221
325336.6541,674111.3255,restaurant (Indian),The Patio,Class 3,Class 3,Class 3,Class 3,87 HANOVER STREET,EH2 1EE,3222
325335.5456,674115.389900001,restaurant (Tandoori),Balli's,Class 3,Class 3,Class 3,Class 3,89 HANOVER STREET,EH2 1EE,3223
325326.5016,674139.1085,restaurant,Mandarin Grove,SUI GENERIS,Class 3,Class 3,Class 3,97(BF) HANOVER STREET,EH2 1DJ,3224
325325.0236,674143.911900001,restaurant,Mandarin Grove,Class 3,Class 3,Class 3,Class 3,97(GF) HANOVER STREET,EH2 1DJ,3225
325323.5456,674148.715399999,public house,Beau Brummel,SUI GENERIS,SUI GENERIS,SUI GENERIS,SUI GENERIS,99 HANOVER STREET,EH2 1DJ,3226
325323.566,674155.457599999,hot food take-away,Four C's,SUI GENERIS,SUI GENERIS,Vacant,Vacant,101 HANOVER STREET,EH2 1DJ,3227
325322.4576,674158.4135,baker,Crawfords,Class 2,Class 1,Vacant,Vacant,103 HANOVER STREET,EH2 1DJ,3228
325321.7186,674161.739,vacant,None,Class 1,Vacant,Class 1,Class 1,107 HANOVER STREET,EH2 1DJ,3229
325320.6101,674165.434,restaurant,Alfredo's,Class 3,Class 3,Class 3,Class 3,109 HANOVER STREET,EH2 1DJ,3230
325318.783,674169.654100001,coffee shop,Laigh Kitchen Coffee House,Class 3,Class 3, , , , ,3231
325318.044,674172.240599999,hairdresser,Neil Grant,Class 1,Class 1,Class 1,Class 1,113 HANOVER STREET,EH2 1DJ,3232
325315.8271,674180.0,baker & coffee house,The Laigh Coffee House,Class 1,Class 1,Class 3,Class 3,121 HANOVER STREET,EH2 1DJ,3233
325315.0881,674183.695,dry cleaner / photo processing,Klick / Munro,Class 1,Class 1,Class 1,Class 1,123 HANOVER STREET,EH2 1DJ,3234
325359.4186,673898.5624,"speciality preserves, toiletries",Crabtree & Evelyn, ,Class 1,Class 1,Class 1,4(GF) HANOVER STREET,EH2 2EN,3235
325356.1748,673908.700099999,vacant, ,SUI GENERIS,Vacant,Class 1,Class 1,14 HANOVER STREET,EH2 2EN,3236
325354.3748,673915.225,travel agent,Lunn Poly,SUI GENERIS,Class 1,Class 1,Class 1,16 HANOVER STREET,EH2 2EN,3237
325346.6001,673942.825099999,employment agency,Kelly Girl,Class 2,Class 4,Class 4,Class 4,24 HANOVER STREET,EH2 2EN,3238
325341.3675,673964.041099999,bank,T.S.B.,Class 2,Class 2,Class 2,Class 2,28-30 HANOVER STREET,EH2 2DS,3239
325338.0912,673976.179500001,restaurant,Pizza Hut,Class 3,Class 3,Class 3,Class 3,34-36 HANOVER STREET,EH2 2DR,3240
325334.7058,673985.7794,employment agency,AIDA,Class 3,Class 4,Class 1,Class 1,38 HANOVER STREET,EH2 2DR,3241
325334.2381,673987.9617,health foods,Hanover Health Foods,Class 1,Class 1,Class 1,Class 1,40 HANOVER STREET,EH2 2DR,3242
325333.0411,673992.497,offices, ,Class 1,Class 4, , , , ,3243
325331.9206,673997.1823,vacant, ,Class 1,Vacant,Class 1,Class 1,50-52 HANOVER STREET,EH2 2DX,3244
325327.65,674010.338199999,greeting cards,Bay Tree Company,Class 1,Class 1,Class 1,Class 1,54 HANOVER STREET,EH2 2DX,3245
325304.6509,674082.759400001,bank,Midland Bank,Class 2,Class 2,Class 2,Class 2,76-78 HANOVER STREET,EH2 1EL,3246
325301.434,674099.783,internet cafe,Cyberia,Class 1,Class 3,Class 1,Class 1,88 HANOVER STREET,EH2 1EL,3247
325299.5865,674104.5865,restaurant,La Rusticana,Class 3,Class 3,Class 3,Class 3,90 HANOVER STREET,EH2 1EL,3248
325295.5424,674119.718599999,delicatessen,Hendersons,Class 1,Class 1,Class 1,Class 1,92 HANOVER STREET,EH2 1DR,3249
325294.8035,674123.044,wine bar,Hendersons,Class 3,SUI GENERIS,Class 3,Class 3,94 HANOVER STREET,EH2 1DR,3250
325293.695,674126.3695,sandwich bar,Le Sandwich,Class 1,Class 1,Class 1,Class 1,96 HANOVER STREET,EH2 1DR,3251
325287.9764,674150.759400001,restaurant (Mexican),Gringo Bill's,SUI GENERIS,Class 3,SUI GENERIS,SUI GENERIS,110 HANOVER STREET,EH2 1DR,3252
325286.8679,674154.454399999,restaurant,L'Ariosto,SUI GENERIS,Class 3,SUI GENERIS,SUI GENERIS,112 HANOVER STREET,EH2 1DR,3253
323310.5584,671809.7838,vacant, ,Class 1,Vacant,Class 2,Class 2,1 HARRISON GARDENS,EH11 1SJ,3254
323313.4324,671813.9641,second-hand goods,Fav Oddz 'n' Endz,Class 1,Class 1, , , , ,3255
323316.5676,671818.4056,domestic appliance servicing / clothing alterations,J. & G. Hannah,Class 1,Class 1,Class 1,Class 1,5 HARRISON GARDENS,EH11 1SJ,3256
323330.2972,671839.4416,wholesale artificial flowers,Philip Display Ltd.,Class 2,Class 2, ,Class 4,9 HARRISON GARDENS,EH11 1SJ,3257
325921.1932,674590.0644,"fine art, picture framer",Hart Street Gallery,Class 1,Class 1, , , , ,3258
329210.3374,668509.593800001,vacant (derelict), ,Class 2,Vacant, , , , ,3259
325958.7306,676896.730599999,plasterers & slaters,Dickson & Cairney,Class 4,Class 4,Class 4,Vacant,11 HAWTHORNVALE,EH6 4JQ,3260
330112.7897,671917.7028,cafe,Outreach Cafe,Class 1,Class 3, , , , ,3261
324068.8838,673201.0,public house,Ryries Bar,SUI GENERIS,SUI GENERIS,SUI GENERIS,SUI GENERIS,1 HAYMARKET,EH12 5EY,3262
323973.7485,673140.488399999,n/t/c,John Menzies,Class 1,Class 1, ,Class 3,(3) HAYMARKET,EH12 5EY,3263
323996.2834,673195.162799999,public house,Caledonian Ale House,SUI GENERIS,SUI GENERIS,SUI GENERIS, , , ,3264
323832.4331,673202.8924,demolished, ,Class 4,Demolished, , , , ,3265
323827.2151,673203.0393,demolished, ,Class 4,Demolished, , , , ,3266
323819.9317,673203.1076,vacant, ,Class 4,Vacant,Vacant,Class 2,69 HAYMARKET TERRACE,EH12 5HD,3267
323814.8241,673203.4724,vacant, ,Class 4,Vacant,Vacant,Class 1,71 HAYMARKET TERRACE,EH12 5HD,3268
323797.3779,673204.1076,knitting wool,Drummonds,Class 1,Class 1,Class 1,Class 1,79-81 HAYMARKET TERRACE,EH12 5HD,3269
323793.0,673204.1076,grocer,Alexanders Dairy,Class 1,Class 1,Class 1,Class 1,85 HAYMARKET TERRACE,EH12 5HD,3270
323788.9869,673204.4724,take-away food,Alison's Sandwich Shop,Class 1,Class 1,Class 1,Class 1,87 HAYMARKET TERRACE,EH12 5HD,3271
323943.9186,673226.5276,wine merchant,Victoria Wine,Class 1,Class 1,Class 1,Vacant,2 HAYMARKET TERRACE,EH12 5JZ,3272
323938.811,673226.8924,kitchen furniture & fittings,Hob-Nob,Vacant,Class 1,Class 1,Class 1,6-8 HAYMARKET TERRACE,EH12 5JZ,3273
323933.6613,673226.4331,painters & decorators,TWS,Class 4,Class 4, , , , ,3274
323924.9055,673227.162799999,decorators,Milne & Barclay Ltd.,Class 4,Class 4, , , , ,3275
323920.5276,673227.162799999,hot food take-away,Akdeniz,Class 2,SUI GENERIS,SUI GENERIS,SUI GENERIS,16 HAYMARKET TERRACE,EH12 5JZ,3276
323915.8372,673227.257300001,golf equipment & clothing,Edinburgh Golf Centre,Class 1,Class 1,Class 1,Class 1,18 HAYMARKET TERRACE,EH12 5JZ,3277
323911.4593,673227.622099999,clothing alterations,J. Aronson,Class 1,Class 1,Class 4,Vacant,20 HAYMARKET TERRACE,EH12 5JZ,3278
323907.4462,673227.622099999,greeting cards & gifts,Mr. Macawz,Class 4,Class 1,Class 1,Class 1,24 HAYMARKET TERRACE,EH12 5JZ,3279
323903.0683,673227.9869,grocer & wine merchant,Milvins,Class 1,Class 1,Class 1,Class 1,26 HAYMARKET TERRACE,EH12 5JZ,3280
323898.6904,673227.9869,hot food take-away,La Casa Blanca,Class 3,SUI GENERIS,Class 1,Class 1,28 HAYMARKET TERRACE,EH12 5JZ,3281
323889.3648,673228.0814,vacant, ,Class 4,Vacant,Class 1, , , ,3282
323879.8794,673228.4462,printers,Interprint,Class 1,Class 4,Vacant,Vacant,36 HAYMARKET TERRACE,EH12 5JZ,3283
323874.7718,673228.4462,tools,TSC Saw Centre,Class 1,Class 1,Class 1,Class 1,38 HAYMARKET TERRACE,EH12 5JZ,3284
323869.7166,673228.622099999,employment agency,Premier Connections,Vacant,Class 4,Class 4,Class 4,40 HAYMARKET TERRACE,EH12 5JZ,3285
323861.9186,673229.3387,restaurant (Chinese),Fairy House Cantonese Restaurant,Class 3,Class 3, , , , ,3286
323858.6352,673229.3387,vacant, ,Class 4,Vacant,Class 2,Class 3,46 HAYMARKET TERRACE,EH12 5LA,3287
323851.7035,673229.703500001,hairdresser,Keith Angus,Vacant,Class 1,Vacant,Class 1,48 HAYMARKET TERRACE,EH12 5LA,3288
323848.0654,673229.4331,bridal salon,The Wedding Centre,Class 4,Class 1,Class 1,SUI GENERIS,50 HAYMARKET TERRACE,EH12 5LA,3289
323844.2703,673229.798,tiles,Midlothian Tile Co.,Class 4,Class 1,Class 1, , , ,3290
323834.0552,673230.5276,Highland dress sale & hire,The Kilt Hire Company,Class 4,Class 1,Class 1, , , ,3291
323829.0945,673230.8924,vacant, ,Class 4,Vacant,Class 1,Class 1,58 HAYMARKET TERRACE,EH12 5LA,3292
323824.3517,673231.257300001,vacant, ,Class 1,Vacant,Class 1,Class 1,62 HAYMARKET TERRACE,EH12 5LA,3293
323792.3779,673233.257300001,glaziers,Capital Glass,Class 2,Class 4,Class 1,Class 1,64 HAYMARKET TERRACE,EH12 5LA,3294
323787.6352,673233.257300001,kitchen furniture & fittings,Klassic Connections Studio,Class 4,Class 1,Class 3,Class 3,68 HAYMARKET TERRACE,EH12 5LQ,3295
323782.8924,673233.622099999,hairdresser,Bernard (Bayard's ?),Class 1,Class 1,Class 2,Vacant,70 HAYMARKET TERRACE,EH12 5LQ,3296
323776.4855,673233.9869,hairdresser,Philip Politi Hairdressing,Class 2,Class 1,Class 4,Class 4,72 HAYMARKET TERRACE,EH12 5LQ,3297
323769.9186,673234.3517,n/t/c,Max,Class 1,Class 1,Class 1,Class 1,76 HAYMARKET TERRACE,EH12 5LQ,3298
323762.6221,673235.0814,video equipment,Edinburgh Camcorder Centre,SUI GENERIS,Class 1,Class 1,Class 1,78 HAYMARKET TERRACE,EH12 5LQ,3299
323754.2965,673235.3517,kitchen furniture & fittings,In-toto Kitchens,SUI GENERIS,Class 1,Class 1,Class 1,80-82 HAYMARKET TERRACE,EH12 5LQ,3300
323748.0945,673235.716600001,veterinary surgery,M.S. Hunter,Class 2,Class 2,Class 2,Class 2,86 HAYMARKET TERRACE,EH12 5LQ,3301
323740.4331,673236.4462,car accessories,Transcal,Class 1,Class 1,Class 3,Class 3,88 HAYMARKET TERRACE,EH12 5LQ,3302
326879.0523,676264.9005,hot food take-away,Leithers Fish Fry,SUI GENERIS,SUI GENERIS,SUI GENERIS,SUI GENERIS,27-28 HENDERSON GARDENS,EH6 6BX,3303
325096.8252,674812.344000001,hot food take-away,Alba D'Oro,SUI GENERIS,SUI GENERIS, ,SUI GENERIS,5-7 HENDERSON ROW,EH3 5DH,3304
325093.0658,674811.404200001,hot food take-away,Alba D'Oro,Vacant,SUI GENERIS, ,SUI GENERIS,9-11 HENDERSON ROW,EH3 5DH,3305
325084.2951,674809.048900001,hot food take-away,Alba D'Oro,Class 1,SUI GENERIS, , , , ,3306
325079.8308,674808.109099999,bric-a-brac,Wild Rose,Class 1,Class 1,Class 1,Class 1,15 HENDERSON ROW,EH3 5DH,3307
325076.0714,674807.169199999,ladies clothing,Glad Rags,Class 1,Class 1,Class 1,Class 1,17 HENDERSON ROW,EH3 5DH,3308
325069.765,674805.398499999,videotape hire,Fast Forward,Class 1,Class 1,Class 1,Class 1,19 HENDERSON ROW,EH3 5DH,3309
325065.0658,674803.9888,hot food take-away,The Globe,Class 1,SUI GENERIS,SUI GENERIS,Class 3,23 HENDERSON ROW,EH3 5DH,3310
324891.8451,674758.1335,hot food take-away,The Vietnamese Kitchen,SUI GENERIS,SUI GENERIS,SUI GENERIS,SUI GENERIS,83 HENDERSON ROW,EH3 5BE,3311
324886.733,674756.883099999,residential, ,Class 1,Class 9, , , , ,3312
324819.8139,674740.847100001,dry cleaner,Care Clean,UNKNOWN USE,Class 1,Vacant,Vacant,103 HENDERSON ROW,EH3 5BB,3313
324792.4748,674732.6097,vacant, ,Vacant,Vacant, , , , ,3314
324812.7626,674764.509,vacant, ,Vacant,Vacant,UNKNOWN USE,Class 4,66 HENDERSON ROW,EH3 5BJ,3315
324804.8309,674762.746400001,vacant, ,Class 1,Vacant,Class 1,Class 1,68 HENDERSON ROW,EH3 5BJ,3316
324790.8642,674759.9496,pottery,The Adam Pottery,Class 1,Class 1, ,Vacant,76 HENDERSON ROW,EH3 5BJ,3317
326867.6282,676030.6231,public house,The Mariner,SUI GENERIS,SUI GENERIS,SUI GENERIS,SUI GENERIS,1-5 HENDERSON STREET,EH6 6BT,3318
326885.1779,676098.774900001,pets & pet supplies,Robert Grigor,Class 2,Class 1, , , , ,3319
326884.5025,676103.727700001,cafe,Champers,Class 3,Class 3,Class 3,Class 3,21-23 HENDERSON STREET,EH6 6BT,3320
326919.2639,676325.6295,vacant, ,Class 4,Vacant,Class 2,Class 2,59 HENDERSON STREET,EH6 6ED,3321
326929.6852,676337.472200001,public house,Bay Horse,SUI GENERIS,SUI GENERIS,Vacant,SUI GENERIS,63-65 HENDERSON STREET,EH6 6ED,3322
326933.0557,676341.6852,residential, ,Class 4,Class 9, , , , ,3323
326935.5835,676345.477,residential, ,Vacant,Class 9, , , , ,3324
326941.8426,676354.6295,grocer & n/t/c,Henderson News,Class 1,Class 1,Vacant,Vacant,75 HENDERSON STREET,EH6 6ED,3325
326944.3705,676358.4213,vacant, ,Class 2,Vacant,Vacant,Vacant, , ,3326
326949.6901,676364.995200001,videotape hire,Junior Videos,Class 4,Class 1,Vacant,Class 9, , ,3327
326953.4818,676370.472200001,vacant, ,Class 2,Vacant,Class 4,Class 1, , ,3328
326956.431,676374.263900001,vacant, ,Class 1,Vacant,Vacant,Class 1,85 HENDERSON STREET,EH6 6ED,3329
326959.8014,676378.8983,restaurant,The Raj,Class 3,Class 3,Class 3,Class 3,87-91A HENDERSON STREET,EH6 6ED,3330
326882.199,676014.3036,baker,Greggs,Class 1,Class 1,Class 1,Class 1,2 HENDERSON STREET,EH6 6BS,3331
326902.4975,676066.198999999,printers,Skyline Printing Co.,Vacant,Class 4, , , , ,3332
326903.1728,676072.502499999,cafe,Nina's,Class 3,Class 3,SUI GENERIS,SUI GENERIS,16 HENDERSON STREET,EH6 6BS,3333
326904.1728,676079.3718,second-hand goods,Darell's Second Hand Shop,Vacant,Class 1,Class 1,Class 1,18 HENDERSON STREET,EH6 6BS,3334
326904.6231,676083.4241,second-hand goods,Darell's Second Hand Shop,Class 4,Class 1, , , , ,3335
326905.0733,676087.7015,public house,Trafalgar Bar,SUI GENERIS,SUI GENERIS,SUI GENERIS,SUI GENERIS,24 HENDERSON STREET,EH6 6DE,3336
326895.2985,676170.172800001,vacant, ,Vacant,Vacant, , , , ,3337
326894.1728,676175.5759,vacant, ,Vacant,Vacant,Vacant,Vacant,28 HENDERSON STREET,EH6 6DE,3338
326892.6492,676183.272299999,vacant, ,Vacant,Vacant,Vacant,Vacant,30 HENDERSON STREET,EH6 6DE,3339
326891.7487,676188.450300001,vacant, ,Vacant,Vacant,Vacant,Class 9, , ,3340
326890.8482,676193.403100001,vacant, ,Class 4,Vacant, , , , ,3341
326889.199,676201.272299999,residential, ,Vacant,Class 9, , , , ,3342
326888.0733,676206.9005,vacant, ,Class 4,Vacant, , , , ,3343
326885.4975,676217.8903,architect,"Cairns, Ford & Yuill",Class 4,Class 4, , , , ,3344
326884.3718,676224.419,architect,"Cairns, Ford & Yuill",Class 4,Class 4, , , , ,3345
326883.9216,676233.6492,vacant, ,Vacant,Vacant,Vacant,Class 4,56 HENDERSON STREET,EH6 6DE,3346
326887.7487,676239.9528,n/t/c,Henderson Newsagent,Class 1,Class 1,Class 1,Class 1,58A HENDERSON STREET,EH6 6DE,3347
326891.801,676246.031199999,public house,The Vintage,SUI GENERIS,SUI GENERIS,SUI GENERIS,SUI GENERIS,60 HENDERSON STREET,EH6 6DE,3348
323517.6895,672455.448000001,bank,Bank of Scotland,Class 2,Class 2, , , , ,3349
326018.5991,673686.6931,hairdresser,Panache Hair,Class 1,Class 1,Class 1,Class 1,109 HIGH STREET,EH1 1SG,3350
326012.2666,673685.1415,charity shop,PDSA,Class 1,Class 1,Class 1,Class 1,115 HIGH STREET,EH1 1SG,3351
326003.6305,673682.1086,public house,Cheers,SUI GENERIS,SUI GENERIS,SUI GENERIS,SUI GENERIS,119 HIGH STREET,EH1 1SG,3352
325995.7536,673680.707699999,betting shop,Ladbrokes,Class 2,Class 2,Class 2,Class 2,123(GF) HIGH STREET,EH1 1SG,3353
326001.0146,673681.876800001,restaurant,Dubh Prais,SUI GENERIS,Class 3,Class 3,Class 3,123B HIGH STREET,EH1 1SG,3354
325988.0503,673679.2004,public house,The Royal Mile,SUI GENERIS,SUI GENERIS,SUI GENERIS,SUI GENERIS,127(05) HIGH STREET,EH1 1SG,3355
325980.1589,673677.386299999,public house,The Mitre,SUI GENERIS,SUI GENERIS,SUI GENERIS,SUI GENERIS,131-133 HIGH STREET,EH1 1SG,3356
325963.6013,673673.7996,tartans,Hector Russel Kiltmaker,Class 1,Class 1,Class 1,Class 1,137-141 HIGH STREET,EH1 1SJ,3357
325918.8455,673664.123199999,restaurant,Pizzaland,Class 3,Class 3,Class 3,Class 3,175-177 HIGH STREET,EH1 1PD,3358
325905.4155,673660.57,knitwear,The Woollen Mill,Class 2,Class 1,Class 1,Class 1,179 HIGH STREET,EH1 1PD,3359
325881.4614,673654.4155,public house,EH1,SUI GENERIS,SUI GENERIS,SUI GENERIS,SUI GENERIS,197 HIGH STREET,EH1 1PE,3360
325874.6305,673652.661800001,gifts,Wee Red Shop,Class 1,Class 1,Class 1,Class 1,205 HIGH STREET,EH1 1PE,3361
325871.1232,673652.077299999,travel agent,Xchange Shop,Class 1,Class 1,Class 1,Class 1,207 HIGH STREET,EH1 1PE,3362
325865.9227,673651.3695,restaurant,Jacksons,Class 3,Class 3,Class 3,Class 3,213 HIGH STREET,EH1 1PE,3363
325863.0,673651.077299999,gifts,The Luckenbooth,Vacant,Class 1,Class 1,Class 1,215 HIGH STREET,EH1 1PE,3364
325856.4614,673649.139900001,restaurant,Mitzis,Class 3,Class 3,Class 3,Class 1,217 HIGH STREET,EH1 1PE,3365
325847.4614,673647.57,wine merchant,Oddbins,Class 1,Class 1,Class 1,Class 1,223-225 HIGH STREET,EH1 1PE,3366
325839.5845,673645.908199999,restaurant (Italian),Gordon's Trattoria,Class 3,Class 3,Class 3,Class 3,231 HIGH STREET,EH1 1PE,3367
325831.5073,673643.7391,public house,Filling Station,Vacant,SUI GENERIS, , , , ,3368
325702.9227,673616.615900001,gifts,Giles of Edinburgh,Class 1,Class 1,Class 1,Class 1,361 HIGH STREET,EH1 1PW,3369
325699.7077,673615.7391,"antiques, curios",Royal Mile Curios,Class 1,Class 1,Class 1,Class 1,363 HIGH STREET,EH1 1PW,3370
325695.476,673614.6931,vacant, ,Class 1,Vacant,Class 1,Class 1,367 HIGH STREET,EH1 1PW,3371
325691.6764,673613.816299999,knitwear,James Pringle,Class 1,Class 1,Class 1,Class 1,371 HIGH STREET,EH1 1PW,3372
325675.2923,673608.031300001,spirit merchant (speciality whiskies),Royal Mile Whiskies,Class 1,Class 1,Class 1,Class 1,379-381 HIGH STREET,EH1 1PW,3373
326139.5073,673687.1691,public house,World's End,SUI GENERIS,SUI GENERIS,SUI GENERIS,SUI GENERIS,2-8 HIGH STREET,EH1 1TB,3374
326125.8768,673683.4155,gifts,The Scottish Experience (Museum),Class 1,Class 1,Class 1,SUI GENERIS,12 HIGH STREET,EH1 1TB,3375
326118.5386,673682.6305,clothing,Go Blue Banana, ,Class 1,Class 1,Class 1,16 HIGH STREET,EH1 1TB,3376
326113.6618,673681.1064,confectioner,Gilburns, ,Class 1, , , , ,3377
326102.3987,673678.077299999,jeweller,Scottish Gems, ,Class 1,Class 1,Class 1,24 HIGH STREET,EH1 1TB,3378
326098.3069,673677.2004,knitwear,Designs on Cashmere, ,Class 1, , , , ,3379
326090.7077,673675.1545,take-away food (doughnuts / ice cream),Dunkin Donuts / Baskin Robbins, ,Class 1,Class 1,Class 1,30 HIGH STREET,EH1 1TB,3380
326086.1545,673674.3695,knitwear & tartans,Tartan Trading Co., ,Class 1,Class 1,Class 1,32 HIGH STREET,EH1 1TB,3381
326077.2923,673672.123199999,delicatessen,Di Placido, ,Class 1,Class 1,Class 3,36 HIGH STREET,EH1 1TB,3382
326060.7996,673667.4614,gifts,Museum of Childhood,Class 1,Class 1, , , , ,3383
326057.5845,673666.876800001,photo processing / dry cleaners,Klick / Munro,Class 1,Class 1,Class 1,Class 1,44 HIGH STREET,EH1 1TB,3384
326053.785,673665.707699999,knitwear,Sheeps Clothing for Ewe,Vacant,Class 1,Class 1,Class 1,46 HIGH STREET,EH1 1TB,3385
326048.0,673663.876800001,gifts,Spice Island,SUI GENERIS,Class 1,Class 1,Class 1,50 HIGH STREET,EH1 1TB,3386
326042.7536,673662.4155,gifts,Celtic Crafts,Class 1,Class 1,Class 1,Class 1,52 HIGH STREET,EH1 1TB,3387
326038.6305,673660.8309,gifts,Tartan Gift Shop,Class 1,Class 1,Class 1,Class 1,54 HIGH STREET,EH1 1TB,3388
326033.6618,673659.9541,jeweller,Palenque,Vacant,Class 1,Class 1,Class 1,56 HIGH STREET,EH1 1TB,3389
326029.4614,673658.8309,"clothing, gifts",Judith Glue,Vacant,Class 1,Class 1,Class 1,60 HIGH STREET,EH1 1TB,3390
326005.6472,673652.9395,"clothing, gifts",Judith Glue, ,Class 1, , , , ,3391
325898.2923,673623.338199999,gents clothing,Smiths,Class 1,Class 1,Class 3,Class 3,124 HIGH STREET,EH1 1QS,3392
325889.4155,673620.6764,restaurant,The Scottish Restaurant,SUI GENERIS,Class 3, , , , ,3393
325883.1232,673619.215,restaurant,Pancake Place,Class 3,Class 3,Class 3,Class 3,130 HIGH STREET,EH1 1QS,3394
325875.9227,673617.229599999,games,Games Workshop,Class 1,Class 1,Class 1,Class 1,136 HIGH STREET,EH1 1QS,3395
325871.5386,673616.3528,"gifts, crafts",White Dove Crafts,Class 1,Class 1,Class 1,Class 1,140 HIGH STREET,EH1 1QS,3396
325864.6681,673613.9727,restaurant,Wee Windaes,SUI GENERIS,Class 3,Class 3,Class 3,144 HIGH STREET,EH1 1QS,3397
325858.6305,673613.137800001,hot food take-away (fish & chips),The Clamshell,SUI GENERIS,SUI GENERIS,SUI GENERIS,SUI GENERIS,148 HIGH STREET,EH1 1QS,3398
325853.9541,673611.6764,public house,Valentines,SUI GENERIS,SUI GENERIS, , , , ,3399
325847.524,673610.507300001,public house,The Covenanter,SUI GENERIS,SUI GENERIS,SUI GENERIS,SUI GENERIS,160 HIGH STREET,EH1 1QS,3400
325840.1232,673609.43,restaurant (Indian),Bay of Bengal,Class 3,Class 3,Class 3,Class 3,164 HIGH STREET,EH1 1QS,3401
325833.0,673608.0459,meeting rooms,Edinburgh Urdu Circle,Class 1,Class 2,Class 1,Class 1,166(1F1) HIGH STREET,EH1 1QS,3402
325825.2464,673606.816299999,restaurant,Elephant's Sufficiency,Class 4,Class 3,Class 3,Class 3,170 HIGH STREET,EH1 1QS,3403
325821.0,673606.1691,property developer's office,The Burrell Company, ,Class 4,Class 4,Class 1,174 HIGH STREET,EH1 1QS,3404
325816.3236,673605.0,festival admin. office,Festival Fringe Society, ,Class 1,Class 4,Class 4,180 HIGH STREET,EH1 1QS,3405
325791.8455,673599.785,restaurant,Lower Aisle,Class 3,Class 3, , , , ,3406
312927.2706,678407.3081,restaurant (Indian),Queen's Balti,Class 1,Class 3,Class 3,Class 3,1 HIGH STREET,EH30 9PP,3407
312935.2107,678412.925100001,florist,Cottage Flowers,Class 1,Class 1,Vacant,Vacant,2 HIGH STREET,EH30 9PP,3408
312933.4813,678396.7893,vacant, ,Class 1,Vacant,Class 3,Class 3,4 HIGH STREET,EH30 9PP,3409
312941.4213,678391.0,photographic prints,Donald Ford Gallery,Class 1,Class 1,Class 1,Class 1,6-7 HIGH STREET,EH30 9PP,3410
312973.9168,678367.5045,charity shop,St. Elia,Class 1,Class 1,Class 1,Demolished, , ,3411
312976.7901,678365.593699999,hot food take-away (Chinese),Yangtze River,SUI GENERIS,SUI GENERIS,SUI GENERIS,Demolished, , ,3412
312997.7294,678350.984999999,vacant, ,Class 1,Vacant,Class 1,Class 1,20 HIGH STREET,EH30 9PP,3413
313002.955,678347.7519,office,n/a,Class 1,Class 4, , , , ,3414
313010.5337,678342.7819,kilts,Clan Albannach Kilts,Class 1,Class 1,Class 1,Class 1,23-24(A) HIGH STREET,EH30 9PP,3415
312938,678361,kilts,Clan Albannach,Class 1,Class 1, , , , ,3416
313030.7594,678330.541200001,"haberdashery, lingerie",Something Special,Class 1,Class 1, , , , ,3417
313038.2556,678326.7819,solicitors,Deans & Co.,Class 2,Class 2,Class 2,Class 2,31 HIGH STREET,EH30 9PP,3418
313040.985,678325.045,financial services,Brims & O'Donnell, ,Class 2,Class 2,Class 2,31A HIGH STREET,EH30 9PP,3419
313045,678334,financial services,n/a,Class 2,Class 2, , , , ,3420
313079.2556,678313.0375,vacant, ,Class 1,Vacant,Class 2,Class 2,35 HIGH STREET,EH30 9HN,3421
313066.7444,678315.593699999,bank,Clydesdale Bank,Class 2,Class 2,Class 2,Class 2,35(A) HIGH STREET,EH30 9HN,3422
313062.5187,678299.849300001,public house,Ferry Tap,SUI GENERIS,SUI GENERIS,SUI GENERIS,SUI GENERIS,36 HIGH STREET,EH30 9HN,3423
313100.9509,678290.9618,n/t/c,Town Crier,Class 1,Class 1, , , , ,3424
313109.6717,678288.5965,jeweller,Scruples,SUI GENERIS,Class 1, , , , ,3425
313111.5659,678288.125399999,books & cafe,Ferry Bookshop,Class 1,Class 1, , , , ,3426
313117.4024,678286.8081,toys,Teddy Bear Shop,Class 1,Class 1, , , , ,3427
313124.0948,678285.067600001,optician,Sangsters,Class 1,Class 1, , , , ,3428
313129.47,678283.7983,hairdresser,Annabell's,Class 1,Class 1, , , , ,3429
313132.1047,678283.1636,hairdresser,Annabelle,Class 1,Class 1,Class 1,Class 1,49-50 HIGH STREET,EH30 9HN,3430
313139.807,678281.471100001,children's clothing,Pride & Joy, ,Class 1, , , , ,3431
313168.9422,678295.1625,domestic appliances,General Domestics,Class 1,Class 1,Class 1,Class 1,55 HIGH STREET,EH30 9HN,3432
326132.7536,673224.400900001,valet service,Continental Cleaner & Valet Service,Class 1,Class 4, , , , ,3433
326135.9687,673232.292300001,post office,Nicolson Street Post Office,Class 4,Class 1, ,Class 4,16-17 HILL PLACE,EH8 9DP,3434
324976.8915,674012.434,restaurant,The Windmill,Class 3,Class 3,Class 3,Class 3,24(GF) HILL STREET,EH2 3JZ,3435
324933.2473,672871.739399999,n/t/c,News Shop,Class 1,Class 1,Class 1,Class 1,31 HOME STREET,EH3 9JR,3436
324933.7485,672865.751800001,videotape hire,Blockbuster Express,Vacant,Class 1,Class 1,Class 1,33 HOME STREET,EH3 9JR,3437
324934.999,672858.998600001,restaurant,Al Marco's,Class 3,Class 3,Class 3,Class 3,37 HOME STREET,EH3 9JP,3438
324936.7489,672848.500700001,household goods & toiletries,Tollcross Hardware Store,Class 1,Class 1,Class 1,Class 1,39 HOME STREET,EH3 9JP,3439
324937.9995,672841.9976,wine merchant,Victoria Wine,Class 1,Class 1,Class 2,Class 1,43 HOME STREET,EH3 9JP,3440
324938.9995,672833.7513,public house,King's Arms,SUI GENERIS,SUI GENERIS,SUI GENERIS,SUI GENERIS,45 HOME STREET,EH3 9JP,3441
324939.7499,672828.7489,hot food take-away,Concorde Fish Bar,SUI GENERIS,SUI GENERIS,SUI GENERIS,SUI GENERIS,49 HOME STREET,EH3 9JP,3442
324940.7504,672823.9967,greengrocer,Thomson's,Class 1,Class 1,Class 1,Vacant,51 HOME STREET,EH3 9JP,3443
324940.9995,672818.501700001,betting shop,William Hill,Class 1,Class 2,Class 2,Class 2,53-53A HOME STREET,EH3 9JP,3444
324941.7499,672813.499299999,vacant, ,Class 1,Vacant,Class 3,Vacant,57 HOME STREET,EH3 9JP,3445
324942.7504,672809.247300001,baker,Greggs,Class 1,Class 1,Class 1,Class 1,57A HOME STREET,EH3 9JP,3446
324943.9653,672798.8807,art gallery & picture framing,Di Rollo,Class 1,Class 1,Class 1,Class 1,59 HOME STREET,EH3 9JP,3447
324942.9981,672805.493100001,grocer,Tollcross Superstore,Class 1,Class 1,Class 1,Class 1,63 HOME STREET,EH3 9JP,3448
324944.9657,672793.128,photographic goods & processing,SupaSnaps,Class 1,Class 1,Vacant,SUI GENERIS,65 HOME STREET,EH3 9JP,3449
324945.7418,672787.999500001,vacant, ,SUI GENERIS,Vacant,Class 1,SUI GENERIS,67 HOME STREET,EH3 9JP,3450
324900.2501,672923.999500001,vacant, ,Class 11,Vacant,Class 1,Class 1,14 HOME STREET,EH3 9LY,3451
324900.5007,672918.502599999,amusements,Gold Rush,Class 1,Class 11,Class 11,Class 11,14A HOME STREET,EH3 9LY,3452
324900.5007,672913.750399999,public house,Fantasy Bar,SUI GENERIS,SUI GENERIS,SUI GENERIS,SUI GENERIS,16 HOME STREET,EH3 9LY,3453
324900.2506,672908.9981,hairdresser,Stage,Class 1,Class 1,Class 1,Class 1,16A HOME STREET,EH3 9LY,3454
324899.7532,672903.252,food take-away,Executive Sandwich Co.,Vacant,Class 1,Vacant,Vacant,18 HOME STREET,EH3 9LY,3455
324899.253,672894.748,kitchen & bedroom fittings,DM Design,Class 1,Class 1, , , , ,3456
324899.2535,672871.502599999,bank,Royal Bank of Scotland,Class 2,Class 2,Class 2,Class 2,26-28 HOME STREET,EH3 9LZ,3457
324901.2515,672862.0019,baker,Crawfords,Class 1,Class 1,Class 3,Class 3,30 HOME STREET,EH3 9LZ,3458
324902.0019,672857.249600001,ladies clothing,Simone's Seconds,Class 1,Class 1,Class 1,Vacant,32 HOME STREET,EH3 9LZ,3459
324902.5021,672853.2477,n/t/c,n/a,SUI GENERIS,Class 1,Class 1,Class 1,36 HOME STREET,EH3 9LZ,3460
321697.8205,674838.427300001,wine merchant,Victoria Wine,Class 1,Class 1,Class 1, ,12 HILLHOUSE ROAD,EH4 2AG,3461
321690.3932,674842.7522,bank,Bank of Scotland,Class 2,Class 2,Class 2,Class 2,16 HILLHOUSE ROAD,EH4 2AG,3462
321684.6068,674846.606799999,vacant, ,Class 2,Vacant,Class 1,Class 1,18 HILLHOUSE ROAD,EH4 2AG,3463
321676.2136,674852.2136,chemist,Heron Pharmacy / Vantage,Class 1,Class 1,Class 1,Class 1,22 HILLHOUSE ROAD,EH4 2AG,3464
321669.2136,674855.0,n/t/c,The Dessert,Class 1,Class 1, ,Class 1,24 HILLHOUSE ROAD,EH4 2AG,3465
321663.4273,674859.2136,n/t/c,The Dessert,Class 1,Class 1, ,Class 3,26 HILLHOUSE ROAD,EH4 2AG,3466
321657.6409,674863.2136,public house,Blackhall Lounge,SUI GENERIS,SUI GENERIS,SUI GENERIS,SUI GENERIS,28-30 HILLHOUSE ROAD,EH4 2AG,3467
321646.8887,674869.572699999,hot food take-away,Pipperla,SUI GENERIS,SUI GENERIS,SUI GENERIS,SUI GENERIS,32 HILLHOUSE ROAD,EH4 2AG,3468
321646.8367,674881.077199999,motor accessories,Kwik Fit,Class 1,Class 1, ,Class 1,34-40 HILLHOUSE ROAD,EH4 2AG,3469
326572.9534,674655.326400001,unknown, ,Vacant,UNKNOWN USE,Class 4,Vacant,1-3 HILLSIDE STREET,EH7 5HD,3470
326534.1399,674658.046599999,grocer,Bobbie's Corner Shop,Class 1,Class 1,Class 1,Class 1,2 HILLSIDE STREET,EH7 5HB,3471
326534.1399,674653.3368,fine art,Dunedin Gallery,Vacant,Class 1, , , , ,3472
313198.924,672514.0,supermarket,Scotmid,Class 1,Class 1,Class 1,Class 1,(1A) HILLWOOD ROAD,EH28 8PU,3473
326215.2777,673553.400900001,n/t/c,Griff's,Class 1,Class 1,Class 1,Class 1,1 HOLYROOD ROAD,EH8 8AE,3474
326221.7077,673553.6931,watch repairs,B.W. Laydon,Class 1,Class 1,Class 1,Class 1,3 HOLYROOD ROAD,EH8 8AE,3475
326233.1064,673554.862199999,"joiners, plumbers & builders",T. Higgins, ,Class 4,Class 4,Vacant,7 HOLYROOD ROAD,EH8 8AE,3476
326241.9687,673556.446799999,public house,Holyrood Tavern,SUI GENERIS,SUI GENERIS,SUI GENERIS,SUI GENERIS,9A HOLYROOD ROAD,EH8 8AE,3477
326518.8663,673659.5502,demolished, ,SUI GENERIS,Demolished, , , , ,3478
326251.5897,673537.820699999,computers,Apple Centre, ,Class 1, , , , ,3479
324944.2496,672926.753699999,bank,Bank of Scotland,Class 2,Class 2,Class 1,Class 1,1 HOME STREET,EH3 9JR,3480
324941.7485,672921.7513,"records, tapes, cds",Hot Wax,Class 1,Class 1,Class 1,Vacant,5 HOME STREET,EH3 9JR,3481
324938.7494,672915.002900001,mobile telephones,Grapevine,Class 1,Class 1,Class 3,Class 3,7 HOME STREET,EH3 9JR,3482
324936.9986,672910.750800001,butcher,A. Drummond,Class 1,Class 1,Vacant,Class 2,11 HOME STREET,EH3 9JR,3483
324935.4979,672905.748500001,videotape hire,Global Video,Class 1,Class 1,Class 1,Class 1,13 HOME STREET,EH3 9JR,3484
324933.9986,672899.253,insurance brokers,Hill House Hammond,Class 4,Class 2,Class 2,Class 2,15 HOME STREET,EH3 9JR,3485
324932.748,672894.750800001,café / snack bar,Three Coins,Class 1,Class 3,SUI GENERIS,SUI GENERIS,19 HOME STREET,EH3 9JR,3486
324931.4974,672890.2487,photo processing / dry cleaning,Klick / Munro,Class 1,Class 1,Class 1,Class 1,21 HOME STREET,EH3 9JR,3487
324931.2487,672885.253,pets & pet supplies,Ocean Life,Class 4,Class 1,Class 2,Class 2,23 HOME STREET,EH3 9JR,3488
324931.7489,672881.001,information office,Edinburgh Chinese Elderly Support Association,Class 1,Class 2,Class 2,Class 2,25 HOME STREET,EH3 9JR,3489
324932.4993,672875.998600001,electrical repairs,XL Electrical Appliances,Class 1,Class 1,Class 1,Class 1,29 HOME STREET,EH3 9JR,3490
324903.5021,672849.0043,optician,Hyslop,Class 1,Class 1,Class 1,Class 1,40 HOME STREET,EH3 9LZ,3491
324904.7527,672841.500700001,vacant, ,Vacant,Vacant,Vacant,Class 1,42 HOME STREET,EH3 9LZ,3492
324905.7532,672835.9981,wine merchant,Haddows,Vacant,Class 1,Class 1,Vacant,44 HOME STREET,EH3 9LZ,3493
324907.7508,672813.751800001,betting shop,Ladbrokes,Class 2,Class 2,Class 2,Class 2,46 HOME STREET,EH3 9NA,3494
324909.2515,672806.498299999,chemist,Moran Pharmacy - Vantage,Class 1,Class 1,Class 1,Vacant,48 HOME STREET,EH3 9NA,3495
324909.7504,672800.0043,charity shop,Cancer Research Campaign,Class 1,Class 1,Class 1,Class 1,50 HOME STREET,EH3 9NA,3496
324910.5007,672796.252499999,restaurant (Indian),Bangalore Tandoori Restaurant,Class 3,Class 3,Class 3,Class 3,52 HOME STREET,EH3 9NA,3497
324911.001,672792.000499999,haberdashery,Pins & Needles,Class 1,Class 1,Class 1,Class 2,54 HOME STREET,EH3 9NA,3498
324911.5012,672787.998600001,jeweller,A. James,Class 1,Class 1,Vacant,Vacant,58 HOME STREET,EH3 9NA,3499
324912.0014,672784.4969,fireplaces,The Hearth,Class 1,Class 1,Class 1,Class 3,60(1) HOME STREET,EH3 9NA,3500
324912.5017,672781.2454,fireplaces,The Hearth,Vacant,Class 1,Class 1, , , ,3501
324913.001,672776.002900001,travel agent,A.T. Mays,Class 1,Class 1,Class 1,Class 1,62 HOME STREET,EH3 9NA,3502
324913.2511,672771.500700001,grocer & n/t/c,unknown,Class 1,Class 1,SUI GENERIS,Class 1,64 HOME STREET,EH3 9NA,3503
324913.7513,672767.7489,greeting cards & novelties,Mr. Bonis,Class 1,Class 1, , , , ,3504
326215.7391,672652.7996,books,Till's Bookshop,Class 1,Class 1,Class 1,Class 1,1 HOPE PARK CRESCENT,EH8 9NA,3505
326219.5386,672655.7223,plumbers,Mitchell & Greig,Class 4,Class 4, , , , ,3506
326241.3695,672591.446799999,antiques,A. Essex & Co.,Class 1,Class 1,Class 2,Class 2,1 HOPE PARK TERRACE,EH8 9LZ,3507
326318.4927,672590.922700001,vacant, , ,Vacant,Class 1,SUI GENERIS,18 HOPE PARK TERRACE,EH8 9LY,3508
324669.4188,673731.6625,post office,Post Office,Class 1,Class 1,Vacant,Class 3, , ,3509
324667.1438,673740.675000001,bistro bar,Cats,SUI GENERIS,Class 3,Vacant,Demolished,7-11 HOPE STREET,EH2 4EN,3510
324663.1812,673753.6875,public house,Whigham's Wine Cellar,SUI GENERIS,SUI GENERIS,SUI GENERIS,SUI GENERIS,13 HOPE STREET,EH2 4EL,3511
324661.4188,673759.074899999,bank,Clydesdale Bank,Class 2,Class 2,Class 1,Class 1,19 HOPE STREET,EH2 4ES,3512
324644,673703,public house,Ryan's Bar,Class 1,SUI GENERIS,SUI GENERIS,SUI GENERIS,2 HOPE STREET,EH2 4DB,3513
324641,673711,restaurant,Ryan's Bar,Class 1,Class 3, , , , ,3514
312792.3696,678422.0682,vacant, ,Class 1,Vacant,Vacant,Vacant,23 HOPETOUN ROAD,EH30 9RB,3515
312783.7968,678423.4438,videotape hire,Movie Express,Class 1,Class 1, , , , ,3516
312774.0225,678424.203199999,undertakers,John Armstrong,Class 1,Class 1,Class 1,Class 1,29A HOPETOUN ROAD,EH30 9RB,3517
312770.7669,678421.9475,estate agents,Andrew Moray Johnston,Class 1,Class 2,Class 2,Class 1,35A HOPETOUN ROAD,EH30 9RB,3518
312767.7893,678418.970000001,pets & pet supplies,Pets Corner,Class 1,Class 1, , , , ,3519
312763.0525,678414.977499999,hairdresser,Nouveau Riche,Class 1,Class 1, , , , ,3520
312759.3688,678411.150699999,vacant, ,Vacant,Vacant,Vacant,Class 9, , ,3521
312913.2556,678409.285599999,restaurant,Sizzlers,Class 1,Class 3,SUI GENERIS,SUI GENERIS,2 HOPETOUN ROAD,EH30 9RA,3522
312906.2706,678412.0375,"stationery, toys",Mabel,Class 1,Class 1,Class 4,Vacant,4A HOPETOUN ROAD,EH30 9RA,3523
312844.7369,678432.804300001,restaurant (Chinese),Yuk Fung,Class 1,Class 3,Class 3,Class 3,10-12 HOPETOUN ROAD,EH30 9RA,3524
312831.7519,678433.548699999,solicitors,Cockburn McGrane,Class 1,Class 2,Class 2,Class 4,16 HOPETOUN ROAD,EH30 9RA,3525
312813.3972,678440.9176,redeveloped to residential, ,Class 1,Class 9, , , , ,3526
312729.6339,678413.8694,public house,The Moorings,SUI GENERIS,SUI GENERIS,SUI GENERIS,SUI GENERIS,24-26 HOPETOUN ROAD,EH30 9RE,3527
312506.7654,678366.7654,vacant, ,Vacant,Vacant,Class 1,Class 9, , ,3528
325145.5873,675136.9948,public house,Northern Bar,SUI GENERIS,SUI GENERIS,SUI GENERIS,SUI GENERIS,1 HOWARD PLACE,EH3 5JZ,3529
325139.4657,675142.645500001,residential, ,SUI GENERIS,Class 9, , , , ,3530
325138.053,675144.372099999,residential, ,Vacant,Class 9, , , , ,3531
325168.2204,675078.0,restaurant,Mamma's Pizza Restaurant,Class 1,Class 3,Class 3,Class 3,1 HOWARD STREET,EH3 5JP,3532
325164.7672,675081.610200001,n/t/c,Dignan,Class 1,Class 1,Class 1,Class 1,3 HOWARD STREET,EH3 5JP,3533
325161.9418,675084.749500001,"gifts, fancy goods",The Present Company,Class 1,Class 1,Class 1,Class 1,4 HOWARD STREET,EH3 5JP,3534
325158.4886,675088.0458,fine art,Forth Art,Class 1,Class 1,Class 1,Class 1,5 HOWARD STREET,EH3 5JP,3535
325154.8784,675091.969900001,hot food take-away,Hungries,Vacant,SUI GENERIS,SUI GENERIS,SUI GENERIS,6 HOWARD STREET,EH3 5JP,3536
325151.6279,675095.3774,wall coverings & fabrics,Wall Street,Vacant,Class 1,Class 1,Class 1,8 HOWARD STREET,EH3 5JP,3537
325146.4532,675100.650699999,second-hand books,Second Edition,Class 1,Class 1,Class 1,Class 1,9 HOWARD STREET,EH3 5JP,3538
325142.5291,675104.4179,solicitors & estate agents,Connor Malcolm,Class 1,Class 2,Class 1,Class 1,11 HOWARD STREET,EH3 5JP,3539
327387,668084,antiques,Smithy Antiques,Class 1,Class 1,Class 1,Vacant,79 HOWDEN HALL ROAD,EH16 6PW,3540
327349.2284,668078.4191,n/t/c,n/a,Class 1,Class 1, , , , ,3541
325055.0225,674333.5865,printers,Prontaprint,Class 4,Class 4,Class 4,Class 4,15A HOWE STREET,EH3 6TE,3542
325052.609,674341.4135,furniture,Touch Wood,Class 1,Class 1,Class 1,Class 1,19 HOWE STREET,EH3 6TE,3543
325051.4135,674345.797,stoves (non-electric),Burning Question,Vacant,Class 1,Class 1,Class 1,19B HOWE STREET,EH3 6TE,3544
325042.6165,674372.225500001,tiles,The Original Tile Shop,Class 1,Class 1,Class 1,Class 3,23A HOWE STREET,EH3 6TF,3545
325024.7107,674445.173599999,crafts & paintings,Catherine Soultanovitch & Co.,Class 1,Class 1, , , , ,3546
327372.4269,671083.665200001,travel agent,Lunn Poly,Class 1,Class 1, , , , ,3547
327372.0161,671078.3245,optician,Dollond & Aitchison,Class 1,Class 1, , , , ,3548
327372.0161,671072.1623,travel agent,Thomas Cook,Class 1,Class 1, , , , ,3549
327371.6053,671066.821599999,ladies clothing,State of Independence,Class 1,Class 1, , , , ,3550
327371.6053,671061.481000001,shoes,Clarks,Class 1,Class 1, , , , ,3551
327371.1945,671054.9079,"greeting cards, stationery",Strand,Class 1,Class 1, , , , ,3552
327371.1945,671048.7457,"records, tapes, cds",Our Price,Class 1,Class 1, , , , ,3553
327371.1945,671042.994200001,fabrics,Roseby's,Class 1,Class 1, , , , ,3554
325598.6305,673590.9395,public house,Deacon Brodie's,SUI GENERIS,SUI GENERIS,SUI GENERIS,SUI GENERIS,435 LAWNMARKET,EH1 2NT,3555
325589.5845,673589.615900001,knitwear,Jamie Scott's Mill Shop,Class 1,Class 1,Class 1,Class 1,443-449 LAWNMARKET,EH1 2NT,3556
325577.7996,673585.6931,knitwear,Edinburgh Woollen Mill,Class 1,Class 1,Class 1,Class 1,453-455 LAWNMARKET,EH1 2NT,3557
325034.376,674269.977499999,office & clubroom,Edinburgh Ski Club,Class 4,Class 4,Class 4,Class 4,2 HOWE STREET,EH3 6TD,3558
325032.985,674275.797,household fabrics,Material World,Class 1,Class 1,Class 1,Class 1,4 HOWE STREET,EH3 6TD,3559
325030.9925,674279.782,interior decorator,n/a,Class 4,Class 4,Vacant,Vacant, , ,3560
325030.1955,674282.970000001,stencils,Pavilion,Class 1,Class 1,Class 2,Class 4,4B HOWE STREET,EH3 6TD,3561
325028.985,674287.405999999,office,n/a,Class 1,Class 4,Class 1,Class 1,6A HOWE STREET,EH3 6TD,3562
325026.5865,674296.0,paints,Edina Paint Co.,Class 1,Class 1,Class 1,Class 1,8A-10 HOWE STREET,EH3 6TD,3563
325022.5865,674308.797,carpets,Behar,Class 1,Class 1,Class 1,Class 1,12A HOWE STREET,EH3 6TD,3564
325021.391,674313.180500001,ladies clothing,Greensleeves,Vacant,Class 1,Class 1,Class 1,16 HOWE STREET,EH3 6TD,3565
325013.985,674338.2105,coffee shop,Rock Cafe,Class 3,Class 3,Class 3,Class 3,18 HOWE STREET,EH3 6TG,3566
325012.391,674342.9925,household linens,And So To Bed,Class 1,Class 1,Class 1,Class 1,22 HOWE STREET,EH3 6TG,3567
325010.1955,674350.0075,public house,Fibber Magees,SUI GENERIS,SUI GENERIS,SUI GENERIS,SUI GENERIS,24A-24 HOWE STREET,EH3 6TG,3568
325008.1955,674358.195499999,hair & beauty products,Sally,Class 1,Class 1,Class 1,Class 1,26(GF90) HOWE STREET,EH3 6TG,3569
325006.6015,674363.812000001,furniture,In House,Class 1,Class 1,Class 1,Class 1,28 HOWE STREET,EH3 6TG,3570
325005.9925,674367.4285,hot food take-away,Stefan C's,SUI GENERIS,SUI GENERIS,SUI GENERIS,SUI GENERIS,32 HOWE STREET,EH3 6TH,3571
325004.797,674371.812000001,grocer (lic.),New Town Licensed Grocer,Class 1,Class 1,Class 1,Class 1,36 HOWE STREET,EH3 6TH,3572
325003.6015,674375.797,vacant, ,Class 1,Vacant,Class 1,Class 1,38 HOWE STREET,EH3 6TH,3573
325002.767,674379.421,residential letting agency,Factotum,Class 1,Class 2,Class 2,Class 2,40 HOWE STREET,EH3 6TH,3574
325001.5715,674383.804500001,"delicatessen, food take-away, catering",Rowland's,Class 1,Class 1, , , , ,3575
324999.579,674391.376,n/t/c,News Corner,Class 1,Class 1,Class 1,Class 1,46 HOWE STREET,EH3 6TH,3576
325902.3236,673609.7391,restaurant,Creelers,Class 1,Class 3,Class 3,Class 3,3 HUNTER SQUARE,EH1 1QW,3577
325908.4781,673588.231799999,demolished, ,Vacant,Demolished,SUI GENERIS,SUI GENERIS,7 HUNTER SQUARE,EH1 1QW,3578
325934.2004,673589.183700001,public house,Celidh House,Vacant,SUI GENERIS,SUI GENERIS,SUI GENERIS,9 HUNTER SQUARE,EH1 1QW,3579
325900.215,673615.5845,gents clothing,McKenzie,Class 1,Class 1,Class 3,Class 3,2 HUNTER SQUARE,EH1 1QW,3580
325903.1523,673605.707699999,restaurant,Bann's Vegetarian Cafe,Class 2,Class 3, , , , ,3581
325218.5823,675031.430299999,launderette,Canonmills Launderette,Class 1,Class 1,Class 1,Class 1,7-8 HUNTLY STREET,EH3 5HB,3582
322387.0123,671420.626800001,vacant, ,Class 4,Vacant,Class 9,Class 9, , ,3583
322393.7711,671424.9278,builders,Capital Maintenance Co.,Class 1,Class 4,Class 4,Class 4,7 HUTCHISON PLACE,EH14 1QU,3584
322426.1567,671404.698999999,piano repairs,Malcolm Smith,Class 1,Class 1,Class 2,Class 9, , ,3585
322426.1567,671400.3979,bus hire office,Ladywell Coaches,Class 4,Class 1,Class 1,Class 9, , ,3586
322426.7711,671396.096899999,"stationery, post office",Hutchison Place Post Office,Class 1,Class 1,Vacant,UNKNOWN USE,19 HUTCHISON PLACE,EH14 1QR,3587
322368.0,671389.385600001,vacant, ,Class 1,Vacant,Vacant,Class 9, , ,3588
322367.3856,671383.855599999,vacant, ,Class 1,Vacant,Vacant,Class 9, , ,3589
322398.8556,671364.1567,grocer,Allsorts,Class 1,Class 1,Class 1,Class 1,10 HUTCHISON PLACE,EH14 1QS,3590
322405,671366,hairdresser,Snips 'n' Grips,Class 1,Class 1,Class 1,Class 1,14 HUTCHISON PLACE,EH14 1QS,3591
322342.4701,671125.7711,plumbing supplies,Plumbing Shop,Vacant,Class 2,Class 1,Class 1,1 HUTCHISON TERRACE,EH14 1QB,3592
322335.1567,671135.3134,vacant, ,Class 2,Vacant,Class 1,Class 1,3 HUTCHISON TERRACE,EH14 1QB,3593
322330.8556,671140.2289,window blinds,Sunrite Blinds,Vacant,Class 1,Class 1,Class 1,4 HUTCHISON TERRACE,EH14 1QB,3594
322325.3856,671147.0845,florist,Clares Florist,Vacant,Class 1,Class 1,Class 1,5 HUTCHISON TERRACE,EH14 1QB,3595
322321.0845,671151.385600001,bridal wear,Susan Gregory,Class 2,Class 1,Class 1,Class 1,6 HUTCHISON TERRACE,EH14 1QB,3596
325591.5991,673483.922700001,public house,Rocking Horse / Nicky Tam's,SUI GENERIS,SUI GENERIS,SUI GENERIS,SUI GENERIS,4 INDIA BUILDINGS,EH1 2EX,3597
324818,674207,solicitors,Ian Kennedy,Vacant,Class 2,UNKNOWN USE,UNKNOWN USE,2 INDIA STREET,EH3 6EZ,3598
326021.5532,673417.246400001,public house,Royal Oak,SUI GENERIS,SUI GENERIS,SUI GENERIS,SUI GENERIS,1 INFIRMARY STREET,EH1 1LT,3599
326029.8309,673419.9541,public house,Royal Oak,SUI GENERIS,SUI GENERIS, , , , ,3600
321604.6396,670919.1472,engineers,Allmex Control Systems,Class 2,Class 4,Class 4,Vacant,69 INGLIS GREEN ROAD,EH14 2EZ,3601
321603,670909,catering equipment, ,Class 2,Class 2, , , , ,3602
321601.6242,670903.360400001,commercial bakery,La Maison de Patissier,Vacant,Class 4, , , , ,3603
321810,670823,windows,Lochinvar Windows,Vacant,Class 4,Class 11,Vacant,81 INGLIS GREEN ROAD,EH14 2EZ,3604
321577,670887,camera repairs,Leica,Vacant,Class 1,UNKNOWN USE,Vacant,83 INGLIS GREEN ROAD,EH14 2EZ,3605
321578.0659,670891.9341,vacant, ,Class 4,Vacant,Class 4,Vacant,85 INGLIS GREEN ROAD,EH14 2EZ,3606
321581,670908,vacant, ,Class 4,Vacant,Class 4,Vacant,93 INGLIS GREEN ROAD,EH14 2EZ,3607
321906.252,670807.313200001,d.i.y.,B & Q, ,Class 1,Class 1,Vacant,(22) INGLIS GREEN ROAD,EH14 2ER,3608
321749.3564,670901.1131,vacant, ,SUI GENERIS,Vacant,SUI GENERIS,SUI GENERIS,(28) INGLIS GREEN ROAD,EH14 2ER,3609
314456.729,672863.2609,bank,Royal Bank of Scotland,Class 2,Class 2, , , , ,3610
324628.9819,676004.436699999,second-hand goods,Cash in Hand 2nd Hand Dealers,Class 2,Class 1,Class 2,Class 2,1 INVERLEITH GARDENS,EH3 5PU,3611
324620.213,676004.0362,antiques,Inter Antique,Class 1,Class 1,Class 1,Class 1,1A INVERLEITH GARDENS,EH3 5PU,3612
324615.2311,676003.916999999,hot food take-away (Chinese),Palace Chinese Takeaway,SUI GENERIS,SUI GENERIS,SUI GENERIS,SUI GENERIS,1B INVERLEITH GARDENS,EH3 5PU,3613
324587.787,676001.2599,stamps (philately) & accessories,Robert Murray,Class 1,Class 1,Class 1,Class 1,5 INVERLEITH GARDENS,EH3 5PU,3614
325064.5012,673226.7523,records,Avalanche,Class 1,Class 1,Class 1,Class 1,28 LADY LAWSON STREET,EH3 9DS,3615
325069.2606,673222.2425,joiners & glaziers,Lawsons Timber,Class 1,Class 4,Class 1,Class 1,32 LADY LAWSON STREET,EH3 9DS,3616
325120,673157,public house,K. Jacksons Bar,SUI GENERIS,SUI GENERIS,SUI GENERIS, , , ,3617
325105,673175,computer systems solutions,Nordic Data Ltd.,Class 1,Class 2, ,Vacant,46-52 LADY LAWSON STREET,EH3 9DW,3618
328798.493,673140.260500001,vacant, ,Class 1,Vacant, , , , ,3619
328805.0281,673142.7535,grocer & n/t/c,Nairne Mini Market,Class 1,Class 1, , , , ,3620
328812.9157,673145.7114,grocer & n/t/c,Nairne Mini Market,Class 1,Class 1, , , , ,3621
328820,673149,hairdresser,Marion,Class 1,Class 1,Class 1,Class 1,15 LADY NAIRNE PLACE,EH8 7LZ,3622
328826.014,673151.0,electricians,John Gordon,Class 4,Class 4,Vacant, , , ,3623
328832.5211,673153.260500001,butcher,James Lambert,Class 1,Class 1,Vacant,Vacant,19 LADY NAIRNE PLACE,EH8 7LZ,3624
327372.8377,671095.168099999,building society,Halifax,Class 2,Class 2, , , , ,3625
325569.3236,673583.6472,knitwear & tartans,John Morrison,Class 1,Class 1,Class 1,Class 1,459-463 LAWNMARKET,EH1 2NT,3626
324578.4441,676000.732799999,charity shop,ME Foundation,Class 1,Class 1,Class 1,Class 3,8 INVERLEITH GARDENS,EH3 5PU,3627
324651.0288,675960.527100001,wine merchant,Victoria Wine,Vacant,Class 1,Class 1,Class 1,58-59 INVERLEITH ROW,EH3 5PX,3628
324649.7509,675963.296,fishing tackle,The Craftye Fisherman,Class 1,Class 1,Class 1,Class 1,60A INVERLEITH ROW,EH3 5PX,3629
324648.4729,675965.639,"t.v. & video repairs, videotape hire",Alectronics,Class 1,Class 1,Class 1,Class 1,60B INVERLEITH ROW,EH3 5PX,3630
324647.1949,675967.981899999,fishmonger,A.H. Croan,Class 1,Class 1, , , , ,3631
324644.213,675973.732799999,dry cleaner & launderette,Goldenacre Come-Clene,Class 1,Class 1, , , , ,3632
324641.5379,675980.083000001,n/t/c,Goldenacre Newsagent - Latif,Class 1,Class 1,Class 2,Vacant,61A INVERLEITH ROW,EH3 5PX,3633
324638.3429,675986.685900001,hot food take-away,Pizza Bazaar,Vacant,SUI GENERIS,SUI GENERIS,SUI GENERIS,62 INVERLEITH ROW,EH3 5PX,3634
324624.935,676004.2237,butcher,Allan Campbell,Class 1,Class 1,Vacant,Class 1,63 INVERLEITH ROW,EH3 5PX,3635
324634.5198,675994.852,computer systems,Meridian Business Systems,Class 1,Class 2,Class 2,Class 1,65 INVERLEITH ROW,EH3 5PX,3636
324632.3898,675999.537900001,financial services,Mortgage Direct,Class 2,Class 2,Class 2, , , ,3637
324972.4424,675401.487299999,sports clothing & equipment,Colin Campbell,Class 1,Class 1,Class 3,Class 1,68 INVERLEITH ROW,EH3 5LT,3638
324969.8401,675406.1941,art prints,Blackadder Gallery,Class 4,Class 1,Class 4,Class 1,70 INVERLEITH ROW,EH3 5LT,3639
324967.3548,675410.934699999,n/t/c,Baldrick's,Class 1,Class 1,Class 1,Class 1,71 INVERLEITH ROW,EH3 5LT,3640
325051.6795,675214.0307,solicitors & estate agents,Connor Malcolm,Class 1,Class 2,Class 2,Class 2,1 INVERLEITH TERRACE,EH3 5NS,3641
326660.0469,675170.1423,residential, ,Class 4,Class 9, , , , ,3642
326665.2854,675169.094599999,public house,Strathmore Bar,SUI GENERIS,SUI GENERIS,SUI GENERIS,SUI GENERIS,17 IONA STREET,EH6 8SG,3643
326671.0477,675168.570699999,vacant, ,Class 1,Vacant, , , , ,3644
326706.0866,675162.3937,vacant, ,Class 1,Vacant, , , , ,3645
326719.4567,675161.283500001,bicycles,Recycling / Blazing Saddles,Class 4,Class 1, , , , ,3646
326724.8898,675160.196799999,residential, ,Class 1,Class 9, , , , ,3647
326813.2599,675145.7401,builders,Attic Conversion Co.,Class 4,Class 4, , , , ,3648
326651.3339,675140.333900001,hot food take-away,Harvest,SUI GENERIS,SUI GENERIS,SUI GENERIS,SUI GENERIS,16 IONA STREET,EH6 8SF,3649
325007.5416,674331.143100001,public house,Maggie Masons,SUI GENERIS,SUI GENERIS, , , , ,3650
325114.3553,674470.636499999,public house,Kays Bar,SUI GENERIS,SUI GENERIS,SUI GENERIS,SUI GENERIS,39 JAMAICA STREET,EH3 6HF,3651
325537,673586,public house,Jolly Judge,SUI GENERIS,SUI GENERIS,SUI GENERIS,SUI GENERIS,"7 JAMES' COURT, ( 493 LAWNMARK",EH1 2PB,3652
325537.5532,673569.077299999,art gallery & sales,Classic Concepts,Vacant,Class 1, ,Class 1,"11(A) JAMES' COURT, ( 493 LAWN",EH1 2PB,3653
325523,673572,bagpipe manuf. & sales,Clan,Class 1,Class 1, , , , ,3654
325548.597,673587.57,restaurant,La Taverna,Class 3,Class 3,Class 3,Class 3,"2 JAMES' COURT, ( 493 LAWNMARK",EH1 2PB,3655
326855.2985,675743.7226,printers,Jane Street Printing Co.,Class 1,Class 4,Vacant,Class 1,4 JANE STREET,EH6 5HD,3656
326131.0605,673721.9541,hairdresser,Bert's Hairdresser,Class 1,Class 1,Class 1,Class 2,3 JEFFREY STREET,EH1 1DR,3657
326129.3069,673726.338199999,beauty clinic,Suzanne,Class 1,Class 1,Vacant,Vacant,7 JEFFREY STREET,EH1 1DR,3658
326127.5532,673730.7223,knitwear,Koshka Knitware,Class 1,Class 1,Class 1,Class 1,9 JEFFREY STREET,EH1 1DR,3659
327579.1639,669525.109300001,public house,Liberton Inn,SUI GENERIS,SUI GENERIS,SUI GENERIS,SUI GENERIS,88-90 KIRK BRAE,EH16 6JA,3660
320054.0,672879.6249,public house,Winston Lounge Bar,SUI GENERIS,SUI GENERIS,SUI GENERIS,SUI GENERIS,20 KIRK LOAN,EH12 7HD,3661
327462.3191,674322.8608,vacant, ,Vacant,Vacant,UNKNOWN USE,Vacant,1 KIRKWOOD PLACE,EH7 5TG,3662
327449.6178,674326.1039,office supplies,Paper Plus,Class 1,Class 2, , , , ,3663
325040.5036,673246.500700001,water sports equipment,Mach,Class 1,Class 1,Class 1,Class 1,4-8 LADY LAWSON STREET,EH3 9DS,3664
326125.1378,673734.876800001,charity  shop,Amnesty International,Class 1,Class 1,Class 3,Vacant,11 JEFFREY STREET,EH1 1DR,3665
326123.3841,673738.968699999,restaurant,Igg's,Class 3,Class 3, , , , ,3666
326119.1837,673747.5845,"records, tapes, cds",Jazz Records,Class 1,Class 1,Class 3,Class 3, , ,3667
326117.43,673749.922700001,picture framers,F & F Picture Mouldings,Class 4,Class 4, , , , ,3668
326112.1691,673754.599099999,ladies clothing,Chique,Class 1,Class 1,Class 1,Class 1,23 JEFFREY STREET,EH1 1DR,3669
326104.5991,673761.215,shoes,Carina,Class 1,Class 1,Class 1,Class 1,25-27 JEFFREY STREET,EH1 1DH,3670
326097.3185,673764.6401,restaurant,The Round Table,Class 3,Class 3,Class 3,Class 3,31 JEFFREY STREET,EH1 1DH,3671
326087.215,673767.2609,household goods,Round the Bend, ,Class 1, , , , ,3672
326050.0918,673766.768200001,"ornamental goods, pottery, gifts",Slocombe & Humphrys,Class 1,Class 1, , , , ,3673
326154.6159,673721.1691,ladies clothing,Corniche,Class 1,Class 1,Class 1,Class 1,2 JEFFREY STREET,EH1 1DT,3674
326152.266,673727.229,fancy goods,Anne Wilson, ,Class 1,Class 1,Class 1,4 JEFFREY STREET,EH1 1DT,3675
326151.0969,673730.444,clothing,The Wardrobe,Class 1,Class 1,Class 1,Class 1,6 JEFFREY STREET,EH1 1DT,3676
326149.6159,673734.292300001,hairdresser,Saks,Vacant,Class 1,Class 1,Class 1,10 JEFFREY STREET,EH1 1DT,3677
326148.2923,673738.4781,ladies clothing,Cloudberry Clothes,Class 1,Class 1, , , , ,3678
326146.5386,673743.446799999,ladies clothing,Pink Heaven,Class 1,Class 1, , , , ,3679
326144.6669,673747.3959,hot food take-away,Tempting Tattie,SUI GENERIS,SUI GENERIS,SUI GENERIS,SUI GENERIS,18 JEFFREY STREET,EH1 1DT,3680
328276.0446,674167.0891,public house,Crown & Cushion,SUI GENERIS,SUI GENERIS,SUI GENERIS,SUI GENERIS,15 JOCK'S LODGE,EH8 7AA,3681
328284.5247,674165.5644,builders,Crown Roofing Services,Vacant,Class 4,Vacant,Vacant,19 JOCK'S LODGE,EH8 7AA,3682
328291.8168,674164.5644,clothing - fancy dress,Stir Crazy,Class 1,Class 1,Class 1,SUI GENERIS,23 JOCK'S LODGE,EH8 7AA,3683
328313.4009,674163.2773,public house,Crown & Cushion,SUI GENERIS,SUI GENERIS,SUI GENERIS,SUI GENERIS,35 JOCK'S LODGE,EH8 7AA,3684
315602.6113,666044.521299999,restaurant,Johnsburn House,Class 3,Class 3,Class 3,Class 9,64 JOHNSBURN ROAD,EH14 7BB,3685
325506.1545,673494.876800001,hot food take-away,Gobble 'n' Go,SUI GENERIS,SUI GENERIS,SUI GENERIS,SUI GENERIS,1 JOHNSTON TERRACE,EH1 2PW,3686
325502.0918,673492.091800001,masonic regalia,Victoria Regalia,Class 1,Class 1,Class 1,Class 1,2B JOHNSTON TERRACE,EH1 2PW,3687
325498.5845,673488.876800001,electro-plating,Economic Electro Plating & Metal Finishers,Class 4,Class 4,Class 1,Class 3,3 JOHNSTON TERRACE,EH1 2PW,3688
325494.2609,673484.9373,restaurant (Italian),Lorenzo's, ,Class 3, , , , ,3689
325491.3382,673482.599099999,antiques,Castle Curios,Class 1,Class 1,Class 3,Class 3,5 JOHNSTON TERRACE,EH1 2PW,3690
325484.3236,673478.215,public house,Castle Arms,SUI GENERIS,SUI GENERIS,SUI GENERIS,SUI GENERIS,6 JOHNSTON TERRACE,EH1 2PW,3691
325395.1232,673464.340399999,ice cream & soft drinks,n/a,Vacant,Class 1,Vacant,Vacant,16A JOHNSTON TERRACE,EH1 2PR,3692
331438.7788,673435.318600001,post office,Joppa Post Office,Class 1,Class 1,Class 1,Class 1,31 JOPPA ROAD,EH15 2HB,3693
331447.8495,673432.2212,cleaning equipment,Cleen Rite,Class 1,Class 1,Class 2,Class 2,35 JOPPA ROAD,EH15 2HB,3694
331402.5753,673470.787599999,kitchen furniture & fittings,Lawsons Timber,Class 1,Class 1,Class 2,Class 1,10 JOPPA ROAD,EH15 2EU,3695
331405.4513,673469.9027,t.v. aerial contractors,Surrey Aerials,Class 4,Class 4,Class 4,Class 4,12 JOPPA ROAD,EH15 2EU,3696
331407.8849,673469.0177,t.v. aerial contractors,Surrey Aerials,Class 4,Class 4,Class 4,Class 4,16 JOPPA ROAD,EH15 2EU,3697
331411.4513,673467.9027,t.v. aerial contractors,Surrey Aerials,Class 1,Class 4, , , , ,3698
331416.4602,673466.336300001,hairdresser,Headstart,Class 1,Class 1,Class 1,Class 1,20A JOPPA ROAD,EH15 2EU,3699
331419.5575,673465.451300001,accountants,Robin T.  Bond,Class 2,Class 2,Class 2,Class 2,22 JOPPA ROAD,EH15 2EU,3700
331422.4336,673464.566400001,n/t/c,Joppa Newsagent - M. Davie,Class 1,Class 1,Class 1,Class 1,24 JOPPA ROAD,EH15 2EU,3701
331484.3363,673447.1505,grocer,Ben's Superstore,Class 1,Class 1, , , , ,3702
331488.5398,673445.6018,public house,The Ormelie,SUI GENERIS,SUI GENERIS,SUI GENERIS,SUI GENERIS,44 JOPPA ROAD,EH15 2ET,3703
330235.4403,674474.7798,public house,Surfers Bar,Vacant,SUI GENERIS,SUI GENERIS,SUI GENERIS,3 KING'S PLACE,EH15 1DU,3704
330017.7721,674427.2787,n/t/c,Kings Store,Vacant,Class 1,Class 1,Class 4,2 KING'S ROAD,EH15 1EA,3705
330250.1008,674462.1194,public house,The Tides Inn,SUI GENERIS,SUI GENERIS,SUI GENERIS,Class 2,56 KING'S ROAD,EH15 1DX,3706
321311,669951,soft furnishings,Wendy Gray Interiors,Class 1,Class 1,Class 1,Class 1,1 KINGSKNOWE PARK,EH14 2JQ,3707
321306.0,669952.808900001,n/t/c & post office,Kingsknowe Sub Post Office,Class 1,Class 1,Class 9,Class 9,3 KINGSKNOWE PARK,EH14 2JQ,3708
321301.7645,669954.4266,accountants,J. Douglas Pearson & Co.,Class 4,Class 2, , , , ,3709
321297.0,669956.2355,accountants,J. Douglas Pearson & Co.,Class 2,Class 2, , , , ,3710
321293,669958,builders & joiners,Q.C.S. (Edinburgh) Ltd.,Class 4,Class 4,Class 4,Class 4,9 KINGSKNOWE PARK,EH14 2JQ,3711
321289.7645,669959.4266,hot food take-away,Kings Park Takeaway,SUI GENERIS,SUI GENERIS,SUI GENERIS,SUI GENERIS,11 KINGSKNOWE PARK,EH14 2JQ,3712
321285.7645,669960.808900001,contract furnishing,Westside Furnishings,Class 4,Class 2, ,Class 2,13 KINGSKNOWE PARK,EH14 2JQ,3713
321280,669963,contract furnishing,Westside Furnishings,Class 4,Class 2, ,Class 4,15 KINGSKNOWE PARK,EH14 2JQ,3714
321386,670944,hot food take-away,Johnny's Kitchen,SUI GENERIS,SUI GENERIS,SUI GENERIS,SUI GENERIS,1 KINGSKNOWE ROAD NORTH,EH14 2BN,3715
321384.3297,670939.248400001,hairdresser,Helen's,Class 1,Class 1,Class 1,Class 1,1A KINGSKNOWE ROAD NORTH,EH14 2BN,3716
321398.0154,670882.112,grocer & post office,Spar / Longstone Post Office,Class 1,Class 1,Class 1,Class 1,7 KINGSKNOWE ROAD NORTH,EH14 2BN,3717
321137,670529,residential, ,Vacant,Class 9, , , , ,3718
321056.8984,670352.491900001,public house,Kingsknowe Bar,SUI GENERIS,SUI GENERIS,SUI GENERIS,SUI GENERIS,193 KINGSKNOWE ROAD NORTH,EH14 2ED,3719
321233,670714,grocer & n/t/c,Kingsknowe Store,Class 1,Class 1,Vacant,Class 4,102 KINGSKNOWE ROAD NORTH,EH14 2DG,3720
328450,670366,vacant, ,Vacant,Vacant, , , , ,3721
331230.7331,671785.954299999,d.i.y.,Focus, ,Class 1, , , , ,3722
331171.5651,671803.8676,general household goods,Poundstretcher, ,Class 1,Class 1,Class 1,2 KINNAIRD PARK,EH15 3RD,3723
331147.6808,671810.3815,electrical goods,Scottish Power, ,Class 1, , , , ,3724
331125.4249,671816.895400001,electrical goods,Currys, ,Class 1, , , , ,3725
331150.4823,671970.446900001,furniture,Harveys, ,Class 1,Class 1,Class 1,47 KINNAIRD PARK,EH15 3RD,3726
331170.4823,671965.1875,frozen food,Farmfoods ?, ,Class 1,Class 1,Class 1,47/1 KINNAIRD PARK,EH15 3RD,3727
331117.8254,671978.114600001,shoes,Shoe City, ,Class 1, , , , ,3728
331093.2558,671985.743000001,sports clothing & equipment,Olympus, ,Class 1, , , , ,3729
331227.6902,671950.1018,carpets,Carpetwise, ,Class 1,Class 1,Class 1,49 KINNAIRD PARK,EH15 3RD,3730
331262.217,671940.116800001,furniture & electrical goods,Co-op Concepts, ,Class 1, , , , ,3731
331313.1018,671906.411599999,mixed durable goods (catalogue),Argos, ,Class 1,Class 1,Class 1,52 KINNAIRD PARK,EH15 3RD,3732
331329.3762,671833.690199999,toys,Toys-R-Us, ,Class 1,Class 1,Class 1,53 KINNAIRD PARK,EH15 3RD,3733
331284.5884,671721.8628,pets & pet supplies,Pet City, ,Class 1,Class 1,Class 1,54 KINNAIRD PARK,EH15 3RD,3734
325050.7518,673238.2501,t.v. & video,Castle TV,Class 1,Class 1, , , , ,3735
325054.2535,673235.2487,food take-away,Bob's Sandwich Deli,Class 1,Class 1, , , , ,3736
325061.253,673229.4988,take-away food,Butlers,SUI GENERIS,Class 1,Class 1,Class 1,24-26 LADY LAWSON STREET,EH3 9DS,3737
327411.0438,671070.108200001,supermarket,Sainsbury (Savacentre),Class 1,Class 1, , , , ,3738
327411.0438,671079.967800001,mixed durable goods,BHS (Savacentre),Class 1,Class 1, , , , ,3739
327369.5512,671022.453299999,mobile telephones,The Link (Dixons),Class 1,Class 1, , , , ,3740
327369.5512,671016.290999999,t.v. & video rental,Granada,Class 1,Class 1, , , , ,3741
327369.1404,671009.718,jeweller,Herbert Samuel,Class 1,Class 1, , , , ,3742
327368.7296,670994.5177,mobile telephones,DX Communications,Class 1,Class 1, , , , ,3743
327368.7296,670976.0309,books,Bargain Books,Class 1,Class 1, , , , ,3744
327368.7296,670960.830600001,sports equipment & clothing,Sports Division,Class 1,Class 1, , , , ,3745
327367.4971,670936.181600001,supermarket,Safeway,Class 1,Class 1, , , , ,3746
327324.772,671094.757200001,bank,T.S.B.,Class 2,Class 2, , , , ,3747
327324.772,671089.005799999,shoe repairs,Timpson,Class 1,Class 1, , , , ,3748
327324.772,671082.843499999,photographic goods & processing,SupaSnaps,Class 1,Class 1, , , , ,3749
327324.772,671076.270400001,ladies clothing,New Look,Class 1,Class 1, , , , ,3750
327323.5396,671063.945900001,sports clothing,Allsports,Class 1,Class 1, , , , ,3751
327323.5396,671056.551200001,n/t/c,Forbuoys,Class 1,Class 1, , , , ,3752
327323.5396,671047.102399999,chemist,Boots,Class 1,Class 1, , , , ,3753
327323.5396,671036.010299999,shoes,Shoe Express,Class 1,Class 1, , , , ,3754
327323.5396,671029.0264,gents clothing,Fosters,Class 1,Class 1, , , , ,3755
327323.5396,671022.0425,ladies clothing,Dorothy Perkins,Class 1,Class 1, , , , ,3756
327323.5396,671016.290999999,ladies clothing,Jeanster,Class 1,Class 1, , , , ,3757
327322.718,671008.0747,children's clothing,Adams,Class 1,Class 1, , , , ,3758
327322.3071,670996.9826,electrical goods,Dixons,Class 1,Class 1, , , , ,3759
327321.4855,670981.3715,ladies & childrens clothing,Happit,Class 1,Class 1, , , , ,3760
327321.4855,670975.2093,ladies clothing,Mackays,Class 1,Class 1, , , , ,3761
327321.4855,670968.225400001,"greeting cards, gifts",Birthdays,Class 1,Class 1, , , , ,3762
327321.4855,670961.2415,sports equipment & clothing,Intersport,Class 1,Class 1, , , , ,3763
327321.8963,670953.8467,shoes,Barratts,Class 1,Class 1, , , , ,3764
327321.0747,670946.452,ladies clothing,Evans,Class 1,Class 1, , , , ,3765
327319.8422,670931.662599999,gents clothing,Burton,Class 1,Class 1, , , , ,3766
327353.9401,671046.6916,hairdresser,Headline,Class 1,Class 1,Class 1,Class 1,6/41 LADY ROAD,EH16 5PB,3767
327339.1507,671052.853800001,hot food take-away,Torino's Coffee Shop,Class 3,SUI GENERIS,Vacant,SUI GENERIS,6/43-49 LADY ROAD,EH16 5PB,3768
327353.9401,671052.853800001,hot food take-away,Pizza & Pasta,SUI GENERIS,SUI GENERIS, , , , ,3769
327353.9401,671059.426899999,hot food take-away,The Fresh Choice,SUI GENERIS,SUI GENERIS, , , , ,3770
327339.1507,671059.8377,hot food take-away,Spud-u-Like,SUI GENERIS,SUI GENERIS,SUI GENERIS,SUI GENERIS, , ,3771
327349.0103,671059.8377,hot food take-away,Breakfast International,SUI GENERIS,SUI GENERIS, , , , ,3772
327338.7399,671046.6916,hot food take-away,Fish and Chips & Things,SUI GENERIS,SUI GENERIS,SUI GENERIS,SUI GENERIS, , ,3773
327344.0805,671059.8377,hot food take-away,Burger Parade,SUI GENERIS,SUI GENERIS, , , , ,3774
322135.7186,670708.5001,public house,Tickled Trout,SUI GENERIS,SUI GENERIS,SUI GENERIS,SUI GENERIS,27(1) LANARK ROAD,EH14 1TG,3775
322030.0625,670652.468800001,public house,Cross Keys,SUI GENERIS,SUI GENERIS,SUI GENERIS,SUI GENERIS,43 LANARK ROAD,EH14 1TL,3776
322014.1874,670640.343800001,hardware,Edinburgh Hardware Services,Class 4,Class 1, , , , ,3777
321997.0,670627.375,hairdresser (gents),Charlie's Barber,Class 1,Class 1,Class 1,Class 1,51A LANARK ROAD,EH14 1TL,3778
320411,668958,public house,Tanners Lounge Bar,SUI GENERIS,SUI GENERIS,SUI GENERIS,SUI GENERIS,459 LANARK ROAD,EH14 5BA,3779
319776,668560,post office,Juniper Green Post Office,Class 1,Class 1,Class 1,Class 1,529 LANARK ROAD,EH14 5DE,3780
319742,668534,chemist,Lindsay & Gilmour,Class 1,Class 1,Class 3,Class 3,535 LANARK ROAD,EH14 5DE,3781
319723,668523,hot food take-away,Pentland Fry,SUI GENERIS,SUI GENERIS,SUI GENERIS,SUI GENERIS,539 LANARK ROAD,EH14 5DE,3782
319619.579,668455.0527,hot food take-away (Chinese),Swallow,SUI GENERIS,SUI GENERIS,SUI GENERIS,SUI GENERIS,555 LANARK ROAD,EH14 5DE,3783
319601.316,668444.5263,hairdresser,Mane Attraction,Class 1,Class 1,Class 1,Class 1,559 LANARK ROAD,EH14 5DE,3784
319597.6317,668441.8947,knitting wool,Pins & Needles,Class 1,Class 1,Vacant,Class 1,559B LANARK ROAD,EH14 5DE,3785
319603.4737,668434.579,sewing & knitting requisites,Pins & Needles / N. Gallacher,Class 1,Class 1,Class 1,Class 1,561A LANARK ROAD,EH14 5DE,3786
319587.8947,668434.579,art & gifts,Juniper Arts & Wines,Class 1,Class 1,Class 3,Class 3,563 LANARK ROAD,EH14 5DB,3787
319566.4737,668420.579,electricians,George Byers,Class 4,Class 4,Class 4,Vacant,569 LANARK ROAD,EH14 5DB,3788
319507.6317,668385.158,florist,Blooming Flowers,Class 1,Class 1,Class 1,Class 1,583 LANARK ROAD,EH14 5DA,3789
319496.9473,668378.6317,vacant, ,Class 1,Vacant,Class 1,Class 1,587A LANARK ROAD,EH14 5DA,3790
319477.0527,668367.7896,sign writers,Speed Signs,Class 3,Class 4,Class 4,Class 4,589 LANARK ROAD,EH14 5DA,3791
322185.0938,670817.0,hairdresser,Giles Hairdressing,Class 1,Class 1,Class 1,Class 1,6 LANARK ROAD,EH14 1TQ,3792
319771,668597,confectioner,Candy Box,Class 1,Class 1, , , , ,3793
319732,668570,hairdresser,Raffles,Class 1,Class 1,Class 1,Class 1,540 LANARK ROAD,EH14 5DJ,3794
319767,668585,bank,Royal Bank of Scotland,Class 2,Class 2,Class 2,Class 2,540A LANARK ROAD,EH14 5EL,3795
319726,668556,public house,Railway Inn,SUI GENERIS,SUI GENERIS,SUI GENERIS,SUI GENERIS,542 LANARK ROAD,EH14 5EL,3796
319716,668548,videotape hire,Screen Video,Class 1,Class 1,Class 1,Class 1,544 LANARK ROAD,EH14 5EL,3797
319608.4737,668477.9473,grocer,Scotts,Class 1,Class 1,Class 1,Class 1,574-576 LANARK ROAD,EH14 5EL,3798
319564.7896,668451.263,frozen food,Iceland,Class 1,Class 1,Class 1,Class 1,594-600 LANARK ROAD,EH14 5EN,3799
319536.4737,668435.9473,public house,Kinleith Arms,SUI GENERIS,SUI GENERIS,SUI GENERIS,SUI GENERIS,604 LANARK ROAD,EH14 5EN,3800
319354,668313,vacant, ,Class 1,Vacant,Vacant,Demolished, , ,3801
318977,668120,service station,Conoco,SUI GENERIS,SUI GENERIS,Class 1,Class 1,57 LANARK ROAD WEST,EH14 5JX,3802
318494.5494,667861.255899999,public house,Woodhall Arms,SUI GENERIS,SUI GENERIS,SUI GENERIS,SUI GENERIS,137 LANARK ROAD WEST,EH14 5NZ,3803
318546.7441,667910.201300001,wine merchant,Victoria Wine,Class 1,Class 1,Class 1,Vacant,120 LANARK ROAD WEST,EH14 5NY,3804
318539.5842,667907.348099999,grocer,Thomson of Currie,Class 1,Class 1,Class 1,Class 1,122 LANARK ROAD WEST,EH14 5NY,3805
318533.746,667905.1336,butcher,Mark McGill,Class 1,Class 1,Class 1,Class 1,124 LANARK ROAD WEST,EH14 5NY,3806
318401.2691,667857.5842,bank,Bank of Scotland,Class 2,Class 2,Class 2,Class 2,158A LANARK ROAD WEST,EH14 5NY,3807
318388.1138,667852.671700001,chemist,R.J. Mair,Class 1,Class 1,Class 1,Class 1,162 LANARK ROAD WEST,EH14 5NY,3808
318388.1138,667852.772299999,chemist,R.J. Mair,Class 1,Class 1, , , , ,3809
318379.3086,667849.778899999,grocer,Currie Food & Wine Store,Class 1,Class 1,Class 1,Vacant,164 LANARK ROAD WEST,EH14 5NY,3810
318260,667829,post office & gifts,n/a,Class 1,Class 1,Class 1,Class 1,190 LANARK ROAD WEST,EH14 5NX,3811
317557.7777,667468.6668,electrical contractor,John Halliday,Class 1,Class 4, , , , ,3812
317561.0374,667469.8517,computer supplies,Scotmedia Computer Supplies Ltd.,Class 2,Class 1, , , , ,3813
327645.5492,669472.608200001,microwave oven repairs,ASSM Services,Class 2,Class 1,Class 4,Class 4,19 LASSWADE ROAD,EH16 6JB,3814
327649.0984,669464.5098,plumbers & heating engineers,Southern Heating & Plumbing,Class 4,Class 4,Class 4,Class 4,21 LASSWADE ROAD,EH16 6JB,3815
327651.5689,669459.3631,grocer,Corner Shop,Class 1,Class 1,Class 1,Class 1,25 LASSWADE ROAD,EH16 6JB,3816
327663.0984,669436.9016,hairdresser,Kurlz Hair Salon,Class 1,Class 1,Class 1,Class 1,27 LASSWADE ROAD,EH16 6TD,3817
327665.3041,669432.4902,n/t/c,Ali & Son,Class 1,Class 1,Class 1,Class 1,31 LASSWADE ROAD,EH16 6TD,3818
327667.2648,669427.8336,vacant, ,Class 1,Vacant,Class 2,Class 2,33 LASSWADE ROAD,EH16 6TD,3819
325690.0367,673103.557499999,"coffee, flowers",California Coffee Co., ,Class 1, , , , ,3820
325497,673072,vacant, ,Vacant,Vacant, , , , ,3821
325497,673072,vacant, ,Vacant,Vacant, , , , ,3822
325497,673072,vacant, ,Vacant,Vacant, , , , ,3823
325060.556,673020.3586,car parts & accessories,Auto Music Centre,Class 1,Class 1,Class 1,Class 1,91 LAURISTON PLACE,EH3 9JB,3824
325056.2506,673019.376,grocer,Gillespies,Class 1,Class 1,Class 1,Class 1,93 LAURISTON PLACE,EH3 9JB,3825
325052.1685,673017.9915,vacant, ,Class 4,Vacant,Vacant,Vacant,97 LAURISTON PLACE,EH3 9JB,3826
325048.0953,673017.035800001,hairdresser (gents),Bob's Barber Shop,Class 1,Class 1,Class 1,Class 1,99 LAURISTON PLACE,EH3 9JB,3827
325043.468,673015.4191,vacant, ,Vacant,Vacant,Class 2,Class 3,101 LAURISTON PLACE,EH3 9JB,3828
325026.5021,673008.5021,public house,Laurie's Bar,SUI GENERIS,SUI GENERIS,SUI GENERIS,SUI GENERIS,105-107 LAURISTON PLACE,EH3 9JG,3829
325022.5002,673007.251499999,"fireplaces, d-i-y, stone",T. Glasgow,Class 1,Class 1,Class 1,Class 1,109 LAURISTON PLACE,EH3 9JG,3830
325018.4983,673005.750800001,double glazing,Glen Windows,Class 1,Class 4,Class 2, , , ,3831
325013.9962,673004.2501,residential letting agency,Littlejohns,Class 1,Class 2,Class 2, , , ,3832
325003.2501,672994.7513,sandwich bar,Piccolo,SUI GENERIS,Class 1,Class 1,Class 4,117 LAURISTON PLACE,EH3 9JN,3833
324998.2592,672991.2577,"greeting cards, gifts",Leonard & Janet Sharp,Class 1,Class 1,Vacant,Class 2,121 LAURISTON PLACE,EH3 9JN,3834
324992.7508,672987.750800001,vacant, ,Class 1,Vacant,Class 1,Class 1,125 LAURISTON PLACE,EH3 9JN,3835
324983.2506,672981.500700001,"dress fabrics, haberdashery",Tollcross Fabrics & Fashions,Class 1,Class 1,Class 4,Vacant,129 LAURISTON PLACE,EH3 9JN,3836
324974.9995,672975.4998,solicitors & estate agents,"Garden Haig, Stirling & Burnett",Class 2,Class 2,Class 2,Class 2,133 LAURISTON PLACE,EH3 9JN,3837
324967.9962,672967.996200001,solicitors & estate agents,"Garden Haig, Stirling & Burnett",Class 1,Class 2,Class 2,Vacant,137 LAURISTON PLACE,EH3 9JN,3838
324962,672956,vacant - fitting out, ,Class 1,Vacant,Class 1,Vacant,141 LAURISTON PLACE,EH3 9JN,3839
325322.5857,673095.342700001,n/t/c,A. & R. Margiotta,Class 1,Class 1, , , , ,3840
325159.7551,673111.747,vacant, ,Class 1,Vacant, , , , ,3841
325154.2525,673104.993799999,public house,Tap o' Lauriston,SUI GENERIS,SUI GENERIS, , , , ,3842
325117.3059,673064.4824,demolished, ,Vacant,Demolished,Class 2,Class 2,106 LAURISTON PLACE,EH3 9HX,3843
325047.9471,673043.6295,demolished, ,Vacant,Demolished, , , , ,3844
325043.5176,673042.453,demolished, ,Class 1,Demolished, , , , ,3845
325038.0,673040.7294,demolished, ,Vacant,Demolished, , , , ,3846
325032.453,673038.800000001,demolished, ,Vacant,Demolished, , , , ,3847
325019.9647,673035.311799999,demolished, ,Class 3,Demolished, , , , ,3848
325093.0347,673123.7589,company services,Peter Trainer,Class 1,Class 4,Class 4,Class 4,27 LAURISTON STREET,EH3 9DQ,3849
325098.0994,673118.453,leather goods,Leather Work,Class 1,Class 1,Class 1,Class 1,31 LAURISTON STREET,EH3 9DQ,3850
325103.9797,673112.729599999,residential, ,Vacant,Class 9, , , , ,3851
325030,673159,public house,Baron Baillie,SUI GENERIS,SUI GENERIS,SUI GENERIS,SUI GENERIS,2 LAURISTON STREET,EH3 9DJ,3852
325035.9647,673154.135299999,vacant, ,Class 4,Vacant,Class 1,Class 1,8 LAURISTON STREET,EH3 9DJ,3853
325039.5823,673151.0,vacant, ,Class 4,Vacant,Class 1,Vacant,10 LAURISTON STREET,EH3 9DJ,3854
325228.6384,676948.0,office,Wellman Transservice,Class 4,Class 4,Class 4,Vacant,9 LAVEROCKBANK AVENUE,EH5 3BP,3855
325284.6105,676717.2316,residential, ,Class 1,Class 9, , , , ,3856
325283.221,676721.8632,residential, ,Class 1,Class 9, , , , ,3857
325084.0996,676977.0922,public house,Starbank Inn,SUI GENERIS,SUI GENERIS,SUI GENERIS,SUI GENERIS,64(02) LAVEROCKBANK ROAD,EH5 3BZ,3858
326872.6805,675766.827199999,food take-away,The Tattie Creel,SUI GENERIS,Class 1,SUI GENERIS,SUI GENERIS,80 LEITH WALK,EH6 5HB,3859
326865.8795,675752.052300001,"tobacconist, confectioner",The Pipe Shop,Class 1,Class 1,Class 1,Class 1,92 LEITH WALK,EH6 5HB,3860
326863.6282,675746.874399999,driving school,Able Driving School,Vacant,Class 4,Class 4,Class 4,94 LEITH WALK,EH6 5HB,3861
326861.1518,675741.246200001,public house,Couples,SUI GENERIS,SUI GENERIS,SUI GENERIS,SUI GENERIS,96-98 LEITH WALK,EH6 5HB,3862
326852.9891,675728.0733,musical instruments,Rikki's Music Shop,Vacant,Class 1,Class 1,Class 1,100 LEITH WALK,EH6 5DT,3863
326851.1881,675724.4713,musical instruments,Rikki's Music Shop,Class 1,Class 1,Class 1,Class 1,102 LEITH WALK,EH6 5DT,3864
326849.162,675721.7698,carpets,Carpet Bargain Store,Class 1,Class 1,Class 1,Class 1,104 LEITH WALK,EH6 5DT,3865
326845.4292,675711.5287,office, ,Class 1,Class 4,Class 2,Vacant,106 LEITH WALK,EH6 5DT,3866
326842.9528,675706.5759,greeting cards & gifts,Capricorn Cards,Class 3,Class 1,Class 1, , , ,3867
326834.0363,675689.837300001,bedroom furniture,The Bed Shop,Class 1,Class 1, , , , ,3868
325557.5845,673580.785,vacant, ,Class 1,Vacant,Class 1,Class 1,479 LAWNMARKET,EH1 2NT,3869
325547.2464,673574.137800001,knitwear,The Shetland Connection,Class 1,Class 1,Class 1,Class 1,491 LAWNMARKET,EH1 2NT,3870
325542.215,673571.400900001,knitwear & tartans,Murray Brothers,Class 1,Class 1,Class 1,Class 1,495-497 LAWNMARKET,EH1 2PE,3871
325532.5845,673567.2004,antiques,William Macintosh & Co.,Class 1,Class 1,Class 1,Class 1,499 LAWNMARKET,EH1 2PE,3872
325526.7536,673564.785,restaurant,Singapore Sling,Class 3,Class 3,Vacant,Class 3,503 LAWNMARKET,EH1 2PE,3873
325520.7536,673561.908199999,knitwear & tartans,R.G. Lawrie,Class 1,Class 1,Class 1,Class 1,509-513 LAWNMARKET,EH1 2PE,3874
325514.0459,673558.492699999,"gifts, souvenirs",Edinburgh Gift Shop,Class 1,Class 1,Class 1,Class 1,515 LAWNMARKET,EH1 2PE,3875
325509,673556,"antiques, curios",The Court Curio Shop,Class 1,Class 1,Class 1,Class 1,519 LAWNMARKET,EH1 2PE,3876
325502.7536,673553.7391,public house,Ensign Ewart,SUI GENERIS,SUI GENERIS,SUI GENERIS,SUI GENERIS,521-523 LAWNMARKET,EH1 2PE,3877
325554.1545,673545.3069,cafe,Circles Coffee House,Class 3,Class 3,Class 1,Class 1,324-326 LAWNMARKET,EH1 2PH,3878
325547.6764,673543.553200001,gifts,Scottish Crafts,Class 1,Class 1,Class 1,Class 1,328 LAWNMARKET,EH1 2PH,3879
325540.9541,673541.7996,antiques,Castle Antiques,Class 1,Class 1,Class 1,Class 1,330 LAWNMARKET,EH1 2PH,3880
325534.2464,673539.6305,gifts,Edin. Crafts & Gifts,Class 1,Class 1,Class 1,Class 1,334 LAWNMARKET,EH1 2PH,3881
325528.2004,673537.292300001,"gifts, souvenirs",The Scottish Shop,Class 1,Class 1,Class 1,Class 1,336-340 LAWNMARKET,EH1 2PH,3882
324535,672574,service station,Leamington Motor Co.,SUI GENERIS,SUI GENERIS, , , , ,3883
324738.3214,672292.354900001,chiropodist,T.G. Kelly,Class 2,Class 2,Class 2,Class 2, , ,3884
323770.8687,674650.878799999,hairdresser,Bojangles,Vacant,Class 1,Vacant,Class 1,3-5 LEARMONTH AVENUE,EH4 1DG,3885
323742.303,674643.545399999,butcher & poulterer,Ian Proudfoot,Class 1,Class 1,Class 1,Class 1,4-8 LEARMONTH AVENUE,EH4 1DF,3886
323864.2727,674660.4242,chiropodist,Comely Bank Chiropody Surgery,Class 1,Class 2,Class 2,Class 2,50 LEARMONTH GROVE,EH4 1BN,3887
323862.6263,674664.929300001,post office,Comely Bank Post Office,Class 1,Class 1,Class 1,Class 2, , ,3888
325903.8826,674056.351299999,public house,Dukes Tavern,SUI GENERIS,SUI GENERIS,SUI GENERIS,SUI GENERIS,5-11 LEITH STREET,EH1 3AT,3889
325914.5054,674065.6395,vacant, , ,Vacant, , , , ,3890
325922.5444,674071.753599999,vacant, , ,Vacant, ,Class 4,17-25 LEITH STREET,EH1 3AT,3891
325926.5471,674074.774499999,vacant, , ,Vacant, , , , ,3892
325930.6404,674077.867799999,vacant, , ,Vacant, , , , ,3893
325935.2428,674081.8487,hot food take-away,La Darious, ,SUI GENERIS, , , , ,3894
325942.8288,674089.2083,bridal wear,Emma Roy, ,Class 1, , , , ,3895
325949.5091,674097.0208,vacant, , ,Vacant, , , , ,3896
325952.9429,674101.51,gents clothing & hire,Christopher Ross, ,Class 1,Class 1,Class 3,41 LEITH STREET,EH1 3AT,3897
325957.3999,674106.4,clothing (clubwear),Oddessey, ,Class 1,SUI GENERIS,SUI GENERIS,43 LEITH STREET,EH1 3AT,3898
326971.3769,675886.4815,public house,The Central Bar,SUI GENERIS,SUI GENERIS,SUI GENERIS,SUI GENERIS,7-9 LEITH WALK,EH6 8LN,3899
326968.0,675879.2774,betting shop,Stanley Racing,Class 1,Class 2,Class 2,Class 2,11 LEITH WALK,EH6 8LN,3900
326964.398,675872.7487,ladies clothing,Iris Fashions,Class 1,Class 1,Class 1,Class 1,13 LEITH WALK,EH6 8LN,3901
326961.0211,675865.7698,building society,Alliance & Leicester,Class 2,Class 2, , , , ,3902
326953.817,675852.487299999,financial services,The Associates,Class 1,Class 2,Class 2, , , ,3903
326560.7135,675100.609999999,council office,Leith Housing Improvement,Class 1,Class 2,Class 4,Vacant,23 LEITH WALK,EH6 8LN,3904
326937.7015,675822.7589,public house,The Spry Lounge,SUI GENERIS,SUI GENERIS,SUI GENERIS,SUI GENERIS,39 LEITH WALK,EH6 8LS,3905
326935.2251,675817.8061,restaurant & hot food take-away,The Mermaid Fish Bar,SUI GENERIS,Class 3,SUI GENERIS,SUI GENERIS,43-45 LEITH WALK,EH6 8LS,3906
326932.5236,675812.8533,grocer & n/t/c,Clarke's Foodstore,Class 1,Class 1,Class 1,Class 1,47-49 LEITH WALK,EH6 8LS,3907
326930.0472,675807.9005,vacant, ,Class 1,Vacant, , , , ,3908
326927.7959,675802.7226,bank,T.S.B.,Class 2,Class 2, , , , ,3909
326920.6492,675789.6282,bank,Bank of Scotland,Class 2,Class 2,Class 2,Vacant,61 LEITH WALK,EH6 8LS,3910
326909.1467,675769.6754,public house,The Crown Bar,SUI GENERIS,SUI GENERIS,SUI GENERIS,SUI GENERIS,77A-79 LEITH WALK,EH6 8LX,3911
326905.7487,675761.8061,vacant, ,Class 1,Vacant,Class 1,Class 1,81 LEITH WALK,EH6 8LX,3912
326903.0472,675756.8533,dentist,P.J. Ferry,Class 2,Class 2,Class 2,Class 2, , ,3913
326901.0211,675752.125600001,videotape hire,Bedlam Leisure,Class 1,Class 1,Class 1,Class 1,87 LEITH WALK,EH6 8LX,3914
326898.0944,675746.272299999,wine merchant,Threshers,Vacant,Class 1,Class 1,Class 1,91 LEITH WALK,EH6 8LX,3915
326887.7487,675726.9528,"t.v., radio, hi-fi",Hume Radio,Class 1,Class 1,Class 1,Class 1,99 LEITH WALK,EH6 8NP,3916
326885.4975,675723.3508,second-hand furniture,Leith Salerooms,Vacant,Class 1,Class 1,Class 2,101 LEITH WALK,EH6 8NP,3917
326881.7335,675716.931700001,grocer,Fit-o-the walk,Class 1,Class 1,Vacant,Class 1,103 LEITH WALK,EH6 8NP,3918
326879.4822,675712.2041,baker,Douglas's Bakery,Class 1,Class 1,Class 1,Class 1,105 LEITH WALK,EH6 8NP,3919
326874.0791,675701.848200001,car radios,Ray Smith,Vacant,Class 1, , , , ,3920
326871.199,675695.2302,hairdresser,Derek Evers,Class 1,Class 1,Class 1,Class 1,111 LEITH WALK,EH6 8NP,3921
326868.4975,675690.052300001,bicycles,Jocky Allan,Class 1,Class 1,Vacant,Class 1,115 LEITH WALK,EH6 8NP,3922
326862.5447,675677.727700001,public house,Caledonian Bar,SUI GENERIS,SUI GENERIS,SUI GENERIS,SUI GENERIS,121 LEITH WALK,EH6 8NP,3923
326859.1728,675672.6282,betting shop,Ladbrokes,Class 2,Class 2,Vacant,Class 2,123 LEITH WALK,EH6 8NP,3924
326857.1467,675668.801000001,building society,Abbey National,Class 4,Class 2,Class 2,Class 2,125A-127 LEITH WALK,EH6 8NP,3925
326816.7226,675585.827199999,hairdresser,Coiffure by Sandie,Class 1,Class 1,Vacant,Class 1,167 LEITH WALK,EH6 8NR,3926
326814.1728,675579.827199999,driving school,Higher Driving School,Class 4,Class 4,Class 1,Vacant,169 LEITH WALK,EH6 8NR,3927
326811.9216,675575.0995,second-hand goods,Bits and Pieces,Class 1,Class 1,SUI GENERIS,SUI GENERIS,171 LEITH WALK,EH6 8NR,3928
326809.4452,675570.1467,flooring,Millers Linoleum Warehouse,Class 1,Class 1,Class 1,Class 1,175-177 LEITH WALK,EH6 8NR,3929
326796.9216,675543.9267,grocer & convenience store,Spar (24-hour shop),Vacant,Class 1,Class 2,Class 2,185 LEITH WALK,EH6 8NX,3930
326794.6754,675538.4815,financial advisors,London Scottish,Class 3,Class 2, , , , ,3931
326791.0733,675530.827199999,n/t/c & grocer,Hussains,Class 1,Class 1, , , , ,3932
326826.801,675676.3718,"draper, blinds",Chris Craft,Class 1,Class 1,Class 1, ,122 LEITH WALK,EH6 5DT,3933
326824.3246,675671.8693,carpets,The Carpet Shop,Class 1,Class 1,Class 1, ,124 LEITH WALK,EH6 5DT,3934
326822.2513,675668.1467,vacant, ,Class 1,Vacant,Vacant,Vacant,126 LEITH WALK,EH6 5DT,3935
326819.1518,675661.921599999,cafe,Leith Walk Cafe,Class 3,Class 3,Class 3,Class 3,128 LEITH WALK,EH6 5DT,3936
326816.9005,675657.644099999,vacant, ,Class 1,Vacant,Class 11,Class 11,132 LEITH WALK,EH6 5DT,3937
326815.2513,675653.4713,restaurant & hot food take-away,Kentucky Fried Chicken,Class 1,Class 3,SUI GENERIS,SUI GENERIS,134-136 LEITH WALK,EH6 5DT,3938
326811.7015,675646.6231,public house,P.J. Lyles,SUI GENERIS,SUI GENERIS,SUI GENERIS,SUI GENERIS,138-140 LEITH WALK,EH6 5DT,3939
326808.0261,675640.7487,hairdresser,Tip-top Tresses,Class 1,Class 1,Class 1,Class 1,142 LEITH WALK,EH6 5DT,3940
326806.2513,675636.4241,jeweller,Sutherland Jewellery,Class 1,Class 1,Class 1, , , ,3941
326804.1779,675632.4241,hairdresser,Michael's,Class 1,Class 1,Class 1, , , ,3942
326801.9528,675627.523600001,travel agent,Kangaroo Club,Class 1,Class 1,Class 1, , , ,3943
326789.2723,675527.0,amusement arcade,Johnny's Amusements,Class 11,Class 11,Class 11,Class 11,193 LEITH WALK,EH6 8NX,3944
326786.7647,675520.8061,Chinese supermarket,Pats Chung Ying,Class 1,Class 1,Class 1,Class 1,199-201 LEITH WALK,EH6 8NX,3945
326780.9165,675508.6282,vacant, ,Class 2,Vacant,Class 1,Class 1,209 LEITH WALK,EH6 8NX,3946
326775.8221,675499.2041,hot food take-away,Michael's Fish & Chicken Bar,SUI GENERIS,SUI GENERIS,Vacant, , , ,3947
326773.1205,675493.5759,betting shop,William Hill,Class 2,Class 2,Class 2, , , ,3948
326770.8482,675488.2774,charity shop,n/a,Vacant,Class 1,Class 1,Class 1,219 LEITH WALK,EH6 8NX,3949
326769.2723,675484.9005,glaziers,A & A Glaziers,Class 1,Class 4,Class 1,Class 1,221 LEITH WALK,EH6 8NX,3950
326767.6964,675481.2985,videotape hire,Mandi,Vacant,Class 1,Class 1,Class 2,225 LEITH WALK,EH6 8NX,3951
326765.8954,675477.6964,public house,Alhambra Bar,SUI GENERIS,SUI GENERIS,SUI GENERIS,SUI GENERIS,227 LEITH WALK,EH6 8NX,3952
326755.0,675458.8061,public house,Lorne Bar,SUI GENERIS,SUI GENERIS,SUI GENERIS,SUI GENERIS,229 LEITH WALK,EH6 8NY,3953
326753.6492,675455.654300001,gents clothing,Hunters of Leith,Class 1,Class 1,Vacant,Class 2,231 LEITH WALK,EH6 8NY,3954
326752.5236,675452.502499999,vacant, ,Class 1,Vacant,Vacant, , , ,3955
326751.1728,675449.801000001,launderette,Stalomatic,Class 1,Class 1,Class 1, , , ,3956
326746.7487,675441.2041,tool & machine hire,HSS Hire Shop,Class 1,Class 1,Class 1, , , ,3957
326744.7226,675436.7015,jeweller,Ubaid,Vacant,Class 1,Vacant,Class 1,245 LEITH WALK,EH6 8NY,3958
326742.4713,675431.7487,wedding stationery,The Wedding Centre,Class 1,Class 1,Class 1,Class 1,247 LEITH WALK,EH6 8NY,3959
326738.2985,675424.3036,vacant, ,SUI GENERIS,Vacant, , , , ,3960
326734.9216,675417.3246,vacant, ,Class 1,Vacant, , , , ,3961
326732.8954,675413.497500001,grocer,City Fruit Supply,Class 1,Class 1,SUI GENERIS,Class 1,255-257 LEITH WALK,EH6 8NY,3962
326729.4713,675407.151799999,chemist,Lindsay & Gilmour,Class 1,Class 1,Class 1,Class 1,257A LEITH WALK,EH6 8NY,3963
326726.3195,675400.6231,cafe,Ross's Cafe,Class 3,Class 3,Class 3,Class 3,261-261A LEITH WALK,EH6 8NY,3964
326723.3929,675393.644099999,post office,Post Office,Class 1,Class 1,Class 2,Class 2,263A LEITH WALK,EH6 8NY,3965
326713.1819,675373.6765,public house,Victoria Bar,SUI GENERIS,SUI GENERIS,SUI GENERIS,SUI GENERIS,265 LEITH WALK,EH6 8PD,3966
326711.1558,675368.948799999,"bags, luggage",Lothian Leather Stores,Class 1,Class 1,Vacant,Class 1,267A LEITH WALK,EH6 8PD,3967
326709.1296,675364.221100001,fishmonger & poulterer,D. Noble,Class 1,Class 1,Class 1,Class 1,267B LEITH WALK,EH6 8PD,3968
326706.7658,675360.0,second-hand furniture,Balfour Salerooms,Class 1,Class 1,Class 1,Class 1,269A LEITH WALK,EH6 8PD,3969
326703.1558,675353.4553,greengrocer,Leith Walk Fruits,Class 1,Class 1,Class 1,Class 1,271-273 LEITH WALK,EH6 8PD,3970
326701.1296,675349.065400001,cafe,Jinty's Coffee Shop,Class 3,Class 3,Class 3,Class 3,277 LEITH WALK,EH6 8PD,3971
326699.1035,675344.6754,baker,Storries Home Bakery,Class 1,Class 1,Class 1,Class 1,279 LEITH WALK,EH6 8PD,3972
326695.5065,675338.4553,butcher,Derek's,Class 1,Class 1,Class 1,SUI GENERIS,281 LEITH WALK,EH6 8PD,3973
326694.1558,675335.078400001,vacant, ,Class 1,Vacant,Class 1,Class 2,283 LEITH WALK,EH6 8PD,3974
326692.6362,675331.8704,charity shop,Scottish Albanian Appeal,Class 1,Class 1,Class 1,Class 1,287 LEITH WALK,EH6 8PD,3975
326691.1166,675328.6623,hairdresser,Alan Scott Hairdressing,Vacant,Class 1,Class 1,Class 1,289 LEITH WALK,EH6 8PD,3976
326688.415,675322.883400001,computer games,Gamesmaster,Class 1,Class 1,Class 1,Class 1,291 LEITH WALK,EH6 8PD,3977
326686.22,675317.9869,estate agents,GA Property Services,Class 2,Class 2,Class 2,Class 2,293-295 LEITH WALK,EH6 8PE,3978
326671.9216,675290.247300001,public house,Dalmeny Bar,SUI GENERIS,SUI GENERIS,SUI GENERIS,SUI GENERIS,297-299 LEITH WALK,EH6 8SA,3979
326667.1427,675280.922700001,grocer,Leith Walk Stores,Class 1,Class 1,Class 1,Class 1,301 LEITH WALK,EH6 8SA,3980
326664.4412,675275.5196,cafe,Coffee Den,Class 3,Class 3,Class 3,Class 3,305 LEITH WALK,EH6 8SA,3981
326662.415,675270.9608,jeweller,Aslam Jewellery,Vacant,Class 1,Class 1,Class 1,307 LEITH WALK,EH6 8SA,3982
326659.2985,675264.935699999,pets & pet supplies,Edinburgh Reptiles,Class 11,Class 1,Class 2,Class 2,309 LEITH WALK,EH6 8SA,3983
326656.9346,675260.0392,hot food take-away,Silver Bowl,SUI GENERIS,SUI GENERIS,SUI GENERIS,SUI GENERIS,311 LEITH WALK,EH6 8SA,3984
326654.402,675254.805,domestic appliances,Vacuum Exchange,Class 1,Class 1,Class 1,Class 1,315-317 LEITH WALK,EH6 8SA,3985
326650.6231,675248.909600001,travel agent,Dawson & Sanderson,Class 2,Class 1,Class 2,Class 2, , ,3986
326647.5839,675243.6754,vacant, ,Class 1,Vacant,Vacant,SUI GENERIS,321 LEITH WALK,EH6 8SA,3987
326644.8823,675238.609999999,restaurant (Italian),Caprice Pizzarama,Class 3,Class 3,Class 3,Class 3,325-331 LEITH WALK,EH6 8SA,3988
326640.9477,675231.909600001,Chinese supermarket,Hing Sing,Class 4,Class 1, , , , ,3989
326635.7135,675222.6231,Chinese supermarket,Hing Sing,Vacant,Class 1, , , , ,3990
326632.1296,675216.9619,vacant, ,Class 4,Vacant,Class 1,Class 1,339 LEITH WALK,EH6 8SD,3991
326630.1035,675213.416099999,clothing (workwear),Working Class,Class 1,Class 1,Vacant,Class 1,341 LEITH WALK,EH6 8SD,3992
326628.0773,675209.8704,second-hand furniture,Simply the Best,Class 1,Class 1,Vacant,Class 1,347 LEITH WALK,EH6 8SD,3993
326625.8823,675205.8181,hairdresser (gents),Traditional Barbers,Class 1,Class 1,Class 1,Class 1,349 LEITH WALK,EH6 8SD,3994
326623.1296,675201.429199999,vacant, ,Vacant,Vacant,Vacant,Vacant,351 LEITH WALK,EH6 8SD,3995
326620.2593,675196.8704,glassware,Glass Studio,Class 1,Class 1,Class 1,Vacant,353 LEITH WALK,EH6 8SD,3996
326617.3889,675192.1427,second-hand furniture,Pilrig Salerooms,Class 1,Class 1,Vacant,Class 1,357-359 LEITH WALK,EH6 8SD,3997
326613.2723,675185.909600001,estate agents & solicitors,EL Cameron Ltd,Class 2,Class 2,Class 2,Class 2,361 LEITH WALK,EH6 8SD,3998
326611.415,675182.8704,shoe repairs,Shoe Repairs,Class 1,Class 1,Class 1,Class 1,363 LEITH WALK,EH6 8SD,3999
326610.7396,675178.4804,grocer,Charman's Corner Shop,Class 1,Class 1,Class 1,Class 1,365 LEITH WALK,EH6 8SD,4000
326591.4281,675151.597999999,public house,Robbie's,SUI GENERIS,SUI GENERIS,SUI GENERIS,SUI GENERIS,367 LEITH WALK,EH6 8SE,4001
326588.5577,675146.5327,veterinary surgery,Braid Veterinary Centre,Class 2,Class 2,Class 1,Class 1,371 LEITH WALK,EH6 8SE,4002
326584.4673,675139.896500001,car accessories,Wheelspin,Class 1,Class 1,Class 1,Class 1,373-375 LEITH WALK,EH6 8SE,4003
326581.0904,675133.8181,public house,Boundary Bar,SUI GENERIS,SUI GENERIS,SUI GENERIS,SUI GENERIS,379-381 LEITH WALK,EH6 8SE,4004
326935.984,675900.3718,n/t/c,Barr & Sons,Class 1,Class 1,Class 1,Class 1,2 LEITH WALK,EH6 5AE,4005
326935.0835,675896.7698,building society,Halifax,Class 2,Class 2,Class 2,Vacant,4 LEITH WALK,EH6 5AE,4006
326914,675884,travel agent,Lawries Travel Agency,Class 1,Class 1, , , , ,4007
326902,675850,bank,Royal Bank of Scotland,Class 2,Class 2, , , , ,4008
326880.5287,675783.670299999,undertakers,Leith Funeral Services,Class 2,Class 1,Class 1,Class 1,72 LEITH WALK,EH6 5HB,4009
326878.9528,675779.8431,undertakers,Leith Funeral Services,Class 2,Class 1, , , , ,4010
326877.1518,675776.2411,florist,Buds Flower Shop,Class 4,Class 1,Class 1,Vacant,76 LEITH WALK,EH6 5HB,4011
326852.0,675777.272299999,bedroom furniture,The Edinburgh Bedroom Centre,Class 1,Class 1, , , , ,4012
326828.801,675680.4713,bedroom furniture,The Bed Shop,Class 1,Class 1, , , , ,4013
326799.7538,675623.225099999,travel agent,World Travel,Class 4,Class 1,Vacant, , , ,4014
326797.0523,675616.4713,hot food take-away,Hong Kong City,SUI GENERIS,SUI GENERIS,SUI GENERIS,SUI GENERIS,154 LEITH WALK,EH6 5DT,4015
326782.1518,675592.225099999,second-hand furniture,Household Goods,Class 1,Class 1, , , , ,4016
326770.9267,675569.895400001,second-hand goods,Timmy's Second Hand Shop,Class 2,Class 1, ,Class 11,174-176 LEITH WALK,EH6 5EA,4017
326766.2462,675559.811899999,public house,Volunteer Arms,SUI GENERIS,SUI GENERIS,SUI GENERIS,SUI GENERIS,180 LEITH WALK,EH6 5EA,4018
326751.3297,675531.8795,betting shop,Ladbrokes,Class 1,Class 2,Class 2,Class 2,202-204 LEITH WALK,EH6 5EQ,4019
326749.3036,675527.827199999,sports equipment & clothing,Leith Athletics Ltd,Class 1,Class 1, , , , ,4020
325991.3173,672309.0529,unknown - poss. vacant office, ,Class 4,UNKNOWN USE, , , , ,4021
327733.0177,675010.9318,hot food take-away,Valentina's,Vacant,SUI GENERIS,SUI GENERIS,SUI GENERIS,1(A) LOCHEND AVENUE,EH7 6DT,4022
327297.0896,675686.8135,hot food take-away,Pacitti's Pizza,SUI GENERIS,SUI GENERIS,SUI GENERIS,SUI GENERIS,13 LOCHEND ROAD,EH6 8DT,4023
327301.0922,675679.6763,grocer,Harrisons,Class 1,Class 1, , , , ,4024
327303.3474,675676.2797,grocer,Harrisons,Class 1,Class 1, , , , ,4025
327305.8647,675673.0165,vacant, ,Vacant,Vacant, , , , ,4026
327488.1239,675326.3752,grocer,D. & K. Reid,Class 1,Class 1,Class 9, , , ,4027
327927.3779,674661.1763,grocer & n/t/c,Todays Bargain Store - M. Anwar,Class 1,Class 1,Vacant,Class 2,"4 LOCHEND ROAD, SOUTH",EH7 6BP,4028
327923.3652,674655.5288,hot food take-away,Stadium Chip Shop,SUI GENERIS,SUI GENERIS,SUI GENERIS,SUI GENERIS,"8 LOCHEND ROAD, SOUTH",EH7 6BP,4029
327914.7154,674654.3928,grocer,D. Gibb,Class 1,Class 1,SUI GENERIS,SUI GENERIS,"10A LOCHEND ROAD, SOUTH",EH7 6BP,4030
327906.8387,674654.3928,veterinary surgery,Dundas Veterinary Group,Class 2,Class 2,Class 2,Class 2, , ,4031
327898.0806,674656.6094,grocer,Saveway Foodstore - Family Choice,Vacant,Class 1,Class 1,Class 1,"12A LOCHEND ROAD, SOUTH",EH7 6BP,4032
327893.7707,674662.1083,n/t/c,Anwar Newsagents,Class 1,Class 1,Class 1,Class 1,"14 LOCHEND ROAD, SOUTH",EH7 6BP,4033
327784.043,674888.5626,grocer,Spar,Class 1,Class 1,Class 1,Class 1,"58 LOCHEND ROAD, SOUTH",EH7 6DE,4034
327781.4336,674896.716800001,vacant, ,Class 1,Vacant,Class 1,Class 1,"62 LOCHEND ROAD, SOUTH",EH7 6DE,4035
327724.7598,675015.845799999,public house,The Loch Inn,SUI GENERIS,SUI GENERIS,SUI GENERIS,SUI GENERIS,"74 LOCHEND ROAD, SOUTH",EH7 6DR,4036
324907.4983,672766.248199999,café,Mr. Boni's Ice Cream Parlour,Class 3,Class 3,Vacant,Class 3,4-8 LOCHRIN BUILDINGS,EH3 9NB,4037
324897.7527,672764.249199999,kitchen furniture & fittings,Kitchens Plus (Poggenpohl),Class 1,Class 1,Class 1,Class 1,12-14 LOCHRIN BUILDINGS,EH3 9NB,4038
324891.2496,672762.248199999,vacant, ,Class 1,Vacant,Vacant,Class 1,16 LOCHRIN BUILDINGS,EH3 9NB,4039
324885.7565,672760.750399999,n/t/c,Todays News,Class 1,Class 1,Class 1,Class 1,18 LOCHRIN BUILDINGS,EH3 9NB,4040
324879.7537,672759.4998,second-hand goods,Greene Shoppe,Class 1,Class 1,Vacant,Class 1,20 LOCHRIN BUILDINGS,EH3 9NB,4041
324875.7518,672758.249199999,financial services,Chinese Financial & Insurance,Class 2,Class 2,Class 1,Vacant,24 LOCHRIN BUILDINGS,EH3 9NB,4042
324870.9995,672757.2487,second-hand books,Thrift Book Centre,Class 1,Class 1,Class 1,Class 1,26 LOCHRIN BUILDINGS,EH3 9NB,4043
324866.2473,672756.248199999,vacant, ,Class 1,Vacant,Class 1,Class 1,28 LOCHRIN BUILDINGS,EH3 9NB,4044
324860.7627,672754.5021,printers,Forthprint,Class 4,Class 4,Vacant,Class 1,30-32 LOCHRIN BUILDINGS,EH3 9ND,4045
324856.2515,672753.499299999,plumbers,Home Heating & Plumbing Ltd.,Class 4,Class 4,Class 4,Class 2,34 LOCHRIN BUILDINGS,EH3 9ND,4046
324851.4993,672752.2487,bagpipe manuf. & sales,Kilberry Bagpipes,Class 1,Class 1,Class 1, , , ,4047
324839.9938,672749.247300001,furniture,Morrison's Suite Centre,Class 1,Class 1,Class 2, , , ,4048
324835.2496,672748.2487,property managers,Cuan Factors,Class 1,Class 4,Class 1,Class 1,48 LOCHRIN BUILDINGS,EH3 9ND,4049
324829.747,672746.2477,antiquarian books,Archways Promotions,Class 1,Class 1,Class 1,Class 1,50 LOCHRIN BUILDINGS,EH3 9ND,4050
326745.2513,675519.497500001,florist,All Seasons Flowers,Class 1,Class 1, , , , ,4051
326739.2774,675506.2985,public house,Morrisons,SUI GENERIS,SUI GENERIS,Class 1,Class 1,222 LEITH WALK,EH6 5EQ,4052
326736.0784,675499.9789,hot food take-away,Jumbo,SUI GENERIS,SUI GENERIS,SUI GENERIS,SUI GENERIS,224 LEITH WALK,EH6 5EQ,4053
326734.5236,675496.691299999,vacant, ,Vacant,Vacant,Class 4,Class 4,228 LEITH WALK,EH6 5EQ,4054
326732.7015,675493.0,fishmonger,Richard Bee,Class 1,Class 1,Class 1,Class 1,230 LEITH WALK,EH6 5EQ,4055
326731.1256,675489.398,hairdresser,Helen Hair Design,Class 1,Class 1,SUI GENERIS,SUI GENERIS,232 LEITH WALK,EH6 5EQ,4056
326715.8272,675461.151799999,charity shop,Edinburgh Direct Aid,Vacant,Class 1,Class 1,Class 1,238 LEITH WALK,EH6 5EL,4057
326712.9005,675455.9739,second-hand furniture,Second Look,Class 1,Class 1,Class 1,Class 1,240 LEITH WALK,EH6 5EL,4058
326709.5025,675449.602,hairdresser (gents),J. Veiga,Class 1,Class 1,Class 1,Class 1,244 LEITH WALK,EH6 5EL,4059
326707.0261,675444.4241,vacant, ,Vacant,Vacant,Class 1,Class 1,246 LEITH WALK,EH6 5EL,4060
326704.3246,675439.0211,second-hand furniture,Crawfords Furniture Salesrooms,Class 1,Class 1,Class 1,Class 1,250-252 LEITH WALK,EH6 5EL,4061
326698.602,675426.1779,vacant, ,Class 1,Vacant,Class 3,SUI GENERIS,256 LEITH WALK,EH6 5EL,4062
326695.4503,675418.9739,public house,Balfours,SUI GENERIS,SUI GENERIS,SUI GENERIS,SUI GENERIS,260-262 LEITH WALK,EH6 5EL,4063
326689.0784,675406.9267,hot food take-away,Best Kebab House,SUI GENERIS,SUI GENERIS,SUI GENERIS,SUI GENERIS,266 LEITH WALK,EH6 5EL,4064
326687.0523,675403.3246,children's clothing,1st Choice,Class 1,Class 1,Class 1,Class 1,268 LEITH WALK,EH6 5EL,4065
326685.0261,675399.497500001,n/t/c,Neilson's,Class 1,Class 1,Class 1,Class 1,272 LEITH WALK,EH6 5EL,4066
326683.0,675395.4452,political party office,Malcolm Chisholm M.P. (Leith Labour Party),Class 2,Class 2,Vacant,Class 2,274 LEITH WALK,EH6 5EL,4067
326667.7538,675364.6623,charity shop,Sustainable Village Charitable Trust,Vacant,Class 1,Class 1,Class 1,276 LEITH WALK,EH6 5BX,4068
326665.7277,675359.765799999,n/t/c,Nazir & Sons,Class 1,Class 1,Class 1,Vacant,278 LEITH WALK,EH6 5BX,4069
326662.7407,675353.6362,hairdresser (gents),Leith Walk Barber's Salon,Class 1,Class 1,Class 1,Class 1,280 LEITH WALK,EH6 5BX,4070
326660.0392,675347.557700001,t.v. & hi-fi repair,Sound and Vision,Class 1,Class 1,Class 1,Class 1,284 LEITH WALK,EH6 5BX,4071
326651.9488,675331.0,restaurant (Chinese),Evergreen,Vacant,Class 3,Class 3,Class 3,294 LEITH WALK,EH6 5BX,4072
326647.5065,675322.0,public house,The Walk Inn,SUI GENERIS,SUI GENERIS,SUI GENERIS,SUI GENERIS,298-300 LEITH WALK,EH6 5BU,4073
326635,675297,furniture,The Emporium,Class 1,Class 1, , , , ,4074
326614.7157,675256.8442,car spares & accessories,Pilrig Motors,Class 1,Class 1,Class 1,Class 1,328(PF)-330 LEITH WALK,EH6 5BU,4075
326610.3377,675247.9739,car showroom,E. Norval & Sons,SUI GENERIS,SUI GENERIS, , , , ,4076
326594.2342,675237.116599999,clairvoyant,Silya,Class 4,Class 1, , , , ,4077
326597.5327,675224.8181,launderette,Bendix Self Service,Class 1,Class 1,Class 1,Class 1,342-346 LEITH WALK,EH6 5BR,4078
326591.7407,675215.934599999,financial services,The Mortgage Advisory Centre,Class 2,Class 2,Class 2,Class 2,348 LEITH WALK,EH6 5BR,4079
326588.3638,675210.5316,charity shop,St. Columba's Doo'cot,Class 1,Class 1,Class 1,Class 1,352 LEITH WALK,EH6 5BR,4080
326583.9357,675202.805,n/t/c,The Greeting Card Shop (J. Easson),Class 1,Class 1,Class 1,Class 1,354 LEITH WALK,EH6 5BR,4081
326581.4031,675198.246200001,vacant, ,Class 1,Vacant,Class 2,SUI GENERIS,356 LEITH WALK,EH6 5BR,4082
326578.5076,675193.740700001,gas fires,World of Gas,Class 1,Class 1,Class 1,Class 1,360 LEITH WALK,EH6 5BR,4083
326573.2734,675185.6362,public house,Shrub Bar,SUI GENERIS,SUI GENERIS,SUI GENERIS,SUI GENERIS,362 LEITH WALK,EH6 5BR,4084
326570.4031,675180.570800001,computer equipment,Express Computers,Class 1,Class 1,Class 2,Class 1,366 LEITH WALK,EH6 5BR,4085
326538.6765,675131.6754,charity shop,The Action Group,Class 1,Class 1,Class 1,Class 1,368 LEITH WALK,EH7 4PE,4086
326533.2734,675122.895400001,supermarket,Scotmid,Class 1,Class 1,Class 1,Class 1,370 LEITH WALK,EH7 4PE,4087
324916.0019,672742.999,coffee shop,Escage,Class 2,Class 3,Class 1,Class 1,1-1A LEVEN STREET,EH3 9LH,4088
324909.2482,672709.4902,supermarket,Scotmid,Class 1,Class 1,Class 1,Class 1,5(01)-21 LEVEN STREET,EH3 9LH,4089
324913.2506,672693.2501,fishmonger,Longa Fish Ltd.,Class 1,Class 1,Class 1,Class 1,23 LEVEN STREET,EH3 9LH,4090
324912.7508,672688.249600001,vacant, ,Vacant,Vacant,Class 2,Class 2,25 LEVEN STREET,EH3 9LH,4091
324912.5026,672682.999500001,vacant, ,Class 1,Vacant,Class 1,Class 1,25B LEVEN STREET,EH3 9LH,4092
324912.2506,672679.000499999,snack bar,Quick 'n' Plenty,Class 1,Class 1,Vacant,Vacant,27 LEVEN STREET,EH3 9LH,4093
324911.7504,672676.249199999,hairdresser,Jan-Del's,Vacant,Class 1,Class 1,Class 1,29 LEVEN STREET,EH3 9LH,4094
324911.5002,672671.000499999,jeweller,Perfect Setting,Class 1,Class 1,Class 1,Class 1,31 LEVEN STREET,EH3 9LH,4095
324911.2501,672666.498299999,domestic appliances & parts,Wallaces,Class 1,Class 1,Vacant,Class 2,35 LEVEN STREET,EH3 9LH,4096
324910.0,672656.2335,public house,Auld Toll,SUI GENERIS,SUI GENERIS, , , , ,4097
324909.2525,672650.000499999,baker,Mr. Doughnut's Home Bakery,SUI GENERIS,Class 1,Class 1,Vacant,43 LEVEN STREET,EH3 9LH,4098
324942.2468,672729.0024,public house,Bennets Bar,SUI GENERIS,SUI GENERIS,SUI GENERIS,SUI GENERIS,8 LEVEN STREET,EH3 9LG,4099
324941.7465,672721.7489,mobile telephones,Pinnacle, ,Class 1,Class 1,Class 3,12 LEVEN STREET,EH3 9LG,4100
324939.4993,672701.2544,bedding,Fast Feathers,Class 1,Class 1,Class 1,Class 1,14 LEVEN STREET,EH3 9LJ,4101
324938.999,672696.7523,florist & florists sundries,House & Garden,Class 1,Class 1,Vacant,Class 1,16 LEVEN STREET,EH3 9LJ,4102
324938.4988,672692.0,ladies clothing,Little Women,Class 1,Class 1,Vacant,Vacant,20 LEVEN STREET,EH3 9LJ,4103
324938.2487,672687.2477,records,Groovy Records,Class 1,Class 1,Vacant,Class 1,22 LEVEN STREET,EH3 9LJ,4104
324937.4969,672680.2511,delicatessen (Mexican / Spanish),Lupe Pintos,Class 1,Class 1,Class 1,Class 1,24 LEVEN STREET,EH3 9LJ,4105
324937.2468,672675.999,betting shop,Links Racing,Class 2,Class 2,Class 1,Class 1,28 LEVEN STREET,EH3 9LJ,4106
324936.7475,672669.253,restaurant (Chinese),Charlie Chan,Class 3,Class 3,Class 3,Class 3,30-32 LEVEN STREET,EH3 9LJ,4107
324936.2473,672663.0,restaurant (Chinese),Yangtze,Class 3,Class 3,Class 3,Class 3,36 LEVEN STREET,EH3 9LJ,4108
324935.9971,672656.747,videotape hire (Chinese),TVB Video,Class 1,Class 1,Class 1, , , ,4109
324935.7465,672646.2501,butcher,John Saunderson,Class 1,Class 1,Class 1, , , ,4110
324935.4964,672642.748500001,restaurant,Efes,Class 3,Class 3,Class 3,Class 3,42 LEVEN STREET,EH3 9LJ,4111
324935.4964,672638.7465,information office,New Crosswinds Project,Class 1,Class 2,Class 3,Class 3,44 LEVEN STREET,EH3 9LJ,4112
327259.4335,669711.409600001,solicitors & estate agents,"Dickson, McNiven & Dunn",Class 1,Class 2,Class 1,SUI GENERIS,129 LIBERTON BRAE,EH16 6LD,4113
327261.024,669708.8649,chemist,Brian Harrison Pharmacy,Class 1,Class 1,Class 1,Class 1,131 LIBERTON BRAE,EH16 6LD,4114
327264.024,669704.6819,hairdresser,Denis Equi,Class 1,Class 1,Class 1,Class 1,135 LIBERTON BRAE,EH16 6LD,4115
327265.7734,669701.8192,baker,Crawfords,Class 1,Class 1,Class 1,Class 1,135A LIBERTON BRAE,EH16 6LD,4116
327268.5011,669697.067500001,videotape hire,Fast Forward Video,Class 1,Class 1,Class 1,Class 2,137 LIBERTON BRAE,EH16 6LD,4117
327270.2505,669694.045700001,greengrocer,Capricorn Greengrocers,Class 1,Class 1,Class 1,Class 1,139 LIBERTON BRAE,EH16 6LD,4118
327274.6144,669687.932499999,wine merchant,Victoria Wine,Vacant,Class 1,Class 1,Class 1,143 LIBERTON BRAE,EH16 6LD,4119
327278.6601,669681.5229,n/t/c,Michael Dickson,Class 1,Class 1,Class 1,Class 1,145 LIBERTON BRAE,EH16 6LD,4120
327280.5686,669678.6601,hardware,John Wilkie & Sons,Class 1,Class 1,Class 2,Class 4,147 LIBERTON BRAE,EH16 6LD,4121
327284.7734,669671.886700001,grocer,Premier Food Store,Class 1,Class 1,Class 1,Class 1,151 LIBERTON BRAE,EH16 6LD,4122
327362.0,669406.5955,bank,Bank of Scotland,Class 2,Class 2,Class 2,Class 2,1 LIBERTON DRIVE,EH16 6NL,4123
327259,668617,service station,Jiffy Service Station,SUI GENERIS,SUI GENERIS,Class 1,Class 1,105 LIBERTON GARDENS,EH16 6ND,4124
327368.0,669380.0112,n/t/c,V. Williams,Class 1,Class 1,Class 1,Class 1,2 LIBERTON GARDENS,EH16 6JR,4125
327368.236,669375.3795,butcher,K. Baird,Class 1,Class 1,Class 1,Class 1,2A LIBERTON GARDENS,EH16 6JR,4126
327368.236,669370.337099999,post office,Liberton Gardens Post Office,Class 1,Class 1,Class 1,Class 1,4A LIBERTON GARDENS,EH16 6JR,4127
326280.6282,676815.732799999,vacant, ,Vacant,Vacant, , , , ,4128
326238.1256,676835.031199999,vacant, ,Class 1,Vacant, , , , ,4129
326199.5287,676852.429199999,printers,Traidprint,Vacant,Class 4,Class 4,Class 4,5 LINDSAY ROAD,EH6 4DT,4130
326193.2251,676852.2041,builders,Bathfield Building Contracts,Class 4,Class 4,Vacant,Class 4,6 LINDSAY ROAD,EH6 4DT,4131
326105.4503,676854.2041,vacant, ,Vacant,Vacant,Vacant,Class 9, , ,4132
326099.3718,676853.9789,vacant, ,Class 1,Vacant, , , , ,4133
326080.7277,676854.827199999,vacant, ,Vacant,Vacant,Vacant,Vacant,23 LINDSAY ROAD,EH6 4DR,4134
326075.0995,676855.502499999,vacant, ,Vacant,Vacant,Vacant,Vacant,24 LINDSAY ROAD,EH6 4DR,4135
326350,676860,kitchen & bathroom fittings,Graham,Class 1,Class 1, , , , ,4136
325628.476,677041.985300001,public house,Peacock Inn,SUI GENERIS,SUI GENERIS,SUI GENERIS, ,100 LINDSAY ROAD,EH6 4TZ,4137
327385.8886,676198.3705,n/t/c,n/a,Class 1,Class 1,Class 1,Class 1,1 LINKS PLACE,EH6 7EZ,4138
312242.3092,674502.8969,vacant, ,Class 1,Vacant,Vacant,Class 1,1 LISTON PLACE,EH29 9BU,4139
324811.4969,672740.9976,grocer,Khyber Stores,Class 1,Class 1,Class 1,Class 1,60 LOCHRIN BUILDINGS,EH3 9ND,4140
324900.9976,672813.001399999,hairdresser (gents),Alfonsos,Class 1,Class 1,Class 1,Class 1,3 LOCHRIN PLACE,EH3 9QX,4141
324893.5026,672812.0019,"dress fabrics, haberdashery",Eastern Fabrics,Class 1,Class 1,Class 1,Class 1,5 LOCHRIN PLACE,EH3 9QX,4142
324890.2511,672811.501700001,joiners,Whitson & Houliston,Class 1,Class 4, , , , ,4143
324884.2482,672810.5012,bicycles & cycle hire,Bike Trax,Class 1,Class 1, , , , ,4144
324900.2506,672834.747500001,store,unknown,Class 1,Class 4,SUI GENERIS,SUI GENERIS, , ,4145
324883.2525,672832.998600001,public house,Cameo Bar,Vacant,SUI GENERIS, , , , ,4146
324878.0,672832.248199999,vacant, ,Class 2,Vacant,Class 1,Class 1,14 LOCHRIN PLACE,EH3 9QY,4147
324887.0,672873.001399999,restaurant,Coconut Grove,Class 3,Class 3,Class 3,Class 3,3 LOCHRIN TERRACE,EH3 9QJ,4148
324877.5021,672871.5021,vacant, ,Vacant,Vacant, , , , ,4149
324871.2492,672870.751800001,restaurant (Chinese),Dragon House,Class 3,Class 3,Class 3,Class 3,11 LOCHRIN TERRACE,EH3 9QJ,4150
325492.8159,675150.0529,hot food take-away,Logie Green Takeaway,SUI GENERIS,SUI GENERIS,SUI GENERIS,SUI GENERIS,1 LOGIE GREEN ROAD,EH7 4EY,4151
325485.0793,675225.6545,furniture,Vogue,Class 1,Class 1,Class 1,Demolished, , ,4152
326935.3645,674477.303400001,grocer,London Road Mini Market,Class 1,Class 1,Class 1,Class 1,1 LONDON ROAD,EH7 5AP,4153
326940.9389,674476.322000001,housing association office,Link Housing Association,Class 2,Class 2,Class 1,SUI GENERIS,3-4 LONDON ROAD,EH7 5AP,4154
326947.1699,674475.5163,home decor,Lothian Decor Ltd.,Class 1,Class 1,Vacant,Class 1,5 LONDON ROAD,EH7 5AP,4155
326951.3921,674474.895400001,driving school,Alan's School of Motoring,Class 4,Class 4,Class 4,Class 4,6 LONDON ROAD,EH7 5AP,4156
326956.2353,674474.1503,n/t/c,M.Y. Newsagent,Class 1,Class 1,Class 1,Class 1,8-9 LONDON ROAD,EH7 5AP,4157
326961.2614,674473.267899999,gifts & greeting cards,Era,Vacant,Class 1,Class 1,Class 1,10 LONDON ROAD,EH7 5AP,4158
326964.8628,674472.895400001,second-hand goods,Maryfield Domestics,Vacant,Class 1,Vacant,Vacant,11 LONDON ROAD,EH7 5AP,4159
326968.3399,674472.274499999,ladies clothing,Natalia Messlin,Class 1,Class 1,Class 1,Class 1,13 LONDON ROAD,EH7 5AP,4160
326980.6405,674468.764699999,hairdresser,Sofistikutz,Class 1,Class 1,Class 1,Class 1,15-16 LONDON ROAD,EH7 5AT,4161
324824.0029,672744.499299999,vacant, ,Vacant,Vacant,Class 1,Class 1,52 LOCHRIN BUILDINGS,EH3 9ND,4162
324820.5012,672743.2487,vacant, ,Class 1,Vacant,Class 1,Class 1,54 LOCHRIN BUILDINGS,EH3 9ND,4163
324816.2492,672742.248199999,videotape hire,Video Mahal,Class 1,Class 1,Class 1,Class 1,58 LOCHRIN BUILDINGS,EH3 9ND,4164
326988.3987,674467.385600001,charity office,North Edin. Action Group,Class 1,Class 4, ,Class 2,17-18 LONDON ROAD,EH7 5AT,4165
326992.6209,674466.5163,charity office,North Edin. Action Group,Vacant,Class 4, , , , ,4166
326997.0065,674465.634,housing association office,Safe Housing Association,Class 1,Class 2, , ,19 LONDON ROAD,EH7 5AT,4167
327002.3465,674464.392100001,housing association office,Safe Housing Association,Class 1,Class 2, , ,20 LONDON ROAD,EH7 5AT,4168
327016.4967,674461.274499999,security systems,Gordon Inglis,Class 1,Class 4,Class 1,Class 1,21-22 LONDON ROAD,EH7 5AY,4169
327025.2745,674459.261399999,grocer,Younis Brothers,Class 1,Class 1,Class 1,Class 1,23-24 LONDON ROAD,EH7 5AY,4170
327032.0065,674457.1438,hairdresser,Expressions,Class 1,Class 1,Class 2,Class 2,25 LONDON ROAD,EH7 5AY,4171
327034.6144,674456.274499999,dry cleaner,Forsyth's Fabric Care,Class 1,Class 1,Class 1,Class 4,26 LONDON ROAD,EH7 5AY,4172
327055.2288,674451.6601,bank,T.S.B.,Class 2,Class 2,Class 2,Class 2,29-30 LONDON ROAD,EH7 5BB,4173
327085.9063,674446.8868,public house,Artisan Bar,SUI GENERIS,SUI GENERIS,SUI GENERIS,SUI GENERIS,35-36 LONDON ROAD,EH7 5BQ,4174
327109.6731,674445.1307,vacant, ,Vacant,Vacant,Class 2,Class 2,41 LONDON ROAD,EH7 5SW,4175
327117.6209,674444.1372,betting shop,Kenneth Waugh,Class 2,Class 2,Class 2,Class 2,42 LONDON ROAD,EH7 5SW,4176
327141.5489,674442.5294,café,Brodie's,Class 3,Class 3,Class 3,Class 3,45-46 LONDON ROAD,EH7 5SP,4177
327148.8758,674441.908399999,vacant, ,Class 1,Vacant,Class 2,Class 2,47 LONDON ROAD,EH7 5SP,4178
327155.085,674440.914999999,solicitors & estate agents,Campbells,Class 1,Class 2,Class 2,Class 2,49 LONDON ROAD,EH7 5SP,4179
327708.9443,674248.1039,optician,Dollond & Aitchison (Eyeland), ,Class 1,Class 1, , , ,4180
325715.6232,674645.791200001,sauna & massage parlour,London Street Sauna,Class 11,Class 11, , , , ,4181
325722.4812,674648.168099999,fruit wholesale,Capital Wholesalers,Class 1,Class 2,Class 1,Vacant,42 LONDON STREET,EH3 6LX,4182
325725.4029,674648.817299999,charity office,Abbeyfield Edinburgh,Vacant,Class 4, , , , ,4183
325737.1942,674647.791200001,fruit wholesale,Capital Wholesalers,Class 1,Class 2, , , , ,4184
325730.5971,674649.037599999,grocer,London Street Grocery (G. Murtaza),Class 1,Class 1,Class 1,Class 1,47 LONDON STREET,EH3 6LX,4185
325741.2464,674646.4144,public house,Bellevue Lounge,SUI GENERIS,SUI GENERIS,SUI GENERIS,SUI GENERIS,49-51 LONDON STREET,EH3 6LX,4186
325743.8434,674644.791200001,employment agency,Software Personnel,Class 1,Class 4,Class 2,Class 2, , ,4187
325750.4144,674637.2203,post office,London Street Post Office,Class 1,Class 1,Vacant,Class 1,53 LONDON STREET,EH3 6LX,4188
325748.4666,674639.492699999,vacant, ,Class 1,Vacant, , , , ,4189
321356.9187,670949.705499999,betting shop,Ladbrokes,Class 2,Class 2,Class 2,Class 2,41 LONGSTONE ROAD,EH14 2BB,4190
321350.0967,670948.213199999,hot food take-away,Gino's Fish & Chip Shop,SUI GENERIS,SUI GENERIS,SUI GENERIS,SUI GENERIS,43 LONGSTONE ROAD,EH14 2BB,4191
321337.3297,670942.523,n/t/c & post office,Khalsa Superstores,Class 1,Class 1,Class 1,Class 1,45-47 LONGSTONE ROAD,EH14 2BB,4192
321422.1933,670988.674799999,public house,Longstone Inn,SUI GENERIS,SUI GENERIS,SUI GENERIS,SUI GENERIS,30 LONGSTONE ROAD,EH14 2BH,4193
321406.7209,670985.243899999,grocer,Village Shop,Class 1,Class 1,SUI GENERIS,SUI GENERIS,38 LONGSTONE ROAD,EH14 2BH,4194
321387.2945,670980.329700001,shower repairs,The Shower Doctor,Class 4,Class 4,Class 1,Class 1,44 LONGSTONE ROAD,EH14 2BH,4195
321382.178,670978.9846,shower repairs,The Shower Doctor,Class 4,Class 4, , , , ,4196
321377.4878,670977.9187,travel agent,Longstone Travel Agents,Class 1,Class 1,Class 1,Class 1,48 LONGSTONE ROAD,EH14 2BH,4197
326250.7884,672413.1587,vacant, ,Vacant,Vacant, , , , ,4198
316349.0836,666390.7075,butcher,Charles Cormack,Class 1,Class 1,Class 1,Class 4,44B MAIN STREET,EH14 7EH,4199
314367.9258,677378.117900001,grocer,Dalmeny Village Shop,Class 1,Class 1,Class 9,Class 9, , ,4200
314419.3406,677393.170299999,post office,Dalmeny Post office,Class 1,Class 1,Class 1,Class 4, , ,4201
320562.4963,675459.4879,optician,Black & Lizars,Class 1,Class 1,Class 1,Class 1, , ,4202
320567.5016,675459.988500001,florist,Fleurette,Vacant,Class 1, , , , ,4203
326244.6322,672412.6851,architect,Anderson Jeffrey Associates,Class 4,Class 4,Class 1,Class 1,6 LORD RUSSELL PLACE,EH9 1NQ,4204
326845.9523,675410.810000001,n/t/c,Lorne Street Newsagent,Class 1,Class 1,Vacant,Vacant,31 LORNE STREET,EH6 8QW,4205
326877.1908,675394.5715,vacant (possibly store), ,Class 1,Vacant,Vacant,Class 9, , ,4206
326977.8092,675358.333900001,vacant, ,Class 4,Vacant, , , , ,4207
327034.6192,675347.9531,plumbers & gasfitters,Aramo,Class 4,Class 4,Vacant,Class 9, , ,4208
327030.4285,675349.000800001,n/t/c,Robert Batten,Class 1,Class 1,Class 1,Class 1,73 LORNE STREET,EH6 8QG,4209
326777.4452,675470.848200001,charity shop,Faith Hope & Charity, ,Class 1,Vacant,Vacant,4 LORNE STREET,EH6 8QU,4210
326812.9005,675453.895400001,vacant, ,Class 1,Vacant, , , , ,4211
326836.9523,675442.1423,wholesale flower supplies,Short of Flowers,Class 1,Class 2, , , , ,4212
324745.3999,673650.177200001,cafe,Cornerstone Coffee Shop,Class 3,Class 3, , , , ,4213
324752.5257,673651.8972,books,Cornerstone Bookshop,Class 1,Class 1,Class 3,Class 3,3A(3) LOTHIAN ROAD,EH1 2EP,4214
324760.3886,673654.1086,gifts,Peace & Justice Shop,Class 1,Class 1, , , , ,4215
324786.926,673657.548699999,gifts,One World Shop,Class 4,Class 1,Class 1,Class 1,3B LOTHIAN ROAD,EH1 2EP,4216
324766.2149,673497.9045,bank,Bank of Scotland,SUI GENERIS,Class 2, , , , ,4217
324768.7418,673480.747500001,public house,Ferret & Trouserleg,SUI GENERIS,SUI GENERIS,SUI GENERIS,SUI GENERIS,21 LOTHIAN ROAD,EH1 2DJ,4218
324770.2425,673471.9933,amusement arcade,LA Amusements,Class 11,Class 11,Class 11,Class 2,25 LOTHIAN ROAD,EH1 2DJ,4219
324777.2473,673446.7523,hearing aids,Amplivox Ultratone,Class 2,Class 2,Class 2,Class 2,37 LOTHIAN ROAD,EH1 2DJ,4220
324778.2477,673440.749399999,mobile telephones,DX Communications,Class 1,Class 1,Class 3,Class 1,39 LOTHIAN ROAD,EH1 2DJ,4221
324779.7485,673434.7465,"dress fabrics, haberdashery",Kings Fabrics,Class 1,Class 1,Class 3,Class 3,43-45 LOTHIAN ROAD,EH1 2DJ,4222
324783.7485,673416.750800001,"greeting cards, gifts",Paper Tiger,Class 1,Class 1,Class 1,Class 1,53 LOTHIAN ROAD,EH1 2DJ,4223
324784.7489,673410.9981,photographic goods,Edinburgh Cameras,Class 1,Class 1,Class 1,Vacant,55 LOTHIAN ROAD,EH1 2DJ,4224
324785.9971,673405.006200001,n/t/c,L. Lisi,Class 1,Class 1,Class 1,Class 1,57 LOTHIAN ROAD,EH1 2DJ,4225
324787.4979,673397.0024,take-away food,Simply Sandwiches,Class 1,Class 1,Class 1,Class 1,59 LOTHIAN ROAD,EH1 2DJ,4226
324788.7485,673389.7489,hot food take-away,Snack Shack,SUI GENERIS,SUI GENERIS,Vacant,Class 1,63 LOTHIAN ROAD,EH1 2DJ,4227
324790.4993,673382.4955,public house,Shakespeares,SUI GENERIS,SUI GENERIS,SUI GENERIS,SUI GENERIS,65 LOTHIAN ROAD,EH1 2DJ,4228
324803.9895,673303.252499999,books & government publications,H.M.S.O. Bookshop,Vacant,Class 1,Class 1,Class 3,71 LOTHIAN ROAD,EH3 9AW,4229
324804.9895,673299.261499999,vacant, ,Class 1,Vacant, , , , ,4230
324808.4912,673280.252499999,public house,Bull & Bush,SUI GENERIS,SUI GENERIS,SUI GENERIS,SUI GENERIS,81-83 LOTHIAN ROAD,EH3 9AW,4231
324810.4917,673270.249600001,restaurant & hot food take-away,Darios Pizza & Spaghetti House,Class 3,Class 3,Class 3,Class 3,85-87 LOTHIAN ROAD,EH3 9AW,4232
324812.4912,673259.498299999,public house,Barracuda Disco Bar,SUI GENERIS,SUI GENERIS,SUI GENERIS,SUI GENERIS,93 LOTHIAN ROAD,EH3 9AW,4233
324813.7399,673252.2477,restaurant (Italian),Lazio,Class 3,Class 3,Class 3,Class 3,95 LOTHIAN ROAD,EH3 9AW,4234
324814.7394,673247.000499999,toys,Wonderland Toys,Class 1,Class 1, , , , ,4235
324815.7399,673240.497400001,toys,Wonderland,Class 1,Class 1, , , , ,4236
324816.4888,673236.251499999,health studio,Instant Tan Salon,Class 1,Class 11,Class 1,Vacant,103 LOTHIAN ROAD,EH3 9AN,4237
324817.4907,673228.999500001,restaurant (Chinese),Great Wall,Class 3,Class 3,Class 3,Class 3,105-109 LOTHIAN ROAD,EH3 9AN,4238
324818.4941,673222.2544,restaurant & hot food take-away,Pizza Hut,Vacant,Class 3,Class 3,Class 3,113-117 LOTHIAN ROAD,EH3 9AN,4239
324820.4941,673213.253900001,restaurant & hot food take-away,Sinatra's,Class 1,Class 3,Class 3,Class 3,119 LOTHIAN ROAD,EH3 9AN,4240
324822.9919,673200.5131,vacant, ,Class 2,Vacant,Class 3,Class 3,123 LOTHIAN ROAD,EH3 9AN,4241
324830.7456,673171.749399999,vacant, ,Class 2,Vacant,Class 1,Class 1,125 LOTHIAN ROAD,EH3 9AD,4242
324830.747,673162.7489,hairdresser,Paterson SA,Class 1,Class 1,Class 1,Class 1,127(GF)-131 LOTHIAN ROAD,EH3 9AD,4243
324832.4974,673153.7489,public house,Burnt Post,SUI GENERIS,SUI GENERIS,SUI GENERIS,SUI GENERIS,133-135 LOTHIAN ROAD,EH3 9AD,4244
324833.9981,673146.0,household goods,Ali's Cave,Class 1,Class 1,Class 1,Class 1,139-145 LOTHIAN ROAD,EH3 9AD,4245
324835.9981,673134.2501,shoe repairs / key cutting,Timpson,Class 1,Class 1,Class 1,Class 1,149 LOTHIAN ROAD,EH3 9AA,4246
324838.2473,673122.5021,shoes,Shoe String,Class 1,Class 1,Class 1,Class 1,151-153 LOTHIAN ROAD,EH3 9AA,4247
324839.748,673114.498299999,restaurant (Indian),Zamzamah,Class 3,Class 3,Class 3,Class 2,157-159 LOTHIAN ROAD,EH3 9AA,4248
324841.4926,673104.249600001,public house,Tickety Boo's,SUI GENERIS,SUI GENERIS,Vacant,SUI GENERIS,161 LOTHIAN ROAD,EH3 9AA,4249
324843.2435,673095.4955,bank,T.S.B.,Class 2,Class 2,Class 2,Class 2,165 LOTHIAN ROAD,EH3 9AA,4250
324734.758,673475.1982,demolished, ,Class 1,Demolished, , , , ,4251
324780.0024,673246.752699999,financial services,Save & Invest,Vacant,Class 2,Class 2,Vacant,90-92 LOTHIAN ROAD,EH3 9BE,4252
324781.5031,673239.249199999,optician,Prescott,Class 1,Class 1,Class 1,Class 1,98 LOTHIAN ROAD,EH3 9BE,4253
324783.7465,673227.9981,restaurant (Italian),Bar Italia,Class 3,Class 3,Class 3,Class 3,100-104 LOTHIAN ROAD,EH3 9BE,4254
324785.7532,673219.498299999,sports equipment & clothing,Workout World,Class 1,Class 1,Class 1,Class 1,108-110 LOTHIAN ROAD,EH3 9BE,4255
324788.2611,673201.998600001,funeral directors,W.T. Dunbar & Sons,Class 4,Class 1,Class 3,Class 3,116 LOTHIAN ROAD,EH3 9BE,4256
324791.7527,673159.250600001,mens clothing,Berry,Class 1,Class 1,Class 1,Class 1,122 LOTHIAN ROAD,EH3 9BG,4257
324793.2506,673153.753699999,wine merchant,Victoria Wine,Class 1,Class 1,Class 1,Vacant,126 LOTHIAN ROAD,EH3 9BG,4258
324794.5012,673148.2511,n/t/c,R.S. McColl,Class 1,Class 1, ,Class 1,128 LOTHIAN ROAD,EH3 9BG,4259
324797.2525,673135.745100001,n/t/c,R.S. McColl,Class 1,Class 1, ,Vacant,130 LOTHIAN ROAD,EH3 9BG,4260
324798.7532,673129.242000001,electrical & gas appliances,Robertsons,Class 1,Class 1,Class 1,Class 1,132 LOTHIAN ROAD,EH3 9BG,4261
324799.7537,673122.4888,outdoor equipment & clothing,New Heights,Class 1,Class 1,Class 11,Class 11,134 LOTHIAN ROAD,EH3 9BG,4262
324800.7542,673114.735099999,charity shop,Sue Ryder,Class 1,Class 1,Class 1,Class 1,136 LOTHIAN ROAD,EH3 9BG,4263
324802.0048,673107.481699999,videotape & pc game rental,Entertainment World,Class 1,Class 1,Class 1,Class 1,138 LOTHIAN ROAD,EH3 9BG,4264
324803.2554,673100.728499999,t.v. & video rental,Radio Rentals,Class 1,Class 1,Vacant,Vacant,140 LOTHIAN ROAD,EH3 9BG,4265
324804.5059,673094.225400001,mixed durable goods,Woolworths,Class 1,Class 1,Class 1,Class 1,142 LOTHIAN ROAD,EH3 9BG,4266
324805.7565,673086.721799999,soft furnishings,Jeffreys,Class 1,Class 1,Class 1,Class 1,144 LOTHIAN ROAD,EH3 9BG,4267
325848.7126,673242.8178,residential, ,Vacant,Class 9, , , , ,4268
325846.0607,673238.309599999,residential, ,Vacant,Class 9, , , , ,4269
325831.8341,673220.2652,public house,Iguana,SUI GENERIS,SUI GENERIS,SUI GENERIS,SUI GENERIS,41 LOTHIAN STREET,EH1 1HB,4270
325826.0,673213.3704,restaurant & bar,Negociants, ,Class 3,Class 3,Class 3,47 LOTHIAN STREET,EH1 1HB,4271
324814.9004,676955.915100001,residential, ,Vacant,Class 9, , , , ,4272
324809,676960,residential, ,Vacant,Class 9, , , , ,4273
324712.2767,676994.8155,vacant, ,Class 1,Vacant, , , , ,4274
324284.7447,677032.510600001,residential, ,Vacant,Class 9, , , , ,4275
324203.6029,677005.2553,public house,Wardie Hotel,SUI GENERIS,SUI GENERIS,SUI GENERIS,Class 9, , ,4276
323954,677021,car repairs,Metro Centre Garage,Class 4,Class 1, , , , ,4277
323939,677028,domestic appliance servicing,Micro Vac & Wash,Class 1,Class 1, , , , ,4278
323853,677060,n/t/c & post office,G. Edward,Class 1,Class 1, , , , ,4279
323843.193,677071.386,vacant, ,Class 4,Vacant, , , , ,4280
323777.1974,677094.7939,public house,Granton Tap,SUI GENERIS,SUI GENERIS,Class 2,Vacant,160 LOWER GRANTON ROAD,EH5 1EY,4281
326401.1859,672533.309,beauty salon,Myra Crawford, ,Class 1, , , , ,4282
326407.0313,672535.9395,chiropodist,J.S. Caplan, ,Class 2, , , , ,4283
326409.9541,672537.1086,golf equipment,Golf Shop, ,Class 1,Vacant,Class 1,3C LUTTON PLACE,EH8 9PD,4284
326999.013,674386.4772,car accessories,URO Auto Spares,Vacant,Class 1, , , , ,4285
327000.6274,674383.0,car accessories,URO Auto Spares,Class 1,Class 1,Class 4,Class 4,3 LYNE STREET,EH7 5DN,4286
324367.8623,673846.744899999,chemist,A.K. Stewart & Co.,Class 1,Class 1,Class 2,Class 2,1A(GF)-1B LYNEDOCH PLACE,EH3 7PX,4287
324374.7763,673854.7653,n/t/c,Maliks,Class 1,Class 1,Class 1,Class 1,2B LYNEDOCH PLACE,EH3 7PX,4288
324369.5619,673857.372500001,hairdresser,Charlie Mearns,Class 1,Class 1,Class 1,Class 1,2A LYNEDOCH PLACE,EH3 7PX,4289
326313.7715,676534.6732,grocer,John's Corner Shop,Vacant,Class 1, , , , ,4290
326298.3464,676554.5233,vacant, ,SUI GENERIS,Vacant, , , , ,4291
326293.7715,676561.7125,vacant, ,Vacant,Vacant,Vacant,Class 2, , ,4292
326288.1965,676570.810799999,furniture removal,Halley Removals & Haulage,Class 4,Class 2, ,Class 2,56-58 MADEIRA STREET,EH6 4AU,4293
330430.2004,672616.422599999,stationery,Southfield Stationers,Vacant,Class 1, , , , ,4294
330438.7736,672618.9231,stationery,Southfield Stationers,Vacant,Class 1, , , , ,4295
330449.1329,672622.1381,hot food take-away,Moonlight,SUI GENERIS,SUI GENERIS,SUI GENERIS,SUI GENERIS,1/B MAGDALENE DRIVE,EH15 3DA,4296
330454.1339,672623.567,hot food take-away,Late Night Star,Class 11,SUI GENERIS,SUI GENERIS,SUI GENERIS,1/C MAGDALENE DRIVE,EH15 3DA,4297
330931.3057,672737.0437,videotape hire,Magdalene Video, ,Class 1,Class 1, , , ,4298
330938.1925,672738.608899999,grocer,Family Choice Foodliner,Class 1,Class 1,Class 1,Class 1,23A MAGDALENE DRIVE,EH15 3DT,4299
330946.6445,672740.4871,butcher,Ian Tait,Class 1,Class 1,Vacant,Vacant,23B MAGDALENE DRIVE,EH15 3DT,4300
330827.4957,672674.2607,baker,Bootland & Co.,Class 1,Class 1,Class 1,Class 1,40 MAGDALENE DRIVE,EH15 3DZ,4301
330832.4348,672675.1998,vacant, ,Vacant,Vacant,Vacant,Vacant,42 MAGDALENE DRIVE,EH15 3DZ,4302
330842.4001,672677.321599999,grocer,Michael's Mini Market & Off License,Vacant,Class 1,Vacant,Class 1,44 MAGDALENE DRIVE,EH15 3DZ,4303
330859.226,672672.226,n/t/c & post office,Harry Tait,Class 1,Class 1,Class 1,Class 1,46 MAGDALENE DRIVE,EH15 3DZ,4304
330862.5738,672664.817299999,chemist,Magdalene Pharmacy,Class 1,Class 1,SUI GENERIS,SUI GENERIS,48 MAGDALENE DRIVE,EH15 3DZ,4305
330863.539,672659.565199999,hairdresser,Elizabeth's,Class 1,Class 1,Class 1,Class 1,50 MAGDALENE DRIVE,EH15 3DZ,4306
316359.7493,666465.9164,community centre,Nursery Community Centre,Class 1,Class 2, , , , ,4307
316367.312,666449.0,public house,Malleny Arms,SUI GENERIS,SUI GENERIS,SUI GENERIS,SUI GENERIS,15 MAIN STREET,EH14 7EQ,4308
316371.0,666431.4791,baker & wholefoods,The Upper Crust,Class 1,Class 1,SUI GENERIS,SUI GENERIS,17 MAIN STREET,EH14 7EQ,4309
316374.5627,666410.9164,hairdresser,Ian Cameron,Class 1,Class 1,Class 1,Class 1,27 MAIN STREET,EH14 7EQ,4310
316279.0836,666499.874600001,bank,Royal Bank of Scotland,Class 2,Class 2,Class 2,Class 2,4 MAIN STREET,EH14 7EH,4311
316302.4511,666483.626800001,supermarket,Scotmid,Class 1,Class 1,Class 1,Class 1,6 MAIN STREET,EH14 7EH,4312
316336,666464,public house,Grey Horse Inn,SUI GENERIS,SUI GENERIS,SUI GENERIS,SUI GENERIS,20-22 MAIN STREET,EH14 7EH,4313
316344.3343,666448.646299999,hardware,Balerno Hardware,Class 1,Class 1,Class 1,Class 1,24 MAIN STREET,EH14 7EH,4314
316347.6463,666443.0,chemist,M.F.M. Spooner,Class 1,Class 1,Class 1,Class 1,26 MAIN STREET,EH14 7EH,4315
316352.6045,666425.4791,betting shop,Morrison,Class 2,Class 2,Class 2,Vacant,34 MAIN STREET,EH14 7EH,4316
316354.2089,666415.9164,post office,Balerno Post Office,Class 1,Class 1,Class 1,Class 1,36 MAIN STREET,EH14 7EH,4317
316351.0836,666404.4791,grocer & n/t/c,News Plus - Alexander Fleming,Class 1,Class 1,Vacant,Class 4,42 MAIN STREET,EH14 7EH,4318
316350.1254,666397.4791,hot food take-away (Chinese),Park,Class 1,SUI GENERIS,SUI GENERIS,SUI GENERIS,44 MAIN STREET,EH14 7EH,4319
320579.5016,675459.495300001,baker,Greggs,Class 1,Class 1,Class 1,Class 1,"21 MAIN STREET, DAVIDSON'S MAI",EH4 5BZ,4320
320586.9948,675460.4859,public house,Ye Olde Inn,SUI GENERIS,SUI GENERIS,SUI GENERIS,SUI GENERIS,"23 MAIN STREET, DAVIDSON'S MAI",EH4 5BZ,4321
320623.001,675464.987400001,bank,Clydesdale Bank,Class 2,Class 2,Class 2,Class 2,"29-33 MAIN STREET, DAVIDSON'S",EH4 5BZ,4322
320658.8771,675461.8936,public house,Norhet,SUI GENERIS,SUI GENERIS,SUI GENERIS,SUI GENERIS,"45 MAIN STREET, DAVIDSON'S MAI",EH4 5BZ,4323
320669.7761,675462.0386,undertakers,Barclays Funeral Services,Class 2,Class 1,Class 1,Class 1,"49 MAIN STREET, DAVIDSON'S MAI",EH4 5BZ,4324
320748.1413,675464.611,hairdresser,Hebe,Class 1,Class 1,Class 1,Class 1,"61 MAIN STREET, DAVIDSON'S MAI",EH4 5AD,4325
320751.8478,675464.5908,knitting wool,Ribs & Bibs,Class 1,Class 1, , , , ,4326
320755.4899,675464.7743,dentist,Edith J. Butler,Class 2,Class 2, , , , ,4327
320761.8973,675464.9376,wine merchant,Thresher,Class 1,Class 1,Class 1,Vacant,"67-69 MAIN STREET, DAVIDSON'S",EH4 5AD,4328
320785.2037,675465.998199999,frozen food,Iceland,Class 1,Class 1,Class 1,Vacant,"75 MAIN STREET, DAVIDSON'S MAI",EH4 5AD,4329
320794.0789,675466.170499999,estate agents,Lindsay,Class 2,Class 2, ,Class 2,"77 MAIN STREET, DAVIDSON'S MAI",EH4 5AD,4330
320827.0807,675470.897299999,electrical goods,Main (?) Electrical,Class 1,Class 1,Vacant,Class 1,"83 MAIN STREET, DAVIDSON'S MAI",EH4 5AD,4331
320859.4679,675468.7927,vacant, ,Class 1,Vacant, ,Class 4,"89 MAIN STREET, DAVIDSON'S MAI",EH4 5AD,4332
320561.7011,675426.8386,n/t/c,Margiotta,Class 1,Class 1,Vacant,Class 1,"8 MAIN STREET, DAVIDSON'S MAIN",EH4 5BY,4333
320728.4074,675437.715600001,videotape hire,Blockbuster Video,Class 1,Class 1,Class 1,Class 1,"44 MAIN STREET, DAVIDSON'S MAI",EH4 5AA,4334
320733.2257,675438.042199999,greengrocer,Fruit Garden,Class 1,Class 1,Class 1,Class 1,"46 MAIN STREET, DAVIDSON'S MAI",EH4 5AA,4335
320735.4697,675438.082599999,betting shop,Macbet,Class 2,Class 2,Class 2,Class 2,"48 MAIN STREET, DAVIDSON'S MAI",EH4 5AA,4336
320762.7927,675439.001800001,n/t/c,R.S. McColl,Class 1,Class 1,Class 1,Class 1,"54 MAIN STREET, DAVIDSON'S MAI",EH4 5AA,4337
320777.3266,675439.654999999,chemist,George Lunan,Class 1,Class 1,Class 1,Class 1,"58-60 MAIN STREET, DAVIDSON'S",EH4 5AA,4338
320790.2989,675440.001800001,charity shop,Cancer Research Campaign,Class 1,Class 1,Class 1,Class 1,"64 MAIN STREET, DAVIDSON'S MAI",EH4 5AA,4339
320795.2055,675440.165100001,dry cleaner / photo processing,Klick / Munro,Class 1,Class 1,Class 1,Class 1,"68 MAIN STREET, DAVIDSON'S MAI",EH4 5AA,4340
320800.4312,675439.1853,travel agent,Sibbald Travel,Class 1,Class 1,Class 1,Class 1,"70 MAIN STREET, DAVIDSON'S MAI",EH4 5AA,4341
320843.3872,675442.979800001,hot food take-away,Corbie Takeaway,SUI GENERIS,SUI GENERIS,SUI GENERIS,SUI GENERIS,"72 MAIN STREET, DAVIDSON'S MAI",EH4 5AB,4342
320879.2797,675449.092399999,public house,Village Inn,SUI GENERIS,SUI GENERIS,SUI GENERIS,SUI GENERIS,"80 MAIN STREET, DAVIDSON'S MAI",EH4 5AB,4343
312456.6844,674592.490900001,public house,Kirklands Inn,SUI GENERIS,SUI GENERIS,SUI GENERIS,Vacant,(15A) MAIN STREET,EH29 9AE,4344
312528.7193,674579.314999999,hot food take-away,Fourways Fish Bar,SUI GENERIS,SUI GENERIS,SUI GENERIS,SUI GENERIS,27 MAIN STREET,EH29 9AE,4345
312550.1753,674578.403000001,videotape hire,Silver Screen Video, ,Class 1,Class 11,Class 11,33 MAIN STREET,EH29 9AE,4346
312554.6669,674578.403000001,hot food take-away (Chinese),Wok Cottage,Class 2,SUI GENERIS,SUI GENERIS,SUI GENERIS,35 MAIN STREET,EH29 9AE,4347
312312.1957,674596.6338,hairdresser,George's,Class 1,Class 1,Class 1,Class 1,12 MAIN STREET,EH29 9AA,4348
312364.433,674586.359999999,n/t/c,R. & H. Towers,Class 1,Class 1,Class 1,Class 1,22 MAIN STREET,EH29 9AA,4349
312371.7129,674584.6909,grocer,Food Stop,Class 1,Class 1, , , , ,4350
312406.7018,674577.193399999,chemist,W.C. Jones,Class 1,Class 1, , , , ,4351
312469.4211,674558.596999999,post office,Kirkliston Post Office,Vacant,Class 1,Class 1,Class 1,66 MAIN STREET,EH29 9AB,4352
312534.9993,674553.772299999,public house,Newliston Arms Hotel,SUI GENERIS,SUI GENERIS, , , , ,4353
313888.322,670722.3452,residential, ,Class 1,Class 9, , , , ,4354
313859.7544,670709.081900001,grocer & post office,Ratho Post Office,Class 1,Class 1,Class 9, , , ,4355
313805.9591,670682.1228,grocer,Ian Jamieson,Class 1,Class 1,Class 1,Class 1,77 MAIN STREET,EH28 8RT,4356
313677.8772,670629.081900001,public house,Hollybush Inn,SUI GENERIS,SUI GENERIS,SUI GENERIS,Class 9, , ,4357
313894,670747,residential, ,Class 1,Class 9, , , , ,4358
326893.602,675723.801000001,domestic appliance sales & service,Leith Domestic Appliances,Class 1,Class 1,Class 1,Class 1,4 MANDERSTON STREET,EH6 8LY,4359
319879.5561,672798.3572,vacant, ,Class 1,Vacant, , , , ,4360
319832,672883,frozen food,Iceland,Class 1,Class 1,Class 1,Class 1,10 MANSE ROAD,EH12 7SN,4361
319879.9872,672746.721899999,hot food take-away (Chinese),Magic Wok,SUI GENERIS,SUI GENERIS,SUI GENERIS,SUI GENERIS,60 MANSE ROAD,EH12 7SS,4362
325706.1159,674681.429,office,Bassoe Offshore,Vacant,Class 4, ,Class 2,1-3 MANSFIELD PLACE,EH3 6NB,4363
325704.8173,674687.597100001,office,Bassoe Offshore,Vacant,Class 4, , , , ,4364
325690.2203,674731.0,credit retrieval services,Thomas Hannah,Class 2,Class 4,Class 4,Class 2,9 MANSFIELD PLACE,EH3 6NB,4365
316500.3728,665421.7456,restaurant,Whinrig,Class 3,Class 3, , , , ,4366
325460.3702,672469.5769,furrier (retail),Arnold Seftor,Class 1,Class 1,Class 1,Class 2,1-1A MARCHMONT CRESCENT,EH9 1HN,4367
325549.3653,672301.632200001,pictures & picture framing,Hutton Art,Class 1,Class 1,Class 1,Class 1,25 MARCHMONT CRESCENT,EH9 1HQ,4368
325550.786,672297.370200001,electrical engineers,Chris Hutton,Vacant,Class 4,Class 1,Class 1,27 MARCHMONT CRESCENT,EH9 1HQ,4369
325551.7331,672292.6347,vacant, ,Class 1,Vacant,Class 1,Class 1,29 MARCHMONT CRESCENT,EH9 1HQ,4370
325580.0025,672302.156199999,public house,Earl of Marchmont,SUI GENERIS,SUI GENERIS,SUI GENERIS,SUI GENERIS,22 MARCHMONT CRESCENT,EH9 1HG,4371
325580.0025,672295.5264,jeweller,Andrew Strathie Jewellery Workshop,Class 4,Class 1,Vacant,Class 3,24 MARCHMONT CRESCENT,EH9 1HG,4372
325580.476,672288.8967,vacant, ,Class 1,Vacant,Class 1,Class 1,28-30 MARCHMONT CRESCENT,EH9 1HG,4373
325507.3964,672118.657099999,videotape hire,Global Video,Class 1,Class 1,Vacant,Class 1,92 MARCHMONT CRESCENT,EH9 1HD,4374
325505.5857,672116.544600001,videotape hire,Global Video,Class 1,Class 1, , , , ,4375
325503.1714,672112.319599999,cafe,The In Filling Coffee Shop,Class 1,Class 3, , , , ,4376
325502.8697,672109.905400001,butcher,Michael Field,Class 1,Class 1,Class 1,Class 1,100 MARCHMONT CRESCENT,EH9 1HD,4377
325502.8697,672107.4911,fishmonger,Helen's Place,Class 1,Class 1,Class 1,Class 1,102 MARCHMONT CRESCENT,EH9 1HD,4378
325503.1714,672104.775,property managers,Edinburgh Property Management,Class 1,Class 4,Class 2,Class 1,104 MARCHMONT CRESCENT,EH9 1HD,4379
325460.8438,672464.8413,veterinary surgery,Almond Veterinary Centre,Class 4,Class 2,Class 1,Class 1,3 MARCHMONT ROAD,EH9 1HY,4380
325461.3173,672460.579299999,financial services,Shepherds Friendly Society,Class 4,Class 2,Class 4,Vacant,5 MARCHMONT ROAD,EH9 1HY,4381
325462.2644,672455.420700001,hairdresser,Alvas,Class 1,Class 1,Class 4,Vacant,7 MARCHMONT ROAD,EH9 1HY,4382
325462.738,672450.6851,vacant, ,Class 4,Vacant, , , , ,4383
325471.7909,672364.4736,hot food take-away,Ravi Shankar,Class 1,SUI GENERIS,SUI GENERIS,SUI GENERIS,27A MARCHMONT ROAD,EH9 1HY,4384
325472.2644,672360.6851,optician,LB Optician,Class 1,Class 1,Class 1,Class 1,27B MARCHMONT ROAD,EH9 1HY,4385
325472.738,672356.8967,florist,Jan Marie,Class 1,Class 1,Class 2,Class 2,27C MARCHMONT ROAD,EH9 1HY,4386
325476.5289,672322.418199999,kitchen furniture & fittings,Kitchen Plus,Class 1,Class 1, , , , ,4387
325477.9496,672311.0529,kitchen furniture & fittings,Kitchen Plus,Class 1,Class 1, , , , ,4388
325478.8967,672304.8967,t.v. aerial contractors,A.J.'s TV & Aerial Service,Class 1,Class 4, , , , ,4389
325514.2661,671976.7929,vacant, ,Class 1,Vacant,Class 4,Class 1,123 MARCHMONT ROAD,EH9 1HA,4390
325514.5679,671972.5679,watchmaker,J.C. Wilkie,Vacant,Class 4,Class 2,Class 2, , ,4391
325438.7884,672376.0,videotape hire,Video Rentals,Class 4,Class 1,Class 1,Class 1,22 MARCHMONT ROAD,EH9 1HZ,4392
325440.0529,672368.891799999,hot food take-away,K2,Class 1,SUI GENERIS,SUI GENERIS,SUI GENERIS,24 MARCHMONT ROAD,EH9 1HZ,4393
325440.5264,672363.682700001,chemist,Leslie Kong,Class 1,Class 1,Class 1,Class 1,26 MARCHMONT ROAD,EH9 1HZ,4394
325441.0,672358.4736,n/t/c,H. Shaw,Class 1,Class 1,Class 2,Class 4,30 MARCHMONT ROAD,EH9 1HZ,4395
325445.6827,672324.997500001,plumbers,John Hainey,Class 4,Class 4,Vacant,Class 4,32/38 MARCHMONT ROAD,EH9 1HX,4396
325445.6827,672319.7884,glass restoration / repair,Beazer Glass Restoration,Class 1,Class 4,Class 4,Class 4,36 MARCHMONT ROAD,EH9 1HX,4397
325445.6827,672314.579299999,camera repairs,Capital Camera Repairs,Class 2,Class 1,Class 4,Class 4,32/38 MARCHMONT ROAD,EH9 1HX,4398
326023.8906,675202.1314,furniture,Martin & Frost, ,Class 1,Class 1,Demolished, , ,4399
327060.5163,674408.4641,beauty salon,Faces,Class 1,Class 1,Class 1,Class 1,78 MONTROSE TERRACE,EH7 5DP,4400
327065.582,674409.5557,launderette,Warrender Launderettes Ltd.,Class 1,Class 1,Class 1,Class 1,80 MONTROSE TERRACE,EH7 5DP,4401
326253.1688,674666.402000001,grocer,Keen Cost,Class 1,Class 1,Vacant,Vacant,1 MONTGOMERY STREET,EH7 5JU,4402
326260.9357,674666.908500001,hot food take-away,Montgomery Fish Bar,SUI GENERIS,SUI GENERIS,SUI GENERIS,SUI GENERIS,3-7 MONTGOMERY STREET,EH7 5JU,4403
326502.373,674690.953400001,grocer & n/t/c,The Dairy - General Store,Class 1,Class 1,Class 1,Class 3,89-91 MONTGOMERY STREET,EH7 5HZ,4404
326633.1865,674673.766899999,accountants,Norman Gregg & Co.,Class 1,Class 2,Class 2,Class 2,119 MONTGOMERY STREET,EH7 5EX,4405
326244.3115,674634.052300001,hairdresser,Larry's,Class 1,Class 1,Class 1,Class 1,10 MONTGOMERY STREET,EH7 5JS,4406
326249.8834,674634.727700001,travel agent,Sphere Travel,Class 1,Class 1,Class 1,Class 1,12A MONTGOMERY STREET,EH7 5JS,4407
326256.2996,674635.065400001,hairdresser,Strings,Class 1,Class 1,Class 1,Class 1,12B MONTGOMERY STREET,EH7 5JS,4408
326528.5129,674662.233100001,residential, ,Class 1,Class 9, , , , ,4409
326534.1399,674662.7564,printers & stationers,Inprint,Class 1,Class 4, , , , ,4410
324503.0966,672100.8192,bank,Royal Bank of Scotland,Class 1,Class 2, , , , ,4411
324457.5572,672167.0108,vacant, ,Class 4,Vacant, , , , ,4412
324455.2894,672170.185699999,vacant, ,UNKNOWN USE,Vacant, , , , ,4413
324453.4751,672172.907099999,vacant, ,Vacant,Vacant, , , , ,4414
324451.6608,672175.6285,vacant, ,Vacant,Vacant, , , , ,4415
326920.4255,674363.5745,public house,Terrace Inn,SUI GENERIS,SUI GENERIS,SUI GENERIS,SUI GENERIS,1-7 MONTROSE TERRACE,EH7 5DJ,4416
326991.4967,674414.353,office,Body Positive (Lothian),Class 1,Class 2,Vacant,Vacant,37-39 MONTROSE TERRACE,EH7 5DJ,4417
327000.7386,674418.411699999,vacant, ,Vacant,Vacant,Class 4,Vacant,41 MONTROSE TERRACE,EH7 5DJ,4418
327004.8367,674419.7777,dental clinic,Edinburgh Denture Clinic,Vacant,Class 2,Class 2,Class 2, , ,4419
327009.0589,674421.1438,financial services,Mortgage Direct Scotland,Class 2,Class 2,Vacant,Class 4,49-51 MONTROSE TERRACE,EH7 5DJ,4420
327039.9937,674429.875800001,"fishing tackle, guns",Field & Stream,Class 1,Class 1,Class 1,Class 1,61 MONTROSE TERRACE,EH7 5DJ,4421
326921.0587,674322.098099999,public house,Regent,SUI GENERIS,SUI GENERIS,SUI GENERIS,SUI GENERIS,2-4 MONTROSE TERRACE,EH7 5DL,4422
326929.3921,674334.8628,electrical goods,Edinburgh Microwave,Class 2,Class 1,Class 4,Class 4,6-8 MONTROSE TERRACE,EH7 5DL,4423
326931.5163,674337.3595,n/t/c,Holyrood Wines,Class 1,Class 1,Vacant,Class 4,10 MONTROSE TERRACE,EH7 5DL,4424
326933.7712,674340.235300001,vacant, ,Vacant,Vacant,Class 4,Class 4,12 MONTROSE TERRACE,EH7 5DL,4425
326938.6862,674346.3726,vacant, ,Class 2,Vacant,Vacant,Class 1,16 MONTROSE TERRACE,EH7 5DL,4426
326940.9215,674348.732100001,vacant, ,Class 1,Vacant,Class 1,Class 1,18 MONTROSE TERRACE,EH7 5DL,4427
326943.0326,674351.3399,hairdresser,Essentials,Class 1,Class 1,Class 1,Class 1,22 MONTROSE TERRACE,EH7 5DL,4428
326953.5489,674361.8562,vacant, ,Vacant,Vacant,Vacant,Vacant, , ,4429
326956.1568,674364.091600001,vacant, ,Class 2,Vacant,Class 1,Class 1,30 MONTROSE TERRACE,EH7 5DL,4430
326958.7647,674366.451099999,scuba diving equipment,Blue Dolphin,Class 2,Class 1,Class 2,Class 1,32 MONTROSE TERRACE,EH7 5DL,4431
326964.7843,674371.3399,carpets,n/a,Class 2,Class 1,Class 1,Class 1,34-36 MONTROSE TERRACE,EH7 5DL,4432
326969.3791,674374.6929,computers,Clear Connections,Class 2,Class 1, , , , ,4433
326971.1177,674375.934800001,computers,Clear Connections,Class 2,Class 1, , , , ,4434
325464.8643,672144.225,hairdresser,The Edge,Class 1,Class 1,Class 1,Class 1,94 MARCHMONT ROAD,EH9 1HR,4435
325465.4678,672140.3018,hot food take-away,Marchmont Fish & Chips,SUI GENERIS,SUI GENERIS,SUI GENERIS,SUI GENERIS,98 MARCHMONT ROAD,EH9 1HR,4436
325465.7696,672135.775,antiques,J. Belford,Class 1,Class 1,Vacant,Vacant,100 MARCHMONT ROAD,EH9 1HR,4437
325470.0357,672101.657099999,grocer,Margiotta,Vacant,Class 1, , , , ,4438
325470.9411,672095.0178,vacant, ,Vacant,Vacant, , , , ,4439
325471.2428,672092.0,grocer,Margiotta,Class 1,Class 1,Class 3,Class 3,108-110 MARCHMONT ROAD,EH9 1BG,4440
325479.5857,672008.4143,grocer,Alldays,Class 1,Class 1, , , , ,4441
326001.785,673178.492699999,charity office,Age Concern,Class 1,Class 4,Class 2,Class 1,35 MARSHALL STREET,EH8 9BJ,4442
326004.7201,673154.1713,vacant, ,Class 2,Vacant,Class 1,SUI GENERIS,20 MARSHALL STREET,EH8 9BU,4443
324259.7889,674682.225099999,restaurant,San Marco,Class 3,Class 3, , , , ,4444
325994.3748,670986.1874,n/t/c,D.A. Montgomery,Class 1,Class 1,Vacant,Class 2,1 MAURICE PLACE,EH9 3EP,4445
324519.6573,671043.059,public house,Bennet's Bar,SUI GENERIS,SUI GENERIS,SUI GENERIS,SUI GENERIS,1A MAXWELL STREET,EH10 5HT,4446
318673,674826,"garden centre, shop & restaurant",Rouken Glen,Class 1,Class 1, , , , ,4447
318048.119,672811.192600001,public house,Maybury,SUI GENERIS,SUI GENERIS, , , , ,4448
326873.5648,671539.296700001,security systems,Castle Security Alarms,Class 2,Class 4,Class 4,Class 4,34 MAYFIELD GARDENS,EH9 2BY,4449
326876.8011,671534.625299999,n/t/c,Newington Newsagents,Class 1,Class 1,Class 2,Class 2,36 MAYFIELD GARDENS,EH9 2BY,4450
326878.4956,671531.236300001,vacant,formerly Elle ladies clothing,Class 1,Vacant,SUI GENERIS,SUI GENERIS,38 MAYFIELD GARDENS,EH9 2BY,4451
326879.4121,671528.0,ticket sales,Edinburgh People's Theatre,Class 1,Class 1,Class 2,Class 2, , ,4452
326614.0231,671470.129699999,bank,Bank of Scotland,Class 2,Class 2,Class 2,Vacant,55 MAYFIELD ROAD,EH9 3AA,4453
326618.4582,671454.5879,chemist,H. Horsburgh,Class 1,Class 1, , , , ,4454
326619.8934,671450.0231,chemist,H. Horsburgh,Class 1,Class 1, , , , ,4455
326615.9626,671463.870300001,n/t/c & post office,no name,Class 1,Class 1,Class 1,Class 1,59 MAYFIELD ROAD,EH9 3AA,4456
326621.4582,671447.4352,architects,Mayfield Building Design Services,Class 1,Class 4,Class 4,Vacant,59A MAYFIELD ROAD,EH9 3AA,4457
326617.7637,671458.870300001,hot food take-away,Pacific Fish & Chips,Class 1,SUI GENERIS,SUI GENERIS,SUI GENERIS,61 MAYFIELD ROAD,EH9 3AA,4458
326630.4726,671445.5967,"printing, photocopying",Print Copy Design,Class 1,Class 4,Vacant,Vacant,61A MAYFIELD ROAD,EH9 3AA,4459
326627,671435,greengrocer,Mayfield Fruit Market,Class 1,Class 1,Class 1,Class 1,65 MAYFIELD ROAD,EH9 3AA,4460
326630,671429,hot food take-away (Chinese),Mayfield Village,Class 1,SUI GENERIS,SUI GENERIS,SUI GENERIS,67 MAYFIELD ROAD,EH9 3AA,4461
326632,671425,baker,Crawfords,Class 1,Class 1,Class 1,Class 1,69(01) MAYFIELD ROAD,EH9 3AA,4462
326632,671425,demolished, ,Class 1,Demolished,Vacant,Vacant,69A(1) MAYFIELD ROAD,EH9 3AA,4463
326632,671425,building contractors,Ian McLaren Building Maintenance Ltd.,Class 4,Class 4,Class 4,Class 4,69C MAYFIELD ROAD,EH9 3AA,4464
326637.1527,671348.5792,n/t/c,J.C. Roy,Class 1,Class 1, , , , ,4465
326639.4121,671342.648399999,n/t/c,J.C. Roy,Class 1,Class 1, , , , ,4466
326641.1066,671338.694499999,hairdresser,Elspeth's,Class 1,Class 1,Class 1,Class 1,92 MAYFIELD ROAD,EH9 3AF,4467
326642.8011,671334.740700001,upholsterer,Connor,Class 1,Class 4,Vacant,Class 3,94 MAYFIELD ROAD,EH9 3AF,4468
325480.4911,672000.5679,grocer,Alldays,Class 1,Class 1, , , , ,4469
325480.7929,671996.6447,post office,Strathearn Road Post Office,Class 1,Class 1,Class 1,Class 1,132 MARCHMONT ROAD,EH9 1AQ,4470
325481.0946,671993.0233,solicitors & estate agents,Allingham & Co.,Class 2,Class 2,Class 4,Class 2,134 MARCHMONT ROAD,EH9 1AQ,4471
325481.7518,671987.828600001,videotape hire,Fast Forward,Class 1,Class 1,Class 1,Class 1,136 MARCHMONT ROAD,EH9 1AQ,4472
325482.0535,671983.905400001,greengrocer,D. Fraser McLeod,Class 1,Class 1,Class 1,Class 1,138 MARCHMONT ROAD,EH9 1AQ,4473
325482.3553,671980.2839,chemist,William King & Co.,Class 1,Class 1,Class 1,Class 1,142 MARCHMONT ROAD,EH9 1AQ,4474
325482.9404,671973.8257,bank,Bank of Scotland,Class 2,Class 2,Class 2,Class 2,144 MARCHMONT ROAD,EH9 1AQ,4475
328234.6094,674505.931700001,residential, ,Class 1,Class 9, , , , ,4476
327529.8362,674428.6173,vacant, ,UNKNOWN USE,Vacant,Vacant,Class 4,15 MARIONVILLE ROAD,EH7 5TY,4477
327534.2005,674429.0537,hot food take-away,Georges Fish & Chicken Bar,SUI GENERIS,SUI GENERIS,SUI GENERIS,SUI GENERIS,19 MARIONVILLE ROAD,EH7 5TY,4478
327555.5269,674432.580600001,public house,Hop Step & Jump,SUI GENERIS,SUI GENERIS,SUI GENERIS,SUI GENERIS,21-23 MARIONVILLE ROAD,EH7 5UD,4479
327569.7274,674433.8178,personal loans,Maple Personal Loans,Class 2,Class 2, , , , ,4480
327578.8178,674434.7444,vacant, ,Vacant,Vacant, , , , ,4481
327583.1822,674435.471799999,n/t/c,Marionville Newsagent,Class 1,Class 1,Class 1,Class 1,31 MARIONVILLE ROAD,EH7 5UD,4482
327594.3277,674436.5452,public house,Marionville Bar,SUI GENERIS,SUI GENERIS,SUI GENERIS,Vacant,33-35 MARIONVILLE ROAD,EH7 5UD,4483
327618.3997,674438.653999999,waste disposal office,Dirty Work Clearances,Class 1,Class 4,Class 4,Class 4,37 MARIONVILLE ROAD,EH7 6AG,4484
327799.4263,674549.808800001,supermarket,Kwik Save (incl. Curries butcher), ,Class 1,Vacant,Vacant,69 MARIONVILLE ROAD,EH7 6AH,4485
327553.2175,674406.9463,hairdresser,Anne Greene - The Hair-Du,Class 1,Class 1,Vacant,Class 9, , ,4486
327557.4364,674407.528200001,grocer & videotape hire,Stadium Mini-Market,Class 1,Class 1,Vacant,Class 9, , ,4487
327598.5085,674412.091800001,"joiners, staircase manuf.",Ideal Stairs,Class 2,Class 4,Class 1,Class 9, , ,4488
327602.291,674412.528200001,dental laboratory,David Sharp,Class 2,Class 2,Vacant,Class 9, , ,4489
327605.7825,674413.110099999,curtains,Curtain Boutique,Class 1,Class 1,Class 1,Class 1,46 MARIONVILLE ROAD,EH7 5UB,4490
322116.0,674492.9318,insurance brokers,E.H. Ranson & Co.,Class 1,Class 2,Class 2,Class 2,5 MARISCHAL PLACE,EH4 3NE,4491
322107.7522,674500.324899999,videotape hire,Blackhall Video,Vacant,Class 1,Class 1,Class 1,7 MARISCHAL PLACE,EH4 3NE,4492
322082.7522,674517.9155,post office,Blackhall Post Office,Class 2,Class 1,Class 1,Class 1,11 MARISCHAL PLACE,EH4 3NF,4493
322071.3501,674519.095100001,bicycles,Blackhall Cycles,Class 4,Class 1,Class 1,Class 1,15 MARISCHAL PLACE,EH4 3NF,4494
322097.2998,674508.086100001,n/t/c,A. Jones,Class 1,Class 1,Class 1,Class 9, , ,4495
322086.684,674515.1633,photographic studio,Steven Parry,Class 2,Class 2,Class 1,Class 1,10 MARISCHAL PLACE,EH4 3NF,4496
322079.2136,674520.6678,plumbers,Mains,Class 1,Class 4,Class 4,Class 4,12 MARISCHAL PLACE,EH4 3NF,4497
322075.2819,674523.42,fishmonger,G. & S. Roberts,Class 1,Class 1,Class 3,Class 3,14 MARISCHAL PLACE,EH4 3NF,4498
322067.4183,674514.770099999,restaurant (Indian),Jaipur of India,Class 1,Class 3,SUI GENERIS,SUI GENERIS,16 MARISCHAL PLACE,EH4 3NF,4499
327144.2131,676294.6852,vacant, ,Class 4,Vacant,Class 1,SUI GENERIS,2 MARITIME STREET,EH6 6SB,4500
325848.7391,673759.2777,restaurant,City Art Centre Café,Class 3,Class 3,Class 3,Class 3,1 MARKET STREET,EH1 1DE,4501
325759.0,673738.3683,public house,Doric Bar,SUI GENERIS,SUI GENERIS,SUI GENERIS,SUI GENERIS,14-16 MARKET STREET,EH1 1DE,4502
325742.9038,673734.011399999,public house,Hebrides Bar,SUI GENERIS,SUI GENERIS,SUI GENERIS,SUI GENERIS,17 MARKET STREET,EH1 1DE,4503
325977.2464,673169.077299999,china & glass,Dutch House,Class 1,Class 1,Vacant,Class 3,27-29 MARSHALL STREET,EH8 9BJ,4504
325991.1691,673173.661800001,hairdresser,Graham Anthony Hairdressing,Class 1,Class 1,Class 1,Class 1,31 MARSHALL STREET,EH8 9BJ,4505
325480.1611,672493.420700001,vacant, ,Vacant,Vacant,UNKNOWN USE,Class 9, , ,4506
319338.26,672781.907500001,golfing equipment,American Golf Discount Centre,SUI GENERIS,Class 1,Class 1,Class 1,16 MEADOW PLACE ROAD,EH12 7UQ,4507
319343,672746,no trace, ,SUI GENERIS,UNKNOWN USE, , , , ,4508
327824.6194,674145.0,vacant, ,Vacant,Vacant,Vacant,Vacant,1 MEADOWBANK,EH8 8JE,4509
327964.3309,674169.955600001,tool hire,Speedy Hire Centre,Class 1,Class 1,Class 2,Class 2,1 MEADOWBANK AVENUE,EH8 7AP,4510
327952.6932,674178.0407,domestic appliance electrical repairs,Willowbrae Service Centre,Class 1,Class 1,Vacant,Class 1,4 MEADOWBANK AVENUE,EH8 7AP,4511
327949.9593,674177.397399999,residential, ,Vacant,Class 9, , , , ,4512
327983.5212,674184.488,public house,Golden Gates,SUI GENERIS,SUI GENERIS,SUI GENERIS,Vacant,1 MEADOWBANK PLACE,EH8 7AW,4513
327990.1146,674185.292099999,financial services,The Mortgage Bureau,Class 1,Class 2,Class 2,Vacant, , ,4514
327994.6174,674184.9704,clothing alterations,Tailor Made for Style,Vacant,Class 1,Class 1,Class 1,5 MEADOWBANK PLACE,EH8 7AW,4515
327999.6026,674184.809599999,n/t/c,Zamir Newsagents,Class 1,Class 1,Class 1,Class 1,9 MEADOWBANK PLACE,EH8 7AW,4516
328003.9445,674184.648800001,domestic appliance electrical repairs,Conley Electrical,Class 1,Class 1,Class 1,Class 1,4 MEADOWBANK PLACE,EH8 7AW,4517
328008.9298,674184.1664,clothing,Barbour Shop,Vacant,Class 1,Vacant,Vacant, , ,4518
328013.4325,674183.844699999,hot food take-away,Loonwah,SUI GENERIS,SUI GENERIS,SUI GENERIS,SUI GENERIS,8 MEADOWBANK PLACE,EH8 7AW,4519
327961.6987,674180.292099999,hairdresser,Margaret Wood / Hair with Flare by Alex,Class 1,Class 1,Class 1,Class 1,1 MEADOWBANK TERRACE,EH8 7AR,4520
327958.6433,674179.648800001,vacant, ,Class 1,Vacant, , , , ,4521
327955.5878,674178.844699999,n/t/c,Meadowbank Newsagents (A. & H. Mills),Class 1,Class 1, , , , ,4522
327839.8867,674129.096899999,residential, ,Class 4,Class 9, , , , ,4523
327833.0043,674118.874600001,photographic laboratory,Pyramid Photographics,Vacant,Class 4,Vacant,Class 9, , ,4524
325696.1997,674963.466499999,property managers,Montpelier Property Management,Class 1,Class 4,Class 2,Class 2,2 MELGUND TERRACE,EH7 4BU,4525
324468.0767,673791.2347,wine merchant,Landalow,Class 1,Class 1,Class 2,Class 2,1-2 MELVILLE PLACE,EH3 7PR,4526
324463.9797,673795.7042,public house,The Ainslie,SUI GENERIS,SUI GENERIS,SUI GENERIS,SUI GENERIS,3 MELVILLE PLACE,EH3 7PR,4527
324458.3928,673799.4288,wine merchant,Thresher,Class 1,Class 1,Class 1,Class 1,5-6 MELVILLE PLACE,EH3 7PR,4528
324452.781,673802.372500001,n/t/c,West End Newsagent,Class 1,Class 1, , , , ,4529
324448.3115,673805.3521,food take-away,Khurram,Class 1,Class 1, , , , ,4530
324445.3318,673806.842,restaurant,Acropolis,Class 3,Class 3,Vacant,Vacant,10 MELVILLE PLACE,EH3 7PR,4531
324442.7246,673808.331800001,charity shop,Save the Children,Class 1,Class 1,Class 1,Class 1,12 MELVILLE PLACE,EH3 7PR,4532
324440.1174,673809.821599999,hairdresser,Lloyds,Class 1,Class 1,Class 1,Class 1,13 MELVILLE PLACE,EH3 7PR,4533
324437.5102,673811.3115,public house,Scruffy Murphy's,SUI GENERIS,SUI GENERIS,SUI GENERIS,SUI GENERIS,13A-14 MELVILLE PLACE,EH3 7PR,4534
324452.0203,673727.5869,office,Aberforth Partners,Class 1,Class 4, , , , ,4535
326199.6298,672491.209100001,wine merchant,Victoria Wine,Class 1,Class 1,Class 1,Class 1,1-3 MELVILLE TERRACE,EH9 1ND,4536
326193.0,672489.7884,n/t/c,M.R. Mesbah,Class 1,Class 1,Class 4,Class 1,5 MELVILLE TERRACE,EH9 1ND,4537
326185.8967,672488.367799999,veterinary bookshop,Cairns Veterinary Books,Class 1,Class 1,Class 4,Class 1,6 MELVILLE TERRACE,EH9 1ND,4538
326176.4736,672478.8413,photographic studio,Photo Express,Class 2,Class 2,Class 2,Class 2,7 MELVILLE TERRACE,EH9 1ND,4539
325937.8942,672450.1033,delicatessen,Victor Hugo,Class 1,Class 1,Class 1,Class 1,26-27 MELVILLE TERRACE,EH9 1LP,4540
325931.2644,672450.1033,electricians,LP Electrical,Class 4,Class 4,Class 4,Class 4,29 MELVILLE TERRACE,EH9 1LP,4541
325924.1611,672449.629799999,builders,Moncrieff Roofing,Class 4,Class 4,Class 4,Class 2, , ,4542
325699.0385,673400.2267,restaurant,Berties,Class 3,Class 3,SUI GENERIS,SUI GENERIS,7 MERCHANT STREET,EH1 2QD,4543
325663,673366,restaurant,Merchants,Class 3,Class 3,Class 3,Class 3,17 MERCHANT STREET,EH1 2QD,4544
324142.6178,672250.7214,vacant, ,Class 1,Vacant, , , , ,4545
324140.3499,672253.896400001,hot food take-away,Roll Up Takeaway,SUI GENERIS,SUI GENERIS, , , , ,4546
324137.8964,672258.6285,pets & pet supplies,Creature Comforts,Class 1,Class 1, , , , ,4547
324135.6285,672262.7106,shoe repairs,no name,Class 1,Class 1,Class 1,Class 1,30 MERCHISTON AVENUE,EH10 4NZ,4548
324132.9071,672266.339199999,dry cleaner,Merchiston Dry Cleaners,Class 1,Class 1, , , , ,4549
324127.9179,672274.049799999,dry cleaner,Merchiston Dry Cleaners,Class 1,Class 1, , , , ,4550
324125.8964,672277.6285,pottery,Ceramics Workshop,Class 1,Class 1,Class 4,Class 4,38 MERCHISTON AVENUE,EH10 4NZ,4551
324123.6285,672281.257099999,postage stamps (philately),Tom Brown's Stamp Shop,Class 2,Class 1,Class 1,Class 1,40 MERCHISTON AVENUE,EH10 4NZ,4552
324120.9071,672285.339199999,greengrocer,Four Seasons,Class 1,Class 1,Class 4,Vacant,42 MERCHISTON AVENUE,EH10 4NZ,4553
324483.2247,672082.887599999,"post office, greeting cards",Bruntsfield Sub Post Office,Class 1,Class 1,Class 1,Class 1,1 MERCHISTON PLACE,EH10 4NP,4554
324478.7697,672080.4888,plumbers,W.F. Wightman,Class 4,Class 4,Class 4,Class 4,3 MERCHISTON PLACE,EH10 4NP,4555
323944.0929,672299.8358,hairdresser,Salon Dorcas,Class 1,Class 1,Class 1,Class 1,35 MERTOUN PLACE,EH11 1JX,4556
323941.3715,672304.3715,plumbers,A. McDonald,Class 4,Class 4, , , , ,4557
323921.2571,672292.0821,n/t/c,Iqbal,Class 1,Class 1, , , , ,4558
313026,678313,grocer,Drysdales,Class 1,Class 1,Class 3,Class 3,5 MID TERRACE,EH30 9LH,4559
313020.2406,678316.0075,residential, ,Class 1,Class 9, , , , ,4560
314776,672440,service station,Ingliston Filling Station,SUI GENERIS,SUI GENERIS,Class 1,Class 1,2 MIDDLE NORTON,EH28 8NH,4561
326506.3377,675079.8562,second-hand furniture,Homeworthy,Class 1,Class 1,Class 1,Class 1,6 MIDDLEFIELD,EH7 4PF,4562
326508.7015,675083.739600001,n/t/c,Middlefield Newsagents,Class 1,Class 1,Vacant,Vacant, , ,4563
326511.2342,675087.6231,pets & pet supplies,Aquarama,Class 1,Class 1, , , , ,4564
326607.4088,676364.0211,public house,Gladstone Bar, ,SUI GENERIS, , , , ,4565
326635.3246,676362.220000001,carpets,Central Carpets, ,Class 1,Class 1,Class 1,1A MILL LANE,EH6 6TJ,4566
324514.7978,671101.426999999,vacant, ,Vacant,Vacant,Class 1,Class 2,1 MILLAR CRESCENT,EH10 5HN,4567
324509.8287,671100.912900001,second-hand clothing (nearly new),Chic to Chic,Class 2,Class 1,Class 1,Class 1,3 MILLAR CRESCENT,EH10 5HN,4568
324504.0281,671100.426999999,firefighting equipment,Security Specialists,Class 2,Class 2,Class 2,Class 2,5 MILLAR CRESCENT,EH10 5HN,4569
324499.573,671100.0843,hairdresser,Grahame Fraser,Class 1,Class 1,Class 1,Class 1,7 MILLAR CRESCENT,EH10 5HN,4570
331270.0,672715.126800001,d.i.y. & garden centre,B & Q, ,Class 1, , , , ,4571
331296.5781,672683.8585,electrical goods,Comet, ,Class 1, , , , ,4572
332555.2442,673166.421499999,hot food take-away,Good Food,SUI GENERIS,SUI GENERIS,SUI GENERIS,SUI GENERIS,"303 MILTON ROAD, EAST",EH15 2LA,4573
330296.965,672854.4812,n/t/c & post office,Milton Road Post Office,Class 1,Class 1,Class 1,Class 1,"4-4A MILTON ROAD, WEST",EH15 1LF,4574
330288.7546,672852.9816,chemist,Heron Pharmacy,Class 1,Class 1,Class 1,Class 1,"6 MILTON ROAD, WEST",EH15 1LF,4575
330283.0,672851.6043,hot food take-away,Milton Takeaway,Class 1,SUI GENERIS,SUI GENERIS,SUI GENERIS,"6A MILTON ROAD, WEST",EH15 1LF,4576
330276.7546,672850.6043,furniture,Italian Connection,Class 1,Class 1,Class 1,Class 1,"8 MILTON ROAD, WEST",EH15 1LF,4577
330235.9284,672849.765900001,grocer & hairdresser,Milton Convenience Store / Teresa Briggs,Class 1,Class 1,Class 1,Class 1,"10 MILTON ROAD, WEST",EH15 1LE,4578
326714.8473,671827.671399999,interior design consultants,Abbey Interior Design,Vacant,Class 4,Class 2,Class 2,31 MINTO STREET,EH9 2BT,4579
326711.5879,671834.0,industrial supplies,Weldmate,Class 1,Class 2,Vacant,Class 1,31B MINTO STREET,EH9 2BT,4580
326708.9165,671839.250600001,n/t/c,M. Ali / Haroon Bros.,Class 1,Class 1,Class 1,Class 1,31C-31D MINTO STREET,EH9 2BT,4581
326704.8703,671847.259299999,dry cleaner,Sundial,Class 1,Class 1,Vacant,Class 1,31E MINTO STREET,EH9 2BT,4582
326699.8791,671854.5012,furniture,Omni Cane Furniture,Class 1,Class 1,Class 1,Class 1,31F-31G MINTO STREET,EH9 2BT,4583
326677.3659,671879.4352,bank,Bank of Scotland,Class 2,Class 2, , , , ,4584
326502.2464,672194.8309,bank,Royal Bank of Scotland,Class 2,Class 2,Class 2,Class 2,52 MINTO STREET,EH9 2BR,4585
327419.0046,676263.522500001,public house,Bowlers Arms,SUI GENERIS,SUI GENERIS,SUI GENERIS,SUI GENERIS,24 MITCHELL STREET,EH6 7BD,4586
322779.9155,671653.0845,public house,Moat Bar,SUI GENERIS,SUI GENERIS,SUI GENERIS,SUI GENERIS,1-2 MOAT PLACE,EH14 1NY,4587
322761.3732,671626.0,grocer,Moat Dairy,Class 1,Class 1, , , , ,4588
322756.4577,671619.855599999,n/t/c,Ahmed Newsagents,Class 1,Class 1, , , , ,4589
324667.2491,676005.3068,cafe,Muffins,Class 3,Class 3,Class 3,Class 3,1 MONTAGU TERRACE,EH3 5QX,4590
324661.7113,676001.8989,charity shop,Marie Curie Cancer Care,Class 1,Class 1,Class 1,Class 1,2 MONTAGU TERRACE,EH3 5QX,4591
324663.4152,675993.166099999,"greeting cards, stationery",Deveron Cards & Crafts,Class 1,Class 1,Class 1,Class 1,3 MONTAGU TERRACE,EH3 5QX,4592
324666.9531,675986.527100001,bank,Bank of Scotland,Class 2,Class 2,Class 2,Class 2,5-6 MONTAGU TERRACE,EH3 5QX,4593
324671.9062,675978.472899999,chemist,Vantage,Class 1,Class 1,Class 1,Class 1,6A MONTAGU TERRACE,EH3 5QX,4594
324674.8881,675972.509,vacant, ,Class 1,Vacant,Class 3,SUI GENERIS,8 MONTAGU TERRACE,EH3 5QX,4595
324678.296,675966.758199999,baker,Crawfords,Class 1,Class 1,Class 1,Class 1,8A MONTAGU TERRACE,EH3 5QX,4596
324691.9712,675940.0469,food take-away,Well Bread Sandwich,Class 1,Class 1,Class 1,Class 3,12 MONTAGU TERRACE,EH3 5QX,4597
324693.8881,675936.213,grocer,Choosa Cheese,Class 1,Class 1,Class 1,Class 3,12A MONTAGU TERRACE,EH3 5QX,4598
324696.0181,675932.3791,reconditioned domestic appliances,Ace Domestic Appliances,Class 1,Class 1,Class 1,Class 1,13 MONTAGU TERRACE,EH3 5QX,4599
324698.361,675927.4802,florist,Elliott Clark,Class 1,Class 1,Class 1,Class 1,14 MONTAGU TERRACE,EH3 5QX,4600
324709.3322,675906.0469,solicitors & estate agents,Burnett,Class 2,Class 2,Class 2,Class 1,15 MONTAGU TERRACE,EH3 5QR,4601
324711.6751,675901.361,hairdresser,Craig Davidson,Class 1,Class 1,Class 1,Class 1,17 MONTAGU TERRACE,EH3 5QR,4602
324714.2311,675897.1011,dry cleaner,Whites of Liberton,Class 1,Class 1,Class 1,Class 1,18 MONTAGU TERRACE,EH3 5QR,4603
324716.6932,675891.6028,grocer,A & A Foodstore,Class 1,Class 1,Class 1,Class 1,19 MONTAGU TERRACE,EH3 5QR,4604
324718.8232,675887.129899999,stationery & post office,The Kard Box,Class 1,Class 1,Class 1,Vacant,20 MONTAGU TERRACE,EH3 5QR,4605
324720.7401,675883.083000001,wine merchant,Oddbins,Class 1,Class 1,Class 1,Class 1,22 MONTAGU TERRACE,EH3 5QR,4606
324723.083,675878.3972,hot food take-away,King Fryers Chip Shop,SUI GENERIS,SUI GENERIS,SUI GENERIS,SUI GENERIS,23 MONTAGU TERRACE,EH3 5QR,4607
324726.4802,675871.472899999,vacant, ,Class 2,Vacant,Vacant,Class 1,24 MONTAGU TERRACE,EH3 5QR,4608
324729.0362,675866.573999999,jeweller,Bert Maguire,Class 1,Class 1,Class 1,Vacant,25 MONTAGU TERRACE,EH3 5QR,4609
324731.3791,675862.1011,fishmonger,J. Brown,Class 1,Class 1,Class 1,Class 1,26 MONTAGU TERRACE,EH3 5QR,4610
324733.509,675858.4802,knitting wool,Miami Wools,Class 2,Class 1,Class 1,Class 1,27 MONTAGU TERRACE,EH3 5QR,4611
326424.4614,672771.7391,comics,Double Zero Comics,Vacant,Class 1,UNKNOWN USE,Class 9, , ,4612
326429.5386,672774.231799999,political office,Scottish Nationalist Party,Class 4,Class 2,Class 2,Class 2,55 MONTAGUE STREET,EH8 9QS,4613
326528.9068,674747.953400001,residential, ,Vacant,Class 9, , , , ,4614
326976.915,674379.4837,vacant, ,Class 2,Vacant, , , , ,4615
326982.3791,674382.8367,hot food take-away,Tricia's,Class 2,SUI GENERIS, , , , ,4616
326985.3595,674384.6994,glaziers,Abbeyglass,Class 4,Class 4,Class 4,Class 4,50 MONTROSE TERRACE,EH7 5DL,4617
326997.0916,674390.451099999,tattoo studio,Venus Flytrap,Vacant,Class 2,Class 2,Class 4,52 MONTROSE TERRACE,EH7 5DL,4618
324543.6882,671225.0253,vacant, ,Class 2,Vacant,Class 1,Class 1,213 MORNINGSIDE ROAD,EH10 4QT,4619
324544.2022,671219.713500001,hairdresser,Tim Galloway,Class 1,Class 1,Class 1,Class 1,215 MORNINGSIDE ROAD,EH10 4QT,4620
324545.1742,671212.8287,jeweller,James Walker,Class 1,Class 1,Class 1,Class 1,217 MORNINGSIDE ROAD,EH10 4QT,4621
324545.6882,671207.688200001,vacant, ,Class 1,Vacant,Class 3,Class 3,219 MORNINGSIDE ROAD,EH10 4QT,4622
324545.8595,671203.4045,plants,Cornflower Blue,Class 1,Class 1,Class 1,Class 1,223 MORNINGSIDE ROAD,EH10 4QT,4623
324546.2022,671199.292099999,betting shop,William Hill,Class 2,Class 2,Class 2,Vacant,225 MORNINGSIDE ROAD,EH10 4QT,4624
324546.7444,671194.426999999,shoe repairs,Mister Minit,Class 1,Class 1,Class 1,Class 1,227 MORNINGSIDE ROAD,EH10 4QT,4625
324547.2584,671189.6292,photographic goods & processing,Photoshop / Film Services Scotland,Class 1,Class 1,Class 1,Class 1,229 MORNINGSIDE ROAD,EH10 4QT,4626
324547.2584,671185.3455,charity  shop,The Hospice Shop,Class 1,Class 1,Class 1,Class 1,233 MORNINGSIDE ROAD,EH10 4QT,4627
324547.4298,671181.061799999,wine merchant,Threshers Wine Shop,Class 1,Class 1,Class 1,Vacant,235 MORNINGSIDE ROAD,EH10 4QT,4628
324549.7669,671162.5449,public house,Canny Man's,SUI GENERIS,SUI GENERIS,SUI GENERIS,SUI GENERIS,237 MORNINGSIDE ROAD,EH10 4QU,4629
324548.5168,671152.0,hot food take-away,Fernando,SUI GENERIS,SUI GENERIS,SUI GENERIS,SUI GENERIS,241 MORNINGSIDE ROAD,EH10 4QU,4630
324548.8595,671148.059,grocer,Shabbir Foodstore,Class 1,Class 1,Class 1,Class 1,241A MORNINGSIDE ROAD,EH10 4QU,4631
324549.2022,671142.747199999,stationery,Stationery Express,Class 1,Class 1, , , , ,4632
324549.4888,671135.3989,n/t/c,Hutson,Class 1,Class 1, , , , ,4633
324550.0028,671129.401699999,optician,A.I. Rifkind,Class 1,Class 1, , , , ,4634
324550.3455,671125.803400001,clothing,Graham McGrath,Class 1,Class 1,Class 1,Class 1,251 MORNINGSIDE ROAD,EH10 4QU,4635
324550.1461,671109.713500001,photographic goods & processing,SupaSnaps,Class 1,Class 1,Class 1,Class 1,253 MORNINGSIDE ROAD,EH10 4RD,4636
324550.4888,671105.9438,health foods,Good Food,Class 1,Class 1,Class 1,Class 1,255 MORNINGSIDE ROAD,EH10 4RD,4637
324551.1152,671101.342700001,photo processing,Images,Class 4,Class 1,Class 1,Class 1,257 MORNINGSIDE ROAD,EH10 4RD,4638
324551.4579,671097.486,jeweller,Angles,Class 1,Class 1,Class 1,Class 1,259 MORNINGSIDE ROAD,EH10 4RD,4639
324551.8006,671093.657299999,photo processing,Pace Print,Class 1,Class 1,Class 1,Class 1,261 MORNINGSIDE ROAD,EH10 4RD,4640
324552.1433,671090.1713,veterinary surgery,Veterinary Surgery,Class 2,Class 2,Class 2,Class 2, , ,4641
324560.7135,671082.0309,post office,Post Office,Class 1,Class 1,Class 1,Class 1,265 MORNINGSIDE ROAD,EH10 4RD,4642
324535,670896,driving school,Direct School of Motoring,Class 2,Class 4,Vacant,Class 4,271 MORNINGSIDE ROAD,EH10 4RW,4643
324472.514,671911.8848,bank,Bank of Scotland,Class 2,Class 2,Class 2,Class 2,8 MORNINGSIDE ROAD,EH10 4DD,4644
324478.0,671863.9691,bedroom furniture & fittings,Sharps,Class 1,Class 1, , , , ,4645
324478.0,671860.713500001,bedroom furniture & fittings,Sharps Bedrooms,Class 3,Class 1,Class 1,Class 1,14 MORNINGSIDE ROAD,EH10 4DB,4646
324478.2837,671802.426999999,sports equipment & clothing,"Hook, Line & Sinker",Class 1,Class 1,Class 1,Class 1,20 MORNINGSIDE ROAD,EH10 4DA,4647
324478.4551,671796.9438,lingerie,La Jolie Madame,Class 2,Class 1,Class 1,Class 1,22 MORNINGSIDE ROAD,EH10 4DA,4648
324478.6264,671791.118000001,ladies clothing,Guilty by Design,Class 1,Class 1,Class 1,Vacant,26 MORNINGSIDE ROAD,EH10 4DA,4649
324478.8848,671782.8848,sports equipment & clothing,Church Hill Sports,Class 1,Class 1,Class 1,Class 1,28-30 MORNINGSIDE ROAD,EH10 4DA,4650
327021.2549,674398.8367,hot food take-away,Stefano's,SUI GENERIS,SUI GENERIS,SUI GENERIS,SUI GENERIS,58 MONTROSE TERRACE,EH7 5DP,4651
327026.9215,674400.725500001,upholsterer,Houseproud Upholsterers,Class 4,Class 4,Class 4,Class 4,60 MONTROSE TERRACE,EH7 5DP,4652
327031.7647,674401.967399999,camera repairs,J.P. Camera Repair Co.,Class 1,Class 1,Class 1,Class 1,64 MONTROSE TERRACE,EH7 5DP,4653
327036.2353,674403.085000001,vacant, ,Class 1,Vacant,Vacant,Vacant,66 MONTROSE TERRACE,EH7 5DP,4654
327043.5294,674404.614399999,vacant, ,Class 4,Vacant,Class 4,Class 4,68 MONTROSE TERRACE,EH7 5DP,4655
327048.4967,674405.8562,jeweller,J.R. Drever,Class 1,Class 1,Class 1,Vacant,70 MONTROSE TERRACE,EH7 5DP,4656
327053.3399,674406.9739,furniture,Kingston Furniture,Class 1,Class 1,Class 1,Class 1,74-76 MONTROSE TERRACE,EH7 5DP,4657
327344.9722,674565.972200001,sports clothing & equipment,JJB Sports, ,Class 1,Class 1,Class 1,7 MORAY PARK,EH7 5TS,4658
327376.5771,674568.7848,gas & electrical appliances,The Energy Centre, ,Class 1, , , , ,4659
329023,669460,vacant, ,Class 4,Vacant, , , , ,4660
329023,669460,vacant, ,Class 4,Vacant, , , , ,4661
328822.8936,669509.925100001,butcher,J. Colvin,Class 1,Class 1,Class 1,Class 1,33 MOREDUN PARK ROAD,EH17 7ES,4662
328833.5158,669511.043299999,chemist,S.L. Watt Home Health Care Centre,Class 1,Class 1,Class 1,Class 1,37 MOREDUN PARK ROAD,EH17 7ES,4663
328845.4526,669513.807,hairdresser,Barrie John,Class 1,Class 1,Class 1,Class 1,39 MOREDUN PARK ROAD,EH17 7ES,4664
328854.9567,669515.0649,grocer,Moredun Park Licensed Grocer,Class 1,Class 1, , , , ,4665
328870.5374,669517.3927,grocer,Day-Today,Class 1,Class 1, , , , ,4666
328878.5184,669518.9167,vacant, ,Class 1,Vacant,Class 1,Class 1,49 MOREDUN PARK ROAD,EH17 7ES,4667
329210.4226,669539.9781,baker,Ferguson's Home Bakery,Class 1,Class 1,Class 1,Class 1,101 MOREDUN PARK ROAD,EH17 7HJ,4668
329214.7796,669536.568299999,grocer,Fazal & Sons Superstore,Class 1,Class 1, , , , ,4669
329226.674,669527.863399999,vacant, ,Class 1,Vacant, , , , ,4670
329239.7887,669517.5592,"clothing, toys etc.",Filsell Emporium,Class 1,Class 1,Class 1,Class 1,111 MOREDUN PARK ROAD,EH17 7HJ,4671
329247.674,669511.8106,videotape hire,F & S Video,Class 1,Class 1,Class 4,Vacant,113 MOREDUN PARK ROAD,EH17 7HJ,4672
329254.6831,669506.127499999,butcher,Alan Young,Class 1,Class 1, , , , ,4673
324485.9129,671642.1742,carpets,Motif Gallery,Class 1,Class 1,Class 1,Class 1,98 MORNINGSIDE ROAD,EH10 4BY,4674
324485.8848,671637.1713,hairdresser,Technik,Class 1,Class 1,Class 1,Class 1,102 MORNINGSIDE ROAD,EH10 4BY,4675
324486.0562,671631.1713,charity shop,Shelter,Class 1,Class 1,Class 1,Class 1,104 MORNINGSIDE ROAD,EH10 4BY,4676
324490.823,671548.112400001,bathroom furniture & fittings,Haggart,Class 1,Class 1,Class 1,Class 1,120-122 MORNINGSIDE ROAD,EH10 4BX,4677
324490.9129,671541.0,fine art,The Alderidge Gallery,Class 2,Class 1,Class 1,Class 1,124 MORNINGSIDE ROAD,EH10 4BX,4678
324491.0843,671537.0,solicitors,Bovey & Bovey,Class 1,Class 2,Class 2,Class 2,126 MORNINGSIDE ROAD,EH10 4BX,4679
324491.3989,671533.3146,t.v. & video,Tuned-in,Class 1,Class 1,Vacant, , , ,4680
324492.3118,671524.9241,restaurant (Indian),The Gurkha,Class 3,Class 3, , , , ,4681
324492.7697,671520.9157,hot food take-away (Chinese),Fortune,SUI GENERIS,SUI GENERIS,SUI GENERIS,SUI GENERIS,128A MORNINGSIDE ROAD,EH10 4BX,4682
324493.7107,671514.483200001,fabrics,Dingwall Fabrics,Class 1,Class 1,Class 1,Class 1,130 MORNINGSIDE ROAD,EH10 4BX,4683
324497.7135,671503.887599999,pine furniture,Studio One Pine Furniture,Class 1,Class 1,Class 1,Class 1,132 MORNINGSIDE ROAD,EH10 4BX,4684
324506.5702,671378.6854,window blinds,Apollo,Class 1,Class 1,Class 1,Class 1,156 MORNINGSIDE ROAD,EH10 4PX,4685
324506.7416,671374.6854,shoes,Classic Shoes,Class 4,Class 1,Class 1,Class 1,158 MORNINGSIDE ROAD,EH10 4PX,4686
324506.9691,671368.8287,jeweller,Scottish Gems,Class 1,Class 1,Class 1,Class 1,162 MORNINGSIDE ROAD,EH10 4PX,4687
324495.8848,671346.918500001,restaurant,The Merlin Restaurant,SUI GENERIS,Class 3,SUI GENERIS,SUI GENERIS,168(05)-172 MORNINGSIDE ROAD,EH10 4PU,4688
324509.7416,671334.342700001,food take-away,India Today,Class 2,Class 1,SUI GENERIS,SUI GENERIS,176 MORNINGSIDE ROAD,EH10 4PU,4689
324509.9129,671330.1713,vacant, ,Class 1,Vacant, , , , ,4690
324510.2556,671321.887599999,vacant, ,Class 1,Vacant, , , , ,4691
324511.1124,671293.2837,wine merchant,Oddbins,Class 1,Class 1,Class 1,Class 2,190 MORNINGSIDE ROAD,EH10 4PU,4692
324511.2837,671286.4298,building society,Abbey National,Class 2,Class 2,Class 2,Class 2,194-196 MORNINGSIDE ROAD,EH10 4PU,4693
329114.4535,669526.599300001,supermarket,Scotmid,Class 1,Class 1,Class 1,Class 1,80-88 MOREDUN PARK ROAD,EH17 7HG,4694
328929.0611,670092.3741,public house,Jolly Farmer,SUI GENERIS,SUI GENERIS,SUI GENERIS,SUI GENERIS,50 MOREDUNVALE ROAD,EH17 7RZ,4695
324461.7135,670785.6545,hairdresser,Muir's Hair Salon,Class 1,Class 1,Class 1,Class 1,3 MORNINGSIDE DRIVE,EH10 5LZ,4696
324456.0843,670785.741599999,veterinary surgery,Velerman Cat Clinic,Class 1,Class 2,Class 1,Class 1,7 MORNINGSIDE DRIVE,EH10 5LZ,4697
324452.6573,670785.5702,hairdresser,Claire's Hair Shop,Class 1,Class 1,Class 1,Class 1,9 MORNINGSIDE DRIVE,EH10 5LZ,4698
324446.8258,670785.1994,surveyors,D.M. Hall,Class 1,Class 4,Class 4,Vacant,13-15 MORNINGSIDE DRIVE,EH10 5LZ,4699
324442.3708,670784.1713,residential, ,Class 1,Class 9, , , , ,4700
324437.4017,670782.971899999,computer disks,James for Grain,Class 2,Class 2,Class 4,Class 4,19 MORNINGSIDE DRIVE,EH10 5LZ,4701
324432.4326,670781.4298,printers & photocopying,Let us Print,Class 1,Class 4,Class 4,Class 4,21 MORNINGSIDE DRIVE,EH10 5LZ,4702
324470.4132,670814.423900001,restaurant (Chinese),Yin Heung,Class 3,Class 3,Class 3,Class 3,6-8 MORNINGSIDE DRIVE,EH10 5LY,4703
324463.4551,670813.832599999,shoe repairs,H.C. Lothian Shoe Repairs,Class 1,Class 1,Class 2,Class 2,10 MORNINGSIDE DRIVE,EH10 5LY,4704
324459.0,670813.6097,domestic appliance servicing,Victor Hannah,Class 1,Class 1,Class 2,Vacant,14-16 MORNINGSIDE DRIVE,EH10 5LY,4705
324454.3736,670813.267000001,n/t/c,Richard Guthrie,Class 1,Class 1,Vacant, , , ,4706
324448.8212,670812.9805,dental laboratory,Caledonian Ceramics,Class 1,Class 2,Class 2,Vacant,20 MORNINGSIDE DRIVE,EH10 5LY,4707
324445.0168,670812.7576,financial services - insurance,Medical Money Management,Class 2,Class 2,Class 4,Class 4,22 MORNINGSIDE DRIVE,EH10 5LY,4708
324068.682,670632.3816,hairdresser,Head Start,Class 1,Class 1, , , , ,4709
324061.4046,670630.9134,n/t/c,Guthrie Newsagents,Class 1,Class 1, , , , ,4710
323702.8272,670632.7807,n/t/c,F. & M. Foley,Class 1,Class 1,Class 1,Class 9, , ,4711
323707.7653,670633.444599999,hairdresser,Reflections,Class 1,Class 1, , , , ,4712
324513.3455,671702.2556,pets & pet supplies,Acorn Pet Centres,Class 1,Class 1,Class 1,Class 1,33A MORNINGSIDE ROAD,EH10 4DR,4713
324513.5168,671697.971899999,vacant, ,Class 1,Vacant, , , , ,4714
324513.8595,671693.688200001,vacant, ,Vacant,Vacant, , , , ,4715
324514.2865,671688.0,clothing,The Accessory Shop,Class 1,Class 1,Class 1,Class 3,41 MORNINGSIDE ROAD,EH10 4DR,4716
324515.4298,671680.6854,bank,Clydesdale Bank,Class 2,Class 2,Class 2,Class 2,43 MORNINGSIDE ROAD,EH10 4DS,4717
324516.2303,671655.426999999,pets & pet supplies,Acorn pet Centre,Class 2,Class 1,Class 3,Class 3,45 MORNINGSIDE ROAD,EH10 4BB,4718
324516.4017,671644.4607,furniture,Lorimer & Beetham,Class 1,Class 1,Class 1,Class 1,47-49 MORNINGSIDE ROAD,EH10 4BA,4719
324516.5449,671636.1461,furniture,Lorimer & Beetham,Class 1,Class 1,Class 1,Class 1,53-57 MORNINGSIDE ROAD,EH10 4BA,4720
324516.7163,671622.856699999,furniture,Lorimer & Beetham,Class 1,Class 1,Class 1,Vacant,61-63 MORNINGSIDE ROAD,EH10 4AZ,4721
324520.2303,671518.309,kitchenware,Studio One Cookshop,Class 1,Class 1,Class 1,Class 1,71 MORNINGSIDE ROAD,EH10 4AY,4722
324520.7444,671513.682600001,chiropodist,J.B.R. Westwood,Class 2,Class 2,Class 2,Class 2, , ,4723
324521.2584,671509.0562,gifts,Mulberry Bush,Class 1,Class 1,Class 1,Class 1,77 MORNINGSIDE ROAD,EH10 4AY,4724
324521.6826,671504.5112,fancy goods,Myriad Interior Design,Class 2,Class 1,Class 11,Class 1,79 MORNINGSIDE ROAD,EH10 4AY,4725
324522.1152,671500.831499999,"artists materials, prints, art gallery",Just Art,Class 1,Class 1,Class 1,Class 1,81 MORNINGSIDE ROAD,EH10 4AY,4726
324523.4888,671494.5702,wine merchant,Thresher,Class 1,Class 1,Class 1,Class 1,83-85 MORNINGSIDE ROAD,EH10 4AY,4727
324524.1742,671485.317399999,charity shop,Imperial Cancer Research Fund,Class 1,Class 1,Class 1,Class 1,87 MORNINGSIDE ROAD,EH10 4AY,4728
324525.2022,671475.3792,vacant, ,Class 1,Vacant,Class 4,Class 4,89 MORNINGSIDE ROAD,EH10 4AY,4729
324526.059,671464.412900001,vacant, ,Class 1,Vacant,Class 1,Class 1,93 MORNINGSIDE ROAD,EH10 4AY,4730
324526.9157,671453.2752,travel agent,Thomas Cook,Class 1,Class 1,Class 1,Class 1,95 MORNINGSIDE ROAD,EH10 4AY,4731
324539.9747,671417.856699999,supermarket - large,Safeway,Class 1,Class 1,Class 1,Class 1,145 MORNINGSIDE ROAD,EH10 4AX,4732
324530.6039,671388.112400001,ladies clothing,Michelle,Class 1,Class 1,Class 1,Class 1,147 MORNINGSIDE ROAD,EH10 4AX,4733
324530.7753,671383.8287,charity  shop,Marie Curie Cancer Care,Class 2,Class 1,Class 1,Class 1,151 MORNINGSIDE ROAD,EH10 4AX,4734
324531.4607,671379.202199999,chemist,Lloyds Pharmacy,Class 1,Class 1,Class 1,Class 1,153 MORNINGSIDE ROAD,EH10 4AX,4735
324532.2893,671371.5702,restaurant,The Heavenly,SUI GENERIS,Class 3,Class 3,Class 3,155 MORNINGSIDE ROAD,EH10 4AX,4736
324532.9747,671365.573000001,building society,Halifax,Class 2,Class 2,Class 2,Class 2,159-161 MORNINGSIDE ROAD,EH10 4AX,4737
324533.8034,671356.7697,travel agent,Lunn Poly,Class 1,Class 1,Class 1,Class 1,163 MORNINGSIDE ROAD,EH10 4AX,4738
324534.3174,671351.8006,hot food take-away,The Morningside Fry,SUI GENERIS,SUI GENERIS,SUI GENERIS,Class 3,165 MORNINGSIDE ROAD,EH10 4AX,4739
324534.8315,671346.831499999,hardware,Houseproud of Morningside,Class 1,Class 1,Class 1, , , ,4740
324535.7163,671337.373600001,n/t/c,R.S. McColl,Class 1,Class 1,Class 1, , , ,4741
324536.4017,671331.547700001,sports equipment & clothing,One Step Ahead,Class 2,Class 1,Class 3,Class 3,177 MORNINGSIDE ROAD,EH10 4AX,4742
324540.8595,671304.5702,charity  shop,Capability Scotland,Class 4,Class 1,Class 1,Class 1,179 MORNINGSIDE ROAD,EH10 4QP,4743
324541.0309,671299.6011,videotape hire,Azad Video,Class 1,Class 1,Class 1,Class 1,183 MORNINGSIDE ROAD,EH10 4QP,4744
324541.5449,671294.4607,dry cleaner,Scotcleen,Class 1,Class 1,Class 1,Class 1,185 MORNINGSIDE ROAD,EH10 4QP,4745
324542.059,671287.7697,wine merchant,Lochrin Wines,Class 1,Class 1,Class 1,Class 1,187 MORNINGSIDE ROAD,EH10 4QP,4746
324542.2303,671282.971899999,food take-away,Sunflower,Vacant,Class 1,SUI GENERIS,SUI GENERIS,189 MORNINGSIDE ROAD,EH10 4QP,4747
324542.573,671278.002800001,toys,Toys Galore,Class 1,Class 1,Class 1,Class 1,193 MORNINGSIDE ROAD,EH10 4QP,4748
324542.7725,671270.3708,t.v. & video,Andrew Thomson,Class 1,Class 1,Class 1,Class 1,195-197 MORNINGSIDE ROAD,EH10 4QP,4749
324543.1152,671265.059,pets & pet supplies,Morningside Pets,Class 1,Class 1,Vacant,Class 1,199 MORNINGSIDE ROAD,EH10 4QP,4750
324543.4579,671259.5758,ladies clothing,GreenSleeves,Class 1,Class 1,Class 1,Class 1,203 MORNINGSIDE ROAD,EH10 4QP,4751
324543.8006,671255.1208,building society,Bradford & Bingley,Class 2,Class 2,Class 2,Class 2,205 MORNINGSIDE ROAD,EH10 4QP,4752
324543.5168,671231.1938,chemist,Morningside Pharmacy,Class 1,Class 1,Class 1,Class 1,207-209 MORNINGSIDE ROAD,EH10 4QT,4753
324479.2275,671776.887599999,gifts,McIntyre of Morningside,Class 1,Class 1,Class 1,Class 1,34 MORNINGSIDE ROAD,EH10 4DA,4754
324479.3989,671770.205,optician,Optometrist,Class 1,Class 1,Class 1,Class 1,36 MORNINGSIDE ROAD,EH10 4DA,4755
324479.8848,671762.227499999,car accessories,Capital Autoparts,Class 1,Class 1,Class 2,Class 2,38 MORNINGSIDE ROAD,EH10 4DA,4756
324480.0562,671757.772500001,hairdresser,Associates,Class 1,Class 1,Class 1,Class 1,40 MORNINGSIDE ROAD,EH10 4DA,4757
324480.2275,671751.432600001,ladies clothing,Langue de Chat,Class 1,Class 1, , , , ,4758
324480.5702,671746.1208,ladies clothing,Dominion Fur Co Ltd,Class 1,Class 1, , , , ,4759
324482.2556,671726.6348,food take-away,Gourmet Pasta,Class 1,Class 1,Class 1,Vacant,54-56 MORNINGSIDE ROAD,EH10 4BZ,4760
324482.3118,671716.1713,grocer,The Harvest Garden,Class 1,Class 1,Class 1,Class 1,58-60 MORNINGSIDE ROAD,EH10 4BZ,4761
324482.6545,671711.0309,n/t/c,J. & A. Cruickshanks,Class 1,Class 1,Class 1,Class 1,62 MORNINGSIDE ROAD,EH10 4BZ,4762
324482.8258,671706.233100001,shoes,John Mathieson,Class 1,Class 1,Class 2,Class 1,66 MORNINGSIDE ROAD,EH10 4BZ,4763
324482.4551,671698.856699999,dressmaker,Helen Rennie,Class 1,Class 1,Class 1,Class 1,68 MORNINGSIDE ROAD,EH10 4BZ,4764
324482.7978,671693.7163,hairdresser,MacGregor,Class 1,Class 1,Class 1,Class 1,70 MORNINGSIDE ROAD,EH10 4BZ,4765
324483.1405,671688.4045,vacant, ,Vacant,Vacant,Class 3,Class 3,74 MORNINGSIDE ROAD,EH10 4BY,4766
324483.427,671680.971899999,vacant, ,Class 1,Vacant,Class 2,Class 2,76-80 MORNINGSIDE ROAD,EH10 4BY,4767
324483.941,671674.631999999,hairdresser,Fleming Smith,Class 1,Class 1,Class 1,Class 1,84 MORNINGSIDE ROAD,EH10 4BY,4768
324484.2837,671668.1208,restaurant,Ristorante Ravello,Class 3,Class 3,Class 3,Class 3,86-88 MORNINGSIDE ROAD,EH10 4BY,4769
324484.7416,671659.342700001,estate agents,Charles White & Sons,Class 2,Class 2,Class 2,Class 2,92 MORNINGSIDE ROAD,EH10 4BY,4770
324485.2275,671651.0843,charity  shop,Abbeyfield Edinburgh Society,Class 1,Class 1,Class 1,Class 1,94 MORNINGSIDE ROAD,EH10 4BY,4771
324485.5702,671646.457900001,carpets,Kristofferson Carpets,Vacant,Class 1,Class 1,Class 1,96 MORNINGSIDE ROAD,EH10 4BY,4772
324512.9101,671264.856699999,bank,T.S.B.,Class 2,Class 2,Class 2,Class 2,200 MORNINGSIDE ROAD,EH10 4QQ,4773
324513.1685,671260.368000001,charity  shop,Oxfam,Vacant,Class 1, , , , ,4774
324513.8539,671250.772500001,charity  shop,Oxfam,Class 1,Class 1, , , , ,4775
324514.1966,671246.6601,coffee shop,The Coffee Cup,Class 3,Class 3,Class 3,Class 1,210 MORNINGSIDE ROAD,EH10 4QQ,4776
324503.7444,671234.837099999,chemist,Superdrug,Vacant,Class 1,Class 1,Class 1,212-214 MORNINGSIDE ROAD,EH10 4QQ,4777
324504.677,671220.8062,frozen food,Iceland,Class 1,Class 1,Class 1,Class 1,216 MORNINGSIDE ROAD,EH10 4QQ,4778
324516.6517,671189.5702,travel agent,Sibbald Travel,Class 1,Class 1,Class 1,Class 1,302 MORNINGSIDE ROAD,EH10 4QH,4779
324516.823,671186.657299999,knitwear,Woolwise,Class 1,Class 1,Class 1,Class 1,306 MORNINGSIDE ROAD,EH10 4QH,4780
324516.9944,671183.059,vacant, ,Class 1,Vacant,Class 1,Class 1,308 MORNINGSIDE ROAD,EH10 4QH,4781
324517.1657,671179.803400001,greeting cards,Mellstock Quire,Vacant,Class 1,Class 1,Class 1,310 MORNINGSIDE ROAD,EH10 4QH,4782
324517.3371,671177.061799999,greeting cards,Mellstock Quire,Vacant,Class 1, , , , ,4783
324517.5674,671174.0309,greeting cards,Saver Cards,Class 1,Class 1,Class 1,Class 1,312 MORNINGSIDE ROAD,EH10 4QH,4784
324517.9129,671167.3708,jeweller,Anthony Rome,Class 1,Class 1,Class 1,Class 1,314 MORNINGSIDE ROAD,EH10 4QH,4785
324518.2556,671161.373600001,baker,Crawfords,Class 1,Class 1,Class 1,Class 1,318 MORNINGSIDE ROAD,EH10 4QH,4786
324518.427,671153.741599999,building society,Nationwide,Class 2,Class 2,Class 2,Class 2,320 MORNINGSIDE ROAD,EH10 4QJ,4787
324518.5983,671149.6292,hairdresser,Thomson,Class 1,Class 1,Class 3,Class 3,324 MORNINGSIDE ROAD,EH10 4QJ,4788
324519.1124,671145.1742,grocer,W. & S. Dickson,Class 1,Class 1,Class 1,Class 1,326 MORNINGSIDE ROAD,EH10 4QJ,4789
324519.4832,671137.7388,butcher,Robert Main & Sons,Class 1,Class 1,Class 1,Class 1,328 MORNINGSIDE ROAD,EH10 4QJ,4790
324519.9972,671132.7697,butcher,William S. Meikle,Class 1,Class 1,Class 1,Class 1,330 MORNINGSIDE ROAD,EH10 4QJ,4791
324520.3399,671127.8006,travel agent,World Travel,Class 1,Class 1,Class 1,Class 1,334 MORNINGSIDE ROAD,EH10 4QJ,4792
324520.6826,671123.1742,vacant, ,Class 1,Vacant,SUI GENERIS,SUI GENERIS,336 MORNINGSIDE ROAD,EH10 4QJ,4793
324522.3371,671101.598300001,ladies clothing,Happit,Class 1,Class 1,Class 1,Class 1,340 MORNINGSIDE ROAD,EH10 4QL,4794
324522.8511,671096.971899999,charity  shop,Disability Scotland,Class 1,Class 1,Class 1,Class 1,344 MORNINGSIDE ROAD,EH10 4QL,4795
324523.1938,671092.002800001,optician,Optical Express,Class 1,Class 1,Class 1,Class 1,346 MORNINGSIDE ROAD,EH10 4QL,4796
324523.7079,671087.7191,launderette,Bendix Laundrette,Class 1,Class 1,Class 1,Class 1,348 MORNINGSIDE ROAD,EH10 4QL,4797
324523.7697,671083.797800001,photo processing / dry cleaners,Klick / Munro,Class 1,Class 1,Class 1,Vacant,350 MORNINGSIDE ROAD,EH10 4QL,4798
324524.1124,671078.486,ironmonger,J.M. Scott,Class 1,Class 1,Class 1,Class 1,352 MORNINGSIDE ROAD,EH10 4QL,4799
324524.4551,671073.688200001,building society,Alliance & Leicester,Class 2,Class 2,Class 2,Class 2,356 MORNINGSIDE ROAD,EH10 4QN,4800
324525.1405,671064.657299999,baker,Bossards,Class 1,Class 1,Class 1,Vacant,358 MORNINGSIDE ROAD,EH10 4QN,4801
324525.4832,671061.573000001,greeting cards,Scaramouch,Class 1,Class 1,Class 1,Vacant,360 MORNINGSIDE ROAD,EH10 4QN,4802
324357.633,673245.5809,grocer,Oriental Food Stores,Class 1,Class 1, , , , ,4803
324351.5751,673245.9234,caterers,The Refreshment Room,Class 1,Class 4,Class 1,Vacant,202 MORRISON STREET,EH3 8EA,4804
324347.367,673246.0549,residential, ,Vacant,Class 9,Class 1,Class 1,204 MORRISON STREET,EH3 8EA,4805
324343.0275,673246.3179,accountants,McLachlan & Tiffin,Class 2,Class 2,Class 4,Class 4,208 MORRISON STREET,EH3 8EA,4806
324338.9509,673246.4494,musical instruments,Mev Taylors,Class 1,Class 1, ,Vacant,210 MORRISON STREET,EH3 8EA,4807
324334.2326,673247.1864,musical instruments,Mev Taylors,Class 1,Class 1, , , , ,4808
324326.3425,673247.5809,musical instruments,Mev Taylors,Class 1,Class 1, , , , ,4809
324316.9696,673247.896,books,Robbie's Bookshop,Class 1,Class 1,Class 1,Class 1,220 MORRISON STREET,EH3 8EA,4810
324313.4191,673248.0275,vacant, ,SUI GENERIS,Vacant,SUI GENERIS,SUI GENERIS,222 MORRISON STREET,EH3 8EA,4811
324310.1315,673248.159,crystal ware,Special Scotch Whisky,Class 1,Class 1,Class 1,Class 1,224 MORRISON STREET,EH3 8EA,4812
324307.2385,673248.159,"second-hand clothing, bric-a-brac",Castle Arms Kilts & Accessories,Class 1,Class 1,Class 2,Vacant,226 MORRISON STREET,EH3 8EA,4813
324301.052,673248.4494,saddler & riding equipment,Stirlingshire Saddlery,Class 1,Class 1,Class 2,Class 2,230 MORRISON STREET,EH3 8EA,4814
324287.7341,673248.896,hardware,A.A. Lawson,Class 1,Class 1, , , , ,4815
324253.4564,673251.852700001,printers & photocopying,Promptpress,Class 4,Class 4,Class 4,Class 1,244 MORRISON STREET,EH3 8DT,4816
324245.0403,673251.984200001,hot food take-away,Pizza Primo,Vacant,SUI GENERIS,SUI GENERIS,Class 3,244A MORRISON STREET,EH3 8DT,4817
324235.4407,673252.510199999,vacant, ,Class 2,Vacant,Vacant,Class 3,248 MORRISON STREET,EH3 8DT,4818
324225.7095,673252.7732,photographic goods,G.D. Young,Class 1,Class 1,Class 1,Class 3,250 MORRISON STREET,EH3 8DT,4819
324199.6575,673254.5809,public house,Spider's Web,SUI GENERIS,SUI GENERIS,SUI GENERIS,SUI GENERIS,256-260 MORRISON STREET,EH3 8DT,4820
324173.2905,673254.238500001,furniture & floor coverings,Grove bedding / Grove Carpets,Class 1,Class 1, , , , ,4821
324525.8258,671057.8258,clothing,Seconds & Firsts,Class 1,Class 1,Class 1,Vacant,364 MORNINGSIDE ROAD,EH10 4QN,4822
324525.9972,671052.514,food take-away,The Nook Coffee Shop,Class 3,Class 1,Class 3,Class 3,366 MORNINGSIDE ROAD,EH10 4QN,4823
324526.3989,671044.772500001,restaurant,Sherry's Restaurant,Class 3,Class 3,Class 3,Class 3,370-372 MORNINGSIDE ROAD,EH10 5HS,4824
324520.2528,670999.3708,wine merchant,Victoria Wine,Class 1,Class 1,Class 1,Class 1,376 MORNINGSIDE ROAD,EH10 5HX,4825
324519.3961,670993.887599999,luggage,Wood & Co.,Class 4,Class 1,Class 1,Class 1,380 MORNINGSIDE ROAD,EH10 5HX,4826
324518.5393,670989.2612,shoes,Bayne & Duckett,Class 1,Class 1,Class 1,Class 1,382 MORNINGSIDE ROAD,EH10 5HX,4827
324517.6573,670983.682600001,gifts,Patricia Carmichael,Class 1,Class 1,Class 1,Vacant,384 MORNINGSIDE ROAD,EH10 5HX,4828
324516.9719,670979.3989,t.v. & video,Carl Dyson,Class 1,Class 1,Vacant,Class 1,386 MORNINGSIDE ROAD,EH10 5HX,4829
324516.2865,670975.457900001,books,Kay's Bookshop,Class 1,Class 1,Class 1,Class 1,390 MORNINGSIDE ROAD,EH10 5HX,4830
324515.4298,670971.516799999,travel agent,A.T. Mays,Class 1,Class 1,Class 1,Class 1,392 MORNINGSIDE ROAD,EH10 5HX,4831
324514.7416,670966.252800001,vacant, ,Class 1,Vacant,Class 3,Class 3,394 MORNINGSIDE ROAD,EH10 5HX,4832
324514.0562,670961.797800001,grocer,MS Delicatessen,Class 1,Class 1,Class 1,Class 1,396 MORNINGSIDE ROAD,EH10 5HX,4833
324513.1994,670957.514,baker,Greggs,Class 1,Class 1,Class 1,Class 1,400 MORNINGSIDE ROAD,EH10 5HY,4834
324512.6854,670953.7444,dry cleaner,Johnsons,Class 1,Class 1,Class 1,Class 1,402 MORNINGSIDE ROAD,EH10 5HY,4835
324511.6854,670949.168500001,hairdresser,Hair Design,Class 1,Class 1,Class 1,Class 1,404 MORNINGSIDE ROAD,EH10 5HY,4836
324510.8287,670945.5702,ladies clothing,Dressmaking Studio,Class 1,Class 1,Vacant,Vacant,406 MORNINGSIDE ROAD,EH10 5HY,4837
324510.1433,670941.8006,chemist,J. Hutchings Pharmacy,Class 1,Class 1,Class 1,Class 1,410 MORNINGSIDE ROAD,EH10 5HY,4838
324509.6292,670938.373600001,florist,Say it with flowers,Class 1,Class 1,Class 2,Class 2,412 MORNINGSIDE ROAD,EH10 5HY,4839
324509.1152,670935.4607,health foods,Gray's,Class 1,Class 1,Class 1,Class 1,414 MORNINGSIDE ROAD,EH10 5HY,4840
324508.3708,670931.2837,vacant, ,Class 1,Vacant,Class 11,Class 2,416 MORNINGSIDE ROAD,EH10 5HY,4841
324507.514,670926.8287,coffee shop & Christian community centre,The Open Door,Class 4,Class 3,Class 3,Class 3,420 MORNINGSIDE ROAD,EH10 5HY,4842
324507.6292,670912.227499999,hairdresser,Barbers,Class 1,Class 1,Class 1,Class 1,422 MORNINGSIDE ROAD,EH10 5HY,4843
324509,670910,n/t/c,Campbells,Class 1,Class 1,Class 1,Class 1,424 MORNINGSIDE ROAD,EH10 5HY,4844
324486.0506,670903.841600001,bank,Bank of Scotland,Class 2,Class 2,Class 2,Class 2,426 MORNINGSIDE ROAD,EH10 5HY,4845
324751.0052,673172.7532,office,part of ABC Cinema,Class 1,Class 4, , , , ,4846
324744.252,673172.5031,"records, tapes",Sweet Inspiration,Class 1,Class 1, , , , ,4847
324628,673171,demolished, ,Class 1,Demolished, , , , ,4848
324563.5017,673171.249600001,ceramic tiles,City Ceramic Tile Centre,Class 1,Class 1,Class 1,Class 1,79 MORRISON STREET,EH3 8BU,4849
324556.9986,673173.000499999,hardware,Murray's Tool Store,Class 1,Class 1,Class 1,Class 1,83 MORRISON STREET,EH3 8BU,4850
324549.2539,673175.249600001,television & electrical goods,Hi-Tec Television,Class 1,Class 1,Class 1,Class 1,85 MORRISON STREET,EH3 8BU,4851
324544.0014,673177.000499999,residential, ,Class 1,Class 9, , , , ,4852
324532.5007,673181.001,vacant, ,Class 4,Vacant, , , , ,4853
324526.2477,673183.5021,take-away food,Scooby's Sandwich Delicatessen,Class 1,Class 1,Class 1,Class 1,95 MORRISON STREET,EH3 8BX,4854
324521.7456,673185.253,womens' aid office,Edinburgh & Lothians Women's Aid,Class 4,Class 2,Vacant,Class 3,97-101 MORRISON STREET,EH3 8BX,4855
324513.7523,673187.5002,housing aid centre,Shelter,Class 4,Class 2,Class 2,Class 4,103 MORRISON STREET,EH3 8BX,4856
324508.2496,673190.001399999,wine merchant,Wines etc.,Class 1,Class 1,Class 3,Class 3,107-109 MORRISON STREET,EH3 8BX,4857
324495.2463,673195.751800001,"telephone systems, faxes etc.",Scotline Communications Ltd.,Class 1,Class 4,Class 2,Vacant,113-115 MORRISON STREET,EH3 8BX,4858
324465.0766,673204.1315,hot food take-away,Rosemount,SUI GENERIS,SUI GENERIS,SUI GENERIS,SUI GENERIS,121 MORRISON STREET,EH3 8AJ,4859
324455.4711,673209.734099999,grocer,General Food Store & Off License,Class 1,Class 1,Class 1,Class 1,123 MORRISON STREET,EH3 8AJ,4860
324451.1315,673210.7861,sandwich bar,Piggies,Vacant,Class 1,Class 1,Class 1,127 MORRISON STREET,EH3 8AJ,4861
324444.4465,673212.104,vacant, ,Class 1,Vacant,Class 1,Class 1,129 MORRISON STREET,EH3 8AJ,4862
324439.5809,673213.2875,employment agency,Quality Link Recruitment,Vacant,Class 4,Class 4, , , ,4863
324428.8685,673215.024499999,employment agency,Quality Link Recruitment,Class 1,Class 4,Class 4, , , ,4864
324425.0549,673215.2875,office supplies,Abacus,Class 2,Class 2,Class 2,Class 2,139 MORRISON STREET,EH3 8AJ,4865
324387.8656,673216.997099999,baker,Oven Fresh Bakery,Class 1,Class 1,Class 1,Class 1,147 MORRISON STREET,EH3 8AG,4866
324383.3945,673217.2601,coffee shop,Mrs. Bean,Class 1,Class 3, , , , ,4867
324374.8656,673217.602600001,coffee shop,Mrs. Bean,Class 1,Class 3, , , , ,4868
324370.9205,673217.602600001,denture repairs,Dentacare,Class 2,Class 2,Class 2,Class 2,157 MORRISON STREET,EH3 8AG,4869
324367.107,673217.865599999,"second-hand records, tapes cds",Rhythm Rack,Class 1,Class 1,Class 3,Class 3,159/161 MORRISON STREET,EH3 8AG,4870
324360.474,673218.1227,glaziers,Lindsay Glass Merchants,Vacant,Class 4,Class 4,Class 4,165 MORRISON STREET,EH3 8AG,4871
324322,673215,public house,Carters Bar,SUI GENERIS,SUI GENERIS,SUI GENERIS,SUI GENERIS,185 MORRISON STREET,EH3 8DZ,4872
324139,673224,demolished, ,Class 3,Demolished, , , , ,4873
324143,673230,demolished, ,SUI GENERIS,Demolished, , , , ,4874
324143,673230,demolished, ,Vacant,Demolished, , , , ,4875
324121,673224,demolished, ,Class 1,Demolished, , , , ,4876
324769.747,673202.0,restaurant,Oriental Dining Centre,SUI GENERIS,Class 3, , , , ,4877
324760.4979,673201.998600001,public house,Festival Ale House / Henry's Cellars (base't),SUI GENERIS,SUI GENERIS, , , , ,4878
324746.2501,673202.248199999,travel agent,Logan World Travel,Class 1,Class 1,Class 1,Class 4,22-22A MORRISON STREET,EH3 8BJ,4879
324728.9995,673201.998600001,bicycles,MacDonalds Cycles,Class 1,Class 1, , , , ,4880
324723.747,673202.2487,driving school,British School of Motoring,Class 4,Class 4,Class 4,Class 4,32 MORRISON STREET,EH3 8BJ,4881
324700.2549,673201.5055,demolished, ,Class 1,Demolished, , , , ,4882
324687.4988,673201.0052,demolished, ,SUI GENERIS,Demolished, , , , ,4883
324669,673201,demolished, ,SUI GENERIS,Demolished, , , , ,4884
324656.4988,673200.249600001,demolished, ,Vacant,Demolished, , , , ,4885
324625.5002,673197.5012,demolished, ,Vacant,Demolished, , , , ,4886
324606,673198,demolished, ,SUI GENERIS,Demolished, , , , ,4887
324579,673200,demolished, ,SUI GENERIS,Demolished, , , , ,4888
324387.3916,673244.1864,public house,Bissets Bar,SUI GENERIS,SUI GENERIS,SUI GENERIS,SUI GENERIS,182-184 MORRISON STREET,EH3 8EB,4889
324381.8685,673244.5809,n/t/c & grocer,Morrison Street Newsagent,Class 1,Class 1,Class 1,Class 1,188 MORRISON STREET,EH3 8EB,4890
324375.9509,673244.7125,office,CEC Systems,Class 1,Class 4,Class 1,Class 1,190 MORRISON STREET,EH3 8EB,4891
324369.4681,673245.0549,restaurant,Flames,Class 1,Class 3,Class 3,Class 3,192-194 MORRISON STREET,EH3 8EB,4892
324364.0766,673245.3179,grocer,Oriental Food Stores,Class 1,Class 1, , , , ,4893
324159.8136,673254.6055,restaurant & hot food take-away,Brattisani,Class 3,Class 3,Class 3,Class 3,272-274 MORRISON STREET,EH3 8DT,4894
324152.0549,673255.0,n/t/c,R.J. Finnie & Bros.,Class 1,Class 1,Class 3,Class 3,278 MORRISON STREET,EH3 8DT,4895
331438.5575,673423.1505,vacant,vacant,Class 1,Vacant,Vacant,Vacant,21 MORTON STREET,EH15 2HN,4896
331437.6726,673427.354,health studio,Ultrason,Vacant,Class 11,Class 1,Vacant,23 MORTON STREET,EH15 2HN,4897
331437.2301,673431.557499999,"amateur radios, telephones etc.",J. McVicar,Class 1,Class 1,Class 4,Class 4,25 MORTON STREET,EH15 2HN,4898
326478.9541,672316.4155,gifts,John Paterson,Class 1,Class 1,Class 1,Class 2,47 NEWINGTON ROAD,EH9 1QW,4899
326481.8477,672309.615900001,vacant, ,Class 1,Vacant, , , , ,4900
326485.9541,672301.123199999,delicatessen,Sey's Deli,Class 1,Class 1,Class 1,Class 2,59-61 NEWINGTON ROAD,EH9 1QW,4901
326488.3236,672295.3695,dry cleaner,Johnson's,Class 1,Class 1,Class 1,Class 1,65 NEWINGTON ROAD,EH9 1QW,4902
326491.1232,672289.4155,hairdresser,In Style,Class 1,Class 1,Class 1,Class 1,69 NEWINGTON ROAD,EH9 1QW,4903
326493.2464,672285.123199999,cafe,Cooks Cafe,Class 1,Class 3,SUI GENERIS,SUI GENERIS,73 NEWINGTON ROAD,EH9 1QW,4904
326496.0,672280.4614,infants' clothing,The Baby Shop,Vacant,Class 1,Class 1,Class 1,75 NEWINGTON ROAD,EH9 1QW,4905
326498.3382,672276.077299999,ladies clothing,Honey,Class 1,Class 1,Class 1,Class 1,77 NEWINGTON ROAD,EH9 1QW,4906
326502.2464,672268.123199999,hot food take-away,Brattisani,Class 3,SUI GENERIS,SUI GENERIS,SUI GENERIS,85-87 NEWINGTON ROAD,EH9 1QW,4907
326505.9541,672261.8309,wine merchant,Oddbins,Class 1,Class 1,Class 1,Class 1,91 NEWINGTON ROAD,EH9 1QW,4908
326508.9541,672257.292300001,photo processing / dry cleaning,Klick / Munro,Class 1,Class 1,Class 1,Vacant,95 NEWINGTON ROAD,EH9 1QW,4909
326509.5386,672254.9541,hairdresser,Bernies,Class 1,Class 1,Class 1,Class 1,97 NEWINGTON ROAD,EH9 1QW,4910
326512.7077,672250.0,baker,Crawfords,Class 1,Class 1,Class 1,Vacant,101 NEWINGTON ROAD,EH9 1QW,4911
326516.2464,672244.0,charity shop,Disability Scotland,Class 1,Class 1,Vacant,Class 3,107 NEWINGTON ROAD,EH9 1QW,4912
326519.9541,672236.8309,n/t/c,R. Dalgleish Newsagent,Class 1,Class 1,Class 1,Class 1,111 NEWINGTON ROAD,EH9 1QW,4913
326523.8309,672229.785,grocer,Spar,Vacant,Class 1,Class 1,Class 1,113-115 NEWINGTON ROAD,EH9 1QW,4914
326404.5532,672400.384099999,betting shop,Ladbrokes,Class 1,Class 2,Class 2,Class 2,2-4 NEWINGTON ROAD,EH9 1QS,4915
326407.7137,672394.4583,hot food take-away,Goodwill,SUI GENERIS,SUI GENERIS,SUI GENERIS,SUI GENERIS,6 NEWINGTON ROAD,EH9 1QS,4916
326415.4155,672379.553200001,restaurant,Jaipur Mansion,Class 4,Class 3, , , , ,4917
326421.6305,672366.4614,solicitors & estate agents,Ketchen & Stevens,Class 2,Class 2, , , , ,4918
326422.7996,672363.5386,dentist,David Field,Class 2,Class 2,Class 2,Class 2, , ,4919
326428.5073,672350.5845,vacant, ,Class 2,Vacant, , , , ,4920
326442.215,672323.031300001,bank,Clydesdale Bank,Class 2,Class 2,Vacant,Class 1,22-24 NEWINGTON ROAD,EH9 1QS,4921
326443.9687,672318.0627,chemist,Moss,Class 1,Class 1,Class 1,Class 1,28-30 NEWINGTON ROAD,EH9 1QS,4922
326458.8768,672291.338199999,optician,Dollond & Aitchison,Class 1,Class 1,Class 1,Class 1,56 NEWINGTON ROAD,EH9 1QN,4923
326463.785,672283.3069,hot food take-away,China Cuisine,Class 1,SUI GENERIS,Vacant,Vacant,58 NEWINGTON ROAD,EH9 1QN,4924
326465.5386,672278.922700001,health foods,Roots Wholefoods,Class 1,Class 1,Class 1,Class 4,60 NEWINGTON ROAD,EH9 1QN,4925
326467.5845,672274.246400001,gifts,Tugs,Class 1,Class 1,Class 2,Class 2,64 NEWINGTON ROAD,EH9 1QN,4926
326469.3382,672270.7391,grocer,Lothian Supermarket,Class 1,Class 1,Class 1,Class 4,66 NEWINGTON ROAD,EH9 1QN,4927
326474.9541,672260.7996,building society,Halifax,Class 2,Class 2, , , , ,4928
326477.2923,672256.707699999,public house,Southside Steamie,SUI GENERIS,SUI GENERIS, , , , ,4929
326479.8768,672253.292300001,"t.v., radio & video",Robertson,Class 1,Class 1,Class 1,Class 1,76 NEWINGTON ROAD,EH9 1QN,4930
326481.8768,672249.292300001,jeweller,Martyn George,Class 1,Class 1,Class 1,Vacant,78 NEWINGTON ROAD,EH9 1QN,4931
326484.4614,672244.5845,wine merchant,Victoria Wine,Class 1,Class 1,Class 1,Class 1,80 NEWINGTON ROAD,EH9 1QN,4932
326487.2923,672240.0,building society,Abbey National,Class 2,Class 2,Class 2,Class 2,82 NEWINGTON ROAD,EH9 1QN,4933
326489.8768,672235.876800001,vacant, ,Vacant,Vacant,Class 4,Class 4,84 NEWINGTON ROAD,EH9 1QN,4934
329099.0999,673857.185699999,n/t/c,I.D. Mathieson,Class 1,Class 1,Vacant,Class 1,"3 MOUNTCASTLE DRIVE, NORTH",EH8 7SA,4935
329109.329,673855.149800001,grocer,Mountcastle Licensed Grocers,Class 1,Class 1, , , , ,4936
329123.0282,673823.329,baker,McGregor's Home Bakery,Vacant,Class 1, , , , ,4937
329128.4571,673822.378900001,"greeting cards, gifts",Best Wishes,Class 4,Class 1,Class 1,Class 1,"2A MOUNTCASTLE DRIVE, NORTH",EH8 7SJ,4938
321259.512,676172.0,vacant, ,Vacant,Vacant,SUI GENERIS,SUI GENERIS,49 MUIRHOUSE GARDENS,EH4 4TD,4939
321260,676179,grocer,Right Price,Class 1,Class 1,Vacant,Class 1,51 MUIRHOUSE GARDENS,EH4 4TD,4940
321260.6506,676184.976,baker,Donachie,Class 1,Class 1,Class 1,Class 1,53-55 MUIRHOUSE GARDENS,EH4 4TD,4941
321261.1627,676191.138599999,n/t/c,Premier,Class 1,Class 1,Class 1, , , ,4942
321261.7893,676200.0,grocer,Jasda Superstore,Class 1,Class 1,Class 1,Class 1,57 MUIRHOUSE GARDENS,EH4 4TD,4943
325936.6992,676176.062000001,residential, ,Class 1,Class 9, , , , ,4944
325941.6108,676166.3364,t-shirts & t-shirt printing,Image,Class 1,Class 1, , , , ,4945
325946.4868,676156.124,printers & photocopying,Image,Class 4,Class 4, , , , ,4946
324022.3607,672581.3715,food take-away,2a Take Away,Class 1,Class 1, , , , ,4947
323577.5426,672606.2129,joiners,Denholm & Sutherland,Class 4,Class 4, , , , ,4948
323533.6702,672605.8617,residential, ,Vacant,Class 9, , , , ,4949
323408,672634,electrical contractors,Walker & Ward,Class 4,Class 4,Class 4,Vacant,1 MURIESTON PLACE,EH11 2LT,4950
323491.2767,672504.4681,baker,William Anderson (Bakers) Ltd.,Class 1,Class 1,Class 1,Class 1,2 MURIESTON ROAD,EH11 2JH,4951
323482.4788,672516.1383,vacant, ,Class 11,Vacant, , , , ,4952
323469.6064,672528.1383,vacant, ,Vacant,Vacant, , , , ,4953
323466.9469,672531.595699999,road surfacing contractor,M & M Surfacing,Class 2,Class 4, , , , ,4954
319752,670070,service station,Shell, ,SUI GENERIS, , , , ,4955
322887.6709,673274.6394,launderette,Rex,Class 1,Class 1,Class 1,Class 1,1 MURRAYFIELD PLACE,EH12 6AA,4956
322891.696,673275.3103,hairdresser,Flix Hair Design,Class 1,Class 1,Class 1,Class 1,3 MURRAYFIELD PLACE,EH12 6AA,4957
322898.6771,673276.9749,jeweller,Brendan Haddock,Class 1,Class 1,Class 1,Class 1,4 MURRAYFIELD PLACE,EH12 6AA,4958
322903.7086,673278.3166,florist,Edinburgh Flower Shop,Class 1,Class 1,Class 1,Class 1,6 MURRAYFIELD PLACE,EH12 6AA,4959
322908.7086,673279.2663,surveyors,Shields & Co.,Class 1,Class 4,Class 4,Class 4,8 MURRAYFIELD PLACE,EH12 6AA,4960
325435.477,674512.253799999,vacant, ,UNKNOWN USE,Vacant, , , , ,4961
327160,670366,service station,Shell,SUI GENERIS,SUI GENERIS, , , , ,4962
323672,668297,supermarket - large,Safeway, ,Class 1,Class 1,Class 1,30 NEW SWANSTON,EH10 7AA,4963
331483.5177,671683.411599999,d.i.y.,Wickes, ,Class 1,Class 1,Class 1,(80) NEWCRAIGHALL ROAD,EH15 3HS,4964
313699,678353,public house,Hawes Inn,SUI GENERIS,SUI GENERIS,SUI GENERIS,SUI GENERIS,7 NEWHALLS ROAD,EH30 9TA,4965
326954.0574,675999.3718,cafe,Salata Verdi,Class 3,Class 3,Vacant, , , ,4966
326957.6594,675998.246200001,charity shop,British Heart Foundation,Vacant,Class 1,Class 1, , , ,4967
326964.4132,675995.994899999,clothing,Damart Extra,Class 1,Class 1, , , , ,4968
326963.5287,675988.0363,t.v. & hi-fi,Colorvision,Class 1,Class 1,Vacant,Class 1,35 NEWKIRKGATE,EH6 6AA,4969
326961,675979,shoes,Timpson,Class 1,Class 1,Class 1,Class 1,36 NEWKIRKGATE,EH6 6AA,4970
326958.5759,675970.476399999,electrical goods,Scottish Power,Class 1,Class 1, , , , ,4971
326957.2251,675965.9739,electrical goods,Scottish Power,Class 1,Class 1, , , , ,4972
326955.1256,675960.0,gents clothing,Burton,Class 1,Class 1,Class 1,Vacant,39 NEWKIRKGATE,EH6 6AA,4973
326953.1939,675953.523600001,greeting cards & gifts,Birthdays,Class 1,Class 1,Class 1,Class 1,41 NEWKIRKGATE,EH6 6AA,4974
326950.2513,675943.848200001,chemist,Boots,Class 1,Class 1,Class 1,Class 1,42 NEWKIRKGATE,EH6 6AA,4975
322159.7464,671165.131999999,public house,Newmarket Bar (Pockets),SUI GENERIS,SUI GENERIS, , , , ,4976
329182.8898,668612.110200001,grocer,Gilmerton Shop-in Centre,Class 1,Class 1, , , , ,4977
329172.8933,668604.633400001,vacant, ,Class 1,Vacant,Class 4,Class 4,15 NEWTOFT STREET,EH17 8RG,4978
329169.5232,668601.213400001,hot food take-away,Sanam Fast Food,Class 1,SUI GENERIS,SUI GENERIS,SUI GENERIS,17 NEWTOFT STREET,EH17 8RG,4979
329163.2599,668596.4768,betting shop,William Hill,Class 2,Class 2,Class 2,Class 2,19 NEWTOFT STREET,EH17 8RG,4980
329114.6833,668554.4234,restaurant (Chinese),Haloman,Class 3,Class 3,SUI GENERIS,SUI GENERIS,39 NEWTOFT STREET,EH17 8RB,4981
326044.2923,673212.661800001,grocer,Bismillah Foodstore,Vacant,Class 1,Class 1,Class 1,3 NICOLSON SQUARE,EH8 9BH,4982
326038.7536,673210.292300001,travel agent,Campus Travel,Class 1,Class 1,Vacant,Class 2,5 NICOLSON SQUARE,EH8 9BH,4983
326034.6618,673207.9541,books,D.L.s,Class 1,Class 1,Class 1,Vacant,6 NICOLSON SQUARE,EH8 9BH,4984
326028.7682,673205.123199999,hot food take-away,Kebab Mahal,SUI GENERIS,SUI GENERIS,SUI GENERIS,SUI GENERIS,7 NICOLSON SQUARE,EH8 9BH,4985
313538.0597,678288.075200001,public house & restaurant,Two Bridges, ,SUI GENERIS, , , , ,4986
313669.885,678345.807600001,coffee shop & hot food take-away,Scotch Corner,Class 3,Class 3,Class 3,Class 3,4 NEWHALLS ROAD,EH30 9TA,4987
325641.3174,676997.376399999,n/t/c,Newhaven Newsagents,Class 1,Class 1, , , , ,4988
325635.417,676998.2841,vacant, ,Vacant,Vacant, , , , ,4989
325629.9705,676999.1919,fire protection equipt. ?,Aquafire Systems,Vacant,Class 2,Vacant,Vacant,7 NEWHAVEN MAIN STREET,EH6 4LJ,4990
325521.0,677012.269400001,bicycle repairs & hire,Claymore Cycles - N. Bain,Class 2,Class 1,Vacant,Vacant,21 NEWHAVEN MAIN STREET,EH6 4NA,4991
325363.8229,677004.630999999,post office,Newhaven Post Office,Class 1,Class 1,Class 1,Class 9, , ,4992
325356.9078,677004.177100001,financial services,Financial Advisory Centre,Class 2,Class 2,Class 2,Class 3,47 NEWHAVEN MAIN STREET,EH6 4NQ,4993
325643.4539,677018.084899999,grocer,Crollas of Newhaven,Class 1,Class 1,Class 1,Class 1,8 NEWHAVEN MAIN STREET,EH6 4HY,4994
325633.3616,677019.730599999,public house,The Bow Tow,SUI GENERIS,SUI GENERIS, , , , ,4995
325544.0,677137.619899999,restaurant & hot food take-away,Harry Ramsden, ,Class 3, , , , ,4996
326104,675769,electrical goods,Comet,Class 1,Class 1,Class 1,Class 9, , ,4997
326044.0613,675757.237600001,soft furnishings,Texstyle World,Class 1,Class 1,Class 1,Class 9, , ,4998
326035.4119,675749.0,bedroom furniture,Edinburgh Bedding Centre,Class 1,Class 1, , , , ,4999
326025.9387,675741.1743,shoes,Shoefayre,Class 1,Class 1,Vacant,Class 9, , ,5000
325961.8232,676125.3628,hot food take-away (Indian),Spice Avenue Tandoori,Vacant,SUI GENERIS, , , , ,5001
325959.4868,676130.4603,hot food take-away (Indian),Spice Avenue Tandoori,SUI GENERIS,SUI GENERIS, , , , ,5002
325866.1331,676305.911599999,estate agents,Duncan & Wallace,Class 4,Class 2,Class 2,Class 2,131 NEWHAVEN ROAD,EH6 4NP,5003
325865.4959,676311.2215,ceramic tiles,Traynor Tiling,Class 1,Class 1,Class 1,Class 4,133 NEWHAVEN ROAD,EH6 4NP,5004
326155.4119,675761.6456,food take-away & contract caterer,Sweet & Savoury,Class 1,Class 1, , , , ,5005
326139.705,675778.293099999,post office,Pilrig Toll Post Office,Class 1,Class 1,Class 1,Vacant,8 ELIZAFIELD,EH6 5PY,5006
326129.5287,675791.116900001,vacant, ,Vacant,Vacant, , , , ,5007
326133.705,675785.9406,vacant, ,Class 4,Vacant, , , , ,5008
326102,675827,hairdresser,Style Corner,Class 1,Class 1, , , , ,5009
325994.7967,676084.749399999,public house,Bonnington Bridge Bar,SUI GENERIS,SUI GENERIS,SUI GENERIS,Vacant,74-76 NEWHAVEN ROAD,EH6 5QG,5010
325988.876,676124.690099999,auto parts,Teviot Motor Factors,Class 1,Class 1, , , , ,5011
325972.814,676163.1149,grocer,Newhaven Licensed Grocer,Class 1,Class 1,Class 1,Class 1,96-98 NEWHAVEN ROAD,EH6 4BS,5012
325970.0529,676168.0,n/t/c,M.L. Hanif,Class 1,Class 1,SUI GENERIS,SUI GENERIS,100 NEWHAVEN ROAD,EH6 4BS,5013
325966.3273,676175.813999999,financial services,Wilsons Insurance Services,Class 4,Class 2,Class 2,Vacant,102 NEWHAVEN ROAD,EH6 4BS,5014
325963.9909,676180.4868,hot food take-away,Mulberry Bush,Class 1,SUI GENERIS,SUI GENERIS,SUI GENERIS,104 NEWHAVEN ROAD,EH6 4BS,5015
325915.1768,676273.840500001,veterinary surgery,Batchelor Davidson & Watson,Class 2,Class 2,Class 2,Class 2,124 NEWHAVEN ROAD,EH6 4BR,5016
325912.8405,676278.300799999,butcher,Peter A. Lee,Class 1,Class 1,Class 4,Class 4,126 NEWHAVEN ROAD,EH6 4BR,5017
325910.9289,676282.548800001,grocer,A.A. Foodstore,Class 1,Class 1,Class 1,Class 1,128 NEWHAVEN ROAD,EH6 4BR,5018
325643.2322,676773.230699999,n/t/c & post office,Newhaven Road Post Office,Class 1,Class 1,Class 1,Class 1,210 NEWHAVEN ROAD,EH6 4QE,5019
325641.8497,676777.385399999,hairdresser,Special Effects,Class 1,Class 1,Class 1,Class 1,210A NEWHAVEN ROAD,EH6 4QE,5020
325640.695,676781.9955,catering contractors,Premier Catering Co.,Class 1,Class 4,Class 4,Class 3,210B NEWHAVEN ROAD,EH6 4QE,5021
325636.8527,676803.001499999,grocer,A & R Supermarket,Class 1,Class 1,Class 1,Class 1,218 NEWHAVEN ROAD,EH6 4QE,5022
325637.0789,676818.464299999,builders,Waverley Building Co.,Class 4,Class 4,Class 9, , , ,5023
325637.3095,676823.538699999,antique restoration workshop,J. & J. Hardie,Class 4,Class 4,Vacant,Class 1,222-224 NEWHAVEN ROAD,EH6 4JY,5024
325666.4391,676986.8783,hot food take-away,Wok Inn,Class 4,SUI GENERIS,SUI GENERIS,SUI GENERIS,258-260 NEWHAVEN ROAD,EH6 4LH,5025
326396.7077,672295.5386,vacant, ,Vacant,Vacant, , , , ,5026
326392.2923,672297.215,upholsterer,Suite Seat,Class 4,Class 4, , , , ,5027
326439.9563,672402.442399999,public house,The Wine Glass, ,SUI GENERIS,SUI GENERIS,SUI GENERIS,1-5 NEWINGTON ROAD,EH9 1QR,5028
326444.8936,672390.862199999,vacant, ,Vacant,Vacant,Class 11,Class 1,9 NEWINGTON ROAD,EH9 1QR,5029
326448.2923,672383.9541,restaurant (Chinese),Chinatown,Class 3,Class 3,Class 3,Class 3,13 NEWINGTON ROAD,EH9 1QR,5030
326451.1232,672376.8309,dry cleaner,Euroclean,Vacant,Class 1,Class 1,Class 1,17 NEWINGTON ROAD,EH9 1QR,5031
326454.7077,672370.5845,vacant, ,Class 1,Vacant,Class 3,Class 3,21 NEWINGTON ROAD,EH9 1QR,5032
326458,672363,gifts,Casablanca,Class 1,Class 1,Class 1,Class 1,25 NEWINGTON ROAD,EH9 1QR,5033
326462.2923,672352.077299999,café,Metropole,Class 2,Class 3,Class 3,Class 3,29-33 NEWINGTON ROAD,EH9 1QR,5034
326473.57,672328.553200001,building society,Alliance & Leicester,Class 2,Class 2,Class 1,Class 2,43 NEWINGTON ROAD,EH9 1QW,5035
326477.094,672321.031300001,vacant, ,Vacant,Vacant,Class 1,Class 1, , ,5036
326492.5073,672230.507300001,shoes,James Allan,Class 1,Class 1,Class 1,Class 1,86 NEWINGTON ROAD,EH9 1QN,5037
326496,672222,dress fabrics,Remnant Kings,Class 1,Class 1,Class 1,Class 2,88 NEWINGTON ROAD,EH9 1QN,5038
326968.3457,675945.3036,hairdresser,Barber Shop (R.Kiero),Class 1,Class 1,Class 1,Class 1,2 NEWKIRKGATE,EH6 6AA,5039
326969.9216,675950.6492,furniture,Crazy George's,Class 1,Class 1, , , , ,5040
326971.4452,675955.774900001,furniture,Crazy George's,Class 1,Class 1, , , , ,5041
326978.8584,675978.287599999,chemist,Superdrug,UNKNOWN USE,Class 1,Class 1,Class 1,4(B) NEWKIRKGATE,EH6 6AA,5042
326982.0944,675986.6391,"wallpaper, paints",Fads,Class 1,Class 1,Vacant,Vacant, , ,5043
326984.7959,675993.8431,t.v. & video rental,Granada,Class 1,Class 1,Class 1,Class 2,6 NEWKIRKGATE,EH6 6AD,5044
326986.1467,675998.570800001,optician,Optical Express,Class 1,Class 1,Class 1,Class 1,7 NEWKIRKGATE,EH6 6AD,5045
326987.565,676003.805400001,shoes,Shoe Express,Class 1,Class 1, , , , ,5046
326989.366,676009.2085,shoes,Shoe Express,Class 1,Class 1, , , , ,5047
326990.7487,676013.2985,gas showroom,Energy Centre Scottish Gas,Class 1,Class 1, , , , ,5048
326993.0,676020.727700001,ladies clothing,Kirkwood Fashions,Class 1,Class 1, , , , ,5049
326989.6856,676059.2455,mixed durable goods,Poundstretcher,Class 1,Class 1, ,Class 2,12 NEWKIRKGATE,EH6 6AD,5050
326967.565,676023.910700001,butcher,Alex Munro,Class 1,Class 1,Class 1,Class 1,14 NEWKIRKGATE,EH6 6AD,5051
326964.8693,676016.381999999,charity shop,Imperial Cancer Research Fund,Class 1,Class 1,Class 1,Class 1,15 NEWKIRKGATE,EH6 6AD,5052
326963.5127,676010.6282,n/t/c,R.S. McColl,Class 1,Class 1,Class 1,Class 1,16 NEWKIRKGATE,EH6 6AD,5053
326911.7335,676013.779999999,shoes,Shoefayre,Class 1,Class 1,Class 1, , , ,5054
326915.074,676012.5854,frozen food,Farm Foods,Class 1,Class 1, , , , ,5055
326920.1161,676010.9311,children's clothing,Tot Spot,Class 1,Class 1, , , , ,5056
326923.8903,676009.727700001,nursery equipment & clothes,Young Days,Class 1,Class 1,Vacant, , , ,5057
326928.1677,676008.151799999,jeweller,Jeneil Jewellers,Class 1,Class 1,Class 1, , , ,5058
326932.22,676006.801000001,gifts,Choices,Class 1,Class 1,Vacant, , , ,5059
326936.7226,676005.450300001,knitting wool,The Wool Wearhouse,Class 1,Class 1,Class 1, , , ,5060
326941.2251,676003.874399999,post office,Post Office,Class 1,Class 1,Vacant, , , ,5061
326945.7277,676002.2985,"discount toiletries, household goods",Krackers,Vacant,Class 1,Vacant, , , ,5062
329398.8018,671749.3664,grocer,Combe,Class 1,Class 1,Demolished, , , ,5063
328962.3086,671745.122199999,supermarket,Kwik Save / Iceland,Class 1,Class 1, , , , ,5064
329934.1614,671802.0339,n/t/c,A1 Newsagent,Class 2,Class 1, , , , ,5065
329980,671833,vacant, ,Vacant,Vacant, , , , ,5066
329980,671833,grocer,Somerville General Store,Class 1,Class 1, , , , ,5067
329978.3651,671816.872500001,vacant, ,SUI GENERIS,Vacant, , , , ,5068
329985.1656,671818.740900001,grocer,Niddrie Mini-Market,Class 1,Class 1, , , , ,5069
329990.8046,671820.5604,vacant, ,Class 1,Vacant, , , , ,5070
330003.0977,671824.6581,chemist,Lindsay & Gilmour,Class 1,Class 1, , , , ,5071
329996.9512,671822.1995,post office,Hay Drive Post office,Class 1,Class 1, , , , ,5072
328835.3657,671632.363,confectioner,S. Luca,Class 1,Class 1,Class 2,Class 2,2 NIDDRIE MAINS ROAD,EH16 4BG,5073
328839.927,671632.910399999,baker,Crawfords,Class 1,Class 1,SUI GENERIS,SUI GENERIS,4 NIDDRIE MAINS ROAD,EH16 4BG,5074
328844.2895,671633.637499999,n/t/c,Amir & Sons,Class 1,Class 1,Class 1,Class 1,8-10 NIDDRIE MAINS ROAD,EH16 4BG,5075
328849.379,671634.546399999,ladies clothing,A. Cunningham,Class 1,Class 1,Class 1,Class 1,12-14 NIDDRIE MAINS ROAD,EH16 4BG,5076
328862.2729,671636.362500001,post office,Craigmillar Post Office,Class 1,Class 1,Class 1,Vacant,18 NIDDRIE MAINS ROAD,EH16 4BG,5077
328867.9078,671637.089600001,betting shop,William Hill,Class 2,Class 2,SUI GENERIS,SUI GENERIS,20 NIDDRIE MAINS ROAD,EH16 4BG,5078
328874.911,671638.0901,baker,Greggs,Class 1,Class 1,Class 1,Class 1,22 NIDDRIE MAINS ROAD,EH16 4BG,5079
328879.0917,671638.635399999,hardware,R. Cameron,Class 1,Class 1,Class 1,Class 1,24 NIDDRIE MAINS ROAD,EH16 4BG,5080
326950.2302,676000.7226,grocer (dry goods),Scoopa Market,Vacant,Class 1,Vacant, , , ,5081
326024.0918,673202.785,travel agent,World Beater,Class 1,Class 1,Class 1,Class 1,9 NICOLSON SQUARE,EH8 9BH,5082
326020.5845,673201.031300001,grocer,Mahir Store,Class 1,Class 1,Class 1,Class 1,10 NICOLSON SQUARE,EH8 9BH,5083
326017.0773,673199.2777,vacant, ,Class 1,Vacant,Vacant,Vacant,11 NICOLSON SQUARE,EH8 9BH,5084
326005.5845,673182.0,stationery / printing,Falcon Press,Class 1,Class 1,Class 3,Class 3, , ,5085
326054.9541,673155.292300001,vacant, ,Class 4,Vacant, , , , ,5086
326063.43,673158.7996,bank,Clydesdale Bank,Class 2,Class 2,Class 2,Class 2,30 NICOLSON SQUARE,EH8 9BX,5087
326073.2004,673162.876800001,vacant ground - demolished after fire, ,Class 2,Demolished,Demolished, , , ,5088
326076.7325,673164.874700001,vacant ground - demolished after fire, ,Vacant,Demolished,Demolished, , , ,5089
326017.0,673301.43,art & picture framing,Edinburgh Arts & Picture Framers,Class 1,Class 1,Class 1,Class 1,1-3 NICOLSON STREET,EH8 9BE,5090
326019.3382,673292.3695,information office,Edinburgh University Information Centre,Class 1,Class 2,Class 4,Class 1,7 NICOLSON STREET,EH8 9BE,5091
326024.2004,673279.707699999,redeveloped --> Festival Theatre, ,Class 1,Redeveloped, , , , ,5092
326027.3695,673270.8309,redeveloped --> Festival Theatre, ,Class 1,Redeveloped, , , , ,5093
326030.6618,673262.661800001,redeveloped --> Festival Theatre, ,Class 1,Redeveloped, , , , ,5094
326044.0,673238.7223,restaurant,City Restaurant,SUI GENERIS,Class 3,Class 3,Class 3,35 NICOLSON STREET,EH8 9BE,5095
326047.7996,673229.3695,"fancy goods, gifts",Pound Savers,Class 1,Class 1,Class 1,Class 1,37-41 NICOLSON STREET,EH8 9BE,5096
326053.3382,673215.9541,betting shop,Ladbrokes,Class 3,Class 2,Class 2,Class 2,43-45 NICOLSON STREET,EH8 9BE,5097
326081.6764,673165.7996,demolished after fire, ,Class 1,Demolished, , , , ,5098
326086.9082,673154.1691,greengrocer,Fruit Rite,Class 1,Class 1,Class 1,Class 1,51 NICOLSON STREET,EH8 9BZ,5099
326088.6618,673150.3695,n/t/c & greeting cards,Southside Newsagent,Class 1,Class 1,Class 1,Class 1,53 NICOLSON STREET,EH8 9BZ,5100
326092.9227,673140.5386,soft furnishings,Discount Curtains & Bedding,Class 1,Class 1,Class 1,Class 1,59 NICOLSON STREET,EH8 9BZ,5101
326096.0,673134.1691,charity shop,Capability Scotland,Class 1,Class 1,Class 1,Class 1,61-63 NICOLSON STREET,EH8 9BZ,5102
326101.2464,673125.553200001,casual clothing,Jean Shop,Class 1,Class 1,Class 3,Class 3,67 NICOLSON STREET,EH8 9BZ,5103
326103.2923,673120.876800001,hairdresser,Visual Hair Design,Class 1,Class 1,Class 1,Class 1,69 NICOLSON STREET,EH8 9BZ,5104
326105.6305,673116.492699999,baker,Crawfords,Vacant,Class 1,Class 1,Class 3,71 NICOLSON STREET,EH8 9BZ,5105
326107.6764,673112.1086,fishmonger,Carnies,SUI GENERIS,Class 1,Class 3,Class 3,75 NICOLSON STREET,EH8 9BZ,5106
326110.0146,673107.139900001,grocer (dry goods),Barrelhouse Weigh to Save,Class 1,Class 1,Class 1,Class 1,77 NICOLSON STREET,EH8 9BZ,5107
326112.8309,673100.7223,chemist,Vantage / Southside Pharmacy,Vacant,Class 1, , , , ,5108
326115.7536,673095.1691,chemist,Vantage / Southside Pharmacy,Class 1,Class 1,Class 1,Class 1,79-81 NICOLSON STREET,EH8 9BZ,5109
326118.6764,673089.615900001,"discount toiletries, household goods",Krackers,Vacant,Class 1,Class 1,Class 1,85-87 NICOLSON STREET,EH8 9BZ,5110
326133.1086,673062.9519,grocer,Alldays 24 hour shop, ,Class 1, , , , ,5111
326138.3695,673052.137800001,vacant, , ,Vacant, , , , ,5112
326141.8768,673044.5386,vacant, , ,Vacant, , , , ,5113
326145.0918,673032.8477,vacant, , ,Vacant, , , , ,5114
326146.8455,673024.664000001,vacant, , ,Vacant,Class 3,Class 3,99 NICOLSON STREET,EH8 9BY,5115
326148.3069,673017.9417,vacant, , ,Vacant,SUI GENERIS,SUI GENERIS,101 NICOLSON STREET,EH8 9BY,5116
326153,672977,tiles,Gibson Tiling,Class 1,Class 1,Class 1,Class 3,119 NICOLSON STREET,EH8 9ER,5117
326153,672977,shoe repairs / key cutting / engraving,Shoeperior,Class 1,Class 1,Class 1,Class 1,121 NICOLSON STREET,EH8 9ER,5118
326160,672965,vacant, ,Class 1,Vacant,Vacant,Vacant,125 NICOLSON STREET,EH8 9ER,5119
326160,672965,financial services,Mortgage Advisory Centre,Class 2,Class 2,Class 2,Vacant,127-129 NICOLSON STREET,EH8 9ER,5120
326040.6931,673314.922700001,vacant, ,Class 1,Vacant,Class 3,Class 3,2 NICOLSON STREET,EH8 9DH,5121
326041.8622,673312.5845,leather goods,European Leather Fashions,Class 1,Class 1, , , , ,5122
326044.4927,673304.985400001,delicatessen,Jordan Valley,Class 1,Class 1, , , , ,5123
326042.4468,673310.246400001,restaurant,Nicolson's,Class 1,Class 3,Class 3,Class 3,6A NICOLSON STREET,EH8 9DH,5124
326048.8017,673290.507300001,musical instruments,Varsity Music Shop,Class 1,Class 1, , , , ,5125
326050.2631,673286.4155,vacant, ,Class 4,Vacant,Class 3,Class 1,12 NICOLSON STREET,EH8 9DH,5126
326052.8936,673279.985400001,restaurant (Thai),Ayutthaya,Class 3,Class 3, , , , ,5127
326054.0619,673277.2728,restaurant (Indian),Suruchi,Class 3,Class 3,Class 3,Class 3,14A NICOLSON STREET,EH8 9DH,5128
326054.9395,673275.016799999,amusements,Johnny's Amusements,Class 11,Class 11,Class 3,Class 3,16 NICOLSON STREET,EH8 9DH,5129
326075.6931,673231.292300001,herbalist & health foods,Napiers & Muir,Class 1,Class 1,Vacant,Class 1,18(GF) NICOLSON STREET,EH8 9DH,5130
326078.0313,673226.031300001,stationery,Brown,Class 1,Class 1,Class 1,Vacant,20 NICOLSON STREET,EH8 9DH,5131
326083.4468,673216.7391,hot food take-away,Istanbul,SUI GENERIS,SUI GENERIS,Class 3,Class 3,22 NICOLSON STREET,EH8 9DH,5132
326082.2777,673219.3695,restaurant,Librizzi's,Class 3,Class 3,Class 3,Class 3,22(A) NICOLSON STREET,EH8 9DH,5133
326085.2004,673213.816299999,restaurant,Mr. Medi's,Class 3,Class 3,Class 3,Class 3,26 NICOLSON STREET,EH8 9DH,5134
326090.2777,673205.9541,bank,Royal Bank of Scotland,Class 2,Class 2,Class 2,Class 2,30 NICOLSON STREET,EH8 9DL,5135
326109.9103,673170.8936,greengrocer,Southside Greengrocer,Class 1,Class 1,Class 1,Class 1,44A NICOLSON STREET,EH8 9DT,5136
326113.0627,673165.7391,delicatessen,Sey's Deli,SUI GENERIS,Class 1,Class 11,Class 11,48 NICOLSON STREET,EH8 9DT,5137
326131.3717,673150.4781,department store - mixed durable goods,Scotmid,Class 1,Class 1, , , , ,5138
326123.57,673145.553200001,supermarket,Scotmid,Class 1,Class 1, , , , ,5139
326132.4781,673127.1064,chemist,Superdrug,Class 1,Class 1,Class 1,Class 1,70 NICOLSON STREET,EH8 9DT,5140
326135.1086,673120.968699999,wine merchant,Thresher,Class 1,Class 1,Class 1,Class 1,72 NICOLSON STREET,EH8 9DT,5141
329864,672047,vacant, ,Vacant,Vacant, , , , ,5142
329748.55,671668.0,vacant, ,Class 1,Vacant, , , , ,5143
329750.55,671662.0,vacant, ,Class 4,Vacant, , , , ,5144
329751.875,671656.0,vacant, ,Class 2,Vacant, , , , ,5145
329753.325,671649.775,vacant, ,Class 1,Vacant, , , , ,5146
329755,671644,grocer,Family Choice Superstore,Class 1,Class 1, , , , ,5147
329756.875,671637.0,vacant, ,SUI GENERIS,Vacant, , , , ,5148
330355.4098,671911.687899999,baker,J. Ferguson Bakery & dairy,Class 4,Class 1,Class 1,Class 1,40 NIDDRIE MILL DRIVE,EH15 3EW,5149
330359.5075,671911.687899999,hairdresser,M & M,Class 1,Class 1, , , , ,5150
330369.4437,671911.687899999,vacant, ,Class 1,Vacant, , , , ,5151
330374.3609,671911.278100001,n/t/c,n/a ('Daily Record'),Class 1,Class 1,UNKNOWN USE,Vacant,50 NIDDRIE MILL DRIVE,EH15 3EW,5152
325987.7536,673527.922700001,vacant, ,Vacant,Vacant,Class 4,Class 4,45 NIDDRY STREET,EH1 1LG,5153
325991.6305,673504.1545,public house,Bannerman's,SUI GENERIS,SUI GENERIS,SUI GENERIS,SUI GENERIS,53-57 NIDDRY STREET,EH1 1LG,5154
325568.6931,673631.0459,coffee shop,Common Grounds,Class 1,Class 3,Class 1,Class 1,2-3 BANK STREET NORTH,EH1 2LP,5155
325574.8309,673631.338199999,books,Harkins Booksellers & Church Furnishers,Class 1,Class 1,Class 1,Class 1,4-6 BANK STREET NORTH,EH1 2LP,5156
325533.5386,673622.6764,public house,The Car Wash,SUI GENERIS,SUI GENERIS,SUI GENERIS,SUI GENERIS,11 BANK STREET NORTH,EH1 2LP,5157
326138.0313,673115.4155,baker,Greggs,Class 1,Class 1,Class 1,Class 1,74 NICOLSON STREET,EH8 9DT,5158
326143.0,673108.400900001,frozen food,Farmfoods,Class 1,Class 1,Class 1,Class 1,76 NICOLSON STREET,EH8 9DT,5159
326157.8309,673083.8309,shoe repairs / key cutting / engraving,Timpson,Class 1,Class 1,Class 1,Class 1,78 NICOLSON STREET,EH8 9EW,5160
326155.2004,673087.922700001,jeweller,Continental Jewellers,Class 1,Class 1,Class 1,Class 1,78A NICOLSON STREET,EH8 9EW,5161
326160.4155,673078.123199999,charity shop,Red Cross,Class 1,Class 1,Class 2,Class 2,80 NICOLSON STREET,EH8 9EW,5162
326164.0773,673071.9541,wine merchant,Victoria Wine,Class 1,Class 1,Class 1,Vacant,84 NICOLSON STREET,EH8 9EW,5163
326168.449,673060.1086,n/t/c,The Paper Shop,Class 1,Class 1,Class 1,Class 1,86 NICOLSON STREET,EH8 9EW,5164
326166.9395,673065.292300001,dry cleaner / photo processing,Klick / Munro,Class 1,Class 1,Class 1,Class 2,90 NICOLSON STREET,EH8 9EW,5165
326171.3717,673049.0022,supermarket,Tesco Metro,Class 1,Class 1,Class 1,Class 1,94 NICOLSON STREET,EH8 9EW,5166
326172.5408,673030.296599999,charity shop,British Heart Foundation,Class 1,Class 1,Class 1,Class 1,102 NICOLSON STREET,EH8 9EW,5167
326173.2004,673026.9395,videotape hire,Movie Xpress,Class 1,Class 1,Class 1,Class 3,104 NICOLSON STREET,EH8 9EJ,5168
326174.3695,673021.57,charity shop,Barnado's,Class 1,Class 1,Class 1,Class 1,106 NICOLSON STREET,EH8 9EJ,5169
326175.57,673014.476,chemist,Semichem,Class 1,Class 1,Class 1,Class 1,112 NICOLSON STREET,EH8 9EJ,5170
326177.6159,673003.661800001,t.v. & video,Telecare,Class 1,Class 1,Class 1,Class 1,114 NICOLSON STREET,EH8 9EJ,5171
326179.6472,672994.215,florist,Grants,Class 1,Class 1,Class 1,Class 1,116 NICOLSON STREET,EH8 9EJ,5172
326181.4009,672988.077299999,charity shop,Oxfam,Class 1,Class 1,Class 1,Class 1,120-122 NICOLSON STREET,EH8 9EJ,5173
326183.3549,672978.137800001,greeting cards,The Greetings Box,Class 1,Class 1,Class 1,Class 1,124 NICOLSON STREET,EH8 9EH,5174
326184.2318,672973.753599999,vacant, ,Vacant,Vacant,Class 1,Class 3,126 NICOLSON STREET,EH8 9EH,5175
326184.8163,672969.3695,charity shop,Imperial Cancer Research Fund,Class 1,Class 1, , , , ,5176
326186.9395,672959.922700001,charity shop,Shelter,Class 1,Class 1,Class 1,Class 1,134 NICOLSON STREET,EH8 9EH,5177
326188.1086,672954.9541,clothing (factory clearance),Independent Wholesale Agencies,Class 1,Class 1,Class 1,Vacant,136 NICOLSON STREET,EH8 9EH,5178
326188.9854,672949.6931,restaurant,De Niro's,Class 3,Class 3,Class 3,Class 3,140 NICOLSON STREET,EH8 9EH,5179
330056.1334,671510.0,redeveloped for housing, ,Class 1,Class 9, , , , ,5180
330055.0,671481.444399999,offices / hall,Niddrie Community Enterprises,Class 1,Class 2, , , , ,5181
329367.0691,671799.465500001,vacant, ,Class 1,Vacant, , , , ,5182
329396.3964,671794.0,hot food take-away,Primo Chicken,SUI GENERIS,SUI GENERIS,Vacant,Demolished, , ,5183
329404.6336,671792.099099999,grocer,Singh,Class 1,Class 1,Class 1,Demolished, , ,5184
329350.4655,671759.0,vacant, ,Class 1,Vacant,Demolished, , , ,5185
329360.2372,671757.099099999,grocer,Super Value Licensed Grocer,Vacant,Class 1,Demolished, , , ,5186
329391.1982,671750.6336,vacant, ,Class 1,Vacant, , , , ,5187
328882.9088,671639.1807,bank,T.S.B.,Class 2,Class 2,Class 2,Class 2,28 NIDDRIE MAINS ROAD,EH16 4BG,5188
328887.2713,671639.726,cafe,Chiddy's Cafe,Class 1,Class 3,Vacant,Vacant,30 NIDDRIE MAINS ROAD,EH16 4BG,5189
328913.9072,671643.089600001,bingo shop,Terry's Prize Bingo,Class 11,Class 11,Class 11,Class 1,44 NIDDRIE MAINS ROAD,EH16 4BG,5190
328920.6365,671644.453600001,n/t/c,n/a ('Evening News'),Class 1,Class 1,Class 1,Class 1,46 NIDDRIE MAINS ROAD,EH16 4BG,5191
328925.2729,671645.2719,hot food take-away (Chinese),New Sunrise,Vacant,SUI GENERIS,SUI GENERIS,SUI GENERIS,48 NIDDRIE MAINS ROAD,EH16 4BG,5192
328929.0,671645.908299999,hot food take-away (Indian),Kismet Tandoori,SUI GENERIS,SUI GENERIS,SUI GENERIS,SUI GENERIS,50 NIDDRIE MAINS ROAD,EH16 4BG,5193
328932.4547,671646.2719,hot food take-away,Tony's Pizza & Kebabs,SUI GENERIS,SUI GENERIS, , , , ,5194
328935.9094,671646.726500001,hot food take-away,Tony's Pizza & Kebabs,Class 1,SUI GENERIS, , , , ,5195
328940.1818,671647.453600001,chemist,Castle Pharmacy,Class 1,Class 1,Class 1,SUI GENERIS,56 NIDDRIE MAINS ROAD,EH16 4BG,5196
328945.0912,671648.544199999,chemist,Vantage,Class 1,Class 1,Class 2,Class 2,58-60 NIDDRIE MAINS ROAD,EH16 4BG,5197
328950.2729,671649.635399999,optician,Scott Michael,Class 1,Class 1,Class 1,Class 1,62 NIDDRIE MAINS ROAD,EH16 4BG,5198
328955.169,671650.542099999,vacant, ,Class 1,Vacant,Class 1,Class 1,64 NIDDRIE MAINS ROAD,EH16 4BG,5199
328960.9094,671651.635399999,videotape hire,Global Video,Class 11,Class 1,Class 1,Class 1,66 NIDDRIE MAINS ROAD,EH16 4BG,5200
329006.0043,671660.907199999,public house,The White House,SUI GENERIS,SUI GENERIS,SUI GENERIS,Vacant,70 NIDDRIE MAINS ROAD,EH16 4BG,5201
329018.7281,671663.8156,supermarket,Your More Store,Class 1,Class 1, , , , ,5202
329074.4542,671663.270300001,public house,Castle Tavern,SUI GENERIS,SUI GENERIS,SUI GENERIS,Vacant,82 NIDDRIE MAINS ROAD,EH16 4DT,5203
328883.3047,674181.9131,public house,Broadfields Bistro Bar,Class 1,SUI GENERIS, , , , ,5204
328881.4134,674188.565300001,public house,The Scottie,SUI GENERIS,SUI GENERIS,SUI GENERIS,SUI GENERIS,100 NORTHFIELD BROADWAY,EH8 7RU,5205
329325.8605,673599.4263,grocer,Spar (8 'til late),Class 1,Class 1,Class 1,Class 1,25 NORTHFIELD FARM AVENUE,EH8 7QY,5206
329123.4354,673818.3073,baker,Home Bakery,Vacant,Class 1, , , , ,5207
329126.4213,673814.6428,hairdresser,Annaricci,Class 1,Class 1,Class 1,Class 1,1A NORTHFIELD FARM ROAD,EH8 7QS,5208
325457.0,674459.6423,public house,Star Tavern,SUI GENERIS,SUI GENERIS,SUI GENERIS,SUI GENERIS,1 NORTHUMBERLAND PLACE,EH3 6LQ,5209
325251.4103,674430.0517,wine merchant,Victoria Wine,Class 1,Class 1,Class 1,Class 1,35 NORTHUMBERLAND STREET,EH3 6LR,5210
325049.2479,674373.346100001,grocer,Margiotta,Class 4,Class 1,Class 1,Class 1,71(GF)-75 NORTHUMBERLAND STREE,EH3 6JG,5211
325261.5259,674405.537900001,public house,Wally Dug,SUI GENERIS,SUI GENERIS,SUI GENERIS,SUI GENERIS,32 NORTHUMBERLAND STREET,EH3 6LS,5212
325257.1034,674404.0638,hi-fi equipment,Russ Andrews High Fidelity,Class 1,Class 1,Class 1,Class 1, , ,5213
314645.8695,672458.5978,no trace, ,SUI GENERIS,UNKNOWN USE, , , , ,5214
329091.0016,671662.724400001,betting shop,Victor Gold,Class 2,Class 2,Class 2,Class 2,84 NIDDRIE MAINS ROAD,EH16 4DT,5215
329102.9984,671659.2708,local authority housing office,City of Edinburgh Council,Vacant,Class 2, , , , ,5216
329120.0917,671656.816099999,d.i.y.,Craigmillar Initiatives,Class 1,Class 1, ,Class 2,86-88 NIDDRIE MAINS ROAD,EH16 4DT,5217
329125.5448,671655.3619,hot food take-away,Golden Ho's,SUI GENERIS,SUI GENERIS,SUI GENERIS,SUI GENERIS,90 NIDDRIE MAINS ROAD,EH16 4DT,5218
329130.7265,671653.180199999,wine merchant,Haddows,Class 1,Class 1,Class 1,Vacant,92 NIDDRIE MAINS ROAD,EH16 4DT,5219
329135.9995,671651.6349,advice bureau,Citizens Advice Bureau,Class 1,Class 2,Class 2,Class 2,94 NIDDRIE MAINS ROAD,EH16 4DT,5220
329141.7404,671650.2719,solicitors,Gilfedder & McInnes Law Centre,Class 2,Class 2,Class 1,Class 1,96 NIDDRIE MAINS ROAD,EH16 4DT,5221
329160.2809,671644.8188,demolished, ,Class 1,Demolished, , , , ,5222
329864,672047,vacant, ,Vacant,Vacant, , , , ,5223
329864,672047,vacant, ,Vacant,Vacant, , , , ,5224
325928.3717,673757.3652,computer equipment,NEC, ,Class 2, , , , ,5225
325930.4176,673749.181500001,catalogue showroom,Argos,Class 1,Class 1,Class 1,Class 1,11-15 NORTH BRIDGE,EH1 1SB,5226
325931.879,673741.5824,hairdresser,Studio One International, ,Class 1,Class 1,Class 1,17 NORTH BRIDGE,EH1 1SB,5227
325935.3863,673727.8455,restaurant,Carlyle's, ,Class 3, , , , ,5228
325938.309,673717.3236,restaurant,Pizzaland, ,Class 3,Class 3,Class 3,23 NORTH BRIDGE,EH1 1SB,5229
325940.9395,673707.970799999,"wallpaper, paints",Paperchase, ,Class 1,Class 1,Class 1,25 NORTH BRIDGE,EH1 1SB,5230
325943.57,673696.864399999,electronic goods,Tandy, ,Class 1,Class 1,Class 1,27 NORTH BRIDGE,EH1 1SB,5231
325945.9082,673686.927100001,bank,Royal Bank of Scotland,Class 2,Class 2, , , , ,5232
325836,673983,restaurant & bar,Bridges Brasserie,Vacant,Class 3, , , , ,5233
325837.45,673975.75,knitwear,Cashmere Shop,Class 1,Class 1, , , , ,5234
325839.575,673968.2751,redeveloped, ,Class 1,Redeveloped, , , , ,5235
325841.225,673961.425000001,crystal ware,Edinburgh Gifts,Class 1,Class 1, , , , ,5236
325843.225,673953.875,redeveloped, ,Vacant,Redeveloped, , , , ,5237
325845.225,673946.300000001,redeveloped, ,Class 1,Redeveloped, , , , ,5238
325847.0745,673939.0999,redeveloped, ,Class 3,Redeveloped,Class 1,Vacant,18 NORTH BRIDGE,EH1 1TR,5239
325897.5678,673741.091800001,knitwear,Pitlochry,Class 1,Class 1,Class 1,Class 1,26 NORTH BRIDGE,EH1 1QG,5240
325901.0751,673727.9395,hairdresser,Angus Gordon,Class 1,Class 1,Class 1,Class 9, , ,5241
325899.3214,673734.9541,bank,Clydesdale Bank,Class 2,Class 2,Class 2,Class 2,30 NORTH BRIDGE,EH1 1QG,5242
325902.5365,673721.8017,shoes,Schuh,Class 1,Class 1,Class 1,Class 1,32 NORTH BRIDGE,EH1 1QG,5243
325904.5824,673715.079399999,artists supplies & cards,Aitken Dott & Son,Class 1,Class 1,Class 1,Class 1,36 NORTH BRIDGE,EH1 1QG,5244
325907.8768,673703.9519,jeweller,Herbert Samuel,Class 1,Class 1,Class 1,Class 1,40 NORTH BRIDGE,EH1 1QN,5245
325909.9227,673695.183700001,chemist,Boots,Class 1,Class 1, , , , ,5246
325913.1378,673686.123199999,restaurant,Pizza Hut,Class 3,Class 3, , , , ,5247
325915.476,673677.0627,n/t/c,J & S Newsagents,Class 1,Class 1,Class 1,Class 1,52 NORTH BRIDGE,EH1 1QN,5248
325893.7682,673711.5721,shoe repairs / key cutting,Master Cobbler,Class 1,Class 1,Class 3,Class 3,7-9 NORTH BRIDGE ARCADE, ,5249
325888.5073,673709.5262,untraceable, ,Class 1,UNKNOWN USE,Class 3,Class 3, , ,5250
325885.2923,673705.142100001,leather clothing,Bugati,Class 1,Class 1, , , , ,5251
325890.0,673695.772600001,general clothing,Who's Who,Class 1,Class 1,Class 1,Class 1,8-10 NORTH BRIDGE ARCADE,EH1 1QL,5252
324925.4135,674064.1525,sandwich bar,Munchaway Sandwich Bar,SUI GENERIS,Class 1,Class 1,Class 1,"67 CASTLE STREET, NORTH",EH2 3LJ,5253
324923.9355,674068.5865,restaurant,Singapura, ,Class 3, , , , ,5254
324916.9119,673951.522,public house,Champagne Charlie's,SUI GENERIS,SUI GENERIS,SUI GENERIS,SUI GENERIS,"34A CASTLE STREET, NORTH",EH2 3BN,5255
324892.695,674044.237400001,restaurant,Cosmo,Class 3,Class 3,Class 3,Class 3,"58A CASTLE STREET, NORTH",EH2 3LU,5256
324729.5865,673998.739,delicatessen,Food Glorious Food,Class 2,Class 1,Class 1,Class 1,"5(GF) CHARLOTTE STREET, NORTH",EH2 4HR,5257
326182.602,676429.5759,bicycles,Pedal Supply,Class 2,Class 1, , , , ,5258
326160.1307,676484.2985,butcher & poulterer,J.J. McDonald,Class 1,Class 1,Vacant,Vacant,"19A FORT STREET, NORTH",EH6 4HB,5259
326157.2041,676489.2513,grocer,DM Stores,Class 1,Class 1,Class 1,Class 1,"23 FORT STREET, NORTH",EH6 4HB,5260
326014.0523,676761.3246,supermarket,Scotmid,Class 1,Class 1,Class 1,Class 4,"49-49(A) FORT STREET, NORTH",EH6 4HJ,5261
326033.1518,676844.6231,residential, ,Vacant,Class 9, , , , ,5262
326035.1779,676852.727700001,hairdresser,Kenny's,Class 1,Class 1,Class 1,Class 1,"61 FORT STREET, NORTH",EH6 4HJ,5263
326052.7436,676832.419,residential, ,Class 4,Class 9, , , , ,5264
326054.0944,676838.947699999,residential, ,Class 1,Class 9, , , , ,5265
326055.6703,676847.727700001,betting shop,William Hill,Class 2,Class 2,Vacant,Vacant,"70 FORT STREET, NORTH",EH6 4HL,5266
326058.5969,676855.607100001,public house,Halfway House,SUI GENERIS,SUI GENERIS,SUI GENERIS,SUI GENERIS,"72 FORT STREET, NORTH",EH6 4HL,5267
326464.2774,676628.403100001,grocer,Nimka Store,Class 1,Class 1,Class 1,Class 1,39-41 NORTH JUNCTION STREET,EH6 6HR,5268
326459.9789,676653.0733,public house,Vine Bar,SUI GENERIS,SUI GENERIS,SUI GENERIS,SUI GENERIS,43-47 NORTH JUNCTION STREET,EH6 6HS,5269
326456.5025,676666.3036,post office,North Junction Street Sub Post Office,Class 1,Class 1,Vacant,Class 9, , ,5270
326530.0733,676463.994899999,bank,Bank of Scotland,Class 2,Class 2,Class 2,Class 1,2 NORTH JUNCTION STREET,EH6 6HN,5271
326527.5969,676473.9005,bank,Bank of Scotland,Class 4,Class 2, , , , ,5272
326526.4713,676478.6282,hairdresser (gents),Allans Barber,Vacant,Class 1,Class 1,Class 1,12 NORTH JUNCTION STREET,EH6 6HN,5273
326524.5236,676486.947699999,residential, ,Class 4,Class 9, , , , ,5274
326523.398,676493.2513,residential, ,Class 4,Class 9, , , , ,5275
326516.3246,676523.246200001,n/t/c & grocer,Open All Hours,Class 1,Class 1,Vacant,Vacant,22 NORTH JUNCTION STREET,EH6 6HN,5276
326515.4241,676527.2985,vacant, ,Vacant,Vacant,Vacant,Class 9, , ,5277
326514.7487,676530.9005,food take-away,The Snack Bar,Class 1,Class 1, , , , ,5278
326513.8482,676535.403100001,vacant, ,Vacant,Vacant, , , , ,5279
326507.7487,676557.921599999,public house,Swanny's,SUI GENERIS,SUI GENERIS,SUI GENERIS,SUI GENERIS,32 NORTH JUNCTION STREET,EH6 6HP,5280
326505.9477,676564.6754,hot food take-away,Dolphin Fish Bar,SUI GENERIS,SUI GENERIS,SUI GENERIS,SUI GENERIS,36-38 NORTH JUNCTION STREET,EH6 6HP,5281
326478.0944,676682.670299999,residential, ,Vacant,Class 9, , , , ,5282
325637.5558,674260.567500001,n/t/c,City News,Class 1,Class 1,Class 3,Class 3,"15 ST. ANDREW STREET, NORTH",EH2 1HJ,5283
325635.7036,674266.099300001,sandwich bar,Frasers,Class 1,Class 1,Class 1,Class 1,"17 ST. ANDREW STREET, NORTH",EH2 1HJ,5284
325634.8119,674268.892999999,dry cleaner,Care Clean,SUI GENERIS,Class 1, , , , ,5285
325646.3952,674232.8936,public house,Travellers Tryst,SUI GENERIS,SUI GENERIS, , , , ,5286
325636.4511,674263.374199999,hairdresser,Kenneth Kim,Class 1,Class 1,Class 1,Class 1,"16(1F2) ST. ANDREW STREET, NOR",EH2 1HJ,5287
313728.9181,670720.532099999,hairdresser,Volumes 2,Class 1,Class 1,Class 1,Class 9, , ,5288
313733.0819,670710.1228,grocer,Ratho Food Store,Class 1,Class 1,Class 1,Class 1,62 NORTH STREET,EH28 8RR,5289
313737.2456,670699.713500001,chemist,P. Brewster (Vantage),Class 1,Class 1,Class 1,Class 1,64 NORTH STREET,EH28 8RR,5290
313747.6548,670691.3861,heating engineers,Controls Heating,Class 1,Class 4, ,Class 4,68 NORTH STREET,EH28 8RR,5291
324821.3357,674456.111199999,hairdresser,Klownz Hair,Class 1,Class 1,Class 1,Class 1,1 NORTH WEST CIRCUS PLACE,EH3 6ST,5292
324812.8392,674458.432700001,clothing,Hand in Hand,Class 1,Class 1,Class 2,Class 2,3 NORTH WEST CIRCUS PLACE,EH3 6ST,5293
324808.8109,674459.6076,antiques,Dunedin Antiques,Class 1,Class 1,Class 1,Class 1,4 NORTH WEST CIRCUS PLACE,EH3 6ST,5294
324802.7564,674461.579299999,baker,Patisserie Florentin,Class 1,Class 1,Class 1,Class 1,5 NORTH WEST CIRCUS PLACE,EH3 6ST,5295
324797.5531,674463.4256,furniture,The Stock Exchange,Class 1,Class 1,Class 2,Class 2,6 NORTH WEST CIRCUS PLACE,EH3 6ST,5296
324773.3924,674471.418500001,bank,Royal Bank of Scotland,Class 2,Class 2,Class 2,Class 2,11-12 NORTH WEST CIRCUS PLACE,EH3 6SX,5297
324766.5106,674473.432700001,vacant, ,Class 2,Vacant, , , , ,5298
324751.364,674478.761299999,ladies clothing,Elizabeth Ballantyne,Class 1,Class 1, , , , ,5299
324749.0142,674479.600500001,photographic studio,John Doyle,Class 2,Class 2,Class 1,Class 1,18 NORTH WEST CIRCUS PLACE,EH3 6SX,5300
324744.4823,674481.111199999,furniture,A.F. Drysdale,Class 1,Class 1,Vacant,Class 1,20 NORTH WEST CIRCUS PLACE,EH3 6SX,5301
324740.4539,674482.2861,financial advisers,The Tax Shop,Class 1,Class 2,Class 2, ,22 NORTH WEST CIRCUS PLACE,EH3 6SX,5302
324732.461,674484.460999999,pawnbrokers,Duncanson,Class 1,Class 2,Class 1,Class 1,23-24 NORTH WEST CIRCUS PLACE,EH3 6SX,5303
324684.3144,674482.0142,shoes,Stockbridge Shoes,Class 1,Class 1,Class 1,Class 1,25 NORTH WEST CIRCUS PLACE,EH3 6TP,5304
324693.6926,674475.524800001,books,Stockbridge Bookshop,Class 1,Class 1,Class 1,Class 1,26 NORTH WEST CIRCUS PLACE,EH3 6TP,5305
324700.9929,674471.539000001,therapeutic treatment centre,Edinburgh Floatarium,Class 1,Class 2, , , , ,5306
324705.0213,674469.8605,therapeutic treatment centre,Edinburgh Floatarium,Class 1,Class 2, , , , ,5307
324709.1678,674468.357000001,wine merchant,Oddbins,Class 1,Class 1,Class 1,Class 1,30 NORTH WEST CIRCUS PLACE,EH3 6TP,5308
324712.8605,674467.5177,hot food take-away,Take It Away Spud,SUI GENERIS,SUI GENERIS,SUI GENERIS,SUI GENERIS,31 NORTH WEST CIRCUS PLACE,EH3 6TP,5309
324719.3428,674465.9858,sun tan studio,Pro-Tan,Class 1,Class 11,Class 11,Class 1,32 NORTH WEST CIRCUS PLACE,EH3 6TP,5310
324741.0071,674453.6856,furniture,A.F. Drysdale,Class 1,Class 1,Class 1, , , ,5311
324748.5602,674451.5035,"post office, greeting cards",Stockbridge Sub Post Office,Class 1,Class 1,Class 1, , , ,5312
328891.5002,674155.1305,d.i.y.,E. Ferrier,Class 1,Class 1,Class 1,Class 1,88 NORTHFIELD BROADWAY,EH8 7RU,5313
328889.6307,674160.695800001,florist,Wilma's Flower Shop,Class 1,Class 1,Class 1,Class 1,90 NORTHFIELD BROADWAY,EH8 7RU,5314
328887.522,674166.695800001,hot food take-away (Chinese),Hung Wai,SUI GENERIS,SUI GENERIS,SUI GENERIS,SUI GENERIS,92 NORTHFIELD BROADWAY,EH8 7RU,5315
328886.0004,674171.8913,hot food take-away,Giovanni's Fish Bar,SUI GENERIS,SUI GENERIS,SUI GENERIS,SUI GENERIS,94 NORTHFIELD BROADWAY,EH8 7RU,5316
328885.0436,674176.478800001,public house,Broadfields Bistro Bar,Vacant,SUI GENERIS, , , , ,5317
327427.5898,667301.753799999,public house,Old Bordeaux,SUI GENERIS,SUI GENERIS,Vacant,Class 9, , ,5318
328858.2824,670282.767200001,service station,B.P.,SUI GENERIS,SUI GENERIS,Class 1,Class 1,211 OLD DALKEITH ROAD,EH16 4SU,5319
325821,673563,restaurant,Le Sept,Class 3,Class 3,Vacant,Class 3,"7 OLD FISHMARKET CLOSE, ( 190",EH1 1RW,5320
312128.7992,672607.207,bank,Royal Bank of Scotland,Class 2,Class 2,Class 2,Class 2,30 OLD LISTON ROAD,EH28 8SS,5321
319948.7086,672930.373199999,t.v. & video rental,Radio Rentals,Class 1,Class 1,SUI GENERIS,SUI GENERIS,"1 ORMISTON TERRACE, ( ST. JOHN",EH12 7SJ,5322
319943.3417,672931.3794,travel agent,Portman Travel Group,Class 1,Class 1,Class 1,Class 1,"4 ORMISTON TERRACE, ( ST. JOHN",EH12 7SJ,5323
319937.392,672932.031400001,optician,J.G.S. Brown & Partners,Class 1,Class 1,Class 1,Class 1,"5 ORMISTON TERRACE, ( ST. JOHN",EH12 7SJ,5324
319933.0314,672932.696,photographic goods & processing,SupaSnaps,Class 1,Class 1,Class 1,Class 1,"6 ORMISTON TERRACE, ( ST. JOHN",EH12 7SJ,5325
319929.3417,672933.031400001,n/t/c,R.S. McColl,Class 1,Class 1,Class 1,Class 1,"8 ORMISTON TERRACE, ( ST. JOHN",EH12 7SJ,5326
319925.9874,672933.702299999,charity shop,Imperial Cancer Research Fund,Class 1,Class 1,Class 1,Class 1,"9-10 ORMISTON TERRACE, ( ST. J",EH12 7SJ,5327
319917.0063,672935.044,photo processing / dry cleaning,Klick / Munro,Class 1,Class 1,Class 1,Class 1,"12 ORMISTON TERRACE, ( ST. JOH",EH12 7SJ,5328
323928.6595,672933.202099999,residential, ,Class 1,Class 9,residential,residential, , ,5329
323930.7979,672930.5319,vacant, ,Class 1,Vacant,Vacant,Class 9,5 ORWELL PLACE,EH11 2AD,5330
323998,672839,grocer & n/t/c,The Corner Shop - Watsons,Class 1,Class 1, , , , ,5331
323908.2552,672918.127599999,charity shop,Dalry House Shop,Class 1,Class 1, , , , ,5332
323859.4574,672875.9147,residential, ,Class 1,Class 9, , , , ,5333
323605.0983,668702.398700001,public house,Good Companions Roadhouse,SUI GENERIS,SUI GENERIS,SUI GENERIS,SUI GENERIS,2 OXGANGS BANK,EH13 9JT,5334
323656,668752,n/t/c,B. & P. Finn,Class 1,Class 1, , , , ,5335
323666.5298,668753.264900001,wine merchant,Oxgangs Off License (XG),Class 1,Class 1,Class 1,Vacant,3 OXGANGS BROADWAY,EH13 9LQ,5336
323672.3244,668754.0,bakers,Thomas Ford,Class 1,Class 1,Class 1,Vacant,4 OXGANGS BROADWAY,EH13 9LQ,5337
323677.2649,668754.9405,betting shop,Coral,Class 2,Class 2,Class 1,Class 1,4A OXGANGS BROADWAY,EH13 9LQ,5338
323682.5298,668755.735099999,videotape hire,V.I.P.,Class 1,Class 1,Class 1,Vacant,5 OXGANGS BROADWAY,EH13 9LQ,5339
323687.4642,668756.410700001,chemist,J.B. Taylor,Class 1,Class 1, , , , ,5340
323693.5298,668757.205399999,chemist,J.B. Taylor,Class 1,Class 1, , , , ,5341
323698.3244,668758.0,post office,Post Office,Class 1,Class 1,Class 1,Class 1,8 OXGANGS BROADWAY,EH13 9LQ,5342
323692.7946,668738.8542,optician,Spex,Class 1,Class 1, , , , ,5343
323684.0268,668737.589299999,grocer,Broadway Star Supermarket,Class 1,Class 1, , , , ,5344
323679.6816,668737.119100001,butcher,Gary Armstrong,Class 1,Class 1,SUI GENERIS, , , ,5345
323692.7946,668735.410700001,hairdresser,Broadway Style,Class 2,Class 1,Class 1,Class 1,18 OXGANGS BROADWAY,EH13 9LQ,5346
323589,669296,n/t/c,K. Campbell,Class 1,Class 1,Vacant,Vacant,17(2)-19 OXGANGS CRESCENT,EH13 9HJ,5347
323588,669301,hairdresser,Salon Glenroy,Class 1,Class 1,Class 1,Vacant,21 OXGANGS CRESCENT,EH13 9HJ,5348
323587,669307,vacant, ,Class 1,Vacant,Vacant,Vacant,23 OXGANGS CRESCENT,EH13 9HJ,5349
323587,669311,baker,Oven Fresh,Class 1,Class 1,Class 4,Vacant,25 OXGANGS CRESCENT,EH13 9HJ,5350
323587,669317,grocer & videotape hire,Late Shop / Video Vision,Vacant,Class 1,Vacant,Vacant,27 OXGANGS CRESCENT,EH13 9HJ,5351
323586,669328,wine merchant,Todays,Vacant,Class 1, ,Class 1,29-33 OXGANGS CRESCENT,EH13 9HJ,5352
323602,669334,vacant, ,Class 1,Vacant,Class 2,Vacant,35 OXGANGS CRESCENT,EH13 9HJ,5353
323764,668358,restaurant,Hunter's Tryst,SUI GENERIS,Class 3,SUI GENERIS,SUI GENERIS,97(05) OXGANGS ROAD,EH13 9NG,5354
322640.8244,669757.6183,service station,Esso,SUI GENERIS,SUI GENERIS,Class 1,Class 9, , ,5355
323288.9405,669099.860200001,supermarket,Scotmid,Class 1,Class 1,Class 1,Class 1,230 OXGANGS ROAD NORTH,EH13 9BQ,5356
323295.5625,669076.815400001,hot food take-away (Chinese),The Four Seas,SUI GENERIS,SUI GENERIS,SUI GENERIS,SUI GENERIS,232 OXGANGS ROAD NORTH,EH13 9BQ,5357
323299.2709,669064.630799999,hot food take-away,Chip Inn,SUI GENERIS,SUI GENERIS,SUI GENERIS,SUI GENERIS,234 OXGANGS ROAD NORTH,EH13 9BQ,5358
324212.1759,673361.5145,vacant, ,Class 2,Vacant,Class 3,Class 3,1 PALMERSTON PLACE,EH12 5AF,5359
325074.5002,672856.5021,unknown,n/a,Vacant,UNKNOWN USE,Class 1,Class 4,3 PANMURE PLACE,EH3 9HP,5360
319633.2388,674849.830600001,n/t/c & post office,Colin McGlashan,Class 1,Class 1,Class 1,Class 1,17 PARKGROVE STREET,EH4 7NT,5361
319634.5944,674844.6611,hairdresser,Freestyle,Class 1,Class 1,Class 1,Class 1,19 PARKGROVE STREET,EH4 7NT,5362
319635.9166,674837.489,wine merchant,Parkgrove Off License,Class 1,Class 1,Vacant,Class 9, , ,5363
319636.7638,674832.913899999,baker,Parkgrove Bakery,Class 1,Class 1,Class 1,Class 9, , ,5364
319637.6111,674828.0,greengrocer,Vegetable Patch,Class 1,Class 1,Vacant,Class 1,27 PARKGROVE STREET,EH4 7NT,5365
319638.6278,674823.2555,d.i.y.,Parkgrove Home Improvements,Class 1,Class 1,Class 1,Class 1,29 PARKGROVE STREET,EH4 7NT,5366
319639.6444,674817.8806,chemist,Alex Skinner,Class 1,Class 1,Class 1,Class 1,31 PARKGROVE STREET,EH4 7NT,5367
319640.8306,674812.966600001,vacant, ,Class 1,Vacant,Vacant,Vacant,33 PARKGROVE STREET,EH4 7NT,5368
320310.8553,670847.942500001,public house,Silver Wing,SUI GENERIS,SUI GENERIS,SUI GENERIS,SUI GENERIS,(2) PARKHEAD GARDENS,EH11 4AH,5369
320312.7106,670843.912799999,hot food take-away,Sun Rise Fish Bar,SUI GENERIS,SUI GENERIS,SUI GENERIS,SUI GENERIS,6 PARKHEAD GARDENS,EH11 4SQ,5370
320313.6382,670841.593699999,betting shop,Ladbrokes,Class 2,Class 2,Class 2,Class 2,6A PARKHEAD GARDENS,EH11 4SQ,5371
320315.102,670837.7532,videotape hire,Blockbuster Video,Class 1,Class 1,Class 1,Class 1,8 PARKHEAD GARDENS,EH11 4SQ,5372
328038.8595,674177.327199999,butcher,J.S. McAlpine,Class 1,Class 1,Class 1,Vacant,4/5 PARSONS GREEN TERRACE,EH8 7AN,5373
328045.1312,674173.950099999,grocer,Lifestyle 8 Days a Week Convenience Store,Class 4,Class 1,Class 1,Class 1,7 PARSONS GREEN TERRACE,EH8 7AN,5374
328048.4473,674167.709799999,frozen food,Frozen Foods,Class 1,Class 1, , , , ,5375
328073.1201,674168.3124,solicitors,Gray Muirhead,Class 2,Class 2,Class 2,Class 1,14 PARSONS GREEN TERRACE,EH8 7AG,5376
328077.9445,674167.186699999,residential, ,Class 1,Class 9, , , , ,5377
328082.2865,674166.221799999,post office,Jock's Lodge Post Office,Class 1,Class 1,Class 1,Class 1,16 PARSONS GREEN TERRACE,EH8 7AG,5378
328144.658,674153.2015,hot food take-away (Indian),The Rose,Class 1,SUI GENERIS,SUI GENERIS,SUI GENERIS,25 PARSONS GREEN TERRACE,EH8 7AF,5379
328152.5379,674152.397399999,plumbers,Capital Plumbing,Class 2,Class 4,SUI GENERIS,SUI GENERIS,28 PARSONS GREEN TERRACE,EH8 7AF,5380
328159.9797,674151.5934,wine merchant,Victoria Wine,Class 1,Class 1,Class 1,Vacant,29-31 PARSONS GREEN TERRACE,EH8 7AF,5381
328165.1257,674151.1109,hot food take-away,Tasti-Bites,SUI GENERIS,SUI GENERIS,Class 4,Class 4,33 PARSONS GREEN TERRACE,EH8 7AF,5382
328170.4325,674150.467700001,antiques,Nest Egg Antiques,Class 1,Class 1,Vacant,Class 1,34 PARSONS GREEN TERRACE,EH8 7AF,5383
328175.7486,674149.844699999,hairdresser,June Carol Hair Design,Class 1,Class 1,Class 1,Class 1,35 PARSONS GREEN TERRACE,EH8 7AF,5384
328181.5379,674149.0407,florist,The Flower Co.,Class 1,Class 1, , , , ,5385
328907.5531,671896.2565,beds,Blindcraft Beds, ,Class 1,Class 1,Class 1,2 PEFFER PLACE,EH16 4BB,5386
328762.5572,671872.4453,public house,Oman's,SUI GENERIS,SUI GENERIS,SUI GENERIS,SUI GENERIS,1 PEFFER STREET,EH16 4BA,5387
328756.7791,671938.5559,vacant, ,Vacant,Vacant, , , , ,5388
328470.6516,671630.0,toys,Jolly Giant,Class 1,Class 1, , , , ,5389
327827.0531,671482.920299999,redeveloped - m/c garage, ,Class 1,Redeveloped,SUI GENERIS,SUI GENERIS,36 PEFFERMILL ROAD,EH16 5LL,5390
327859.9867,671520.2259,vacant, ,SUI GENERIS,SUI GENERIS, , , , ,5391
321897.1581,676086.0868,grocer,Kwik Save,Class 1,Class 1, , , , ,5392
321881.3163,676082.2093,hot food take-away,New Suen Moon,SUI GENERIS,SUI GENERIS,SUI GENERIS,Vacant,9 PENNYWELL COURT,EH4 4TZ,5393
321864.8597,676078.770500001,betting shop,Ladbrokes,Class 2,Class 2,Class 4,Class 2,11 PENNYWELL COURT,EH4 4TZ,5394
321889.6659,676103.755100001,post office,West Pilton Post Office,Class 1,Class 1,Class 1,Vacant,2 PENNYWELL COURT,EH4 4TZ,5395
321884.1225,676102.4923,"household goods, gifts",BaBa's Cave,Class 1,Class 1, , , , ,5396
321878.0892,676101.229499999,"household goods, gifts",Ba Ba's Cave,Class 1,Class 1, , , , ,5397
321872.9643,676100.089199999,office,n/a,Class 2,Class 4, ,Class 2,(17) PENNYWELL COURT,EH4 4TZ,5398
321867.3852,676098.808599999,advice centre,North Edinburgh Drug Advice Centre,Class 4,Class 2,Class 2,Class 2,10 PENNYWELL COURT,EH4 4TZ,5399
321861.9822,676097.4055,hairdresser,Karisma Hair Salon,Class 1,Class 1, , , , ,5400
321856.0892,676096.0024,n/t/c,El Mexi's - Ali Enterprises,Class 1,Class 1, , , , ,5401
321713,676167,demolished, ,SUI GENERIS,Demolished, , , , ,5402
322005,675916,hot food take-away (Indian),Yaqubs,Class 1,SUI GENERIS, , , , ,5403
321937.5256,676034.5077,carpets,Super Carpets,Class 2,Class 1,Class 1,Class 1,41A PENNYWELL ROAD,EH4 4QR,5404
321930.8727,676049.5077,supermarket,Kwik Save (incl. Curries butcher),Class 1,Class 1, , , , ,5405
321926.4542,676064.0535,vacant, ,Class 1,Vacant, , , , ,5406
321925.3317,676068.459000001,bakers,Greggs,Class 1,Class 1,Class 1,Class 1,45A PENNYWELL ROAD,EH4 4QR,5407
328835.2396,674211.152799999,launderette,Easyclean,Class 1,Class 1,Class 2,Class 2,175 PIERSFIELD TERRACE,EH8 7BR,5408
328841.2174,674212.6744,"carpets, vinyl, linoleum",Abercorn Carpets,Class 4,Class 1,Class 1,Class 1,177 PIERSFIELD TERRACE,EH8 7BR,5409
328769.9473,674081.3135,supermarket - large,Safeway, ,Class 1,Class 1,Class 1,6 PIERSFIELD TERRACE, ,5410
328804,674062,redeveloped, ,Class 1,Redeveloped, , , , ,5411
330428.6777,673933.998400001,greeting cards,The Card Shop,Class 1,Class 1,Class 1,Class 1,125 PORTOBELLO HIGH STREET,EH15 1AF,5412
330433.0049,673928.838,delicatessen,Kitchener's Deli,Class 2,Class 1, , , , ,5413
330437.4992,673923.6777,delicatessen,Kitchener's Deli,Class 1,Class 1, , , , ,5414
330440.6711,673920.1719,shoe repairs,Portobello Cobblers,Class 1,Class 1,Class 1,Class 2,131 PORTOBELLO HIGH STREET,EH15 1AF,5415
330443.676,673916.8331,travel agent,Sibbald Travel,Class 1,Class 1,Class 1,Class 1,135 PORTOBELLO HIGH STREET,EH15 1AQ,5416
328837.0825,674167.703,frozen food,Iceland,Class 1,Class 1,Class 1,Class 1,40-42 PIERSFIELD TERRACE,EH8 7BJ,5417
328393.653,674142.282,hot food take-away,The Belmonte,SUI GENERIS,SUI GENERIS,SUI GENERIS,SUI GENERIS,1 PIERSHILL PLACE,EH8 7EH,5418
328403.1087,674142.716700001,vacant, ,Class 1,Vacant,Class 2,Class 2,3 PIERSHILL PLACE,EH8 7EH,5419
328432.7176,674144.3475,public house,Sean's Lounge Bar,SUI GENERIS,SUI GENERIS,Vacant,Vacant,5 PIERSHILL PLACE,EH8 7EH,5420
328445.5434,674143.9991,public house,"Porters, Piershill Tavern",SUI GENERIS,SUI GENERIS,SUI GENERIS,SUI GENERIS,7 PIERSHILL PLACE,EH8 7EH,5421
328461.6966,674144.455700001,electrical contractors,John Bruce,Vacant,Class 4,Class 2,Class 2,9 PIERSHILL PLACE,EH8 7EH,5422
328468.2178,674144.6731,vacant, ,Class 1,Vacant,SUI GENERIS,SUI GENERIS,11 PIERSHILL PLACE,EH8 7EH,5423
328398.4352,674142.607999999,vacant, ,Class 4,Vacant,SUI GENERIS,SUI GENERIS,2 PIERSHILL PLACE,EH8 7EH,5424
328412.9782,674143.3466,double glazing,Living Design,Class 1,Class 4,Class 1,Vacant,4 PIERSHILL PLACE,EH8 7EH,5425
328455.6739,674144.1951,hot food take-away,Rising Sun,Class 1,SUI GENERIS,SUI GENERIS,SUI GENERIS,8A PIERSHILL PLACE,EH8 7EH,5426
328474.8477,674144.5644,n/t/c,Piershill Newsagents,Class 1,Class 1, , , , ,5427
321921.1225,676085.8573,greengrocer,Fairholm Fruit,Class 1,Class 1,Vacant,Class 2,47A PENNYWELL ROAD,EH4 4QR,5428
321905.6634,676106.5612,wine merchant,Haddows,Class 1,Class 1,Class 1,UNKNOWN USE,49 PENNYWELL ROAD,EH4 4TY,5429
321904.1379,676112.2806,vacant, ,Class 1,Vacant,Class 1, , , ,5430
321901.5588,676124.5791,vacant, ,Class 1,Vacant,Class 2, , , ,5431
321900.296,676130.331700001,frozen food,Farmfoods,Class 1,Class 1,Class 1,Class 1,53A PENNYWELL ROAD,EH4 4TY,5432
321895.9108,676138.9822,n/t/c,R.S. McColl,Class 1,Class 1,Class 1,Class 1,55 PENNYWELL ROAD,EH4 4TY,5433
321894.3674,676145.8573,chemist,Lloyds Chemists,Class 1,Class 1,Class 1,Class 1,55A-57 PENNYWELL ROAD,EH4 4TY,5434
321892.6302,676153.0,butcher,The Pork Sausage,Class 1,Class 1,Class 1,Class 1,57A PENNYWELL ROAD,EH4 4TY,5435
321891.9108,676157.5612,hot food take-away,Gino's,SUI GENERIS,SUI GENERIS,SUI GENERIS,SUI GENERIS,59 PENNYWELL ROAD,EH4 4TY,5436
321890.9679,676162.4945,vacant, ,Class 2,Vacant, , , , ,5437
321889.9501,676166.9154,videotape hire,Global,Class 1,Class 1,Vacant,Class 3,61 PENNYWELL ROAD,EH4 4TY,5438
321884.7788,676178.2454,public house,Penny Farthing,SUI GENERIS,SUI GENERIS,SUI GENERIS,SUI GENERIS,63 PENNYWELL ROAD,EH4 4TY,5439
322161,675707,residential, ,Class 1,Class 9, , , , ,5440
324303.0256,670107.343499999,service station,Gulf,SUI GENERIS,SUI GENERIS, , , , ,5441
318036.2689,667720.039000001,n/t/c,F.M. Malik,Class 1,Class 1,SUI GENERIS,SUI GENERIS,1 PENTLAND VIEW COURT,EH14 5NP,5442
318025.4614,667713.3079,wine merchant,Wine Rack,Class 1,Class 1,Class 1,Class 1,3 PENTLAND VIEW COURT,EH14 5NP,5443
318004.7311,667726.1162,supermarket,Scotmid,Class 1,Class 1,Class 1,Class 1,7 PENTLAND VIEW COURT,EH14 5NP,5444
317996.772,667764.066400001,hot food take-away (Indian),Safe on India,Class 1,SUI GENERIS,SUI GENERIS,SUI GENERIS,9 PENTLAND VIEW COURT,EH14 5NP,5445
318031.2307,667716.769300001,chemist,Lindsay & Gilmour,Class 1,Class 1,Class 1,Class 1,2 PENTLAND VIEW COURT,EH14 5NP,5446
318015.1934,667707.770199999,public house,The Abbott,SUI GENERIS,SUI GENERIS,SUI GENERIS,SUI GENERIS,4-5 PENTLAND VIEW COURT,EH14 5NP,5447
318010.9618,667714.1544,baker,Ford,Class 1,Class 1,Class 1,Vacant,6 PENTLAND VIEW COURT,EH14 5NP,5448
317991.4659,667760.952,hot food take-away,Currie Fish bar,SUI GENERIS,SUI GENERIS,Class 1,SUI GENERIS,8 PENTLAND VIEW COURT,EH14 5NP,5449
325938.8319,674398.3653,vacant, ,SUI GENERIS,Vacant,SUI GENERIS,SUI GENERIS,2 PICARDY PLACE,EH1 3JT,5450
325947.6232,674400.8695,solicitors & estate agents,Neilsons,Class 2,Class 2,Class 2,Class 2,2A PICARDY PLACE,EH1 3JT,5451
325963.571,674407.8465,bank,Bank of Scotland,Class 2,Class 2,Class 2,Class 2,6 PICARDY PLACE,EH1 3JT,5452
325973.5856,674410.817299999,furniture & carpets,Reid Furniture,Class 1,Class 1,Class 1,Vacant,8(GF) PICARDY PLACE,EH1 3JT,5453
325508,677060,cafe,The Market Buffet,Class 3,Class 3,Class 3,Class 3,3 PIER PLACE,EH6 4LP,5454
328681.3947,674178.635199999,financial services,Marbon Insurance Services,Class 2,Class 2,Class 2,Class 2,113 PIERSFIELD TERRACE,EH8 7BS,5455
328686.5399,674179.442299999,design office,Mayburn Design,Class 4,Class 4,Class 4,Class 4,117 PIERSFIELD TERRACE,EH8 7BS,5456
328695.0743,674180.736099999,n/t/c,M. Afzal & Son,Class 1,Class 1,Class 1,Class 1,119 PIERSFIELD TERRACE,EH8 7BS,5457
328700.3204,674181.543199999,betting shop,Ladbrokes,Class 2,Class 2,Class 1,Class 1,123 PIERSFIELD TERRACE,EH8 7BS,5458
328807.4797,674204.2619,tools,Machine Mart,Class 1,Class 1, , , , ,5459
328847.3038,674214.087300001,chemist,Nuchem,Class 1,Class 1,Class 1,Class 1,173 PIERSFIELD TERRACE,EH8 7BR,5460
323221.2177,675904.2542,supermarket - large,Safeway, ,Class 1,Class 1,Class 1,102-104 PILTON DRIVE, ,5461
326849.7226,675996.9789,hairdresser,Hair Studio,Class 1,Class 1,Class 1,Class 1,3 PIRRIE STREET,EH6 5HY,5462
326096.467,676246.6209,residential, ,Vacant,Class 9, , , , ,5463
325965.4777,676184.309900001,catering contractors,Dunedin Cleaning,Class 4,Class 4,Class 4,Class 4,2 PITT STREET,EH6 4BU,5464
326105.445,676215.912,residential, ,Class 4,Class 9, , , , ,5465
326271,676262,public house,The Schooner,SUI GENERIS,SUI GENERIS,Class 4, , , ,5466
326271.7536,673292.0459,wholesale  wines,Laurence Smith & Son,Class 2,Class 2,Class 2,Class 2,61 PLEASANCE,EH8 9TQ,5467
326272.3382,673287.077299999,vacant, ,Vacant,Vacant,Class 3,Vacant,65 PLEASANCE,EH8 9TG,5468
326292.3841,673190.507300001,vacant, ,Class 1,Vacant, , , , ,5469
326299.8768,673044.292300001,residential, ,SUI GENERIS,Class 9, , , , ,5470
326317.1691,673009.0,butcher,W.W. Galloway,Vacant,Class 1,Vacant,Vacant,193 PLEASANCE,EH8 9RU,5471
326321.5845,673002.5845,residential, ,Class 4,Class 9, , , , ,5472
326323.0459,672999.661800001,vacant, ,Vacant,Vacant, ,Vacant,201 PLEASANCE,EH8 9RU,5473
326325.1691,672988.215,costume hire,Alexis Costume Emporium,Vacant,Class 1,Class 1,Class 2,203 PLEASANCE,EH8 9RU,5474
326327.5073,672983.5386,vacant, ,Class 4,Vacant,Class 4,Class 4,207 PLEASANCE,EH8 9RU,5475
326329.6305,672970.707699999,vacant, , ,Vacant, , , , ,5476
326361.1232,672982.5386,licensed club,Lismore Rugby Football Club,Vacant,SUI GENERIS,SUI GENERIS,SUI GENERIS,192 PLEASANCE,EH8 9RT,5477
324003.9287,672344.2678,grocer,Polwarth Fruit Market,Class 4,Class 1,Class 1,Class 1,29 POLWARTH CRESCENT,EH11 1HR,5478
323991.9892,672389.607000001,n/t/c,Pat's Papers,Class 1,Class 1, , , , ,5479
324105.7106,672304.6393,antiques,Edinburgh Coin Shop,Class 1,Class 1,Class 1,Vacant,2 POLWARTH CRESCENT,EH11 1HW,5480
324101.6285,672301.9179,hairdresser,Smith & Jones,Class 1,Class 1,Class 1,Class 1,4 POLWARTH CRESCENT,EH11 1HW,5481
324094.6178,672297.814300001,solicitors & estate agents,Smiths,Class 2,Class 2,Class 2,Vacant,6 POLWARTH CRESCENT,EH11 1HW,5482
324090.0821,672295.092900001,grocer,Polwarth Superstore,Class 1,Class 1,Class 1,Class 1,8 POLWARTH CRESCENT,EH11 1HW,5483
324085.0929,672294.185699999,vacant, ,Vacant,Vacant,Vacant,Vacant, , ,5484
324080.5572,672295.092900001,fishmonger,R.B. Hallyburton,Class 1,Class 1,Vacant,Class 2,12A POLWARTH CRESCENT,EH11 1HW,5485
324075.1144,672298.2678,restaurant,Curry Pot Tandoori Restaurant,Vacant,Class 3,Class 3,Class 3,14 POLWARTH CRESCENT,EH11 1HW,5486
324026.7322,672369.7214,vacant, ,Class 2,Vacant,Class 4,Class 4,36 POLWARTH CRESCENT,EH11 1HN,5487
324027.1857,672364.2786,vacant, ,Class 2,Vacant, , , , ,5488
324009.393,672404.257099999,vacant, ,SUI GENERIS,Vacant, ,Class 1,42 POLWARTH CRESCENT,EH11 1HL,5489
324014.2786,672394.568,office,Stewart Business Centre,Class 1,Class 4, ,Vacant,46-50(BF) POLWARTH CRESCENT,EH11 1HL,5490
324017.4536,672388.218,office,Stewart Business Centre,Class 4,Class 4, ,Class 4,46-50(GF) POLWARTH CRESCENT,EH11 1HL,5491
324065.8143,672268.814300001,bank,Bank of Scotland,Class 2,Class 2,Class 1,Class 1,1 POLWARTH GARDENS,EH11 1JS,5492
324062.2463,672263.3715,post office,Polwarth Post Office,Class 1,Class 1,Class 2,Class 2, , ,5493
324054.5357,672258.8358,grocer & wine merchant,Polwarth General Grocer,Class 4,Class 1,Class 1,Vacant,7 POLWARTH GARDENS,EH11 1JS,5494
323799.0606,672116.0821,grocer,Leslie,Class 1,Class 1, , , , ,5495
323790.8964,672111.546399999,hairdresser,Lesley Elaine's Hair Care,Class 1,Class 1, , , , ,5496
324117.2786,672286.246300001,grocer,Polwarth Mini-Market (Mohammad Ashraf),Class 1,Class 1,Vacant,Class 1,2 POLWARTH GARDENS,EH11 1LW,5497
324113.1965,672283.524900001,vacant, ,Class 1,Vacant,Class 4,Class 4,4 POLWARTH GARDENS,EH11 1LW,5498
324109.1144,672280.8035,butcher,Tait Brothers,Class 1,Class 1,Class 1,Class 1,6 POLWARTH GARDENS,EH11 1LW,5499
324104.5787,672277.6285,hot food take-away,Cosmopolitan,SUI GENERIS,SUI GENERIS,SUI GENERIS,SUI GENERIS,8 POLWARTH GARDENS,EH11 1LW,5500
324102.0929,672274.3499,chemist,McDermid Pharmacy,Class 1,Class 1,Class 1, , , ,5501
324099.3715,672267.546399999,n/t/c,R.G. Scott,Class 1,Class 1,Class 1, , , ,5502
324098.4643,672263.9179,grocer,Scott's Fine Foods,Class 1,Class 1,Class 3,Class 3,16 POLWARTH GARDENS,EH11 1LW,5503
324097.5572,672259.8358,launderette,Bendix,Class 1,Class 1,Class 1,Class 1,20 POLWARTH GARDENS,EH11 1LW,5504
324755.504,672976.2487,office,unknown,Class 1,Class 4,Demolished, , , ,5505
324769.0105,672953.4945,fitness centre & cafe,Bodytalk,Class 1,Class 11, ,Class 2,5 PONTON STREET,EH3 9QQ,5506
312207.9754,678692.5184,"chandlers, sailing accessories",Bosun's Locker,Class 1,Class 1, , , , ,5507
312268.371,678638.901699999,restaurant,Galley Cafeteria,Class 3,Class 3, , , , ,5508
326446.5708,676705.983999999,vacant, ,Vacant,Vacant,Vacant,Vacant,1B-3 PORTLAND PLACE,EH6 6LA,5509
326443.8533,676714.3246,vacant, ,Vacant,Vacant,Vacant, , , ,5510
326441.5548,676722.4241,food take-away,Derrick's Takeaway,Class 1,Class 1,Class 1,Class 1,6 PORTLAND PLACE,EH6 6LA,5511
326439.9789,676727.602,food take-away,The Port Takeaway,Vacant,Class 1,Class 3,Class 3,8 PORTLAND PLACE,EH6 6LA,5512
326436.2041,676735.0995,fishmonger - wholesale & prep. only,Welch,Vacant,Class 2,Class 2,Class 1,10 PORTLAND PLACE,EH6 6LA,5513
326434.8533,676738.476399999,vacant, ,Vacant,Vacant,Class 1,Vacant,12 PORTLAND PLACE,EH6 6LA,5514
326433.5025,676741.8533,n/t/c,Portland News,Vacant,Class 1,Class 1,Class 1,13 PORTLAND PLACE,EH6 6LA,5515
326430.2041,676745.602,hot food take-away,Ocean City,SUI GENERIS,SUI GENERIS,SUI GENERIS,SUI GENERIS,14 PORTLAND PLACE,EH6 6LA,5516
326426.602,676747.6282,n/t/c,Portland Newsagent,Class 1,Class 1,Class 2,Class 1,15 PORTLAND PLACE,EH6 6LA,5517
326421.7277,676750.1779,public house,Portland Bar,SUI GENERIS,SUI GENERIS,SUI GENERIS,SUI GENERIS,17 PORTLAND PLACE,EH6 6LA,5518
326414.2302,676753.801000001,grocer & food take-away,A. Angelosanto,Class 1,Class 1,Class 1,Class 1,18 PORTLAND PLACE,EH6 6LA,5519
326408.8272,676755.827199999,betting shop,Ricky Nelson Racing,Class 2,Class 2,Class 2,Class 2,20 PORTLAND PLACE,EH6 6LA,5520
326397.78,676759.884500001,hot food take-away,Khurram Fish Bar,SUI GENERIS,SUI GENERIS,SUI GENERIS,Vacant,21 PORTLAND PLACE,EH6 6LA,5521
326390.2774,676763.6282,hot food take-away,Khurram Fish Bar,Class 1,SUI GENERIS,SUI GENERIS,Vacant,23 PORTLAND PLACE,EH6 6LA,5522
330415.8265,674005.8347,photo processing / dry cleaning,Klick / Munro,Class 1,Class 1,Class 1,Class 1,100 PORTOBELLO HIGH STREET,EH15 1AL,5523
330417.9967,674003.6645,hot food take-away,Barbecue,SUI GENERIS,SUI GENERIS,SUI GENERIS,SUI GENERIS,102 PORTOBELLO HIGH STREET,EH15 1AL,5524
330422.4975,673998.327299999,florist,The Flower Basket,Class 1,Class 1,Class 1,Class 1,104 PORTOBELLO HIGH STREET,EH15 1AL,5525
330429.8281,673990.157,hot food take-away (Chinese),Chinese Takeaway,SUI GENERIS,SUI GENERIS,SUI GENERIS,SUI GENERIS,108 PORTOBELLO HIGH STREET,EH15 1AL,5526
330432.3322,673987.486,grocer (dry goods),Scoop 'n' Mix,Class 1,Class 1, , , , ,5527
330437.6579,673981.659499999,butcher,Finlays of Portobello,Class 1,Class 1, , , , ,5528
330456.4909,673960.6579,frozen food,Farmfoods,Class 1,Class 1,Class 1,Class 1,120-122 PORTOBELLO HIGH STREET,EH15 1AH,5529
330462.6546,673954.323999999,public house,Pop-In,SUI GENERIS,SUI GENERIS,SUI GENERIS,Class 2,124 PORTOBELLO HIGH STREET,EH15 1AH,5530
330488.9868,673925.662799999,greengrocer,Borders Fresh Farm Products,Class 1,Class 1,Class 1,Class 1,126 PORTOBELLO HIGH STREET,EH15 1AH,5531
330468.9901,673947.662799999,electrical goods,Wash 'n' Vac,Class 1,Class 1,SUI GENERIS,SUI GENERIS,128 PORTOBELLO HIGH STREET,EH15 1AH,5532
330472.6628,673943.4893,n/t/c,R.S. McColl,Class 1,Class 1,Class 1,Class 1,132 PORTOBELLO HIGH STREET,EH15 1AH,5533
330483.9868,673931.6579,wine merchant,Haddows,Class 1,Class 1,Class 1,Class 2,134 PORTOBELLO HIGH STREET,EH15 1AH,5534
330479.157,673937.1603,grocer,Budget Fruit Supplies,Class 1,Class 1,Class 1,Class 1,134A PORTOBELLO HIGH STREET,EH15 1AH,5535
330486.324,673929.1537,bank,T.S.B.,Class 2,Class 2,Class 2,Class 2,134C PORTOBELLO HIGH STREET,EH15 1AJ,5536
330490.9901,673923.3256,baker,Thomas Ford,Class 1,Class 1,Class 1,Class 1,136 PORTOBELLO HIGH STREET,EH15 1AH,5537
330492.6595,673921.656199999,baker,Thomas Ford,Class 1,Class 1, , , , ,5538
330495.481,673918.666099999,wine merchant,Threshers,Class 1,Class 1,Vacant,Class 1,140 PORTOBELLO HIGH STREET,EH15 1AH,5539
330497.9852,673915.6612,n/t/c,Porto News,Class 1,Class 1,Class 1,Class 1,144 PORTOBELLO HIGH STREET,EH15 1AH,5540
330500.3223,673913.157,fishmonger,John Williamson,Class 1,Class 1,Class 1,Class 1,146 PORTOBELLO HIGH STREET,EH15 1AH,5541
330504.8248,673908.3355,children's clothing,Beauty,Class 1,Class 1,Class 1,Class 1,150 PORTOBELLO HIGH STREET,EH15 1AH,5542
326387.1256,676765.429199999,public house,Caley Inn,SUI GENERIS,SUI GENERIS,SUI GENERIS,Vacant,24 PORTLAND PLACE,EH6 6LA,5543
326367.5447,676739.1307,residential, ,Vacant,Class 9, , , , ,5544
326338.3857,676696.4177,vacant, ,Vacant,Vacant, , , , ,5545
326334.7911,676691.516000001,vacant, ,Class 2,Vacant,Vacant,Vacant,25 PORTLAND STREET,EH6 4BB,5546
326331.1965,676686.941,vacant, ,Vacant,Vacant, , , , ,5547
330241.4867,674159.5471,grocer,Good Foods,Class 4,Class 1,Class 1,Class 1,25 PORTOBELLO HIGH STREET,EH15 1DE,5548
330245.3545,674155.679300001,glaziers,Ace Glazing,Class 1,Class 4,Vacant,Class 1,27 PORTOBELLO HIGH STREET,EH15 1DE,5549
330355.1686,674042.1686,café,Jamieson Coffee House,Vacant,Class 3,Class 3,Vacant,79 PORTOBELLO HIGH STREET,EH15 1AW,5550
330357.3388,674039.6645,residential, ,Vacant,Class 9, , , , ,5551
330359.5091,674037.6612,residential, ,Vacant,Class 9, , , , ,5552
330363.5058,674032.6777,public house,Plough Inn,SUI GENERIS,SUI GENERIS,SUI GENERIS,SUI GENERIS,87 PORTOBELLO HIGH STREET,EH15 1AW,5553
330369.0115,674025.193299999,charity shop,Friends of Edin. Dog & Cat Rescue,Class 1,Class 1,Class 1,Class 2,91 PORTOBELLO HIGH STREET,EH15 1AW,5554
330373.519,674020.018100001,office,Housing Improvement Centre,Vacant,Class 2,Class 4,Class 1,95 PORTOBELLO HIGH STREET,EH15 1AW,5555
330387.6645,674005.838,residential, ,Vacant,Class 9, , , , ,5556
330390.6694,674002.1653,confectioner,Arcari's,Class 1,Class 1,Class 1,Class 1,99 PORTOBELLO HIGH STREET,EH15 1AR,5557
330394.3421,673998.3256,t.v. & video,Budget Vision,Vacant,Class 1,Vacant,Class 1,103 PORTOBELLO HIGH STREET,EH15 1AR,5558
330051,674320,electrical goods,Scottish Power,Class 1,Class 1,Vacant,Class 1,113 PORTOBELLO HIGH STREET,EH15 1AR,5559
330398.6694,673979.998400001,security systems,Lockfast Securities,Class 1,Class 4,Vacant,Class 1,115 PORTOBELLO HIGH STREET,EH15 1AR,5560
330402.5008,673976.0033,kitchen & bathroom fittings,Master Plumbing Co.,Class 1,Class 1,Class 1,Class 1,117 PORTOBELLO HIGH STREET,EH15 1AR,5561
330407.5239,673970.796800001,taxi office,Portobello Taxi Service,Class 1,Class 4,Class 1,Class 1,119 PORTOBELLO HIGH STREET,EH15 1AR,5562
330424.6711,673938.3388,post office,Portobello Post Office,Class 2,Class 1,Class 1,Vacant,121 PORTOBELLO HIGH STREET,EH15 1AF,5563
330480.676,673875.995100001,bank,Bank of Scotland,Class 2,Class 2, , , , ,5564
330517.242,673860.579700001,public house,The Central Bar,SUI GENERIS,SUI GENERIS,SUI GENERIS,SUI GENERIS,163 PORTOBELLO HIGH STREET,EH15 1EU,5565
330521.3351,673857.2446,hot food take-away,Munchies,SUI GENERIS,SUI GENERIS,Vacant,Vacant,165 PORTOBELLO HIGH STREET,EH15 1EU,5566
330524.7287,673854.0319,vacant, ,Class 1,Vacant, , , , ,5567
330532.3962,673846.6675,fancy goods,Maggie's Gift Shop,Class 1,Class 1, , , , ,5568
330536.0345,673843.7872,veterinary surgery,Penman,Class 2,Class 2,Class 2,Class 2, , ,5569
330544.1861,673838.0612,bank,Royal Bank of Scotland,Class 2,Class 2,Class 2,Class 2,177 PORTOBELLO HIGH STREET,EH15 1EU,5570
330552.3669,673832.0956,public house,Portobello Bar,SUI GENERIS,SUI GENERIS,SUI GENERIS,SUI GENERIS,187 PORTOBELLO HIGH STREET,EH15 1EU,5571
330556.4548,673829.6116,citizens advice bureau,Citizen's Advice Bureau,Class 2,Class 2,Class 2,Vacant,191-193 PORTOBELLO HIGH STREET,EH15 1EU,5572
330561.758,673826.218,bank,Clydesdale Bank,Class 2,Class 2, , , , ,5573
330576.3988,673818.2206,restaurant (Indian),Raj Mahal,Class 3,Class 3,Class 1,Class 1,201 PORTOBELLO HIGH STREET,EH15 1EU,5574
330587.6994,673812.941400001,betting shop,William Hill,Vacant,Class 2, , , , ,5575
330601.3351,673807.6994,store,n/a,Class 2,Class 4,Class 1,Class 1,209(A) PORTOBELLO HIGH STREET,EH15 1EU,5576
330606.1724,673806.2368,gas appliances,Universal Gas Studios,Class 1,Class 1,Class 1,Class 1,211(A) PORTOBELLO HIGH STREET,EH15 1EU,5577
330621.093,673800.608999999,videotape hire,Blockbuster,Class 1,Class 1,Class 1,Class 1,215-217 PORTOBELLO HIGH STREET,EH15 1EU,5578
330624.8829,673799.093,n/t/c,Evening Newsagent,Class 1,Class 1,Class 1,Class 1,219 PORTOBELLO HIGH STREET,EH15 1EU,5579
330681.5797,673774.8829,public house,Bluebell Inn,SUI GENERIS,SUI GENERIS,SUI GENERIS,SUI GENERIS,227 PORTOBELLO HIGH STREET,EH15 2AN,5580
330698.5159,673768.122300001,"tailor, dressmaker",Stitch It,Class 1,Class 1,Class 1,Class 1,237 PORTOBELLO HIGH STREET,EH15 2AN,5581
330703.0638,673766.303200001,vacant, ,Class 2,Vacant,Class 4,Vacant,239 PORTOBELLO HIGH STREET,EH15 2AN,5582
330709.8191,673763.5426,public house,The Figgate Whins,SUI GENERIS,SUI GENERIS,SUI GENERIS,Vacant,241-243 PORTOBELLO HIGH STREET,EH15 2AW,5583
330715.9096,673760.6994,hot food take-away,The Manor,Vacant,SUI GENERIS,Class 4,Vacant,247 PORTOBELLO HIGH STREET,EH15 2AW,5584
330719.6968,673758.973300001,tea room,Betty Batty,Vacant,Class 3,SUI GENERIS,Vacant,249 PORTOBELLO HIGH STREET,EH15 2AW,5585
330723.1835,673757.4574,charity shop,Friends of the RSSPCC,Vacant,Class 1,Class 1,Class 1,251 PORTOBELLO HIGH STREET,EH15 2AW,5586
330818.6357,673707.816500001,public house, ,Vacant,SUI GENERIS, , , , ,5587
330271.668,674158.916999999,office,Ian Abbott Architect,Class 4,Class 4, ,Vacant,26-28 PORTOBELLO HIGH STREET,EH15 1DD,5588
330276.1547,674154.8945,vacant, ,Vacant,Vacant,Class 2,Class 2,32 PORTOBELLO HIGH STREET,EH15 1DD,5589
330280.7961,674150.8719,office,Roomplan Services,Vacant,Class 4,Class 2,Vacant,34 PORTOBELLO HIGH STREET,EH15 1DD,5590
330298.5464,674135.9508,public house,Foresters Arms,SUI GENERIS,SUI GENERIS,SUI GENERIS,SUI GENERIS,40 PORTOBELLO HIGH STREET,EH15 1DA,5591
330308.3852,674126.730900001,vacant, ,Vacant,Vacant, , ,44 PORTOBELLO HIGH STREET,EH15 1DA,5592
330317.2555,674117.035499999,angling equipment,Mike's Tackle Shop,Class 1,Class 1, , ,46 PORTOBELLO HIGH STREET,EH15 1DA,5593
330321.444,674112.4344,bicycles,BG Cycles,Class 1,Class 1,Class 1,Class 1,48 PORTOBELLO HIGH STREET,EH15 1DA,5594
330325.0943,674108.3715,fancy goods,Traidcraft,Class 4,Class 1,Class 1,Class 1,52-54 PORTOBELLO HIGH STREET,EH15 1DA,5595
330329.22,674103.8333,vacant, ,Class 4,Vacant,Class 2,Class 4,56 PORTOBELLO HIGH STREET,EH15 1DA,5596
330333.5519,674099.295,vacant, ,Class 1,Vacant,Class 1,Class 1,60 PORTOBELLO HIGH STREET,EH15 1DA,5597
330350,674088,launderette,Laundry,Class 1,Class 1,Class 1,Vacant,62 PORTOBELLO HIGH STREET,EH15 1AN,5598
330350.2555,674078.556,electrical goods,WSG Electrics,Class 1,Class 1,SUI GENERIS,SUI GENERIS,64 PORTOBELLO HIGH STREET,EH15 1AN,5599
330352.5246,674075.874299999,n/t/c,A. & T. Hothi,Class 1,Class 1,Vacant,Class 3,66 PORTOBELLO HIGH STREET,EH15 1AN,5600
330357.0806,674070.874299999,vacant, ,Class 1,Vacant,Class 1,Class 1,72 PORTOBELLO HIGH STREET,EH15 1AN,5601
330364.9827,674062.610200001,household goods,Poundsavers,Vacant,Class 1,Class 9, , , ,5602
330372.1229,674053.751700001,bingo shop,Johnny's Amusements,Class 11,Class 11,Class 11,Vacant, , ,5603
330378.2317,674047.642899999,vacant, ,Class 3,Vacant,Class 3,Class 3,78 PORTOBELLO HIGH STREET,EH15 1AN,5604
330380.8836,674044.784700001,hot food take-away,Mario's,SUI GENERIS,SUI GENERIS,SUI GENERIS,SUI GENERIS,80 PORTOBELLO HIGH STREET,EH15 1AN,5605
330385.2903,674039.628599999,betting shop,Stanley Racing,Class 1,Class 2,Class 2,Vacant,84 PORTOBELLO HIGH STREET,EH15 1AN,5606
330388.7309,674035.7937,public house,The Galleon,SUI GENERIS,SUI GENERIS,SUI GENERIS,SUI GENERIS,88 PORTOBELLO HIGH STREET,EH15 1AN,5607
330394.4522,674029.7872,florist,Flowers by Grethen,Vacant,Class 1,Vacant,Class 1,90 PORTOBELLO HIGH STREET,EH15 1AN,5608
330397.3325,674026.603800001,charity shop,Lifeline Pregnancy Counselling & Care,Class 1,Class 1,Class 1,Vacant,94 PORTOBELLO HIGH STREET,EH15 1AN,5609
330400.8191,674022.5107,minerals & jewellery,Lapland Gems,Class 1,Class 1,Class 2,Class 1,96 PORTOBELLO HIGH STREET,EH15 1AN,5610
330405.0638,674018.266100001,hairdresser,Jon Paul Hair Studio,Class 1,Class 1,Class 2,Vacant,98 PORTOBELLO HIGH STREET,EH15 1AN,5611
330507.162,673905.497500001,baker,Crawfords,Class 1,Class 1,Class 1,Class 2,152-154 PORTOBELLO HIGH STREET,EH15 1AH,5612
330511.8083,673900.8314,estate agents,Stephen McIntyre & Co.,Class 2,Class 2,Class 2,Class 2,158 PORTOBELLO HIGH STREET,EH15 1AH,5613
327136.6295,676289.2082,vacant, ,Class 4,Vacant, , , , ,5614
327143.3705,676286.259099999,photo processing,Trumps,Class 4,Class 1, , , , ,5615
327173.0,676242.3705,financial services - insurance,Marshall Ewart Graham,Class 4,Class 2, , , , ,5616
327176.3705,676239.842599999,financial services - insurance,Marshall Ewart Graham,Class 4,Class 2, , , , ,5617
327180.5835,676236.8935,financial services - cheque cashing,Cheque Point,Class 1,Class 2, , , , ,5618
327191.7918,676228.842599999,hot food take-away (Chinese),GY Harbour   (Good Year),Class 1,SUI GENERIS,Class 3,Vacant,40-42 QUEEN CHARLOTTE STREET,EH6 6AT,5619
327213,676222,public house,The Slammer,SUI GENERIS,SUI GENERIS,SUI GENERIS,SUI GENERIS,44 QUEEN CHARLOTTE STREET,EH6 7EX,5620
327238,676214,hot food take-away,Rumbletums,SUI GENERIS,SUI GENERIS,SUI GENERIS,SUI GENERIS,52 QUEEN CHARLOTTE STREET,EH6 7EX,5621
327238,676214,community translation service,Lothian Interpretation & Translation Service Trust,Class 4,Class 2,Class 2,Class 2,56 QUEEN CHARLOTTE STREET,EH6 7EX,5622
325513.3703,674238.743100001,vacant, ,Class 1,Vacant, , , , ,5623
325326,674185,restaurant,Queen Street Oyster Bar,Class 3,Class 3,Class 1,Class 1,16A QUEEN STREET,EH2 1JE,5624
325276.044,674174.020400001,estate agents,Slater Hogg & Howison,Class 1,Class 2, , , , ,5625
325113.6745,674129.020400001,vacant, ,Class 1,Vacant,Class 2,Class 2,38 QUEEN STREET,EH2 1JX,5626
325077,674111,telephones,Scottish Telecom,Class 1,Class 1,Class 1,Class 1,39 QUEEN STREET,EH2 3NH,5627
325077,674111,electrical goods,Edinburgh Shaver Centre,Class 1,Class 1,Class 1,SUI GENERIS,39A QUEEN STREET,EH2 3NH,5628
325037.6305,674105.8035,"lighting, gifts",Ottimo (R. & S. Robertson ?), ,Class 1,Class 1,Class 1,44(GF) QUEEN STREET,EH2 3NL,5629
324982.8915,674090.434,vacant, ,Class 1,Vacant, , , , ,5630
324922.8271,674073.389900001,restaurant,Singapura,Class 2,Class 3,Class 3,Class 3,59 QUEEN STREET,EH2 3NS,5631
324888.956,674064.193399999,clothing for motor cycllists,Hein Gericke,Class 1,Class 1,Class 1,Class 1,60 QUEEN STREET,EH2 4NA,5632
324874.5424,674058.389900001,printers,Xpress Print,Class 4,Class 4,Class 4,Class 4,61A QUEEN STREET,EH2 4NA,5633
324866.783,674056.172900001,clothing,Stewart Christie & Co. Ltd.,Class 1,Class 1,Class 1,Class 1,63-63A QUEEN STREET,EH2 4NA,5634
324742.1525,674021.911900001,n/t/c,Doughty,Class 1,Class 1,Class 1,Class 1,78(GF) QUEEN STREET,EH2 4NF,5635
324737.7186,674018.5865,sandwich bar,Freshers,UNKNOWN USE,Class 1,Class 1,Class 1,78A QUEEN STREET,EH2 4NF,5636
330515.648,673896.8248,vacant, ,Class 1,Vacant,Class 1,Class 1,160 PORTOBELLO HIGH STREET,EH15 1AH,5637
330519.4876,673892.985200001,ladies clothing,Kirkwood Fashions,Class 2,Class 1,Class 1,Class 1,162 PORTOBELLO HIGH STREET,EH15 1AH,5638
325333.0435,673878.324999999,confectioner,Thorntons,Class 2,Class 1, , , , ,5639
325327.4748,673876.806299999,shoes,Saxone,Class 1,Class 1,Class 1,Class 1,81 PRINCES STREET,EH2 2ER,5640
325321.9062,673875.4563,ladies clothing,Etam,Class 1,Class 1,Class 1,Class 1,81A-82 PRINCES STREET,EH2 2ER,5641
325316.5062,673873.9376,offices, ,Class 2,Class 4, , , , ,5642
325310.9875,673872.4374,maternity & children's clothing,Mothercare,Class 1,Class 1,Class 1,Class 1,84-84A PRINCES STREET,EH2 2ER,5643
325296.9686,673867.944,shoes,Barratt,Class 1,Class 1,Class 1,Class 1,85 PRINCES STREET,EH2 2ER,5644
325290.2187,673865.919,knitwear,Sweater Shop,Class 1,Class 1, , , , ,5645
325272.6937,673859.056500001,ladies clothing,Jaeger,Class 1,Class 1,Class 1,Class 1,87 PRINCES STREET,EH2 2ER,5646
325265.9248,673857.3752,sports equipment & clothing,Olympus,Class 1,Class 1,Class 1,Class 1,88 PRINCES STREET,EH2 2ER,5647
325261.3375,673855.944,clothing,Jeanster,Class 1,Class 1,Class 1,Class 1,89 PRINCES STREET,EH2 2ER,5648
325258.9499,673855.181500001,toiletries,Body Shop,SUI GENERIS,Class 1,Vacant,Vacant,90(GF) PRINCES STREET,EH2 2ER,5649
325256.6437,673854.6752,restaurant,Crawfords Country Kitchen,Class 1,Class 3,Class 1,Class 1,90A PRINCES STREET,EH2 2ER,5650
325250.8623,673853.137700001,department store - food hall,Littlewoods / Iceland,Class 1,Class 1, , , , ,5651
325243.4374,673850.944,department store - mixed durable goods,Littlewoods,Class 1,Class 1,Class 1, ,91-93 PRINCES STREET,EH2 2ER,5652
325236.1812,673848.750299999,department store - restaurant,Littlewoods,Class 1,Class 3,Class 3, , , ,5653
324573.158,673752.744899999,jeweller,James Ness & Son,Class 1,Class 1,Class 1,Class 1,38 QUEENSFERRY STREET,EH2 4QY,5654
324580.6275,673745.7653,fishmonger,Welch,Class 1,Class 1,Class 1,Class 1,39 QUEENSFERRY STREET,EH2 4QS,5655
324592.9436,673749.862299999,restaurant (Italian),Bar Roma,Class 3,Class 3, , , , ,5656
324599.061,673732.020300001,charity shop,Oxfam,Class 1,Class 1,Vacant,Vacant,40 QUEENSFERRY STREET,EH2 4RA,5657
328359.1163,674449.952,painters & decorators,Decorum,Vacant,Class 4, , , , ,5658
328360.4931,674453.1644,painters & decorators,Decorum,Class 1,Class 4, , , , ,5659
328363.2465,674460.048,painters & decorators,Decorum,Class 4,Class 4, , , , ,5660
328330.0822,674611.3287,butcher,Scobbie,Vacant,Class 1,Class 4,Class 1,"80 RESTALRIG ROAD, SOUTH",EH7 6JB,5661
328297.1985,674654.376700001,n/t/c,Sutherland,Class 1,Class 1,Class 1,Class 1,"110 RESTALRIG ROAD, SOUTH",EH7 6JB,5662
328192.6488,674855.648800001,supermarket,Scotmid,Class 1,Class 1,Class 1,Class 1,"160-162 RESTALRIG ROAD, SOUTH",EH7 6EH,5663
317967,669658,bank,Bank of Scotland,Class 2,Class 2,Class 2,Class 2,12 RICCARTON,EH14 4AP,5664
322850.1491,672208.266000001,residential, ,Class 2,Class 9, , , , ,5665
325377.3257,675011.976199999,betting shop,William Hill,Class 2,Class 2,Class 2,Class 2,1 RODNEY STREET,EH7 4EN,5666
325380.9533,675010.0229,"dry cleaner, clothing repairs",Sew What,Class 1,Class 1,Class 1,Class 1,5 RODNEY STREET,EH7 4EN,5667
325388.279,675004.953299999,"dry cleaner, clothing repairs",Sew What,Class 1,Class 1,Class 1,Class 1,7 RODNEY STREET,EH7 4EN,5668
325391.0695,675003.0,"trophies, engraving",Ian Grant,Class 1,Class 1,Class 1,Vacant,9 RODNEY STREET,EH7 4EN,5669
325396.3715,674999.0933,joiners,B & M Joiners,Class 4,Class 4, , , , ,5670
330539.1119,673872.845799999,baker,Greggs,Class 1,Class 1, , , , ,5671
330544.3006,673868.5426,chemist,G.W. Allans Ltd.,Class 1,Class 1, , , , ,5672
330547.8165,673865.452199999,dry cleaner,Pullars,Class 1,Class 1,Class 1,Class 1,172 PORTOBELLO HIGH STREET,EH15 1EX,5673
330551.6942,673862.026699999,chemist,Boots,Class 1,Class 1,Class 1,Class 1,174 PORTOBELLO HIGH STREET,EH15 1EX,5674
330556.149,673858.4815,solicitors & estate agents,Connor Malcolm,Class 2,Class 2,Class 2,Class 2,176 PORTOBELLO HIGH STREET,EH15 1EX,5675
330560.6942,673855.026699999,café & take-away food,Tea Jenny's,Class 3,Class 3,Class 3,Class 3,180 PORTOBELLO HIGH STREET,EH15 1EX,5676
330565.3299,673851.5426,betting shop,Ladbrokes,Class 2,Class 2,Class 2,Class 2,182 PORTOBELLO HIGH STREET,EH15 1EX,5677
330570.7235,673847.603800001,fabrics,Ruffles,Vacant,Class 1,Class 1,Class 1,186 PORTOBELLO HIGH STREET,EH15 1EX,5678
330574.3617,673845.4815,clothing,C & M's,Vacant,Class 1,Class 1,Class 1,188 PORTOBELLO HIGH STREET,EH15 1EX,5679
330580.4841,673842.9681,jeweller,A. McAlpine,Class 1,Class 1,Class 1,Class 1,190 PORTOBELLO HIGH STREET,EH15 1EX,5680
330586.2687,673839.696799999,delicatessen & coffee shop,Meg's,Class 1,Class 1,Class 1,Class 1,194 PORTOBELLO HIGH STREET,EH15 1EX,5681
330589.7554,673837.877699999,charity shop,Barnados,Vacant,Class 1,Class 1,Class 1,196 PORTOBELLO HIGH STREET,EH15 1EX,5682
330597.6038,673834.422900001,hairdresser,Gerard Howley,Class 4,Class 1,Class 1,Class 1,198 PORTOBELLO HIGH STREET,EH15 1EX,5683
330605.0586,673831.149,travel agent,Lunn Poly,Vacant,Class 1,Class 1,Class 1,202-204 PORTOBELLO HIGH STREET,EH15 1EX,5684
330609.6064,673829.178300001,charity shop,Cancer Research Campaign,Vacant,Class 1,Class 1,Class 1,208 PORTOBELLO HIGH STREET,EH15 1EX,5685
330633.2713,673818.9362,art gallery & sales,Projections,Class 1,Class 1,Class 1,Class 1,210 PORTOBELLO HIGH STREET,EH15 2AU,5686
330636.6649,673817.5426,books,Bookshop,Class 3,Class 1,Class 1,Class 1,212 PORTOBELLO HIGH STREET,EH15 2AU,5687
330641.8113,673815.359099999,personal loans,H.T. Greenwood & Co.,Class 2,Class 2,Vacant,Class 2, , ,5688
330649.3858,673813.205,videotape hire,Global Video,Class 1,Class 1,Class 1,Class 1,218 PORTOBELLO HIGH STREET,EH15 2AU,5689
330653.5081,673811.4496,d.i.y.,Timber Moulding Boards,Class 1,Class 1, , , , ,5690
330658.056,673809.933599999,d.i.y.,Woodwares,Class 1,Class 1, , , , ,5691
330670.7261,673804.7554,vacant, ,Class 1,Vacant, , , , ,5692
330676.3006,673802.5426,hot food take-away (Chinese),Ling Hung,Class 1,SUI GENERIS,Class 1,Class 2,230 PORTOBELLO HIGH STREET,EH15 2AU,5693
330679.6357,673801.3299,photographs,Latent Images,SUI GENERIS,Class 1,SUI GENERIS,SUI GENERIS,230A PORTOBELLO HIGH STREET,EH15 2AU,5694
330685.8777,673798.149,carpets,Kristofferson,Class 1,Class 1,Class 1,Class 1,234 PORTOBELLO HIGH STREET,EH15 2AU,5695
330692.4841,673795.9044,grocer,Kost Konscious,Class 1,Class 1,Class 1,Class 1,236 PORTOBELLO HIGH STREET,EH15 2AU,5696
330698.9681,673793.1171,photographic studio,Viking Photography,Class 1,Class 2,Class 1,Class 1,240 PORTOBELLO HIGH STREET,EH15 2AU,5697
330701.6968,673792.056,hairdresser,Jeans,Class 1,Class 1,Class 1,Class 1,240A PORTOBELLO HIGH STREET,EH15 2AU,5698
330718.1809,673783.271299999,vacant, ,Class 1,Vacant,Class 4,Class 4,242 PORTOBELLO HIGH STREET,EH15 2AT,5699
330723.4496,673780.997400001,shoe repairs,Robertson,Class 1,Class 1,Class 1,Class 1,244 PORTOBELLO HIGH STREET,EH15 2AT,5700
330728.2342,673778.784600001,electrical goods,George Lonie,Class 1,Class 1,Class 1,Class 1,248 PORTOBELLO HIGH STREET,EH15 2AT,5701
330735.5107,673775.9044,n/t/c,AA Bargain Stores,Class 1,Class 1,Class 1,Class 1,250 PORTOBELLO HIGH STREET,EH15 2AT,5702
330740.7502,673773.5133,hot food take-away (Chinese),Seaview,SUI GENERIS,SUI GENERIS,SUI GENERIS,SUI GENERIS,254 PORTOBELLO HIGH STREET,EH15 2AT,5703
330748.3299,673770.4815,"plants, gardening equipt.",Portobello Garden Centre,Class 1,Class 1, , , , ,5704
330750.7554,673769.2687,vacant, ,Class 2,Vacant,Class 4,Class 4,258 PORTOBELLO HIGH STREET,EH15 2AT,5705
330758.7261,673765.571900001,domestic appliances,Portobello Resales,Class 1,Class 1, , , , ,5706
330763.5426,673763.3299,hardware,John Thompson & Sons,Class 1,Class 1,Vacant, , , ,5707
330772.4841,673759.2687,plumbers,Alex Anderson Plumbers Ltd.,Class 4,Class 4, , , , ,5708
330778.8165,673756.4815,restaurant,The Coffee Company,Class 3,Class 3,Class 3,Class 3,272 PORTOBELLO HIGH STREET,EH15 2AT,5709
330785.0397,673753.1119,dentist,Anne Saxby B.D.S.,Class 2,Class 2,Class 2,Class 2, , ,5710
330792.7261,673749.3299,vacant, ,Class 1,Vacant,Class 1,Class 1,278 PORTOBELLO HIGH STREET,EH15 2AT,5711
330802.8777,673745.1119,restaurant & hot food take-away (Italian),St. Andrews,Vacant,Class 3,Class 3,Class 3,280-284 PORTOBELLO HIGH STREET,EH15 2AT,5712
330826.0267,673731.813899999,musical instruments - guitars etc.,Guitarville,Class 1,Class 1,Class 11,Class 11, , ,5713
330834.1783,673727.784600001,fireplaces,Fireplace Studio,Class 1,Class 1,Class 1,Class 1,294 PORTOBELLO HIGH STREET,EH15 2AS,5714
330837.0267,673726.5133,fancy goods,Cameo Crafts,Class 1,Class 1,Class 4,Class 4,298 PORTOBELLO HIGH STREET,EH15 2AS,5715
330842.9388,673723.633099999,ceramic goods,Krakpots,Class 1,Class 1,Class 2, , , ,5716
330851.3032,673719.813899999,fine art,The Portobello Gallery,Vacant,Class 1,Class 1,Class 1,304 PORTOBELLO HIGH STREET,EH15 2AS,5717
330883.3006,673705.3617,n/t/c,Nazim Newsagents,Class 1,Class 1,Class 1,Class 1,306 PORTOBELLO HIGH STREET,EH15 2DA,5718
330892.0586,673701.633099999,butcher,Ian Tait,Class 1,Class 1,Class 1,Class 1,308(GF) PORTOBELLO HIGH STREET,EH15 2DA,5719
330905.0241,673696.1731,furniture,Red Giant Superstore,Class 1,Class 1,Class 1,Class 2, , ,5720
330923.7554,673687.5107,grocer,Joppa Foodstore,Class 1,Class 1,Class 1,Class 1,318 PORTOBELLO HIGH STREET,EH15 2DA,5721
330931.4815,673684.1171,office,Call-in Homecare,Class 4,Class 4,Class 4,Class 4,322 PORTOBELLO HIGH STREET,EH15 2DA,5722
330934.3617,673682.601199999,restaurant (Chinese),Chi-Wai,Class 3,Class 3,Class 3,Class 3,324 PORTOBELLO HIGH STREET,EH15 2DA,5723
330939.5452,673679.6942,hairdresser,Mancini,Class 1,Class 1,Class 1,Class 1,328 PORTOBELLO HIGH STREET,EH15 2DA,5724
330943.3351,673678.3299,chemist,H.S. Kidd,Vacant,Class 1, , , , ,5725
330951.218,673674.539999999,chemist,H.S. Kidd,Class 1,Class 1, , , , ,5726
328609.1746,674138.760399999,hot food take-away,Golden Phoenix,SUI GENERIS,SUI GENERIS,SUI GENERIS,SUI GENERIS,42 PORTOBELLO ROAD,EH8 7EL,5727
328613.8913,674138.543,optician,J. & S. Brown & Partners,Class 1,Class 1,Class 1,Class 1,44 PORTOBELLO ROAD,EH8 7EL,5728
328618.5653,674138.5648,public house,The Abercorn,SUI GENERIS,SUI GENERIS,Class 3,Class 11,46A PORTOBELLO ROAD,EH8 7EL,5729
325994.6618,673110.4155,public house,Wool Pack, ,SUI GENERIS,SUI GENERIS,SUI GENERIS,32-34 POTTERROW,EH8 9BT,5730
327529.1078,671808.357899999,vacant, ,Vacant,Vacant, , , , ,5731
327534.2495,671809.750499999,vacant, ,Class 1,Vacant, , , , ,5732
327545.0006,671810.036599999,hairdresser,Elliott's,Class 1,Class 1, , , , ,5733
327550.2495,671809.286699999,n/t/c,n/a ('Evening News'),Class 1,Class 1,Class 1,Class 1,31 PRESTONFIELD AVENUE,EH16 5EG,5734
327560.1796,671806.6786,hot food take-away,Crystal Star,SUI GENERIS,SUI GENERIS,SUI GENERIS,SUI GENERIS,33 PRESTONFIELD AVENUE,EH16 5EG,5735
327564.4644,671804.107799999,vacant, ,Vacant,Vacant, , , , ,5736
326390.0393,676583.574899999,drug prevention office,Drug Prevention Group,Class 4,Class 2,Class 2,Class 2,53 PRINCE REGENT STREET,EH6 4AR,5737
326447.9528,676645.272299999,vacant, ,Class 2,Vacant, , , , ,5738
325784.1749,674007.100099999,restaurant,Burger King,SUI GENERIS,Class 3,Class 1,Class 1,12 PRINCES STREET,EH2 2AN,5739
325777.2,674005.075200001,vacant, ,Class 1,Vacant, , , , ,5740
325770.2251,674003.2752,ladies clothing,Evans,Class 1,Class 1, , , , ,5741
325762.1999,674001.025,books,Waterstones,Class 1,Class 1, , , , ,5742
325754.775,673999.0,ladies clothing,Principles,Class 1,Class 1,Class 1,Class 1,16/17 PRINCES STREET,EH2 2AN,5743
325743.9752,673995.625,gifts & novelties,The Disney Store,Class 1,Class 1,Class 1,Class 1,18-19 PRINCES STREET,EH2 2AN,5744
325732.5999,673992.975199999,"greeting cards, wrapping paper & gifts",Birthdays,Class 1,Class 1,Class 1,Class 1,21-22 PRINCES STREET,EH2 2AN,5745
325727.55,673991.4001,"speciality tea, coffee and ancillary items",Whittard of Chelsea,Class 4,Class 3,Class 1,Class 1,23 PRINCES STREET,EH2 2AN,5746
325719.775,673989.425000001,telephones,Peoples phones,Class 1,Class 1,Class 1,Class 1,24 PRINCES STREET,EH2 2AN,5747
325713.1,673987.5001,shoes,Bally,Class 1,Class 1,Class 1,Class 1,25 PRINCES STREET,EH2 2AN,5748
325676.7747,673976.4001,gents clothing,Burton / Top Shop / Top Man,Class 1,Class 1,Class 1,Class 1,30(01)-31 PRINCES STREET,EH2 2BY,5749
325661.475,673972.350099999,gents clothing,Burton,Class 3,Class 1, , , , ,5750
325639.9749,673966.350099999,clothing,C & A,Class 1,Class 1,Vacant,Class 1,33 PRINCES STREET,EH2 2BY,5751
325625.8001,673961.850199999,clothing,Burberry,Class 1,Class 1,Vacant,Class 1,41 PRINCES STREET,EH2 2BY,5752
325606.9499,673957.450099999,jeweller,Fraser Hart,Class 1,Class 1,Class 1,Class 1,42A PRINCES STREET,EH2 2BY,5753
325602.225,673956.100099999,knitwear,Jumpers,Class 1,Class 1,Class 1,Class 1,44 PRINCES STREET,EH2 2BY,5754
325595.675,673954.074999999,ladies clothing,Monsoon,Class 1,Class 1, , , , ,5755
325589.225,673952.300000001,ladies clothing,Richards,Class 1,Class 1, , , , ,5756
325538.5249,673994.0999,department store - restaurant,Jenners,Class 3,Class 3,Class 3,Class 3,47-52 PRINCES STREET,EH2 2DF,5757
325552.9247,673942.125600001,department store - mixed durable goods,Jenners,Class 1,Class 1,Class 1,Class 1,47-52 PRINCES STREET,EH2 2DF,5758
325534.7,673937.1757,department store - food hall,Jenners,Class 1,Class 1,Class 1,Class 1,47-52 PRINCES STREET,EH2 2DF,5759
325512.9999,673931.675000001,department store - mixed durable goods,Marks & Spencer,Class 1,Class 1, , , , ,5760
325506.475,673929.65,department store - food hall,Marks & Spencer,Class 1,Class 1, , , , ,5761
325480.5248,673921.8002,department store - mixed durable goods,Marks & Spencer,Class 1,Class 1, , , , ,5762
325476.2498,673920.6752,department store - mixed durable goods,Marks & Spencer,Class 1,Class 1, , , , ,5763
325467.925,673917.3003,clothing,Romanes & Paterson (Edinburgh Woollen Mill),Class 1,Class 1,Class 1,Class 1,62(01) PRINCES STREET,EH2 2DF,5764
325460.0499,673915.3003,books,Bookworld,Class 1,Class 1,Class 1,Class 1,63 PRINCES STREET,EH2 2DF,5765
325448.2748,673911.750299999,department store - restaurant,British Home Stores (BHS),Class 3,Class 3,Class 3,Class 3,64 PRINCES STREET,EH2 2DJ,5766
325438.15,673908.600299999,department store - mixed durable goods,British Home Stores (BHS),Class 1,Class 1,Class 1,Class 1,64 PRINCES STREET,EH2 2DJ,5767
325422.9499,673902.7751,shoes,Dolcis,Class 1,Class 1,Class 1,Class 1,70 PRINCES STREET,EH2 2DF,5768
325415.7,673900.800100001,jeweller,H. Samuel,Class 1,Class 1,Class 1,Class 1,72-73 PRINCES STREET,EH2 2DF,5769
325408.925,673898.925100001,toiletries,Bath & Body Works,Class 1,Class 1,Class 1,Class 1,74-75 PRINCES STREET,EH2 2DF,5770
325391.1751,673903.049900001,ladies clothing,State of Independence, ,Class 1, , , , ,5771
325361.4998,673886.1313,jeweller,Leslie Davies,Class 1,Class 1,Class 1,Class 1,78 PRINCES STREET,EH2 2ER,5772
325354.4124,673884.1063,shoes & footwear,Clarks,Class 1,Class 1,Class 1,Class 1,79 PRINCES STREET,EH2 2ER,5773
325347.4938,673882.4188,travel agent,Thomas Cook,Class 1,Class 1,Class 1,Class 1,79A PRINCES STREET,EH2 2ER,5774
325228.1811,673846.368799999,knitwear,Sweater Shop,Class 1,Class 1,Class 1,Class 1,94 PRINCES STREET,EH2 2ER,5775
325221.9374,673845.4125,clothing,Hector Russell,Class 1,Class 1,Class 1,Class 1,95-96 PRINCES STREET,EH2 2ER,5776
325204.325,673839.65,"leather goods, luggage",Salisburys,Class 1,Class 1, , , , ,5777
325172.6875,673830.9625,shoes,Cable & Co.,Class 1,Class 1,Class 1,Class 1,99 PRINCES STREET,EH2 3AA,5778
325164.1812,673828.7563,ladies clothing accessories,Accessorize,Class 1,Class 1,Class 1,Class 1,99A PRINCES STREET,EH2 3AA,5779
325148.7,673823.925100001,books,Bargain Books,Class 1,Class 1,Class 1,Class 1,100A PRINCES STREET,EH2 3AA,5780
325133.4249,673819.450300001,mixed durable goods,Boots,Class 1,Class 1,Class 1,Class 1,101-103 PRINCES STREET,EH2 3AA,5781
325115.0435,673814.244000001,clothing,Marks & Spencer,Class 1,Class 1,Class 1,Class 1,104-106 PRINCES STREET,EH2 3AA,5782
325108.4624,673812.0503,furniture,Marks & Spencer,Class 1,Class 1, , , , ,5783
325101.5437,673810.0254,shoes & footwear,Russell & Bromley,Class 1,Class 1,Class 1,Class 1,106 PRINCES STREET,EH2 3AA,5784
325073.9625,673802.6504,mixed durable goods,John Menzies,Class 1,Class 1, , , , ,5785
325069.9126,673801.3004,n/t/c,John Menzies,Class 1,Class 1, , , , ,5786
325065.5252,673800.119200001,mixed durable goods & n/t/c,John Menzies,Class 1,Class 1, , , , ,5787
325058.8558,673797.956499999,clothing,Levis,Class 1,Class 1,Vacant,Class 1,109 PRINCES STREET,EH2 3AA,5788
325044.006,673793.7378,sports equipment & clothing,First Sport,Class 1,Class 1,Class 1,Class 1,110 PRINCES STREET,EH2 3AA,5789
325050.3379,673795.394300001,redeveloped, ,Class 1,Redeveloped,Class 3,Class 3,110 PRINCES STREET,EH2 3AA,5790
325037.0874,673791.7128,department store - clothing,Debenhams,Class 1,Class 1,Class 1,Class 1,111 PRINCES STREET,EH2 3AA,5791
325031.0125,673790.0254,department store - restaurant,Debenhams,Class 1,Class 3, , , , ,5792
325023.2936,673787.9625,gifts,Souvenir Shop,Class 1,Class 1,Class 1,Vacant,113 PRINCES STREET,EH2 3AA,5793
325018.5124,673786.556299999,telephones,Pinnacle,Class 1,Class 1,Class 1,Class 1,114 PRINCES STREET,EH2 3AA,5794
325013.5102,673785.303099999,greeting cards,Birthdays,Class 1,Class 1,Class 1,Class 1,115 PRINCES STREET,EH2 3AA,5795
325008.8472,673783.8243,clothing,Tie Rack,Class 1,Class 1,Class 1,Class 1,116 PRINCES STREET,EH2 3AA,5796
325003.2126,673782.3939,lingerie,La Senza,Class 1,Class 1,Class 1,Class 1,117 PRINCES STREET,EH2 3AA,5797
324970.2312,673772.9625,restaurant and hot food take-away,Burger King,SUI GENERIS,Class 3,Vacant,Class 2,118 PRINCES STREET,EH2 4AA,5798
324947.0499,673765.9001,ladies clothing,Viyella,Class 1,Class 1,Class 1,Class 1,119A PRINCES STREET,EH2 4AA,5799
324954.9062,673768.0813,ladies clothing,Next,Class 1,Class 1, , , , ,5800
324950.0125,673766.7314,ladies clothing,Next,Class 3,Class 1, , , , ,5801
324940.9311,673763.9001,electrical goods,Dixons,Class 1,Class 1,Class 1,Class 1,120-120A PRINCES STREET,EH2 4AD,5802
324917.325,673756.8377,vacant, ,Class 3,Vacant,Class 1, ,121A PRINCES STREET,EH2 4AD,5803
324922.8937,673758.1877,ladies clothing,Wallis,Class 1,Class 1,Class 1, ,122 PRINCES STREET,EH2 4AD,5804
324908.8937,673754.281500001,domestic appliances,Gas Showroom,Class 1,Class 1,Class 1, ,123 PRINCES STREET,EH2 4AD,5805
324889.325,673748.762800001,"records, tapes, cds",Virgin,Class 3,Class 1, , , , ,5806
324894.2187,673749.944,"records, tapes, cds",Virgin,Class 1,Class 1,Class 1,Class 1,124 PRINCES STREET,EH2 4AD,5807
324898.9436,673751.4627,public house & restaurant,Hard Rock Cafe,Class 1,SUI GENERIS,Vacant,Demolished,125A PRINCES STREET,EH2 4AD,5808
324879.5437,673745.944,ladies clothing,Laura Ashley,Class 1,Class 1,Class 1,Class 1,126 PRINCES STREET,EH2 4AD,5809
324846.7,673736.8441,ladies clothing,Internacionale,Class 1,Class 1, , , , ,5810
324865.3375,673741.956499999,cafe,Waterstones,Class 1,Class 3,Class 1,Class 1,128 PRINCES STREET,EH2 4AD,5811
324871.5812,673743.643999999,books,Waterstones,Class 1,Class 1, , , , ,5812
324851.5936,673738.1941,"records, tapes, cds",HMV,Class 1,Class 1,Class 1,Class 1,129 PRINCES STREET,EH2 4AH,5813
324856.3186,673739.5441,books,Booksale,Class 1,Class 1, , , , ,5814
324838.2686,673734.431700001,clothing,GAP,Class 1,Class 1, , , , ,5815
324831.5437,673732.200200001,clothing,GAP,Class 1,Class 1, , , , ,5816
324823.7,673730.1877,"clothing, tartans, tweeds",Murray Brothers of Hawick (Sc. W. Mill),Class 1,Class 1,Class 1,Class 1,133 PRINCES STREET,EH2 4AH,5817
324818.3874,673728.5876,sports footwear,Foothold,Class 1,Class 1,Class 1,Class 1,134 PRINCES STREET,EH2 4AH,5818
324805.5626,673724.368899999,sports equipment & clothing,Sports Connection,Class 1,Class 1,Vacant,Class 1,134A PRINCES STREET,EH2 4AH,5819
324809.9501,673725.718900001,clothing,Tie Rack,Class 1,Class 1, , , , ,5820
324814.0,673727.237600001,clothing,Mill Shop,Class 1,Class 1, , , , ,5821
324771.9875,673718.000399999,telephones,BT Shop,Class 1,Class 1,Class 1,Class 1,135 PRINCES STREET,EH2 4BL,5822
324748.9062,673711.1502,restaurant & hot food take-away,McDonalds,Class 1,Class 3,Class 3,Class 3,137 PRINCES STREET,EH2 4BL,5823
324737.8937,673707.825200001,"clothing, tartans, tweeds",Edinburgh Woollen Mill,UNKNOWN USE,Class 1, , , , ,5824
324741.0125,673709.012499999,travel agent,American Express,Class 1,Class 1,Class 1,Class 1,139(01) PRINCES STREET,EH2 4BL,5825
324726.7193,673705.302100001,bank,Bank of Scotland,UNKNOWN USE,Class 2,Class 1,Class 1,141 PRINCES STREET,EH2 4BL,5826
324713.4386,673701.413899999,bank,Royal Bank of Scotland,Class 2,Class 2,Class 2,Class 2,142-144 PRINCES STREET,EH2 4EQ,5827
324684.2135,673693.792099999,department store - restaurant,Frasers,Class 3,Class 3, , , , ,5828
324691.9665,673695.477700001,department store - mixed durable goods,Frasers,Class 1,Class 1, , , , ,5829
330630.356,674189.2948,confectioners,n/a,Class 1,Class 1,Class 1, , , ,5830
330606.0906,674196.353499999,amusement arcade,n/a,Class 11,Class 11, ,Class 11,8(05) PROMENADE,EH15 1HH,5831
330702.7288,674129.8397,demolished, ,Class 11,Demolished, , , , ,5832
330708.8512,674124.0264,demolished, ,Class 1,Demolished, , , , ,5833
330726.8809,674111.505799999,hot food take-away,Porto Restaurant / Traditional Fish & Chips,SUI GENERIS,SUI GENERIS,SUI GENERIS,SUI GENERIS,25-25A PROMENADE,EH15 1HH,5834
330890.8414,673986.209799999,residential, ,SUI GENERIS,Class 9, , , , ,5835
330894.6576,673983.0439,demolished, ,Class 3,Demolished, , , , ,5836
327900.6252,675502.378699999,residential, ,Class 1,Class 9, , , , ,5837
327898.3327,675497.168299999,residential, ,Class 1,Class 9, , , , ,5838
320564.6191,675404.7118,shoe repairs,Master Cobbler,Class 1,Class 1,Class 1,Class 1,51 QUALITY STREET,EH4 5BX,5839
320564.2381,675409.7698,hairdresser,Granger,Class 1,Class 1,Vacant,Class 1,53 QUALITY STREET,EH4 5BX,5840
320563.4683,675415.0,coffee shop,Village Tearoom,Class 3,Class 3,Class 3,Class 3,55 QUALITY STREET,EH4 5BX,5841
320527,675367,service station,B.P.,SUI GENERIS,SUI GENERIS,Vacant,Class 9, , ,5842
320581.537,675403.8519,vacant, ,Class 1,Vacant,Vacant,Vacant,20 QUALITY STREET LANE,EH4 5BU,5843
327152.5739,676229.0557,pine furniture,Leith Pine Factory, ,Class 1, , , , ,5844
327103.2639,676302.9443,vacant, ,Class 4,Vacant, , , , ,5845
327115.2082,676298.050799999,vacant, ,Vacant,Vacant,Vacant,Vacant,5 QUEEN CHARLOTTE STREET,EH6 6BA,5846
327119.8426,676296.365599999,vacant, ,Vacant,Vacant,Vacant,Vacant,9 QUEEN CHARLOTTE STREET,EH6 6BA,5847
327124.8935,676294.050799999,joiners,W. Petrie,Class 4,Class 4,Class 4,Vacant,11 QUEEN CHARLOTTE STREET,EH6 6BA,5848
327128.2639,676292.365599999,hairdresser,Charlotte Hair,Class 1,Class 1,Class 1,Class 1,13 QUEEN CHARLOTTE STREET,EH6 6BA,5849
327132,676291,public house,Queen's Tavern,SUI GENERIS,SUI GENERIS,SUI GENERIS,Class 9, , ,5850
324727.3695,674011.349099999,public house,Drum & Monkey,Class 3,SUI GENERIS,SUI GENERIS,SUI GENERIS,79-80 QUEEN STREET,EH2 4NF,5851
327834.9801,674110.429099999,vacant, ,Vacant,Vacant, , , , ,5852
327839.737,674105.874600001,vacant, ,Vacant,Vacant, , , , ,5853
319177.4525,674895.0934,service station,Shell,SUI GENERIS,SUI GENERIS, , , , ,5854
322373.0568,674451.3883,corporate art consultants,Buro Art,Class 1,Class 4,Class 4,Class 4,132 QUEENSFERRY ROAD,EH4 2BG,5855
322368.5944,674451.8698,ladies clothing,Fontaine,Class 1,Class 1,Class 4,Class 4,134 QUEENSFERRY ROAD,EH4 2BG,5856
322362.318,674452.656400001,"secretarial services (w.p., fax etc.)",MPG Secretarial Services,Class 2,Class 4,Class 4,Class 4,136 QUEENSFERRY ROAD,EH4 2BG,5857
322357.4061,674453.153999999,undertakers,W.J. Dunbar & Sons,Class 1,Class 1,Class 1,Class 1,138 QUEENSFERRY ROAD,EH4 2BG,5858
322264.0629,674468.1171,advertising services,Baillie Outdoor Advertising,Class 1,Class 4,Class 4,Class 4,184-186 QUEENSFERRY ROAD,EH4 2BW,5859
322252.5857,674469.0,charity office,Scottish Spina Bifida Association,Class 4,Class 4,Class 2,Class 4,190 QUEENSFERRY ROAD,EH4 2BW,5860
322206.7657,674475.468499999,service station,Maidencraig Garage,SUI GENERIS,SUI GENERIS,Class 1,Class 1,192 QUEENSFERRY ROAD,EH4 2BN,5861
322165.1416,674489.014900001,domestic appliance servicing,Murrayfield Service Centre,Class 1,Class 1,Class 1,Class 1,202 QUEENSFERRY ROAD,EH4 2BN,5862
322158.5024,674492.834100001,"t.v., radio, hi-fi",MacAndrew,Class 1,Class 1, , , , ,5863
322150.3317,674497.829399999,hairdresser,Bezeque,Vacant,Class 1, , , , ,5864
322097.6409,674537.077199999,tiles,Cristal,Class 2,Class 1, , , , ,5865
322088.6588,674543.0593,tiles,Cristal,Class 2,Class 1, , , , ,5866
324562.5102,673802.7042,restaurant (Italian),Raffaelli,Class 3,Class 3,Class 3,SUI GENERIS, , ,5867
324554.3217,673800.654899999,ladies clothing,Jennifer Browning, ,Class 1, , , , ,5868
324538.2551,673796.489800001,copy & print shop,Kall-Kwik,Class 4,Class 4,Class 4,Vacant,13 RANDOLPH PLACE,EH3 7TA,5869
319833.231,674300.7137,public house,n/a,SUI GENERIS,SUI GENERIS,SUI GENERIS,SUI GENERIS,7 RANNOCH ROAD,EH4 7EG,5870
319826.5336,674325.360099999,betting shop,n/a,Class 2,Class 2,Class 2,Class 2,(7A) RANNOCH ROAD,EH4 7EG,5871
319789.7484,674283.5011,supermarket,Scotmid,Class 1,Class 1,Class 1,Class 1,1 RANNOCH TERRACE,EH4 7ER,5872
326450.3286,671932.129699999,public house,Swany's Lounge Bar,SUI GENERIS,SUI GENERIS,SUI GENERIS,SUI GENERIS,1 RATCLIFFE TERRACE,EH9 1SX,5873
326453.611,671924.740700001,hairdresser,n/a,Class 1,Class 1,Class 1,Class 1,3 RATCLIFFE TERRACE,EH9 1SX,5874
326456.0923,671919.0835,vacant, ,SUI GENERIS,Vacant,SUI GENERIS,SUI GENERIS,7 RATCLIFFE TERRACE,EH9 1SX,5875
326458.9165,671914.0,videotape hire,Premiere Video,Class 4,Class 1,Class 2,Class 2,9 RATCLIFFE TERRACE,EH9 1SX,5876
326461.6889,671909.227499999,n/t/c & launderette,Coin-op Launderette,Class 1,Class 1,Class 1,Class 1,13 RATCLIFFE TERRACE,EH9 1SX,5877
326488,671857,vacant, ,Vacant,Vacant, , , , ,5878
326488,671857,betting shop,Morrison,Class 2,Class 2, , , , ,5879
326491.3516,671847.4582,betting shop,Morrison,Vacant,Class 2,Class 2,Class 2,43 RATCLIFFE TERRACE,EH9 1SU,5880
326495.9252,671837.204399999,public house,Leslie's Bar,SUI GENERIS,SUI GENERIS,SUI GENERIS,SUI GENERIS,45-47 RATCLIFFE TERRACE,EH9 1SU,5881
326500.2681,671828.9769,office equipment,Welgo,Class 2,Class 2,Class 4,Class 4,51 RATCLIFFE TERRACE,EH9 1SU,5882
326503.6571,671822.4813,sports equipment & clothing,Colin Campbell Sports,Class 1,Class 1,Class 1,Class 4,55 RATCLIFFE TERRACE,EH9 1SU,5883
326508.4901,671813.259299999,hot food take-away,Flunch,SUI GENERIS,SUI GENERIS,Vacant,Vacant, , ,5884
326511.8791,671805.129699999,vacant, ,Vacant,Vacant,Vacant,Class 9, , ,5885
326517.7637,671794.282400001,vacant, ,Class 1,Vacant,Vacant,Class 4,67 RATCLIFFE TERRACE,EH9 1SU,5886
326464.0,671852.1527,grocer (licensed),Sadiq Stores,Class 1,Class 1,Class 1,Class 1,42 RATCLIFFE TERRACE,EH9 1SS,5887
326477.8473,671821.0605,restaurant,Bistro Flo,Class 1,Class 3,Class 3,Class 3,44 RATCLIFFE TERRACE,EH9 1ST,5888
326479.8242,671815.9769,vacant, ,Class 1,Vacant,Class 1,Class 1,46(GF)-48 RATCLIFFE TERRACE,EH9 1ST,5889
322084.7271,674545.8115,shoes,Raffans,Class 1,Class 1,Class 1,Class 1,238 QUEENSFERRY ROAD,EH4 2BP,5890
322080.0089,674549.350099999,vacant, ,Class 2,Vacant,Class 2,Class 2,240 QUEENSFERRY ROAD,EH4 2BP,5891
322070.9659,674555.640900001,architect,Morrison Partners,Class 4,Class 4,Class 4,Class 4,242 QUEENSFERRY ROAD,EH4 2BP,5892
322066.6409,674558.7864,hot food take-away (Chinese),Welcome Inn,SUI GENERIS,SUI GENERIS,SUI GENERIS,SUI GENERIS,246 QUEENSFERRY ROAD,EH4 2BP,5893
322063.1024,674561.5386,gardening supplies,Forget Me Not,Class 1,Class 1,Class 1,Class 1,248 QUEENSFERRY ROAD,EH4 2BP,5894
318674.6588,674975.402100001,service station,Esso,SUI GENERIS,SUI GENERIS, , , , ,5895
318544.3932,674992.675100001,bank,Bank of Scotland,Class 2,Class 2,Class 2,Class 2,564 QUEENSFERRY ROAD,EH4 6AT,5896
324618.842,673682.6072,public house,H.P. Mather,SUI GENERIS,SUI GENERIS,SUI GENERIS,SUI GENERIS,1 QUEENSFERRY STREET,EH2 4PA,5897
324610.7449,673688.331800001,building society,Dunfermline,Class 2,Class 2,Class 2,Class 2,2 QUEENSFERRY STREET,EH2 4PA,5898
324603.0767,673694.821599999,wine merchant,Oddbins,Class 1,Class 1,Class 1,Class 1,5 QUEENSFERRY STREET,EH2 4PA,5899
324597.4695,673699.0767,"records, tapes, cds, sheet music",Rae Macintosh,Class 1,Class 1,Class 1,Class 1,6 QUEENSFERRY STREET,EH2 4PA,5900
324753,674068,delicatessen & cafe,Delifrance,Class 1,Class 1,Class 3,Class 3,7-8 QUEENSFERRY STREET,EH2 4PA,5901
324581.4288,673714.2754,travel agent,Sibbald Travel,Class 1,Class 1,Class 1,Class 1,10 QUEENSFERRY STREET,EH2 4PG,5902
324577.7042,673717.255100001,restaurant (Chinese),Edinburgh Rendezvous,Class 3,Class 3,Class 3,Class 3,10A(1F1) QUEENSFERRY STREET,EH2 4PG,5903
324573.9797,673720.6072,n/t/c,John Menzies,Class 1,Class 1,Class 1,Class 1,10B QUEENSFERRY STREET,EH2 4PG,5904
324571.0,673723.214400001,optician,McGrath,Class 1,Class 1,Class 1,Class 1,11 QUEENSFERRY STREET,EH2 4PG,5905
324567.1941,673726.862299999,bakers,The Bakers Oven,Class 1,Class 1,Class 1,Class 1,12 QUEENSFERRY STREET,EH2 4PG,5906
324563.842,673729.4695,optician,Dollond & Aitchison,Class 1,Class 1,Class 1,Class 1,13 QUEENSFERRY STREET,EH2 4PG,5907
324560.1174,673732.0767,baker,Greggs,Vacant,Class 1,Class 2,Class 2,14 QUEENSFERRY STREET,EH2 4PG,5908
324541.5665,673749.255100001,antiques,Goodwins,Class 1,Class 1,Class 1,Class 1,15-16 QUEENSFERRY STREET,EH2 4QW,5909
324537.842,673752.2347,restaurant,Pierre Victoire,Class 1,Class 3,Class 3,Class 3,17 QUEENSFERRY STREET,EH2 4QW,5910
324533.7449,673755.214400001,take-away food,Simon's Sandwiches,Class 1,Class 1,Class 1,Class 1,17A QUEENSFERRY STREET,EH2 4QW,5911
324527.939,673759.214400001,food take-away,Simon's Sandwiches,SUI GENERIS,Class 1,Class 1,Class 1,19 QUEENSFERRY STREET,EH2 4QW,5912
324525.3318,673761.449200001,employment agency,Brook Street,Class 4,Class 4,Class 4,Class 4,19A QUEENSFERRY STREET,EH2 4QW,5913
324522.3521,673763.3115,travel agent,Direct Holidays,Class 1,Class 1,Class 1,Vacant,20 QUEENSFERRY STREET,EH2 4QW,5914
324518.0767,673766.842,bank,Clydesdale Bank,Class 2,Class 2,Class 2,Class 2,21-22 QUEENSFERRY STREET,EH2 4QW,5915
324524.903,673792.744899999,vacant, ,Class 1,Vacant,Class 1,Vacant,23 QUEENSFERRY STREET,EH2 4QS,5916
324530.1174,673788.2754,dry cleaner / photo processing,Klick / Munro,Class 1,Class 1,Class 1,Class 1,24 QUEENSFERRY STREET,EH2 4QS,5917
324541.2551,673779.2754,shoes,Saddlers,Class 1,Class 1,Class 1,Class 1,26 QUEENSFERRY STREET,EH2 4QS,5918
324536.7856,673782.627499999,art & picture framing,Di Rollo Gallery,Class 1,Class 1,Class 1,Class 1,27 QUEENSFERRY STREET,EH2 4QS,5919
324552.4898,673769.4131,greeting cards & gifts,Marmadukes,Class 1,Class 1,Vacant,Vacant,28 QUEENSFERRY STREET,EH2 4QS,5920
324546.5305,673774.627499999,speciality tobacconist,Herbert Love,Class 1,Class 1,Class 1,Vacant,31A QUEENSFERRY STREET,EH2 4QS,5921
324561.7653,673762.785599999,baker,Crawfords,Class 1,Class 1,Class 3,Class 3,32 QUEENSFERRY STREET,EH2 4QS,5922
324569.2347,673756.0407,office, ,Class 1,Class 4, ,Class 2,33(1F) QUEENSFERRY STREET,EH2 4QS,5923
324566.2551,673759.020300001,ladies clothing,Impressions,Class 1,Class 1,Class 1,Class 2,34-35 QUEENSFERRY STREET,EH2 4QS,5924
324596.3364,673738.903000001,hi-fi,Bill Hutchinson,Class 1,Class 1, , , , ,5925
324603.2958,673727.3928,greengrocer,Carr's,Class 1,Class 1,Class 1,Vacant,41 QUEENSFERRY STREET,EH2 4RA,5926
324607.0203,673723.668199999,restaurant,Granary,Class 1,Class 3,SUI GENERIS,Class 3,42-45 QUEENSFERRY STREET,EH2 4RA,5927
324583.6275,673694.744899999,public house,Mather's Bar,SUI GENERIS,SUI GENERIS,SUI GENERIS,SUI GENERIS,1 QUEENSFERRY STREET LANE,EH2 4PF,5928
324531.0561,674632.380100001,coffee shop,Ross Coffee Shop,Class 3,Class 3,Class 3,Class 3,1-3 RAEBURN PLACE,EH4 1HU,5929
324527.3801,674637.014,art gallery,Blackadder Gallery,Class 1,Class 1,Class 1,Class 1,5 RAEBURN PLACE,EH4 1HU,5930
324523.662,674637.858999999,hairdresser,Capelli Hair Design,Vacant,Class 1,Class 1,Class 1,7 RAEBURN PLACE,EH4 1HU,5931
324515.507,674639.380100001,grocer,Stevie's,Class 1,Class 1,Class 1,Class 1,9A-11 RAEBURN PLACE,EH4 1HU,5932
324505.014,674641.5491,charity shop,Age Concern Scotland,Class 1,Class 1,Vacant,Class 1,13-13A RAEBURN PLACE,EH4 1HU,5933
324497.352,674642.689999999,hot food take-away,L'Aquila Bianca,SUI GENERIS,SUI GENERIS,SUI GENERIS,SUI GENERIS,17-17A RAEBURN PLACE,EH4 1HU,5934
324486.183,674644.084100001,photographic goods & processing,SupaSnaps,Class 1,Class 1,Vacant,Class 1,21 RAEBURN PLACE,EH4 1HU,5935
324480.7181,674644.619200001,shoe repairs,Saddler's,Class 1,Class 1,Class 1,Class 1,23 RAEBURN PLACE,EH4 1HU,5936
324477.845,674645.1262,ladies clothing,Happit,Class 1,Class 1,Class 1,Class 1,25 RAEBURN PLACE,EH4 1HU,5937
324470.859,674646.4081,baker,Greggs,Class 1,Class 1,Class 1,Class 1,27A RAEBURN PLACE,EH4 1HU,5938
324467.986,674646.915100001,second-hand books,Read Books,Class 1,Class 1,Class 1,Vacant,27B RAEBURN PLACE,EH4 1HU,5939
324462.352,674647.7601,vacant, ,Class 1,Vacant,Class 2,Class 2,29 RAEBURN PLACE,EH4 1HU,5940
324453.8731,674650.633199999,pets & pet supplies,Dofos Pet Centre,Class 1,Class 1,Class 1,Class 1,31 RAEBURN PLACE,EH4 1HX,5941
324445.352,674652.1262,second-hand goods,Sheelagh Waston,Class 2,Class 1,Class 3,Class 3,33 RAEBURN PLACE,EH4 1HX,5942
324435.859,674653.281199999,vacant, ,Class 1,Vacant,Class 1,Class 1,35A-39 RAEBURN PLACE,EH4 1HX,5943
324419.7742,674655.8731,toys,Polly Wolly Doodle,Class 1,Class 1,Class 1,Class 1,43 RAEBURN PLACE,EH4 1HX,5944
324414.8731,674656.7181,delicatessen,Oscar's,Class 1,Class 1,SUI GENERIS,SUI GENERIS,45 RAEBURN PLACE,EH4 1HX,5945
324409.972,674657.563100001,fancy goods,Present Affairs,Class 1,Class 1,Class 1,Class 1,49 RAEBURN PLACE,EH4 1HX,5946
324404.7329,674658.577099999,optician,B. Wadee,Class 1,Class 1,Class 1,Vacant,51 RAEBURN PLACE,EH4 1HX,5947
324400.1698,674659.2531,clothing alterations,A. Kaye,Class 1,Class 1,SUI GENERIS,SUI GENERIS,53 RAEBURN PLACE,EH4 1HX,5948
324395.7757,674659.929099999,post office,Post Office,Class 1,Class 1,Class 1,Class 1,55 RAEBURN PLACE,EH4 1HX,5949
324391.0436,674660.7742,vacant, ,Class 1,Vacant,Class 1,Class 1,59 RAEBURN PLACE,EH4 1HX,5950
324379.2812,674662.5491,cakes,Lightbody,Class 1,Class 1,Class 1,Class 1,63 RAEBURN PLACE,EH4 1JF,5951
324375.3941,674663.225099999,florist,Stockbridge Flower Shop,Class 1,Class 1,Class 1,Class 1,65 RAEBURN PLACE,EH4 1JF,5952
324367.7889,674664.577099999,videotape hire,Global Video,Class 4,Class 1, , , , ,5953
324349.5911,674667.5491,"paints, wallpapers",James Wilson,Class 1,Class 1,Class 1,Class 4,71-73 RAEBURN PLACE,EH4 1JG,5954
324345.028,674668.563100001,"butcher, poulterer & game dealer",George Bower,Class 1,Class 1,Class 1,Class 1,75 RAEBURN PLACE,EH4 1JG,5955
324340.465,674669.4081,second-hand goods,Chris Corner,Class 1,Class 1,Class 1,Class 1,77 RAEBURN PLACE,EH4 1JG,5956
324552.2111,674652.9439,public house,Bert's Bar,SUI GENERIS,SUI GENERIS,SUI GENERIS,SUI GENERIS,2-6 RAEBURN PLACE,EH4 1HN,5957
324545.7889,674655.310000001,public house,The St. Bernard,SUI GENERIS,SUI GENERIS,SUI GENERIS,SUI GENERIS,10 RAEBURN PLACE,EH4 1HN,5958
324538.6908,674657.506999999,ladies clothing,Impressions,Class 1,Class 1,Class 1,Class 3,12 RAEBURN PLACE,EH4 1HN,5959
324530.5631,674659.563899999,solicitors & estate agents,Russel & Aitken,Class 2,Class 2,Class 2,Class 2,16 RAEBURN PLACE,EH4 1HN,5960
324525.493,674660.7469,jeweller,Jules of Stockbridge,Class 1,Class 1,Class 1,Class 1,20 RAEBURN PLACE,EH4 1HN,5961
324519.9159,674661.9299,electrical contractors,T.B. MacKay,Class 4,Class 4,Class 1,Class 1,20A RAEBURN PLACE,EH4 1HN,5962
324511.8871,674663.2258,n/t/c,Cunningham's,Vacant,Class 1,Class 1,Class 1,22 RAEBURN PLACE,EH4 1HN,5963
324508.169,674663.732899999,hot food take-away,Vicky's,SUI GENERIS,SUI GENERIS,SUI GENERIS,SUI GENERIS,22A RAEBURN PLACE,EH4 1HN,5964
324504.2819,674664.4089,pasta,Gourmet Pasta,Vacant,Class 1,Class 1,Class 1,26 RAEBURN PLACE,EH4 1HN,5965
324498.831,674665.267899999,hairdresser (gents),Ernest Goll,Class 1,Class 1,Class 1,Class 1,28 RAEBURN PLACE,EH4 1HN,5966
324494.352,674665.7609,artists supplies,Henderson Art Shop,Class 1,Class 1,Class 1,Class 1,28A RAEBURN PLACE,EH4 1HN,5967
324490.803,674666.436899999,baker,Crawfords,Class 1,Class 1,Class 1,Class 1,30A RAEBURN PLACE,EH4 1HN,5968
324486.662,674667.0989,curtains,The Curtain Shop,Class 1,Class 1,Class 1,Class 1,30B RAEBURN PLACE,EH4 1HN,5969
324483.0,674667.746099999,charity shop,Imperial Cancer Research Fund,Class 1,Class 1,Class 1,Class 1,30D RAEBURN PLACE,EH4 1HN,5970
324470.338,674669.9439,building society,Halifax,Class 2,Class 2,Class 2,Class 1,34A RAEBURN PLACE,EH4 1HN,5971
324456.2959,674675.7897,mixed durable goods,Woolworths,Class 1,Class 1,Class 1,Class 1,36-38 RAEBURN PLACE,EH4 1HN,5972
324429.141,674676.3956,greeting cards & stationery,Pickwicks,Class 1,Class 1,Class 1,Class 1,44(01) RAEBURN PLACE,EH4 1HL,5973
324410.366,674679.7048,prams & children's clothing,Raeburn Pram Centre,Class 1,Class 1,Class 1,Class 1,48 RAEBURN PLACE,EH4 1HL,5974
324404.1129,674680.718800001,furniture,Traesko,Class 1,Class 1,Class 1,Class 3,52-54 RAEBURN PLACE,EH4 1HL,5975
324394.535,674682.0568,charity shop,The Lifeboat Shop,Class 1,Class 1,Class 1,Class 1,56 RAEBURN PLACE,EH4 1HJ,5976
324390.986,674682.732899999,dry cleaner,Whites of Liberton,Vacant,Class 1,Class 1,Class 1,58 RAEBURN PLACE,EH4 1HJ,5977
324387.4369,674683.2399,hardware,Corson Hardware,Class 1,Class 1,Class 1,Class 1,62 RAEBURN PLACE,EH4 1HJ,5978
324380.69,674684.2118,charity shop,Oxfam,Class 1,Class 1,Class 1,Class 1,64 RAEBURN PLACE,EH4 1HJ,5979
324375.7889,674685.0568,delicatessen,Herbie,Class 1,Class 1,Class 1,Class 1,66 RAEBURN PLACE,EH4 1HJ,5980
324369.0561,674686.2258,grocer,Akram Brothers,Class 1,Class 1,Class 1,Class 1,70-72 RAEBURN PLACE,EH4 1HJ,5981
324365.0,674686.901900001,hot food take-away,Ming's,SUI GENERIS,SUI GENERIS,SUI GENERIS,SUI GENERIS,74 RAEBURN PLACE,EH4 1HJ,5982
324361.1129,674687.5779,jeweller,W.B. Aitchison,Class 1,Class 1,Class 1,Class 1,78 RAEBURN PLACE,EH4 1HJ,5983
324355.8871,674688.2118,fishmonger,G. Armstrong,Class 1,Class 1,Vacant,Class 1,80 RAEBURN PLACE,EH4 1HH,5984
324351.493,674688.887800001,veterinary surgery,J. & S. Penman,Class 2,Class 2,Class 2,Class 2, , ,5985
324347.4369,674689.563899999,greengrocer,Fresha Fruits,Class 1,Class 1,Class 1,Class 1,86 RAEBURN PLACE,EH4 1HH,5986
324339.155,674691.070900001,childrens clothing,Junior Profile,Class 1,Class 1,Class 1,Class 1,88-92 RAEBURN PLACE,EH4 1HH,5987
324331.8871,674691.9299,nightwear,Pyjama Case,UNKNOWN USE,Class 1,Class 1,Class 1,94 RAEBURN PLACE,EH4 1HH,5988
324328.845,674692.436899999,restaurant,The Copper Kettle,Class 3,Class 3,Class 3,Class 3,96 RAEBURN PLACE,EH4 1HH,5989
324325.803,674692.774900001,shoe repairs,H. Lothian,Class 1,Class 1,Class 1,Class 1,98 RAEBURN PLACE,EH4 1HH,5990
324322.5919,674693.4509,vacant, ,Class 4,Vacant,Class 1,Class 1,100 RAEBURN PLACE,EH4 1HH,5991
324316.3388,674694.465,florist,Touch of Paradise,Class 1,Class 1, , , , ,5992
324298.859,674699.380799999,charity shop,Shelter,Class 1,Class 1, , , , ,5993
324295.141,674699.887800001,charity shop,Shelter,Class 2,Class 1, , , , ,5994
324290.5731,674700.5635,grocer,Younis Brothers,Class 1,Class 1,Class 1,Class 1,106A RAEBURN PLACE,EH4 1HH,5995
324286.1269,674701.2258,dry cleaner,Euroclean,Class 1,Class 1,Class 1,Class 1,106B RAEBURN PLACE,EH4 1HH,5996
324280.207,674701.880999999,restaurant,Garden Grove,Class 1,Class 3,SUI GENERIS,SUI GENERIS,108 RAEBURN PLACE,EH4 1HH,5997
324275.8458,674702.5635,restaurant,Pizza Hut,Class 3,Class 3,Class 3,Class 3,110 RAEBURN PLACE,EH4 1HH,5998
324534.6072,673824.158,public house,Harry's Bar, ,SUI GENERIS,SUI GENERIS,SUI GENERIS,7A RANDOLPH PLACE,EH3 7TE,5999
324546.6072,673825.903000001,delicatessen & cafe,Benetti's,Class 1,Class 1,Class 3,Class 3,9(GF) RANDOLPH PLACE,EH3 7TE,6000
326482.0231,671811.731899999,n/t/c,n/a,Class 1,Class 1,Vacant,Class 1,50-52 RATCLIFFE TERRACE,EH9 1ST,6001
326483.7176,671807.778000001,insurance assessor,C.A. Wickes & Partners,Class 4,Class 2,Class 2,Class 4,54 RATCLIFFE TERRACE,EH9 1TJ,6002
326485.9769,671803.824200001,clock repairs,D. McClennan,Class 1,Class 1,Class 2,Class 2,56 RATCLIFFE TERRACE,EH9 1ST,6003
326489.0231,671797.8846,pictures & picture framing,Frame Studio,Class 1,Class 1,Class 1,Class 1,58 RATCLIFFE TERRACE,EH9 1ST,6004
326491.5648,671792.5187,hot food take-away (Chinese),Good Year,SUI GENERIS,SUI GENERIS,Class 3,Class 3,62 RATCLIFFE TERRACE,EH9 1ST,6005
326494.1066,671786.5879,baker,MacFarlane Bakery,Class 1,Class 1,Class 1,Class 1,64 RATCLIFFE TERRACE,EH9 1ST,6006
326496.7637,671780.365900001,hairdresser,Lucia Barrett,Class 1,Class 1,Class 1,Class 1,66 RATCLIFFE TERRACE,EH9 1ST,6007
326498.4121,671776.259299999,chiropodist,Lindsay Ross,Class 1,Class 2,Class 2,Class 2,68 RATCLIFFE TERRACE,EH9 1ST,6008
326500.1066,671772.0231,adventure holidays,Spice Adventure Group,Class 4,Class 1,Class 2,Class 2,72 RATCLIFFE TERRACE,EH9 1ST,6009
326501.5648,671768.221999999,butcher,Mathieson,Class 1,Class 1,Class 1,Class 1,74 RATCLIFFE TERRACE,EH9 1ST,6010
326503.4121,671763.1066,chemist,F. Hutchinson,Class 1,Class 1,Class 2,Class 2,76 RATCLIFFE TERRACE,EH9 1ST,6011
326505.6714,671759.4352,shoe repairs / key cutting,Edinburgh Outdoor Footwear Repair Specialists,Class 1,Class 1,Class 1,Class 1,78 RATCLIFFE TERRACE,EH9 1ST,6012
329070,668324,vacant, ,Class 1,Vacant, , , , ,6013
329323.79,668570.789999999,n/t/c,McCauley & Allen,Class 1,Class 1, , , , ,6014
329270,668530,post office,Gilmerton Post Office,Class 1,Class 1,Class 1,Class 1,17 RAVENSCROFT STREET,EH17 8QJ,6015
329224,668522,vacant, ,Vacant,Vacant, , , , ,6016
327711.5645,675797.354800001,n/t/c,W. & M. Spence,Class 1,Class 1,Class 1,Class 1,1 RESTALRIG ROAD,EH6 8BB,6017
327714.6129,675791.596799999,greengrocer,Restalrig Fruits,Class 1,Class 1,Vacant,Class 4,3 RESTALRIG ROAD,EH6 8BB,6018
327721.1451,675782.0645,public house,Links Tavern,SUI GENERIS,SUI GENERIS,SUI GENERIS,SUI GENERIS,5-7 RESTALRIG ROAD,EH6 8BB,6019
327725.2097,675775.967700001,butcher,McLeod,Class 1,Class 1,Class 1,Class 4,11-13 RESTALRIG ROAD,EH6 8BB,6020
327728.9193,675769.3871,vacant, ,Class 4,Vacant, , , , ,6021
327731.629,675765.6613,betting shop,Leith Racing,Class 1,Class 2,Class 2,Class 2,19 RESTALRIG ROAD,EH6 8BB,6022
327733.9355,675761.596799999,vacant, ,Class 1,Vacant, , , , ,6023
327744.871,675744.3387,residential, ,Vacant,Class 9, , , , ,6024
327746.9032,675740.2742,post office,Claremont Park Post Office,Class 1,Class 1,Vacant, , , ,6025
327749.2742,675736.5484,hot food take-away,Restalrig Bakery & Takeaway,SUI GENERIS,SUI GENERIS,SUI GENERIS,SUI GENERIS,29 RESTALRIG ROAD,EH6 8BB,6026
327752.2258,675731.016100001,hot food take-away,Restalrig Bakery & Takeaway,Vacant,SUI GENERIS,Class 4,Vacant,31 RESTALRIG ROAD,EH6 8BD,6027
327755.6129,675724.919299999,vacant, ,Class 1,Vacant, , , , ,6028
327770.7258,675694.016100001,vacant, ,Vacant,Vacant, , , , ,6029
327772.6452,675689.5484,vacant, ,Class 1,Vacant, , , , ,6030
327779.4839,675671.2904,n/t/c,M. Paget,Class 1,Class 1,Class 1,Class 1,51 RESTALRIG ROAD,EH6 8BE,6031
327781.5161,675664.1774,ventilation contractors,Clearway,Class 1,Class 4,Class 1,Class 1,53 RESTALRIG ROAD,EH6 8BE,6032
327794.0484,675631.354800001,vacant, ,Class 1,Vacant, , , , ,6033
327795.629,675626.403200001,grocer,Mace (A.& R. Gray),Class 1,Class 1, , , , ,6034
327895.6233,675491.541099999,vacant, ,Class 1,Vacant,Class 1,Class 1,95 RESTALRIG ROAD,EH6 7NY,6035
327930.1644,675440.539100001,public house,Lea Rig Bar,SUI GENERIS,SUI GENERIS,SUI GENERIS,Vacant,107 RESTALRIG ROAD,EH6 7NY,6036
327948,675403,shoe repairs,R & R,Vacant,Class 1,Vacant, , , ,6037
327956.5391,675391.040100001,hot food take-away (Chinese),Victoria,SUI GENERIS,SUI GENERIS,SUI GENERIS,SUI GENERIS,135 RESTALRIG ROAD,EH7 6HN,6038
327964.1644,675374.7476,public house,Restalrig Inn,SUI GENERIS,SUI GENERIS,SUI GENERIS,SUI GENERIS,137(1) RESTALRIG ROAD,EH7 6HN,6039
327978.5391,675348.086100001,n/t/c,R.S. McColl,Class 1,Class 1,Class 1,Class 1,139-141 RESTALRIG ROAD,EH7 6HW,6040
327981.4569,675339.957900001,electrical repairs,Restalrig Electrics,Class 1,Class 1, , , , ,6041
327983.7495,675334.122300001,betting shop,William Hill,Class 2,Class 2, , , , ,6042
327986.4971,675327.877699999,betting shop,William Hill,Class 1,Class 2, , , , ,6043
327988.3728,675322.667300001,hairdresser,Style Line,Vacant,Class 1,Class 1,Class 1,151 RESTALRIG ROAD,EH7 6HW,6044
327992.3327,675314.539100001,grocer,Aqqa Stores,Class 1,Class 1,Class 1,Class 1,155-157 RESTALRIG ROAD,EH7 6HW,6045
327995.2505,675307.869899999,baker,Home Bakery,Class 1,Class 1,Class 1,Vacant,161 RESTALRIG ROAD,EH7 6HW,6046
328001.1644,675293.456900001,"post office, greeting cards",Lochend Post Office,Class 1,Class 1,Class 1,Vacant,165 RESTALRIG ROAD,EH7 6HW,6047
327685.2903,675794.7903,vacant, ,Class 1,Vacant,Class 3,Class 3,2 RESTALRIG ROAD,EH6 8BN,6048
328303.7193,674607.787599999,public house,Bunch of Roses,SUI GENERIS,SUI GENERIS,SUI GENERIS,SUI GENERIS,"79 RESTALRIG ROAD, SOUTH",EH7 6JD,6049
328278.048,674639.623299999,videotape hire,K.L. Video,Class 1,Class 1,Class 1,Class 1,"91 RESTALRIG ROAD, SOUTH",EH7 6JD,6050
328274.8356,674642.8356,betting shop,Laidlaws,Class 2,Class 2,Class 2,Vacant,"93 RESTALRIG ROAD, SOUTH",EH7 6JD,6051
328272.0822,674646.9659,grocer,Aqqa Stores,Class 1,Class 1,Class 1,Class 1,"97 RESTALRIG ROAD, SOUTH",EH7 6JD,6052
328335.4093,674417.442299999,grocer,Victors General Store,Class 1,Class 1,Class 1,Class 1,"40 RESTALRIG ROAD, SOUTH",EH7 6LE,6053
325401.7905,674995.301899999,hairdresser,Hershaws,Class 1,Class 1,Class 1,Class 1,17 RODNEY STREET,EH7 4EN,6054
325404.86,674993.3486,plumbers,Inverleith Plumbing,Class 1,Class 4,Class 4,Class 1,21 RODNEY STREET,EH7 4EN,6055
325407.9296,674990.837099999,n/t/c,C.J. Flannigan,Class 1,Class 1,Class 1,Vacant,23 RODNEY STREET,EH7 4EN,6056
325384.581,675007.7905,florist,Fioritalia,Class 1,Class 1,Class 1,Class 1,6 RODNEY STREET,EH7 4EA,6057
325418.5819,675026.511399999,optician,David Crystal,Class 1,Class 1,Class 1,Class 1,8 RODNEY STREET,EH7 4EA,6058
325419.419,675023.721000001,n/t/c,Scougal,Class 1,Class 1,Class 1,Class 1,10 RODNEY STREET,EH7 4EA,6059
325421.6514,675017.581900001,vacant, ,Class 1,Vacant, , , , ,6060
325424.6514,675008.930500001,videotape hire,Azad Video,Class 2,Class 1,Class 2,Class 1,18 RODNEY STREET,EH7 4EA,6061
325427.4419,675004.465700001,restaurant (Chinese),China Kitchen,Class 3,Class 3,Class 3,Class 3,22 RODNEY STREET,EH7 4EA,6062
325433.1171,675000.2324,hairdresser,Jon Francis,Class 1,Class 1,Vacant,Class 1,24 RODNEY STREET,EH7 4EA,6063
325436.4657,674997.4419,car roof racks,The Roof Rack Shop,Class 1,Class 1,Class 3, , , ,6064
325439.5352,674995.488600001,bicycles,City Cycles,Class 1,Class 1,Class 1, , , ,6065
325458.0704,674983.488600001,grocer,Nikki Food Stores / Marks,Class 1,Class 1,Class 2,Class 2,32 RODNEY STREET,EH7 4DX,6066
325461.6981,674981.256200001,fishmonger,Bruce Robertson,Class 1,Class 1,Class 1,Class 1,34 RODNEY STREET,EH7 4DX,6067
325465.3257,674979.3028,hairdresser (gents),Gentlemens Hairdresser,Class 1,Class 1,Vacant,Vacant,38 RODNEY STREET,EH7 4DX,6068
325468.6743,674977.0704,office,Waverley Business Service,Class 1,Class 4,Vacant,Class 1,40 RODNEY STREET,EH7 4DX,6069
325472.0229,674975.1171,charity shop,n/a,Class 1,Class 1,Class 1,Class 1,42 RODNEY STREET,EH7 4DX,6070
325475.9542,674973.046700001,bonsai trees,Pooches,Class 1,Class 1,Class 2,Class 2,44 RODNEY STREET,EH7 4DX,6071
325479.0238,674971.372400001,outdoor clothing & equipment,The Dry Walker Shop,Vacant,Class 1,Class 1,Vacant,46 RODNEY STREET,EH7 4DX,6072
325482.0933,674969.419,ski equipment & hire,Lothian Ski Services,Class 1,Class 1,Class 1,Class 1,50 RODNEY STREET,EH7 4DX,6073
325485.1629,674967.465700001,hot food take-away,The Rodney Takeaway,Class 1,SUI GENERIS, ,SUI GENERIS,52 RODNEY STREET,EH7 4DX,6074
325489.0695,674964.9542,hot food take-away,The Rodney Takeaway,Class 3,SUI GENERIS, ,SUI GENERIS,54 RODNEY STREET,EH7 4DX,6075
325501.875,674004.575099999,public house,Abbotsford,SUI GENERIS,SUI GENERIS,SUI GENERIS,SUI GENERIS,3-5 ROSE STREET,EH2 2PR,6076
325490.8502,674001.6501,department store - children's clothing,Jenners, ,Class 1, , , , ,6077
325393.7412,673972.544199999,public house,Milnes,SUI GENERIS,SUI GENERIS, , , , ,6078
325388.9088,673971.2971,public house,Milnes,Class 1,SUI GENERIS, , , , ,6079
325308.575,673948.600099999,public house,37 Bar,SUI GENERIS,SUI GENERIS,SUI GENERIS,SUI GENERIS,37 ROSE STREET,EH2 2NH,6080
325285.8249,673942.300000001,public house,Paddys,SUI GENERIS,SUI GENERIS,SUI GENERIS,SUI GENERIS,49 ROSE STREET,EH2 2NH,6081
325235.0265,673927.3236,public house,Rose Street Brewery,SUI GENERIS,SUI GENERIS,SUI GENERIS,SUI GENERIS,55 ROSE STREET,EH2 2NH,6082
325224.8706,673924.9471,restaurant,Francesco,Class 3,Class 3,Class 3,Class 3,61-65 ROSE STREET,EH2 2NH,6083
325199.3146,673918.247099999,take-away food,Gerry's Sandwich Bar,Class 3,Class 1,Class 1,Class 1,71 ROSE STREET,EH2 2NH,6084
325134.7412,673899.8177,residential, ,Class 1,Class 9, , , , ,6085
325132.0912,673899.0383,residential, ,Class 1,Class 9, , , , ,6086
325129.4412,673898.2588,"clothing alterations, tailoring",Quickstitch,Class 1,Class 1,Class 1,Class 1,79 ROSE STREET,EH2 3DT,6087
325126.4794,673897.4794,ladies clothing,Smarty Pants,SUI GENERIS,Class 1,Class 1,Class 1,81 ROSE STREET,EH2 3DT,6088
325113.7794,673893.1941,baker,Greggs,Class 1,Class 1,Class 1,Class 1,85-87 ROSE STREET,EH2 3DT,6089
325106.9882,673891.1559,art shop,Edinburgh Arts,Class 1,Class 1,Class 1,Class 1,89 ROSE STREET,EH2 3DT,6090
325102.0,673889.9088,greeting cards,Papertree,Class 1,Class 1,Class 1,Class 1,93 ROSE STREET,EH2 3DT,6091
325094.8706,673888.0647,hairdresser,City Cuts,Class 1,Class 1,Class 1,Class 1,95 ROSE STREET,EH2 3DT,6092
325090.35,673886.9735,art shop,Stencil,Class 1,Class 1,Class 1,Class 1,99 ROSE STREET,EH2 3DT,6093
325083.5853,673885.0,photo processing / dry cleaners,Klick / Munro,Class 1,Class 1,Class 1,Class 1,101 ROSE STREET,EH2 3DT,6094
325079.3765,673883.9088,confectioner,Sweetaholic,Class 1,Class 1,Class 1,Class 1,105 ROSE STREET,EH2 3DT,6095
325072.1559,673881.9735,shoes,Eccolet,Class 1,Class 1,Class 1,Class 1,107-109 ROSE STREET,EH2 3DT,6096
325066.4823,673880.2206,optician,C. Jeffrey Black,Class 1,Class 1,Class 1,Class 1,111 ROSE STREET,EH2 3DT,6097
325061.65,673878.9735,shoes,Scholl,Class 1,Class 1,Class 1,Class 1,115-117 ROSE STREET,EH2 3DT,6098
325058.2206,673877.8824,public house,The Underground,SUI GENERIS,SUI GENERIS,SUI GENERIS,SUI GENERIS,119 ROSE STREET,EH2 3DT,6099
325054.9471,673876.9471,china & glassware,Les Cadeaux,Class 1,Class 1,Class 2,Class 2,121 ROSE STREET,EH2 3DT,6100
325049.1795,673875.3883,outdoor clothing & equipment,Tiso,Class 1,Class 1, , , , ,6101
325045.1266,673874.453,hi-fi equipment,Hi Fi Corner,Class 1,Class 1, , , , ,6102
325034.059,673871.4912,travel agent,A.T. Mays,Class 1,Class 1,Class 1,Class 1,121C ROSE STREET,EH2 3DT,6103
325027.5735,673869.247099999,clothing,Mean Jeans,Class 1,Class 1,Vacant,Class 1,125 ROSE STREET,EH2 3DT,6104
325018.1294,673866.441199999,food take-away,Hungry Horace,SUI GENERIS,Class 1,Class 1,Class 1,127A ROSE STREET,EH2 3DT,6105
324997.7,673860.4794,jeweller,Joe Cool,Class 1,Class 1,Class 1,Class 1,129 ROSE STREET,EH2 3DT,6106
325004.2471,673862.1941,restaurant,Shanaz Tandoori,Class 3,Class 3,Class 3,Class 3,129(BF) ROSE STREET,EH2 3DT,6107
324928.2853,673840.752900001,jeweller,Clelland Brown,Class 1,Class 1,Class 1,Class 1,131 ROSE STREET,EH2 3DT,6108
324915.6264,673837.505899999,hairdresser,Melvin & Friends,Class 1,Class 1,Vacant,Vacant,133(01) ROSE STREET,EH2 4LS,6109
324910.7941,673836.2588,public house,Gordon Arms,SUI GENERIS,SUI GENERIS,SUI GENERIS,SUI GENERIS,133(05) ROSE STREET,EH2 4LS,6110
324905.8059,673834.855900001,sports equipment,The Home of Golf,Class 1,Class 1,Class 1,Class 1,137 ROSE STREET,EH2 4LS,6111
324852.8588,673819.8177,public house,Dirty Dicks,SUI GENERIS,SUI GENERIS,SUI GENERIS,SUI GENERIS,159 ROSE STREET,EH2 4LS,6112
324846.4676,673818.103,dancewear,Ballet School Supplies,Class 1,Class 1,Class 1,Class 1,161A ROSE STREET,EH2 4LS,6113
324837.7412,673815.532400001,restaurant,Swiss Alphorn,Vacant,Class 3, , , , ,6114
324832.4412,673813.9735,restaurant,Swiss Alphorn,Class 3,Class 3,Class 3,Class 3,167 ROSE STREET,EH2 4LS,6115
325397.2034,673958.423699999,betting shop,Ladbrokes,Class 2,Class 2,Class 2,Class 2,40 ROSE STREET,EH2 2QA,6116
325203.1559,673902.6117,public house,Auld Hundred,SUI GENERIS,SUI GENERIS,SUI GENERIS,SUI GENERIS,100-102 ROSE STREET,EH2 2NN,6117
325146.8313,673887.712400001,hot food take-away,Rose Street Fry,SUI GENERIS,SUI GENERIS,SUI GENERIS,SUI GENERIS,106 ROSE STREET,EH2 3JF,6118
325143.4624,673886.762399999,antique jewellery,Goodwin's Antiques,Class 1,Class 1, , , , ,6119
325135.3625,673884.2312,antique jewellery,Goodwin's Antiques,Class 1,Class 1, , , , ,6120
325130.8063,673883.049900001,jeweller,Robert Anthony,Class 1,Class 1,Class 1,Class 1,108B ROSE STREET,EH2 3JF,6121
325116.3911,673878.5853,public house,Brecks Bar,SUI GENERIS,SUI GENERIS,SUI GENERIS,SUI GENERIS,110-114 ROSE STREET,EH2 3JF,6122
325107.6235,673876.0529,jeweller,Alistair Tait,Class 1,Class 1,Class 1,Class 1,116A ROSE STREET,EH2 3JF,6123
325103.4147,673874.8059,jeweller,John Whyte,Class 1,Class 1,Class 1,Class 1,116B ROSE STREET,EH2 3JF,6124
325098.1823,673873.300000001,hairdresser,Murdo McLeans,Class 1,Class 1, , , , ,6125
325088.3529,673870.4147,hairdresser,Murdo McLeans,Class 1,Class 1, , , , ,6126
325084.6235,673869.300000001,grocer (Scottish foods),Baxters of Speyside,Class 1,Class 1,Class 1,Class 1,122-124 ROSE STREET,EH2 3JF,6127
325079.4676,673868.0765,shoes,Rogerson Footwear,Class 1,Class 1,Class 1,Class 1,126-128 ROSE STREET,EH2 3JF,6128
325074.1795,673866.338199999,sports equipment,Outdoor Trading Company,Class 1,Class 1,Class 1,Class 1,130 ROSE STREET,EH2 3JD,6129
325069.0354,673864.9353,mens clothing,Get Shirty,Class 4,Class 1,Class 1,Vacant,134 ROSE STREET,EH2 3JD,6130
325063.5795,673863.376499999,gifts,Romulus,Class 1,Class 1,Class 1,Class 1,136 ROSE STREET,EH2 3JD,6131
325056.5324,673861.208799999,mens clothing,Premiere International,Class 1,Class 1,Class 1,Class 1,138 ROSE STREET,EH2 3JD,6132
325051.0765,673859.65,decorative oriental goods,The India Shop,Class 4,Class 1,Class 1,Class 1,142 ROSE STREET,EH2 3JD,6133
325022.4147,673851.6117,public house,The Kenilworth,SUI GENERIS,SUI GENERIS,SUI GENERIS,SUI GENERIS,152-154 ROSE STREET,EH2 3JD,6134
325004.9697,673846.915999999,restaurant,Ikes,Class 3,Class 3,Class 3,Vacant,158-162 ROSE STREET,EH2 3JD,6135
324920.4294,673822.7941,public house,Filthy McNasty's,SUI GENERIS,SUI GENERIS,SUI GENERIS,Vacant,168 ROSE STREET,EH2 3JD,6136
324916.2206,673821.7029,public house,Rose & Crown,SUI GENERIS,SUI GENERIS,SUI GENERIS,SUI GENERIS,170 ROSE STREET,EH2 4BA,6137
324909.6764,673819.7412,take-away food,Eatings,Class 1,Class 1,Class 1,Class 1,172 ROSE STREET,EH2 4BA,6138
324905.4676,673818.494100001,restaurant (Thai),Thai House,Vacant,Class 3,Class 3,Class 3,176 ROSE STREET,EH2 4BA,6139
324899.7529,673816.755799999,hairdresser,Salon Quintessance,Class 1,Class 1,Class 2,Class 2, , ,6140
324895.8559,673815.6646,public house & restaurant,Olivers,SUI GENERIS,SUI GENERIS,SUI GENERIS,Vacant,178A ROSE STREET,EH2 4BA,6141
324890.7529,673814.1176,dancewear,Dancewear,Vacant,Class 1,Class 1,Class 1,182 ROSE STREET,EH2 4BA,6142
324884.3647,673812.455800001,restaurant (Mexican),Cantina Mexicana,SUI GENERIS,Class 3,Class 3,Class 3,184 ROSE STREET,EH2 4BA,6143
324878.7529,673810.7412,travel agent,Connoisseur,Class 1,Class 1,Class 1,Class 1,188 ROSE STREET,EH2 4BA,6144
324872.1559,673808.8323,restaurant,Get Stuffed,Class 3,Class 3,Class 3,Class 3,192 ROSE STREET,EH2 4AZ,6145
324869.0383,673807.897,betting shop,William Hill,Class 2,Class 2,Class 2,Vacant,192A ROSE STREET,EH2 4AZ,6146
324861.4676,673805.623500001,vacant, ,Class 1,Vacant,Class 1,Class 1,194A ROSE STREET,EH2 4AZ,6147
324852.4558,673803.014699999,travel agent,Edinburgh Travel Centre,Class 1,Class 1,Class 4,Class 4,196 ROSE STREET,EH2 4AT,6148
324847.6235,673801.6117,cafe,Wolfits,SUI GENERIS,Class 3,Class 3,Class 3,200 ROSE STREET,EH2 4AZ,6149
324837.8559,673798.9617,public house,Scotts,SUI GENERIS,SUI GENERIS,SUI GENERIS,SUI GENERIS,202 ROSE STREET,EH2 4AZ,6150
325314.3321,673972.618799999,restaurant,New York Steam Packet,Class 3,Class 3,Class 3,Class 3,"31(01) ROSE STREET LANE, NORTH",EH2 2NP,6151
325024.9735,673877.364700001,sauna,Executive Sauna,Class 1,Class 11,Class 11,Class 11, , ,6152
325012.9971,673872.688200001,public house,French Connection,SUI GENERIS,SUI GENERIS,SUI GENERIS,SUI GENERIS,"87(GF)-89 ROSE STREET LANE, NO",EH2 3DX,6153
325062.2088,673900.532400001,restaurant,Martins,SUI GENERIS,Class 3,Class 3,Class 3,"70-72 ROSE STREET LANE, NORTH",EH2 3DX,6154
324924.9056,673810.705800001,vacant, ,UNKNOWN USE,Vacant,Vacant,Class 1,"120(PF)-122 ROSE STREET LANE,",EH2 4BB,6155
313078.0712,677850.0614,chemist,Lloyds,Class 1,Class 1,Class 1,Class 1,(A) ROSEBERY AVENUE,EH30 9QS,6156
323005,673137,vacant, ,SUI GENERIS,Vacant,Class 1,Class 1,2 ROSEBURN PLACE,EH12 5NN,6157
322871,672879,furniture,J.B. McLean Interiors, ,Class 1,Class 1,Class 1,27 ROSEBURN STREET,EH12 5PE,6158
323036.0503,673168.341700001,public house,Roseburn Bar,SUI GENERIS,SUI GENERIS, , , , ,6159
323030.6834,673170.0189,residential, ,Class 11,Class 9, , , , ,6160
323025.3166,673171.3606,clothing alterations,Savoir Fair,Class 1,Class 1,Class 2, , , ,6161
323025.3166,673171.3606,betting shop,Morrisons,Class 2,Class 2,Class 2,Class 2,9-11 ROSEBURN TERRACE,EH12 5NG,6162
325631.3149,672333.2116,vacant, ,Class 1,Vacant,Class 4,Class 1,4 ROSENEATH STREET,EH9 1JH,6163
325621.3702,672333.2116,ladies clothing,La Belle Boutique,Class 1,Class 1,Class 1,Vacant,6 ROSENEATH STREET,EH9 1JH,6164
325626.1058,672333.2116,fishmonger,Eddie's Seafood Market,Class 1,Class 1,Class 1,Class 1,7 ROSENEATH STREET,EH9 1JH,6165
325616.8942,672333.2116,grocer,Fair Deal Superstore (M.A. Sheikh),Class 1,Class 1,Class 4,Class 1,8 ROSENEATH STREET,EH9 1JH,6166
325612.1587,672333.6851,fancy goods,Mr. Macawaz,Class 1,Class 1,Class 1,Class 1,10 ROSENEATH STREET,EH9 1JH,6167
323020.044,673173.341700001,photocopying & printing,Prontaprint,Class 4,Class 4,Class 4,Vacant,13 ROSEBURN TERRACE,EH12 5NG,6168
323016.3543,673174.347999999,hairdresser,Headway,Class 1,Class 1,Class 1,Class 1,15 ROSEBURN TERRACE,EH12 5NG,6169
323012.5703,673175.3857,pictures & picture framing,Art et Facts,Class 1,Class 1,Class 1,Class 1,19 ROSEBURN TERRACE,EH12 5NG,6170
323008.6394,673176.696,hairdresser,Thallon Soulis,Class 1,Class 1,Class 1,Class 1,21 ROSEBURN TERRACE,EH12 5NG,6171
323003.3669,673178.341700001,sports equipment,Shooting Lines Ltd.,Class 1,Class 1,Class 1,Vacant,23 ROSEBURN TERRACE,EH12 5NG,6172
322998.304,673180.0063,hot food take-away,Delta,Class 1,SUI GENERIS,SUI GENERIS,SUI GENERIS,27 ROSEBURN TERRACE,EH12 5NG,6173
322991.696,673182.6834,antiques & fine art,Du Maurier's Fine Art Salon,Class 1,Class 1,Class 3,Class 1,29 ROSEBURN TERRACE,EH12 5NQ,6174
322987.3354,673184.0251,n/t/c & grocer,Edinburgh News, ,Class 1,Class 1,Class 1,33 ROSEBURN TERRACE,EH12 5NQ,6175
322980.7023,673186.6897,hairdresser,Ikina Hair Studio,Class 1,Class 1,Class 1,Class 1,35 ROSEBURN TERRACE,EH12 5NQ,6176
322976.6771,673188.0251,domestic appliance servicing,Capital Domestic Repairs,Class 1,Class 1,Class 1,Class 1,39 ROSEBURN TERRACE,EH12 5NQ,6177
322972.652,673189.7086,vacant, ,Class 2,Vacant,Vacant,Class 1,41 ROSEBURN TERRACE,EH12 5NQ,6178
322967.044,673191.347999999,butcher,R & W Quality Meats,Class 1,Class 1,Class 1,Class 1,43 ROSEBURN TERRACE,EH12 5NQ,6179
322960.6709,673193.3606,grocer,Spar,Class 1,Class 1,Class 1,Class 1,47 ROSEBURN TERRACE,EH12 5NQ,6180
322954.044,673196.012599999,hot food take-away,Ben Hur,SUI GENERIS,SUI GENERIS,SUI GENERIS,SUI GENERIS,49 ROSEBURN TERRACE,EH12 5NQ,6181
322949.6834,673197.3543,"baker, patissier & caterer",Barringers,Class 1,Class 1,Class 3,Class 3,53 ROSEBURN TERRACE,EH12 5NQ,6182
322945.3229,673198.696,sauna,Paradise Sauna,Class 11,Class 11,Class 11,Class 11,55 ROSEBURN TERRACE,EH12 5NQ,6183
322934.0126,673202.6897,public house,Murrayfield Bar,SUI GENERIS,SUI GENERIS,SUI GENERIS,SUI GENERIS,57-59 ROSEBURN TERRACE,EH12 5NQ,6184
323035.3732,673196.3166,accountants,Byers & Co.,Class 2,Class 2,Class 4,Class 2,2B ROSEBURN TERRACE,EH12 6AW,6185
323035.9686,673196.3291,accountants,Byers & Co.,Class 4,Class 2, , , , ,6186
323022.8868,673198.0063,vacant, ,Class 4,Vacant,Class 1,Class 1,2-2A ROSEBURN TERRACE,EH12 6AW,6187
323015.1949,673200.8994,n/t/c,Roseburn Newsagents,Class 1,Class 1,Class 1,Vacant,4 ROSEBURN TERRACE,EH12 6AW,6188
323011.1697,673202.2411,shoe repairs,Roseburn Shoe Repairs,Class 1,Class 1,Class 1,Class 1,6 ROSEBURN TERRACE,EH12 6AW,6189
323006.8092,673203.582800001,hot food take-away,Roseburn Takeaway,Class 1,SUI GENERIS,SUI GENERIS,SUI GENERIS,8 ROSEBURN TERRACE,EH12 6AW,6190
323002.5766,673205.304,hot food take-away & restaurant (Chinese),International Peking Cuisine,SUI GENERIS,SUI GENERIS,SUI GENERIS,SUI GENERIS,10 ROSEBURN TERRACE,EH12 6AW,6191
322998.7589,673206.937100001,computer repairs,Ev Ent,Class 1,Class 1,Class 1,Class 1,12 ROSEBURN TERRACE,EH12 6AW,6192
322994.652,673208.304,wine merchant,Haddows,Class 1,Class 1,Class 1,Class 4,14 ROSEBURN TERRACE,EH12 6AW,6193
322991.044,673209.956,dry cleaner,Care Clean,Class 1,Class 1,Class 1,Class 1,16 ROSEBURN TERRACE,EH12 6AW,6194
322987.0189,673210.962300001,chemist,Lloyds,Class 1,Class 1,Class 1,Class 1,18 ROSEBURN TERRACE,EH12 6AW,6195
322983.6646,673212.304,videotape hire,Vid Biz,Class 1,Class 1,Class 1,Class 1,20 ROSEBURN TERRACE,EH12 6AW,6196
322980.6457,673213.3103,hot food take-away,The Bungalow,Class 1,SUI GENERIS,SUI GENERIS,Vacant,22 ROSEBURN TERRACE,EH12 6AW,6197
322973.6017,673215.658299999,bank,Bank of Scotland,Class 2,Class 2,Class 2,Class 2,28 ROSEBURN TERRACE,EH12 6AW,6198
325490.7405,672488.370200001,helicopter hire / tours,Lothian Helicopters Ltd.,Class 1,Class 1, , , , ,6199
325574.3149,672399.8413,vacant, ,Vacant,Vacant, , , , ,6200
325569.5793,672400.7884,vacant, ,Vacant,Vacant,Vacant,Vacant,21 ROSENEATH PLACE,EH9 1JD,6201
325576.8967,672342.370200001,public address systems,A. & R. Martin,Class 2,Class 2,UNKNOWN USE,Class 1,26 ROSENEATH PLACE,EH9 1JD,6202
325575.476,672346.1587,hot food take-away (Chinese),Good Year,SUI GENERIS,SUI GENERIS,SUI GENERIS,SUI GENERIS,27 ROSENEATH PLACE,EH9 1JD,6203
325606.476,672333.6851,cafe,Zambeze Cafe,Class 1,Class 3,Class 3,Class 3,11 ROSENEATH STREET,EH9 1JH,6204
325600.4207,672334.2644,grocer,Capital Grocers,Class 1,Class 1,Class 1,Class 1,12 ROSENEATH STREET,EH9 1JH,6205
325595.6851,672334.738,clothing alterations,The Clothing Workshop,Class 1,Class 1,Class 1,Vacant,14 ROSENEATH STREET,EH9 1JH,6206
325590.9496,672334.738,delicatessen,Haddows,Class 1,Class 1,Class 1,Class 1,15 ROSENEATH STREET,EH9 1JH,6207
325584.0,672334.1587,snack bar,Fernardio's,Class 1,Class 1,SUI GENERIS,SUI GENERIS,16 ROSENEATH STREET,EH9 1JH,6208
325578.3173,672335.579299999,launderette,Sundial,Class 1,Class 1,Class 1,Class 1,17 ROSENEATH STREET,EH9 1JH,6209
325560.1058,672427.0529,n/t/c,Brydon Newsagent,Class 1,Class 1, , , , ,6210
325564.3702,672401.262,vacant, ,Vacant,Vacant, , , , ,6211
326957.666,674602.6927,fishmonger,J.R. Moffat,Class 1,Class 1, , , , ,6212
326962.0286,674601.965600001,fishmonger,J.R. Moffat,Class 1,Class 1,Class 1,Class 9, , ,6213
326967.1183,674600.996200001,residential, ,Class 4,Class 9, , , , ,6214
327547.923,674151.534600001,residential, ,Class 1,Class 9, , , , ,6215
327541.5467,674152.6479,pottery,Royal Park Ceramics, ,Class 1, , , , ,6216
327535.5752,674153.3564,heating engineer,n/a,Class 4,Class 4, , , , ,6217
326380.8751,674384.031199999,casino,Royal Chimes Club / Dream House,SUI GENERIS,Class 11,Class 4, , , ,6218
324705.1768,675931.7401,plumbers,Cumming & Hendry,Class 1,Class 4,Class 4,Class 4,1A ROYSTON TERRACE,EH3 5QU,6219
324707.5198,675933.4441,shoe repairs,Lionel W. Wilson,Class 1,Class 1,Class 1,Class 1,1B ROYSTON TERRACE,EH3 5QU,6220
324662.9412,673645.0482,no trace, ,Class 1,UNKNOWN USE, ,Class 3,2-3 RUTLAND STREET,EH1 2AE,6221
325662.475,674044.4001,bar & restaurant,Tiles, ,SUI GENERIS, , , , ,6222
325645.8249,674039.899700001,redeveloped tor offices, ,Class 3,Redeveloped, , , , ,6223
325670.5997,674181.044,restaurant,Trekkers,Class 3,Class 3, , , , ,6224
325767.4927,674199.522,demolished, ,Class 1,Demolished, , , , ,6225
325683,674185,n/t/c,John Menzies,Class 1,Class 1, , , , ,6226
324300.7141,674486.5604,n/t/c,Robb's,Class 1,Class 1,Class 4,Class 4,41 ST. BERNARD'S CRESCENT,EH4 1NR,6227
325669.0,673606.8477,knitwear,The Cashmere Store,Class 1,Class 1,Class 1,Class 1,2-4 ST. GILES STREET,EH1 1PT,6228
325665.5386,673619.8309,café,Café Florentin,Class 1,Class 3,Class 3,Class 3,8-10 ST. GILES STREET,EH1 1PT,6229
325790.8025,674235.3827,electrical goods,Scottish Power,Class 1,Class 1,Class 1,Class 1,1-3 ST. JAMES CENTRE,EH1 3SS,6230
325805.6049,674239.209899999,chemist,Boots,Class 1,Class 1,Class 1,Class 1,5-9 ST. JAMES CENTRE,EH1 3SS,6231
325815.7901,674241.8148,children's clothing,Adams,Class 1,Class 1,Class 1,Class 1,11(GF)-13 ST. JAMES CENTRE,EH1 3SS,6232
325825.5926,674244.604900001,ladies & childrens clothing,Mackays,Class 1,Class 1,Class 1,Class 1,15-17 ST. JAMES CENTRE,EH1 3SS,6233
325838.5926,674247.8148,electrical goods,Currys,Class 1,Class 1,Vacant,Class 1,19-21 ST. JAMES CENTRE,EH1 3SS,6234
325849.6557,674254.0096,baker,Cookie Jar,Class 1,Class 1,Class 2,Class 2,23 ST. JAMES CENTRE,EH1 3SS,6235
325852.8261,674257.089299999,cafe,Cafe St. James,SUI GENERIS,Class 3, , , , ,6236
325856.3592,674261.0682,cafe,Crawfords Country Kitchen,Class 1,Class 3,Class 1,Class 1,27 ST. JAMES CENTRE,EH1 3SS,6237
325859.1189,674264.0507,cafe,Crawfords Country Kitchen,Class 3,Class 3, ,Class 1,29 ST. JAMES CENTRE,EH1 3SS,6238
325861.9731,674266.860300001,wine merchant,Victoria Wine,Class 1,Class 1,Vacant,Class 2,31 ST. JAMES CENTRE,EH1 3SS,6239
325864.7427,674269.535700001,vacant, ,Class 1,Vacant,Vacant,Class 2,33 ST. JAMES CENTRE,EH1 3SS,6240
325867.0595,674271.9584,sports equipment & clothing,Intersport (Sale Shop),Class 1,Class 1,Vacant,Class 2,35 ST. JAMES CENTRE,EH1 3SS,6241
325869.2593,674274.2752,children's clothing,Growing Up,Class 1,Class 1,Vacant,Class 2,37 ST. JAMES CENTRE,EH1 3SS,6242
325880.8628,674260.0535,vacant, ,Class 1,Vacant,Class 1,Vacant,39 ST. JAMES CENTRE,EH1 3SS,6243
325875.8142,674255.4068,ladies clothing,Bay Trading Co.,Class 2,Class 1, , , , ,6244
325877.2977,674243.415899999,clothing,River Island,Class 1,Class 1, , , , ,6245
325883.2099,674237.592599999,vacant, ,Class 1,Vacant,Class 1,Class 1,57 ST. JAMES CENTRE,EH1 3SS,6246
325888.3951,674233.012399999,sports equipment & clothing,Allsports,Class 1,Class 1,Class 1,Class 1,59 ST. JAMES CENTRE,EH1 3SS,6247
325893.1852,674228.209899999,ladies clothing,Etam,Class 1,Class 1,Class 1,Class 1,61 ST. JAMES CENTRE,EH1 3SS,6248
325896.5076,674225.041099999,vacant, ,Class 1,Vacant,Class 1,Class 1,63-67 ST. JAMES CENTRE,EH1 3SS,6249
325899.772,674221.995100001,vacant, ,Class 1,Vacant, , , , ,6250
325898.0162,674223.7509,vacant, ,Class 1,Vacant, , , , ,6251
325913.3885,674193.602399999,department store - restaurant,John Lewis,Class 1,Class 3, , , , ,6252
325907.0676,674199.5721,department store - mixed durable goods,John Lewis,Class 1,Class 1,Class 1,Class 1,69 ST. JAMES CENTRE,EH1 3SP,6253
325943.0782,674160.6667,vacant, ,Class 3,Vacant,Vacant,Class 1,71-73 ST. JAMES CENTRE,EH1 3SJ,6254
325937.1221,674162.598099999,vacant, ,Class 1,Vacant,Class 1,Class 1,75 ST. JAMES CENTRE,EH1 3SJ,6255
325930.6516,674164.0933,travel agent,A.T. Mays,Class 1,Class 1,Class 1,Class 1,77 ST. JAMES CENTRE,EH1 3SJ,6256
325925.4068,674165.4581,optician,Specialeyes,Class 1,Class 1,Class 1,Class 1,79 ST. JAMES CENTRE,EH1 3SJ,6257
325921,674162,greeting cards,Strand Cards (Hallmark),Class 1,Class 1,Class 1,Class 1,81 ST. JAMES CENTRE,EH1 3SJ,6258
325916.0124,674156.8148,travel agent,Lunn Poly,Class 1,Class 1,Class 1,Class 1,83 ST. JAMES CENTRE,EH1 3SJ,6259
325911.1975,674151.629699999,clothing,The Jean Scene,Class 1,Class 1,Class 1,Class 1,85 ST. JAMES CENTRE,EH1 3SJ,6260
325860.4419,674246.9275,food court,Food Court,SUI GENERIS,Class 3, , , , ,6261
325905.6544,674142.555500001,television & video rental,Granada,Class 1,Class 1,Class 1,Class 1,93 ST. JAMES CENTRE,EH1 3SJ,6262
325903.8643,674134.7654,clothing,Tie Rack,Class 1,Class 1,Class 1,Class 1,95 ST. JAMES CENTRE,EH1 3SJ,6263
325902.1975,674126.592599999,jeweller,Ernest Jones,Class 1,Class 1,Class 1,Class 1,97-99 ST. JAMES CENTRE,EH1 3SJ,6264
325900.5802,674118.8025,mobile telephones,Pinnacle Vodafone,Class 1,Class 1,Class 2,Class 2,101 ST. JAMES CENTRE,EH1 3SJ,6265
325899.1234,674108.975299999,confectioner,Thorntons,Class 1,Class 1,Class 1,Class 1,103-105 ST. JAMES CENTRE,EH1 3SJ,6266
325792.3209,674218.1852,bank,Bank of Scotland,Class 1,Class 2,Vacant,Class 1,2(BF) ST. JAMES CENTRE,EH1 3SR,6267
325801.9629,674220.5679,toiletries & cosmetics,Superdrug,Class 1,Class 1,Class 1,Class 1,4-6 ST. JAMES CENTRE,EH1 3SR,6268
325809.2909,674222.187899999,post office,Post Office,Class 2,Class 1,Class 1,Class 1,8-10 ST. JAMES CENTRE,EH1 3SR,6269
325815.7656,674224.1534,optician,Vision Express,Class 1,Class 1, , , , ,6270
325829.5397,674227.9648,optician,Vision Express,Class 1,Class 1, , , , ,6271
325837.4046,674229.4581,sports equipment & clothing,The Sports Shop,Class 1,Class 1,Class 1,Class 1,16 ST. JAMES CENTRE,EH1 3SR,6272
325844.1907,674231.614499999,supermarket,Presto,Class 1,Class 1,Vacant,Class 1,18 ST. JAMES CENTRE,EH1 3SR,6273
325856.4637,674235.0,baker,Crawfords,Class 1,Class 1,Class 1,Class 1,22 ST. JAMES CENTRE,EH1 3SR,6274
325865.5926,674233.0,shoe repairs,Automagic,Class 1,Class 1,Class 1,Class 1,24A ST. JAMES CENTRE,EH1 3SR,6275
325868.4398,674230.123199999,clothing accessories,Bow Bangles,Class 1,Class 1, , , , ,6276
325871.2482,674227.332,n/t/c,R.S. McColl,SUI GENERIS,Class 1,Class 1,Class 1,26 ST. JAMES CENTRE,EH1 3SR,6277
325877.2977,674221.2928,gents clothing,Burton,Class 1,Class 1, , , , ,6278
325873,674201,ladies clothing,Richards,Class 1,Class 1,Class 1,Class 1,32 ST. JAMES CENTRE,EH1 3SL,6279
325878.1852,674195.012399999,ladies clothing,Dorothy Perkins,Class 1,Class 1,Class 1,Class 1,34-36 ST. JAMES CENTRE,EH1 3SL,6280
325885.1852,674188.1852,toys,Early Learning Centre,Class 1,Class 1,Class 1,Class 1,38 ST. JAMES CENTRE,EH1 3SL,6281
325891.5926,674181.407400001,clothing,Top Shop / Top Man,Class 1,Class 1,Class 1,Class 1,40-42 ST. JAMES CENTRE,EH1 3SL,6282
325901.107,674171.8093,jeweller,H. Samuel,Class 1,Class 1,Class 1,Class 1,44-48 ST. JAMES CENTRE,EH1 3SL,6283
325896.9163,674167.2674,optician,Dollond & Aitchison,Class 1,Class 1,Class 1,Class 1,50 ST. JAMES CENTRE,EH1 3SL,6284
325887.9629,674149.222200001,shoes,Dolcis,Class 1,Class 1,Class 1,Class 1,54-56 ST. JAMES CENTRE,EH1 3SL,6285
325890.6418,674140.525699999,shoes,Paris,Class 1,Class 1, , , , ,6286
325887.3827,674127.926100001,books,The Works,Class 1,Class 1,Class 1,Class 1,62 ST. JAMES CENTRE,EH1 3SL,6287
325885.7255,674121.914100001,luggage,Salisbury,Class 1,Class 1, , , , ,6288
325882.9163,674110.3258,electrical goods,Dixons,Class 1,Class 1, , , , ,6289
325881.1605,674102.951400001,"records, tapes, cds",H.M.V.,Class 1,Class 1, , , , ,6290
325870.2745,674100.142100001,"records, tapes, cds",H.M.V.,Class 1,Class 1, , , , ,6291
326194.6618,672920.292300001,grocer,Food for Thought,Class 1,Class 1,Class 1,Class 1,9 ST. PATRICK STREET,EH8 9HB,6292
324384.1857,672530.475099999,grocer,Viewforth Licensed Grocer,Vacant,Class 1,Class 1,Class 1,1 ST. PETER'S BUILDINGS,EH3 9PG,6293
324388.2678,672533.6501,painters & decorators,William Swanston & Sons,Class 4,Class 4,Class 4,Class 4,3 ST. PETER'S BUILDINGS,EH3 9PG,6294
324391.8964,672536.3715,hairdresser,Rhythmik,Class 1,Class 1,Class 1,Class 1,4 ST. PETER'S BUILDINGS,EH3 9PG,6295
324397.6393,672540.6501,n/t/c & grocer,Youngs,Class 1,Class 1,Class 2,Vacant,5 ST. PETER'S BUILDINGS,EH3 9PG,6296
320208.9811,672880.3543,mobile telephones,Motorola,Class 1,Class 1,Class 1,Class 1,109-111 ST. JOHN'S ROAD,EH12 6NN,6297
320175.6246,672883.968599999,ladies clothing,Happit,Class 1,Class 1, , , , ,6298
320167.2389,672885.9811,jeweller,The Gift Gallery,Class 1,Class 1,Class 1,Class 1,113D ST. JOHN'S ROAD,EH12 7SB,6299
320162.2075,672886.987400001,baby clothes & equipment,Corstorphine Pram Centre,Class 1,Class 1,Class 1,Class 1,115-117 ST. JOHN'S ROAD,EH12 7SB,6300
320157.6771,672888.0189,optician,Dollond and Aitchison,Class 1,Class 1,Class 1,Class 1,119 ST. JOHN'S ROAD,EH12 7SB,6301
320153.652,672888.6897,charity shop,Marie Curie Cancer Care,Class 1,Class 1,Class 1,Class 1,119A ST. JOHN'S ROAD,EH12 7SB,6302
320146.9434,672889.0251,knitwear,Designs,Class 1,Class 1, , , , ,6303
320139.8994,672890.702299999,n/t/c,Denis Finn,Class 1,Class 1, , , , ,6304
320134.7023,672891.6897,vacant, ,Class 1,Vacant,Class 1,Class 1,121A ST. JOHN'S ROAD,EH12 7SB,6305
320128.6646,672893.031400001,vacant, ,Class 2,Vacant,Class 2,Class 1,121B ST. JOHN'S ROAD,EH12 7SB,6306
320122.6268,672894.366900001,mens clothing,Smith of Corstorphine,Class 1,Class 1,Class 1,Class 1,125 ST. JOHN'S ROAD,EH12 7SB,6307
320115.9183,672896.044,window replacement,Anglian Window Centres,Class 4,Class 4,Class 4,Class 4,125A ST. JOHN'S ROAD,EH12 7SB,6308
320108.8743,672897.7212,chemist,Boots,Class 1,Class 1,Class 1,Class 1,129 ST. JOHN'S ROAD,EH12 7SB,6309
320102.5011,672899.062899999,florist,Wm. Williamson,Class 1,Class 1,Class 1,Class 1,129A ST. JOHN'S ROAD,EH12 7SB,6310
320074.6605,672907.784,greeting cards,Cards and Things,Class 2,Class 1, , , , ,6311
320067.9937,672909.6709,no entry, ,Class 1,UNKNOWN USE, , , , ,6312
320052.6709,672898.696,butcher,Charles Wilson,Class 1,Class 1,Class 1,Class 1,139 ST. JOHN'S ROAD,EH12 7SD,6313
320047.304,672899.366900001,baker,Greggs,Class 1,Class 1,Class 1,Class 1,139A ST. JOHN'S ROAD,EH12 7SD,6314
320036.6771,672901.746300001,videotape hire,Blockbuster,Class 1,Class 1,Class 1,Class 1,141 ST. JOHN'S ROAD,EH12 7SD,6315
320026.6143,672904.0943,financial services - insurance,Swinton Insurance,Class 2,Class 2,SUI GENERIS,SUI GENERIS,141A ST. JOHN'S ROAD,EH12 7SD,6316
320013.5954,672917.0943,vacant, ,Class 2,Vacant, , , , ,6317
320002.6897,672919.3606,dry cleaner,Pullars,Class 1,Class 1,Class 1,Vacant,151 ST. JOHN'S ROAD,EH12 7SD,6318
319998.9749,672920.0063,grocer,Fresha Fruits,Class 1,Class 1,Class 4,Class 1,153 ST. JOHN'S ROAD,EH12 7SD,6319
319994.6435,672920.347999999,travel agent,A.T. Mays,Class 1,Class 1,Class 1,Class 1,155 ST. JOHN'S ROAD,EH12 7SD,6320
319988.3857,672921.6897,charity shop,Oxfam,Class 1,Class 1,Class 1,Class 1,159 ST. JOHN'S ROAD,EH12 7SD,6321
319981.6771,672923.031400001,furniture,Traesko,Class 1,Class 1,Class 1,Class 1,161 ST. JOHN'S ROAD,EH12 7SD,6322
319972.1697,672924.7086,bank,T.S.B.,Class 2,Class 2,Class 2,Class 2,163 ST. JOHN'S ROAD,EH12 7SD,6323
319904.0063,672932.417199999,mixed durable goods,Woolworths,Class 1,Class 1,Class 1,Class 1,181 ST. JOHN'S ROAD,EH12 7SL,6324
319893.6709,672933.7149,shoe repairs,Gullivers,Class 1,Class 1,Class 1,Class 1,183 ST. JOHN'S ROAD,EH12 7SL,6325
319888.348,672934.3794,charity  shop,Shelter,Class 1,Class 1,Class 1,Class 1,185 ST. JOHN'S ROAD,EH12 7SL,6326
319883.3417,672934.7086,baker,Crawfords,Class 1,Class 1,SUI GENERIS,SUI GENERIS,187 ST. JOHN'S ROAD,EH12 7SL,6327
319878.0063,672934.7086,videotape hire,Azad,Class 1,Class 1,Class 1,Class 1,189 ST. JOHN'S ROAD,EH12 7SL,6328
319868.6646,672935.7149,supermarket,Freshways,Class 1,Class 1,Class 1,Class 1,191 ST. JOHN'S ROAD,EH12 7SL,6329
319856.6834,672937.056600001,chemist,Lloyds,Class 1,Class 1,Class 1,Class 1,193-195 ST. JOHN'S ROAD,EH12 7SL,6330
319766.0943,672954.677100001,vacant, ,Class 1,Vacant,Class 11,Class 11,201 ST. JOHN'S ROAD,EH12 7UU,6331
319761.3983,672955.6834,wine merchant,Victoria Wine,Class 1,Class 1,Class 1,Class 1,205 ST. JOHN'S ROAD,EH12 7UU,6332
319756.0314,672956.3543,car accessories,Starting Grid,Class 1,Class 1,Vacant,Class 2,207 ST. JOHN'S ROAD,EH12 7UU,6333
319750.6646,672957.0251,travel agent,Sibbald Travel,Class 1,Class 1,Class 1,Class 1,209 ST. JOHN'S ROAD,EH12 7UU,6334
319745.9686,672957.696,books,Kay's Bookshop,Class 1,Class 1,Class 1,Class 1,213 ST. JOHN'S ROAD,EH12 7UU,6335
319738.3669,672958.7149,baker,Bossards,Class 1,Class 1,Class 1,Class 3,215 ST. JOHN'S ROAD,EH12 7UU,6336
319733.6709,672959.3857,charity  shop,Capability Scotland,Class 1,Class 1,Class 1,Class 1,217-219 ST. JOHN'S ROAD,EH12 7UU,6337
319728.6394,672960.056600001,n/t/c,The Duchess,Class 1,Class 1,Class 3,Class 3,221 ST. JOHN'S ROAD,EH12 7UU,6338
319724.6143,672960.392000001,travel agent,Lunn Poly,Class 4,Class 1,Class 1,Vacant,221A ST. JOHN'S ROAD,EH12 7UU,6339
319719.9183,672961.062899999,charity shop,Friendship in Action,Class 4,Class 1, , , , ,6340
319673.7274,672968.3606,financial services - insurance,I. Sutherland,Class 4,Class 2,Vacant,Class 2,229-229A ST. JOHN'S ROAD,EH12 7XA,6341
319668.696,672968.696,betting shop,William Hill,Class 2,Class 2,Class 2, , , ,6342
319663.3291,672969.031400001,vacant, ,Class 1,Vacant,Class 3,Class 3,235 ST. JOHN'S ROAD,EH12 7XA,6343
319649.912,672970.037699999,bank,Royal Bank of Scotland,Class 2,Class 2,Class 2,Class 2,235A-239 ST. JOHN'S ROAD,EH12 7XA,6344
319615.348,672961.037699999,public house,Centurion,SUI GENERIS,SUI GENERIS,SUI GENERIS,SUI GENERIS,243 ST. JOHN'S ROAD,EH12 7XD,6345
319602.9286,672961.6709,betting shop,Ladbrokes,Class 1,Class 2,Class 2,Class 2,245A ST. JOHN'S ROAD,EH12 7XD,6346
319595.5492,672962.0063,wheelchairs,P. Thompson,Class 1,Class 2,Class 1,Class 1,245B ST. JOHN'S ROAD,EH12 7XD,6347
319583.1383,672970.727399999,estate agents & financial services,Listers,Class 1,Class 2,Class 1,Class 1,247B ST. JOHN'S ROAD,EH12 7XD,6348
319574.0189,672971.0189,pictures & picture framing,Angles,Class 1,Class 1,Class 1,Class 1,249A ST. JOHN'S ROAD,EH12 7XD,6349
319570.3291,672971.3543,windows,Harmony Windows,UNKNOWN USE,Class 4, , , , ,6350
319561.6646,672971.037699999,telephones,Procomm Cellular ltd,Class 1,Class 1,Class 1,Class 1,253 ST. JOHN'S ROAD,EH12 7XD,6351
319557.9811,672970.056600001,hairdresser,Phillip Politti,Class 1,Class 1,Class 1,Vacant,255 ST. JOHN'S ROAD,EH12 7XD,6352
319554.6268,672970.056600001,restaurant,St. John's Retaurant,SUI GENERIS,Class 3, , , , ,6353
319550.2663,672969.3857,restaurant,St. John's Retaurant,Class 3,Class 3, , , , ,6354
319542.216,672968.044,estate agents,Slater Hogg & Howieson,UNKNOWN USE,Class 2,Class 1,Class 1,263 ST. JOHN'S ROAD,EH12 7XD,6355
319530.1405,672964.3543,n/t/c,R.S. McColl,Class 1,Class 1,Class 1,Class 1,265-267 ST. JOHN'S ROAD,EH12 7XD,6356
319505.3188,672957.6457,wine merchant,Victoria Wine,Class 1,Class 1,Class 1,Class 1,277 ST. JOHN'S ROAD,EH12 7XD,6357
319492.4715,672955.1383,dry cleaner,Specialist Drycleaners,Class 4,Class 1, , , , ,6358
319488.1109,672954.131999999,financial services - insurance,Life Insurance Advice Centre,Class 1,Class 2, , , , ,6359
319476.7064,672951.1132,frozen foods,Farm Foods,Class 1,Class 1,Class 1,Class 1,283-287 ST. JOHN'S ROAD,EH12 7XF,6360
319464.2955,672948.0943,florist,Devine Flowers,Vacant,Class 1,Class 1,Class 1,291 ST. JOHN'S ROAD,EH12 7XF,6361
319458.2578,672946.752599999,carpets,Kristofferson Carpets,Class 1,Class 1,Class 1,Class 1,293 ST. JOHN'S ROAD,EH12 7XF,6362
319451.2138,672945.0754,wine merchant,Oddbins,Class 1,Class 1,Class 1,Class 3,295 ST. JOHN'S ROAD,EH12 7XF,6363
319445.176,672943.3983,kitchen & bathroom fittings,Edinburgh Kitchen and Bathroom Centre,Class 1,Class 1,Class 1,Class 1,295B ST. JOHN'S ROAD,EH12 7XF,6364
320154,672913,coal merchant's office,The Wee Shop,Class 4,Class 2,Class 2,Class 2,38 ST. JOHN'S ROAD,EH12 6PA,6365
320148.7652,672916.9246,post office,Post Office,Class 1,Class 1,Class 1,Class 1,40 ST. JOHN'S ROAD,EH12 6PA,6366
320141.2663,672918.9246,restaurant,Peach Garden,Class 3,Class 3,Class 3,Class 3,44 ST. JOHN'S ROAD,EH12 6PA,6367
320133.3354,672920.9497,vacant, ,Vacant,Vacant,Class 3,Class 3,46 ST. JOHN'S ROAD,EH12 6PA,6368
320125.956,672922.2914,building society,Abbey National,Class 2,Class 2,Class 2,Class 2,50 ST. JOHN'S ROAD,EH12 6PA,6369
320066.9623,672936.5703,baker,P. & S. Donnachie,Class 1,Class 1,Class 1,Class 1,62-64 ST. JOHN'S ROAD,EH12 8AT,6370
320048.304,672941.3103,bank,Bank of Scotland,Vacant,Class 2,Class 2,Class 2,70 ST. JOHN'S ROAD,EH12 8AT,6371
320032.3291,672944.3354,bank,Clydesdale Bank,Class 2,Class 2,Class 2,Class 2,74-76 ST. JOHN'S ROAD,EH12 8AT,6372
320025.3354,672945.6457,betting shop,William Hill,Class 2,Class 2,Class 2,Class 2,82 ST. JOHN'S ROAD,EH12 8AT,6373
320019.2977,672946.652000001,sports equipment & clothing,Thompsons,Class 1,Class 1,Class 1,Class 2,84 ST. JOHN'S ROAD,EH12 8AT,6374
320012.3229,672948.304,shoes,Bayne & Ducket,Class 1,Class 1,Class 1,Class 1,88 ST. JOHN'S ROAD,EH12 8AT,6375
319981.3417,672949.9749,ladies clothing,Anne's Boutique,Class 1,Class 1,Class 3,Class 3,100 ST. JOHN'S ROAD,EH12 8AT,6376
319977.3166,672950.6457,hairdresser,Salon Hair Fashions,Class 1,Class 1,Class 1,Class 1,102 ST. JOHN'S ROAD,EH12 8AT,6377
319972.6206,672951.3166,fishmonger,Armstrong Seafood,Class 1,Class 1,Class 1,Class 3,104 ST. JOHN'S ROAD,EH12 8AT,6378
319959.2914,672957.563999999,public house,n/a,SUI GENERIS,SUI GENERIS,SUI GENERIS,SUI GENERIS,108-110 ST. JOHN'S ROAD,EH12 8AX,6379
319870.6646,672967.956,kitchen & bathroom furniture & fittings,Moben Dolphin,Class 1,Class 1,Class 1,Vacant,128 ST. JOHN'S ROAD,EH12 8AX,6380
319865.9937,672968.626800001,shoe repairs,Sole City,Class 1,Class 1,Class 1,Class 1,130 ST. JOHN'S ROAD,EH12 8AX,6381
319862.3291,672969.297700001,interior design consultants,Jane Lessels,Class 1,Class 4,Class 1,Class 1,132 ST. JOHN'S ROAD,EH12 8AX,6382
319855.044,672967.2788,estate agents,Neilsons,Class 2,Class 2, , , , ,6383
319845.9874,672968.6206,vacant, ,Class 1,Vacant,Class 1,Class 1,140 ST. JOHN'S ROAD,EH12 8AY,6384
319839.3229,672969.5954,charity  shop,Save the Children,Class 1,Class 1,Class 1,Class 2,142 ST. JOHN'S ROAD,EH12 8AY,6385
319653.0314,673004.626800001,financial services - insurance,Britannic Assurance,Class 4,Class 2, , , , ,6386
319642.9686,673002.9497,office,National Quality Assurance (Scotland) Ltd.,Class 4,Class 4, , , , ,6387
319339.6646,672963.626800001,bank,Bank of Scotland,Class 2,Class 2,Class 2,Class 2,206 ST. JOHN'S ROAD,EH12 8SH,6388
326508.9491,672894.9746,public house,Jeanie Deans Tryste,SUI GENERIS,SUI GENERIS,SUI GENERIS,SUI GENERIS,67 ST. LEONARD'S HILL,EH8 9SB,6389
326511.8474,672888.9746,vacant, ,Class 1,Vacant, , , , ,6390
326516.2421,672880.388599999,pictures & picture framing,G.R. Gallery & Framing,Class 1,Class 1, , , , ,6391
326395.3841,672880.707699999,public house,The Auld Hoose,SUI GENERIS,SUI GENERIS,SUI GENERIS,SUI GENERIS,23-25 ST. LEONARD'S STREET,EH8 9QN,6392
326386.3841,672895.0,hot food take-away,New China Town,SUI GENERIS,SUI GENERIS, , , , ,6393
326391.5073,672888.0,"scrap metal, bric-a-brac",South Side Metals - Joe Liddell,Class 1,Class 2,Vacant, , , ,6394
326397.9227,672876.753599999,vacant, ,Class 4,Vacant,Vacant,Vacant,39 ST. LEONARD'S STREET,EH8 9QN,6395
326402.1691,672869.2609,furniture restoration workshop,A. Essex & Co.,Class 2,Class 4, , , , ,6396
326404.5073,672864.5845,printers,Greenprint,Class 4,Class 4,Class 4,Class 4,49-53 ST. LEONARD'S STREET,EH8 9QN,6397
326408.0459,672857.6764,printers,Greenprint,Class 1,Class 4, , , , ,6398
326410.0918,672851.8309,n/t/c,United Newsagent,Class 1,Class 1,Class 1,Class 1,55 ST. LEONARD'S STREET,EH8 9QN,6399
326431.6305,672797.2609,charity shop,Edinburgh Mela,Class 2,Class 1,Class 1,Vacant,67 ST. LEONARD'S STREET,EH8 9QR,6400
326432.7996,672793.1691,restaurant,Howie's,Class 4,Class 3, , , , ,6401
326433.9687,672789.9541,restaurant,Howie's,Class 4,Class 3, , , , ,6402
326436.2609,672782.123199999,restaurant,Howie's,Class 3,Class 3, , , , ,6403
326437.7223,672778.031300001,plumbers,Alexander Ritchie,Class 4,Class 4,Class 4,Class 1,77-79 ST. LEONARD'S STREET,EH8 9QR,6404
326446.7391,672752.596999999,public house,The Maltings,SUI GENERIS,SUI GENERIS,SUI GENERIS,SUI GENERIS,81-85 ST. LEONARD'S STREET,EH8 9QY,6405
326450.5073,672743.2609,hot food take-away,Freddies Fish & Chicken Bar,SUI GENERIS,SUI GENERIS,Vacant,Vacant,87 ST. LEONARD'S STREET,EH8 9QY,6406
326451.9687,672739.1691,printers,Monkey Wrench,Vacant,Class 4,Vacant,Vacant,91 ST. LEONARD'S STREET,EH8 9QY,6407
326453.43,672735.661800001,restaurant,Ciror,Vacant,Class 3,Class 3,Class 3,93 ST. LEONARD'S STREET,EH8 9QY,6408
326456.5991,672727.5386,furniture & toy makers,Storas Saor,Vacant,Class 4,Class 2,Class 4,95-97 ST. LEONARD'S STREET,EH8 9QY,6409
326455.43,672730.753599999,home brew supplies,Hop In & Brew,Class 1,Class 1, , , , ,6410
326462.1378,672717.4155,restaurant,Mother's Tex Mex,Class 3,Class 3, , , , ,6411
326467.3841,672708.922700001,antiques,Kate's Place,Class 1,Class 1, , , , ,6412
326532.8768,672631.091800001,glaziers,A. Jack,Vacant,Class 4,Class 4,Class 4,133 ST. LEONARD'S STREET,EH8 9RB,6413
326534.6305,672628.4614,"cabinet makers, furniture restorers",Trist & McBain,Class 4,Class 4, ,Class 4,135-135A ST. LEONARD'S STREET,EH8 9RB,6414
326539.0459,672623.968699999,residential, ,Class 4,Class 9, , , , ,6415
326541.3841,672621.6305,charity shop,Action on Dementia,Class 4,Class 1, ,Class 2,139 ST. LEONARD'S STREET,EH8 9RB,6416
326552.7077,672612.1691,hot food take-away,Taj Mahal,Class 1,SUI GENERIS, , , , ,6417
326555.6305,672609.5386,vacant, ,Class 1,Vacant, , , , ,6418
326559.0459,672605.338199999,car dealer,The Car Exchange,SUI GENERIS,SUI GENERIS,Class 1,Class 1,147A ST. LEONARD'S STREET,EH8 9RB,6419
326506.5845,672711.4614,residential, ,Class 4,Class 9, , , , ,6420
326595.8768,672647.4155,d.i.y.,Homebase (Sainsbury), ,Class 1,Class 1,Class 1,106(05) ST. LEONARD'S STREET,EH8 9RD,6421
326145.3382,673681.661800001,public house,The Waverley,SUI GENERIS,SUI GENERIS,SUI GENERIS,SUI GENERIS,3-5 ST. MARY'S STREET,EH1 1TA,6422
326147.3382,673675.0459,vacant, ,Class 1,Vacant,Class 1,SUI GENERIS,9 ST. MARY'S STREET,EH1 1TA,6423
326148.215,673671.246400001,antiques,Antiques,Class 1,Class 1,Class 1,Class 1,11 ST. MARY'S STREET,EH1 1TA,6424
326151.9687,673665.876800001,hairdresser,Oliver Stone,Class 1,Class 1,Class 1,Class 1,13 ST. MARY'S STREET,EH1 1TA,6425
326155.7536,673655.1691,"records, tapes, cds",Sound Control,Class 1,Class 1,Class 1,Vacant,17-21 ST. MARY'S STREET,EH1 1TA,6426
326160.215,673642.876800001,ladies clothing,Corniche,Class 1,Class 1,Vacant,Vacant,27 ST. MARY'S STREET,EH1 1TA,6427
326167.172,673683.3879,ladies clothing,Corture,Class 1,Class 1,Class 1,Class 1,4 ST. MARY'S STREET,EH1 1SU,6428
326166.8455,672919.645099999,solicitors & estate agents,Leslie Deans,Class 2,Class 2, , , , ,6429
326167.1378,672912.6305,baker,Anderson,Class 1,Class 1,Class 1,Class 1,5 ST. PATRICK STREET,EH8 9ES,6430
326192.9541,672934.0459,chemist,Findlays Pharmacy,Class 1,Class 1,Class 1,Class 1,6 ST. PATRICK STREET,EH8 9HB,6431
326193.5386,672928.492699999,optician,Roberts & Gillanders,Class 1,Class 1,Class 1,Class 1,6A ST. PATRICK STREET,EH8 9HB,6432
326195.8309,672915.615900001,mobile telephones,Martin Dawes,Class 1,Class 1,Class 1,Vacant,7 ST. PATRICK STREET,EH8 9HB,6433
324400.8143,672542.9179,hairdresser,High Light Hair Fashions,Class 1,Class 1,Class 1,Class 1,6 ST. PETER'S BUILDINGS,EH3 9PG,6434
324404.4428,672545.6393,electricians,Robert Taylor Partners,Class 4,Class 4, ,Class 4,8 ST. PETER'S BUILDINGS,EH3 9PG,6435
324408.1857,672549.103599999,travel agent,Viewforth Travel,Class 1,Class 1,Class 1,Class 4,9 ST. PETER'S BUILDINGS,EH3 9PG,6436
324411.3607,672551.824999999,taxi office,Central Radio Taxis,Class 1,Class 4, ,Vacant,11 ST. PETER'S BUILDINGS,EH3 9PG,6437
324415.4428,672554.546399999,driving school,Total Driver Training,Class 1,Class 4,Class 1,Class 2,12 ST. PETER'S BUILDINGS,EH3 9PG,6438
324338.1965,672590.6393,sign writers,Signcraft,Class 4,Class 4, , , , ,6439
324345.9071,672580.2073,plumbers,Devine Plumbing Co.,Class 4,Class 4,Class 2,Class 4,13 ST. PETER'S PLACE,EH3 9PH,6440
324349.0821,672576.1251,vacant, ,Class 4,Vacant, ,Vacant,14 ST. PETER'S PLACE,EH3 9PH,6441
324352.3715,672571.1965,t.v. &  video,Telectronics,Vacant,Class 1, , , , ,6442
324358.7214,672563.4858,storage,n/a,Class 4,Class 4,Vacant,Vacant,17 ST. PETER'S PLACE,EH3 9PH,6443
324361.8964,672558.950200001,roofing contractors,E. Tully & Co. Ltd.,Class 1,Class 4, , , , ,6444
324375.1144,672544.0821,unknown,n/a,Class 1,UNKNOWN USE, , , , ,6445
324727.8463,674525.007099999,"records, tapes, cds",One Nut, ,Class 1, ,Vacant,3 ST. STEPHEN PLACE,EH3 5AJ,6446
324743.8109,674533.146600001,clothing,No. 2,Class 1,Class 1,Class 1,Class 1,2 ST. STEPHEN PLACE,EH3 5AJ,6447
324732.7967,674543.9575,kitchen furniture & fittings,Sinclair Buchanan,Class 1,Class 1, , , , ,6448
324710.0496,674497.174900001,restaurant,Bell's Diner,Class 3,Class 3,Class 3,Class 3,7 ST. STEPHEN STREET,EH3 5AN,6449
324712.7352,674499.524800001,interior design consultants,J. Stewart & Son,Class 4,Class 4,Class 4,Class 4,9 ST. STEPHEN STREET,EH3 5AN,6450
324715.2529,674502.2104,hot food take-away (Chinese),Imperial Palace,SUI GENERIS,SUI GENERIS,SUI GENERIS,SUI GENERIS,11 ST. STEPHEN STREET,EH3 5AN,6451
324718.442,674504.8959,antiques,Antiques,Class 1,Class 1,Class 1,Class 1,13 ST. STEPHEN STREET,EH3 5AN,6452
324722.5248,674508.628900001,vacant, ,Vacant,Vacant, , , , ,6453
324723.8676,674509.9717,old gramophone records,Gramophone Emporium / Backroom Vinyl,Class 1,Class 1,Class 1,Class 1,21 ST. STEPHEN STREET,EH3 5AN,6454
324732.5248,674519.174900001,no record, ,Vacant,UNKNOWN USE,Class 1,Class 4,29 ST. STEPHEN STREET,EH3 5AN,6455
324745.8251,674531.1324,restaurant,Charlie's Bistro,Class 1,Class 3,Class 3,Class 3,33 ST. STEPHEN STREET,EH3 5AH,6456
324748.0071,674532.978700001,jeweller (antique),Montresor,Class 1,Class 1,Class 1,Vacant,35 ST. STEPHEN STREET,EH3 5AH,6457
324750.1891,674534.992900001,vacant, ,Class 11,Vacant, ,UNKNOWN USE,37 ST. STEPHEN STREET,EH3 5AH,6458
324754.721,674539.021299999,vacant, ,Class 1,Vacant, ,Class 3,39 ST. STEPHEN STREET,EH3 5AH,6459
324758.1466,674541.9504,jeweller (antique),Kenneth Bruce,Class 4,Class 1,Class 1,Class 1,41 ST. STEPHEN STREET,EH3 5AH,6460
326170.1545,673676.5386,training,Lothian TAP Agency,Class 1,Class 4, ,Vacant,8 ST. MARY'S STREET,EH1 1SU,6461
326172.4322,673669.8309,dry cleaner,Kleen Cleaners,Class 1,Class 1,Class 1,Class 1,10 ST. MARY'S STREET,EH1 1SU,6462
326174.1859,673664.862199999,clothing,Cruise,Class 1,Class 1,Class 1,Class 1,14 ST. MARY'S STREET,EH1 1SU,6463
326176.7077,673656.7996,clairvoyant,Clairvoyance,Class 1,Class 1,Class 1,Class 1,18 ST. MARY'S STREET,EH1 1SU,6464
326179.8936,673647.968699999,ladies clothing,Psycho Moda,Class 1,Class 1, , , , ,6465
326183.1086,673639.2004,couriers,QED,Class 1,Class 4,Class 1,Class 3,24 ST. MARY'S STREET,EH1 1SU,6466
326184.3754,673635.605599999,"records, tapes, cds",Bass Generator Records,Class 1,Class 1,Class 1,Class 1,26 ST. MARY'S STREET,EH1 1SU,6467
326188.5554,673625.0,vacant, ,Class 1,Vacant,Vacant,Class 1,30 ST. MARY'S STREET,EH1 1SU,6468
326190.309,673620.031300001,printers,Robert Girdwood Display,Class 4,Class 4, ,Class 4,34 ST. MARY'S STREET,EH1 1SU,6469
326193.0168,673613.0459,private investigators,Stirling & Stirling,Class 2,Class 4,Class 1,Class 1,36 ST. MARY'S STREET,EH1 1SX,6470
326194.4781,673608.9541,food take-away,Hot & Cold,Class 4,Class 1,Class 3,Class 3,38 ST. MARY'S STREET,EH1 1SX,6471
326195.9395,673604.862199999,fires & fireplaces,Forest Fire,Class 1,Class 1, ,Class 4,42 ST. MARY'S STREET,EH1 1SX,6472
326196.9708,673600.292300001,sign writers,Robert Girdwood Display,Class 4,Class 4, ,Class 4,44 ST. MARY'S STREET,EH1 1SX,6473
326198.3695,673596.8309,post office,Saint Mary's St. Post Office,Class 1,Class 1,Class 1,Class 1,46 ST. MARY'S STREET,EH1 1SX,6474
326200.1859,673592.400900001,central heating showroom,Forest Fire,Class 1,Class 1,Class 1,Class 4,50 ST. MARY'S STREET,EH1 1SX,6475
326202.5554,673585.707699999,confectioner,Casey's,Class 1,Class 1,Class 1,Class 4,52 ST. MARY'S STREET,EH1 1SX,6476
326204.6013,673579.862199999,restaurant,L'Auberge,Class 3,Class 3,Class 3,Class 3,56 ST. MARY'S STREET,EH1 1SX,6477
326208.0168,673569.57,funeral directors,T. Marin,Class 1,Class 1,Class 1,Class 1,62-64 ST. MARY'S STREET,EH1 1SX,6478
326212.3549,673558.9541,n/t/c,Griffs,Vacant,Class 1,Class 1,SUI GENERIS,68 ST. MARY'S STREET,EH1 1SX,6479
326195.2588,672857.816299999,"coffee beans, powder etc.",California Coffee Co., ,Class 1, , , , ,6480
326198.785,672907.123199999,window blinds,Apollo,Class 4,Class 1,Class 1,Class 1,1 ST. PATRICK SQUARE,EH8 9EZ,6481
326200.5386,672902.446799999,restaurant (Indian),Kalpna,Class 3,Class 3,Class 3,Class 3,2-3 ST. PATRICK SQUARE,EH8 9EZ,6482
326205.785,672891.908199999,household goods & clothing,Edinburgh Bargain Store,Vacant,Class 1,Class 1,Class 1,5-9 ST. PATRICK SQUARE,EH8 9EZ,6483
326210.4927,672881.753599999,grocer,Edinburgh Bargain Store,Class 1,Class 1, , , , ,6484
326212.8309,672876.2004,charity shop,Marie Curie Cancer Care,Vacant,Class 1,Class 1,Class 4,11 ST. PATRICK SQUARE,EH8 9EZ,6485
326215.9541,672867.4614,"haberdashery, dress materials",Edinburgh Fabrics, ,Class 1,Class 1,Class 1,12-14 ST. PATRICK SQUARE,EH8 9EZ,6486
326218.8768,672861.3236,"cake decorations, trimmings etc.",The Finishing Touch, ,Class 1,Class 1,Class 1,17 ST. PATRICK SQUARE,EH8 9EZ,6487
326193.8768,672832.0,solicitors,Warners,Class 2,Class 2, ,Class 2,22-24 ST. PATRICK SQUARE,EH8 9EY,6488
326183.7536,672828.137800001,solicitors,Warners,Class 2,Class 2, , , , ,6489
326174.0459,672830.5845,solicitors,Warners,Class 4,Class 2, ,Class 2,26 ST. PATRICK SQUARE,EH8 9EY,6490
326170.2464,672839.9373,solicitors,Loudons,Class 2,Class 2, ,Class 4,29 ST. PATRICK SQUARE,EH8 9EY,6491
326127.785,672900.3236,vacant, ,Class 1,Vacant, , , , ,6492
326134.215,672902.077299999,restaurant,Ann Purna,Class 3,Class 3,Class 3,Class 3,45 ST. PATRICK SQUARE,EH8 9ET,6493
326167.0,672933.922700001,solicitors & estate agents,Leslie Deans,Class 1,Class 2, ,Class 2,1-3 ST. PATRICK STREET,EH8 9ES,6494
326167.5845,672928.3695,solicitors & estate agents,Leslie Deans,Class 1,Class 2, , , , ,6495
324766.8747,674550.174900001,restaurant,The Blue Parrot Cantina,Class 3,Class 3,Class 3,Class 3,49 ST. STEPHEN STREET,EH3 5AH,6496
324769.0567,674552.357000001,fancy goods,Raina,Class 1,Class 1,Class 1,Class 1,51 ST. STEPHEN STREET,EH3 5AH,6497
324773.0,674555.475199999,second-hand clothing,(no nameplate),Class 1,Class 1,Class 1,Class 1,55 ST. STEPHEN STREET,EH3 5AH,6498
324776.1891,674558.8322,brass lampstands,Mr. Purves,Class 1,Class 1,Class 1,Class 1,59 ST. STEPHEN STREET,EH3 5AH,6499
324829.9009,674608.4297,office ?,Holmi & Craig,Vacant,UNKNOWN USE, , , , ,6500
324730.279,674489.8322,public house,The Bailie,SUI GENERIS,SUI GENERIS,SUI GENERIS,SUI GENERIS,2-6 ST. STEPHEN STREET,EH3 5AL,6501
324733.4681,674493.021299999,florist,Emporia,Class 1,Class 1,Class 1,Class 4,8 ST. STEPHEN STREET,EH3 5AL,6502
324737.8109,674496.4823,furniture,Casa & Co.,Vacant,Class 1,Class 1,Class 1,12 ST. STEPHEN STREET,EH3 5AL,6503
324740.1608,674498.4965,vacant, ,Class 1,Vacant, , , , ,6504
324742.3428,674500.342800001,ladies clothing,Serap Couture Design,UNKNOWN USE,Class 1,Class 1,Class 1,18 ST. STEPHEN STREET,EH3 5AL,6505
324744.7967,674502.160800001,hairdresser,Bell Lindsay,Class 1,Class 1,Class 1,Class 1,20 ST. STEPHEN STREET,EH3 5AL,6506
324747.1466,674504.342800001,beautician,The Nail Factory,Class 1,Class 1,Class 2,Class 3,24 ST. STEPHEN STREET,EH3 5AL,6507
324748.8251,674505.853399999,antiques,Aspidistra,UNKNOWN USE,Class 1, ,Class 4,26 ST. STEPHEN STREET,EH3 5AL,6508
324750.6076,674507.796700001,vacant, ,UNKNOWN USE,Vacant,Vacant,Vacant,28 ST. STEPHEN STREET,EH3 5AL,6509
324752.6856,674509.5461,"records, tapes, cds",Kill City,Class 1,Class 1,Class 4,Class 2,30 ST. STEPHEN STREET,EH3 5AL,6510
324754.8676,674511.3924,fancy goods,Treasure Showcase,Vacant,Class 1,Class 1,Class 1,36 ST. STEPHEN STREET,EH3 5AL,6511
324756.7139,674513.070900001,vacant, ,UNKNOWN USE,Vacant,Vacant,Vacant,38-40 ST. STEPHEN STREET,EH3 5AL,6512
324758.8959,674514.581499999,fancy goods,Tony Romas,Class 3,Class 1,Class 3,Class 3,42 ST. STEPHEN STREET,EH3 5AL,6513
324761.4469,674516.839199999,public house,Stockbridge Bar,SUI GENERIS,SUI GENERIS,SUI GENERIS,SUI GENERIS,44 ST. STEPHEN STREET,EH3 5AL,6514
324763.1253,674518.3499,hairdresser,St. Stephens,Class 1,Class 1,Class 1,Class 1,46 ST. STEPHEN STREET,EH3 5AL,6515
324764.8038,674519.8605,hairdresser,Janice Miller,Class 1,Class 1,Class 1,Class 1,48 ST. STEPHEN STREET,EH3 5AL,6516
324768.3286,674523.217399999,antiques,Roland Gomm,Class 1,Class 1, , , , ,6517
324769.6714,674524.5602,vacant, ,Class 1,Vacant,Class 1,Class 1,56 ST. STEPHEN STREET,EH3 5AL,6518
324772.4539,674526.853399999,antiques,Rogues Gallery,Class 1,Class 1,Class 1,Class 1,58 ST. STEPHEN STREET,EH3 5AL,6519
324774.0,674528.1537,vacant, ,Class 1,Vacant, , , , ,6520
324775.6714,674529.4823,vacant, ,Vacant,Vacant, , , , ,6521
324777.7684,674532.021299999,beautician,Californian Tan,Class 1,Class 1,Class 1,Class 1,66 ST. STEPHEN STREET,EH3 5AQ,6522
324779.9504,674534.035399999,hairdresser,Norman Preston,Vacant,Class 1,Class 1,Class 2,68(GF) ST. STEPHEN STREET,EH3 5AQ,6523
324784.4823,674537.7281,public house,The Antiquary,SUI GENERIS,SUI GENERIS,SUI GENERIS,SUI GENERIS,68-76 ST. STEPHEN STREET,EH3 5AQ,6524
324782.4681,674535.8818,vacant, ,UNKNOWN USE,Vacant,Class 1,Class 1,72 ST. STEPHEN STREET,EH3 5AQ,6525
324786.1608,674539.238700001,vacant, ,Vacant,Vacant,Class 1,Vacant,74 ST. STEPHEN STREET,EH3 5AQ,6526
324788.0071,674540.917199999,vacant, ,Class 1,Vacant, , , , ,6527
324854.8677,674597.0414,vacant, ,Class 1,Vacant, ,Class 2,110B ST. STEPHEN STREET,EH3 5AQ,6528
324866.8594,674601.917400001,restaurant,Unicorn Inn,Vacant,Class 3,Class 3,Class 3,112 ST. STEPHEN STREET,EH3 5AD,6529
324870.876,674601.6943,antiques,Decorative Arts,Class 1,Class 1,Vacant,Vacant,114 ST. STEPHEN STREET,EH3 5AD,6530
324874.6694,674601.6943,"leather goods, shoe repairs",Express Shoe Repairs,Class 1,Class 1, , , , ,6531
324878.9091,674601.471100001,vacant, ,Class 1,Vacant, , , , ,6532
324883.876,674600.6943,vacant, ,Class 4,Vacant, , , , ,6533
324887.6694,674600.248,printers,Broughton Printing Press,Class 4,Class 4,Vacant, , , ,6534
324891.0166,674599.578600001,psychic centre,Owl & the Pussycat,Vacant,Class 1, , , , ,6535
324894.1406,674599.132300001,children's clothing,Roundabout,Class 1,Class 1,Class 4,Class 4,130 ST. STEPHEN STREET,EH3 5AD,6536
324899.4297,674597.810000001,property managers,Bruce Rae,Class 1,Class 4,Class 1,Class 4,132 ST. STEPHEN STREET,EH3 5AA,6537
324902.3306,674596.6943,"antique books, old linen, prints",Reid & Reid Ltd.,Class 1,Class 1,Class 1, , , ,6538
324905.4546,674595.578600001,publisher,John Donald,Class 4,Class 4, , , , ,6539
320211.0033,672229.671,hot food take-away (Chinese),Happy Palace,SUI GENERIS,SUI GENERIS,SUI GENERIS,SUI GENERIS,"77 SAUGHTON ROAD, NORTH",EH12 7JB,6540
320212.6678,672225.0,hairdresser,Raymond,Class 1,Class 1,Class 1,Class 1,"79 SAUGHTON ROAD, NORTH",EH12 7JB,6541
320214,672220,videotape hire,Global Video,Class 4,Class 1,Class 1, , , ,6542
320215.671,672214.6678,betting shop,William Hill,Class 1,Class 2,Class 2, , , ,6543
320219.0066,672205.6776,grocer,Botterills (Spar),Vacant,Class 1,Class 1,Class 1,"85-87 SAUGHTON ROAD, NORTH",EH12 7JB,6544
320217.2994,672194.1644,car accessories,Pole Position,Class 2,Class 1,Class 1,Class 1,"89 SAUGHTON ROAD, NORTH",EH12 7JB,6545
320181.6612,672186.3552,butcher,Harry Simpson,Class 1,Class 1,Class 1,Class 1,"100C SAUGHTON ROAD, NORTH",EH12 7JN,6546
320180.329,672191.0164,baker,G. McGuff,Class 1,Class 1,Class 1,Class 1,"100D SAUGHTON ROAD, NORTH",EH12 7JN,6547
320178.6645,672195.3454,n/t/c,A M Newsagents,Class 1,Class 1,Class 1,Class 1,"100E SAUGHTON ROAD, NORTH",EH12 7JN,6548
320177.3322,672200.3388,children's clothing,The Young Ones,Class 1,Class 1,SUI GENERIS,SUI GENERIS,"100F SAUGHTON ROAD, NORTH",EH12 7JN,6549
320334.2987,671981.2752,n/t/c,R.S. McColl,Class 1,Class 1,Class 1,Class 1,"142 SAUGHTON ROAD, NORTH",EH12 7DS,6550
320336.943,671977.691299999,chemist,Brunton Chemist,Class 1,Class 1,Class 1,Class 1,"146 SAUGHTON ROAD, NORTH",EH12 7DS,6551
324956.3306,674542.132300001,public house,St. Vincent Bar,SUI GENERIS,SUI GENERIS,SUI GENERIS,SUI GENERIS,11 ST. VINCENT STREET,EH3 6SW,6552
327655.2611,676341.945900001,auto parts,n/a,Vacant,Class 1, , , , ,6553
327659.1921,676339.6996,vacant, ,Class 1,Vacant, , , , ,6554
327444.4926,676431.054099999,vacant, ,Class 4,Vacant, ,UNKNOWN USE,2-4 SALAMANDER STREET,EH6 7HR,6555
327447.3004,676429.6502,vacant, ,Class 4,Vacant, , , , ,6556
327450.3891,676428.246300001,residential, ,Class 4,Class 9, , , , ,6557
327485,676405,residential, ,Vacant,Class 9, , , , ,6558
327485,676405,public house,Dock Tavern,SUI GENERIS,SUI GENERIS,SUI GENERIS,Vacant,18-20 SALAMANDER STREET,EH6 7HR,6559
328093.2197,676020.339299999,household goods,M & R,Class 1,Class 1,Class 1,Class 1,126 SALAMANDER STREET,EH6 7LA,6560
328160.6607,675987.154100001,carpets,General George,Class 1,Class 1,Class 1,Vacant,126(1) SALAMANDER STREET,EH6 7LA,6561
326490.9227,672192.922700001,vacant, ,Class 2,Vacant, , , , ,6562
326486.8309,672191.4614,vacant, ,Class 1,Vacant,Class 3,Class 3,5 SALISBURY PLACE,EH9 1SL,6563
326480.8914,672189.6305,hairdresser,Gordon Wilson,Class 1,Class 1, , , , ,6564
326475.2609,672187.985400001,greengrocer,Greenwoods,Class 1,Class 1, , , , ,6565
326471.8309,672187.876800001,hairdresser,Barber Shop,Class 1,Class 1,Class 1,Class 1,13 SALISBURY PLACE,EH9 1SL,6566
326467.7391,672186.8455,coffee shop,Fenwicks,Class 3,Class 3,Class 3,Class 3,15 SALISBURY PLACE,EH9 1SL,6567
326462.1232,672185.922700001,n/t/c,Grange Road Post Office,Class 1,Class 1,Class 1,Class 1,17 SALISBURY PLACE,EH9 1SL,6568
326489,672217,restaurant,Maxim, ,Class 3,SUI GENERIS,SUI GENERIS,6-8 SALISBURY PLACE,EH9 1SH,6569
326539.0,672233.123199999,vacant, ,Class 1,Vacant,Vacant,Class 1,53 SALISBURY ROAD,EH16 5AA,6570
326866.1889,676510.261399999,public house,Black Swan,SUI GENERIS,SUI GENERIS,SUI GENERIS,SUI GENERIS,23-24 SANDPORT PLACE,EH6 6EW,6571
326980.5299,676562.184900001,vacant, ,Vacant,Vacant, , , , ,6572
326953.766,676540.214500001,architect,W. Gordon Wilkinson & Associates,Class 4,Class 4, , , , ,6573
326983.7256,676564.847999999,bistro,FB's Bistro,Class 3,Class 3,Class 3,Class 3,30 SANDPORT STREET,EH6 6EP,6574
326957.228,676543.4102,office,Property Displayed,Vacant,Class 4,Class 4, , , ,6575
326948.8393,676536.219900001,architect,Johnstone & Co.,Vacant,Class 4, , , , ,6576
320859.086,671500.498400001,public house,Busy Bee,SUI GENERIS,SUI GENERIS,SUI GENERIS,Vacant,36 SAUGHTON MAINS GARDENS,EH11 3QE,6577
320909.5609,671506.3709,vacant, ,Class 1,Vacant,SUI GENERIS,SUI GENERIS,52 SAUGHTON MAINS GARDENS,EH11 3QE,6578
320907,671511,hot food take-away (Chinese),New Treasure Cottage,Vacant,SUI GENERIS,SUI GENERIS,SUI GENERIS,54 SAUGHTON MAINS GARDENS,EH11 3QE,6579
320905,671515,vacant, ,Vacant,Vacant,Class 1,Class 1,56 SAUGHTON MAINS GARDENS,EH11 3QE,6580
320902.457,671520.0,betting shop,PKH Bookmakers,Class 2,Class 2,Vacant,Vacant,58 SAUGHTON MAINS GARDENS,EH11 3QE,6581
320896.4659,671530.5787,grocer,Carrick Grocer Store,Class 1,Class 1,Vacant,Vacant,60 SAUGHTON MAINS GARDENS,EH11 3QE,6582
320805.543,671449.276000001,vacant, ,Class 1,Vacant, , , , ,6583
320801,671447,hairdresser,Headquarters Salon,Class 1,Class 1, , , , ,6584
320796.7329,671444.723999999,n/t/c,M.R. Gul,Class 1,Class 1, , , , ,6585
320791,671442,vacant, ,Vacant,Vacant, , , , ,6586
320786,671439,financial services - insurance,Peter McKinney,Vacant,Class 2, , , , ,6587
320781.0,671435.904999999,vacant, ,Vacant,Vacant, , , , ,6588
320777,671434,grocer,Lo-Cost Inc.,Class 1,Class 1, , , , ,6589
320202.602,672291.375,vacant, ,SUI GENERIS,Vacant, , , , ,6590
320206.6973,672245.0,public house,Carrickknowe Inn,SUI GENERIS,SUI GENERIS,SUI GENERIS,SUI GENERIS,"73 SAUGHTON ROAD, NORTH",EH12 7JB,6591
320209.3421,672234.6678,ladies clothing,Walkers Fashions,Class 1,Class 1,Class 4,Class 4,"75 SAUGHTON ROAD, NORTH",EH12 7JB,6592
320339.3658,671974.5537,baker,P. & S. Donachie,Class 1,Class 1,Class 1,Class 1,"148 SAUGHTON ROAD, NORTH",EH12 7DS,6593
320342.4866,671969.7718,grocer,The Stop By (M. Dean),Class 1,Class 1,Class 1,Class 1,"150 SAUGHTON ROAD, NORTH",EH12 7DS,6594
320345.1074,671966.238299999,greeting cards,Wishing Well,Class 1,Class 1,Class 1,SUI GENERIS,"154 SAUGHTON ROAD, NORTH",EH12 7DS,6595
320348.4262,671961.6544,electrical parts,n/a,Class 1,Class 1,Class 1,Class 1,"156 SAUGHTON ROAD, NORTH",EH12 7DS,6596
320351.7919,671957.1007,delicatessen,Ed's Deli,Class 1,Class 1,Class 1,Class 1,"158 SAUGHTON ROAD, NORTH",EH12 7DS,6597
320355.3557,671952.348999999,confectioner,Sweet Spot,Class 1,Class 1,Class 1,Class 1,"162 SAUGHTON ROAD, NORTH",EH12 7DS,6598
320358.9664,671947.4296,hairdresser,n/a,Class 3,Class 1,Class 2,Class 2,"164 SAUGHTON ROAD, NORTH",EH12 7DS,6599
321967.9434,673030.3354,community office,West Edinburgh Development Group,Class 1,Class 2,Class 2,Class 2,21 SAUGHTONHALL DRIVE,EH12 5TW,6600
321944.0116,672699.391899999,n/t/c & grocer,S. Togneri & Son,Class 1,Class 1,Class 1,Class 1,101-103 SAUGHTONHALL DRIVE,EH12 5TS,6601
321939.6081,672692.397700001,greengrocer,A. Mitchell,Class 1,Class 1,Class 1,Class 4,105 SAUGHTONHALL DRIVE,EH12 5TS,6602
321937.6139,672688.795399999,estate agent,Bradleys,Class 1,Class 2,Class 4,Class 4,107 SAUGHTONHALL DRIVE,EH12 5TS,6603
321911.7874,672517.6379,supermarket,Scotmid,Class 1,Class 1,Class 1,Class 1,(140-144) SAUGHTONHALL DRIVE,EH12 5TT,6604
326202.9447,672486.0,vacant, ,Class 1,Vacant, , , , ,6605
326203.4182,672480.317299999,hot food take-away,The Scienna,SUI GENERIS,SUI GENERIS, , , , ,6606
326204.4736,672467.6851,hot food take-away,The Scienna,Class 1,SUI GENERIS, , , , ,6607
325963.6827,672303.738,painters & decorators,D. Miller & Sons,Class 4,Class 4, , , , ,6608
325992.738,672301.9496,lamination service,Pro Laminates,Vacant,Class 4, , , , ,6609
325997.4736,672301.476,lamination service,Pro Laminates,Class 4,Class 4,Vacant,Vacant, , ,6610
326003.1058,672300.6851,vacant, ,Class 1,Vacant, , , , ,6611
326008.3149,672300.2116,accountants,Knowles & Co.,Class 4,Class 2,Class 2,Class 2,20 SCIENNES ROAD,EH9 1NX,6612
326015.8967,672299.738,n/t/c,Shiraz,Class 1,Class 1,Class 1,Class 1,21 SCIENNES ROAD,EH9 1NX,6613
326027.4256,672297.9471,second-hand books,James A. Dickson,Class 1,Class 1, , , , ,6614
326035.0025,672297.4736,vacant, ,Class 1,Vacant, , , , ,6615
326041.1587,672296.5264,cafe,Annabelle's Coffee Shop,Class 4,Class 3,Class 3,Class 3,27 SCIENNES ROAD,EH9 1NX,6616
326046.8413,672296.0529,kitchen design,La Cuisine Kitchen Design,Class 4,Class 4,Class 3,Class 4,29 SCIENNES ROAD,EH9 1NX,6617
313259.3633,677619.6809,videotape hire,Blackhall Video,Class 1,Class 1,Class 1,Class 11,1-3 SCOTSTOUN GROVE,EH30 9PH,6618
313260.8947,677601.7906,carpets,J. Waldie,Class 1,Class 1,Vacant,SUI GENERIS,2 SCOTSTOUN GROVE,EH30 9PH,6619
313254.2359,677619.8716,n/t/c,R.S. McColl,Class 1,Class 1,Class 1, , , ,6620
313256.0855,677601.769099999,hot food take-away (Chinese),The Kings,SUI GENERIS,SUI GENERIS,SUI GENERIS,SUI GENERIS,4 SCOTSTOUN GROVE,EH30 9PH,6621
313249.1086,677619.850099999,hairdresser,Tramps,Class 1,Class 1,Vacant,Class 1,5 SCOTSTOUN GROVE,EH30 9PH,6622
313238.7681,677601.2951,public house,Queen's Retreat,SUI GENERIS,SUI GENERIS,SUI GENERIS,SUI GENERIS,6 SCOTSTOUN GROVE,EH30 9PH,6623
313243.87,677619.953199999,vacant, ,Class 1,Vacant,Class 1,Class 1,7 SCOTSTOUN GROVE,EH30 9PH,6624
313233.6009,677619.9277,supermarket,Scotmid,Class 1,Class 1,Class 1,Class 1,9 SCOTSTOUN GROVE,EH30 9PH,6625
328222,675964,public house,Mother Aitkens,SUI GENERIS,SUI GENERIS,SUI GENERIS,SUI GENERIS,1-2 SEAFIELD PLACE,EH6 7QP,6626
328184.1049,676023.1459,carpets,Behar, ,Class 1,Class 1, , , ,6627
328647.6806,675742.5606,cafe,Jac-o-Byte,Class 3,Class 3,Class 3,Vacant,36 SEAFIELD ROAD,EH6 7LQ,6628
328658.1421,675737.9504,pets & pet supplies,The Groom Room,Class 1,Class 1, , , , ,6629
328719.5504,675667.602700001,carpets,Allied Carpets,Class 1,Class 1,Class 1,Class 1,50 SEAFIELD ROAD,EH6 7LQ,6630
328939.6246,675618.086200001,"furniture, carpets",M.F.I.,Class 1,Class 1, , , , ,6631
330013.7233,674433.509,residential, ,Vacant,Class 9, , , , ,6632
330009.0537,674440.123400001,vacant, ,Class 1,Vacant, , , , ,6633
330005.5442,674445.7117,post office,Seafield Post Office - Saleemi,Class 1,Class 1,Class 1,Class 1,6 SEAFIELD ROAD EAST,EH15 1EB,6634
330002.823,674449.876599999,baker,Home Bakery & Takeaway,Vacant,Class 1,Class 9, , , ,6635
330000.5066,674453.737299999,vacant, ,Class 11,Vacant,Class 11,Class 9, , ,6636
329997.9942,674457.828600001,residential, ,Class 1,Class 9, , , , ,6637
329994.7373,674463.0668,restaurant,Namaste Balti House,Class 3,Class 3,Class 3,Class 3,11-12 SEAFIELD ROAD EAST,EH15 1EB,6638
329990.6836,674469.629899999,restaurant,Namaste Balti House,Vacant,Class 3, , , , ,6639
329986.9544,674475.7871,public house,First & Last,SUI GENERIS,SUI GENERIS,SUI GENERIS,SUI GENERIS,14-16 SEAFIELD ROAD EAST,EH15 1EB,6640
329273.0159,675446.7007,clothing,Matalan - discount club,Class 1,Class 1,Class 1,Class 1,1 SEAFIELD WAY,EH15 1TB,6641
322053.7864,674567.7864,restaurant (Chinese),Golden Pond,Class 3,Class 3,Class 3,SUI GENERIS,1 SEAFORTH TERRACE,EH4 2BS,6642
322048.1795,674572.179500001,hairdresser,Angus Gordon,Class 1,Class 1,Class 1,Class 1,3-4 SEAFORTH TERRACE,EH4 2BS,6643
322041.7864,674576.675100001,butcher,E. Millar & Son,Class 1,Class 1,Class 1,Class 1,5 SEAFORTH TERRACE,EH4 2BS,6644
332551.8663,673195.488399999,residential, ,Vacant,Class 9, , , , ,6645
332576.1105,673175.0,residential, ,Vacant,Class 9, , , , ,6646
323140.1431,671955.818399999,bank,Royal Bank of Scotland,Class 2,Class 2,Class 2,Class 2,1A SHANDON CRESCENT,EH11 1QE,6647
323200.4869,671922.207699999,hairdresser,Stewarts,Class 1,Class 1, , , , ,6648
323150.26,671944.0261,video services & agents,Heriot Video,Class 1,Class 4,Class 4,Class 4,8-10 SHANDON PLACE,EH11 1QL,6649
324634.0203,673642.449200001,restaurant,Cactus Jacks,Class 3,Class 3,Class 3,SUI GENERIS,9 SHANDWICK PLACE,EH2 4RG,6650
324630.9797,673640.133099999,financial services - insurance,Endsleigh Insurance,Vacant,Class 4, , , , ,6651
324623.903,673634.5462,shoes,K Shoes,Class 1,Class 1, , , , ,6652
324618.3161,673629.7042,art & picture framing,The Art Factory,Class 2,Class 1, , , , ,6653
324615.3364,673627.4695,optician,Opto,Vacant,Class 1,Class 1,Class 1,23 SHANDWICK PLACE,EH2 4RG,6654
324612.3568,673625.2347,betting shop,Coral Racing,Class 4,Class 2,Class 2,Vacant,23(B) SHANDWICK PLACE,EH2 4RG,6655
324608.0203,673622.173699999,electronic goods,Tandy,Class 4,Class 1,Vacant,Class 2,25 SHANDWICK PLACE,EH2 4RG,6656
324600.1987,673615.842,photographic goods,Jessops,Class 1,Class 1,Class 1, , , ,6657
324592.2754,673609.8983,wine merchant,Bottoms Up,Vacant,Class 1,Vacant, , , ,6658
324587.8059,673606.5462,restaurant,The Pancake Place,Class 3,Class 3,Class 3,Class 3,35-37 SHANDWICK PLACE,EH2 4RG,6659
325966.5073,673590.091800001,clothing,Wardrobe,Class 1,Class 1,Class 4,Class 4,12-13 SOUTH BRIDGE,EH1 1LL,6660
325972.3695,673567.8309,clothing,What Everyone Wants,Class 1,Class 1, , , , ,6661
325975.8768,673553.8017,jeweller,What Everyone Wants,Class 1,Class 1,Class 1,Class 1,21 SOUTH BRIDGE,EH1 1LL,6662
325977.6305,673547.2609,greengrocer,Edinburgh Bargain Store,Class 1,Class 1,Class 1,Class 1,24-25 SOUTH BRIDGE,EH1 1LL,6663
325979.6764,673539.9541,"luggage, handbags",The Bag Shop,Class 1,Class 1,Class 1,Class 1,26 SOUTH BRIDGE,EH1 1LL,6664
325981.1378,673534.400900001,vacant, ,Class 1,Vacant,Class 1,Class 1,28 SOUTH BRIDGE,EH1 1LL,6665
325982.6764,673527.707699999,gents clothing,Paninari,Class 1,Class 1,Class 2,Class 1,29-30 SOUTH BRIDGE,EH1 1LL,6666
325986.3695,673513.507300001,vacant, ,Class 1,Vacant, , , , ,6667
325993.2004,673486.4614,leather goods,Western Leather,Class 1,Class 1,Vacant,Class 1,37 SOUTH BRIDGE,EH1 1LL,6668
325994.3695,673481.2004,hot food take-away,Piemaker,Class 1,SUI GENERIS,SUI GENERIS,SUI GENERIS,38 SOUTH BRIDGE,EH1 1LL,6669
325996.9854,673470.9541,vacant, ,Class 1,Vacant,Class 1,Class 1,39-41 SOUTH BRIDGE,EH1 1LL,6670
326000.4468,673456.785,sports clothing,XS Sportswear International,Class 1,Class 1,Class 1,Class 1,42-44 SOUTH BRIDGE,EH1 1LL,6671
326002.4927,673448.601299999,n/t/c,The Paper Company,Class 1,Class 1, , , , ,6672
326004.5386,673442.1713,vacant, ,Class 1,Vacant,Class 1,Vacant,45-46 SOUTH BRIDGE,EH1 1LL,6673
326007.7391,673429.492699999,restaurant & amusements,Leisureland,Class 3,Class 3, , , , ,6674
326010.1545,673420.753599999,vacant, ,Class 1,Vacant,Class 11,Class 4,51 SOUTH BRIDGE,EH1 1LL,6675
326012.2004,673414.615900001,charity shop,Sue Ryder,Class 1,Class 1,Class 1,Class 1,52 SOUTH BRIDGE,EH1 1LL,6676
326018.9395,673393.968699999,books & stationery,James Thin,Class 1,Class 1, , , , ,6677
326023.0313,673380.231799999,hairdresser,Cheynes,Class 1,Class 1,Class 1,Class 1,57 SOUTH BRIDGE,EH1 1LS,6678
326024.785,673374.6786,clothing,Paninari,Class 1,Class 1,Class 1,Class 1,58 SOUTH BRIDGE,EH1 1LS,6679
326027.6472,673365.5386,general clothing & footwear,Flip,Class 1,Class 1,Class 1,Class 1,60-62 SOUTH BRIDGE,EH1 1LS,6680
326029.7536,673355.0962,restaurant (Italian),Ciao Roma,Class 2,Class 3,Class 3,Class 3,64 SOUTH BRIDGE,EH1 1LS,6681
326031.524,673348.3069,n/t/c,South Bridge Newsagent,Class 1,Class 1,Class 1, , , ,6682
326034.4614,673337.388499999,restaurant,The Arches,Class 3,Class 3,SUI GENERIS,SUI GENERIS,65-67 SOUTH BRIDGE,EH1 1LS,6683
325980.9687,673428.0022,books,Campbell & Stillwell,Class 1,Class 1,SUI GENERIS,SUI GENERIS,74 SOUTH BRIDGE,EH1 1HN,6684
325981.2609,673435.8936,café,Sorriso Coffee House,Class 2,Class 3,Class 3,Class 3,75 SOUTH BRIDGE,EH1 1HN,6685
325979.215,673443.492699999,ladies clothing,Gossip,Class 1,Class 1,Vacant,Class 1,76 SOUTH BRIDGE,EH1 1HN,6686
325976.2923,673455.183700001,outdoor equipment & clothing,Camping & Outdoor Centre,Class 1,Class 1, , , , ,6687
325973.6618,673464.536499999,public house,The Advocate,Class 11,SUI GENERIS, , , , ,6688
325971.1356,673474.496400001,restaurant & amusements,Leisureland,Class 11,Class 3, , , , ,6689
325964.0146,673501.2631,advice centre,Lothian Regional Council,Class 2,Class 2, ,Class 2,85-87 SOUTH BRIDGE,EH1 1HN,6690
325961.0918,673511.785,shoes,Curtess,Class 1,Class 1,Class 1,Class 1,88-89 SOUTH BRIDGE,EH1 1HN,6691
325959.6305,673518.215,records,Ripping Records,Class 1,Class 1,Class 1,Class 1,91 SOUTH BRIDGE,EH1 1HN,6692
325956.6764,673526.615900001,t.v. & video rental,Radio Rentals,Class 1,Class 1,Class 1,Class 1,93 SOUTH BRIDGE,EH1 1HN,6693
325955.2732,673532.1359,n/t/c,Sopersweet,Class 1,Class 1,Class 1,Class 1,95 SOUTH BRIDGE,EH1 1HN,6694
324581.8059,673602.291099999,soft furnishings,The Factory Shop,Class 1,Class 1,Class 1,Class 1,41 SHANDWICK PLACE,EH2 4RG,6695
324575.6885,673597.9187,ladies clothing,Happit,Class 1,Class 1,Class 1,Class 2,45-47 SHANDWICK PLACE,EH2 4RG,6696
324564.1784,673588.4288,department store - clothing,Wilkies,Class 1,Class 1,Class 1,Class 1,49-61 SHANDWICK PLACE,EH2 4RG,6697
324563.8059,673588.4288,department store - restaurant,Wilkies,Class 1,Class 3, , , , ,6698
324552.2958,673581.291099999,hairdresser,Headline Hairdressing,Class 1,Class 1,Class 1,Class 1,63(1F)-65 SHANDWICK PLACE,EH2 4SD,6699
324548.5712,673578.3115,office,Newcastle Building Society,Class 3,Class 4,Class 2,Class 4,63(GF)-65 SHANDWICK PLACE,EH2 4SD,6700
324543.5305,673572.8013,clothing,Damart,Class 1,Class 1, , , , ,6701
324533.1017,673564.979699999,toys,Early Learning Centre,Class 1,Class 1,Class 1,Class 2,79 SHANDWICK PLACE,EH2 4SD,6702
324528.2597,673561.255100001,sports equipment & clothing,Nevisport,Class 1,Class 1,Class 1,Vacant,81 SHANDWICK PLACE,EH2 4SD,6703
324517.9436,673553.449200001,charity shop,British Heart Foundation,Vacant,Class 1, , , , ,6704
324513.0407,673548.938999999,charity shop,Capability Scotland,Class 1,Class 1,Class 1,Vacant,89 SHANDWICK PLACE,EH2 4SD,6705
324508.9436,673545.9593,art & picture framing,Decor Frame,Class 4,Class 1,Class 1,Class 1,91-93 SHANDWICK PLACE,EH2 4SD,6706
324501.2958,673539.821599999,vacant, ,Class 1,Vacant,Class 3,Class 3,97 SHANDWICK PLACE,EH2 4SD,6707
324495.8826,673535.627499999,public house,Au Bar,SUI GENERIS,SUI GENERIS,SUI GENERIS,SUI GENERIS,101(01) SHANDWICK PLACE,EH2 4SD,6708
324625.0,673674.5305,building society,Abbey National,Class 2,Class 2,Class 2,Class 2,2-4 SHANDWICK PLACE,EH2 4RN,6709
324614.3521,673667.668199999,"photographic goods, opticians",Lizars,Class 1,Class 1,Class 1,Class 1,6 SHANDWICK PLACE,EH2 4RN,6710
324608.097,673663.0407,greeting cards & confectionery,Pickwicks,Class 1,Class 1,Class 1,Class 1,10 SHANDWICK PLACE,EH2 4RN,6711
324602.4085,673659.6885,household textiles,Rosebys,Class 1,Class 1,Class 1,Class 1,14-16 SHANDWICK PLACE,EH2 4RN,6712
324597.5665,673656.3364,building society,Halifax,Class 2,Class 2,Class 11,Class 11,18(01) SHANDWICK PLACE,EH2 4RN,6713
324593.097,673653.356799999,travel agent,Going Places,Class 1,Class 1, , , , ,6714
324577.9797,673641.356799999,public house,The Grosvenor,SUI GENERIS,SUI GENERIS,SUI GENERIS,SUI GENERIS,26-28 SHANDWICK PLACE,EH2 4RT,6715
324573.1377,673637.2597,travel agent,Lunn Poly,Class 1,Class 1,Vacant,Class 1,30 SHANDWICK PLACE,EH2 4RT,6716
324567.5665,673634.061000001,furniture,Habitat,Class 1,Class 1,Class 1,Class 1,32-36 SHANDWICK PLACE,EH2 4RT,6717
324564.9593,673631.826300001,restaurant,Habitat,Class 3,Class 3, , , , ,6718
324558.939,673627.4538,furniture,Habitat,Class 1,Class 1, , , , ,6719
324553.8983,673622.785599999,n/t/c,R.S. McColl,Class 1,Class 1,Class 1,Class 1,38 SHANDWICK PLACE,EH2 4RT,6720
324550.1737,673619.433499999,mixed durable goods,Poundstretcher,Class 1,Class 1,Class 1,Class 1,42 SHANDWICK PLACE,EH2 4RT,6721
324546.0767,673616.4538,leather goods,Gullivers,Class 1,Class 1,Class 1,Class 1,44 SHANDWICK PLACE,EH2 4RT,6722
324541.9797,673613.1017,chemist,Boots,Class 1,Class 1, , , , ,6723
324534.1941,673606.964,chemist,Boots,Class 1,Class 1, , , , ,6724
324528.0564,673602.708900001,bank,Bank of Scotland,Class 2,Class 2,Class 1,Class 1,52(GF) SHANDWICK PLACE,EH2 4RT,6725
324522.9593,673598.2958,offices, ,Class 1,Class 4, , , , ,6726
324519.6072,673596.061000001,building society,Woolwich,Class 2,Class 2,Class 3,Class 1,56 SHANDWICK PLACE,EH2 4RT,6727
327152.0027,676681.991900001,public house & restaurant,Fishers,SUI GENERIS,SUI GENERIS,SUI GENERIS,SUI GENERIS,1 SHORE,EH6 6QW,6728
327150.0054,676669.0013,public house & restaurant,The Shore,SUI GENERIS,SUI GENERIS,SUI GENERIS,SUI GENERIS,3 SHORE,EH6 6QW,6729
327130.4213,676582.8378,public house & restaurant,Ship on the Shore,Vacant,SUI GENERIS, , , , ,6730
327120.9952,676543.0,delicatessen,The Clock,Class 2,Class 1,Class 1,Class 1,35 SHORE,EH6 6QN,6731
327111.6295,676525.004799999,public house,King's Wark,SUI GENERIS,SUI GENERIS,SUI GENERIS,SUI GENERIS,36 SHORE,EH6 6QU,6732
327090.2639,676493.1065,public house,Malt & Hops,SUI GENERIS,SUI GENERIS,SUI GENERIS,SUI GENERIS,45 SHORE,EH6 6QU,6733
327064.6804,676455.6852,delicatessen,Fleur's Deli,Vacant,Class 1,Class 1,Class 1,52 SHORE,EH6 6RA,6734
327061.7312,676451.472200001,restaurant,Silvio's Ristorante,Vacant,Class 3, ,SUI GENERIS,54-55 SHORE,EH6 6RA,6735
327058.5739,676435.7918,public house,Leith Oyster Bar,SUI GENERIS,SUI GENERIS,SUI GENERIS,SUI GENERIS,57-58 SHORE,EH6 6RA,6736
326988,676383,vacant, ,Vacant,Vacant,Class 3,Class 3,77 SHORE,EH6 6RG,6737
327031.7312,676361.319599999,restaurant,Fitzhenry, ,Class 3,SUI GENERIS,Class 3,19 SHORE PLACE,EH6 6SW,6738
326447.5708,675005.3246,demolished, ,Vacant,Demolished, , , , ,6739
319913.395,670911.07,grocer,n/a,Class 1,Class 1,Class 1,Vacant, , ,6740
319905.5478,670909.808900001,n/t/c,A. Rashid,Class 1,Class 1,Vacant,Vacant, , ,6741
319899.6624,670908.547700001,vacant, ,Class 1,Vacant,Vacant,Vacant, , ,6742
319894.0573,670907.5668,vacant, ,Class 1,Vacant,SUI GENERIS,Vacant,5 SIGHTHILL WYND,EH11 4BL,6743
320832.7987,675863.537900001,accountants,James Ness,Class 1,Class 2,Class 1,Class 1,38 SILVERKNOWES ROAD,EH4 5LF,6744
320829.4851,675870.0,hairdresser,David Ramsay Wilkie,Class 1,Class 1,Vacant,Class 1,40 SILVERKNOWES ROAD,EH4 5LF,6745
320827.5973,675873.9703,marketing & events management,Charisma,Class 4,Class 4,Class 4,Class 2,42 SILVERKNOWES ROAD,EH4 5LF,6746
320825.5676,675877.768999999,financial services - insurance,Wilson Insurance Services,Class 4,Class 2,Class 2,Class 2,44 SILVERKNOWES ROAD,EH4 5LF,6747
320823.9406,675881.9703,bicycles & toys,JRS,Class 1,Class 1,Class 4,Class 2,46 SILVERKNOWES ROAD,EH4 5LF,6748
320821.1122,675887.9703,car spares & accessories,JRS,Class 1,Class 1,Class 1,Vacant,48 SILVERKNOWES ROAD,EH4 5LF,6749
320817.4488,675896.231000001,n/t/c,Silverknowes Stores / MacGregors,Class 1,Class 1,Class 1,Class 1,52 SILVERKNOWES ROAD,EH4 5LF,6750
324999.1335,674682.356000001,redeveloped, ,UNKNOWN USE,Redeveloped, , , , ,6751
323335.3246,672133.0261,entertainment agency,Emkay Entertainments,Vacant,Class 4, , , , ,6752
323330.0192,672128.8377,office,"poss. attached to Emkay, nos. 3-5",Class 4,Class 4, , , , ,6753
323324.9546,672124.9354,domestic appliance servicing,Doc Auto,Class 1,Class 1, , , , ,6754
323320.7662,672121.0261,electricians,Hugh Fulton Electrical Ltd.,Class 4,Class 4, , , , ,6755
323311.3246,672113.8638,security systems,FPC Security,Class 2,Class 4,Class 4,Class 1,23-25 SLATEFORD ROAD,EH11 1PA,6756
323304.9354,672109.052300001,sun tan studio,Sol-Tan,Class 2,Class 11, , , , ,6757
323300.7469,672105.7015,residential, ,Class 1,Class 9, , , , ,6758
323296.5585,672102.9092,vacant, ,Class 4,Vacant,Class 1,Class 1,33 SLATEFORD ROAD,EH11 1PA,6759
323292.6492,672099.8377,signmakers,Slateford Signs,Class 1,Class 4,Class 4,Class 4,37 SLATEFORD ROAD,EH11 1PA,6760
323190.7662,672021.8638,computer servicing & sales,Scotia U.K. plc,Class 1,Class 2,Class 1,Vacant,39-41 SLATEFORD ROAD,EH11 1PR,6761
323187.4154,672019.3508,florist,Bluebells,Class 1,Class 1,Class 1,Class 1,45 SLATEFORD ROAD,EH11 1PR,6762
323183.9808,672016.2861,plumbers,Paragon Plumbing,Class 1,Class 4,Class 1,Class 1,47 SLATEFORD ROAD,EH11 1PR,6763
323180.0715,672013.214600001,t.v. & video servicing & sales,Teleservices,Class 4,Class 1, , , , ,6764
323174.7662,672008.467700001,dentist,D. Butcher,Vacant,Class 2, , , , ,6765
323171.6946,672005.954600001,hairdresser,Just Alans,Class 1,Class 1,Class 1,Class 1,55 SLATEFORD ROAD,EH11 1PR,6766
323169.1816,672003.441500001,post office,Shandon Place Sub Post Office,Class 1,Class 1,Class 1,Vacant,57 SLATEFORD ROAD,EH11 1PR,6767
323166.11,672000.6492,hot food take-away (Chinese),Tai Po,Class 1,SUI GENERIS,Vacant,SUI GENERIS,59 SLATEFORD ROAD,EH11 1PR,6768
326378.5073,672473.8455,hot food take-away,Potatoland,SUI GENERIS,SUI GENERIS,SUI GENERIS,SUI GENERIS,"82 CLERK STREET, SOUTH",EH8 9PT,6769
326381.7223,672465.9541,hardware,Murray Tools,Class 1,Class 1,Class 1,Class 1,"84 CLERK STREET, SOUTH",EH8 9PT,6770
326385.2464,672458.645099999,travel agent,Sibbald Travel,Class 1,Class 1,Class 1,Class 1,"86 CLERK STREET, SOUTH",EH8 9PT,6771
326387.5845,672453.968699999,charity shop,Sue Ryder,Class 1,Class 1,Vacant,Class 2,"88 CLERK STREET, SOUTH",EH8 9PT,6772
326389.6305,672449.876800001,travel agent,Edinburgh Travel Centre,Class 1,Class 1,Class 1,Class 1,"92 CLERK STREET, SOUTH",EH8 9PT,6773
326391.3841,672445.785,t.v. & video,Vision On,Class 1,Class 1,Class 1,Class 1,"94 CLERK STREET, SOUTH",EH8 9PT,6774
326393.1378,672441.985400001,take-away food,Katy's,Class 1,Class 1,Class 1,Class 1,"94A CLERK STREET, SOUTH",EH8 9PT,6775
326395.2923,672436.014599999,hot food take-away (Chinese),Hung Lam,Class 3,SUI GENERIS,SUI GENERIS,SUI GENERIS,"96 CLERK STREET, SOUTH",EH8 9PT,6776
326397.3382,672431.0459,carpets,G & C Carpets,Class 1,Class 1,Class 1,Class 1,"98 CLERK STREET, SOUTH",EH8 9PT,6777
325997.2464,673300.137800001,public house,The Captain's Bar,SUI GENERIS,SUI GENERIS,SUI GENERIS,SUI GENERIS,"4 COLLEGE STREET, SOUTH",EH8 9AA,6778
323163.1623,671998.0908,vacant, ,Class 2,Vacant,Vacant,Class 1,61 SLATEFORD ROAD,EH11 1PR,6779
323159.5323,671995.2985,hot food take-away,Shandon Chip Shop,SUI GENERIS,SUI GENERIS,Vacant,Class 1,65 SLATEFORD ROAD,EH11 1PR,6780
323155.1885,671991.656099999,hot food take-away (Chinese),Taste Good,Class 1,SUI GENERIS, , , , ,6781
323148.6492,671986.1885,vacant, ,Class 1,Vacant, , , , ,6782
323145.8569,671983.6754,n/t/c & grocer,V.H. Minimarket,Class 1,Class 1, , , , ,6783
323142.7854,671980.3246,wine merchant,Victoria Wine,Class 1,Class 1,Class 1,Class 1,77 SLATEFORD ROAD,EH11 1PR,6784
323033.1567,671895.7588,n/t/c,Ramzan & Son,Class 1,Class 1, , , , ,6785
323027.6268,671890.8433,financial services - insurance,Forresters Friendly Society,Class 4,Class 2, , , , ,6786
323023.2289,671888.144400001,baker,The Home Bakery (R. Kemp),Class 1,Class 1,Class 2,Class 4,85 SLATEFORD ROAD,EH11 1QR,6787
323018.3134,671883.8433,café & take-away food,Tasty Snacks / Lochrans,Class 1,Class 3,Class 1,Class 3,87 SLATEFORD ROAD,EH11 1QR,6788
323012.169,671878.9278,bicycles,Freewheelin',Class 2,Class 1,Class 1,Class 1,91 SLATEFORD ROAD,EH11 1QR,6789
322946.1444,671822.420700001,public house,Gray's Mill,SUI GENERIS,SUI GENERIS,SUI GENERIS,SUI GENERIS,101-105 SLATEFORD ROAD,EH11 1QY,6790
322929.5546,671807.6743,hot food take-away,Stadium 2,SUI GENERIS,SUI GENERIS,Vacant,SUI GENERIS,109 SLATEFORD ROAD,EH11 1QY,6791
322920.9525,671799.0722,baker,R. & J. Malone,Class 1,Class 1,Class 1,Class 1,113-115 SLATEFORD ROAD,EH11 1QY,6792
322912.9648,671791.698999999,betting shop,Mark Robbins,Class 2,Class 2,Class 2,Class 2,119 SLATEFORD ROAD,EH11 1QY,6793
322868.3856,671740.216499999,hairdresser,G & M Hairdressing,Vacant,Class 1,Class 1,Class 1,143 SLATEFORD ROAD,EH14 1NW,6794
322863.4701,671734.0722,furniture removal,Kerr's Removals,Class 4,Class 2,Class 2,Class 2,145 SLATEFORD ROAD,EH14 1NW,6795
322856.7113,671725.470100001,plumbers & heating engineers,Beta / Heatfactors Ltd.,Vacant,Class 4,Vacant,Vacant,147 SLATEFORD ROAD,EH14 1NW,6796
322852.4102,671718.096899999,hot food take-away,Hot Pot,SUI GENERIS,SUI GENERIS,SUI GENERIS,SUI GENERIS,149 SLATEFORD ROAD,EH14 1NW,6797
322886.169,671605.059800001,vacant, ,Class 1,Vacant,Class 4,Class 1,155 SLATEFORD ROAD,EH14 1NZ,6798
322990.6866,671897.614399999,residential, ,SUI GENERIS,Class 9, , , , ,6799
322245.547,670933.9639,hot food take-away,The Codfather,SUI GENERIS,SUI GENERIS, , , , ,6800
322242.6201,670928.0579,confectioner,The Codfather,Class 1,Class 1, , , , ,6801
322240.2165,670923.321900001,n/t/c,B & B Stores,Class 1,Class 1,Vacant,Class 1,138 SLATEFORD ROAD,EH14 1LR,6802
326838.7146,675232.285399999,residential, ,Class 1,Class 9, , , , ,6803
326839.7623,675236.476199999,computer maintenance,Information Equipment Maintenance Ltd. (IEM),Class 1,Class 1,Vacant,Class 4,42A SLOAN STREET,EH6 8RQ,6804
325954.6886,673639.546700001,hotel bar,Bank Hotel,Class 2,SUI GENERIS,SUI GENERIS,SUI GENERIS,1-3 SOUTH BRIDGE,EH1 1LL,6805
325956.1545,673625.7996,public house,Whistle Binkies,SUI GENERIS,SUI GENERIS,SUI GENERIS,SUI GENERIS,(4A) SOUTH BRIDGE,EH1 1LL,6806
325958.2004,673619.3695,restaurant & hot food take-away,Pizza Paradise,Class 3,Class 3,Class 3,Class 3,4-6 SOUTH BRIDGE,EH1 1LL,6807
325960.9687,673608.785,"clothing, accessories, toiletries",What Everyone Wants,Class 1,Class 1, , , , ,6808
325962.43,673603.231799999,baker,Greggs,Class 1,Class 1,Vacant,SUI GENERIS,10 SOUTH BRIDGE,EH1 1LL,6809
325953.7536,673538.8914,photographic goods & processing,SupaSnaps,Class 1,Class 1,SUI GENERIS,Class 1,96 SOUTH BRIDGE,EH1 1HN,6810
325952.0459,673544.753599999,"gifts, mixed durable goods",Ali's Cave,Class 1,Class 1,Class 1,Class 11,97-99 SOUTH BRIDGE,EH1 1HN,6811
325946.785,673564.0437,mixed durable goods,Poundstretcher,Class 1,Class 1,Class 1,Class 1,98-106 SOUTH BRIDGE,EH1 1HN,6812
325941.215,673588.599099999,clothing,Gold Brothers,Class 1,Class 1,Class 1,Class 1,107-108 SOUTH BRIDGE,EH1 1HN,6813
324768.35,673731.3693,cafe,Bewleys,Class 3,Class 3,SUI GENERIS,SUI GENERIS,"4 CHARLOTTE STREET, SOUTH",EH2 4AW,6814
326310.0627,672693.384099999,grocer,Mace Convenience Express,Class 1,Class 1,Class 1,Class 1,"1 CLERK STREET, SOUTH",EH8 9JD,6815
326312.4009,672688.707699999,n/t/c,Kirmani,Class 1,Class 1,Class 1,Vacant,"3 CLERK STREET, SOUTH",EH8 9JD,6816
326315.0313,672684.3236,electrical repairs,Hi-Fi & Video Repair Service,Class 1,Class 1,Vacant,Vacant,"7 CLERK STREET, SOUTH",EH8 9JD,6817
326317.0773,672680.231799999,clothing,Brown,Class 1,Class 1,Class 1,Class 1,"9 CLERK STREET, SOUTH",EH8 9JD,6818
326320.0627,672673.8455,pine furniture,Edin. Pine Shop,Vacant,Class 1,Class 1,Class 1,"11 CLERK STREET, SOUTH",EH8 9JD,6819
326322.4009,672668.5845,musical instruments,Rainbow Music,Class 1,Class 1,Class 1,Class 1,"13-13A CLERK STREET, SOUTH",EH8 9JD,6820
326324.7391,672663.615900001,hairdresser,K.L.A.S.S.,Class 1,Class 1,Class 1,Class 1,"17 CLERK STREET, SOUTH",EH8 9JD,6821
326326.4927,672658.354900001,printers,Pace Print,Class 4,Class 4,Class 4,Class 4,"19 CLERK STREET, SOUTH",EH8 9JD,6822
326330.9854,672651.753599999,pine furniture,Pine Wood Studio,Class 1,Class 1,Class 1,Class 2,"21 CLERK STREET, SOUTH",EH8 9JD,6823
326333.3236,672645.908199999,bicycles,Thomas Piper,Class 1,Class 1,Vacant,Class 3,"23 CLERK STREET, SOUTH",EH8 9JD,6824
326335.6618,672639.770400001,stationery,Newington Stationers,Class 1,Class 1,Class 1,Class 1,"27 CLERK STREET, SOUTH",EH8 9JD,6825
326342.0773,672633.2777,hairdresser & sun tan centre,Salon Nouveau / Shapemaster,Class 11,Class 1,Class 1,Class 1,"29 CLERK STREET, SOUTH",EH8 9JD,6826
326352.8936,672602.229599999,videotape hire,Blockbuster,Class 1,Class 1,Class 1,Class 1,"31-35 CLERK STREET, SOUTH",EH8 9NZ,6827
326357.8622,672587.615900001,delicatessen & patisserie,no name,Class 1,Class 1,Class 1,Class 1,"39 CLERK STREET, SOUTH",EH8 9NZ,6828
326360.6931,672581.123199999,post office,Post Office,Class 1,Class 1,Class 1,Class 1,"41 CLERK STREET, SOUTH",EH8 9NZ,6829
326374.7245,672551.384099999,hi-fi,Bill Hutchinson,Class 1,Class 1, , , , ,6830
326378.8163,672542.3236,cafe,Chilli Connection,Class 1,Class 3,SUI GENERIS,SUI GENERIS,"47 CLERK STREET, SOUTH",EH8 9NZ,6831
326380.8622,672537.9395,bric-a-brac,Chariot Express,Class 1,Class 1,Class 1,Class 1,"47A CLERK STREET, SOUTH",EH8 9NZ,6832
326385.0627,672528.242000001,restaurant (Indian),Spice Avenue,Class 1,Class 3,Class 1,Class 1,"49-49A CLERK STREET, SOUTH",EH8 9NZ,6833
326398.215,672500.768200001,bank,Bank of Scotland,Class 1,Class 2,Class 2,Class 2,"51-53 CLERK STREET, SOUTH",EH8 9PP,6834
326404.3528,672488.492699999,sports equipment & clothing,Mackenzies,Class 1,Class 1,Class 1,Class 1,"57-59 CLERK STREET, SOUTH",EH8 9PP,6835
325463.9589,672132.1536,"business equipment, faxes",Alpha Business Machines,Vacant,Class 2, ,Vacant,2-6 SPOTTISWOODE ROAD,EH9 1BQ,6836
325459.4321,672131.8518,"business equipment, faxes",Alpha Business Machines,Vacant,Class 2, , , , ,6837
325454.6036,672131.550000001,"business equipment, faxes",Alpha Business Machines,Vacant,Class 2, , , , ,6838
325281.8967,672375.8967,grocer & wine merchant,Margiotta,Class 1,Class 1, , , , ,6839
325282.8438,672368.7884,grocer & wine merchant,Margiotta,Class 2,Class 1, , , , ,6840
327250.6432,674199.188899999,builders,Forbes Davidson,Class 1,Class 4,Class 4,Class 4,102 SPRING GARDENS,EH8 8EY,6841
327247.4728,674200.906199999,residential, ,Vacant,Class 9, , , , ,6842
327244.2851,674202.5284,residential, ,Vacant,Class 9, , , , ,6843
327241.2469,674204.113600001,grocer,S. Paul,Class 1,Class 1,Class 1,Class 1,110 SPRING GARDENS,EH8 8EY,6844
327237.416,674205.963,vacant, ,Vacant,Vacant,Vacant,Vacant,112 SPRING GARDENS,EH8 8EY,6845
327231.7358,674208.604900001,n/t/c,Sharif's,Class 1,Class 1,Class 2,Vacant,116 SPRING GARDENS,EH8 8EY,6846
327228.5654,674210.058,baker,Something Tasty,Class 1,Class 1,Class 1,SUI GENERIS,118 SPRING GARDENS,EH8 8EY,6847
323657.5516,672811.1723,residential, ,Class 4,Class 9, , , , ,6848
326412.4927,672472.123199999,videotape hire,Global Video,Class 1,Class 1,Class 11,Class 11,"65A CLERK STREET, SOUTH",EH8 9PP,6849
326415.7077,672464.816299999,public house,The Abbey,SUI GENERIS,SUI GENERIS,SUI GENERIS,SUI GENERIS,"65-67 CLERK STREET, SOUTH",EH8 9PP,6850
326419.7391,672454.1691,travel agent,All Seasons Adventure Tours Ltd.,Class 1,Class 1,Class 3,Class 3,"69 CLERK STREET, SOUTH",EH8 9PP,6851
326424.7391,672443.753599999,greengrocer,Haji's Fruit Market,Class 1,Class 1, , , , ,6852
326430.0,672434.985400001,grocer & n/t/c,A & S Convenience,Class 1,Class 1, , , , ,6853
326305.215,672637.4614,charity shop,Cancer Research Campaign,Class 1,Class 1,Class 4,Class 4,"2 CLERK STREET, SOUTH",EH8 9JE,6854
326308.2923,672631.014599999,vacant, ,Class 2,Vacant,Class 1,Class 1,"4 CLERK STREET, SOUTH",EH8 9JE,6855
326310.9227,672625.4614,hairdresser,Hats Hairdressing,Class 1,Class 1,Class 1,Class 1,"8-8A CLERK STREET, SOUTH",EH8 9JE,6856
326313.5073,672618.753599999,estate agents,Newington Property Managers,Class 2,Class 2, ,Class 2,"10 CLERK STREET, SOUTH",EH8 9JE,6857
326326.9687,672591.507300001,hot food take-away,Perfect Pizza,Class 4,SUI GENERIS,SUI GENERIS,SUI GENERIS,"12 CLERK STREET, SOUTH",EH8 9PR,6858
326329.0146,672586.246400001,clothing,Designers,Class 1,Class 1,Class 1,Class 1,"14 CLERK STREET, SOUTH",EH8 9PR,6859
326331.7536,672578.507300001,clothing,W. Fletcher & Son,Class 1,Class 1,Vacant,Class 1,"18 CLERK STREET, SOUTH",EH8 9PR,6860
326333.215,672574.707699999,domestic appliances,Newington Appliances,Class 1,Class 1,Vacant,Class 1,"20 CLERK STREET, SOUTH",EH8 9PR,6861
326334.5532,672570.338199999,public house,The Southern Bar,SUI GENERIS,SUI GENERIS,SUI GENERIS,SUI GENERIS,"22-26 CLERK STREET, SOUTH",EH8 9PR,6862
326336.5532,672565.507300001,shoe repairs,J.A. Smith,Class 1,Class 1,Class 1,Class 1,"30 CLERK STREET, SOUTH",EH8 9PR,6863
326337.7223,672562.292300001,household / fancy goods,Bonnie Gifts,Class 1,Class 1,Vacant,Class 2,"32 CLERK STREET, SOUTH",EH8 9PR,6864
326339.1837,672559.3695,vacant, ,Class 1,Vacant,Class 1,Class 1,"34 CLERK STREET, SOUTH",EH8 9PS,6865
326349.5845,672538.905999999,vacant, , ,Vacant,Vacant,Class 1,"42 CLERK STREET, SOUTH",EH8 9PS,6866
326351.9227,672532.183700001,hot food take-away,Bismilla,SUI GENERIS,SUI GENERIS,SUI GENERIS,SUI GENERIS,"44 CLERK STREET, SOUTH",EH8 9PS,6867
326353.3841,672528.6764,hot food take-away,Eastern Pearl,Class 1,SUI GENERIS,SUI GENERIS,SUI GENERIS,"46 CLERK STREET, SOUTH",EH8 9PS,6868
326354.8455,672525.4614,household linens,Turnbull & Wilson,Class 1,Class 1,Class 1,Vacant,"50-54 CLERK STREET, SOUTH",EH8 9PS,6869
326358.1378,672518.507300001,gents clothing,William Meek,Class 1,Class 1,SUI GENERIS,SUI GENERIS,"56 CLERK STREET, SOUTH",EH8 9PS,6870
326360.0459,672513.7223,artists supplies,Alexanders,Class 1,Class 1,Class 1,Class 1,"58 CLERK STREET, SOUTH",EH8 9PS,6871
326361.7996,672509.922700001,"second-hand records, tapes",Hoggs Head,Class 1,Class 1,Class 1,Class 1,"62 CLERK STREET, SOUTH",EH8 9PS,6872
326363.8455,672505.8309,delicatessen & take-away food,Di's Deli,Class 1,Class 1,Class 1,Class 1,"64 CLERK STREET, SOUTH",EH8 9PS,6873
326365.8914,672501.446799999,musical instruments,Murray Seaton Drum Centre,Class 1,Class 1, , , , ,6874
326370.0459,672490.1691,grocer,Kamco,Class 1,Class 1, , , , ,6875
326371.7996,672486.077299999,grocer,Fresh Choice,Class 1,Class 1,Class 1,Class 1,"72 CLERK STREET, SOUTH",EH8 9PT,6876
326373.6931,672481.5386,restaurant (Chinese),Dragons Way,SUI GENERIS,Class 3,Class 3,Class 3,"74-78 CLERK STREET, SOUTH",EH8 9PT,6877
325991.8768,673299.215,vacant, ,Vacant,Vacant, ,Class 2,"6 COLLEGE STREET, SOUTH",EH8 9AA,6878
325986.9082,673297.4614,unemployed advice centre,Edin. University Settlement,SUI GENERIS,Class 2, ,Class 2,"7-8 COLLEGE STREET, SOUTH",EH8 9AA,6879
325980.2923,673295.922700001,architects & surveyors,Broad & Hughes,Class 4,Class 4, ,Class 2,"9 COLLEGE STREET, SOUTH",EH8 9AA,6880
325975.9082,673294.1691,vacant, ,Class 1,Vacant,Class 3,Class 3,"11 COLLEGE STREET, SOUTH",EH8 9AA,6881
326250.7725,676314.0635,public house,Village Inn,SUI GENERIS,SUI GENERIS,SUI GENERIS,SUI GENERIS,"16 FORT STREET, SOUTH",EH6 4DN,6882
322514,674411,demolished, ,Class 1,Demolished, , , , ,6883
322514,674411,demolished, ,Class 1,Demolished, , , , ,6884
322630.2387,674628.1995,mixed durable goods,Boots, ,Class 1,Class 1,Class 1,24 SOUTH GROATHILL AVENUE,EH4 2LN,6885
322634.653,674660.865499999,"clothing, toiletries",The Store for What Everyone Wants, ,Class 1,Class 1,Class 1,26 SOUTH GROATHILL AVENUE,EH4 2LN,6886
322637.3016,674684.7028,electrical goods,Currys, ,Class 1,Class 1,Class 1,28-30 SOUTH GROATHILL AVENUE,EH4 2LN,6887
322638.1845,674702.360099999,electrical goods,Currys, ,Class 1, , , , ,6888
322640.8331,674726.1974,soft furnishings,Texstyle World, ,Class 1,Class 1,Class 1,32 SOUTH GROATHILL AVENUE,EH4 2LN,6889
322640.8331,674760.6291,garden centre,Homebase (Sainsbury), ,Class 1,Class 1, , , ,6890
322594.0413,674766.8092,d.i.y.,Homebase (Sainsbury), ,Class 1,Class 1,Class 1,36 SOUTH GROATHILL AVENUE,EH4 2LN,6891
322546.3667,674770.340600001,sports clothing & equipment,Sports Division, ,Class 1,Class 1,Class 1,38 SOUTH GROATHILL AVENUE,EH4 2LN,6892
325710.225,673996.125,public house,La Tasca,SUI GENERIS,SUI GENERIS, , , , ,6893
325707.4751,674004.875,building society,Alliance & Leicester,Class 2,Class 2, , , , ,6894
325705.2,674013.8004,wine bar,Finlays,SUI GENERIS,SUI GENERIS,SUI GENERIS,SUI GENERIS,"7 ST. ANDREW STREET, SOUTH",EH2 2AU,6895
325699.5751,674034.950099999,kitchen furniture & fittings,Moben / Dolphin, ,Class 1,Class 1,Class 2,"15-17 ST. ANDREW STREET, SOUTH",EH2 2AU,6896
325697.3251,674042.375,greengrocer,I. & S. Banks & Son,Class 1,Class 1,Class 1,Class 1,"19 ST. ANDREW STREET, SOUTH",EH2 2AU,6897
325673.475,674006.65,hairdresser,Charlie Miller, ,Class 1,Class 1,Class 1,"8 ST. ANDREW STREET, SOUTH",EH2 2AZ,6898
325671.45,674014.800000001,vacant, , ,Vacant, , , , ,6899
325669.2998,674022.325099999,converted to offices, ,Vacant,Class 4, , , , ,6900
325665.7249,674032.35,bank,Barclays Bank,Class 1,Class 2, , , , ,6901
325665.0,674036.124700001,converted to offices, ,Class 1,Class 4, , , , ,6902
325663.8999,674039.8749,bistro,Tiles Cafe Bar,Class 1,Class 3, , , , ,6903
325580.0503,673980.6252,public house,Zabet Moscow Bar,SUI GENERIS,SUI GENERIS,SUI GENERIS,Vacant, , ,6904
325578.0254,673988.2751,photographic goods,Williamson & Wolf,Class 1,Class 1,Class 1,Vacant, , ,6905
325576.075,673994.199999999,hairdresser,Ian Cameron,Vacant,Class 1,Class 1,Vacant, , ,6906
325572.7251,674005.475,travel agent,Going Places,Vacant,Class 1, , , , ,6907
324623.0017,676313.4593,vacant, ,Class 1,Vacant, , , , ,6908
324614,676345,roofing contractors,Trinity Roofing,Class 1,Class 4, , , , ,6909
324612.2322,676350.5737,toys & children's fancy dress,Jakada,Class 1,Class 1, , , , ,6910
324611.2704,676354.4212,vacant, ,Class 1,Vacant, , , , ,6911
324610.1161,676358.460999999,vacant, ,Class 1,Vacant, , , , ,6912
324608.9619,676362.5009,clock repairs,Trinity Clocks,Class 4,Class 1, , , , ,6913
324606.7712,676369.7279,printers,Capital Press,Class 2,Class 4, , , , ,6914
324604.6551,676376.2686,chemist,L.E. Hartley,Class 1,Class 1,Class 1,Class 1,37 SOUTH TRINITY ROAD,EH5 3PN,6915
324602.9237,676383.5788,grocer,J. & M. Millan,Class 1,Class 1,Class 1,Class 1,41 SOUTH TRINITY ROAD,EH5 3PN,6916
324728.0181,676038.267200001,fireplaces,Hestia Fireside Design,Class 1,Class 1,Class 1,Class 1,4 SOUTH TRINITY ROAD,EH5 3NR,6917
324726.3141,676043.3791,hairdresser,Biz,Class 1,Class 1,Class 1,Class 1,8 SOUTH TRINITY ROAD,EH5 3NR,6918
324725.2491,676048.278000001,vacant, ,Class 1,Vacant,Vacant,Class 1,10 SOUTH TRINITY ROAD,EH5 3NR,6919
324722.4586,676058.124299999,hairdresser,Russman,Class 1,Class 1,Class 1,Class 1,14 SOUTH TRINITY ROAD,EH5 3NR,6920
324721.4468,676063.183499999,food take-away,Gluttons,Class 1,Class 1,Class 1,Class 1,16 SOUTH TRINITY ROAD,EH5 3NR,6921
324720.0976,676068.2426,vacant, ,Class 1,Vacant,Class 2,Class 2,18 SOUTH TRINITY ROAD,EH5 3NR,6922
329890.5276,672788.4823,dentist,J.W. Muir,Class 2,Class 2,Class 2,Class 2, , ,6923
329889.3957,672803.196900001,doctor's surgery,Dr. W.R. Bonne,Class 2,Class 2,Vacant,Class 1,12-16 SOUTHFIELD LOAN,EH15 1QR,6924
330202.4169,673554.6873,grocer & n/t/c,Southfield Stores,Class 1,Class 1,Class 1,Class 1,16 SOUTHFIELD PLACE,EH15 1LZ,6925
327776.6097,668180.3903,vacant, ,Class 4,Vacant, , , , ,6926
327779.5144,668173.4191,grocer,Broadway Supermarket,Class 1,Class 1,Class 1,Class 1,3 SOUTHHOUSE BROADWAY,EH17 8DR,6927
327783.0953,668165.5809,post office,Gracemount Post Office,Class 1,Class 1,Class 1,SUI GENERIS,5 SOUTHHOUSE BROADWAY,EH17 8DR,6928
325065.7122,675192.6449,solarium,Heatwave,Class 11,Class 11,Class 11,Class 11,1 SUMMER PLACE,EH3 5NR,6929
325167.739,674084.6745,vacant, ,Class 1,Vacant,Class 1,Class 1,63 THISTLE STREET,EH2 1DY,6930
325162.9355,674083.566,sandwich bar,Thistle Sandwich bar,SUI GENERIS,Class 1,Class 1,Class 1,67 THISTLE STREET,EH2 1DY,6931
325292.1965,674102.739,jeweller,Murray,Class 1,Class 1,Class 1,Class 1,20 THISTLE STREET,EH2 1EN,6932
325283.261,674100.434,printers,PIP Printers,Class 4,Class 4,Class 1,Class 1,22 THISTLE STREET,EH2 1EN,6933
325222.1085,674082.8475,antiques,E. Humphrey,Class 1,Class 1,Class 1,Class 1,48 THISTLE STREET,EH2 1EN,6934
325213.6305,674080.8475,lingerie,Jane Davidson,Class 1,Class 1,Class 1,Class 1,50(GF)-52 THISTLE STREET,EH2 1EN,6935
325184.956,674072.956,antiques,Laurence Black,Class 1,Class 1,Class 1,Class 1,60 THISTLE STREET,EH2 1EN,6936
325178.305,674071.1085,restaurant,Wigwam,SUI GENERIS,Class 3,Class 3,Class 3,64 THISTLE STREET,EH2 1EN,6937
325168.4135,674068.1085,interior decorator,Malcolm Duffin,Class 1,Class 4,Class 1,Class 1,66-68 THISTLE STREET,EH2 1EN,6938
325154.739,674064.0645,antiques,Joseph Bonnar,Class 1,Class 1,Class 1,Class 1,72 THISTLE STREET,EH2 1EN,6939
325149.566,674062.217,café & take-away food,Procida Espresso Bar,Class 1,Class 3,Class 3,Class 3,76 THISTLE STREET,EH2 1EN,6940
327069.7623,675540.380799999,roofing contractors,McKenzie & Flynn,Class 1,Class 4, ,Class 4,5-7 THORNTREE STREET,EH6 8PY,6941
327029.4778,675595.432700001,vacant, ,Class 1,Vacant, , , , ,6942
326992.8935,676374.5787,architect,Dignan Read Dewar,Class 4,Class 4,Class 4,Class 4,3 TOLBOOTH WYND,EH6 6DN,6943
326995.8426,676370.365599999,grocer,A1 Mini Market,Class 1,Class 1,Class 2,Class 2,7-9 TOLBOOTH WYND,EH6 6DN,6944
327070.2881,676306.147700001,vacant, ,Vacant,Vacant, , , , ,6945
324279.4494,673254.6821,"bridal salon, ladies evening wear",Kavelle,Class 2,Class 1,Class 1,Class 1,19 TORPHICHEN PLACE,EH3 8DY,6946
324255.63,673290.473999999,hot food take-away (Chinese),West End Chinese Takeaway,Class 3,SUI GENERIS,SUI GENERIS,SUI GENERIS,6 TORPHICHEN PLACE,EH3 8DU,6947
324255.4436,673276.2905,public house,Grouchos,SUI GENERIS,SUI GENERIS,SUI GENERIS,Vacant,8 TORPHICHEN PLACE,EH3 8DU,6948
324425,673309,demolished - gap site, ,Class 11,Demolished, , , , ,6949
324440,673309,demolished - gap site, ,Class 4,Demolished, , , , ,6950
324440,673309,demolished - gap site, ,Vacant,Demolished, , , , ,6951
326243.127,676316.024599999,residential, ,Class 4,Class 9, , , , ,6952
326079.3571,676318.423,residential, ,Class 4,Class 9, , , , ,6953
326083.445,676298.489,residential, ,Class 2,Class 9, , , , ,6954
326084.912,676292.6209,residential, ,Class 4,Class 9, , , , ,6955
326089.0,676277.3791,public house,Lord Nelson,SUI GENERIS,SUI GENERIS,SUI GENERIS,SUI GENERIS,8 TRAFALGAR STREET,EH6 4DG,6956
326089.978,676271.511,residential, ,Class 11,Class 9, , , , ,6957
326091.445,676266.131899999,residential, ,Class 4,Class 9, , , , ,6958
327785.2572,668160.4191,betting shop,Ladbrokes,Class 2,Class 2,Class 2,Class 2,7 SOUTHHOUSE BROADWAY,EH17 8DR,6959
327697,667859,hairdresser,Enhancing Hair,Class 1,Class 1,Class 1,Class 2,47 SOUTHHOUSE BROADWAY,EH17 8AS,6960
327694,667854,n/t/c,J. McD. Laing,Class 1,Class 1,Class 1,Class 1,49 SOUTHHOUSE BROADWAY,EH17 8AS,6961
327744.7716,668155.8093,public house,Waverley Inn,SUI GENERIS,SUI GENERIS,SUI GENERIS,SUI GENERIS,8 SOUTHHOUSE BROADWAY,EH17 8HG,6962
327707,667855,hot food take-away,Southern Fry,Vacant,SUI GENERIS,SUI GENERIS,SUI GENERIS,40 SOUTHHOUSE ROAD,EH17 8EW,6963
327712,667851,grocer,Premier Foodstore,Class 1,Class 1, , , , ,6964
327717,667847,grocer,Family Choice,Vacant,Class 1, , , , ,6965
326345.4119,675257.0019,grocer,Ramzan,Class 1,Class 1,Class 1,Class 1,26 SPEY TERRACE,EH7 4PL,6966
324911.001,673200.747500001,betting shop,Morrisons Bookmaker,Class 2,Class 2,Class 2,Class 2,1 SPITTAL STREET,EH3 9DY,6967
324917.504,673203.999,second-hand books,Old Grindle's  S/H Books,Vacant,Class 1,Vacant,Class 1,3 SPITTAL STREET,EH3 9DY,6968
324922.0062,673209.001399999,public house,Footlights & Firkin,SUI GENERIS,SUI GENERIS,SUI GENERIS,SUI GENERIS,7 SPITTAL STREET,EH3 9DY,6969
324940.0038,673233.0,office,Artlink,Class 1,Class 4,Class 2,Class 4,13A SPITTAL STREET,EH3 9DY,6970
324948.0033,673245.7513,interior decor,Henrietta at Remus,Vacant,Class 1,Class 1,Class 1,17-19 SPITTAL STREET,EH3 9DY,6971
324969.252,673273.250600001,"records, tapes, cds",McAlister Matheson Music Ltd.,Class 1,Class 1, , , , ,6972
324953.747,673205.001,n/t/c,GT2,Class 1,Class 1,Class 1,Class 1,4 SPITTAL STREET,EH3 9DX,6973
324956.7494,673209.505000001,massage parlour,After Eight,Class 1,Class 11, ,Vacant,8-10 SPITTAL STREET,EH3 9DX,6974
324960.001,673213.506899999,hairdresser,Fringe,Class 1,Class 1, , , , ,6975
325465.5089,672102.2607,grocer,Margiotta,Class 4,Class 1, , , , ,6976
325461.8875,672102.2607,electrical contractors,R.L. Skinner,Class 4,Class 4, , , , ,6977
325457.6625,672102.5625,food take-away,Margiotta,Class 1,Class 1, , , , ,6978
323695.8617,672746.053099999,residential, ,Class 4,Class 9, , , , ,6979
323692.9362,672748.7126,residential, ,Vacant,Class 9, , , , ,6980
321438.1974,669000.3948,public house,Royal Scot,SUI GENERIS,SUI GENERIS,SUI GENERIS,SUI GENERIS,27 SPYLAW STREET,EH13 0JT,6981
321449.898,669005.217,garage reception,Waddells,Class 4,SUI GENERIS, , , , ,6982
321376,668972,constituency office,Pentland Conservative Party,Class 2,Class 2,Vacant,Class 2,20 SPYLAW STREET,EH13 0JX,6983
321459.4772,669009.4078,butcher,Murrays,Class 1,Class 1, ,Class 4,30 SPYLAW STREET,EH13 0JT,6984
324469.6479,673622.2958,hairdresser,Charlie Miller,Class 1,Class 1,Class 1,Class 1,13B STAFFORD STREET,EH3 7BR,6985
324426.0203,673678.137700001,no entry, ,Class 3,UNKNOWN USE, ,Class 4,27A-29A STAFFORD STREET,EH3 7BJ,6986
324479.097,673571.489800001,hearing aids,House of Hearing,Class 2,Class 2,Class 2,Class 2,2B STAFFORD STREET,EH3 7AU,6987
324476.8623,673574.096999999,"gifts, ornaments",Huckleberry,Class 4,Class 1, , , , ,6988
324463.3521,673590.7246,musical instruments - guitars etc.,Gordon Simpson,Class 1,Class 1, , , , ,6989
324456.6275,673592.372500001,household / decorative goods,Studio One,Class 1,Class 1, , , , ,6990
324450.6072,673606.2347,"greeting cards, gifts",Paper Tiger,Class 4,Class 1,Class 2,Class 2,14 STAFFORD STREET,EH3 7AU,6991
324443.2551,673616.3521,fabrics & wallpapers,Henrietta at Remus,Class 1,Class 1,Class 1,Class 1,16A-16B STAFFORD STREET,EH3 7AU,6992
324431.7246,673631.489800001,ladies clothing,Sam Thomas,Class 1,Class 1,Class 1,Class 1,18 STAFFORD STREET,EH3 7BD,6993
324419.9797,673645.3521,converted to offices,Campbell Media,Class 3,Class 4,Class 2,Class 4,22 STAFFORD STREET,EH3 7BD,6994
324415.6072,673651.6072,restaurant,Pepito's,Class 3,Class 3,Class 3,Class 3,24A STAFFORD STREET,EH3 7BD,6995
325618.5146,676810.7952,roofing contractors,Stanley Sutherland,Class 4,Class 4,Class 4,Class 4,2 STANLEY ROAD,EH6 4SJ,6996
325614.2307,676809.693499999,antiques,Trinity Curios,Vacant,Class 1,Class 1,Class 1,4-6 STANLEY ROAD,EH6 4SJ,6997
325607.5387,676807.6176,plumbers & heating engineers,James Munro & Co.,Class 4,Class 4,Class 4,Class 4,8 STANLEY ROAD,EH6 4SJ,6998
325328.5388,677001.7159,baker,Masons Home Bakery,Class 1,Class 1,Class 1,Class 1,1-1A STARBANK ROAD,EH5 3BN,6999
325229.369,676996.269400001,furniture removal,Broughton Removals,Class 1,Class 2,Class 2,Class 9, , ,7000
325218.4612,676994.630999999,joiner & cabinet maker,Sinclair Campbell,Class 4,Class 4,Class 4,Class 9, , ,7001
320205,672877,hairdresser,Salon Nouveau,Class 1,Class 1,Class 1,Class 1,3 STATION ROAD,EH12 7AA,7002
320203.9749,672870.677100001,café,The Coffee Bean,Class 3,Class 3,Class 3,Class 3,5-7 STATION ROAD,EH12 7AA,7003
312586.4036,674555.895199999,supermarket,Scotmid,Class 1,Class 1,Class 1,Class 1,1-5 STATION ROAD,EH29 9BE,7004
312624,674433,residential, ,Class 1,Class 9, , , , ,7005
312582.2439,674502.243899999,hairdresser,Hair Devotion,Class 2,Class 1, , , , ,7006
312583.4916,674497.502800001,butcher & fishmonger,Farm & Seafayre,Class 1,Class 1, , , , ,7007
312608.9963,674410.2533,grocer,McClouds,Class 1,Class 1, , , , ,7008
321401.4392,671730.0561,n/t/c,George Gray,Class 1,Class 1,Class 1,Class 1,1 STENHOUSE CROSS,EH11 3JY,7009
321394.0,671728.243000001,butcher,John Bain,Class 1,Class 1,Class 1,Class 1,2 STENHOUSE CROSS,EH11 3JY,7010
321386.6262,671727.4299,hairdresser,Brian Girdwood,Class 1,Class 1,Class 1,Class 1,3 STENHOUSE CROSS,EH11 3JY,7011
321351.8692,671752.887800001,chemist,H. Horsburgh,Class 1,Class 1, , , , ,7012
321350.5608,671760.9253,photo processing,PhotoStop,Class 1,Class 1, , , , ,7013
321349.9907,671767.6262,wine merchant,Tariq Brothers,Class 1,Class 1,SUI GENERIS,SUI GENERIS,6 STENHOUSE CROSS,EH11 3JY,7014
321375.6262,671802.009299999,videotape hire,Videoland,Class 1,Class 1,Class 1,Class 1,7 STENHOUSE CROSS,EH11 3JU,7015
321383.0654,671803.9439,food take-away,SWS,Class 1,Class 1,Class 1,SUI GENERIS,8 STENHOUSE CROSS,EH11 3JU,7016
321390.5608,671804.383099999,baker,D.S. Crawford,Class 1,Class 1,Class 1,Class 1,9 STENHOUSE CROSS,EH11 3JU,7017
321423.8224,671778.6916,"draper, post office",Stenhouse Cross Post Office,Class 1,Class 1,Class 1,Class 1,10 STENHOUSE CROSS,EH11 3JU,7018
321426.1962,671771.495300001,grocer,Stenhouse Cross Foodstore,Class 1,Class 1,Class 1,Class 1,11 STENHOUSE CROSS,EH11 3JU,7019
321426.5701,671764.065400001,hot food take-away,Stenhouse Fish & Chicken Bar,SUI GENERIS,SUI GENERIS,SUI GENERIS,SUI GENERIS,12 STENHOUSE CROSS,EH11 3JU,7020
321759,671354,kitchen & bedroom fittings,Caledonian Kitchen & Bedroom Centre, ,Class 1,Class 2,Class 2,23 STENHOUSE MILL WYND,EH11 3XX,7021
322426,672371,d.i.y. & garden centre,B & Q,Class 1,Class 1,Class 1,Vacant,45 STEVENSON ROAD,EH11 2SL,7022
322367,672165,furniture,Mackays,Class 1,Class 1,Class 1,Class 1,60 STEVENSON ROAD,EH11 2SG,7023
322511.7216,672330.773800001,bedroom furniture & fittings,Scott Ronald,Class 1,Class 1,Class 1,SUI GENERIS,96 STEVENSON ROAD,EH11 2SJ,7024
321522.9318,674898.820499999,pictures & picture framing,Frame Stop,Class 4,Class 1,Vacant,Class 11,2 STRACHAN ROAD,EH4 3RE,7025
321522.5386,674893.179500001,grocer,Blackhall Licensed Grocer,Class 1,Class 1,Class 1,Class 1,4 STRACHAN ROAD,EH4 3RE,7026
325465.4267,671948.189300001,financial services,McCreath & Co.,Class 2,Class 2,Class 2,Class 2,20A STRATHEARN ROAD,EH9 2AB,7027
325472.0,671950.3607,n/t/c,V.W. Quested,Class 1,Class 1,Class 1,Class 1,21 STRATHEARN ROAD,EH9 2AB,7028
325476.775,671951.319599999,dry cleaner,Whites of Liberton,Class 1,Class 1,Class 1,Class 1,21A STRATHEARN ROAD,EH9 2AB,7029
325483.0178,671953.455399999,ladies clothing,Samia,Class 1,Class 1,Class 1,Class 1,21C STRATHEARN ROAD,EH9 2AB,7030
325486.9411,671954.964299999,grocer,McGregor,Class 1,Class 1,Class 1,Class 3,21D STRATHEARN ROAD,EH9 2AB,7031
325063.5932,675196.3532,antiques & reproduction furniture,Cooks,Class 1,Class 1,Vacant,Class 1,2 SUMMER PLACE,EH3 5NR,7032
325059.1785,675203.5932,pianos,Allan Makin & Sons,Class 1,Class 1, , , , ,7033
326268.2464,672443.6305,charity shop & cafe,Bethany Christian Trust,Class 4,Class 1,Class 1,Class 1,1-3 SUMMERHALL PLACE,EH9 1QE,7034
326270.0,672438.077299999,sports equipment (surfing / snowboarding),Motion,Class 1,Class 1,Vacant,Class 1,7 SUMMERHALL PLACE,EH9 1QE,7035
326272.3382,672432.524,hot food take-away (Indian),Agra Tandoori,Class 1,SUI GENERIS,SUI GENERIS,SUI GENERIS,9 SUMMERHALL PLACE,EH9 1QE,7036
326274.8309,672426.4155,hot food take-away,Franco's Fish & Chip Shop,Vacant,SUI GENERIS,SUI GENERIS,SUI GENERIS,11 SUMMERHALL PLACE,EH9 1QE,7037
326276.2172,672422.2675,pottery,Meadows Pottery,Vacant,Class 1,Class 1,Class 1,11A SUMMERHALL PLACE,EH9 1QE,7038
326066.3131,676354.445,"wholesale eggs, poultry, fish",Gary MacIntosh,Class 1,Class 2,Vacant,Vacant,27 SUMMERSIDE PLACE,EH6 4NY,7039
325121.7587,675121.636299999,demolished, ,Vacant,Demolished, , , , ,7040
325119.2473,675124.775599999,demolished, ,Vacant,Demolished, , , , ,7041
325085.4226,675173.232799999,bric-a-brac,Duncan & Reid,Class 1,Class 1,Class 1,Class 1,5 TANFIELD,EH3 5DA,7042
325082.9643,675175.997,wine importer,Le Caveau,Vacant,Class 2,Class 1,Class 1,6 TANFIELD,EH3 5DA,7043
325080.429,675178.8836,hairdresser,The Edinburgh Fringe,Class 1,Class 1, , , , ,7044
325077.0395,675182.8025,wigs & hairpieces,A & A Studios,Class 1,Class 1, , , , ,7045
324955.2558,672780.999500001,restaurant,Beijing Blossom,Class 3,Class 3,Class 3,Class 3,3 TARVIT STREET,EH3 9LB,7046
324960.5083,672781.7499,launderette,Tarvit Launderette,Class 1,Class 1,Class 1,Vacant,7-9 TARVIT STREET,EH3 9LB,7047
324979.5017,672797.7499,public house,Burlington Bertie,SUI GENERIS,SUI GENERIS,SUI GENERIS,SUI GENERIS,11-13 TARVIT STREET,EH3 9LB,7048
325007.2492,672790.248199999,residential, ,Vacant,Class 9, , , , ,7049
325001.4998,672770.5021,second-hand clothing,Anna's Second Hand Clothes Shop,Vacant,Class 1,Class 1,Vacant,2A TARVIT STREET,EH3 9JY,7050
326666.3144,676286.2092,undertakers,Barclays / Plantsbrook Group Ltd.,Class 1,Class 1,Class 1,Class 1,2B TAYLOR GARDENS,EH6 6TG,7051
326673.9688,676292.512700001,undertakers,Barclays / Plantsbrook Group Ltd.,Vacant,Class 1,Class 1,Class 1,4 TAYLOR GARDENS,EH6 6TG,7052
322646.776,675315.4827,grocer & n/t/c,Salamat Bibi,Class 1,Class 1,Class 1,Class 1,25(3) TELFORD DRIVE,EH4 2NJ,7053
321526.2136,674952.2819,n/t/c,W. McGoldrick,Class 1,Class 1,Class 1,Class 1,3 TELFORD ROAD,EH4 2AQ,7054
321529.7522,674950.7092,hairdresser,Kevin Benson Hair Ltd.,Class 1,Class 1,Class 1,Class 1,5 TELFORD ROAD,EH4 2AQ,7055
321534.6409,674948.102399999,florist,Fleur of Blackhall,Class 1,Class 1,Class 1,Class 1,7 TELFORD ROAD,EH4 2AQ,7056
321537.7864,674946.5296,hairdresser,Kevin Benson Hair Ltd.,Class 1,Class 1,Class 1,Class 1,9 TELFORD ROAD,EH4 2AQ,7057
322840,675627,service station,BP,SUI GENERIS,SUI GENERIS,Vacant,Class 9, , ,7058
321651.9569,674889.9659,hairdresser,Kirsten of Copenhagen,Class 1,Class 1,Class 1,Class 1,4 TELFORD ROAD,EH4 2BA,7059
321660.6068,674889.179500001,furniture,Heidi's,Class 1,Class 1, , , , ,7060
321681.1795,674885.9659,launderette,Swiss Wash,Class 1,Class 1,Vacant, , , ,7061
321703.8635,674881.5548,furniture,Whitehall Court,Class 1,Class 1,Class 1,Vacant,14/1-2 TELFORD ROAD,EH4 2BA,7062
322542.0347,674953.661599999,service station,Texaco / McDonalds,SUI GENERIS,SUI GENERIS,Class 3,Class 3,74A TELFORD ROAD,EH4 2NF,7063
322585.9154,674972.357799999,public house,Telford Arms,SUI GENERIS,SUI GENERIS,SUI GENERIS,SUI GENERIS,(78) TELFORD ROAD,EH4 2NF,7064
324001.4711,672351.0283,public house,Polwarth Tavern,SUI GENERIS,SUI GENERIS,SUI GENERIS,SUI GENERIS,1 TEMPLE PARK CRESCENT,EH11 1JF,7065
323944.0929,672312.9892,vacant, ,Vacant,Vacant, , , , ,7066
323938.6501,672309.3607,french polisher,David Dott,Class 4,Class 4,Class 4,Class 4,29 TEMPLE PARK CRESCENT,EH11 1JF,7067
323918.5357,672297.0713,n/t/c,n/a,Vacant,Class 1, , , , ,7068
323912.6393,672293.896400001,financial services - insurance,n/a,Class 4,Class 2,Class 2,Vacant,35 TEMPLE PARK CRESCENT,EH11 1JE,7069
323996.9785,672376.0,grocer,Al Hilal,Class 1,Class 1,Class 1,Vacant,2 TEMPLE PARK CRESCENT,EH11 1HT,7070
323993.8035,672373.7322,vacant, ,Class 1,Vacant,Class 2,Class 2,4 TEMPLE PARK CRESCENT,EH11 1HT,7071
323990.6285,672371.0108,vacant, ,Vacant,Vacant, , , , ,7072
323984.2786,672367.382200001,vacant, ,Vacant,Vacant, , , , ,7073
325792.5689,673167.6578,comics,Forbidden Planet,Class 1,Class 1,Vacant,Class 1,2-3 TEVIOT PLACE,EH1 2QZ,7074
325785.7733,673162.4089,second-hand goods,Omnia,Class 1,Class 1,Class 3,Class 3,4 TEVIOT PLACE,EH1 2QZ,7075
325781.0,673158.6963,hairdresser,Hairizon,Class 1,Class 1,Class 1,Class 1,6-7 TEVIOT PLACE,EH1 2QZ,7076
325773.0385,673154.613299999,shoes,Shoos,Class 1,Class 1,Class 1,Vacant,8-9 TEVIOT PLACE,EH1 2QZ,7077
325762.0607,673150.2874,workwear,Hewat of Edinburgh,Class 1,Class 1, , , , ,7078
325758.9333,673149.5526,vacant, ,Class 1,Vacant,Class 1,Class 1,14 TEVIOT PLACE,EH1 2QZ,7079
325755.4859,673148.756999999,hot food take-away,Central Fish & Chicken Bar,SUI GENERIS,SUI GENERIS, , , , ,7080
325747.7956,673146.635500001,hot food take-away,Central Fish & Chicken Bar,Class 1,SUI GENERIS, , , , ,7081
325742.3259,673144.9615,books,Donald Ferrier,Class 1,Class 1,Class 1,Class 1,18 TEVIOT PLACE,EH1 2QZ,7082
325733.2044,673142.9615,kitchenware,Kennedy,Class 1,Class 1,Class 3,Class 3,19-20 TEVIOT PLACE,EH1 2QZ,7083
331141.9582,672315.829600001,public house,The Brunstane,SUI GENERIS,SUI GENERIS, , , , ,7084
331205.2765,672277.5748,supermarket - large,Asda,Class 1,Class 1,Class 1,Class 1,100 THE JEWEL,EH15 3AR,7085
331200.6596,672292.085200001,mixed durable goods,Asda,Class 1,Class 1, , , , ,7086
331134.703,672265.043,craft materials,The Craft Shop,Class 2,Class 1, , , , ,7087
331155.1495,672245.9156,dry cleaner,Pullars,Class 1,Class 1, , , , ,7088
325541.8622,673519.7391,taxi office,Radio Cabs,Class 4,Class 4,Class 2,Class 2,5 UPPER BOW,EH1 2JN,7089
325006.2492,672704.505000001,carpets,Carpet Mill,Class 1,Class 1, ,Class 2,15 VALLEYFIELD STREET,EH3 9LP,7090
324966.2463,672723.7465,vacant, ,Vacant,Vacant,Class 10,Class 10, , ,7091
324974.7504,672724.2468,restaurant,Backstage Bistro,Class 3,Class 3,Class 3,Class 3,22 VALLEYFIELD STREET,EH3 9LR,7092
325528.8309,673468.507300001,ladies clothing,Long Tall Sally,Class 1,Class 1,Class 1,Class 1,1 VICTORIA STREET,EH1 2HE,7093
325538.1232,673473.338199999,restaurant,Bepe Vittoria,Class 3,Class 3,Class 3,Class 3,7 VICTORIA STREET,EH1 2HE,7094
325559.1232,673480.968699999,gifts & decorative goods / restaurant,Byzanthium / The Music Box,Class 3,Class 1,SUI GENERIS,SUI GENERIS, , ,7095
325550.9395,673477.753599999,public house,Finnegan's Wake,SUI GENERIS,SUI GENERIS,SUI GENERIS,SUI GENERIS, , ,7096
325585.4176,673507.215,books,Old Town Bookshop,Class 1,Class 1,Class 1,Class 1,8 VICTORIA STREET,EH1 2HG,7097
325580.7412,673507.215,restaurant,Pierre Victoire,Class 3,Class 3, , , , ,7098
325571.3885,673506.922700001,restaurant,Pierre Victoire,Class 1,Class 3, , , , ,7099
325566.1275,673506.338199999,decorative goods,Azteca,Class 1,Class 1,Class 3,Class 3,16 VICTORIA STREET,EH1 2HG,7100
325558.9227,673504.292300001,household goods,Ampersand,Class 1,Class 1,Class 1,Class 1,18 VICTORIA STREET,EH1 2HG,7101
325553.0773,673502.8309,clothing,Walker Slater,Vacant,Class 1,Class 1,Class 1,20 VICTORIA STREET,EH1 2HG,7102
325540.9978,673498.3528,ladies clothing,Kool,Class 1,Class 1, , , , ,7103
325536.6137,673496.599099999,clothing,Wacky Enterprises,Class 1,Class 1, , , , ,7104
325532.2296,673494.8455,ladies clothing,Katwalk,Class 1,Class 1,Class 1,Class 1,26 VICTORIA STREET,EH1 2JW,7105
325528.7223,673493.091800001,clothing,Cocoon Coats,Class 1,Class 1,Class 1,Class 1,28 VICTORIA STREET,EH1 2JW,7106
325525.215,673491.0459,restaurant,The Grain Store,Class 1,Class 3,Class 3,Class 3,30 VICTORIA STREET,EH1 2JW,7107
325521.1232,673488.707699999,cheesemonger,The Grain Store,Class 3,Class 1,Class 1,Class 1,30A VICTORIA STREET,EH1 2JW,7108
325517.6159,673486.9541,delicatessen,The Auld Alliance,Class 1,Class 1,Class 1,Class 1,32 VICTORIA STREET,EH1 2JW,7109
325514.4009,673485.492699999,"leather goods, luggage",A.D. MacKenzie & Co.,Class 4,Class 1,Class 1,Class 3,34 VICTORIA STREET,EH1 2JW,7110
325511.4781,673483.7391,restaurant,Kinnells,Class 1,Class 3, , , , ,7111
325507.9708,673481.400900001,food take-away,Kinnells,Class 1,Class 1, , , , ,7112
331146.5752,672268.3408,shoes,Olivers,Class 1,Class 1,Class 1,Class 1,100/2 THE JEWEL,EH15 3AR,7113
331158.4474,672271.638699999,ice cream,Nardini's,Class 4,Class 1, , , , ,7114
331169.0004,672275.596100001,hairdresser,Hair Express,Class 1,Class 1,Class 1,Class 1,(100/5) THE JEWEL, ,7115
331164.3835,672289.446900001,hairdresser,Hair Express,Class 1,Class 1, , , , ,7116
331160.4261,672301.978700001,optician,Specsavers,Class 1,Class 1,Class 1,Class 1,100/6 THE JEWEL,EH15 3AR,7117
331156.4687,672315.829600001,chemist,Moss,Class 1,Class 1, , , , ,7118
331152.5113,672330.34,chemist,Moss,Class 1,Class 1, , , , ,7119
312800,678271,supermarket,Scotmid, ,Class 1,Class 1,Class 1,55 THE LOAN,EH30 9SD,7120
325067.0104,672027.7744,camera repairs,Cameratiks,Vacant,Class 1, , , , ,7121
325061.4028,672027.444499999,camera repairs,Cameratiks,Class 1,Class 1, , , , ,7122
324224.7429,672506.0,vacant, ,Vacant,Vacant, , , , ,7123
325281.5865,674116.522,restaurant,Henderson's Salad Bar,Class 3,Class 3,Class 1,UNKNOWN USE,25 THISTLE STREET,EH2 1DX,7124
325276.4135,674115.044,sandwich bar,Thistle Sandwich Bar,SUI GENERIS,Class 1,Vacant,Class 1,25A THISTLE STREET,EH2 1DX,7125
325246.1729,674106.9355,antiques,Pamela George Antiques,Class 1,Class 1,Class 1,Class 1,37 THISTLE STREET,EH2 1DY,7126
325238.4135,674104.349099999,public house,J.C.'s,SUI GENERIS,SUI GENERIS,SUI GENERIS,SUI GENERIS,39 THISTLE STREET,EH2 1DY,7127
325226.739,674101.044,sunbed studio,The Tanning Studio,Class 1,Class 11,Class 1,Class 1,41 THISTLE STREET,EH2 1DY,7128
325222.305,674099.9355,hot food take-away,J.B.'s Baked Potato Shop,Class 3,SUI GENERIS,Class 1,Class 1,45 THISTLE STREET,EH2 1DY,7129
325200.478,674094.044,antiques,Aldric Young,Class 1,Class 1,Vacant,Class 3,49A THISTLE STREET,EH2 1DY,7130
325192.0,674091.566,beauty parlour,Camargue,Class 1,Class 1,Class 1,Class 1,51 THISTLE STREET,EH2 1DY,7131
325187.1965,674090.088099999,public house,The World,SUI GENERIS,SUI GENERIS,SUI GENERIS,SUI GENERIS,55-59 THISTLE STREET,EH2 1DY,7132
325177.739,674087.522,antiques & gifts,Present Bygones,Class 2,Class 1,Class 1,Class 1,61 THISTLE STREET,EH2 1DY,7133
326094.511,676255.423,cafe,Bonita's,SUI GENERIS,Class 3,Class 3,Class 3,13 TRAFALGAR STREET,EH6 4DG,7134
326118.7749,676269.555,vacant, ,Class 1,Vacant, ,UNKNOWN USE,20 TRAFALGAR STREET,EH6 4DF,7135
324850.738,676998.6457,electrical engineers,D.H. Morris & Co. (Edin.) Ltd.,Class 4,Class 4,Class 4,Class 4,2 TRINITY CRESCENT,EH5 3ED,7136
324953.8229,676966.9926,cornices & mouldings,White Harmony,Class 4,Class 4, , , , ,7137
324958.5035,676967.0494,cornices & mouldings,White Harmony,Class 4,Class 4, , , , ,7138
324968.2269,676967.092,vacant, ,Class 4,Vacant, , , , ,7139
324964.1485,676967.1061,cornices & mouldings,White Harmony,Class 4,Class 4, , , , ,7140
324972.4536,676967.092,residential, ,Class 4,Class 9, , , , ,7141
325926.7999,674046.199999999,"miniature dolls, houses & furniture",Ibsen's, ,Class 1,Class 2,Vacant, , ,7142
325941.4,674050.4001,bank,National Bank of Pakistan,Class 2,Class 2,Class 1,Vacant, , ,7143
326068.1998,674089.199999999,restaurant & bar,Cafe 1812 / Oyster Bar,SUI GENERIS,Class 3,Class 3,Class 3,29A WATERLOO PLACE,EH1 3BQ,7144
323971.8143,672426.4428,sports equipment,Edinburgh Diving Centre Ltd.,Class 1,Class 1,Class 1,Class 1,1 WATSON CRESCENT,EH11 1HD,7145
323967.2786,672423.2678,vacant, ,Class 4,Vacant, , , , ,7146
323963.1965,672421.0,residential, ,Class 2,Class 9, , , , ,7147
323963.3499,672454.535700001,residential, ,Class 4,Class 9, , , , ,7148
323966.0713,672448.185699999,car seat upholsterer,Jim Kelly,Class 4,Class 1,Class 1,Class 9, , ,7149
323902.6393,672409.6501,surveyors,Williams MacDonald & Hastings,Class 4,Class 4, , , , ,7150
323860.9071,672382.2786,grocer,Iain Thom,Class 1,Class 1, , , , ,7151
323729.4471,672275.464299999,grocer & n/t/c,V.K. Sharma,Class 1,Class 1,Class 1,Class 1,44 WATSON CRESCENT,EH11 1ET,7152
329375.7237,671692.991,vacant, ,Class 1,Vacant,Vacant,Demolished, , ,7153
329377.6246,671700.594599999,vacant, ,Class 1,Vacant,Vacant,Demolished, , ,7154
329375.3964,671684.960999999,grocer,Aqqa Stores (G.H. Gojar),Class 1,Class 1, , , , ,7155
329392.5045,671695.7327,vacant, ,Vacant,Vacant, , , , ,7156
325684.2745,673914.228399999,wine bar,Under The Edge,SUI GENERIS,SUI GENERIS,Class 1, , , ,7157
325730.2804,673935.8463,books,Tourist Information,Class 1,Class 1,Class 3, , , ,7158
325745.2469,673939.821699999,books,Tourist Information,Class 2,Class 1, , , , ,7159
325757.3385,673939.750600001,office,Tourist Information,Class 2,Class 4,Class 1, , , ,7160
325779.623,673952.2158,nuts,The Nut Company,Class 1,Class 1, , , , ,7161
325780.5584,673948.7081,gifts,Glass Design / We Three and Ceramics 2,Class 1,Class 1, , , , ,7162
325781.4938,673945.4342,gifts,Tannery Mill / Alison Drawings,Class 1,Class 1, , , , ,7163
325782.1954,673942.628,gifts,Scotland in Miniature,Class 1,Class 1, , , , ,7164
325783.1308,673939.5879,gifts,Hall of Names,Class 1,Class 1, , , , ,7165
325784.0662,673937.0155,gifts,The Moggie Shop,Class 1,Class 1, , , , ,7166
325785.0016,673934.2093,gifts,Limelight,Class 1,Class 1, , , , ,7167
325683.0425,673919.4767,vacant, ,Vacant,Vacant, , , , ,7168
325681.8733,673924.387599999,vacant, ,Class 1,Vacant, , , , ,7169
325683.3565,673933.4121,ladies clothing,Zazou,Vacant,Class 1,Class 1, , , ,7170
325681.9133,673929.2674,specialist whisky merchant,The Whisky Shop,Class 1,Class 1,Class 1, , , ,7171
325690.3565,673938.1537,ladies clothing,X S,Class 1,Class 1,Class 1, , , ,7172
325694.8888,673939.686000001,ladies clothing,Oasis,Class 1,Class 1,Class 1, , , ,7173
325709.4767,673943.7261,photo processing,Focal Point,Class 1,Class 1,Class 1, , , ,7174
325705.9289,673942.8553,office equipment,Stampers,Vacant,Class 2,Class 1, , , ,7175
325717.009,673945.959899999,ladies clothing,Bay Trading Co.,Class 1,Class 1,Class 1, , , ,7176
325724.0736,673947.7261,kitchenware,Ross Cookshop,Class 1,Class 1,Class 1, , , ,7177
325730.1382,673949.1938,greeting cards & gifts,Strand Cards,Class 1,Class 1,Class 1, , , ,7178
325776.3491,673962.037599999,restaurant,Cafe Rioz,Class 3,Class 3, , , , ,7179
325781.1292,673946.7817,fast food restaurant,Cody's Burgers,SUI GENERIS,Class 3,SUI GENERIS, , , ,7180
325784.637,673935.676999999,restaurant,Pizza Connection,SUI GENERIS,Class 3,Vacant, , , ,7181
325768.8659,673926.024499999,toilets, ,SUI GENERIS,Class 1, , , , ,7182
325780.5584,673924.387599999,sandwich bar,Sandwich Story,SUI GENERIS,Class 1, , , , ,7183
324975.8926,676967.1061,cornices & mouldings,White Harmony,Vacant,Class 4, , , , ,7184
324955.0922,676996.0922,public house,Old Chain Pier,SUI GENERIS,SUI GENERIS,SUI GENERIS,SUI GENERIS,32 TRINITY CRESCENT,EH5 3ED,7185
317960,672788,model toys,Marionville Models,Class 1,Class 1,Class 1,Class 1,42 TURNHOUSE ROAD,EH12 8LX,7186
326057.6679,674439.1985,restaurant,Giuliano's,Vacant,Class 3,Class 3,Class 3,18 UNION PLACE,EH1 3NQ,7187
326061.6354,674444.8664,hot food take-away,East Ender Fish & Chips,Vacant,SUI GENERIS, , , , ,7188
326065.4007,674450.032500001,restaurant,Abid Balti House,Class 3,Class 3,Class 3,Class 3,20 UNION PLACE,EH1 3NQ,7189
326068.8015,674454.5668,restaurant (Italian),Al Fresco,Class 3,Class 3,Class 3,Class 3,21-22 UNION PLACE,EH1 3NQ,7190
326075.3682,674463.732799999,restaurant (Indian),Shezan Tandoori,Vacant,Class 3,Class 3,Class 3,24-25 UNION PLACE,EH1 3NQ,7191
326083.4007,674496.3971,restaurant kitchen,Ferri's,Class 3,Class 3, , , , ,7192
326078.2996,674503.1985,restaurant,Cafe Yatra,Class 3,Class 3,Class 3,Class 3,5A(BF1) UNION STREET,EH1 3LT,7193
326066.935,674476.166099999,hairdresser,EGG Hairdressing,Class 1,Class 1,Class 1,Class 1,4 UNION STREET,EH1 3LU,7194
326063.5343,674480.1336,restaurant,Pierre Victoire,Class 3,Class 3, , , , ,7195
325531.0773,673527.9541,souvenirs,All Things Scottish,Vacant,Class 1,Class 1,Class 1,2 UPPER BOW,EH1 2JN,7196
325533.3236,673524.661800001,financial services - insurance,Radio Cabs Insurance Services,Vacant,Class 2,Class 1,Class 1,3 UPPER BOW,EH1 2JN,7197
325504.1713,673479.0627,brushes,Robert Cresser,Class 1,Class 1,Vacant,Class 1,40 VICTORIA STREET,EH1 2JW,7198
325497.1378,673474.3069,fancy goods,Rolling Stone,Class 1,Class 1,Class 1,Class 1,42 VICTORIA STREET,EH1 2JW,7199
325493.3382,673471.384099999,clothing,Spirit of the Andes,Class 1,Class 1,Class 1,Class 4,44 VICTORIA STREET,EH1 2JW,7200
325491.2923,673468.1691,clothing,Pine and Old Lace,Class 1,Class 1,Class 1,Class 3,46 VICTORIA STREET,EH1 2JW,7201
325529.3301,673498.4614,office,Victoria Masonic Regalia,Class 4,Class 4,Class 1,Class 1,9 VICTORIA TERRACE,EH1 2JL,7202
325465.3221,673452.282,cafe,City Youth Cafe,Class 3,Class 3,Class 2,Class 2,15-16 VICTORIA TERRACE,EH1 2JL,7203
324633.6024,672187.1445,restaurant,Parrots,Class 1,Class 3, , , , ,7204
324630.1325,672191.4276,restaurant,Parrots,Vacant,Class 3, , , , ,7205
324444.2678,672421.2678,vacant, ,Class 4,Vacant, , , , ,7206
325697.57,673833.8309,public house & bistro,Acanthus, ,SUI GENERIS,SUI GENERIS,Class 3,17 WAVERLEY BRIDGE,EH1 1BQ,7207
325852.3207,673892.0305,public house,Talisman Bar (BR),SUI GENERIS,SUI GENERIS,SUI GENERIS,SUI GENERIS,4(01) WAVERLEY BRIDGE,EH1 1BQ,7208
325792,673854,n/t/c,John Menzies (BR),Class 1,Class 1, , , , ,7209
325792,673854,take-away food,Quick Snack (BR),SUI GENERIS,Class 1, , , , ,7210
325792,673854,take-away food,Quick Snack (BR),SUI GENERIS,Class 1, , , , ,7211
325792,673854,public house & cafe,Cafe Select (BR),SUI GENERIS,SUI GENERIS, , , , ,7212
325792,673854,hot food take-away,Pizza Hut (BR),SUI GENERIS,SUI GENERIS, , , , ,7213
325792,673854,hot food take-away,Upper Crust (BR),SUI GENERIS,SUI GENERIS, , , , ,7214
324441.5464,672424.896400001,grocer & n/t/c,D.A. Cleaver,Class 1,Class 1,Class 1,Class 1,67 VIEWFORTH,EH10 4LQ,7215
324438.825,672428.978499999,"camera repairs, accessories",Pentland Camera Components,Vacant,Class 1,Class 1,Class 1,69 VIEWFORTH,EH10 4LQ,7216
324647.9848,672201.1932,vacant, ,Vacant,Vacant, , , , ,7217
324644.1415,672207.3443,"coffee shop, bakery & food take-away",The Brass Rail,Class 1,Class 3, , , , ,7218
324638.9116,672213.7249,vacant, ,Class 1,Vacant,Class 2,Class 4,10 VIEWFORTH,EH10 4JF,7219
324597.073,672268.881200001,building contractor,Walter M. Gilfillan,Class 2,Class 4,Class 4,Class 3,24 VIEWFORTH,EH10 4JG,7220
324696.4547,672250.479499999,advice centre,Keep on Track,Class 1,Class 2,Class 1,Class 1,1 VIEWFORTH GARDENS,EH10 4ET,7221
324694.4436,672252.643100001,hairdresser,Coda,Class 1,Class 1,Class 1,SUI GENERIS,3 VIEWFORTH GARDENS,EH10 4ET,7222
324434.2894,672424.896400001,car hire,Dunedin Private Car Hire,Class 4,SUI GENERIS, , , , ,7223
328022.3016,670511.2589,betting shop,Laidlaws,Class 2,Class 2, , , , ,7224
328008.9501,670502.5178,grocer,Fair Price,Class 1,Class 1,Class 1,Class 1,68-70 WALTER SCOTT AVENUE,EH16 5RL,7225
327997.7055,670494.9858,hot food take-away,Lychee Garden,Class 1,SUI GENERIS,SUI GENERIS,SUI GENERIS,72 WALTER SCOTT AVENUE,EH16 5RL,7226
328002.9929,670498.2589,hot food take-away,International,Vacant,SUI GENERIS,SUI GENERIS,SUI GENERIS,74 WALTER SCOTT AVENUE,EH16 5RL,7227
327994.0641,670492.251800001,fishmonger & poulterer,n/a,Class 1,Class 1,Class 11,Class 11,78 WALTER SCOTT AVENUE,EH16 5RL,7228
327989.0285,670488.978599999,post office,Inch Post Office,Class 1,Class 1,Class 1,Class 1,80 WALTER SCOTT AVENUE,EH16 5RL,7229
327983.5392,670484.748199999,vacant, ,Class 1,Vacant,Class 1,Class 3,82 WALTER SCOTT AVENUE,EH16 5RL,7230
327978.5036,670481.223300001,hairdresser,Just Joyce's,Vacant,Class 1,Class 1,Class 1,84 WALTER SCOTT AVENUE,EH16 5RL,7231
327973.7197,670477.6984,n/t/c,KY Newsagents,Class 1,Class 1,Class 1,Vacant,86 WALTER SCOTT AVENUE,EH16 5RL,7232
327968.9359,670474.676999999,solicitors & estate agents,Dickson Smith,Class 2,Class 2,Class 1,SUI GENERIS,88 WALTER SCOTT AVENUE,EH16 5RL,7233
327957.2732,670467.0,hot food take-away,Fish & Chicken Bar,SUI GENERIS,SUI GENERIS,SUI GENERIS,SUI GENERIS,90 WALTER SCOTT AVENUE,EH16 5RL,7234
327962.8123,670470.524900001,baker,R.H. Jackson,Vacant,Class 1,Vacant,Class 2,90A WALTER SCOTT AVENUE,EH16 5RL,7235
327950.0,670461.805199999,supermarket,Scotmid,Class 1,Class 1,Class 1,Class 1,94-98 WALTER SCOTT AVENUE,EH16 5RL,7236
327938.0142,670454.237500001,chemist,Inch Pharmacy,Vacant,Class 1, , , , ,7237
327933.4822,670451.2162,local authority housing office,City of Edinburgh Council,Class 4,Class 2, , , , ,7238
323761.184,676584.184,baker,Cullen,Class 1,Class 1,Vacant,Vacant,2 WARDIEBURN DRIVE,EH5 1BU,7239
323760.3888,676590.2048,hot food take-away (Chinese),No. One Cantonese,SUI GENERIS,SUI GENERIS,Vacant,SUI GENERIS,6 WARDIEBURN DRIVE,EH5 1BU,7240
323759.3888,676594.8576,grocer,Shaukat Ali,Class 1,Class 1,Class 1,Vacant,8 WARDIEBURN DRIVE,EH5 1BU,7241
323758.4096,676599.510399999,industrial fixings,Bolton Fixings,Class 1,Class 4, , , , ,7242
323757.4305,676603.8576,vacant, ,Class 1,Vacant, ,Class 2,10-12 WARDIEBURN DRIVE,EH5 1BU,7243
323019.777,672270.7764,residential, ,Vacant,Class 9, , , , ,7244
323023.043,672266.7018,residential, ,Vacant,Class 9, , , , ,7245
323131.1169,672121.4608,residential, ,Class 1,Class 9, , , , ,7246
322997.9255,672264.0,hairdresser (gents),The Real McCoy,Vacant,Class 1,Class 1,Class 1,2 WARDLAW PLACE,EH11 1UB,7247
323001,672260,hot food take-away,C Star Fish Bar,SUI GENERIS,SUI GENERIS,SUI GENERIS,SUI GENERIS,4 WARDLAW PLACE,EH11 1UB,7248
323086.6064,672295.883099999,thermal insulation engineers,Capital Insulation Services,Class 4,Class 4, , , , ,7249
323064.6488,672290.127599999,office ?, ,Class 1,Class 4,residential,residential, , ,7250
323137.2338,672132.7662,residential, ,Vacant,Class 9, , , , ,7251
325473.1082,672352.476,wine merchant,Peter Green & Co.,Class 1,Class 1,Class 1,Class 1,37A-37B WARRENDER PARK ROAD,EH9 1HJ,7252
325436.2644,672359.420700001,hairdresser,Odyssey,Class 1,Class 1,Class 1,Class 1,39 WARRENDER PARK ROAD,EH9 1EU,7253
325432.0025,672360.367799999,baker,Marchmont Bakery,Class 1,Class 1, , , , ,7254
325424.4256,672361.3149,solicitors & estate agents,Currie Gilmour & Co.,Class 2,Class 2, , , , ,7255
325295.2091,672363.2116,paints,Ian Russell Paints,Class 1,Class 1,Class 1,Class 1,71 WARRENDER PARK ROAD,EH9 1ES,7256
325290.0,672362.738,post office,Warrender Park Sub Post Office,Class 1,Class 1,Class 1,Class 1,73 WARRENDER PARK ROAD,EH9 1ES,7257
325283.8438,672361.843800001,grocer,Margiotta,Class 1,Class 1,Class 1,Class 1,77 WARRENDER PARK ROAD,EH9 1ES,7258
324981.7413,672247.8148,architect,James Clydesdale,Class 1,Class 4, , , , ,7259
324978.0372,672246.148,office,Tyneholm Nursing Home,Class 1,Class 4, , , , ,7260
324970.0735,672242.814300001,outdoor equipment,S.Y.H.A.,Class 1,Class 1,Class 4,Class 4,161 WARRENDER PARK ROAD,EH9 1DT,7261
325667.9975,672301.894200001,vacant, ,Class 1,Vacant,Class 1,Class 1,2 WARRENDER PARK ROAD,EH9 1JQ,7262
325661.8413,672301.894200001,vacant, ,Class 4,Vacant,Vacant,Class 4,4 WARRENDER PARK ROAD,EH9 1JQ,7263
325655.6851,672301.894200001,hardware,Marchmont Hardware,Class 1,Class 1,Class 1,Class 1,8 WARRENDER PARK ROAD,EH9 1JQ,7264
325591.8413,672301.682700001,n/t/c,Marchmont Newsmarket,Class 1,Class 1,Class 1,Class 1,26 WARRENDER PARK ROAD,EH9 1JG,7265
325586.1587,672302.156199999,grocer,The Pasta Shop,Class 1,Class 1,SUI GENERIS,SUI GENERIS,28 WARRENDER PARK ROAD,EH9 1JG,7266
325546.9975,672306.367799999,kitchen furniture & fittings,Moben Fitted Kitchens,Class 4,Class 1, , , , ,7267
325536.1058,672308.7356,grocer,Scotmid,Class 1,Class 1, , , , ,7268
325488.3678,672319.5769,art gallery,Meadows Lamp Gallery,Class 2,Class 1,Class 1,Class 1,48 WARRENDER PARK ROAD,EH9 1HH,7269
325482.6851,672320.524,bank,Bank of Scotland,Class 2,Class 2,Class 2,Class 2,52-54 WARRENDER PARK ROAD,EH9 1HH,7270
325442.3678,672325.471100001,building society,North Granite Ltd.,Class 2,Class 2,Class 1,Class 1,56 WARRENDER PARK ROAD,EH9 1EX,7271
325438.5793,672326.418199999,grocer,n/a,Class 1,Class 1,Class 1,Vacant,58 WARRENDER PARK ROAD,EH9 1EX,7272
325434.3173,672326.891799999,butcher & poulterer,A.F. Cuthill,Class 1,Class 1,Class 1,Vacant,60 WARRENDER PARK ROAD,EH9 1EX,7273
325176.3949,675105.9571,restaurant & hot food take-away,Loon Fung,Class 4,Class 3, , , , ,7274
325172.5343,675109.9747,restaurant & hot food take-away,Loon Fung,Class 3,Class 3, , , , ,7275
325169.8762,675112.3694,hairdresser,Bonnie & Clyde,Class 1,Class 1,Vacant,Vacant,4 WARRISTON PLACE,EH3 5LE,7276
325456.9739,675478.129699999,d.i.y. & garden centre,B & Q,Class 1,Class 1,Class 1,Class 1,(13) WARRISTON ROAD,EH7 4HL,7277
327100.3148,676306.736099999,decorators,Nevin Decorators,Vacant,Class 4, , , , ,7278
325897.0,674038.200099999,"delicatessen, bakery & cafe",Delifrance,Class 2,Class 1,Class 3,Class 3,1 WATERLOO PLACE,EH1 3BG,7279
325909.3999,674041.4001,public house,Waterloo Buffet,SUI GENERIS,SUI GENERIS,SUI GENERIS,SUI GENERIS,5-7 WATERLOO PLACE,EH1 3BG,7280
325919.2,674044.200099999,restaurant (Indian),K & A,Class 1,Class 3,Class 1,Class 1,9 WATERLOO PLACE,EH1 3BG,7281
325775.3941,673923.104699999,hot food take-away,Sea Fresh,SUI GENERIS,SUI GENERIS,Class 1, , , ,7282
325769.7972,673921.741599999,hot food take-away,Spud U Like,SUI GENERIS,SUI GENERIS,SUI GENERIS, , , ,7283
325758.354,673927.184800001,hot food take-away,The Scot's Pantry,SUI GENERIS,SUI GENERIS,Vacant, , , ,7284
325764.8773,673929.5233,ice cream,Coney Island,SUI GENERIS,Class 1,Class 1, , , ,7285
325767.619,673930.2984,food take-away,Eggs and Things,SUI GENERIS,Class 1,Vacant, , , ,7286
325768.2559,673928.1537,confectioner,Box of Delights,Class 1,Class 1,Vacant, , , ,7287
325760.7081,673928.009,coffee shop,The Coffee Stop,SUI GENERIS,Class 3,Class 3, , , ,7288
325739.8062,673915.953400001,confectioner,Maxwell & Kennedy,Class 1,Class 1,Class 1, , , ,7289
325724.0491,673912.316500001,jeweller,Harlequin,Class 1,Class 1,Class 2, , , ,7290
325712.9043,673908.695,clothing,T-Shirt Print,Class 1,Class 1,Class 1, , , ,7291
325693.3009,673903.944399999,sports equipment & clothing,Sporting Times,Vacant,Class 1,Class 1, , , ,7292
325707.5969,673907.316500001,sports equipment & clothing,Sporting Times,Class 1,Class 1, , , , ,7293
325700.5814,673905.9133,lingerie,Intimate Collection,Class 1,Class 1, , , , ,7294
325696.6059,673904.9779,ladies clothing,Xile Clothing,Class 1,Class 1, , , , ,7295
325690.7596,673903.341,gents clothing,Xile Clothing,Class 1,Class 1, , , , ,7296
325675.1292,673929.2739,books & stationery,James Thin,Class 1,Class 1,Class 1, , , ,7297
325675.8553,673933.0646,mens clothing,The Officers Club,Class 1,Class 1,Class 1, , , ,7298
325680.4767,673940.363,gifts and educational toys,The Natural World,Class 1,Class 1,Class 1, , , ,7299
325688.9444,673943.467700001,ladies clothing,Country Casuals,Class 1,Class 1,Class 1, , , ,7300
325692.695,673944.363,knitwear,Highland Home Industries (Edinburgh Woollen Mill),Class 1,Class 1,Class 1, , , ,7301
325700.2674,673946.363,shoes,Jones Bootmakers,Class 1,Class 1,Class 1, , , ,7302
325707.9043,673948.4922,ladies clothing,Jeffrey Rogers,Class 1,Class 1,Class 1, , , ,7303
325719.1137,673951.7261,ladies clothing,Morgan,Class 1,Class 1,Class 1, , , ,7304
325723.8242,673952.959899999,ladies clothing,Warehouse,Vacant,Class 1,Class 1, , , ,7305
325734.3475,673955.830700001,ladies clothing,Mondi,Class 1,Class 1,Class 1, , , ,7306
325745.3876,673958.9354,toiletries & cosmetics,The Body Shop,Class 1,Class 1,Class 1, , , ,7307
325756.8307,673962.040100001,books,Bookworld,Class 1,Class 1,Class 1, , , ,7308
325769.0646,673965.338500001,sports clothing,United Sports Corporation,Class 1,Class 1,Class 1, , , ,7309
325787.8618,673921.380999999,"records, tapes, cds",Coda Music,Class 1,Class 1,Vacant, , , ,7310
325781.7277,673919.7106,"records, tapes, cds",Coda Music,Class 4,Class 1, , , , ,7311
325775.1292,673918.033500001,ski equipment & clothing,Ski Shop,Class 1,Class 1,Vacant, , , ,7312
325757.9444,673913.2829,hairdresser,Steiner,Vacant,Class 1,Class 1, , , ,7313
325751.4121,673911.750600001,gifts,Things Oriental,Class 1,Class 1,Class 1, , , ,7314
325745.8798,673910.686000001,jeweller,Ringmaker,Vacant,Class 1,Vacant, , , ,7315
325740.7752,673909.1537,clothing,Tie Rack,Class 1,Class 1,Class 1, , , ,7316
325736.1267,673908.017999999,vacant, ,Class 1,Vacant, , , , ,7317
325726.5388,673905.679500001,vacant, ,Vacant,Vacant, , , , ,7318
325716.7171,673903.341,shoes,Slipper Shop,Vacant,Class 1, , , , ,7319
325719.5233,673904.0425,fitness equipment,Nordic Track,Vacant,Class 1, , , , ,7320
325704.7907,673900.300899999,ladies clothing,United Colors of Benetton,Class 1,Class 1, , , , ,7321
325689.1227,673896.3255,skeepskin clothing,Proudfoot,Class 1,Class 1, , , , ,7322
325680.4702,673894.220799999,artists supplies & stationery,Ink Spot,Vacant,Class 1, , , , ,7323
325726.6615,673931.403100001,jeweller,Ortak,Class 1,Class 1,Class 1, , , ,7324
325746.354,673936.8708,sports clothing,No Sweat,Class 1,Class 1,Class 1, , , ,7325
325736.646,673934.1292,greeting cards & gifts,Playfair,Vacant,Class 1,Class 1, , , ,7326
325719.7571,673932.5724,vacant, ,Class 3,Vacant, , , , ,7327
325785.4693,673931.637,cafe,Cafe Vienna,Class 1,Class 3, , , , ,7328
325786.4047,673929.0646,cafe,Cafe Vienna,Class 1,Class 3, , , , ,7329
325864,673883,hot food take-away,Burger King,SUI GENERIS,SUI GENERIS,SUI GENERIS,SUI GENERIS, , ,7330
325838.4122,673854.6413,vacant, ,SUI GENERIS,Vacant,Class 1, , , ,7331
325822.9165,673908.374199999,florist,The Flower Shop (BR),Class 1,Class 1,Class 1,SUI GENERIS,4(52) WAVERLEY BRIDGE,EH1 1BQ,7332
325840.3282,673912.4427,bureau de change,unknown,Class 2,Class 2,Class 2, , , ,7333
325854.2902,673915.7634,travel agent,Guide Friday (BR),Class 1,Class 1,Class 1, , , ,7334
325828.6793,673909.6183,vacant, ,Class 1,Vacant,Class 1, , , ,7335
325792,673854,vacant, ,Vacant,Vacant, , , , ,7336
325792,673854,vacant, ,Vacant,Vacant, , , , ,7337
325792,673854,vacant, ,Vacant,Vacant, , , , ,7338
325792,673854,vacant, ,Vacant,Vacant, , , , ,7339
325952.1573,673884.610300001,vacant, ,Vacant,Vacant,SUI GENERIS,SUI GENERIS,4(60) WAVERLEY BRIDGE,EH1 1BQ,7340
325841.4122,673843.6108,vacant, ,Vacant,Vacant,Class 1, , , ,7341
325831.4963,673881.2366,vacant, ,Class 1,Vacant,Class 1, , , ,7342
327246,674149,demolished, ,Vacant,Demolished, , , , ,7343
327244.4716,674145.867900001,demolished, ,Vacant,Demolished, , , , ,7344
327223.3568,674105.907400001,roofing contractors,J. Taylor,Vacant,Class 4, , , , ,7345
325795.7031,673948.722899999,travel agent,Thomas Cook,Class 1,Class 1,Class 1,Vacant,1 WAVERLEY STEPS,EH2 2EH,7346
325796.5128,673945.6654,hairdresser,Hans Douglas,Class 1,Class 1, , , , ,7347
325798.2529,673939.1413,florist,Clare Florist,Class 1,Class 1, , , , ,7348
325799.3497,673935.4432,shoe repairs / key cutting,Master Cobbler,Class 1,Class 1,Class 1,Vacant,7 WAVERLEY STEPS,EH2 2EH,7349
327217.477,676047.523,camping & outdoor equipment & clothing,Tiso,Class 1,Class 1, , , , ,7350
324806,674084,ski equipment & clothing,Blues,Class 1,Class 1, , , , ,7351
325855.4914,675063.474199999,residential, ,Vacant,Class 9, , , , ,7352
325780.5086,675132.295600001,sauna & private club,Scruples,Class 1,Class 11, , , , ,7353
325776.2475,675134.0,n/a, ,Class 4,UNKNOWN USE, ,Class 4,"30 ANNANDALE STREET, WEST",EH7 4JY,7354
325489.0957,673461.259400001,jeweller,Clarkson,Class 1,Class 1,Class 1,Class 1,87 WEST BOW,EH1 2JP,7355
325488.215,673456.5845,pottery,Griselda Hill,Class 1,Class 1,Class 1,Class 1,89 WEST BOW,EH1 2JP,7356
325488.215,673451.615900001,glassware,Tweedsmuir Glass,Vacant,Class 1,Class 1,Class 1,93 WEST BOW,EH1 2JP,7357
325487.3382,673444.5386,antiques,Bacchus,Class 1,Class 1,Class 1,Class 1,95 WEST BOW,EH1 2JP,7358
325486.7996,673438.4155,"jokes, novelties & fancy goods",Jokeshop,Class 1,Class 1,Class 1,Class 1,99 WEST BOW,EH1 2JP,7359
325482.7996,673421.985400001,antiques,Bow Well,Class 1,Class 1, , , , ,7360
325523.1232,673466.0,public house,The Bow Bar,SUI GENERIS,SUI GENERIS,SUI GENERIS,SUI GENERIS,80 WEST BOW,EH1 2HH,7361
325517.3841,673464.215,fancy goods,Round the World,Class 1,Class 1,Class 2,Class 1,82 WEST BOW,EH1 2HH,7362
325514.1691,673463.0459,fancy goods,Early Technology,Class 1,Class 1,Class 1,Class 1,84 WEST BOW,EH1 2HH,7363
325510.9541,673461.5845,fancy goods,Rana,Class 3,Class 1, , , , ,7364
325505.1086,673457.492699999,fancy goods,Rana,Class 1,Class 1, , , , ,7365
325506.3695,673451.246400001,ladies clothing (larger sizes),Big Ideas,Class 1,Class 1,Class 1,Class 1,96 WEST BOW,EH1 2HH,7366
325508.3236,673443.753599999,stationery,Loco,Class 1,Class 1,Class 1,Vacant,98 WEST BOW,EH1 2HH,7367
325510.9541,673438.2004,"records, tapes, cds",The Music Shop,Class 1,Class 1,Class 1,Class 1,102 WEST BOW,EH1 2HH,7368
325515.4927,673430.5386,"clothing, badges etc.",Rock Sensations,Vacant,Class 1,Class 1,Class 1,108 WEST BOW,EH1 2HH,7369
325521.0773,673423.661800001,restaurant,Hafiz,Vacant,Class 3,Class 3,Class 3,110 WEST BOW,EH1 2HH,7370
325524.9876,673416.3695,ladies clothing (larger sizes),Big Ideas,Class 1,Class 1,Class 1,Class 1,116 WEST BOW,EH1 2HH,7371
325527.9103,673413.1545,books,Cooks Bookshop,Class 1,Class 1,Class 4,Class 3,118 WEST BOW,EH1 2HH,7372
326115.2318,672937.8455,antiques,Annilee Antiques,Vacant,Class 1, , , , ,7373
326125.4614,672934.0459,"antiques, old telephones",Now & Then Antiques,Class 1,Class 1, , , , ,7374
326133.9541,672934.1691,vacant, ,Class 1,Vacant,Class 1,Class 1,"11 CROSSCAUSEWAY, WEST",EH8 9JW,7375
326137.7536,672934.1691,"records, tapes, cds",Resurrection Records,Class 1,Class 1, ,SUI GENERIS,"13 CROSSCAUSEWAY, WEST",EH8 9JW,7376
326141.5532,672933.876800001,vacant, ,Class 4,Vacant,Vacant,Vacant,"17 CROSSCAUSEWAY, WEST",EH8 9JW,7377
326201.1378,672933.753599999,solicitors,Leslie Deans & Co.,Class 1,Class 2, , , , ,7378
326074.6764,672971.3695,"second-hand furniture, bric-a-brac",n/a,Class 1,Class 1,SUI GENERIS,SUI GENERIS,"2 CROSSCAUSEWAY, WEST",EH8 9JP,7379
326143.1691,672953.031300001,residential, ,Class 4,Class 9, , , , ,7380
326145.7996,672953.031300001,plumbers & gasfitters,D. Smith & Sons,Class 4,Class 4, , , , ,7381
326151.7077,672952.785,musical instruments,Scayles Music,Class 1,Class 1,Vacant,Class 1,"40-42 CROSSCAUSEWAY, WEST",EH8 9JP,7382
326161.9957,672952.0627,public house,Green Mantle,SUI GENERIS,SUI GENERIS,SUI GENERIS,SUI GENERIS,"44 CROSSCAUSEWAY, WEST",EH8 9JP,7383
321939.3574,676399.129699999,demolished, ,Class 1,Demolished, , , , ,7384
321937.098,676398.645500001,demolished, ,Class 1,Demolished, , , , ,7385
321934.6772,676398.0,demolished, ,Class 1,Demolished, , , , ,7386
321932.4178,676397.515799999,demolished, ,Vacant,Demolished, , , , ,7387
323232,676860,grocer,Granton Food & Wine,Class 1,Class 1,Class 1,Class 1,201-203 WEST GRANTON ROAD,EH5 1PD,7388
323222.1887,676857.193,grocer,West Granton Superstore,Class 1,Class 1,Class 1,Class 1,205 WEST GRANTON ROAD,EH5 1PD,7389
323217.5791,676855.3904,hot food take-away,Al Capone,Class 1,SUI GENERIS, , , , ,7390
323208.2105,676853.5704,chemist,Thomsons,Class 1,Class 1, , , , ,7391
323303.3904,677031.0044,glaziers,D. Wilson,Class 4,Class 4,Class 4,Class 4,68 WEST GRANTON ROAD,EH5 1HR,7392
323258.3599,676939.724099999,public house,Skippers,SUI GENERIS,SUI GENERIS,SUI GENERIS,SUI GENERIS,114 WEST GRANTON ROAD,EH5 1PF,7393
323253.0087,676925.9913,wine merchant,Haddows,Class 1,Class 1,SUI GENERIS,SUI GENERIS,116 WEST GRANTON ROAD,EH5 1PF,7394
323249.9782,676912.9826,hot food take-away,Jubilee,Class 1,SUI GENERIS, , , , ,7395
323245.5878,676905.7983,hot food take-away,Jubilee,SUI GENERIS,SUI GENERIS, , , , ,7396
323241.9956,676901.4078,betting shop,Ladbrokes,Class 2,Class 2,Class 2,Class 2,126 WEST GRANTON ROAD,EH5 1PF,7397
323238.0044,676898.2148,n/t/c,Farha,Class 1,Class 1,Class 1,Class 1,128 WEST GRANTON ROAD,EH5 1PF,7398
323234.0131,676894.2235,baker,Granton Bakery,Class 1,Class 1,Class 1,Class 1,132 WEST GRANTON ROAD,EH5 1PF,7399
323230.4209,676891.0305,advice centre,Granton Information Centre,Class 4,Class 2, ,Class 2,134-138 WEST GRANTON ROAD,EH5 1PE,7400
323226.0305,676888.2366,advice centre,Granton Information Centre,Class 2,Class 2, , , , ,7401
323220.6009,676885.2061,clothing,Watson,Class 1,Class 1, , , , ,7402
319776.1271,669894.0711,optician,J.G.S. Brown,Class 1,Class 1, , , , ,7403
319774.1767,669899.1423,building society,Halifax,Class 2,Class 2,Class 2,Class 2,18 WESTER HAILES CENTRE,EH14 2SW,7404
319770.2758,669910.0647,property managers,Highland & Universal Properties Ltd.,Class 1,Class 4,Class 1,Vacant,19 WESTER HAILES CENTRE,EH14 2SW,7405
319801.0927,669951.6338,photo booth,Photo-Me,Class 1,Class 2,Vacant,Vacant,20 WESTER HAILES CENTRE,EH14 2SW,7406
319772.8729,669943.653100001,frozen food,Iceland,Vacant,Class 1,Class 1,Class 1,20(A) WESTER HAILES CENTRE,EH14 2SW,7407
319807.7242,669933.299699999,vacant,(formerly J.T. Stewart fishmonger),Class 1,Vacant,Vacant,Vacant,21 WESTER HAILES CENTRE,EH14 2SW,7408
319805.3837,669939.9312,vacant, , ,Vacant, , , , ,7409
319803.0431,669946.172599999,charity shop,British Heart Foundation, ,Class 1, , , , ,7410
319815.916,669915.1359,"toiletries, confectionery etc.",Krackers,Class 1,Class 1, , , , ,7411
319823.3277,669896.6315,greengrocer,Patersons Fruit Fayre,Class 1,Class 1,Class 2,Class 2,25 WESTER HAILES CENTRE,EH14 2SW,7412
323212.7939,676883.2105,toiletries,El Mexicano,Vacant,Class 1,Class 1,Class 1,142 WEST GRANTON ROAD,EH5 1PE,7413
323207.193,676881.8113,hot food take-away (Chinese),The Dragon,SUI GENERIS,SUI GENERIS,SUI GENERIS,SUI GENERIS,144 WEST GRANTON ROAD,EH5 1PE,7414
323200.5965,676879.6052,fishmonger,Alison's Plaice,Class 1,Class 1,Class 1,Class 1,146 WEST GRANTON ROAD,EH5 1PE,7415
323196.1974,676878.2061,hairdresser,J. Brannan,Class 1,Class 1,Vacant,SUI GENERIS,148 WEST GRANTON ROAD,EH5 1PE,7416
323189.0044,676876.0087,videotape hire,Couch Potato,Class 11,Class 1,Class 11,Class 1,150-152 WEST GRANTON ROAD,EH5 1PE,7417
323092.4035,676905.1974,supermarket,Lidl, ,Class 1,Class 1,Class 1,160 WEST GRANTON ROAD,EH5 1PE,7418
323055.2846,676896.8157,frozen food,Iceland, ,Class 1,Class 1,Class 1,162 WEST GRANTON ROAD,EH5 1PE,7419
322770.6535,676732.5474,solicitors,John Rodgers,Class 2,Class 2, , , , ,7420
322766.0,676731.182499999,hot food take-away,Tea Junction,Class 1,SUI GENERIS,SUI GENERIS,Vacant,306 WEST GRANTON ROAD,EH5 1HY,7421
322709.5141,676759.211300001,vacant, ,Class 11,Vacant, , , , ,7422
322721.407,676713.902799999,"hardware, toys",Terry's,Class 1,Class 1,Class 1,Class 1,316 WEST GRANTON ROAD,EH5 1QN,7423
322713.8761,676711.0591,hot food take-away,Mario's,SUI GENERIS,SUI GENERIS,Vacant,Vacant,318 WEST GRANTON ROAD,EH5 1QN,7424
322709.9704,676709.5901,vacant, ,Class 1,Vacant,Vacant,Vacant,320 WEST GRANTON ROAD,EH5 1QN,7425
322705.1916,676707.6845,n/t/c,Nadeem,Class 1,Class 1,Vacant,Vacant,322 WEST GRANTON ROAD,EH5 1QN,7426
322701.2831,676705.9648,betting shop,Morrison,Class 1,Class 2,Class 2,Vacant,326 WEST GRANTON ROAD,EH5 1QN,7427
322695.5014,676704.026799999,hairdresser,Annette / Jim's,Class 1,Class 1,Class 1,Vacant,328 WEST GRANTON ROAD,EH5 1QN,7428
323596.5687,677338.8169,furniture,Landmark,Class 1,Class 1,Vacant,Class 1, , ,7429
323607.9216,677380.444499999,mixed durable goods,Poundstretcher,Class 1,Class 1,Class 1,Vacant, , ,7430
324198.0,673310.283399999,photocopying service,Copy Made,Class 4,Class 4,Class 4,Class 4,"3 MAITLAND STREET, WEST",EH12 5DS,7431
324195.4462,673307.364800001,records,Golden Oldies,Class 1,Class 1, , , , ,7432
324190.3517,673302.837200001,post office,West Maitland Street Post Office,Class 1,Class 1,Class 1,Class 1,"4A MAITLAND STREET, WEST",EH12 5DS,7433
324178.9869,673293.931700001,restaurant (Chinese),The Haymarket,Class 3,Class 3,Class 3,Class 3,"6A MAITLAND STREET, WEST",EH12 5DS,7434
324173.811,673290.837200001,hairdresser (gents),Speakeasy,Class 1,Class 1,Class 1,Class 1,"7 MAITLAND STREET, WEST",EH12 5DS,7435
324170.8924,673288.283399999,photo processing,Kodak Express,Class 1,Class 1,Class 1,Class 1,"7A MAITLAND STREET, WEST",EH12 5DS,7436
324165.9186,673285.755799999,restaurant,Asha Tandooria,Class 3,Class 3,Class 3,Class 3,"8 MAITLAND STREET, WEST",EH12 5DS,7437
324162.6352,673282.4724,greengrocer,Primavera Fruits,Vacant,Class 1,Vacant,Class 1,"8A MAITLAND STREET, WEST",EH12 5DS,7438
324158.9869,673279.5538,vacant, ,Class 1,Vacant,Class 1,Class 1,"9A MAITLAND STREET, WEST",EH12 5DS,7439
324154.2864,673276.119000001,vacant, ,Class 1,Vacant,Class 3,Class 3,"10 MAITLAND STREET, WEST",EH12 5DS,7440
324151.6052,673273.6415,sandwich bar & cafe,Kickshaws,Class 1,Class 3,Class 1,Vacant,"10A MAITLAND STREET, WEST",EH12 5DS,7441
324143.2311,673266.983100001,public house,Haymarket,SUI GENERIS,SUI GENERIS,SUI GENERIS,SUI GENERIS,"11A-14 MAITLAND STREET, WEST",EH12 5DS,7442
324125.9055,673293.703500001,take-away food,Silvagni's,Class 1,Class 1,Class 1,Class 1,"16 MAITLAND STREET, WEST",EH12 5EA,7443
324129.9186,673297.3517,"gifts, clothing",Hugh MacPherson,Class 1,Class 1,Vacant,Class 1,"17 MAITLAND STREET, WEST",EH12 5EA,7444
324133.5669,673299.9055,chemist,Glover's Homeopathic Pharmacy,Class 1,Class 1,Class 3,Class 1,"18 MAITLAND STREET, WEST",EH12 5EA,7445
324137.9738,673303.136600001,betting shop,William Hill,Class 2,Class 2, , , , ,7446
324143.0814,673307.149700001,betting shop,William Hill,Class 1,Class 2, , , , ,7447
324147.0945,673310.068299999,n/t/c & hairdresser,Gordon Marshall,Class 1,Class 1,Class 1,Class 1,"22 MAITLAND STREET, WEST",EH12 5EA,7448
324150.3779,673312.622099999,baker & food take-away,Lennox,Class 1,Class 1,Vacant,Class 2,"23 MAITLAND STREET, WEST",EH12 5EA,7449
324153.6613,673315.175899999,vacant, ,Class 1,Vacant,Class 1,Class 1,"24 MAITLAND STREET, WEST",EH12 5DX,7450
324161.4855,673320.8663,bank,T.S.B.,Class 2,Class 2,Class 2,Class 2,"25-26 MAITLAND STREET, WEST",EH12 5DX,7451
324170.0945,673326.8794,public house,West End Oyster Bar,SUI GENERIS,SUI GENERIS,SUI GENERIS,SUI GENERIS,"28 MAITLAND STREET, WEST",EH12 5DX,7452
324173.7427,673330.162799999,restaurant,West End Balti House,Class 1,Class 3,Class 3,Class 3,"29 MAITLAND STREET, WEST",EH12 5DX,7453
324186.3096,673340.270300001,bank,Bank of Scotland,Class 2,Class 2,Class 1,Class 1,"32 MAITLAND STREET, WEST",EH12 5DZ,7454
321066,668771,furniture,Shapes,Class 1,Class 1, , , , ,7455
326114.8768,673086.400900001,vacant, ,Vacant,Vacant, , , , ,7456
326090.1691,673063.246400001,"records, tapes, cds",Avalanche,Class 1,Class 1,Class 1,Class 1,"17 NICOLSON STREET, WEST",EH8 9DA,7457
326076.5532,673050.753599999,advice centre,Family Advice & Info. Resource (FAIR), ,Class 2, ,Class 2,"25-27 NICOLSON STREET, WEST",EH8 9DB,7458
326073.6305,673047.8309,hot food take-away & outside caterers,Picnic Basket,SUI GENERIS,SUI GENERIS,SUI GENERIS,SUI GENERIS,"31 NICOLSON STREET, WEST",EH8 9DB,7459
326070.1232,673045.2004,records & tapes,Record Exchange,Class 1,Class 1,Class 1,Class 3,"33 NICOLSON STREET, WEST",EH8 9DB,7460
326065.1378,673041.4614,gifts,Digger,Class 1,Class 1,Class 1,Class 1,"35 NICOLSON STREET, WEST",EH8 9DB,7461
326061.9227,673039.123199999,store for restaurant,Maxies ?,Vacant,Class 2,Class 1,Class 1,"37 NICOLSON STREET, WEST",EH8 9DB,7462
326058.7077,673036.2004,restaurant,Pigs Bistro,Class 1,Class 3,Class 3,Class 3,"41 NICOLSON STREET, WEST",EH8 9DB,7463
326056.3695,673034.446799999,books,Word Power,Class 4,Class 1,Class 1, , , ,7464
326051.2609,673030.0,glaziers,Southside Glazing & Joinery,Class 4,Class 4,Class 4, , , ,7465
326048.9227,673027.9541,Chinese medicines,The Heart of Nature's Way,Class 1,Class 1,Class 2,Class 2,"47 NICOLSON STREET, WEST",EH8 9DB,7466
326046.2923,673025.908199999,restaurant,Susie's Wholefood Diner,Class 1,Class 3,Class 3,Class 3,"51-53 NICOLSON STREET, WEST",EH8 9DB,7467
326043.3695,673023.2777,restaurant,Susie's Wholefood Diner,Class 3,Class 3, , , , ,7468
326039.0918,673019.123199999,restaurant,Phenecia,Vacant,Class 3,Class 3,Class 3,"55 NICOLSON STREET, WEST",EH8 9DB,7469
326072.6931,673021.922700001,public house,Blind Poet,Class 3,SUI GENERIS,SUI GENERIS,Class 3,"32/1 NICOLSON STREET, WEST",EH8 9DD,7470
326077.0773,673026.3069,public house,Maxies Bistro & Wine Bar,SUI GENERIS,SUI GENERIS,SUI GENERIS,SUI GENERIS,"32/2 NICOLSON STREET, WEST",EH8 9DD,7471
326068.6013,673011.1086,public house,Pear Tree,SUI GENERIS,SUI GENERIS,SUI GENERIS,SUI GENERIS,"34 NICOLSON STREET, WEST",EH8 9DD,7472
325283.5532,673305.014599999,knitwear,Simply Shetland,Class 1,Class 1,Class 1,Class 1,9 WEST PORT,EH1 2JA,7473
325274,673293,hairdresser,Dibs,Class 1,Class 1,Class 1,Class 1,11 WEST PORT,EH1 2JA,7474
325067.5026,673218.248199999,dry cleaner,Scrubbers,Class 1,Class 1,Class 2,Class 1,137 WEST PORT,EH3 9DP,7475
325064.001,673215.997099999,n/t/c,Abadan,Class 1,Class 1,Class 1,Class 1,139 WEST PORT,EH3 9DP,7476
325059.7489,673213.2458,take-away food,Alexanders Sandwich Bar,Class 1,Class 1,Class 1,Class 1,141 WEST PORT,EH3 9DP,7477
325054.7489,673210.246300001,vacant, ,Class 1,Vacant,Class 1,Class 1,143 WEST PORT,EH3 9DP,7478
325048.7542,673206.750800001,second-hand books,West Port Books,Class 1,Class 1,Class 1,Class 1,145-147 WEST PORT,EH3 9DP,7479
325042.7513,673203.249199999,vacant, ,Class 1,Vacant,Class 1,Class 1,151 WEST PORT,EH3 9DP,7480
325035.9981,673199.747500001,pictures & picture framing,Lawsons Timber,Class 2,Class 1,Class 1,Class 1,155 WEST PORT,EH3 9DP,7481
325031.7461,673197.496400001,public house,Western Bar,SUI GENERIS,SUI GENERIS,SUI GENERIS,SUI GENERIS,157-159 WEST PORT,EH3 9DP,7482
325260.9541,673262.553200001,hot food take-away (Chinese),Cantonese Cuisine, ,SUI GENERIS,SUI GENERIS,SUI GENERIS,18-20 WEST PORT,EH1 2JE,7483
325255.9854,673258.753599999,"bedroom & kitchen furniture, mirror doors",Gora Interiors, ,Class 1,Class 2,Class 2, , ,7484
325220.6764,673247.985400001,vacant, , ,Vacant,Class 2,Class 2,36 WEST PORT,EH1 2LD,7485
325210.1545,673247.400900001,vacant, , ,Vacant,Class 1,Class 1,44 WEST PORT,EH1 2LD,7486
325193.5386,673243.814099999,public house,Old Fire Station, ,SUI GENERIS, , , , ,7487
325180.6305,673242.507300001,vacant, , ,Vacant,Class 1,Class 3,54 WEST PORT,EH1 2LD,7488
325176.8309,673241.922700001,vacant, , ,Vacant,Class 1,Class 3,56 WEST PORT,EH1 2LD,7489
325171.1232,673240.215,books,European Bookshop, ,Class 1,Class 1,Class 1,60 WEST PORT,EH1 2LD,7490
325163.6618,673237.922700001,"antiquarian books, maps & prints",Grant & Shaw Ltd.,Vacant,Class 1,Class 1,Class 1,62 WEST PORT,EH1 2LD,7491
325166.5845,673238.507300001,vacant, , ,Vacant,Class 1,Class 1,64 WEST PORT,EH1 2LD,7492
325160.7391,673237.0459,vacant, , ,Vacant,Class 1,Class 1,66 WEST PORT,EH1 2LD,7493
325157.524,673236.1691,books,Peter Bell, ,Class 1,Class 1,Class 1,68 WEST PORT,EH1 2LD,7494
325151.4155,673234.2609,books,Armchair Books, ,Class 1,Class 1,Class 1,72 WEST PORT,EH1 2LE,7495
325147.0313,673232.7996,hairdresser,Phase Two, ,Class 1,Class 1,Class 1,74 WEST PORT,EH1 2LE,7496
325143.2318,673231.338199999,solicitors,Harley & Co., ,Class 2,Class 2,Class 1,76 WEST PORT,EH1 2LE,7497
325093.5145,673191.7623,public house,Cas Rock Cafe,SUI GENERIS,SUI GENERIS,SUI GENERIS,Demolished, , ,7498
326279.0043,672415.816299999,public house,Falcon Arms / Drouthy Neebors,SUI GENERIS,SUI GENERIS,SUI GENERIS,SUI GENERIS,1-2 WEST PRESTON STREET,EH8 9PX,7499
326334.2464,672421.492699999,bicycles,Cycles,Class 1,Class 1,Class 1,Class 9, , ,7500
326398.7996,672426.9541,betting shop,Ladbrokes,Class 2,Class 2,Class 2,Class 2,19-20 WEST PRESTON STREET,EH8 9PU,7501
326397.5386,672400.384099999,florist,Simpsons,Class 1,Class 1,Class 1,Class 1,23 WEST PRESTON STREET,EH8 9PZ,7502
326387.0918,672399.384099999,public house,Junction Bar,SUI GENERIS,SUI GENERIS,SUI GENERIS,SUI GENERIS,24-26 WEST PRESTON STREET,EH8 9PZ,7503
326365.9854,672397.7996,sports clothing & equipment,Simpson Sports Gear,Class 1,Class 1, , , , ,7504
326378.5532,672398.6764,sports clothing & equipment,Simpson Sports Gear,Class 1,Class 1, , , , ,7505
326341.5073,672394.8455,vacant, ,Class 1,Vacant, ,Class 4,31-32 WEST PRESTON STREET,EH8 9PY,7506
326335.9541,672394.553200001,n/t/c & grocer,Newington Late Shop,Class 1,Class 1,Class 1,Class 4,33 WEST PRESTON STREET,EH8 9PY,7507
326328.2609,672393.922700001,restaurant (Chinese),Chinese Home Cooking Restaurant,Class 3,Class 3,Class 3,Class 3,34 WEST PRESTON STREET,EH8 9PY,7508
326321.2464,672393.338199999,videotape hire,Fast Forward Videos,Vacant,Class 1,Class 1,Class 3,36-37 WEST PRESTON STREET,EH8 9PY,7509
326313.4155,672392.6305,health clinic,Edinburgh Health Care,Class 2,Class 2, ,Class 1,38-39 WEST PRESTON STREET,EH8 9PY,7510
326306.2609,672392.446799999,vacant, ,Class 3,Vacant,Class 3,Class 3,41-42 WEST PRESTON STREET,EH8 9PY,7511
326297.7996,672391.753599999,hairdresser,Chestnut Brown,Vacant,Class 1,Class 1,Vacant, , ,7512
326293.2464,672391.1691,antiques,n/a,Class 4,Class 1,Class 1,Vacant,44 WEST PRESTON STREET,EH8 9PY,7513
325779.8749,674045.700099999,public house,Guildford Arms,SUI GENERIS,SUI GENERIS,SUI GENERIS,SUI GENERIS,"1 REGISTER STREET, WEST",EH2 2AA,7514
325771.325,674043.225099999,betting shop,Morrison,Class 2,Class 2, , , , ,7515
325766.975,674042.074999999,hairdresser,Hair by 7 West,Class 1,Class 1,Class 1,Class 1,"7 REGISTER STREET, WEST",EH2 2AA,7516
325756.625,674040.950099999,public house,Penny Black Lounge Bar,SUI GENERIS,SUI GENERIS,SUI GENERIS,SUI GENERIS,"13 REGISTER STREET, WEST",EH2 2AA,7517
325755.1,674046.425000001,vacant, ,SUI GENERIS,Vacant,SUI GENERIS,SUI GENERIS,"15-17 REGISTER STREET, WEST",EH2 2AA,7518
325751.7251,674060.5998,public house,Café Royal,SUI GENERIS,SUI GENERIS,SUI GENERIS,SUI GENERIS,"19 REGISTER STREET, WEST",EH2 2AA,7519
325752.85,674056.324899999,restaurant,Cafe Royal,Class 3,Class 3, ,SUI GENERIS,"19A REGISTER STREET, WEST",EH2 2AA,7520
325710.8249,674048.2249,baker,Crawfords,Class 1,Class 1,Class 1,Class 1,"50 REGISTER STREET, WEST",EH2 2AA,7521
326165.0459,673096.4614,public house,Southsider,SUI GENERIS,SUI GENERIS,SUI GENERIS,SUI GENERIS,"3-7 RICHMOND STREET, WEST",EH8 9EF,7522
326173.8943,673103.2234,"t.v., video, satellite installation & repairs",A & A Television Services,Class 1,Class 1,Vacant,Class 4,"9 RICHMOND STREET, WEST",EH8 9EF,7523
326180.6472,673109.507300001,financial services - mortgages,J.M. Hill / Carmichael Stewart,Class 2,Class 2, ,Class 3,"13 RICHMOND STREET, WEST",EH8 9EF,7524
326183.1545,673111.8455,hairdresser,Nix Hairdressing,Class 1,Class 1,Class 1,Class 1,"15 RICHMOND STREET, WEST",EH8 9EF,7525
326185.8776,673114.037599999,vacant, ,Class 1,Vacant,Vacant,Class 1,"15A RICHMOND STREET, WEST",EH8 9EF,7526
326187.4614,673147.246400001,medical centre,MacKenzie Medical Centre,Vacant,Class 2, , , , ,7527
326272.0773,673186.0,restaurant,Kelly's Restaurant,Class 3,Class 3,Class 3,Class 3,"46 RICHMOND STREET, WEST",EH8 9DZ,7528
326279.3841,673186.0,cafe,Solomon Kelly's Cafe,Vacant,Class 3,Class 1,Class 1,"50 RICHMOND STREET, WEST",EH8 9DZ,7529
326289.1691,673186.123199999,baker,Irvine,Class 1,Class 1,Class 3,Class 3,"52 RICHMOND STREET, WEST",EH8 9DZ,7530
322278.0,677292.7008,demolished, ,Class 1,Demolished, , , , ,7531
322969.0821,677427.328199999,demolished, ,Vacant,Demolished, , , , ,7532
312984.9775,678334.6994,household fabrics,Dera ?,Class 1,Class 1, ,Demolished,15 WEST TERRACE,EH30 9LL,7533
312978.0757,678338.1874,architect,Sandy Brown,Class 4,Class 4,Vacant,Vacant,19 WEST TERRACE,EH30 9LL,7534
312999.015,678327.496300001,hairdresser,Irenes,Class 1,Class 1,Class 1,Class 1,12 WEST TERRACE,EH30 9LL,7535
312990.985,678331.706900001,betting shop,Stanley Racing,Class 2,Class 2,Class 2,Class 2,14(A) WEST TERRACE,EH30 9LL,7536
319258,669822,redeveloped to residential, ,SUI GENERIS,Class 9, , , , ,7537
322021,675497,wholesale,Capital Wholesale,Class 4,Class 2, , , , ,7538
319797.1918,669962.726500001,wine merchant,Haddows,Class 2,Class 1, , , , ,7539
324417.9593,673601.214400001,travel agent,Scot World Travel,Class 1,Class 1,Class 1,Class 1,12 WILLIAM STREET,EH3 7NH,7540
324408.2754,673595.627499999,ladies clothing,The Extra Inch,Class 1,Class 1,Class 1,Class 1,16 WILLIAM STREET,EH3 7NH,7541
324400.8826,673590.7246,children's clothing,Topsy Turvey,Class 1,Class 1,Class 1,Class 1,18 WILLIAM STREET,EH3 7NH,7542
324395.2958,673586.627499999,hairdresser,Brian Rafferty,Class 1,Class 1,Class 1,Class 1,20 WILLIAM STREET,EH3 7NH,7543
324389.5102,673583.862299999,public house,The Bistro Bar,Class 3,SUI GENERIS, , , , ,7544
324389.8826,673583.862299999,public house,The Bistro Bar,Class 3,SUI GENERIS,SUI GENERIS,SUI GENERIS,26 WILLIAM STREET,EH3 7NH,7545
324303.4462,673518.188999999,hairdresser,Hedz Hair,Vacant,Class 1,Class 1,Class 1,28 WILLIAM STREET,EH3 7LJ,7546
324289.5276,673506.0131,take-away food,William Street Food Co.,Class 1,Class 1,Class 1,Class 1,34 WILLIAM STREET,EH3 7LJ,7547
324282.811,673500.9055,restaurant (Chinese),Lune Town,Class 3,Class 3,Class 3,Class 3,38 WILLIAM STREET,EH3 7LJ,7548
328330.6636,674129.809599999,florist,Bloom Fresh,Class 1,Class 1,Class 1,Class 1,3 WILLOWBRAE ROAD,EH8 7DB,7549
319795.2414,669940.7114,creche,Seedlings (W. Hailes Partnership),Class 1,Class 10,Class 1,Class 1,5 WESTER HAILES CENTRE,EH14 2SW,7550
319798.7522,669931.349300001,vacant, ,Class 1,Vacant,Class 1,Class 3,6 WESTER HAILES CENTRE,EH14 2SW,7551
319806.944,669912.0152,t.v. & video rental,Granada,Class 1,Class 1,Vacant,Class 2,7 WESTER HAILES CENTRE,EH14 2SW,7552
319802.6531,669921.987199999,vacant,(under offers to Barnardo's),Class 1,Vacant,Class 1,Class 1,7A WESTER HAILES CENTRE,EH14 2SW,7553
319811.235,669902.653100001,post office,Wester Hailes Post Office,Class 1,Class 1,Class 1,Class 1,8 WESTER HAILES CENTRE,EH14 2SW,7554
319814.7458,669892.900900001,n/t/c,Dunedin News,Class 1,Class 1,Class 11,Class 11,9 WESTER HAILES CENTRE,EH14 2SW,7555
319818.6466,669883.7586,shoes,Shoefayre,Class 1,Class 1,Class 1,Vacant,10 WESTER HAILES CENTRE,EH14 2SW,7556
319823.3277,669874.396500001,"t.v., hi-fi, furniture",Crazy George's,Class 1,Class 1,Class 1,Class 1,11 WESTER HAILES CENTRE,EH14 2SW,7557
319820.9224,669862.971999999,vacant,(Pentland Shopping Mall - closed),Class 1,Vacant,Class 1,Class 1,12 WESTER HAILES CENTRE,EH14 2SW,7558
319816.6962,669859.963300001,community development,Wester Hailes Partnership,Class 1,Class 2, , , , ,7559
319802.263,669853.331800001,community development,Wester Hailes Opportunities Trust,Class 1,Class 2, , , , ,7560
319790.1703,669861.3038,vacant,(formerly V.I.P. Video),Class 1,Vacant,Vacant,Class 2, , ,7561
319786.2694,669869.4956,optician,J.G.S. Brown,Class 1,Class 1, , , , ,7562
319827.2286,669887.269400001,vacant, , ,Vacant,Class 1,Class 1,25A WESTER HAILES CENTRE,EH14 2SW,7563
319831.9096,669878.0776,chemist,Lloyds,Class 1,Class 1,Class 1,Class 1,26 WESTER HAILES CENTRE,EH14 2SW,7564
319830.3493,669855.842599999,supermarket,Presto,Class 1,Class 1,Class 1,Class 1,26A WESTER HAILES CENTRE,EH14 2SW,7565
319779.9289,669863.709000001,frozen food,Farmfoods,Class 1,Class 1, , , , ,7566
319777.1983,669869.6099,frozen food,Farmfoods,Class 1,Class 1, , , , ,7567
319773.0064,669880.6379,baker,D.S. Crawford,Class 1,Class 1,Class 1,Class 1,29 WESTER HAILES CENTRE,EH14 2SW,7568
319767.9353,669893.681,greeting cards,Card Shops,Class 1,Class 1,Class 1,Class 2,30 WESTER HAILES CENTRE,EH14 2SW,7569
319763.6443,669905.9936,"d.i.y., soft furnishing ?",Double M Home Improvement,Class 1,Class 1,Vacant,Class 1,31-34 WESTER HAILES CENTRE,EH14 2SW,7570
319761.3038,669912.234999999,"household goods, clothing, gifts",Money Spinners,Class 1,Class 1,Class 1, , , ,7571
319758.5732,669919.2566,butcher & delicatessen,Peter & Jim's (Quality Cuts),Class 1,Class 1,Class 1, , , ,7572
319755.0624,669926.668199999,baker,Greggs,Class 1,Class 1,Class 1, , , ,7573
321980.652,673109.3543,interior designer,Summer Design,Class 1,Class 4,Class 1,Class 1,1 WESTERN CORNER,EH12 5PY,7574
321979.9811,673103.652000001,delicatessen,Margaret's Deli,Class 1,Class 1,Class 1,Class 1,3 WESTERN CORNER,EH12 5PY,7575
321978.9749,673097.6143,bridal wear,Damsels,Class 4,Class 1,Vacant,Vacant,4 WESTERN CORNER,EH12 5PY,7576
321977.9686,673091.912,alarms & security systems,Scotguard Alarms Ltd.,Class 4,Class 4,Class 2,Vacant,5 WESTERN CORNER,EH12 5PY,7577
321974.9749,673079.6709,hairdresser,Hair by Patricia Charles,Class 1,Class 1,Vacant,Class 9, , ,7578
322421.7479,672414.826099999,furniture,Bargain Land,Class 1,Class 1,Vacant,Vacant,(7) WESTFIELD AVENUE,EH11 2QQ,7579
322497.9303,672407.1305,supermarket,Shoprite, ,Class 1, , , , ,7580
322683.1702,672217.6886,baker & food take-away,Oven Fresh / P & R Takeaway,Class 1,Class 1, , , , ,7581
322653.7873,672212.363600001,vacant, ,Class 1,Vacant, , , , ,7582
322648.913,672217.2379,wine merchant,Haddows,Class 1,Class 1, , , , ,7583
322534.5391,672324.165200001,public house,Westfield Lounge,SUI GENERIS,SUI GENERIS,SUI GENERIS,SUI GENERIS,20 WESTFIELD ROAD,EH11 2QR,7584
324601.3324,672272.753699999,residential, ,Class 1,Class 9, , , , ,7585
323023.7126,672314.9255,hot food take-away (Chinese),Jade House,SUI GENERIS,SUI GENERIS,SUI GENERIS,SUI GENERIS,3 WHEATFIELD STREET,EH11 2NZ,7586
323042.6172,672328.404300001,"greeting cards, flowers",Orange Grove,Class 1,Class 1, , , , ,7587
332171.3407,671948.1248,flooring,Wood Floor Centre,Class 1,Class 1, , , , ,7588
331930.7853,671873.848300001,grocer,Village Shop,Class 1,Class 1,Class 1,Class 1,2B WHITEHILL STREET,EH21 8RA,7589
325052.8302,672053.1753,dentist,n/a,Class 2,Class 2, , , , ,7590
325054.0531,672046.2347,bagpipe manuf. & sales,Gillanders & McLeod,Class 1,Class 1, , , , ,7591
325055.1081,672036.9737,lighting system designers,A/C Lighting Control & AV Consultants,Class 2,Class 4, , , , ,7592
325056.3401,672030.387,audio-visual consultants,A/C Lighting Control & AV Consultants,Class 4,Class 4, , , , ,7593
318567.4183,675087.3518,hairdresser,Barnton Hair Studio,Class 1,Class 1,Class 1,Class 1,185 WHITEHOUSE ROAD,EH4 6BU,7594
318569.3842,675079.8814,grocer,Alldays,Class 1,Class 1,Class 1,Class 1,187-189 WHITEHOUSE ROAD,EH4 6BU,7595
318566.632,675069.6588,computer systems,DMC Systems,Class 1,Class 2,Class 2,Class 1,193 WHITEHOUSE ROAD,EH4 6BU,7596
318568.9911,675061.0089,chemist,Alex Skinner,Class 1,Class 1,Class 1,Class 1,195 WHITEHOUSE ROAD,EH4 6BU,7597
318571.3501,675052.7522,n/t/c,Menzies,Class 1,Class 1,SUI GENERIS,SUI GENERIS,197 WHITEHOUSE ROAD,EH4 6BU,7598
318572.9228,675046.854599999,baker & post office,Crusts / Barnton Post Office,Class 1,Class 1,Class 1,Class 1,199 WHITEHOUSE ROAD,EH4 6BU,7599
318909.4546,676599.5778,grocer,G.L.P. Little,Class 1,Class 1,Class 1,Vacant,20 WHITEHOUSE ROAD,EH4 6HX,7600
318903.87,676599.647,residential, ,Class 1,Class 9, , , , ,7601
324426.8826,673628.137700001,vacant, ,Class 1,Vacant,Class 1,Class 1,5 WILLIAM STREET,EH3 7NG,7602
324419.6072,673626.255100001,sandwich bar,Nikkis,Class 1,Class 1,Class 1,Class 1,5A WILLIAM STREET,EH3 7NG,7603
324416.2551,673624.3928,hairdresser,Executive Heads,Class 1,Class 1,Class 1,Class 1,7 WILLIAM STREET,EH3 7NG,7604
324412.5305,673622.158,restaurant,Peter's Cellars,Class 3,Class 3,Class 3,Vacant,11(BF)-15 WILLIAM STREET,EH3 7NG,7605
324409.1784,673619.9233,delicatessen,Le Bistro,Class 1,Class 1,Class 1,Class 1,11-13 WILLIAM STREET,EH3 7NG,7606
324404.3318,673616.862299999,stationery,PDC,Class 4,Class 1,Class 4,Vacant,15 WILLIAM STREET,EH3 7NG,7607
324394.2754,673610.903000001,public house,The Melville,SUI GENERIS,SUI GENERIS,SUI GENERIS,SUI GENERIS,19-25 WILLIAM STREET,EH3 7NG,7608
324383.097,673604.255100001,public house,Bert's Bar,SUI GENERIS,SUI GENERIS,SUI GENERIS,SUI GENERIS,29-31 WILLIAM STREET,EH3 7NG,7609
324294.9186,673534.811000001,take-away food,Silvagnis,SUI GENERIS,Class 1,Class 1,Class 3,33 WILLIAM STREET,EH3 7LW,7610
324291.8503,673533.0,art gallery,Firth Gallery,Class 1,Class 1,Class 1,Class 2,35 WILLIAM STREET,EH3 7LW,7611
324289.6613,673531.175899999,clothing,Mario Celini,Class 1,Class 1, , , , ,7612
324286.1076,673527.635199999,clothing,Mario Celini,Class 1,Class 1, , , , ,7613
324279.8241,673523.4462,cookware,Better Beverage Co.,Class 1,Class 1, , , , ,7614
324276.391,673520.5407,ladies clothing,45 William St,Class 1,Class 1,Class 1,Class 1,45 WILLIAM STREET,EH3 7LW,7615
324273.1076,673517.9869,clothing,The Designer Shop,Class 1,Class 1,Class 1,Class 1,49 WILLIAM STREET,EH3 7LW,7616
324268.4593,673514.4462,craft goods - needlecraft,The Embroidery Shop,Class 1,Class 1,Class 1,Class 1,51 WILLIAM STREET,EH3 7LW,7617
324436.9233,673612.627499999,florist,The Flower House,Class 1,Class 1,Class 1,Class 1,4 WILLIAM STREET,EH3 7NH,7618
324431.3364,673609.2754,betting shop,William Hill,Class 2,Class 2,Class 2,Class 1,4A-6 WILLIAM STREET,EH3 7NH,7619
324425.7653,673606.0,clothing,Something Simple,Class 1,Class 1,Class 1,Class 1,10 WILLIAM STREET,EH3 7NH,7620
328375.4122,674079.146,hairdresser,Lines Hair Design,Class 1,Class 1,Class 1,Class 1,15 WILLOWBRAE ROAD,EH8 7DB,7621
328769.9642,673762.928300001,hot food take-away,Malain's Balti House,SUI GENERIS,SUI GENERIS,SUI GENERIS,SUI GENERIS,157 WILLOWBRAE ROAD,EH8 7JB,7622
328774.0999,673760.928300001,hot food take-away,Kam Lo,SUI GENERIS,SUI GENERIS,SUI GENERIS,SUI GENERIS,159 WILLOWBRAE ROAD,EH8 7JB,7623
329125.8526,673259.844699999,public house,Right Wing,SUI GENERIS,SUI GENERIS,SUI GENERIS,SUI GENERIS,(229) WILLOWBRAE ROAD,EH8 7ND,7624
329124.8553,673231.2842,grocer & post office,Northfield Post Office,Class 1,Class 1,Class 1,Class 1,231 WILLOWBRAE ROAD,EH8 7ND,7625
329157,673206,car sales,Royal Mile Car Sales,SUI GENERIS,SUI GENERIS,SUI GENERIS,SUI GENERIS,235 WILLOWBRAE ROAD,EH8 7ND,7626
328339.7893,674123.879899999,greengrocer,Multifresh,Class 1,Class 1,Class 1,Class 1,4 WILLOWBRAE ROAD,EH8 7DB,7627
328342.6839,674120.502800001,vacant, ,Class 1,Vacant,Vacant,Class 4,6 WILLOWBRAE ROAD,EH8 7DB,7628
328345.9002,674116.160800001,n/t/c,M. Azhar,Class 1,Class 1,Class 1,Class 1,8 WILLOWBRAE ROAD,EH8 7DB,7629
328372.0351,674083.327199999,chemist,L.E. Hartley,Class 1,Class 1,Class 1,Class 1,14 WILLOWBRAE ROAD,EH8 7DB,7630
328379.4325,674075.286499999,videotape hire,Blockbuster Video,Class 1,Class 1,Class 1,Class 1,16A WILLOWBRAE ROAD,EH8 7DB,7631
330624.1434,673745.0472,post office,Portobello Delivery Office,Class 1,Class 1, , , , ,7632
328270.7542,674139.2717,ladies clothing,The Bridal Collection,Class 2,Class 1,Class 1,Class 1,1 WOLSELEY PLACE,EH8 7AD,7633
328266.8946,674139.914999999,grocer,Zubairs Mini-Market,Class 1,Class 1, , , , ,7634
328254.427,674142.0407,bank,Bank of Scotland,Class 2,Class 2,Class 2,Class 2,5-7 WOLSELEY PLACE,EH8 7AD,7635
328240.0056,674143.914999999,baker,Todd Bakery,Class 1,Class 1,Class 1,Class 4,9 WOLSELEY PLACE,EH8 7AD,7636
328228.3752,674145.256899999,bank admin.,Bank of Scotland,Class 2,Class 2,Class 1,Class 1,13 WOLSELEY PLACE,EH8 7AD,7637
328262.8743,674140.5582,vacant, ,Class 1,Vacant,Class 2,Class 2,4 WOLSELEY PLACE,EH8 7AD,7638
328235.9852,674144.397399999,vacant, ,Class 1,Vacant,Class 1,Class 1,10 WOLSELEY PLACE,EH8 7AD,7639
328231.9649,674144.879899999,hot food take-away,Baked Potato Shop,Class 4,SUI GENERIS,SUI GENERIS,SUI GENERIS,12 WOLSELEY PLACE,EH8 7AD,7640
328285.5471,674136.578600001,ladies clothing,Flirt,Class 1,Class 1, , , , ,7641
328291.4972,674135.613700001,n/t/c,Shaukat Newsagency,Class 1,Class 1, , , , ,7642
327450.6214,675425.66,residential, ,Class 1,Class 9, , , , ,7643
324921.7518,672536.001399999,public house,Ye Olde Golf Tavern,SUI GENERIS,SUI GENERIS,SUI GENERIS,SUI GENERIS,30 WRIGHT'S HOUSES,EH10 4HR,7644
324929.2554,672548.257300001,restaurant,Caddies,Class 3,Class 3, , , , ,7645
326878.6071,676111.172800001,public house,Gillies Bar,SUI GENERIS,SUI GENERIS,SUI GENERIS,SUI GENERIS,1-2 YARDHEADS,EH6 6BU,7646
326867.0784,676119.125600001,hairdresser (gents),Yardheads Barbers,Class 4,Class 1,Vacant,Vacant,5 YARDHEADS,EH6 6BU,7647
326872.8482,676115.403100001,betting shop,Ladbrokes,Class 2,Class 2,Vacant,Vacant,4 YARDHEADS,EH6 6BU,7648
326863.0261,676121.827199999,vacant, ,Class 4,Vacant,Class 4,Class 4,6 YARDHEADS,EH6 6BU,7649
326859.4241,676124.3036,vacant, ,Class 4,Vacant,Vacant,Class 9, , ,7650
323949.3715,672550.3715,hot food take-away,Aqua Marina,SUI GENERIS,SUI GENERIS,SUI GENERIS,SUI GENERIS,3 YEAMAN PLACE,EH11 1BR,7651
323952.7429,672543.175000001,baker,Lawrence,Class 1,Class 1, , , , ,7652
323955.9179,672535.0108,baker,Lawrence,Class 1,Class 1, , , , ,7653
323931.2571,672535.6285,butcher - w'sale or prep. ?,n/a,Class 1,Class 4, , , , ,7654
323958.7214,672467.535700001,residential, ,Class 1,Class 9, , , , ,7655
323960.5357,672462.092900001,residential, ,Class 1,Class 9, , , , ,7656
323976.3499,672428.257099999,public house,Golden Rule,SUI GENERIS,SUI GENERIS,SUI GENERIS,SUI GENERIS,30 YEAMAN PLACE,EH11 1BU,7657
323978.6178,672422.814300001,vacant, ,Class 1,Vacant, , , , ,7658
325635.0644,674275.806700001,ladies clothing,Troon,Class 2,Class 1, , , , ,7659
325639.4387,674276.0229,key cutting,Robbie's Services,Class 1,Class 1,Class 1,Class 1,3C YORK PLACE,EH1 3EB,7660
325840.8773,674332.8005,hairdresser,Cheynes,Class 1,Class 1, , , , ,7661
325837.5093,674331.6778,hairdresser,Cheynes,Class 1,Class 1, , , , ,7662
325861.632,674337.1976,sandwich bar,Marshall's Sandwich Deli,Class 1,Class 1, ,Class 1,51-59 YORK PLACE,EH1 3JD,7663
325932.2372,674358.5656,public house,Conan Doyle,SUI GENERIS,SUI GENERIS,SUI GENERIS,SUI GENERIS,71-73 YORK PLACE,EH1 3JD,7664
325632.3715,674314.513900001,hairdresser (gents),York Barbers,Class 2,Class 1,Class 1,Class 1,4B YORK PLACE,EH1 3EP,7665
324862.478,673997.1525,hairdresser,Elliots,Class 1,Class 1,Class 1,Class 1,5 YOUNG STREET,EH2 4HU,7666
324874,673984,public house,Oxford Bar,SUI GENERIS,SUI GENERIS,SUI GENERIS,SUI GENERIS,8 YOUNG STREET,EH2 4JB,7667
324792.9355,673960.956,public house,Cambridge Bar,SUI GENERIS,SUI GENERIS,SUI GENERIS,SUI GENERIS,20 YOUNG STREET,EH2 4JB,7668
